Datetime,open,high,low,close,volume
2025-11-12 14:30:00+00:00,380.2099914550781,380.75,379.44000244140625,380.4952087402344,746323
2025-11-12 14:45:00+00:00,380.510009765625,380.8800048828125,380.05999755859375,380.5199890136719,282010
2025-11-12 15:00:00+00:00,380.510009765625,382.92999267578125,380.30999755859375,382.8800048828125,784935
2025-11-12 15:15:00+00:00,382.8996887207031,383.8500061035156,382.70001220703125,383.3450012207031,1008059
2025-11-12 15:30:00+00:00,383.32000732421875,384.6499938964844,383.2900085449219,384.4599914550781,986517
2025-11-12 15:45:00+00:00,384.44000244140625,385.05999755859375,384.0199890136719,384.6549987792969,653767
2025-11-12 16:00:00+00:00,384.6700134277344,385.3800048828125,384.5400085449219,384.8699951171875,911449
2025-11-12 16:15:00+00:00,384.8550109863281,385.2200012207031,384.57000732421875,385.1300048828125,594194
2025-11-12 16:30:00+00:00,385.1099853515625,385.9800109863281,385.0710144042969,385.7300109863281,696401
2025-11-12 16:45:00+00:00,385.7349853515625,386.1400146484375,385.17999267578125,386.0199890136719,763863
2025-11-12 17:00:00+00:00,386.0400085449219,386.5899963378906,385.95001220703125,386.2749938964844,680421
2025-11-12 17:15:00+00:00,386.2900085449219,386.3599853515625,385.67999267578125,386.05999755859375,890874
2025-11-12 17:30:00+00:00,386.0899963378906,387.0,386.02801513671875,386.6400146484375,801107
2025-11-12 17:45:00+00:00,386.6549987792969,386.8299865722656,386.32000732421875,386.364990234375,387346
2025-11-12 18:00:00+00:00,386.3699951171875,386.54998779296875,385.510009765625,386.3699951171875,424455
2025-11-12 18:15:00+00:00,386.3699951171875,387.4599914550781,386.20001220703125,387.0,831077
2025-11-12 18:30:00+00:00,386.9800109863281,387.3800048828125,386.90008544921875,387.1600036621094,414645
2025-11-12 18:45:00+00:00,387.1499938964844,387.3399963378906,386.9800109863281,387.010009765625,324785
2025-11-12 19:00:00+00:00,387.010009765625,387.32000732421875,385.82000732421875,385.9798889160156,374467
2025-11-12 19:15:00+00:00,386.0,386.4150085449219,385.67999267578125,385.8599853515625,462070
2025-11-12 19:30:00+00:00,385.8900146484375,386.3999938964844,385.80999755859375,385.9049987792969,222271
2025-11-12 19:45:00+00:00,385.92999267578125,386.375,385.92999267578125,386.1499938964844,302833
2025-11-12 20:00:00+00:00,386.1600036621094,386.2200012207031,385.510009765625,386.17999267578125,292945
2025-11-12 20:15:00+00:00,386.1600036621094,386.3500061035156,385.82501220703125,385.947509765625,415064
2025-11-12 20:30:00+00:00,385.9599914550781,386.1400146484375,385.6099853515625,385.95001220703125,379896
2025-11-12 20:45:00+00:00,385.95001220703125,386.3525085449219,385.7699890136719,386.010009765625,1036495
2025-11-13 14:30:00+00:00,387.2900085449219,388.17999267578125,384.8299865722656,385.1755065917969,2461321
2025-11-13 14:45:00+00:00,385.1499938964844,386.37908935546875,384.8800048828125,385.8810119628906,1058737
2025-11-13 15:00:00+00:00,385.8599853515625,386.7699890136719,385.2799987792969,386.42999267578125,744551
2025-11-13 15:15:00+00:00,386.4200134277344,386.739990234375,385.5299987792969,385.8299865722656,683306
2025-11-13 15:30:00+00:00,385.8299865722656,386.3699951171875,385.0899963378906,386.0799865722656,450392
2025-11-13 15:45:00+00:00,386.1000061035156,386.6098937988281,385.239990234375,386.510009765625,292476
2025-11-13 16:00:00+00:00,386.5199890136719,387.30999755859375,386.5150146484375,387.2200012207031,1329919
2025-11-13 16:15:00+00:00,387.2200012207031,387.3599853515625,386.55999755859375,386.8710021972656,251842
2025-11-13 16:30:00+00:00,386.8710021972656,387.0950012207031,385.9200134277344,386.0509948730469,369304
2025-11-13 16:45:00+00:00,386.07000732421875,387.010009765625,386.0400085449219,386.93499755859375,315803
2025-11-13 17:00:00+00:00,386.94000244140625,387.0799865722656,385.739990234375,385.8299865722656,279404
2025-11-13 17:15:00+00:00,385.84100341796875,386.7300109863281,385.6315002441406,386.5199890136719,256523
2025-11-13 17:30:00+00:00,386.5199890136719,386.92999267578125,386.2340087890625,386.3299865722656,224601
2025-11-13 17:45:00+00:00,386.3599853515625,386.7799987792969,385.9211120605469,386.45001220703125,173975
2025-11-13 18:00:00+00:00,386.4410095214844,386.6000061035156,386.260986328125,386.4700012207031,188104
2025-11-13 18:15:00+00:00,386.48858642578125,386.57000732421875,385.1199951171875,385.3900146484375,372896
2025-11-13 18:30:00+00:00,385.3699951171875,385.4599914550781,381.2099914550781,382.1600036621094,1995661
2025-11-13 18:45:00+00:00,382.2099914550781,382.7699890136719,381.6304931640625,382.3900146484375,550749
2025-11-13 19:00:00+00:00,382.3500061035156,382.3599853515625,381.2699890136719,381.9800109863281,428523
2025-11-13 19:15:00+00:00,381.9800109863281,382.69000244140625,381.6830139160156,382.55999755859375,458122
2025-11-13 19:30:00+00:00,382.5299987792969,383.5091857910156,382.3800048828125,383.5091857910156,610432
2025-11-13 19:45:00+00:00,383.510009765625,383.5799865722656,382.7699890136719,382.9215087890625,404431
2025-11-13 20:00:00+00:00,382.92999267578125,383.25,382.6199951171875,383.05999755859375,256342
2025-11-13 20:15:00+00:00,383.07000732421875,383.55999755859375,382.6401062011719,383.44000244140625,362607
2025-11-13 20:30:00+00:00,383.4599914550781,383.57000732421875,382.8999938964844,383.010009765625,258276
2025-11-13 20:45:00+00:00,383.0,383.239990234375,382.6499938964844,382.9800109863281,684192
2025-11-14 14:30:00+00:00,372.8699951171875,374.6780090332031,370.8900146484375,374.2349853515625,3019737
2025-11-14 14:45:00+00:00,374.239990234375,375.7099914550781,373.7699890136719,375.57879638671875,916507
2025-11-14 15:00:00+00:00,375.55999755859375,375.55999755859375,374.25,375.25,714833
2025-11-14 15:15:00+00:00,375.260009765625,375.510009765625,374.510009765625,375.3999938964844,592726
2025-11-14 15:30:00+00:00,375.3699951171875,375.70001220703125,374.6499938964844,374.70318603515625,585832
2025-11-14 15:45:00+00:00,374.6700134277344,376.8399963378906,374.5799865722656,376.5400085449219,723044
2025-11-14 16:00:00+00:00,376.5972900390625,376.739990234375,375.4200134277344,375.6300048828125,540572
2025-11-14 16:15:00+00:00,375.6700134277344,377.5,375.5570068359375,377.3800048828125,549501
2025-11-14 16:30:00+00:00,377.4100036621094,378.20001220703125,376.8699951171875,377.94000244140625,301131
2025-11-14 16:45:00+00:00,377.989990234375,378.0,377.3999938964844,377.6684875488281,276026
2025-11-14 17:00:00+00:00,377.6650085449219,378.1499938964844,376.8299865722656,377.3800048828125,309590
2025-11-14 17:15:00+00:00,377.3960876464844,377.55999755859375,376.6163024902344,377.08990478515625,309264
2025-11-14 17:30:00+00:00,377.1099853515625,378.1300048828125,377.0199890136719,377.4849853515625,301148
2025-11-14 17:45:00+00:00,377.4700012207031,377.6199951171875,376.8299865722656,377.1579895019531,240354
2025-11-14 18:00:00+00:00,377.18499755859375,377.18499755859375,375.90008544921875,376.7099914550781,451753
2025-11-14 18:15:00+00:00,376.67999267578125,376.70599365234375,375.3999938964844,376.510009765625,352702
2025-11-14 18:30:00+00:00,376.510009765625,377.5,376.3299865722656,376.8699951171875,292546
2025-11-14 18:45:00+00:00,376.9200134277344,377.4371032714844,376.7650146484375,376.989990234375,277728
2025-11-14 19:00:00+00:00,377.010009765625,377.1600036621094,376.2200927734375,376.739990234375,157130
2025-11-14 19:15:00+00:00,376.7250061035156,376.9100036621094,376.45001220703125,376.5799865722656,176873
2025-11-14 19:30:00+00:00,376.5799865722656,376.75,376.2300109863281,376.2699890136719,189859
2025-11-14 19:45:00+00:00,376.2699890136719,376.7998962402344,376.0199890136719,376.2488098144531,263872
2025-11-14 20:00:00+00:00,376.25,376.44940185546875,375.6400146484375,375.9800109863281,486817
2025-11-14 20:15:00+00:00,375.9800109863281,376.1400146484375,374.8599853515625,375.67999267578125,753377
2025-11-14 20:30:00+00:00,375.6700134277344,376.4750061035156,375.489990234375,376.010009765625,714372
2025-11-14 20:45:00+00:00,375.989990234375,376.3999938964844,375.760009765625,375.9700012207031,1039476
2025-11-17 14:30:00+00:00,374.2699890136719,375.4552917480469,373.989990234375,374.7149963378906,1011174
2025-11-17 14:45:00+00:00,374.739990234375,375.3299865722656,374.5899963378906,374.9150085449219,331352
2025-11-17 15:00:00+00:00,374.9150085449219,375.0199890136719,373.625,374.2850036621094,493353
2025-11-17 15:15:00+00:00,374.260009765625,374.92999267578125,373.510009765625,374.59429931640625,358280
2025-11-17 15:30:00+00:00,374.6199951171875,375.1099853515625,374.45001220703125,374.7300109863281,256110
2025-11-17 15:45:00+00:00,374.7099914550781,374.71868896484375,373.739990234375,373.80999755859375,182250
2025-11-17 16:00:00+00:00,373.79998779296875,373.9200134277344,372.7200012207031,373.57000732421875,479019
2025-11-17 16:15:00+00:00,373.57000732421875,374.3163146972656,373.3627014160156,374.2850036621094,276187
2025-11-17 16:30:00+00:00,374.3349914550781,374.7300109863281,374.2030029296875,374.29998779296875,339328
2025-11-17 16:45:00+00:00,374.2699890136719,374.4800109863281,373.9100036621094,374.3940124511719,1162627
2025-11-17 17:00:00+00:00,374.4100036621094,374.9200134277344,374.375,374.739990234375,287851
2025-11-17 17:15:00+00:00,374.760009765625,375.3599853515625,374.6000061035156,375.0799865722656,1112598
2025-11-17 17:30:00+00:00,375.06500244140625,375.3999938964844,374.7200012207031,374.8699951171875,106615
2025-11-17 17:45:00+00:00,374.8900146484375,374.9200134277344,374.5199890136719,374.67999267578125,182658
2025-11-17 18:00:00+00:00,374.69000244140625,374.92999267578125,374.4599914550781,374.5950012207031,239649
2025-11-17 18:15:00+00:00,374.6000061035156,374.8514099121094,374.1199951171875,374.6400146484375,215255
2025-11-17 18:30:00+00:00,374.6199951171875,374.6199951171875,374.1000061035156,374.2200012207031,152082
2025-11-17 18:45:00+00:00,374.2300109863281,374.5,373.614990234375,373.6600036621094,371336
2025-11-17 19:00:00+00:00,373.6300048828125,373.79998779296875,373.0899963378906,373.45001220703125,365321
2025-11-17 19:15:00+00:00,373.510009765625,373.875,372.80999755859375,373.1199951171875,247472
2025-11-17 19:30:00+00:00,373.1000061035156,373.2699890136719,369.3999938964844,369.7099914550781,1744444
2025-11-17 19:45:00+00:00,369.7200012207031,370.30999755859375,368.8500061035156,368.93499755859375,1154154
2025-11-17 20:00:00+00:00,368.9200134277344,370.010009765625,368.5199890136719,369.4599914550781,859678
2025-11-17 20:15:00+00:00,369.4800109863281,370.5400085449219,369.360107421875,370.44000244140625,457362
2025-11-17 20:30:00+00:00,370.4599914550781,370.8399963378906,370.25,370.67498779296875,422501
2025-11-17 20:45:00+00:00,370.67999267578125,371.989990234375,370.6300048828125,371.6700134277344,965378
2025-11-18 14:30:00+00:00,374.8320007324219,375.510009765625,374.3299865722656,374.67999267578125,1054994
2025-11-18 14:45:00+00:00,374.7699890136719,375.1000061035156,373.2699890136719,374.0299072265625,552111
2025-11-18 15:00:00+00:00,374.0199890136719,374.2300109863281,372.8471984863281,373.4200134277344,423188
2025-11-18 15:15:00+00:00,373.3900146484375,374.1698913574219,372.9700012207031,373.90509033203125,352804
2025-11-18 15:30:00+00:00,373.8699951171875,374.6300048828125,373.28009033203125,373.4800109863281,624342
2025-11-18 15:45:00+00:00,373.45001220703125,373.57000732421875,372.42999267578125,372.7799987792969,228193
2025-11-18 16:00:00+00:00,372.80999755859375,372.95001220703125,371.6199951171875,372.8599853515625,638130
2025-11-18 16:15:00+00:00,372.8500061035156,373.9800109863281,372.5899963378906,373.8399963378906,264371
2025-11-18 16:30:00+00:00,373.9100036621094,374.1000061035156,373.20001220703125,373.68499755859375,303242
2025-11-18 16:45:00+00:00,373.6700134277344,374.2699890136719,373.4700012207031,374.0799865722656,232055
2025-11-18 17:00:00+00:00,374.0299987792969,374.3869934082031,373.760009765625,373.99481201171875,167148
2025-11-18 17:15:00+00:00,374.010009765625,374.1700134277344,373.3711853027344,373.5679931640625,103432
2025-11-18 17:30:00+00:00,373.56500244140625,374.9100036621094,373.510009765625,374.6700134277344,202989
2025-11-18 17:45:00+00:00,374.6709899902344,374.7699890136719,374.3599853515625,374.5,130477
2025-11-18 18:00:00+00:00,374.5,374.79998779296875,374.15008544921875,374.2120056152344,78144
2025-11-18 18:15:00+00:00,374.18011474609375,374.3900146484375,373.7099914550781,373.95001220703125,125872
2025-11-18 18:30:00+00:00,373.9599914550781,374.6400146484375,373.7699890136719,374.427490234375,70926
2025-11-18 18:45:00+00:00,374.4599914550781,374.7900085449219,374.3299865722656,374.5899963378906,88782
2025-11-18 19:00:00+00:00,374.6600036621094,375.30999755859375,374.6400146484375,375.2650146484375,126528
2025-11-18 19:15:00+00:00,375.25,375.3500061035156,374.79998779296875,374.8937072753906,188929
2025-11-18 19:30:00+00:00,374.8699951171875,375.3999938964844,374.69000244140625,375.0299987792969,153840
2025-11-18 19:45:00+00:00,375.04998779296875,375.5,375.010009765625,375.44000244140625,105203
2025-11-18 20:00:00+00:00,375.4049987792969,375.5400085449219,374.6499938964844,374.6724853515625,145870
2025-11-18 20:15:00+00:00,374.67999267578125,374.95001220703125,374.32000732421875,374.6000061035156,218325
2025-11-18 20:30:00+00:00,374.6099853515625,374.7200012207031,374.2300109863281,374.25,244946
2025-11-18 20:45:00+00:00,374.25,374.4895935058594,374.1300048828125,374.30999755859375,629104
2025-11-19 14:30:00+00:00,377.7749938964844,378.7900085449219,377.2799987792969,378.30731201171875,950427
2025-11-19 14:45:00+00:00,378.2099914550781,379.8399963378906,377.9800109863281,379.7250061035156,459106
2025-11-19 15:00:00+00:00,379.7099914550781,379.95001220703125,379.04998779296875,379.8949890136719,894127
2025-11-19 15:15:00+00:00,379.8949890136719,380.1700134277344,378.6000061035156,378.6600036621094,412295
2025-11-19 15:30:00+00:00,378.6000061035156,379.1000061035156,377.94000244140625,378.0400085449219,313352
2025-11-19 15:45:00+00:00,378.0199890136719,378.1099853515625,376.2300109863281,376.7699890136719,866659
2025-11-19 16:00:00+00:00,376.7699890136719,376.9599914550781,375.6000061035156,376.6499938964844,326325
2025-11-19 16:15:00+00:00,376.6099853515625,376.6700134277344,374.42999267578125,374.7449951171875,654715
2025-11-19 16:30:00+00:00,374.7200012207031,375.20001220703125,374.1600036621094,374.6199951171875,452005
2025-11-19 16:45:00+00:00,374.6000061035156,375.0799865722656,374.3299865722656,374.7650146484375,335961
2025-11-19 17:00:00+00:00,374.739990234375,374.8999938964844,373.0299987792969,373.95001220703125,439290
2025-11-19 17:15:00+00:00,373.8900146484375,374.6000061035156,373.6200866699219,374.55999755859375,174774
2025-11-19 17:30:00+00:00,374.4800109863281,375.1499938964844,373.7300109863281,374.8500061035156,480297
2025-11-19 17:45:00+00:00,374.9132995605469,375.42999267578125,374.55499267578125,375.2099914550781,263487
2025-11-19 18:00:00+00:00,375.2200012207031,375.8299865722656,375.1700134277344,375.6700134277344,169472
2025-11-19 18:15:00+00:00,375.7049865722656,375.9200134277344,375.1499938964844,375.44000244140625,196366
2025-11-19 18:30:00+00:00,375.3756103515625,375.625,374.8900146484375,375.235595703125,186288
2025-11-19 18:45:00+00:00,375.2300109863281,376.3399963378906,375.1300048828125,375.8810119628906,1170882
2025-11-19 19:00:00+00:00,375.9341125488281,375.989990234375,374.66009521484375,375.07000732421875,218454
2025-11-19 19:15:00+00:00,375.1099853515625,375.1700134277344,374.2699890136719,374.5450134277344,253465
2025-11-19 19:30:00+00:00,374.5350036621094,374.9800109863281,374.30499267578125,374.5199890136719,199915
2025-11-19 19:45:00+00:00,374.5899963378906,375.04998779296875,374.45001220703125,374.7300109863281,110336
2025-11-19 20:00:00+00:00,374.67999267578125,375.0799865722656,374.5675048828125,374.885009765625,147446
2025-11-19 20:15:00+00:00,374.9200134277344,375.4700012207031,374.9200134277344,375.2200012207031,148928
2025-11-19 20:30:00+00:00,375.2099914550781,375.3299865722656,374.79998779296875,375.0299987792969,152969
2025-11-19 20:45:00+00:00,375.0400085449219,375.1300048828125,374.54998779296875,374.9750061035156,476333
2025-11-20 14:30:00+00:00,375.2900085449219,376.2699890136719,374.6700134277344,376.06878662109375,1040264
2025-11-20 14:45:00+00:00,376.04998779296875,377.6925048828125,375.79998779296875,376.4700012207031,583816
2025-11-20 15:00:00+00:00,376.510009765625,376.80999755859375,375.489990234375,376.3800048828125,520908
2025-11-20 15:15:00+00:00,376.3699951171875,376.9800109863281,375.8223876953125,376.6099853515625,214500
2025-11-20 15:30:00+00:00,376.6400146484375,376.7200012207031,374.739990234375,375.9200134277344,312331
2025-11-20 15:45:00+00:00,376.0,376.0299987792969,374.30999755859375,374.32000732421875,134324
2025-11-20 16:00:00+00:00,374.30999755859375,375.5199890136719,374.1499938964844,374.7398986816406,282749
2025-11-20 16:15:00+00:00,374.67999267578125,375.1050109863281,373.69000244140625,373.8299865722656,249518
2025-11-20 16:30:00+00:00,373.760009765625,374.1600036621094,373.1499938964844,373.2900085449219,238850
2025-11-20 16:45:00+00:00,373.2900085449219,374.0799865722656,371.95001220703125,372.3800048828125,621465
2025-11-20 17:00:00+00:00,372.3399963378906,372.8699951171875,371.8514099121094,372.6600036621094,506183
2025-11-20 17:15:00+00:00,372.635009765625,373.489990234375,372.45001220703125,372.9800109863281,357235
2025-11-20 17:30:00+00:00,372.9599914550781,373.3500061035156,372.3599853515625,372.6000061035156,259112
2025-11-20 17:45:00+00:00,372.6672058105469,374.1600036621094,372.54559326171875,373.9599914550781,390266
2025-11-20 18:00:00+00:00,373.9649963378906,374.5,373.75,373.95001220703125,1427634
2025-11-20 18:15:00+00:00,373.92498779296875,373.9700012207031,372.9700012207031,373.3500061035156,372510
2025-11-20 18:30:00+00:00,373.4100036621094,373.9700012207031,373.0899963378906,373.4200134277344,346581
2025-11-20 18:45:00+00:00,373.3500061035156,373.57330322265625,372.9700012207031,373.3500061035156,181351
2025-11-20 19:00:00+00:00,373.3299865722656,374.1700134277344,373.2099914550781,374.135009765625,107726
2025-11-20 19:15:00+00:00,374.1400146484375,375.82000732421875,373.8599853515625,375.489990234375,199233
2025-11-20 19:30:00+00:00,375.5199890136719,375.80499267578125,375.0899963378906,375.4200134277344,278162
2025-11-20 19:45:00+00:00,375.42999267578125,375.69000244140625,375.1300048828125,375.57000732421875,137744
2025-11-20 20:00:00+00:00,375.54998779296875,375.6000061035156,374.6000061035156,374.8900146484375,281858
2025-11-20 20:15:00+00:00,374.8900146484375,375.2900085449219,374.54998779296875,374.8900146484375,220419
2025-11-20 20:30:00+00:00,374.8800048828125,374.9700012207031,374.510009765625,374.9200134277344,247480
2025-11-20 20:45:00+00:00,374.8999938964844,375.1499938964844,374.5199890136719,374.9150085449219,652193
2025-11-21 14:30:00+00:00,374.0249938964844,374.45001220703125,373.57501220703125,373.69000244140625,1353665
2025-11-21 14:45:00+00:00,373.6700134277344,374.82000732421875,373.54998779296875,374.5299987792969,351905
2025-11-21 15:00:00+00:00,374.4750061035156,375.0,374.07000732421875,374.57000732421875,558770
2025-11-21 15:15:00+00:00,374.5400085449219,374.9700012207031,374.1000061035156,374.2691955566406,275698
2025-11-21 15:30:00+00:00,374.239990234375,374.3800048828125,372.95001220703125,373.7001037597656,366599
2025-11-21 15:45:00+00:00,373.739990234375,374.54998779296875,373.6600036621094,374.32000732421875,225469
2025-11-21 16:00:00+00:00,374.29998779296875,374.5400085449219,373.6600036621094,374.07000732421875,259666
2025-11-21 16:15:00+00:00,374.0400085449219,374.45001220703125,373.79998779296875,374.3900146484375,182110
2025-11-21 16:30:00+00:00,374.3500061035156,375.4200134277344,374.3399963378906,375.2300109863281,281247
2025-11-21 16:45:00+00:00,375.2799987792969,377.19000244140625,374.9800109863281,377.0887145996094,670197
2025-11-21 17:00:00+00:00,377.0799865722656,377.2300109863281,375.5899963378906,375.7200012207031,344110
2025-11-21 17:15:00+00:00,375.7300109863281,375.9700012207031,375.2200012207031,375.4242858886719,306953
2025-11-21 17:30:00+00:00,375.4700012207031,375.67999267578125,375.17041015625,375.55999755859375,248540
2025-11-21 17:45:00+00:00,375.5400085449219,376.05999755859375,375.3299865722656,375.7699890136719,156861
2025-11-21 18:00:00+00:00,375.7850036621094,375.8999938964844,375.21600341796875,375.3500061035156,176340
2025-11-21 18:15:00+00:00,375.3428955078125,375.6700134277344,375.20001220703125,375.2300109863281,145442
2025-11-21 18:30:00+00:00,375.25,375.4100036621094,374.9100036621094,375.19000244140625,149743
2025-11-21 18:45:00+00:00,375.2076110839844,376.0,375.20001220703125,375.52899169921875,159860
2025-11-21 19:00:00+00:00,375.5199890136719,375.8500061035156,375.510009765625,375.7099914550781,158433
2025-11-21 19:15:00+00:00,375.69500732421875,376.3999938964844,375.67999267578125,376.239990234375,100053
2025-11-21 19:30:00+00:00,376.2601013183594,376.42999267578125,375.7799987792969,375.8399963378906,153256
2025-11-21 19:45:00+00:00,375.8287048339844,376.1700134277344,375.7153015136719,375.989990234375,128491
2025-11-21 20:00:00+00:00,375.9599914550781,376.1400146484375,375.32000732421875,375.3800048828125,590763
2025-11-21 20:15:00+00:00,375.3699951171875,375.5799865722656,374.20001220703125,374.3399963378906,812460
2025-11-21 20:30:00+00:00,374.32000732421875,374.32000732421875,373.05999755859375,373.30999755859375,1597529
2025-11-21 20:45:00+00:00,373.30999755859375,374.4700012207031,372.94000244140625,374.2200012207031,1939825
2025-11-24 14:30:00+00:00,374.8800048828125,375.2049865722656,374.19000244140625,374.69000244140625,816512
2025-11-24 14:45:00+00:00,374.6600036621094,375.8999938964844,374.5400085449219,375.42999267578125,427325
2025-11-24 15:00:00+00:00,375.4100036621094,376.54998779296875,375.4100036621094,376.42999267578125,443335
2025-11-24 15:15:00+00:00,376.4599914550781,376.6000061035156,375.92999267578125,376.0249938964844,244669
2025-11-24 15:30:00+00:00,376.0,376.55999755859375,375.92999267578125,376.54998779296875,226984
2025-11-24 15:45:00+00:00,376.55999755859375,376.5799865722656,376.1700134277344,376.3949890136719,163788
2025-11-24 16:00:00+00:00,376.4100036621094,376.760009765625,376.20001220703125,376.70721435546875,268387
2025-11-24 16:15:00+00:00,376.7099914550781,376.739990234375,376.42010498046875,376.4939880371094,214455
2025-11-24 16:30:00+00:00,376.4800109863281,377.07000732421875,376.42999267578125,376.8999938964844,238577
2025-11-24 16:45:00+00:00,376.9200134277344,376.989990234375,376.6300964355469,376.8900146484375,532631
2025-11-24 17:00:00+00:00,376.9100036621094,377.0899963378906,376.3599853515625,376.3800048828125,149188
2025-11-24 17:15:00+00:00,376.3900146484375,376.6799011230469,376.1099853515625,376.5350036621094,72726
2025-11-24 17:30:00+00:00,376.54998779296875,376.7799987792969,376.44000244140625,376.7040100097656,202512
2025-11-24 17:45:00+00:00,376.69000244140625,377.20001220703125,376.4700012207031,376.48748779296875,138098
2025-11-24 18:00:00+00:00,376.5199890136719,376.54901123046875,376.0199890136719,376.2200012207031,175726
2025-11-24 18:15:00+00:00,376.2099914550781,376.760009765625,376.1600036621094,376.75,128038
2025-11-24 18:30:00+00:00,376.760009765625,378.5190124511719,376.75,378.30499267578125,670466
2025-11-24 18:45:00+00:00,378.29998779296875,379.5400085449219,378.06500244140625,379.0050048828125,771126
2025-11-24 19:00:00+00:00,379.0299987792969,379.364990234375,378.6700134277344,378.6700134277344,215053
2025-11-24 19:15:00+00:00,378.69000244140625,379.0299987792969,378.5375061035156,378.89599609375,630097
2025-11-24 19:30:00+00:00,378.9100036621094,378.94989013671875,378.3699951171875,378.6400146484375,265075
2025-11-24 19:45:00+00:00,378.6199951171875,379.0899963378906,378.6000061035156,378.8418884277344,185039
2025-11-24 20:00:00+00:00,378.8500061035156,379.3399963378906,378.82000732421875,379.17999267578125,231919
2025-11-24 20:15:00+00:00,379.1600036621094,379.5199890136719,379.1000061035156,379.464111328125,311792
2025-11-24 20:30:00+00:00,379.4700012207031,380.239990234375,379.4400939941406,380.0578918457031,762847
2025-11-24 20:45:00+00:00,380.05999755859375,380.260009765625,379.7900085449219,380.1600036621094,1040753
2025-11-25 14:30:00+00:00,380.2550048828125,380.57000732421875,378.67999267578125,378.9100036621094,1432423
2025-11-25 14:45:00+00:00,378.9100036621094,379.5299987792969,378.05999755859375,379.44000244140625,596571
2025-11-25 15:00:00+00:00,379.42999267578125,380.0299987792969,378.75,379.7900085449219,397517
2025-11-25 15:15:00+00:00,379.7799987792969,380.2300109863281,379.4200134277344,379.7200012207031,462613
2025-11-25 15:30:00+00:00,379.67999267578125,380.17999267578125,379.6099853515625,379.92999267578125,240798
2025-11-25 15:45:00+00:00,379.93499755859375,380.1499938964844,378.9700012207031,379.19500732421875,256414
2025-11-25 16:00:00+00:00,379.17999267578125,379.9700012207031,379.0849914550781,379.94500732421875,207792
2025-11-25 16:15:00+00:00,379.9700012207031,380.8900146484375,379.9599914550781,380.8299865722656,266833
2025-11-25 16:30:00+00:00,380.84100341796875,380.8900146484375,380.45001220703125,380.7749938964844,152832
2025-11-25 16:45:00+00:00,380.79150390625,380.79150390625,380.25,380.40679931640625,124441
2025-11-25 17:00:00+00:00,380.4100036621094,382.0,380.3900146484375,381.70001220703125,937634
2025-11-25 17:15:00+00:00,381.7200012207031,382.07000732421875,381.239990234375,381.65509033203125,422277
2025-11-25 17:30:00+00:00,381.6499938964844,382.5199890136719,381.5400085449219,381.8999938964844,481644
2025-11-25 17:45:00+00:00,381.9200134277344,382.0,381.1400146484375,381.3500061035156,296902
2025-11-25 18:00:00+00:00,381.3550109863281,381.7900085449219,380.94000244140625,381.3599853515625,228435
2025-11-25 18:15:00+00:00,381.30999755859375,381.42999267578125,380.9599914550781,381.0299987792969,154493
2025-11-25 18:30:00+00:00,381.0299987792969,381.2799987792969,380.3299865722656,380.67498779296875,133234
2025-11-25 18:45:00+00:00,380.67999267578125,380.8699951171875,379.92999267578125,380.239990234375,140398
2025-11-25 19:00:00+00:00,380.2200012207031,380.7799987792969,379.92999267578125,380.6098937988281,153992
2025-11-25 19:15:00+00:00,380.6199951171875,380.6199951171875,379.6600036621094,379.82000732421875,387260
2025-11-25 19:30:00+00:00,379.82000732421875,380.1199951171875,379.67999267578125,379.9949951171875,339055
2025-11-25 19:45:00+00:00,380.0,380.1600036621094,379.7099914550781,380.135009765625,738178
2025-11-25 20:00:00+00:00,380.1600036621094,380.6000061035156,380.1400146484375,380.4407043457031,167807
2025-11-25 20:15:00+00:00,380.4800109863281,380.55999755859375,380.04998779296875,380.0675048828125,170511
2025-11-25 20:30:00+00:00,380.04998779296875,380.409912109375,379.8900146484375,380.34991455078125,130971
2025-11-25 20:45:00+00:00,380.30999755859375,380.30999755859375,379.8999938964844,380.05999755859375,387640
2025-11-26 14:30:00+00:00,381.05499267578125,382.1499938964844,380.9599914550781,381.7200012207031,1009621
2025-11-26 14:45:00+00:00,381.6700134277344,381.9800109863281,381.0199890136719,381.07000732421875,515639
2025-11-26 15:00:00+00:00,381.0400085449219,381.95001220703125,380.4599914550781,381.92999267578125,512441
2025-11-26 15:15:00+00:00,381.94000244140625,382.45001220703125,381.94000244140625,382.3800048828125,365130
2025-11-26 15:30:00+00:00,382.3399963378906,383.04998779296875,382.260009765625,382.8800048828125,397248
2025-11-26 15:45:00+00:00,382.8599853515625,383.19000244140625,382.489990234375,383.1650085449219,367086
2025-11-26 16:00:00+00:00,383.1700134277344,383.20001220703125,382.7001037597656,382.8599853515625,453581
2025-11-26 16:15:00+00:00,382.8599853515625,383.1199951171875,382.79998779296875,382.8450012207031,191830
2025-11-26 16:30:00+00:00,382.8399963378906,383.47808837890625,382.7799987792969,383.3800048828125,416605
2025-11-26 16:45:00+00:00,383.3550109863281,383.4700012207031,383.114990234375,383.3550109863281,225463
2025-11-26 17:00:00+00:00,383.340087890625,383.4700012207031,383.1600036621094,383.2200012207031,162732
2025-11-26 17:15:00+00:00,383.2200012207031,383.6000061035156,383.1499938964844,383.4200134277344,138417
2025-11-26 17:30:00+00:00,383.42999267578125,383.5360107421875,383.17498779296875,383.5011901855469,854259
2025-11-26 17:45:00+00:00,383.5299987792969,383.5899963378906,383.2049865722656,383.3299865722656,149730
2025-11-26 18:00:00+00:00,383.30999755859375,383.7749938964844,383.2900085449219,383.69000244140625,170263
2025-11-26 18:15:00+00:00,383.70220947265625,383.7200012207031,383.29998779296875,383.3699951171875,346315
2025-11-26 18:30:00+00:00,383.3800048828125,383.4798889160156,382.4800109863281,382.6000061035156,682353
2025-11-26 18:45:00+00:00,382.6123962402344,383.20001220703125,382.4700012207031,383.1400146484375,155215
2025-11-26 19:00:00+00:00,383.1400146484375,383.489990234375,383.04998779296875,383.3399963378906,165404
2025-11-26 19:15:00+00:00,383.33990478515625,383.6099853515625,383.260009765625,383.3800048828125,93582
2025-11-26 19:30:00+00:00,383.4100036621094,383.4599914550781,382.9259948730469,383.0400085449219,124123
2025-11-26 19:45:00+00:00,383.04998779296875,383.2799987792969,382.92999267578125,383.0299987792969,118576
2025-11-26 20:00:00+00:00,383.0,383.260009765625,382.79998779296875,383.114990234375,155096
2025-11-26 20:15:00+00:00,383.1400146484375,383.3998107910156,383.1199951171875,383.19000244140625,138751
2025-11-26 20:30:00+00:00,383.17999267578125,383.4049987792969,383.07000732421875,383.29998779296875,222004
2025-11-26 20:45:00+00:00,383.3299865722656,383.3699951171875,382.8599853515625,383.05999755859375,726077
2025-11-28 14:30:00+00:00,385.9800109863281,387.1499938964844,385.7921142578125,386.25,784720
2025-11-28 14:45:00+00:00,386.260009765625,386.5899963378906,385.8399963378906,386.1099853515625,320875
2025-11-28 15:00:00+00:00,386.19000244140625,386.2377014160156,384.989990234375,385.3299865722656,371212
2025-11-28 15:15:00+00:00,385.30999755859375,386.1300048828125,385.0199890136719,386.04998779296875,261536
2025-11-28 15:30:00+00:00,386.04998779296875,386.239990234375,385.7799987792969,386.11981201171875,250771
2025-11-28 15:45:00+00:00,386.1000061035156,386.739990234375,385.9800109863281,386.70001220703125,397254
2025-11-28 16:00:00+00:00,386.7200012207031,386.9200134277344,386.19000244140625,386.3500061035156,400805
2025-11-28 16:15:00+00:00,386.3599853515625,387.3900146484375,386.3299865722656,387.239990234375,295972
2025-11-28 16:30:00+00:00,387.25,387.4100036621094,386.6099853515625,387.0285949707031,281461
2025-11-28 16:45:00+00:00,387.0,387.31939697265625,386.8550109863281,386.9700012207031,205864
2025-11-28 17:00:00+00:00,386.989990234375,387.510009765625,386.79998779296875,387.07000732421875,275347
2025-11-28 17:15:00+00:00,387.07000732421875,387.2699890136719,386.9100036621094,386.981201171875,834080
2025-11-28 17:30:00+00:00,386.9800109863281,387.5799865722656,386.92498779296875,387.5400085449219,474165
2025-11-28 17:45:00+00:00,387.54998779296875,387.5799865722656,387.4811096191406,387.4811096191406,29009
2025-12-01 14:30:00+00:00,390.6099853515625,390.7001037597656,388.06048583984375,388.5450134277344,2087089
2025-12-01 14:45:00+00:00,388.5299987792969,390.1499938964844,388.3399963378906,390.0400085449219,798895
2025-12-01 15:00:00+00:00,390.1099853515625,390.5299987792969,389.1000061035156,389.1499938964844,731066
2025-12-01 15:15:00+00:00,389.1814880371094,389.260009765625,388.1000061035156,388.8599853515625,548093
2025-12-01 15:30:00+00:00,388.8800048828125,389.67340087890625,388.30120849609375,388.95001220703125,477632
2025-12-01 15:45:00+00:00,388.94000244140625,389.4200134277344,388.2900085449219,389.2900085449219,264819
2025-12-01 16:00:00+00:00,389.2900085449219,390.0400085449219,389.19000244140625,389.7601013183594,363735
2025-12-01 16:15:00+00:00,389.739990234375,390.0299987792969,388.79998779296875,389.989990234375,471900
2025-12-01 16:30:00+00:00,390.0,390.04998779296875,389.1449890136719,389.8900146484375,602036
2025-12-01 16:45:00+00:00,389.8999938964844,390.2799987792969,388.6300048828125,388.7250061035156,418119
2025-12-01 17:00:00+00:00,388.75,389.3900146484375,388.4549865722656,389.0400085449219,296250
2025-12-01 17:15:00+00:00,389.1099853515625,389.6700134277344,388.79998779296875,389.53009033203125,158517
2025-12-01 17:30:00+00:00,389.5799865722656,389.94000244140625,389.54998779296875,389.8699951171875,219549
2025-12-01 17:45:00+00:00,389.8900146484375,389.9800109863281,389.0799865722656,389.2690124511719,143529
2025-12-01 18:00:00+00:00,389.2900085449219,389.8500061035156,389.2900085449219,389.6199951171875,203067
2025-12-01 18:15:00+00:00,389.6300048828125,390.1462097167969,389.5400085449219,390.0299987792969,205222
2025-12-01 18:30:00+00:00,390.05999755859375,390.2200012207031,389.6449890136719,390.1700134277344,227187
2025-12-01 18:45:00+00:00,390.1708068847656,390.4100036621094,389.72088623046875,389.989990234375,468317
2025-12-01 19:00:00+00:00,390.0050048828125,390.1199951171875,389.5799865722656,389.75628662109375,145851
2025-12-01 19:15:00+00:00,389.760009765625,390.19000244140625,389.6400146484375,390.1400146484375,188861
2025-12-01 19:30:00+00:00,390.1199951171875,390.339599609375,389.3900146484375,389.3900146484375,252257
2025-12-01 19:45:00+00:00,389.3900146484375,389.69989013671875,388.9700012207031,389.67498779296875,208830
2025-12-01 20:00:00+00:00,389.69000244140625,390.04998779296875,389.5,389.8299865722656,179202
2025-12-01 20:15:00+00:00,389.82000732421875,389.8900146484375,389.510009765625,389.739990234375,197260
2025-12-01 20:30:00+00:00,389.75,390.0799865722656,389.5299987792969,390.0199890136719,390245
2025-12-01 20:45:00+00:00,390.0199890136719,390.0400085449219,389.45001220703125,389.7300109863281,634426
2025-12-02 14:30:00+00:00,388.8699951171875,388.9800109863281,387.6499938964844,387.92999267578125,960174
2025-12-02 14:45:00+00:00,387.9327087402344,388.6499938964844,387.6000061035156,388.04998779296875,327553
2025-12-02 15:00:00+00:00,387.989990234375,388.07000732421875,386.6400146484375,386.79998779296875,411166
2025-12-02 15:15:00+00:00,386.7900085449219,387.0299987792969,385.0199890136719,385.1400146484375,566073
2025-12-02 15:30:00+00:00,385.1050109863281,385.5199890136719,384.4200134277344,385.29998779296875,574127
2025-12-02 15:45:00+00:00,385.2200012207031,385.2900085449219,382.9103088378906,383.489990234375,626709
2025-12-02 16:00:00+00:00,383.489990234375,384.2699890136719,383.239990234375,384.2300109863281,365417
2025-12-02 16:15:00+00:00,384.1499938964844,384.3999938964844,383.6319885253906,384.1449890136719,244271
2025-12-02 16:30:00+00:00,384.1300048828125,385.3374938964844,384.1300048828125,384.9800109863281,321333
2025-12-02 16:45:00+00:00,385.0,385.2300109863281,384.4595031738281,384.8399963378906,214642
2025-12-02 17:00:00+00:00,384.8599853515625,385.5299987792969,384.8599853515625,385.1199951171875,213266
2025-12-02 17:15:00+00:00,385.1600036621094,385.6300048828125,385.0899963378906,385.5849914550781,86396
2025-12-02 17:30:00+00:00,385.5799865722656,385.9200134277344,385.37249755859375,385.6099853515625,124319
2025-12-02 17:45:00+00:00,385.6300048828125,385.97698974609375,385.6300048828125,385.69000244140625,86922
2025-12-02 18:00:00+00:00,385.6700134277344,385.96380615234375,385.42999267578125,385.5400085449219,112524
2025-12-02 18:15:00+00:00,385.54998779296875,385.8299865722656,385.25,385.29998779296875,160955
2025-12-02 18:30:00+00:00,385.2699890136719,385.489990234375,384.72698974609375,385.0880126953125,288977
2025-12-02 18:45:00+00:00,385.04998779296875,385.489990234375,384.92999267578125,385.3999938964844,155047
2025-12-02 19:00:00+00:00,385.4100036621094,386.1000061035156,385.4100036621094,385.9750061035156,178481
2025-12-02 19:15:00+00:00,386.0,386.1199951171875,385.6499938964844,386.0150146484375,112702
2025-12-02 19:30:00+00:00,386.0199890136719,386.260009765625,385.6600036621094,385.8324890136719,94115
2025-12-02 19:45:00+00:00,385.8399963378906,386.3500061035156,385.75,385.9700012207031,178495
2025-12-02 20:00:00+00:00,385.989990234375,386.2900085449219,385.7799987792969,386.07000732421875,112887
2025-12-02 20:15:00+00:00,386.0950012207031,386.2099914550781,385.8900146484375,386.1499938964844,107495
2025-12-02 20:30:00+00:00,386.1400146484375,387.3999938964844,386.1400146484375,387.1499938964844,286613
2025-12-02 20:45:00+00:00,387.17999267578125,387.4200134277344,386.9700012207031,387.19000244140625,592914
2025-12-03 14:30:00+00:00,388.4599914550781,390.1293029785156,388.4200134277344,388.75,1136227
2025-12-03 14:45:00+00:00,388.7300109863281,388.75,386.7716064453125,387.42999267578125,608893
2025-12-03 15:00:00+00:00,387.3900146484375,388.05999755859375,386.82110595703125,387.8599853515625,316072
2025-12-03 15:15:00+00:00,387.8699951171875,388.54998779296875,387.760009765625,388.2900085449219,243027
2025-12-03 15:30:00+00:00,388.2200012207031,388.95001220703125,388.19000244140625,388.79998779296875,183997
2025-12-03 15:45:00+00:00,388.7850036621094,388.8500061035156,387.57000732421875,387.7301940917969,213210
2025-12-03 16:00:00+00:00,387.760009765625,388.29998779296875,387.54998779296875,388.0400085449219,298054
2025-12-03 16:15:00+00:00,388.0,388.0400085449219,387.4200134277344,387.9700012207031,177466
2025-12-03 16:30:00+00:00,387.9949951171875,388.55999755859375,387.94000244140625,388.1390075683594,191152
2025-12-03 16:45:00+00:00,388.1400146484375,388.17999267578125,385.9100036621094,386.4150085449219,358720
2025-12-03 17:00:00+00:00,386.3500061035156,387.4100036621094,386.32000732421875,387.29998779296875,191206
2025-12-03 17:15:00+00:00,387.30999755859375,387.4700012207031,386.94000244140625,387.05999755859375,79000
2025-12-03 17:30:00+00:00,387.1000061035156,387.6600036621094,386.9700012207031,387.3949890136719,193033
2025-12-03 17:45:00+00:00,387.4049987792969,387.6000061035156,387.0050048828125,387.29998779296875,172412
2025-12-03 18:00:00+00:00,387.2900085449219,387.32000732421875,386.4700012207031,386.65838623046875,180565
2025-12-03 18:15:00+00:00,386.6600036621094,386.8299865722656,386.0899963378906,386.3999938964844,313743
2025-12-03 18:30:00+00:00,386.3999938964844,386.8500061035156,386.25,386.6700134277344,347563
2025-12-03 18:45:00+00:00,386.69000244140625,386.75,385.8299865722656,385.9800109863281,140178
2025-12-03 19:00:00+00:00,386.0169982910156,386.6199951171875,386.00140380859375,386.3599853515625,261035
2025-12-03 19:15:00+00:00,386.3699951171875,386.8599853515625,386.3399963378906,386.80499267578125,81170
2025-12-03 19:30:00+00:00,386.80499267578125,387.16009521484375,386.67999267578125,387.07000732421875,159508
2025-12-03 19:45:00+00:00,387.04998779296875,387.1700134277344,386.9700012207031,387.0,135366
2025-12-03 20:00:00+00:00,387.010009765625,387.42999267578125,386.9700012207031,387.2799987792969,110989
2025-12-03 20:15:00+00:00,387.2900085449219,387.3299865722656,387.0,387.20001220703125,124112
2025-12-03 20:30:00+00:00,387.19000244140625,387.2699890136719,386.9700012207031,387.05999755859375,150637
2025-12-03 20:45:00+00:00,387.07000732421875,387.0899963378906,386.6099853515625,386.8599853515625,353657
2025-12-04 14:30:00+00:00,386.9200134277344,387.3800048828125,385.5899963378906,386.17999267578125,810844
2025-12-04 14:45:00+00:00,386.1600036621094,386.92999267578125,385.8901062011719,386.2909851074219,202175
2025-12-04 15:00:00+00:00,386.25,386.4800109863281,385.3999938964844,386.3999938964844,676795
2025-12-04 15:15:00+00:00,386.4100036621094,386.75,386.2099914550781,386.6700134277344,299036
2025-12-04 15:30:00+00:00,386.69000244140625,387.1000061035156,386.6050109863281,386.760009765625,192297
2025-12-04 15:45:00+00:00,386.7799987792969,386.92999267578125,386.3999938964844,386.8349914550781,143163
2025-12-04 16:00:00+00:00,386.8500061035156,387.54998779296875,386.760009765625,387.1000061035156,250257
2025-12-04 16:15:00+00:00,387.1000061035156,388.0,387.04119873046875,387.67999267578125,303121
2025-12-04 16:30:00+00:00,387.6700134277344,387.7099914550781,386.8399963378906,387.1199951171875,252862
2025-12-04 16:45:00+00:00,387.1300048828125,387.70001220703125,387.07000732421875,387.6000061035156,426755
2025-12-04 17:00:00+00:00,387.614990234375,387.70001220703125,387.0,387.1700134277344,131888
2025-12-04 17:15:00+00:00,387.1700134277344,387.4200134277344,386.9599914550781,387.17498779296875,407853
2025-12-04 17:30:00+00:00,387.1600036621094,387.4880065917969,387.0400085449219,387.3930969238281,565720
2025-12-04 17:45:00+00:00,387.385009765625,387.7900085449219,387.385009765625,387.69000244140625,91157
2025-12-04 18:00:00+00:00,387.7099914550781,387.760009765625,387.0899963378906,387.4200134277344,80957
2025-12-04 18:15:00+00:00,387.44000244140625,387.6000061035156,387.2900085449219,387.3900146484375,86083
2025-12-04 18:30:00+00:00,387.364990234375,387.38421630859375,387.0799865722656,387.2200012207031,89280
2025-12-04 18:45:00+00:00,387.2200012207031,387.2900085449219,386.8399963378906,386.88739013671875,101262
2025-12-04 19:00:00+00:00,386.9100036621094,387.064208984375,386.1300048828125,386.5,168902
2025-12-04 19:15:00+00:00,386.510009765625,386.7699890136719,386.2300109863281,386.6199951171875,378638
2025-12-04 19:30:00+00:00,386.6000061035156,387.1400146484375,386.57000732421875,386.92999267578125,144301
2025-12-04 19:45:00+00:00,386.95001220703125,387.0400085449219,386.75,387.0199890136719,70198
2025-12-04 20:00:00+00:00,387.010009765625,387.010009765625,386.79998779296875,386.864990234375,69449
2025-12-04 20:15:00+00:00,386.8500061035156,387.1300048828125,386.760009765625,386.9200134277344,139063
2025-12-04 20:30:00+00:00,386.9100036621094,386.94000244140625,386.69000244140625,386.8399963378906,140036
2025-12-04 20:45:00+00:00,386.8399963378906,387.1600036621094,386.8299865722656,387.1000061035156,328129
2025-12-05 14:30:00+00:00,389.1199951171875,389.6400146484375,388.8500061035156,389.618408203125,662495
2025-12-05 14:45:00+00:00,389.6400146484375,390.5299987792969,389.4914855957031,390.1700134277344,694153
2025-12-05 15:00:00+00:00,390.17999267578125,390.349609375,389.4100036621094,389.92999267578125,458135
2025-12-05 15:15:00+00:00,389.94500732421875,390.79998779296875,389.7699890136719,390.79998779296875,475223
2025-12-05 15:30:00+00:00,390.79998779296875,391.7349853515625,390.5199890136719,391.2466125488281,559096
2025-12-05 15:45:00+00:00,391.2699890136719,391.3599853515625,389.760009765625,390.3450012207031,457508
2025-12-05 16:00:00+00:00,390.3699951171875,390.5199890136719,386.5400085449219,386.54998779296875,843882
2025-12-05 16:15:00+00:00,386.6199951171875,388.0,386.19000244140625,387.82000732421875,768383
2025-12-05 16:30:00+00:00,387.82000732421875,387.8699951171875,386.95001220703125,387.2650146484375,482145
2025-12-05 16:45:00+00:00,387.2749938964844,387.8996887207031,386.9800109863281,387.5899963378906,303381
2025-12-05 17:00:00+00:00,387.5400085449219,387.9371032714844,387.17999267578125,387.614990234375,223595
2025-12-05 17:15:00+00:00,387.6000061035156,387.9200134277344,387.4700012207031,387.79998779296875,280324
2025-12-05 17:30:00+00:00,387.9100036621094,388.1199951171875,386.80999755859375,387.5487060546875,327065
2025-12-05 17:45:00+00:00,387.5799865722656,388.0,387.4200134277344,387.8800048828125,52902
2025-12-05 18:00:00+00:00,387.8500061035156,387.989990234375,387.6600036621094,387.8995056152344,140985
2025-12-05 18:15:00+00:00,387.9200134277344,388.0400085449219,387.15008544921875,387.4200134277344,151647
2025-12-05 18:30:00+00:00,387.3900146484375,387.6700134277344,387.1099853515625,387.30999755859375,119663
2025-12-05 18:45:00+00:00,387.3299865722656,387.4991149902344,386.8500061035156,387.05999755859375,108258
2025-12-05 19:00:00+00:00,387.0299987792969,387.239990234375,386.54998779296875,387.010009765625,166269
2025-12-05 19:15:00+00:00,387.0,387.1400146484375,386.739990234375,387.1199951171875,170908
2025-12-05 19:30:00+00:00,387.1199951171875,387.2090148925781,386.6300048828125,386.75,310044
2025-12-05 19:45:00+00:00,386.7699890136719,387.0400085449219,386.44000244140625,386.92999267578125,223975
2025-12-05 20:00:00+00:00,386.94000244140625,386.95001220703125,386.510009765625,386.6600036621094,190803
2025-12-05 20:15:00+00:00,386.6700134277344,386.8900146484375,386.510009765625,386.510009765625,262502
2025-12-05 20:30:00+00:00,386.5,386.7499084472656,386.239990234375,386.3699951171875,239920
2025-12-05 20:45:00+00:00,386.3500061035156,386.5199890136719,386.17498779296875,386.4599914550781,518234
2025-12-08 14:30:00+00:00,387.0199890136719,387.2300109863281,386.0799865722656,386.1000061035156,574771
2025-12-08 14:45:00+00:00,386.0643005371094,387.21990966796875,385.75,385.8999938964844,695953
2025-12-08 15:00:00+00:00,385.8900146484375,385.9200134277344,384.1400146484375,384.2650146484375,587534
2025-12-08 15:15:00+00:00,384.260009765625,385.760009765625,384.010009765625,385.4750061035156,582642
2025-12-08 15:30:00+00:00,385.4750061035156,385.58990478515625,384.8900146484375,385.0249938964844,207237
2025-12-08 15:45:00+00:00,385.05999755859375,385.30999755859375,384.5799865722656,384.7200012207031,253254
2025-12-08 16:00:00+00:00,384.6700134277344,384.7655029296875,384.1099853515625,384.760009765625,212262
2025-12-08 16:15:00+00:00,384.739990234375,385.8999938964844,384.6499938964844,385.7900085449219,291705
2025-12-08 16:30:00+00:00,385.79998779296875,386.0199890136719,385.55999755859375,385.67498779296875,149399
2025-12-08 16:45:00+00:00,385.67999267578125,385.8399963378906,385.1499938964844,385.44000244140625,117621
2025-12-08 17:00:00+00:00,385.4700012207031,385.489501953125,384.8900146484375,385.0299987792969,183959
2025-12-08 17:15:00+00:00,385.0799865722656,385.5199890136719,384.989990234375,385.510009765625,86224
2025-12-08 17:30:00+00:00,385.510009765625,385.70001220703125,385.25,385.25,159935
2025-12-08 17:45:00+00:00,385.239990234375,385.8399963378906,385.1415100097656,385.7699890136719,114777
2025-12-08 18:00:00+00:00,385.7900085449219,385.8500061035156,385.18499755859375,385.260009765625,176180
2025-12-08 18:15:00+00:00,385.25,385.3599853515625,385.0299987792969,385.2099914550781,208972
2025-12-08 18:30:00+00:00,385.2099914550781,385.4800109863281,385.0400085449219,385.27740478515625,88986
2025-12-08 18:45:00+00:00,385.2900085449219,385.5,384.79998779296875,385.0400085449219,141595
2025-12-08 19:00:00+00:00,385.0299987792969,385.17999267578125,384.760009765625,384.843505859375,114025
2025-12-08 19:15:00+00:00,384.8500061035156,385.17999267578125,384.760009765625,385.0899963378906,118032
2025-12-08 19:30:00+00:00,385.0899963378906,385.25,384.92999267578125,385.0400085449219,231903
2025-12-08 19:45:00+00:00,385.0199890136719,385.0899963378906,384.8500061035156,385.0400085449219,89162
2025-12-08 20:00:00+00:00,385.0199890136719,385.42999267578125,384.8399963378906,385.2099914550781,171675
2025-12-08 20:15:00+00:00,385.2200012207031,385.4599914550781,385.07000732421875,385.25,157731
2025-12-08 20:30:00+00:00,385.25,385.80999755859375,385.25,385.69000244140625,209798
2025-12-08 20:45:00+00:00,385.69000244140625,385.7300109863281,385.3299865722656,385.4200134277344,593893
2025-12-09 14:30:00+00:00,385.6199951171875,386.8500061035156,385.5400085449219,386.7799987792969,642878
2025-12-09 14:45:00+00:00,386.793212890625,387.19000244140625,386.45001220703125,386.67999267578125,360099
2025-12-09 15:00:00+00:00,386.6600036621094,386.6600036621094,385.2699890136719,385.8500061035156,385344
2025-12-09 15:15:00+00:00,385.83740234375,387.05999755859375,385.83740234375,386.8200988769531,321419
2025-12-09 15:30:00+00:00,386.8599853515625,387.04998779296875,386.4750061035156,386.702392578125,491693
2025-12-09 15:45:00+00:00,386.6700134277344,387.75,386.1000061035156,387.3999938964844,259088
2025-12-09 16:00:00+00:00,387.39990234375,388.114990234375,387.1499938964844,387.92999267578125,393422
2025-12-09 16:15:00+00:00,387.95001220703125,388.0299987792969,387.1300048828125,387.48291015625,147754
2025-12-09 16:30:00+00:00,387.489990234375,388.1300048828125,387.4700012207031,388.010009765625,180464
2025-12-09 16:45:00+00:00,388.0199890136719,388.2099914550781,387.29998779296875,387.3699951171875,272365
2025-12-09 17:00:00+00:00,387.3699951171875,387.75,387.1499938964844,387.3381042480469,230184
2025-12-09 17:15:00+00:00,387.2799987792969,387.33062744140625,386.67999267578125,386.9599914550781,178077
2025-12-09 17:30:00+00:00,386.9549865722656,387.0899963378906,386.6300048828125,386.8800048828125,94809
2025-12-09 17:45:00+00:00,386.9100036621094,387.0400085449219,386.3659973144531,386.5198974609375,170408
2025-12-09 18:00:00+00:00,386.5198974609375,386.8179931640625,386.3299865722656,386.8179931640625,188497
2025-12-09 18:15:00+00:00,386.7900085449219,386.98858642578125,386.7099914550781,386.9200134277344,72844
2025-12-09 18:30:00+00:00,386.92999267578125,387.0199890136719,386.5899963378906,386.7654113769531,85700
2025-12-09 18:45:00+00:00,386.739990234375,387.1400146484375,386.67999267578125,387.05999755859375,79876
2025-12-09 19:00:00+00:00,387.05999755859375,387.3999938964844,387.0299987792969,387.25,102805
2025-12-09 19:15:00+00:00,387.26031494140625,387.29998779296875,386.9700012207031,387.0299987792969,96035
2025-12-09 19:30:00+00:00,387.0299987792969,387.17999267578125,386.95001220703125,387.1300048828125,80240
2025-12-09 19:45:00+00:00,387.1099853515625,387.57000732421875,386.92999267578125,387.3999938964844,123017
2025-12-09 20:00:00+00:00,387.3800048828125,387.7349853515625,387.3500061035156,387.5928039550781,122499
2025-12-09 20:15:00+00:00,387.6099853515625,387.6099853515625,387.0591125488281,387.2099914550781,153662
2025-12-09 20:30:00+00:00,387.20001220703125,387.3299865722656,387.05999755859375,387.1700134277344,130319
2025-12-09 20:45:00+00:00,387.17999267578125,387.510009765625,387.1700134277344,387.3900146484375,396576
2025-12-10 14:30:00+00:00,385.95001220703125,386.239990234375,385.3999938964844,386.0,823080
2025-12-10 14:45:00+00:00,386.0199890136719,386.4200134277344,385.489990234375,385.5249938964844,336273
2025-12-10 15:00:00+00:00,385.5299987792969,386.3299865722656,385.5,385.7325134277344,258614
2025-12-10 15:15:00+00:00,385.7200012207031,386.0,385.17999267578125,385.95001220703125,244436
2025-12-10 15:30:00+00:00,385.92999267578125,386.2099914550781,385.6239929199219,385.6700134277344,154084
2025-12-10 15:45:00+00:00,385.6499938964844,385.79998779296875,385.3299865722656,385.70001220703125,183751
2025-12-10 16:00:00+00:00,385.70001220703125,385.82000732421875,385.6000061035156,385.7449951171875,86942
2025-12-10 16:15:00+00:00,385.70001220703125,386.3299865722656,385.6499938964844,386.2799987792969,118514
2025-12-10 16:30:00+00:00,386.2900085449219,386.5199890136719,386.1099853515625,386.4549865722656,326421
2025-12-10 16:45:00+00:00,386.4599914550781,386.7300109863281,386.3699951171875,386.6700134277344,201453
2025-12-10 17:00:00+00:00,386.6600036621094,386.6827087402344,386.135009765625,386.239990234375,143366
2025-12-10 17:15:00+00:00,386.239990234375,386.6000061035156,386.2300109863281,386.30999755859375,198964
2025-12-10 17:30:00+00:00,386.30999755859375,386.3999938964844,386.0899963378906,386.17999267578125,160693
2025-12-10 17:45:00+00:00,386.19000244140625,386.45001220703125,385.9700012207031,386.2200012207031,67638
2025-12-10 18:00:00+00:00,386.2359924316406,386.32000732421875,386.1300048828125,386.1600036621094,45014
2025-12-10 18:15:00+00:00,386.1499938964844,386.2099914550781,385.6499938964844,385.93499755859375,58660
2025-12-10 18:30:00+00:00,385.9200134277344,385.92999267578125,385.4700012207031,385.69000244140625,144283
2025-12-10 18:45:00+00:00,385.70001220703125,385.8999938964844,385.5799865722656,385.7099914550781,94560
2025-12-10 19:00:00+00:00,385.69000244140625,388.0899963378906,385.3999938964844,387.3341064453125,743132
2025-12-10 19:15:00+00:00,387.3999938964844,387.7560119628906,385.75,386.1400146484375,351385
2025-12-10 19:30:00+00:00,386.07000732421875,387.55999755859375,384.5,385.25,839547
2025-12-10 19:45:00+00:00,385.1499938964844,387.8399963378906,385.05999755859375,387.7099914550781,551651
2025-12-10 20:00:00+00:00,387.6600036621094,389.54998779296875,387.20001220703125,389.4800109863281,642788
2025-12-10 20:15:00+00:00,389.4700012207031,389.760009765625,388.7200927734375,389.25250244140625,425718
2025-12-10 20:30:00+00:00,389.29998779296875,389.5150146484375,388.9949951171875,389.2699890136719,524328
2025-12-10 20:45:00+00:00,389.25,389.706298828125,388.9800109863281,388.9800109863281,929779
2025-12-11 14:30:00+00:00,389.0199890136719,390.17999267578125,388.9200134277344,390.1499938964844,1076467
2025-12-11 14:45:00+00:00,390.1499938964844,390.2300109863281,388.7701110839844,388.8900146484375,704366
2025-12-11 15:00:00+00:00,388.8800048828125,389.8500061035156,388.5,389.5899963378906,359338
2025-12-11 15:15:00+00:00,389.57000732421875,390.25,389.52099609375,389.685791015625,266612
2025-12-11 15:30:00+00:00,389.7099914550781,391.3500061035156,389.69000244140625,391.20001220703125,534553
2025-12-11 15:45:00+00:00,391.17999267578125,391.8399963378906,390.7799987792969,391.3399963378906,676403
2025-12-11 16:00:00+00:00,391.375,391.4599914550781,390.7900085449219,391.3190002441406,309240
2025-12-11 16:15:00+00:00,391.31500244140625,391.8399963378906,391.20001220703125,391.44000244140625,373836
2025-12-11 16:30:00+00:00,391.4599914550781,392.0199890136719,391.2699890136719,391.8450012207031,336219
2025-12-11 16:45:00+00:00,391.8399963378906,393.44000244140625,391.82000732421875,392.9599914550781,673661
2025-12-11 17:00:00+00:00,392.94000244140625,393.6300048828125,392.8299865722656,393.29998779296875,738934
2025-12-11 17:15:00+00:00,393.2879943847656,393.7099914550781,393.05999755859375,393.17999267578125,401128
2025-12-11 17:30:00+00:00,393.19000244140625,393.30999755859375,392.80999755859375,393.30999755859375,148692
2025-12-11 17:45:00+00:00,393.29998779296875,393.4700012207031,392.9877014160156,393.3999938964844,133927
2025-12-11 18:00:00+00:00,393.3999938964844,394.0899963378906,393.2699890136719,393.8960876464844,394386
2025-12-11 18:15:00+00:00,393.8999938964844,394.0722961425781,393.5450134277344,393.67999267578125,282504
2025-12-11 18:30:00+00:00,393.69000244140625,393.864990234375,393.2850036621094,393.7500915527344,164815
2025-12-11 18:45:00+00:00,393.75,393.75,392.29998779296875,392.44500732421875,277564
2025-12-11 19:00:00+00:00,392.4200134277344,392.77899169921875,391.8999938964844,392.77899169921875,386814
2025-12-11 19:15:00+00:00,392.7799987792969,393.0675048828125,392.5799865722656,392.9200134277344,195572
2025-12-11 19:30:00+00:00,392.9150085449219,393.3500061035156,392.8681945800781,393.0199890136719,206980
2025-12-11 19:45:00+00:00,393.0199890136719,393.17999267578125,392.739990234375,392.989990234375,187095
2025-12-11 20:00:00+00:00,392.9750061035156,393.0400085449219,392.0799865722656,392.6400146484375,251494
2025-12-11 20:15:00+00:00,392.6700134277344,392.76690673828125,392.239990234375,392.5199890136719,262076
2025-12-11 20:30:00+00:00,392.5199890136719,393.0899963378906,392.510009765625,392.9849853515625,376299
2025-12-11 20:45:00+00:00,393.0,393.29998779296875,392.7699890136719,393.2799987792969,982801
2025-12-12 14:30:00+00:00,399.1549987792969,399.69000244140625,398.239990234375,399.1300048828125,2551345
2025-12-12 14:45:00+00:00,399.1000061035156,400.3900146484375,398.7900085449219,399.7799987792969,1178530
2025-12-12 15:00:00+00:00,399.760009765625,400.239990234375,399.25,399.4750061035156,676730
2025-12-12 15:15:00+00:00,399.45001220703125,399.6449890136719,395.2900085449219,395.5,1761245
2025-12-12 15:30:00+00:00,395.4599914550781,397.1650085449219,395.0,397.1099853515625,824233
2025-12-12 15:45:00+00:00,397.05999755859375,397.4599914550781,393.8699951171875,394.5299987792969,1317203
2025-12-12 16:00:00+00:00,394.510009765625,395.2200012207031,393.010009765625,394.1700134277344,997580
2025-12-12 16:15:00+00:00,394.1600036621094,394.7799987792969,392.8500061035156,394.5,579755
2025-12-12 16:30:00+00:00,394.4700012207031,394.4800109863281,391.4700012207031,392.9700927734375,1085372
2025-12-12 16:45:00+00:00,392.9700012207031,393.7300109863281,392.6700134277344,393.67999267578125,300997
2025-12-12 17:00:00+00:00,393.7300109863281,394.05999755859375,392.739990234375,393.0198974609375,342365
2025-12-12 17:15:00+00:00,393.0199890136719,394.6199951171875,392.989990234375,393.78509521484375,578530
2025-12-12 17:30:00+00:00,393.7900085449219,395.0199890136719,393.7900085449219,394.8800048828125,342132
2025-12-12 17:45:00+00:00,394.8599853515625,395.30999755859375,394.6700134277344,394.9200134277344,172173
2025-12-12 18:00:00+00:00,394.9700012207031,395.7200012207031,394.67010498046875,395.531494140625,246966
2025-12-12 18:15:00+00:00,395.55999755859375,395.7900085449219,394.8800048828125,395.0400085449219,348579
2025-12-12 18:30:00+00:00,395.04998779296875,395.4800109863281,394.7200012207031,394.7449951171875,219797
2025-12-12 18:45:00+00:00,394.7200012207031,395.2200012207031,394.6199951171875,395.010009765625,270646
2025-12-12 19:00:00+00:00,395.0400085449219,395.1099853515625,394.5199890136719,394.9200134277344,397559
2025-12-12 19:15:00+00:00,394.9100036621094,395.4599914550781,394.8500061035156,395.1300048828125,130279
2025-12-12 19:30:00+00:00,395.1300048828125,395.3399963378906,394.8800048828125,395.17999267578125,227558
2025-12-12 19:45:00+00:00,395.20001220703125,395.2799987792969,394.9563903808594,395.1400146484375,197682
2025-12-12 20:00:00+00:00,395.1400146484375,395.760009765625,395.07000732421875,395.4700012207031,282052
2025-12-12 20:15:00+00:00,395.47100830078125,395.57550048828125,394.67999267578125,394.85009765625,270670
2025-12-12 20:30:00+00:00,394.8500061035156,395.4200134277344,394.4200134277344,395.32000732421875,392298
2025-12-12 20:45:00+00:00,395.3399963378906,395.7300109863281,394.8999938964844,395.4200134277344,826141
2025-12-15 14:30:00+00:00,397.760009765625,398.7099914550781,397.2601013183594,398.0329895019531,1138222
2025-12-15 14:45:00+00:00,398.010009765625,398.2900085449219,397.0400085449219,397.6199951171875,481182
2025-12-15 15:00:00+00:00,397.614990234375,397.95001220703125,396.57000732421875,397.5400085449219,474978
2025-12-15 15:15:00+00:00,397.5299987792969,398.0199890136719,396.44500732421875,396.70001220703125,594164
2025-12-15 15:30:00+00:00,396.70001220703125,397.67999267578125,396.6000061035156,397.5799865722656,417653
2025-12-15 15:45:00+00:00,397.5400085449219,398.0199890136719,396.95001220703125,397.1099853515625,220863
2025-12-15 16:00:00+00:00,397.1199951171875,397.1199951171875,395.4800109863281,395.70001220703125,803150
2025-12-15 16:15:00+00:00,395.67999267578125,395.9100036621094,394.7300109863281,395.0199890136719,488216
2025-12-15 16:30:00+00:00,395.0400085449219,395.3999938964844,394.07379150390625,395.09991455078125,696156
2025-12-15 16:45:00+00:00,395.04998779296875,395.3999938964844,394.7099914550781,395.20001220703125,492121
2025-12-15 17:00:00+00:00,395.19500732421875,395.4100036621094,394.54998779296875,395.1000061035156,281796
2025-12-15 17:15:00+00:00,395.1199951171875,395.70001220703125,394.75,395.57000732421875,231747
2025-12-15 17:30:00+00:00,395.55999755859375,395.8800048828125,395.3999938964844,395.7799987792969,374374
2025-12-15 17:45:00+00:00,395.7900085449219,396.010009765625,395.5199890136719,395.7900085449219,214694
2025-12-15 18:00:00+00:00,395.7945861816406,395.8699951171875,395.4700012207031,395.6199951171875,422035
2025-12-15 18:15:00+00:00,395.6099853515625,396.010009765625,395.3500061035156,395.9049987792969,222909
2025-12-15 18:30:00+00:00,395.9049987792969,396.3900146484375,395.6499938964844,396.3299865722656,211131
2025-12-15 18:45:00+00:00,396.33770751953125,396.7127990722656,396.1600036621094,396.6549987792969,333034
2025-12-15 19:00:00+00:00,396.6300048828125,397.04998779296875,396.54150390625,396.57000732421875,382230
2025-12-15 19:15:00+00:00,396.57000732421875,396.79998779296875,396.2699890136719,396.2799987792969,177545
2025-12-15 19:30:00+00:00,396.2900085449219,396.55999755859375,396.1099853515625,396.4949951171875,180929
2025-12-15 19:45:00+00:00,396.489990234375,396.7799987792969,396.3900146484375,396.7300109863281,170009
2025-12-15 20:00:00+00:00,396.7099914550781,396.7200012207031,396.44000244140625,396.4800109863281,189846
2025-12-15 20:15:00+00:00,396.4800109863281,396.4800109863281,395.3500061035156,395.8500061035156,412476
2025-12-15 20:30:00+00:00,395.8550109863281,396.0899963378906,395.4200134277344,395.92999267578125,305026
2025-12-15 20:45:00+00:00,395.8999938964844,396.1000061035156,395.75,395.80999755859375,703356
2025-12-16 14:30:00+00:00,397.75,398.375,397.2900085449219,397.80499267578125,1087683
2025-12-16 14:45:00+00:00,397.82000732421875,398.3999938964844,397.55999755859375,397.6700134277344,374669
2025-12-16 15:00:00+00:00,397.6499938964844,398.7099914550781,397.32000732421875,397.6400146484375,594345
2025-12-16 15:15:00+00:00,397.6050109863281,397.79998779296875,396.5480041503906,397.3550109863281,548462
2025-12-16 15:30:00+00:00,397.4200134277344,398.2300109863281,397.2799987792969,397.4700012207031,446316
2025-12-16 15:45:00+00:00,397.57000732421875,398.1199951171875,397.17999267578125,397.2149963378906,219660
2025-12-16 16:00:00+00:00,397.2099914550781,397.5400085449219,396.5600891113281,396.8450012207031,349551
2025-12-16 16:15:00+00:00,396.79998779296875,396.79998779296875,395.7301025390625,396.1000061035156,349034
2025-12-16 16:30:00+00:00,396.1000061035156,396.1000061035156,394.5899963378906,394.8999938964844,435323
2025-12-16 16:45:00+00:00,394.82000732421875,395.6650085449219,394.7900085449219,395.44500732421875,370063
2025-12-16 17:00:00+00:00,395.4800109863281,396.44000244140625,395.4750061035156,395.7799987792969,387851
2025-12-16 17:15:00+00:00,395.80999755859375,395.9632873535156,395.3949890136719,395.6675109863281,158869
2025-12-16 17:30:00+00:00,395.6400146484375,396.2207946777344,395.6000061035156,395.9200134277344,160484
2025-12-16 17:45:00+00:00,395.9599914550781,395.989990234375,395.45361328125,395.7349853515625,173299
2025-12-16 18:00:00+00:00,395.7200012207031,395.9200134277344,395.3399963378906,395.6300048828125,191343
2025-12-16 18:15:00+00:00,395.6199951171875,395.7571105957031,395.19000244140625,395.54998779296875,217392
2025-12-16 18:30:00+00:00,395.54998779296875,396.3800048828125,395.5,396.2099914550781,126634
2025-12-16 18:45:00+00:00,396.2200012207031,396.6600036621094,396.1400146484375,396.4599914550781,245299
2025-12-16 19:00:00+00:00,396.4599914550781,396.510009765625,395.79998779296875,396.0,112074
2025-12-16 19:15:00+00:00,395.9599914550781,396.3479919433594,395.1199951171875,395.9100036621094,455362
2025-12-16 19:30:00+00:00,395.93499755859375,396.3500061035156,395.8800048828125,396.2699890136719,237216
2025-12-16 19:45:00+00:00,396.3599853515625,396.885009765625,396.2699890136719,396.42999267578125,532475
2025-12-16 20:00:00+00:00,396.3999938964844,396.7799987792969,396.3800048828125,396.55499267578125,184263
2025-12-16 20:15:00+00:00,396.5299987792969,396.5548095703125,396.1700134277344,396.4200134277344,268048
2025-12-16 20:30:00+00:00,396.4200134277344,396.5,396.1400146484375,396.25,150851
2025-12-16 20:45:00+00:00,396.25,396.54998779296875,395.6700134277344,395.8450012207031,324945
2025-12-17 14:30:00+00:00,398.0799865722656,399.04998779296875,397.79998779296875,398.8900146484375,1204306
2025-12-17 14:45:00+00:00,398.95001220703125,399.3800048828125,398.6000061035156,398.989990234375,604200
2025-12-17 15:00:00+00:00,398.94000244140625,399.6199951171875,398.6700134277344,399.4200134277344,657423
2025-12-17 15:15:00+00:00,399.4100036621094,399.55999755859375,398.44000244140625,399.43499755859375,482793
2025-12-17 15:30:00+00:00,399.4599914550781,399.9800109863281,398.0137939453125,398.3800048828125,797967
2025-12-17 15:45:00+00:00,398.30499267578125,398.8500061035156,397.6000061035156,398.2099914550781,488662
2025-12-17 16:00:00+00:00,398.2200012207031,398.6199951171875,397.6805114746094,397.9599914550781,473461
2025-12-17 16:15:00+00:00,397.92999267578125,398.3900146484375,397.25,397.92999267578125,302204
2025-12-17 16:30:00+00:00,397.885009765625,398.5400085449219,397.6199951171875,398.42889404296875,329160
2025-12-17 16:45:00+00:00,398.5199890136719,398.8900146484375,398.19000244140625,398.489990234375,539820
2025-12-17 17:00:00+00:00,398.5101013183594,398.70001220703125,398.0105895996094,398.42999267578125,225150
2025-12-17 17:15:00+00:00,398.44000244140625,399.1300048828125,398.2300109863281,398.82501220703125,262447
2025-12-17 17:30:00+00:00,398.8399963378906,399.2585144042969,398.760009765625,398.9949951171875,166526
2025-12-17 17:45:00+00:00,399.010009765625,399.3500061035156,398.7267150878906,399.3349914550781,247617
2025-12-17 18:00:00+00:00,399.3399963378906,399.75,399.3399963378906,399.3999938964844,270193
2025-12-17 18:15:00+00:00,399.3800048828125,399.3940124511719,398.92999267578125,399.2898864746094,288014
2025-12-17 18:30:00+00:00,399.2200012207031,399.4700012207031,398.19000244140625,398.409912109375,270963
2025-12-17 18:45:00+00:00,398.3500061035156,398.80999755859375,398.0899963378906,398.760009765625,201621
2025-12-17 19:00:00+00:00,398.760009765625,398.9700012207031,398.44000244140625,398.8299865722656,243152
2025-12-17 19:15:00+00:00,398.8800048828125,399.19000244140625,398.75,399.1199951171875,122663
2025-12-17 19:30:00+00:00,399.1000061035156,399.2099914550781,398.57501220703125,398.6549987792969,119763
2025-12-17 19:45:00+00:00,398.6499938964844,398.9599914550781,398.2200012207031,398.80999755859375,176582
2025-12-17 20:00:00+00:00,398.8299865722656,399.09991455078125,398.6499938964844,399.0450134277344,181700
2025-12-17 20:15:00+00:00,399.04998779296875,399.3699951171875,399.0249938964844,399.25,256975
2025-12-17 20:30:00+00:00,399.260009765625,399.3999938964844,399.0,399.3299865722656,341083
2025-12-17 20:45:00+00:00,399.3338928222656,399.7181091308594,399.1000061035156,399.2550048828125,825546
2025-12-18 14:30:00+00:00,398.2799987792969,399.1000061035156,396.3599853515625,396.5899963378906,1735175
2025-12-18 14:45:00+00:00,396.614990234375,398.1000061035156,396.04998779296875,397.9599914550781,670907
2025-12-18 15:00:00+00:00,397.9200134277344,398.70001220703125,397.7799987792969,398.114990234375,425726
2025-12-18 15:15:00+00:00,398.1000061035156,398.4700012207031,397.5799865722656,398.3699951171875,382995
2025-12-18 15:30:00+00:00,398.25,399.1499938964844,398.19500732421875,398.7300109863281,391954
2025-12-18 15:45:00+00:00,398.7300109863281,399.1400146484375,398.4302978515625,398.8500061035156,297834
2025-12-18 16:00:00+00:00,398.80499267578125,401.6000061035156,398.7799987792969,401.07000732421875,862753
2025-12-18 16:15:00+00:00,401.0899963378906,402.2099914550781,401.0400085449219,401.48651123046875,945291
2025-12-18 16:30:00+00:00,401.489990234375,401.9121398925781,401.1000061035156,401.5,361240
2025-12-18 16:45:00+00:00,401.5050048828125,401.69000244140625,400.45001220703125,400.8500061035156,735851
2025-12-18 17:00:00+00:00,401.0,401.1300048828125,397.3399963378906,397.9599914550781,988820
2025-12-18 17:15:00+00:00,397.95001220703125,398.3800048828125,397.3399963378906,397.8865966796875,604968
2025-12-18 17:30:00+00:00,397.8999938964844,399.1300048828125,397.739990234375,398.7300109863281,420168
2025-12-18 17:45:00+00:00,398.739990234375,398.82000732421875,397.5799865722656,398.3599853515625,311156
2025-12-18 18:00:00+00:00,398.32000732421875,399.0899963378906,398.17999267578125,398.95989990234375,150774
2025-12-18 18:15:00+00:00,398.9100036621094,399.1000061035156,398.2300109863281,398.2900085449219,157399
2025-12-18 18:30:00+00:00,398.2799987792969,399.0199890136719,398.25,398.4049987792969,132658
2025-12-18 18:45:00+00:00,398.4049987792969,398.45001220703125,397.67999267578125,398.2099914550781,192359
2025-12-18 19:00:00+00:00,398.17999267578125,398.3299865722656,397.739990234375,397.9700012207031,175585
2025-12-18 19:15:00+00:00,397.9599914550781,398.4599914550781,397.9100036621094,398.4110107421875,158318
2025-12-18 19:30:00+00:00,398.4143981933594,398.5299987792969,397.8299865722656,398.0199890136719,126628
2025-12-18 19:45:00+00:00,397.9800109863281,398.1199035644531,397.3500061035156,397.5899963378906,238663
2025-12-18 20:00:00+00:00,397.57000732421875,398.6000061035156,397.55999755859375,398.3999938964844,189972
2025-12-18 20:15:00+00:00,398.3999938964844,398.42999267578125,397.8999938964844,398.25,143391
2025-12-18 20:30:00+00:00,398.25,398.8599853515625,398.1600036621094,398.6499938964844,230609
2025-12-18 20:45:00+00:00,398.6499938964844,398.67999267578125,398.2699890136719,398.5299987792969,536989
2025-12-19 14:30:00+00:00,397.9200134277344,398.8999938964844,397.8699951171875,398.6099853515625,692865
2025-12-19 14:45:00+00:00,398.6199951171875,398.6199951171875,397.1700134277344,398.4100036621094,392967
2025-12-19 15:00:00+00:00,398.375,399.5799865722656,398.3599853515625,399.260009765625,316767
2025-12-19 15:15:00+00:00,399.2099914550781,399.70001220703125,398.6419982910156,398.8699951171875,372390
2025-12-19 15:30:00+00:00,398.79998779296875,399.54998779296875,398.760009765625,399.0899963378906,347997
2025-12-19 15:45:00+00:00,399.1300048828125,399.9599914550781,399.0899963378906,399.8399963378906,707767
2025-12-19 16:00:00+00:00,399.875,400.489990234375,399.3599853515625,399.3599853515625,606227
2025-12-19 16:15:00+00:00,399.3450012207031,399.7900085449219,399.2500915527344,399.75,182955
2025-12-19 16:30:00+00:00,399.75,400.0899963378906,399.42999267578125,399.6600036621094,260310
2025-12-19 16:45:00+00:00,399.6400146484375,400.1300048828125,399.510009765625,400.010009765625,509208
2025-12-19 17:00:00+00:00,400.0,400.3699951171875,399.75,399.7799987792969,273393
2025-12-19 17:15:00+00:00,399.7699890136719,400.2699890136719,399.75,400.2200012207031,177841
2025-12-19 17:30:00+00:00,400.2200012207031,400.3800048828125,400.0,400.1499938964844,155027
2025-12-19 17:45:00+00:00,400.1600036621094,400.6000061035156,400.0400085449219,400.30999755859375,246438
2025-12-19 18:00:00+00:00,400.32000732421875,400.4800109863281,400.0299987792969,400.3800048828125,193569
2025-12-19 18:15:00+00:00,400.385009765625,400.6300048828125,400.2099914550781,400.45001220703125,192929
2025-12-19 18:30:00+00:00,400.44000244140625,400.489990234375,399.5400085449219,399.54998779296875,214784
2025-12-19 18:45:00+00:00,399.5299987792969,400.0,399.3900146484375,399.8800048828125,183529
2025-12-19 19:00:00+00:00,399.8900146484375,400.1199951171875,399.7049865722656,399.80999755859375,356853
2025-12-19 19:15:00+00:00,399.7900085449219,399.9599914550781,399.69000244140625,399.82000732421875,128286
2025-12-19 19:30:00+00:00,399.80999755859375,400.0299987792969,399.7200012207031,399.7300109863281,138414
2025-12-19 19:45:00+00:00,399.739990234375,399.94000244140625,399.5899963378906,399.5899963378906,410970
2025-12-19 20:00:00+00:00,399.6000061035156,399.70001220703125,399.2699890136719,399.3190002441406,338366
2025-12-19 20:15:00+00:00,399.29998779296875,399.6600036621094,399.20001220703125,399.5799865722656,614395
2025-12-19 20:30:00+00:00,399.57000732421875,399.57000732421875,398.9800109863281,399.1449890136719,405350
2025-12-19 20:45:00+00:00,399.1300048828125,399.18499755859375,398.7900085449219,399.0199890136719,1057863
2025-12-22 14:30:00+00:00,406.9800109863281,407.0299987792969,405.95098876953125,406.7200012207031,2398827
2025-12-22 14:45:00+00:00,406.7298889160156,407.3299865722656,406.1700134277344,406.3500061035156,1079496
2025-12-22 15:00:00+00:00,406.3500061035156,406.7799987792969,405.8299865722656,406.0882873535156,580001
2025-12-22 15:15:00+00:00,406.07000732421875,406.4700012207031,405.7200012207031,406.2799987792969,532201
2025-12-22 15:30:00+00:00,406.2900085449219,407.2380065917969,406.1650085449219,407.20989990234375,629800
2025-12-22 15:45:00+00:00,407.2099914550781,407.9200134277344,407.2099914550781,407.55999755859375,733790
2025-12-22 16:00:00+00:00,407.57000732421875,408.1600036621094,407.2300109863281,408.1499938964844,495667
2025-12-22 16:15:00+00:00,408.1449890136719,408.3699951171875,407.8699951171875,408.1199951171875,594382
2025-12-22 16:30:00+00:00,408.1050109863281,408.5199890136719,407.67999267578125,407.9200134277344,419629
2025-12-22 16:45:00+00:00,407.94000244140625,408.2300109863281,407.82000732421875,408.18499755859375,367413
2025-12-22 17:00:00+00:00,408.1700134277344,408.45001220703125,407.8699951171875,408.45001220703125,328020
2025-12-22 17:15:00+00:00,408.4599914550781,408.5,407.7101135253906,407.7650146484375,493851
2025-12-22 17:30:00+00:00,407.7650146484375,408.1099853515625,407.5710144042969,407.94989013671875,205237
2025-12-22 17:45:00+00:00,407.9184875488281,408.25,407.9184875488281,408.17999267578125,228572
2025-12-22 18:00:00+00:00,408.19000244140625,408.2200012207031,407.80999755859375,408.0498962402344,178548
2025-12-22 18:15:00+00:00,408.04998779296875,408.20001220703125,407.7200012207031,407.7799987792969,196699
2025-12-22 18:30:00+00:00,407.7900085449219,408.05999755859375,407.5799865722656,407.6400146484375,346322
2025-12-22 18:45:00+00:00,407.6400146484375,408.0,407.3299865722656,407.8699951171875,151779
2025-12-22 19:00:00+00:00,407.889892578125,407.926513671875,407.3500061035156,407.3599853515625,317408
2025-12-22 19:15:00+00:00,407.3699951171875,407.6899108886719,407.25,407.6199951171875,159840
2025-12-22 19:30:00+00:00,407.6199951171875,407.7616882324219,407.510009765625,407.6499938964844,145688
2025-12-22 19:45:00+00:00,407.6499938964844,407.7596740722656,407.54998779296875,407.7349853515625,152698
2025-12-22 20:00:00+00:00,407.7349853515625,408.20989990234375,407.7200012207031,408.20001220703125,290911
2025-12-22 20:15:00+00:00,408.20001220703125,408.2099914550781,407.5400085449219,407.57501220703125,462726
2025-12-22 20:30:00+00:00,407.57000732421875,407.8900146484375,407.5299987792969,407.8299865722656,469846
2025-12-22 20:45:00+00:00,407.8299865722656,408.32000732421875,407.7900085449219,408.25,1291858
2025-12-23 14:30:00+00:00,410.29998779296875,410.4200134277344,408.7900085449219,409.2300109863281,2156942
2025-12-23 14:45:00+00:00,409.29998779296875,409.9222106933594,408.25,408.6400146484375,524350
2025-12-23 15:00:00+00:00,408.6449890136719,409.07000732421875,407.1000061035156,408.8900146484375,800491
2025-12-23 15:15:00+00:00,408.8699951171875,409.239990234375,408.0199890136719,408.3299865722656,376796
2025-12-23 15:30:00+00:00,408.2699890136719,409.7200012207031,408.239990234375,409.3299865722656,333869
2025-12-23 15:45:00+00:00,409.32000732421875,409.91949462890625,409.1700134277344,409.8399963378906,423044
2025-12-23 16:00:00+00:00,409.8301086425781,410.32000732421875,409.6549987792969,410.05999755859375,392852
2025-12-23 16:15:00+00:00,410.07000732421875,410.4599914550781,409.9200134277344,410.1372985839844,524503
2025-12-23 16:30:00+00:00,410.1600036621094,410.6700134277344,409.6199951171875,410.55999755859375,477796
2025-12-23 16:45:00+00:00,410.6000061035156,411.5299987792969,410.5899963378906,411.3349914550781,387726
2025-12-23 17:00:00+00:00,411.3500061035156,411.8399963378906,411.0799865722656,411.4599914550781,469051
2025-12-23 17:15:00+00:00,411.44000244140625,411.70001220703125,411.0,411.625,397142
2025-12-23 17:30:00+00:00,411.6400146484375,411.80999755859375,411.25640869140625,411.75,253413
2025-12-23 17:45:00+00:00,411.75,411.7650146484375,410.8900146484375,411.1451110839844,244887
2025-12-23 18:00:00+00:00,411.1700134277344,411.95001220703125,411.1700134277344,411.6600036621094,407321
2025-12-23 18:15:00+00:00,411.6300048828125,411.8099060058594,411.2900085449219,411.6099853515625,182051
2025-12-23 18:30:00+00:00,411.6300048828125,411.67999267578125,411.1700134277344,411.489990234375,165675
2025-12-23 18:45:00+00:00,411.5,412.2803039550781,411.5,412.260009765625,426426
2025-12-23 19:00:00+00:00,412.239990234375,413.3699951171875,412.2250061035156,413.1099853515625,489616
2025-12-23 19:15:00+00:00,413.1099853515625,413.1099853515625,412.53948974609375,412.79998779296875,304392
2025-12-23 19:30:00+00:00,412.7950134277344,413.1600036621094,412.6199951171875,413.0799865722656,433780
2025-12-23 19:45:00+00:00,413.07000732421875,413.07000732421875,412.7099914550781,412.8500061035156,250274
2025-12-23 20:00:00+00:00,412.8599853515625,413.19000244140625,412.760009765625,413.1400146484375,265787
2025-12-23 20:15:00+00:00,413.1400146484375,413.239990234375,412.92999267578125,412.989990234375,222915
2025-12-23 20:30:00+00:00,412.9989929199219,413.1099853515625,412.75,413.010009765625,404894
2025-12-23 20:45:00+00:00,413.0199890136719,413.760009765625,412.9599914550781,413.5899963378906,1049911
2025-12-24 14:30:00+00:00,412.25,412.6300048828125,410.760009765625,411.8599853515625,1313641
2025-12-24 14:45:00+00:00,411.9042053222656,411.9599914550781,409.9599914550781,410.3500061035156,728585
2025-12-24 15:00:00+00:00,410.29998779296875,411.3299865722656,410.04998779296875,411.32501220703125,493615
2025-12-24 15:15:00+00:00,411.2900085449219,411.5199890136719,410.0799865722656,410.8399963378906,413533
2025-12-24 15:30:00+00:00,410.80999755859375,411.1400146484375,408.9700012207031,409.2699890136719,946643
2025-12-24 15:45:00+00:00,409.2774963378906,410.0199890136719,408.8299865722656,409.7817077636719,409936
2025-12-24 16:00:00+00:00,409.760009765625,410.9700012207031,409.5881042480469,410.5350036621094,277165
2025-12-24 16:15:00+00:00,410.5199890136719,410.7974853515625,410.33050537109375,410.7478942871094,185370
2025-12-24 16:30:00+00:00,410.75,411.5299987792969,410.6014099121094,411.3999938964844,269526
2025-12-24 16:45:00+00:00,411.4100036621094,411.6600036621094,411.1000061035156,411.5185852050781,148773
2025-12-24 17:00:00+00:00,411.54998779296875,412.5400085449219,411.3900146484375,412.1199951171875,379173
2025-12-24 17:15:00+00:00,412.1499938964844,412.239990234375,411.470703125,411.6300048828125,236700
2025-12-24 17:30:00+00:00,411.6499938964844,412.1199951171875,411.5799865722656,411.760009765625,305467
2025-12-24 17:45:00+00:00,411.75,412.1000061035156,411.74798583984375,412.010009765625,18565
2025-12-26 14:30:00+00:00,416.4800109863281,416.7900085449219,415.4700012207031,415.6600036621094,1228121
2025-12-26 14:45:00+00:00,415.70001220703125,416.2699890136719,414.95001220703125,415.7200012207031,468280
2025-12-26 15:00:00+00:00,415.7200012207031,416.6000061035156,415.6000061035156,416.260009765625,446182
2025-12-26 15:15:00+00:00,416.2699890136719,416.95001220703125,416.1700134277344,416.8901062011719,497489
2025-12-26 15:30:00+00:00,416.8699951171875,418.010009765625,416.760009765625,417.3399963378906,661317
2025-12-26 15:45:00+00:00,417.3500061035156,418.20001220703125,417.2782897949219,418.1300048828125,637628
2025-12-26 16:00:00+00:00,418.1499938964844,418.45001220703125,417.0375061035156,417.44000244140625,525660
2025-12-26 16:15:00+00:00,417.44000244140625,418.1300048828125,417.20001220703125,417.989990234375,301259
2025-12-26 16:30:00+00:00,418.010009765625,418.04998779296875,417.3999938964844,417.44000244140625,283127
2025-12-26 16:45:00+00:00,417.4599914550781,417.79998779296875,416.6300048828125,417.1650085449219,426510
2025-12-26 17:00:00+00:00,417.17498779296875,417.260009765625,416.1400146484375,416.20001220703125,221192
2025-12-26 17:15:00+00:00,416.2099914550781,416.3699951171875,415.3299865722656,415.44000244140625,292645
2025-12-26 17:30:00+00:00,415.4100036621094,415.6499938964844,414.75,415.2699890136719,459822
2025-12-26 17:45:00+00:00,415.2300109863281,416.0,414.8999938964844,415.5199890136719,250470
2025-12-26 18:00:00+00:00,415.489990234375,415.760009765625,415.1000061035156,415.375,193160
2025-12-26 18:15:00+00:00,415.3500061035156,416.0,415.239990234375,415.4800109863281,218355
2025-12-26 18:30:00+00:00,415.510009765625,416.5799865722656,415.3599853515625,416.5199890136719,212448
2025-12-26 18:45:00+00:00,416.5299987792969,416.8299865722656,416.3299865722656,416.6799011230469,241056
2025-12-26 19:00:00+00:00,416.6549987792969,416.92999267578125,416.1000061035156,416.8900146484375,162064
2025-12-26 19:15:00+00:00,416.9100036621094,417.05999755859375,416.4320068359375,416.5450134277344,199764
2025-12-26 19:30:00+00:00,416.510009765625,416.5799865722656,415.82000732421875,416.1199951171875,8141351
2025-12-26 19:45:00+00:00,416.1383056640625,416.26580810546875,415.6499938964844,415.95880126953125,128569
2025-12-26 20:00:00+00:00,416.0,416.8999938964844,415.90008544921875,416.8299865722656,182469
2025-12-26 20:15:00+00:00,416.8399963378906,417.07470703125,415.7900085449219,415.9700012207031,272518
2025-12-26 20:30:00+00:00,415.9599914550781,416.7099914550781,415.9100036621094,416.64801025390625,359242
2025-12-26 20:45:00+00:00,416.625,416.9200134277344,416.17999267578125,416.67999267578125,914626
2025-12-29 14:30:00+00:00,403.6600036621094,403.760009765625,400.5299987792969,402.11700439453125,3478439
2025-12-29 14:45:00+00:00,402.04998779296875,403.1400146484375,400.7200012207031,400.8565979003906,1073679
2025-12-29 15:00:00+00:00,400.8500061035156,400.88751220703125,397.9200134277344,399.31500244140625,1835713
2025-12-29 15:15:00+00:00,399.29998779296875,399.32501220703125,395.3299865722656,397.1401062011719,1614178
2025-12-29 15:30:00+00:00,397.1400146484375,398.7300109863281,396.8699951171875,398.2799987792969,1389735
2025-12-29 15:45:00+00:00,398.25,399.0299987792969,397.45001220703125,397.70001220703125,664648
2025-12-29 16:00:00+00:00,397.70001220703125,399.32000732421875,397.54998779296875,398.4700012207031,583543
2025-12-29 16:15:00+00:00,398.489990234375,398.8638916015625,397.6199951171875,398.5150146484375,604637
2025-12-29 16:30:00+00:00,398.5168151855469,399.2799987792969,397.989990234375,398.6199951171875,532706
2025-12-29 16:45:00+00:00,398.57000732421875,399.7799987792969,398.57000732421875,399.2300109863281,485832
2025-12-29 17:00:00+00:00,399.25,399.3399963378906,397.7200012207031,398.1600036621094,510485
2025-12-29 17:15:00+00:00,398.1000061035156,398.4700012207031,397.45001220703125,398.05499267578125,331089
2025-12-29 17:30:00+00:00,398.05499267578125,398.1099853515625,396.75,397.1600036621094,670396
2025-12-29 17:45:00+00:00,397.1650085449219,398.1000061035156,397.1582946777344,397.9599914550781,420054
2025-12-29 18:00:00+00:00,398.0,398.4054870605469,397.75,398.0799865722656,407193
2025-12-29 18:15:00+00:00,398.0899963378906,398.5899963378906,397.4800109863281,397.92999267578125,423971
2025-12-29 18:30:00+00:00,397.9200134277344,398.5400085449219,397.79998779296875,398.17010498046875,203246
2025-12-29 18:45:00+00:00,398.19000244140625,398.3500061035156,397.9601135253906,398.2334899902344,177075
2025-12-29 19:00:00+00:00,398.2699890136719,398.6600036621094,397.9200134277344,398.6000061035156,332743
2025-12-29 19:15:00+00:00,398.6300048828125,398.7699890136719,397.989990234375,398.20001220703125,279360
2025-12-29 19:30:00+00:00,398.2200012207031,398.69000244140625,398.1700134277344,398.3800048828125,343110
2025-12-29 19:45:00+00:00,398.3599853515625,398.8900146484375,398.260009765625,398.7699890136719,243037
2025-12-29 20:00:00+00:00,398.7900085449219,399.4849853515625,398.7699890136719,399.2799987792969,487267
2025-12-29 20:15:00+00:00,399.2900085449219,399.29998779296875,398.7900085449219,399.1400146484375,328185
2025-12-29 20:30:00+00:00,399.1400146484375,399.2099914550781,397.7453308105469,398.42999267578125,421513
2025-12-29 20:45:00+00:00,398.44000244140625,398.6300048828125,397.9599914550781,398.56500244140625,1666861
2025-12-30 14:30:00+00:00,403.6000061035156,403.79998779296875,401.1499938964844,401.8005065917969,1511551
2025-12-30 14:45:00+00:00,401.81451416015625,401.885009765625,400.3999938964844,401.3599853515625,610002
2025-12-30 15:00:00+00:00,401.29998779296875,401.9898986816406,400.8599853515625,401.6400146484375,427609
2025-12-30 15:15:00+00:00,401.6600036621094,402.3999938964844,401.25,401.3500061035156,330382
2025-12-30 15:30:00+00:00,401.44000244140625,402.0799865722656,400.75,400.9599914550781,461278
2025-12-30 15:45:00+00:00,400.989990234375,401.760009765625,400.8599853515625,401.2300109863281,246450
2025-12-30 16:00:00+00:00,401.25,401.2699890136719,400.2900085449219,400.6199035644531,410425
2025-12-30 16:15:00+00:00,400.6199951171875,401.8399963378906,400.55999755859375,401.6199951171875,292147
2025-12-30 16:30:00+00:00,401.614990234375,401.6300048828125,401.0199890136719,401.4200134277344,158166
2025-12-30 16:45:00+00:00,401.4209899902344,402.6000061035156,401.3299865722656,402.44000244140625,384315
2025-12-30 17:00:00+00:00,402.44000244140625,402.8299865722656,402.010009765625,402.0299987792969,201610
2025-12-30 17:15:00+00:00,402.09991455078125,402.31060791015625,401.5732116699219,402.1369934082031,214863
2025-12-30 17:30:00+00:00,402.1499938964844,402.2699890136719,401.239990234375,401.57000732421875,212423
2025-12-30 17:45:00+00:00,401.55999755859375,401.70001220703125,401.1400146484375,401.6400146484375,162676
2025-12-30 18:00:00+00:00,401.6000061035156,402.45001220703125,401.510009765625,401.739990234375,208999
2025-12-30 18:15:00+00:00,401.7200012207031,401.8299865722656,401.260009765625,401.6700134277344,202159
2025-12-30 18:30:00+00:00,401.7099914550781,401.75,401.0,401.2699890136719,126667
2025-12-30 18:45:00+00:00,401.2699890136719,401.45001220703125,401.0199890136719,401.19000244140625,165039
2025-12-30 19:00:00+00:00,401.19000244140625,401.510009765625,401.0799865722656,401.3900146484375,311569
2025-12-30 19:15:00+00:00,401.3900146484375,401.4549865722656,401.1499938964844,401.32501220703125,125013
2025-12-30 19:30:00+00:00,401.3399963378906,401.3699951171875,400.7799987792969,401.0299987792969,154519
2025-12-30 19:45:00+00:00,401.0249938964844,401.04998779296875,398.70001220703125,399.6318054199219,656882
2025-12-30 20:00:00+00:00,399.739990234375,399.8500061035156,398.739990234375,399.6452941894531,301478
2025-12-30 20:15:00+00:00,399.6199951171875,400.1000061035156,399.4599914550781,399.8900146484375,188957
2025-12-30 20:30:00+00:00,399.92999267578125,400.32000732421875,399.4200134277344,399.630615234375,269106
2025-12-30 20:45:00+00:00,399.6593017578125,399.9599914550781,398.55999755859375,399.010009765625,1001402
2025-12-31 14:30:00+00:00,398.6000061035156,399.7099914550781,398.17498779296875,399.2300109863281,1094482
2025-12-31 14:45:00+00:00,399.2300109863281,400.1300048828125,399.07501220703125,399.4200134277344,404606
2025-12-31 15:00:00+00:00,399.3999938964844,399.44000244140625,397.8399963378906,398.0899963378906,385552
2025-12-31 15:15:00+00:00,398.0775146484375,398.7699890136719,397.6400146484375,398.6400146484375,328133
2025-12-31 15:30:00+00:00,398.6300048828125,399.010009765625,397.7900085449219,397.9649963378906,430418
2025-12-31 15:45:00+00:00,397.94000244140625,398.5899963378906,397.6099853515625,398.54998779296875,459134
2025-12-31 16:00:00+00:00,398.55999755859375,398.760009765625,397.1199951171875,397.29998779296875,374218
2025-12-31 16:15:00+00:00,397.25,397.82000732421875,397.07000732421875,397.4150085449219,372426
2025-12-31 16:30:00+00:00,397.45001220703125,397.8299865722656,396.8500061035156,396.94000244140625,350168
2025-12-31 16:45:00+00:00,396.85009765625,397.3299865722656,396.6600036621094,397.20001220703125,232719
2025-12-31 17:00:00+00:00,397.2099914550781,397.69000244140625,396.9800109863281,397.25,189674
2025-12-31 17:15:00+00:00,397.25,397.3399963378906,396.75,397.0,289314
2025-12-31 17:30:00+00:00,396.989990234375,397.79998779296875,396.8299865722656,397.45001220703125,552777
2025-12-31 17:45:00+00:00,397.44000244140625,397.55999755859375,396.92999267578125,397.10540771484375,137024
2025-12-31 18:00:00+00:00,397.0799865722656,397.6499938964844,397.0799865722656,397.6499938964844,102132
2025-12-31 18:15:00+00:00,397.6499938964844,397.989990234375,397.2799987792969,397.739990234375,169838
2025-12-31 18:30:00+00:00,397.75,397.760009765625,396.8599853515625,397.1600036621094,200963
2025-12-31 18:45:00+00:00,397.1499938964844,397.1499938964844,396.54998779296875,396.9200134277344,104496
2025-12-31 19:00:00+00:00,396.94000244140625,397.20001220703125,396.55999755859375,396.739990234375,135279
2025-12-31 19:15:00+00:00,396.7349853515625,396.95001220703125,396.63751220703125,396.739990234375,131612
2025-12-31 19:30:00+00:00,396.75250244140625,396.7699890136719,395.79998779296875,396.1000061035156,411940
2025-12-31 19:45:00+00:00,396.1000061035156,396.3900146484375,395.93499755859375,396.2049865722656,115910
2025-12-31 20:00:00+00:00,396.2200012207031,396.57000732421875,395.5899963378906,396.5,895086
2025-12-31 20:15:00+00:00,396.5,396.8800048828125,396.3500061035156,396.54998779296875,143042
2025-12-31 20:30:00+00:00,396.54998779296875,397.385009765625,396.5173034667969,397.04998779296875,361259
2025-12-31 20:45:00+00:00,397.0199890136719,397.1199951171875,395.79998779296875,396.30999755859375,1213736
2026-01-02 14:30:00+00:00,401.6199951171875,401.80999755859375,399.7099914550781,400.5,2012868
2026-01-02 14:45:00+00:00,400.5400085449219,401.2049865722656,400.19000244140625,400.3008117675781,553390
2026-01-02 15:00:00+00:00,400.260009765625,400.6700134277344,398.5,399.1300048828125,908340
2026-01-02 15:15:00+00:00,399.1499938964844,399.29998779296875,398.18499755859375,398.69000244140625,486202
2026-01-02 15:30:00+00:00,398.75,399.6700134277344,398.30999755859375,399.62060546875,357657
2026-01-02 15:45:00+00:00,399.67999267578125,399.70001220703125,398.4800109863281,398.6199951171875,281566
2026-01-02 16:00:00+00:00,398.54998779296875,398.79998779296875,397.239990234375,397.45001220703125,487519
2026-01-02 16:15:00+00:00,397.3800048828125,397.6499938964844,396.75,397.3900146484375,373169
2026-01-02 16:30:00+00:00,397.3599853515625,397.9599914550781,396.7699890136719,397.760009765625,515809
2026-01-02 16:45:00+00:00,397.739990234375,398.0199890136719,397.3599853515625,397.82000732421875,242109
2026-01-02 17:00:00+00:00,397.82000732421875,398.5090026855469,397.67999267578125,398.17999267578125,364195
2026-01-02 17:15:00+00:00,398.19000244140625,398.42498779296875,397.6026916503906,398.0400085449219,234227
2026-01-02 17:30:00+00:00,398.05999755859375,398.25,397.54998779296875,397.7799987792969,139731
2026-01-02 17:45:00+00:00,397.7900085449219,397.95001220703125,397.4512023925781,397.5199890136719,142864
2026-01-02 18:00:00+00:00,397.45001220703125,397.5400085449219,396.510009765625,396.7073974609375,336189
2026-01-02 18:15:00+00:00,396.7099914550781,397.3349914550781,396.3500061035156,397.05999755859375,288851
2026-01-02 18:30:00+00:00,397.07000732421875,397.1400146484375,396.25,396.55975341796875,174478
2026-01-02 18:45:00+00:00,396.510009765625,396.82989501953125,396.42999267578125,396.760009765625,175364
2026-01-02 19:00:00+00:00,396.7699890136719,397.3900146484375,396.7699890136719,397.32501220703125,210379
2026-01-02 19:15:00+00:00,397.3299865722656,397.4595031738281,396.8599853515625,397.04998779296875,131624
2026-01-02 19:30:00+00:00,397.05999755859375,397.80999755859375,397.0299987792969,397.4599914550781,185475
2026-01-02 19:45:00+00:00,397.4700012207031,397.4700012207031,396.9800109863281,397.0199890136719,282892
2026-01-02 20:00:00+00:00,397.0400085449219,397.3399963378906,396.92999267578125,397.20001220703125,183479
2026-01-02 20:15:00+00:00,397.19000244140625,398.1099853515625,397.0899963378906,398.0199890136719,182412
2026-01-02 20:30:00+00:00,398.010009765625,398.07000732421875,397.7200012207031,397.8599853515625,285653
2026-01-02 20:45:00+00:00,397.8699951171875,398.32501220703125,397.82000732421875,398.32501220703125,530334
2026-01-05 14:30:00+00:00,406.3900146484375,407.30999755859375,406.1499938964844,407.29998779296875,2305625
2026-01-05 14:45:00+00:00,407.29998779296875,408.5271911621094,407.1300048828125,407.989990234375,882311
2026-01-05 15:00:00+00:00,407.989990234375,409.7200012207031,407.989990234375,409.11090087890625,1053524
2026-01-05 15:15:00+00:00,409.1099853515625,409.42498779296875,408.489990234375,408.70001220703125,841317
2026-01-05 15:30:00+00:00,408.7300109863281,409.010009765625,407.8500061035156,408.9700012207031,502839
2026-01-05 15:45:00+00:00,408.9700012207031,409.2099914550781,408.32611083984375,409.05999755859375,445511
2026-01-05 16:00:00+00:00,409.05999755859375,409.3399963378906,408.1199951171875,408.8599853515625,455525
2026-01-05 16:15:00+00:00,408.8699951171875,409.0625,408.2699890136719,408.3500061035156,335216
2026-01-05 16:30:00+00:00,408.3500061035156,408.8450012207031,408.2601013183594,408.75,461948
2026-01-05 16:45:00+00:00,408.7300109863281,409.6000061035156,408.3399963378906,408.45001220703125,498249
2026-01-05 17:00:00+00:00,408.45001220703125,408.489990234375,407.55999755859375,408.489990234375,459525
2026-01-05 17:15:00+00:00,408.4599914550781,409.1199951171875,408.4599914550781,408.885009765625,343835
2026-01-05 17:30:00+00:00,408.8550109863281,408.9800109863281,408.0199890136719,408.19000244140625,321172
2026-01-05 17:45:00+00:00,408.17999267578125,408.8099060058594,408.1600036621094,408.5950012207031,164836
2026-01-05 18:00:00+00:00,408.5799865722656,409.0299987792969,408.45001220703125,408.9599914550781,188059
2026-01-05 18:15:00+00:00,408.9649963378906,409.05999755859375,408.239990234375,408.3800048828125,186222
2026-01-05 18:30:00+00:00,408.3500061035156,408.80999755859375,408.3399963378906,408.6099853515625,215813
2026-01-05 18:45:00+00:00,408.6000061035156,409.0,408.5299987792969,409.0,279936
2026-01-05 19:00:00+00:00,409.0199890136719,409.0899963378906,407.7200012207031,408.17498779296875,402640
2026-01-05 19:15:00+00:00,408.1600036621094,408.5299987792969,408.0,408.4100036621094,164561
2026-01-05 19:30:00+00:00,408.3999938964844,408.7900085449219,408.3622131347656,408.510009765625,200018
2026-01-05 19:45:00+00:00,408.5199890136719,408.65899658203125,408.13238525390625,408.239990234375,192968
2026-01-05 20:00:00+00:00,408.2300109863281,408.7565002441406,408.19000244140625,408.614990234375,203968
2026-01-05 20:15:00+00:00,408.6199951171875,408.8999938964844,408.5299987792969,408.7799987792969,196131
2026-01-05 20:30:00+00:00,408.7799987792969,408.7799987792969,408.0400085449219,408.05999755859375,311306
2026-01-05 20:45:00+00:00,408.07000732421875,408.8465881347656,408.07000732421875,408.69000244140625,1126358
2026-01-06 14:30:00+00:00,411.0450134277344,412.19000244140625,411.0299987792969,411.8599853515625,1192052
2026-01-06 14:45:00+00:00,411.8399963378906,412.82000732421875,411.82000732421875,412.57000732421875,688138
2026-01-06 15:00:00+00:00,412.54998779296875,412.8999938964844,411.80999755859375,411.9200134277344,535520
2026-01-06 15:15:00+00:00,411.9200134277344,412.239990234375,411.3299865722656,411.8699951171875,506196
2026-01-06 15:30:00+00:00,411.6737060546875,411.7049865722656,410.30999755859375,411.45001220703125,591339
2026-01-06 15:45:00+00:00,411.44000244140625,411.8443908691406,411.3550109863281,411.75,272617
2026-01-06 16:00:00+00:00,411.82000732421875,412.1700134277344,411.25,411.7799072265625,386187
2026-01-06 16:15:00+00:00,411.7699890136719,412.2300109863281,411.7049865722656,412.1700134277344,577061
2026-01-06 16:30:00+00:00,412.323486328125,412.6300048828125,412.1000061035156,412.489990234375,429593
2026-01-06 16:45:00+00:00,412.3699951171875,412.69000244140625,412.260009765625,412.67999267578125,552397
2026-01-06 17:00:00+00:00,412.7099914550781,412.8500061035156,412.4200134277344,412.67999267578125,329282
2026-01-06 17:15:00+00:00,412.67999267578125,412.7799987792969,412.42999267578125,412.5150146484375,216039
2026-01-06 17:30:00+00:00,412.6300048828125,412.7900085449219,412.0199890136719,412.2099914550781,335598
2026-01-06 17:45:00+00:00,412.2560119628906,412.8699951171875,412.20001220703125,412.7699890136719,250428
2026-01-06 18:00:00+00:00,412.7300109863281,412.9800109863281,412.489990234375,412.92999267578125,255925
2026-01-06 18:15:00+00:00,412.96929931640625,413.239990234375,412.2900085449219,412.45001220703125,447587
2026-01-06 18:30:00+00:00,412.45001220703125,412.6499938964844,412.0799865722656,412.45001220703125,316499
2026-01-06 18:45:00+00:00,412.4599914550781,412.70001220703125,412.45001220703125,412.6700134277344,220571
2026-01-06 19:00:00+00:00,412.6400146484375,412.6400146484375,412.1199951171875,412.2200012207031,243483
2026-01-06 19:15:00+00:00,411.92999267578125,412.31500244140625,411.6436767578125,411.989990234375,267536
2026-01-06 19:30:00+00:00,411.9800109863281,412.2099914550781,411.75,412.0299987792969,276868
2026-01-06 19:45:00+00:00,412.0400085449219,412.2200012207031,411.82000732421875,412.010009765625,217902
2026-01-06 20:00:00+00:00,412.0098876953125,412.45001220703125,411.95001220703125,412.4100036621094,384229
2026-01-06 20:15:00+00:00,412.4200134277344,412.5799865722656,412.3699951171875,412.4800109863281,279094
2026-01-06 20:30:00+00:00,412.29998779296875,412.67498779296875,412.2699890136719,412.6549987792969,144213
2026-01-06 20:45:00+00:00,412.8890075683594,413.4800109863281,412.7200012207031,413.3299865722656,967227
2026-01-07 14:30:00+00:00,408.6300048828125,409.3399963378906,407.7749938964844,408.5799865722656,1662983
2026-01-07 14:45:00+00:00,408.5799865722656,409.4100036621094,408.260009765625,408.7149963378906,435698
2026-01-07 15:00:00+00:00,408.70001220703125,408.7099914550781,406.9200134277344,406.9700012207031,462171
2026-01-07 15:15:00+00:00,406.95001220703125,408.3999938964844,406.6499938964844,408.3999938964844,526992
2026-01-07 15:30:00+00:00,408.3800048828125,409.29998779296875,408.3299865722656,408.3599853515625,523433
2026-01-07 15:45:00+00:00,408.3699951171875,408.8299865722656,408.20001220703125,408.7099914550781,239747
2026-01-07 16:00:00+00:00,408.69500732421875,409.1700134277344,408.5,408.8399963378906,265719
2026-01-07 16:15:00+00:00,408.8399963378906,410.1700134277344,408.5899963378906,409.8500061035156,454958
2026-01-07 16:30:00+00:00,409.82000732421875,410.7900085449219,409.7510070800781,410.739990234375,461039
2026-01-07 16:45:00+00:00,410.75,410.80999755859375,410.239990234375,410.430908203125,248790
2026-01-07 17:00:00+00:00,410.42999267578125,410.5199890136719,409.8399963378906,410.0494079589844,362471
2026-01-07 17:15:00+00:00,410.04998779296875,410.29998779296875,409.7799987792969,409.8999938964844,133403
2026-01-07 17:30:00+00:00,409.92999267578125,410.19000244140625,409.6499938964844,409.7300109863281,177564
2026-01-07 17:45:00+00:00,409.7200012207031,409.9700012207031,409.1000061035156,409.3299865722656,169701
2026-01-07 18:00:00+00:00,409.2799987792969,409.3800048828125,408.9100036621094,409.0780029296875,250842
2026-01-07 18:15:00+00:00,409.05999755859375,409.6499938964844,408.8299865722656,409.30999755859375,218159
2026-01-07 18:30:00+00:00,409.3500061035156,409.92999267578125,409.2699890136719,409.6636962890625,361027
2026-01-07 18:45:00+00:00,409.67999267578125,409.7200012207031,409.1199951171875,409.30999755859375,142124
2026-01-07 19:00:00+00:00,409.3399963378906,409.6099853515625,408.8900146484375,409.07000732421875,138825
2026-01-07 19:15:00+00:00,409.080810546875,409.19000244140625,408.6700134277344,409.1600036621094,150666
2026-01-07 19:30:00+00:00,409.1600036621094,409.7900085449219,409.1600036621094,409.3999938964844,133029
2026-01-07 19:45:00+00:00,409.4201965332031,409.8500061035156,409.2900085449219,409.7699890136719,127552
2026-01-07 20:00:00+00:00,409.7699890136719,409.989990234375,409.5899963378906,409.8800048828125,254675
2026-01-07 20:15:00+00:00,409.8599853515625,410.19000244140625,409.67999267578125,409.8799133300781,255977
2026-01-07 20:30:00+00:00,409.8800048828125,410.0899963378906,409.7300109863281,409.7699890136719,486522
2026-01-07 20:45:00+00:00,409.7799987792969,410.0249938964844,409.1199951171875,409.2300109863281,746063
2026-01-08 14:30:00+00:00,406.7900085449219,407.7099914550781,406.3999938964844,406.7799987792969,898376
2026-01-08 14:45:00+00:00,406.7699890136719,408.05828857421875,406.7699890136719,407.44000244140625,286309
2026-01-08 15:00:00+00:00,407.3399963378906,408.9800109863281,406.95001220703125,408.8500061035156,609825
2026-01-08 15:15:00+00:00,408.8599853515625,409.42999267578125,408.4700012207031,408.8500061035156,550085
2026-01-08 15:30:00+00:00,408.82000732421875,409.55999755859375,408.7200012207031,409.3450012207031,259622
2026-01-08 15:45:00+00:00,409.3699951171875,409.6499938964844,408.8399963378906,409.3900146484375,232159
2026-01-08 16:00:00+00:00,409.42999267578125,409.75799560546875,408.760009765625,408.760009765625,331278
2026-01-08 16:15:00+00:00,408.75,409.489990234375,408.7200012207031,409.3409118652344,172065
2026-01-08 16:30:00+00:00,409.34698486328125,410.3800048828125,409.20001220703125,410.0400085449219,278383
2026-01-08 16:45:00+00:00,410.0199890136719,410.3299865722656,409.7300109863281,410.24969482421875,198047
2026-01-08 17:00:00+00:00,410.2099914550781,410.45001220703125,409.79998779296875,409.9599914550781,131618
2026-01-08 17:15:00+00:00,409.9049987792969,410.1400146484375,409.7550048828125,410.07000732421875,169205
2026-01-08 17:30:00+00:00,410.1000061035156,410.2799987792969,409.8599853515625,410.04998779296875,131980
2026-01-08 17:45:00+00:00,410.04998779296875,410.3500061035156,409.8599853515625,410.2799987792969,152358
2026-01-08 18:00:00+00:00,410.2699890136719,410.2699890136719,409.239990234375,409.4179992675781,191241
2026-01-08 18:15:00+00:00,409.3500061035156,409.6600036621094,408.9725036621094,409.260009765625,202753
2026-01-08 18:30:00+00:00,409.1600036621094,409.3299865722656,408.8299865722656,409.2049865722656,99115
2026-01-08 18:45:00+00:00,409.2091979980469,409.4800109863281,408.94000244140625,408.9599914550781,132908
2026-01-08 19:00:00+00:00,408.9599914550781,409.1199951171875,408.7300109863281,408.7699890136719,396049
2026-01-08 19:15:00+00:00,408.7699890136719,408.9800109863281,408.510009765625,408.7699890136719,191486
2026-01-08 19:30:00+00:00,408.760009765625,409.2900085449219,408.760009765625,409.19000244140625,103745
2026-01-08 19:45:00+00:00,409.2099914550781,409.29998779296875,408.989990234375,409.2297058105469,109579
2026-01-08 20:00:00+00:00,409.2300109863281,409.864990234375,409.17919921875,409.79010009765625,206596
2026-01-08 20:15:00+00:00,409.79998779296875,411.2200012207031,409.70001220703125,410.8500061035156,554104
2026-01-08 20:30:00+00:00,410.8699951171875,411.6400146484375,410.8699951171875,411.2308044433594,1084137
2026-01-08 20:45:00+00:00,411.239990234375,411.6400146484375,411.0799865722656,411.489990234375,712259
2026-01-09 14:30:00+00:00,413.2149963378906,413.55999755859375,412.0899963378906,412.5997009277344,1143390
2026-01-09 14:45:00+00:00,412.55999755859375,413.25,411.79998779296875,413.05999755859375,780153
2026-01-09 15:00:00+00:00,413.1499938964844,413.7099914550781,412.760009765625,413.3699951171875,629668
2026-01-09 15:15:00+00:00,413.3800048828125,414.70001220703125,413.07000732421875,414.18011474609375,539013
2026-01-09 15:30:00+00:00,414.2018127441406,415.2900085449219,414.2018127441406,415.05999755859375,549489
2026-01-09 15:45:00+00:00,415.04998779296875,415.0700988769531,414.4800109863281,414.8351135253906,879036
2026-01-09 16:00:00+00:00,414.8599853515625,415.0299987792969,413.6700134277344,413.98040771484375,494292
2026-01-09 16:15:00+00:00,414.0,414.3299865722656,413.70001220703125,414.07000732421875,277848
2026-01-09 16:30:00+00:00,414.0350036621094,414.3218078613281,413.7799987792969,414.1199951171875,502220
2026-01-09 16:45:00+00:00,414.1300048828125,414.42999267578125,413.8500061035156,414.2898864746094,261083
2026-01-09 17:00:00+00:00,414.30999755859375,414.760009765625,414.1099853515625,414.489990234375,921954
2026-01-09 17:15:00+00:00,414.489990234375,414.489990234375,413.8699951171875,414.07000732421875,267823
2026-01-09 17:30:00+00:00,414.0400085449219,414.6199951171875,413.81829833984375,413.8500061035156,331381
2026-01-09 17:45:00+00:00,413.8500061035156,413.9798889160156,412.0350036621094,412.2900085449219,575676
2026-01-09 18:00:00+00:00,412.25,413.0799865722656,412.1449890136719,413.0350036621094,282217
2026-01-09 18:15:00+00:00,413.05999755859375,413.1795959472656,412.739990234375,412.9200134277344,235571
2026-01-09 18:30:00+00:00,412.94000244140625,414.1499938964844,412.9100036621094,413.8999938964844,244078
2026-01-09 18:45:00+00:00,413.92999267578125,413.9721984863281,413.239990234375,413.33599853515625,582826
2026-01-09 19:00:00+00:00,413.3399963378906,413.5,413.010009765625,413.38470458984375,180836
2026-01-09 19:15:00+00:00,413.3710021972656,413.8450012207031,413.3399963378906,413.6199951171875,417583
2026-01-09 19:30:00+00:00,413.5899963378906,413.7300109863281,413.3299865722656,413.3999938964844,296828
2026-01-09 19:45:00+00:00,413.44000244140625,413.8901062011719,413.42999267578125,413.6300048828125,257000
2026-01-09 20:00:00+00:00,413.6300048828125,414.3699951171875,413.5007019042969,414.3399963378906,344851
2026-01-09 20:15:00+00:00,414.3599853515625,414.5899963378906,413.9700012207031,414.2300109863281,481688
2026-01-09 20:30:00+00:00,414.239990234375,414.2799987792969,413.9599914550781,414.0943908691406,410721
2026-01-09 20:45:00+00:00,414.0899963378906,414.6700134277344,414.05999755859375,414.4599914550781,1340427
2026-01-12 14:30:00+00:00,421.5199890136719,424.04998779296875,421.5199890136719,423.3399963378906,3954240
2026-01-12 14:45:00+00:00,423.3399963378906,423.7200012207031,422.7099914550781,423.1099853515625,924938
2026-01-12 15:00:00+00:00,423.1000061035156,424.70001220703125,423.0450134277344,424.5400085449219,1457824
2026-01-12 15:15:00+00:00,424.54998779296875,424.989990234375,423.8999938964844,424.7200012207031,718955
2026-01-12 15:30:00+00:00,424.739990234375,425.4388122558594,424.6000061035156,425.1199951171875,1377870
2026-01-12 15:45:00+00:00,425.1099853515625,425.260009765625,424.5799865722656,424.8949890136719,610720
2026-01-12 16:00:00+00:00,424.8599853515625,425.69000244140625,424.54998779296875,425.625,629157
2026-01-12 16:15:00+00:00,425.6400146484375,425.739990234375,424.7049865722656,424.7200012207031,615375
2026-01-12 16:30:00+00:00,424.7099914550781,425.0299987792969,423.6000061035156,423.9800109863281,1080528
2026-01-12 16:45:00+00:00,424.0,424.57000732421875,423.989990234375,424.4800109863281,409027
2026-01-12 17:00:00+00:00,424.4700012207031,424.6199951171875,424.1600036621094,424.33349609375,644627
2026-01-12 17:15:00+00:00,424.3800048828125,424.6000061035156,424.0299987792969,424.4200134277344,250625
2026-01-12 17:30:00+00:00,424.42498779296875,424.4800109863281,423.9100036621094,424.1499938964844,298547
2026-01-12 17:45:00+00:00,424.1400146484375,424.8450012207031,424.1400146484375,424.4599914550781,267189
2026-01-12 18:00:00+00:00,424.44000244140625,424.6600036621094,423.7099914550781,423.7099914550781,230972
2026-01-12 18:15:00+00:00,423.7099914550781,423.7300109863281,422.9649963378906,423.42999267578125,462203
2026-01-12 18:30:00+00:00,423.44879150390625,423.8999938964844,423.2099914550781,423.4200134277344,384837
2026-01-12 18:45:00+00:00,423.4100036621094,423.9700012207031,423.2200012207031,423.9100036621094,449818
2026-01-12 19:00:00+00:00,423.9200134277344,424.2799987792969,423.7200012207031,424.1700134277344,365359
2026-01-12 19:15:00+00:00,424.1700134277344,424.489990234375,424.04998779296875,424.45001220703125,378057
2026-01-12 19:30:00+00:00,424.4800109863281,424.6549987792969,424.20001220703125,424.4100036621094,527006
2026-01-12 19:45:00+00:00,424.4154968261719,424.4599914550781,423.75,423.95001220703125,385147
2026-01-12 20:00:00+00:00,423.94000244140625,423.9800109863281,422.8900146484375,423.19000244140625,575068
2026-01-12 20:15:00+00:00,423.20001220703125,423.30999755859375,422.860107421875,423.1199951171875,451512
2026-01-12 20:30:00+00:00,423.1199951171875,423.3399963378906,422.1099853515625,422.1199951171875,995510
2026-01-12 20:45:00+00:00,422.1300048828125,422.8299865722656,422.0,422.18011474609375,1713764
2026-01-13 14:30:00+00:00,424.5899963378906,425.30999755859375,423.92999267578125,425.2799987792969,1536041
2026-01-13 14:45:00+00:00,425.2699890136719,426.1199951171875,424.9800109863281,425.6199951171875,1303920
2026-01-13 15:00:00+00:00,425.5899963378906,425.6600036621094,424.2099914550781,424.8900146484375,848436
2026-01-13 15:15:00+00:00,424.8900146484375,425.07000732421875,422.989990234375,423.7300109863281,895542
2026-01-13 15:30:00+00:00,423.7300109863281,424.44000244140625,423.3681945800781,424.2799987792969,440038
2026-01-13 15:45:00+00:00,424.2699890136719,424.8699951171875,424.1099853515625,424.7300109863281,330110
2026-01-13 16:00:00+00:00,424.67999267578125,424.8599853515625,423.5400085449219,424.0799865722656,434815
2026-01-13 16:15:00+00:00,424.05999755859375,424.1000061035156,422.25,422.739990234375,513089
2026-01-13 16:30:00+00:00,422.75,423.7699890136719,422.6000061035156,423.7099914550781,391951
2026-01-13 16:45:00+00:00,423.7200012207031,424.20001220703125,423.6099853515625,424.1600036621094,303900
2026-01-13 17:00:00+00:00,424.1499938964844,424.3999938964844,423.54998779296875,423.69000244140625,269901
2026-01-13 17:15:00+00:00,423.67999267578125,424.0799865722656,423.5199890136719,423.8399963378906,273840
2026-01-13 17:30:00+00:00,423.82000732421875,424.0400085449219,423.2200012207031,423.3630065917969,217581
2026-01-13 17:45:00+00:00,423.3299865722656,423.54998779296875,421.69000244140625,422.010009765625,720419
2026-01-13 18:00:00+00:00,422.0,422.3699951171875,421.57000732421875,422.3699951171875,1008436
2026-01-13 18:15:00+00:00,422.3699951171875,422.45001220703125,421.1600036621094,422.1600036621094,928216
2026-01-13 18:30:00+00:00,422.1600036621094,423.010009765625,421.9800109863281,422.94000244140625,691285
2026-01-13 18:45:00+00:00,422.95001220703125,423.1300048828125,422.3399963378906,422.3500061035156,496428
2026-01-13 19:00:00+00:00,422.3399963378906,422.54998779296875,421.4800109863281,422.5400085449219,622694
2026-01-13 19:15:00+00:00,422.5400085449219,422.69000244140625,421.5400085449219,422.3299865722656,386360
2026-01-13 19:30:00+00:00,422.3299865722656,422.8699951171875,422.2500915527344,422.54998779296875,450789
2026-01-13 19:45:00+00:00,422.5400085449219,422.8500061035156,422.0799865722656,422.70001220703125,260683
2026-01-13 20:00:00+00:00,422.7300109863281,422.760009765625,422.010009765625,422.2900085449219,395635
2026-01-13 20:15:00+00:00,422.29998779296875,422.510009765625,421.80999755859375,421.9200134277344,404937
2026-01-13 20:30:00+00:00,421.92498779296875,421.9700012207031,420.07000732421875,421.5400085449219,1227378
2026-01-13 20:45:00+00:00,421.5199890136719,421.95001220703125,421.29998779296875,421.6000061035156,947309
2026-01-14 14:30:00+00:00,426.0299987792969,426.1199951171875,424.2099914550781,424.6199951171875,2146196
2026-01-14 14:45:00+00:00,424.6099853515625,424.82000732421875,423.5199890136719,424.5799865722656,1118339
2026-01-14 15:00:00+00:00,424.55999755859375,424.55999755859375,422.8398132324219,424.32000732421875,1248415
2026-01-14 15:15:00+00:00,424.29998779296875,425.3500061035156,424.17999267578125,424.32989501953125,714721
2026-01-14 15:30:00+00:00,424.32000732421875,424.94000244140625,423.79998779296875,424.1000061035156,714786
2026-01-14 15:45:00+00:00,424.07000732421875,424.67999267578125,423.8299865722656,424.55999755859375,486261
2026-01-14 16:00:00+00:00,424.57000732421875,424.88690185546875,424.2699890136719,424.5350036621094,468127
2026-01-14 16:15:00+00:00,424.5325012207031,425.20001220703125,424.4100036621094,424.8949890136719,576565
2026-01-14 16:30:00+00:00,424.8699951171875,425.010009765625,424.1300048828125,424.2998962402344,653282
2026-01-14 16:45:00+00:00,424.260009765625,424.4949951171875,423.67999267578125,424.45001220703125,476492
2026-01-14 17:00:00+00:00,424.45001220703125,424.6300048828125,423.7900085449219,424.3299865722656,396477
2026-01-14 17:15:00+00:00,424.3349914550781,424.3349914550781,423.3900146484375,423.94000244140625,391383
2026-01-14 17:30:00+00:00,423.94000244140625,423.989990234375,422.9700012207031,423.2799987792969,534690
2026-01-14 17:45:00+00:00,423.2699890136719,424.3800048828125,423.25,424.19000244140625,748838
2026-01-14 18:00:00+00:00,424.1700134277344,425.0400085449219,424.0400085449219,425.0400085449219,818912
2026-01-14 18:15:00+00:00,425.0299987792969,425.6400146484375,424.9100036621094,425.4800109863281,429606
2026-01-14 18:30:00+00:00,425.4700012207031,425.9800109863281,425.42999267578125,425.7900085449219,425806
2026-01-14 18:45:00+00:00,425.7850036621094,426.3399963378906,425.6499938964844,426.1300048828125,380954
2026-01-14 19:00:00+00:00,426.1300048828125,426.8599853515625,425.9800109863281,426.30999755859375,611024
2026-01-14 19:15:00+00:00,426.3299865722656,426.57000732421875,426.0400085449219,426.12188720703125,402765
2026-01-14 19:30:00+00:00,426.1300048828125,426.6400146484375,426.05999755859375,426.5979919433594,320908
2026-01-14 19:45:00+00:00,426.5899963378906,426.7149963378906,426.1903076171875,426.510009765625,471364
2026-01-14 20:00:00+00:00,426.510009765625,426.739990234375,425.30999755859375,426.239990234375,949222
2026-01-14 20:15:00+00:00,426.2349853515625,426.375,425.7300109863281,426.04998779296875,413692
2026-01-14 20:30:00+00:00,426.0400085449219,426.1600036621094,425.260009765625,425.2900085449219,685603
2026-01-14 20:45:00+00:00,425.3299865722656,425.9800109863281,425.30999755859375,425.94000244140625,1304179
2026-01-15 14:30:00+00:00,423.0199890136719,423.9200134277344,422.9100036621094,423.0199890136719,1597849
2026-01-15 14:45:00+00:00,423.0299987792969,424.2200012207031,422.7900085449219,423.8299865722656,926150
2026-01-15 15:00:00+00:00,423.80999755859375,424.2200012207031,423.07000732421875,423.9800109863281,1750170
2026-01-15 15:15:00+00:00,423.989990234375,424.44000244140625,423.82000732421875,424.243896484375,866137
2026-01-15 15:30:00+00:00,424.2099914550781,424.3399963378906,423.57000732421875,423.80999755859375,317357
2026-01-15 15:45:00+00:00,423.7900085449219,424.3599853515625,423.6264953613281,424.17999267578125,383307
2026-01-15 16:00:00+00:00,424.20001220703125,424.89990234375,423.5,424.75,721603
2026-01-15 16:15:00+00:00,424.79998779296875,425.05999755859375,423.7799987792969,423.80999755859375,674811
2026-01-15 16:30:00+00:00,423.82000732421875,423.9800109863281,423.17999267578125,423.45001220703125,361817
2026-01-15 16:45:00+00:00,423.42999267578125,423.5,422.8699951171875,423.260009765625,293202
2026-01-15 17:00:00+00:00,423.2799987792969,423.79998779296875,423.2799987792969,423.6600036621094,244517
2026-01-15 17:15:00+00:00,423.6400146484375,424.0199890136719,423.4800109863281,423.760009765625,406172
2026-01-15 17:30:00+00:00,423.70001220703125,424.2799987792969,423.70001220703125,424.0799865722656,255456
2026-01-15 17:45:00+00:00,424.0899963378906,424.30999755859375,424.0,424.2799987792969,269611
2026-01-15 18:00:00+00:00,424.2650146484375,424.6300048828125,424.239990234375,424.3800048828125,258331
2026-01-15 18:15:00+00:00,424.3900146484375,424.70001220703125,424.3500061035156,424.5299987792969,245496
2026-01-15 18:30:00+00:00,424.5400085449219,424.5400085449219,423.989990234375,424.1700134277344,227020
2026-01-15 18:45:00+00:00,424.1610107421875,424.6000061035156,424.1600036621094,424.3699951171875,546395
2026-01-15 19:00:00+00:00,424.3800048828125,424.79998779296875,424.3699951171875,424.5126953125,294881
2026-01-15 19:15:00+00:00,424.4800109863281,424.6600036621094,424.3800048828125,424.4200134277344,150473
2026-01-15 19:30:00+00:00,424.42999267578125,424.5199890136719,424.1300048828125,424.2900085449219,181380
2026-01-15 19:45:00+00:00,424.29998779296875,424.3299865722656,423.9150085449219,424.2099914550781,207332
2026-01-15 20:00:00+00:00,424.25,424.2550048828125,423.1199951171875,423.2799987792969,300459
2026-01-15 20:15:00+00:00,423.2799987792969,423.55999755859375,422.8299865722656,423.2699890136719,607872
2026-01-15 20:30:00+00:00,423.260009765625,423.6600036621094,423.1300048828125,423.5,420283
2026-01-15 20:45:00+00:00,423.510009765625,423.6099853515625,423.0799865722656,423.30999755859375,1458276
2026-01-16 14:30:00+00:00,422.79998779296875,424.010009765625,422.5299987792969,423.7099914550781,1231538
2026-01-16 14:45:00+00:00,423.7300109863281,424.2799987792969,423.5899963378906,423.69500732421875,756080
2026-01-16 15:00:00+00:00,423.67999267578125,424.79998779296875,423.67498779296875,424.4049987792969,704310
2026-01-16 15:15:00+00:00,424.4100036621094,424.5450134277344,419.6600036621094,419.67999267578125,2203895
2026-01-16 15:30:00+00:00,419.6700134277344,420.239990234375,417.0400085449219,418.79998779296875,3314572
2026-01-16 15:45:00+00:00,418.80999755859375,420.6499938964844,418.80999755859375,420.2550048828125,1665473
2026-01-16 16:00:00+00:00,420.260009765625,422.3699951171875,419.95001220703125,422.2799987792969,917416
2026-01-16 16:15:00+00:00,422.260009765625,422.6499938964844,421.45001220703125,422.1499938964844,734479
2026-01-16 16:30:00+00:00,422.1600036621094,422.7869873046875,421.8299865722656,422.5273132324219,479440
2026-01-16 16:45:00+00:00,422.5,422.6600036621094,421.2200012207031,422.07000732421875,585351
2026-01-16 17:00:00+00:00,422.0799865722656,422.2699890136719,421.5400085449219,422.05999755859375,274686
2026-01-16 17:15:00+00:00,422.04998779296875,422.07000732421875,420.75,420.92999267578125,554105
2026-01-16 17:30:00+00:00,420.9100036621094,421.67999267578125,420.79998779296875,421.0899963378906,263100
2026-01-16 17:45:00+00:00,421.0799865722656,421.42999267578125,420.92999267578125,421.1700134277344,473123
2026-01-16 18:00:00+00:00,421.1600036621094,421.8800048828125,421.0400085449219,421.45001220703125,295192
2026-01-16 18:15:00+00:00,421.45001220703125,422.1199951171875,421.2200012207031,421.94000244140625,243002
2026-01-16 18:30:00+00:00,421.9599914550781,422.5799865722656,421.80999755859375,422.5097961425781,566392
2026-01-16 18:45:00+00:00,422.5,422.5400085449219,421.239990234375,421.2799987792969,438500
2026-01-16 19:00:00+00:00,421.2699890136719,421.8299865722656,421.1099853515625,421.44000244140625,329930
2026-01-16 19:15:00+00:00,421.44000244140625,421.6400146484375,421.1400146484375,421.42999267578125,1216872
2026-01-16 19:30:00+00:00,421.4327087402344,422.15008544921875,421.42999267578125,421.9200134277344,775206
2026-01-16 19:45:00+00:00,421.95001220703125,422.239990234375,421.8699951171875,422.05999755859375,275573
2026-01-16 20:00:00+00:00,422.05999755859375,422.54998779296875,421.9100036621094,422.260009765625,314701
2026-01-16 20:15:00+00:00,422.260009765625,422.2799987792969,421.7950134277344,421.8550109863281,166964
2026-01-16 20:30:00+00:00,421.8500061035156,421.8500061035156,421.1400146484375,421.45001220703125,532687
2026-01-16 20:45:00+00:00,421.4599914550781,421.8999938964844,421.17999267578125,421.2200012207031,1105782
2026-01-20 14:30:00+00:00,436.69000244140625,436.760009765625,434.6400146484375,435.5400085449219,3614349
2026-01-20 14:45:00+00:00,435.57000732421875,435.92999267578125,435.1000061035156,435.79998779296875,1015591
2026-01-20 15:00:00+00:00,435.7900085449219,436.489990234375,435.55999755859375,436.1300048828125,1638051
2026-01-20 15:15:00+00:00,436.1300048828125,436.1499938964844,434.1000061035156,434.2699890136719,1425359
2026-01-20 15:30:00+00:00,434.239990234375,435.32000732421875,434.1000061035156,435.0400085449219,1108408
2026-01-20 15:45:00+00:00,435.0400085449219,435.6300048828125,434.55999755859375,435.4599914550781,709890
2026-01-20 16:00:00+00:00,435.4700012207031,436.0450134277344,434.6499938964844,435.8299865722656,1216853
2026-01-20 16:15:00+00:00,435.8450012207031,436.0799865722656,435.260009765625,435.7799987792969,676247
2026-01-20 16:30:00+00:00,435.75,436.2300109863281,435.739990234375,436.2099914550781,804743
2026-01-20 16:45:00+00:00,436.2200012207031,437.32000732421875,436.2200012207031,436.989990234375,619873
2026-01-20 17:00:00+00:00,436.95001220703125,437.04998779296875,436.2900085449219,437.010009765625,453894
2026-01-20 17:15:00+00:00,437.0199890136719,437.2799987792969,436.7799987792969,437.1300048828125,627025
2026-01-20 17:30:00+00:00,437.1199951171875,437.42999267578125,436.82000732421875,437.260009765625,795256
2026-01-20 17:45:00+00:00,437.2900085449219,437.7799987792969,436.82000732421875,437.5150146484375,437793
2026-01-20 18:00:00+00:00,437.5199890136719,438.0400085449219,437.4599914550781,437.8699951171875,413851
2026-01-20 18:15:00+00:00,437.8764953613281,438.12579345703125,437.5199890136719,437.67913818359375,330014
2026-01-20 18:30:00+00:00,437.6700134277344,437.82000732421875,437.29998779296875,437.364990234375,573861
2026-01-20 18:45:00+00:00,437.3660888671875,437.6000061035156,436.8900146484375,437.5299987792969,255802
2026-01-20 19:00:00+00:00,437.5205993652344,437.6300048828125,437.260009765625,437.5,233022
2026-01-20 19:15:00+00:00,437.510009765625,438.139892578125,437.4200134277344,437.5199890136719,220677
2026-01-20 19:30:00+00:00,437.5249938964844,437.9599914550781,437.2950134277344,437.8999938964844,241905
2026-01-20 19:45:00+00:00,437.8900146484375,437.9599914550781,437.4200134277344,437.6400146484375,202185
2026-01-20 20:00:00+00:00,437.6300048828125,437.67999267578125,437.1700134277344,437.5899963378906,398867
2026-01-20 20:15:00+00:00,437.5899963378906,437.6499938964844,436.42010498046875,436.67999267578125,474342
2026-01-20 20:30:00+00:00,436.6600036621094,437.114990234375,436.5199890136719,436.6000061035156,478320
2026-01-20 20:45:00+00:00,436.6099853515625,437.3999938964844,436.58441162109375,437.2850036621094,1310289
2026-01-21 14:30:00+00:00,446.8699951171875,447.9999084472656,445.80999755859375,446.84991455078125,6255718
2026-01-21 14:45:00+00:00,446.8399963378906,446.9700012207031,445.510009765625,446.0199890136719,1532336
2026-01-21 15:00:00+00:00,445.9700012207031,447.6099853515625,445.57000732421875,446.7900085449219,1246697
2026-01-21 15:15:00+00:00,446.78271484375,446.95001220703125,442.4100036621094,444.07000732421875,2984704
2026-01-21 15:30:00+00:00,444.0899963378906,445.45001220703125,443.89898681640625,444.6499938964844,1161723
2026-01-21 15:45:00+00:00,444.739990234375,446.2499084472656,444.32000732421875,445.6300048828125,744942
2026-01-21 16:00:00+00:00,445.6400146484375,446.3800048828125,445.2300109863281,445.55999755859375,731195
2026-01-21 16:15:00+00:00,445.55499267578125,446.05999755859375,443.8699951171875,444.8699951171875,815136
2026-01-21 16:30:00+00:00,444.8699951171875,445.82000732421875,444.0,444.385009765625,1444782
2026-01-21 16:45:00+00:00,444.3800048828125,444.69000244140625,443.0,444.2850036621094,915751
2026-01-21 17:00:00+00:00,444.2850036621094,444.3500061035156,442.62060546875,442.9100036621094,905665
2026-01-21 17:15:00+00:00,442.8599853515625,443.6499938964844,442.5199890136719,443.1600036621094,793123
2026-01-21 17:30:00+00:00,443.1991882324219,443.1991882324219,441.3999938964844,442.05999755859375,1454410
2026-01-21 17:45:00+00:00,442.07501220703125,443.70001220703125,442.0,443.5799865722656,518161
2026-01-21 18:00:00+00:00,443.55999755859375,444.1600036621094,443.2699890136719,443.5299987792969,565764
2026-01-21 18:15:00+00:00,443.5299987792969,444.0899963378906,443.0,443.9100036621094,499147
2026-01-21 18:30:00+00:00,444.4898986816406,444.7650146484375,444.0299987792969,444.7200012207031,770254
2026-01-21 18:45:00+00:00,444.7200012207031,445.8900146484375,444.55999755859375,445.8399963378906,633754
2026-01-21 19:00:00+00:00,445.8500061035156,445.94000244140625,445.17999267578125,445.75,560858
2026-01-21 19:15:00+00:00,445.739990234375,446.2200012207031,441.6300048828125,442.67999267578125,1840221
2026-01-21 19:30:00+00:00,442.7300109863281,443.247802734375,437.94000244140625,438.05999755859375,3953689
2026-01-21 19:45:00+00:00,438.05999755859375,439.6300048828125,437.1099853515625,439.489990234375,1751168
2026-01-21 20:00:00+00:00,439.4700012207031,440.0899963378906,438.70001220703125,440.0400085449219,1012512
2026-01-21 20:15:00+00:00,440.04998779296875,441.25,439.81500244140625,440.9649963378906,918806
2026-01-21 20:30:00+00:00,440.8500061035156,443.2200012207031,440.8500061035156,443.06500244140625,2320197
2026-01-21 20:45:00+00:00,443.07000732421875,443.7900085449219,442.7300109863281,443.7200012207031,1914215
2026-01-22 14:30:00+00:00,443.8399963378906,445.5498962402344,443.7200012207031,445.3599853515625,2258988
2026-01-22 14:45:00+00:00,445.3800048828125,445.45001220703125,444.38970947265625,444.4100036621094,584918
2026-01-22 15:00:00+00:00,444.3900146484375,444.8999938964844,443.55999755859375,444.78399658203125,810756
2026-01-22 15:15:00+00:00,444.7900085449219,446.30999755859375,444.5,446.1300048828125,1357634
2026-01-22 15:30:00+00:00,446.1300048828125,447.239990234375,446.0769958496094,447.010009765625,1039169
2026-01-22 15:45:00+00:00,447.010009765625,447.92999267578125,446.75,447.75,493921
2026-01-22 16:00:00+00:00,447.79998779296875,448.19000244140625,447.41009521484375,447.9200134277344,654946
2026-01-22 16:15:00+00:00,447.92999267578125,448.5799865722656,447.6499938964844,448.1650085449219,539217
2026-01-22 16:30:00+00:00,448.17620849609375,449.0,447.8999938964844,448.625,466939
2026-01-22 16:45:00+00:00,448.6499938964844,449.03900146484375,448.010009765625,448.3299865722656,473183
2026-01-22 17:00:00+00:00,448.3399963378906,448.9346923828125,447.4800109863281,448.510009765625,865683
2026-01-22 17:15:00+00:00,448.54998779296875,449.7900085449219,448.1300048828125,449.4100036621094,514116
2026-01-22 17:30:00+00:00,449.4585876464844,450.30999755859375,449.3299865722656,450.2807922363281,539579
2026-01-22 17:45:00+00:00,450.260009765625,450.909912109375,450.0299987792969,450.7449951171875,467181
2026-01-22 18:00:00+00:00,450.739990234375,451.7699890136719,450.4800109863281,451.1300048828125,738131
2026-01-22 18:15:00+00:00,451.1000061035156,451.6199951171875,450.9800109863281,451.2900085449219,321245
2026-01-22 18:30:00+00:00,451.2900085449219,451.82000732421875,451.0400085449219,451.57000732421875,432758
2026-01-22 18:45:00+00:00,451.54998779296875,452.1700134277344,451.3599853515625,451.8299865722656,577245
2026-01-22 19:00:00+00:00,451.8599853515625,452.6300048828125,451.79998779296875,452.5299987792969,409960
2026-01-22 19:15:00+00:00,452.55999755859375,452.55999755859375,451.25,451.6700134277344,791172
2026-01-22 19:30:00+00:00,451.70001220703125,452.010009765625,451.6300048828125,451.635009765625,251106
2026-01-22 19:45:00+00:00,451.614990234375,451.6203308105469,450.9100036621094,451.4649963378906,632374
2026-01-22 20:00:00+00:00,451.49951171875,452.7799987792969,451.4200134277344,452.7300109863281,530033
2026-01-22 20:15:00+00:00,452.739990234375,452.9841003417969,452.6199951171875,452.7398986816406,586136
2026-01-22 20:30:00+00:00,452.739990234375,452.8699951171875,452.0799865722656,452.4599914550781,743226
2026-01-22 20:45:00+00:00,452.4700012207031,452.67999267578125,451.6099853515625,451.9200134277344,1138291
2026-01-23 14:30:00+00:00,454.1099853515625,455.0398864746094,453.45440673828125,454.80999755859375,2266608
2026-01-23 14:45:00+00:00,454.8599853515625,455.6400146484375,454.3349914550781,454.3599853515625,868092
2026-01-23 15:00:00+00:00,454.3699951171875,455.6000061035156,453.95001220703125,455.29998779296875,908006
2026-01-23 15:15:00+00:00,455.30999755859375,455.439697265625,454.3299865722656,454.5498962402344,820641
2026-01-23 15:30:00+00:00,454.5849914550781,456.07000732421875,454.489990234375,455.92999267578125,935028
2026-01-23 15:45:00+00:00,455.92999267578125,456.2699890136719,455.17999267578125,456.04998779296875,820667
2026-01-23 16:00:00+00:00,456.04998779296875,457.510009765625,455.8900146484375,457.0199890136719,1018717
2026-01-23 16:15:00+00:00,457.0,458.4200134277344,456.8699951171875,458.31500244140625,768844
2026-01-23 16:30:00+00:00,458.3299865722656,458.54998779296875,457.7099914550781,458.1000061035156,659548
2026-01-23 16:45:00+00:00,458.0799865722656,458.0799865722656,457.4200134277344,457.8399963378906,511114
2026-01-23 17:00:00+00:00,457.8599853515625,458.4700012207031,457.510009765625,458.2699890136719,468626
2026-01-23 17:15:00+00:00,458.25,458.57000732421875,457.8999938964844,458.1099853515625,446085
2026-01-23 17:30:00+00:00,458.1199951171875,458.5799865722656,457.989990234375,458.1099853515625,498672
2026-01-23 17:45:00+00:00,458.0950012207031,458.29998779296875,456.1300048828125,456.5,683986
2026-01-23 18:00:00+00:00,456.54998779296875,458.1000061035156,456.44000244140625,457.9150085449219,639596
2026-01-23 18:15:00+00:00,457.8900146484375,458.239990234375,457.625,457.69000244140625,435817
2026-01-23 18:30:00+00:00,457.7300109863281,457.79998779296875,456.29998779296875,456.3399963378906,821892
2026-01-23 18:45:00+00:00,456.3399963378906,456.869384765625,455.7699890136719,456.510009765625,737557
2026-01-23 19:00:00+00:00,456.57000732421875,457.70001220703125,456.55499267578125,457.2799987792969,622829
2026-01-23 19:15:00+00:00,457.2875061035156,457.7200012207031,457.2300109863281,457.5700988769531,359399
2026-01-23 19:30:00+00:00,457.5799865722656,457.8900146484375,457.30999755859375,457.7300109863281,419070
2026-01-23 19:45:00+00:00,457.7200012207031,458.75,457.6700134277344,458.2200012207031,1048835
2026-01-23 20:00:00+00:00,458.19500732421875,458.3399963378906,456.9800109863281,457.94000244140625,758951
2026-01-23 20:15:00+00:00,457.95001220703125,458.3349914550781,457.6400146484375,457.92999267578125,636033
2026-01-23 20:30:00+00:00,457.92999267578125,458.1600036621094,457.45001220703125,458.0697937011719,853060
2026-01-23 20:45:00+00:00,458.07000732421875,458.2300109863281,457.7200012207031,457.8399963378906,1856788
2026-01-26 14:30:00+00:00,466.7799987792969,468.0199890136719,466.42999267578125,467.1300048828125,3861985
2026-01-26 14:45:00+00:00,467.0899963378906,468.5799865722656,467.0299987792969,468.44000244140625,1625625
2026-01-26 15:00:00+00:00,468.45001220703125,468.55999755859375,467.4649963378906,468.3598937988281,1622078
2026-01-26 15:15:00+00:00,468.3500061035156,468.5315856933594,467.3399963378906,467.92999267578125,1186240
2026-01-26 15:30:00+00:00,467.92999267578125,468.1300048828125,466.260009765625,466.75,1307098
2026-01-26 15:45:00+00:00,466.75,468.3500061035156,466.7300109863281,467.95001220703125,893423
2026-01-26 16:00:00+00:00,467.94000244140625,469.25,467.79998779296875,468.94000244140625,1149651
2026-01-26 16:15:00+00:00,468.92999267578125,469.18499755859375,466.0400085449219,466.5162048339844,1260240
2026-01-26 16:30:00+00:00,466.54998779296875,467.30999755859375,465.5535888671875,466.6846923828125,1657266
2026-01-26 16:45:00+00:00,466.65899658203125,468.2799987792969,466.65899658203125,467.8500061035156,670453
2026-01-26 17:00:00+00:00,467.8599853515625,468.54998779296875,467.45001220703125,468.260009765625,721211
2026-01-26 17:15:00+00:00,468.2698974609375,468.3800048828125,467.0299987792969,467.7300109863281,511003
2026-01-26 17:30:00+00:00,467.7099914550781,469.05999755859375,467.1700134277344,469.0299987792969,591685
2026-01-26 17:45:00+00:00,469.0400085449219,469.2799987792969,468.5400085449219,468.8699951171875,778571
2026-01-26 18:00:00+00:00,468.8399963378906,469.0950012207031,466.6400146484375,466.7950134277344,1142521
2026-01-26 18:15:00+00:00,466.8299865722656,468.0,466.6000061035156,467.42999267578125,676543
2026-01-26 18:30:00+00:00,467.3999938964844,467.4483947753906,464.8699951171875,465.45001220703125,1283104
2026-01-26 18:45:00+00:00,465.489990234375,467.260009765625,465.43499755859375,465.8999938964844,879006
2026-01-26 19:00:00+00:00,465.95001220703125,466.010009765625,462.9100036621094,465.0899963378906,2166871
2026-01-26 19:15:00+00:00,465.0899963378906,465.2099914550781,461.5,462.1199951171875,1779258
2026-01-26 19:30:00+00:00,462.05999755859375,463.5614929199219,461.8599853515625,462.7300109863281,1011032
2026-01-26 19:45:00+00:00,462.7298889160156,463.0400085449219,460.3599853515625,462.22900390625,1236596
2026-01-26 20:00:00+00:00,462.2099914550781,464.5,461.95001220703125,464.1935119628906,771823
2026-01-26 20:15:00+00:00,464.1400146484375,464.7799987792969,463.2099914550781,464.7699890136719,1005010
2026-01-26 20:30:00+00:00,464.79998779296875,465.2799987792969,462.7099914550781,463.8299865722656,1230368
2026-01-26 20:45:00+00:00,463.8349914550781,465.1300048828125,463.5,464.7099914550781,1525149
2026-01-27 14:30:00+00:00,465.07000732421875,467.1700134277344,465.010009765625,466.9100036621094,3121671
2026-01-27 14:45:00+00:00,466.8900146484375,466.94000244140625,464.2200012207031,464.4700012207031,1074702
2026-01-27 15:00:00+00:00,464.3999938964844,466.0799865722656,463.95001220703125,464.8996887207031,1536782
2026-01-27 15:15:00+00:00,464.8550109863281,466.70001220703125,464.739990234375,465.9818115234375,789137
2026-01-27 15:30:00+00:00,465.9879150390625,467.6199951171875,465.9200134277344,467.0199890136719,629623
2026-01-27 15:45:00+00:00,467.0199890136719,468.0400085449219,466.9700012207031,468.0,625005
2026-01-27 16:00:00+00:00,468.0199890136719,468.7099914550781,467.3299865722656,468.3500061035156,604574
2026-01-27 16:15:00+00:00,468.3500061035156,469.1099853515625,468.2269287109375,468.67498779296875,573971
2026-01-27 16:30:00+00:00,468.7099914550781,468.7499084472656,467.4800109863281,467.69000244140625,648368
2026-01-27 16:45:00+00:00,467.70001220703125,468.1000061035156,467.260009765625,467.6700134277344,384187
2026-01-27 17:00:00+00:00,467.7300109863281,468.1000061035156,466.94000244140625,468.0299987792969,409792
2026-01-27 17:15:00+00:00,468.0400085449219,468.25,466.94000244140625,467.7300109863281,882202
2026-01-27 17:30:00+00:00,467.6600036621094,467.8599853515625,466.81500244140625,467.1600036621094,374649
2026-01-27 17:45:00+00:00,467.0899963378906,467.4700012207031,466.6236877441406,467.0450134277344,487289
2026-01-27 18:00:00+00:00,467.05999755859375,467.6300048828125,466.6099853515625,467.114990234375,214171
2026-01-27 18:15:00+00:00,467.10198974609375,467.79998779296875,466.82000732421875,467.4150085449219,342998
2026-01-27 18:30:00+00:00,467.5,468.07000732421875,467.4599914550781,467.69989013671875,314858
2026-01-27 18:45:00+00:00,467.70001220703125,468.3599853515625,467.6499938964844,467.70001220703125,370540
2026-01-27 19:00:00+00:00,467.69000244140625,467.7749938964844,467.010009765625,467.5950012207031,377443
2026-01-27 19:15:00+00:00,467.57000732421875,467.92999267578125,467.44000244140625,467.639892578125,274717
2026-01-27 19:30:00+00:00,467.6400146484375,468.1600036621094,467.6300048828125,468.1400146484375,362192
2026-01-27 19:45:00+00:00,468.1700134277344,468.8299865722656,467.8999938964844,468.67999267578125,437792
2026-01-27 20:00:00+00:00,468.6600036621094,472.7900085449219,468.5799865722656,472.6099853515625,2058505
2026-01-27 20:15:00+00:00,472.57501220703125,473.5299987792969,471.7300109863281,472.5799865722656,1984394
2026-01-27 20:30:00+00:00,472.55999755859375,473.3299865722656,471.7300109863281,472.69000244140625,3363895
2026-01-27 20:45:00+00:00,472.70001220703125,476.489990234375,472.70001220703125,475.92999267578125,3429520
2026-01-28 14:30:00+00:00,483.3900146484375,485.7099914550781,482.5408020019531,485.17999267578125,3677415
2026-01-28 14:45:00+00:00,485.260009765625,486.1700134277344,484.3999938964844,485.9599914550781,1032584
2026-01-28 15:00:00+00:00,485.9590148925781,487.0400085449219,481.2500915527344,483.2449951171875,3266788
2026-01-28 15:15:00+00:00,483.2149963378906,484.8900146484375,482.1199951171875,484.3900146484375,1825902
2026-01-28 15:30:00+00:00,484.44000244140625,485.739990234375,484.1400146484375,485.3900146484375,959054
2026-01-28 15:45:00+00:00,485.3800048828125,485.489990234375,484.1300048828125,485.1700134277344,1041220
2026-01-28 16:00:00+00:00,485.2182922363281,486.1499938964844,484.85101318359375,485.7200012207031,681574
2026-01-28 16:15:00+00:00,485.739990234375,486.6000061035156,485.5199890136719,486.0198974609375,793639
2026-01-28 16:30:00+00:00,486.0299987792969,486.1600036621094,484.9599914550781,485.67999267578125,872148
2026-01-28 16:45:00+00:00,485.67999267578125,487.3599853515625,485.54998779296875,487.1600036621094,820176
2026-01-28 17:00:00+00:00,487.17999267578125,487.79998779296875,486.4200134277344,486.7699890136719,884279
2026-01-28 17:15:00+00:00,486.739990234375,487.55999755859375,486.1449890136719,487.42999267578125,698298
2026-01-28 17:30:00+00:00,487.4299011230469,487.489990234375,485.610107421875,486.07000732421875,1032544
2026-01-28 17:45:00+00:00,486.05999755859375,487.6000061035156,485.79998779296875,486.94000244140625,1022505
2026-01-28 18:00:00+00:00,486.95001220703125,487.67999267578125,486.44000244140625,487.1300048828125,794308
2026-01-28 18:15:00+00:00,487.14990234375,489.5400085449219,487.0350036621094,487.6600036621094,1383992
2026-01-28 18:30:00+00:00,487.6700134277344,487.95001220703125,484.260009765625,484.760009765625,1879733
2026-01-28 18:45:00+00:00,484.7799987792969,485.6499938964844,484.5299987792969,485.6400146484375,1088666
2026-01-28 19:00:00+00:00,485.4750061035156,486.92999267578125,484.2200012207031,486.92999267578125,1132612
2026-01-28 19:15:00+00:00,486.9299011230469,487.3699951171875,485.5799865722656,485.6300048828125,654846
2026-01-28 19:30:00+00:00,485.6099853515625,488.3500061035156,485.3500061035156,488.260009765625,1324196
2026-01-28 19:45:00+00:00,488.17999267578125,490.1400146484375,487.5799865722656,489.5400085449219,1292448
2026-01-28 20:00:00+00:00,489.5299987792969,490.7799987792969,489.2900085449219,489.6400146484375,2781391
2026-01-28 20:15:00+00:00,489.6499938964844,492.30999755859375,489.1000061035156,492.20001220703125,1389321
2026-01-28 20:30:00+00:00,492.1700134277344,495.6099853515625,492.0400085449219,494.8599853515625,2927751
2026-01-28 20:45:00+00:00,494.9200134277344,495.8800048828125,493.3599853515625,494.3500061035156,3807951
2026-01-29 14:30:00+00:00,509.510009765625,509.70001220703125,505.5799865722656,507.0450134277344,7944379
2026-01-29 14:45:00+00:00,507.05499267578125,507.5799865722656,504.6199951171875,505.0,3636140
2026-01-29 15:00:00+00:00,504.9849853515625,504.9849853515625,493.2200012207031,494.885009765625,6509838
2026-01-29 15:15:00+00:00,494.8999938964844,495.1600036621094,469.04998779296875,476.9200134277344,10145631
2026-01-29 15:30:00+00:00,476.9200134277344,483.07000732421875,468.510009765625,470.35009765625,6723662
2026-01-29 15:45:00+00:00,470.6700134277344,478.8450927734375,470.1499938964844,476.1650085449219,3090719
2026-01-29 16:00:00+00:00,476.0899963378906,484.8699951171875,475.07000732421875,484.6600036621094,2612735
2026-01-29 16:15:00+00:00,484.5799865722656,486.7099914550781,480.8800048828125,486.0150146484375,2247134
2026-01-29 16:30:00+00:00,485.9700012207031,488.1700134277344,481.8999938964844,484.55999755859375,1982225
2026-01-29 16:45:00+00:00,484.6099853515625,484.89990234375,480.3265075683594,483.760009765625,1718597
2026-01-29 17:00:00+00:00,483.79998779296875,486.92999267578125,483.79998779296875,486.70001220703125,1187587
2026-01-29 17:15:00+00:00,486.6700134277344,493.260009765625,486.6300048828125,492.75,1791119
2026-01-29 17:30:00+00:00,492.5400085449219,494.1199951171875,490.4700012207031,493.3500061035156,1495891
2026-01-29 17:45:00+00:00,493.3949890136719,493.70001220703125,488.42999267578125,490.239990234375,1508969
2026-01-29 18:00:00+00:00,490.3399963378906,492.510009765625,489.79998779296875,492.17498779296875,805800
2026-01-29 18:15:00+00:00,492.25,492.6300048828125,487.80999755859375,489.7300109863281,1334519
2026-01-29 18:30:00+00:00,489.8450012207031,492.8699951171875,489.0400085449219,490.840087890625,1155857
2026-01-29 18:45:00+00:00,490.8399963378906,492.83990478515625,490.3500061035156,490.5899963378906,825192
2026-01-29 19:00:00+00:00,490.6400146484375,491.2298889160156,487.2699890136719,487.6400146484375,1568268
2026-01-29 19:15:00+00:00,487.6600036621094,490.0299987792969,487.42999267578125,488.7099914550781,1328297
2026-01-29 19:30:00+00:00,488.7349853515625,489.6000061035156,486.010009765625,488.5299987792969,1422900
2026-01-29 19:45:00+00:00,488.5505065917969,489.4198913574219,486.82000732421875,487.50360107421875,1021979
2026-01-29 20:00:00+00:00,487.54998779296875,488.010009765625,485.3599853515625,486.6300048828125,1161347
2026-01-29 20:15:00+00:00,486.6400146484375,489.3699951171875,486.05999755859375,488.6700134277344,886188
2026-01-29 20:30:00+00:00,488.7200012207031,492.4700012207031,487.8699951171875,492.0799865722656,1058385
2026-01-29 20:45:00+00:00,492.010009765625,496.8999938964844,491.95001220703125,495.73529052734375,2578851
2026-01-30 14:30:00+00:00,466.2449951171875,470.05999755859375,464.6600036621094,467.0299987792969,8818370
2026-01-30 14:45:00+00:00,467.07000732421875,468.6700134277344,460.8399963378906,462.6300964355469,3414170
2026-01-30 15:00:00+00:00,462.55999755859375,463.82000732421875,457.67999267578125,462.0899963378906,3824779
2026-01-30 15:15:00+00:00,462.07000732421875,465.1099853515625,462.0,464.1400146484375,636119
2026-02-02 18:45:00+00:00,428.7301025390625,429.31500244140625,426.8800048828125,428.0559997558594,16184823
2026-02-02 19:00:00+00:00,428.0920104980469,428.5163879394531,426.19000244140625,427.1199951171875,586319
2026-02-02 19:15:00+00:00,427.12890625,427.7799072265625,425.7250061035156,426.75,525659
2026-02-02 19:30:00+00:00,426.75,431.9732971191406,426.10009765625,431.5,725833
2026-02-02 19:45:00+00:00,431.56500244140625,433.18499755859375,429.8599853515625,430.6449890136719,1030600
2026-02-02 20:00:00+00:00,430.6300048828125,432.0498962402344,429.1700134277344,431.2025146484375,638241
2026-02-02 20:15:00+00:00,431.2099914550781,431.3999938964844,427.5000915527344,429.260009765625,1023570
2026-02-02 20:30:00+00:00,429.2699890136719,431.3999938964844,428.0,430.19000244140625,810376
2026-02-02 20:45:00+00:00,430.2099914550781,430.3900146484375,427.07501220703125,427.5799865722656,1755587
2026-02-03 14:30:00+00:00,452.6300048828125,453.0,449.7699890136719,452.0400085449219,5530556
2026-02-03 14:45:00+00:00,452.0050048828125,453.17999267578125,451.17999267578125,451.875,1375619
2026-02-03 15:00:00+00:00,451.875,454.8999938964844,450.7099914550781,453.69000244140625,1389752
2026-02-03 15:15:00+00:00,453.69000244140625,454.3599853515625,451.07000732421875,452.6900939941406,790464
2026-02-03 15:30:00+00:00,452.7799987792969,453.04998779296875,451.07000732421875,452.6050109863281,478060
2026-02-03 15:45:00+00:00,452.6499938964844,453.7300109863281,452.05999755859375,453.6600036621094,692937
2026-02-03 16:00:00+00:00,453.6600036621094,454.8800048828125,453.1401062011719,454.5,665187
2026-02-03 16:15:00+00:00,454.4549865722656,457.82000732421875,454.1700134277344,457.125,1264979
2026-02-03 16:30:00+00:00,457.0799865722656,459.0,456.3013916015625,457.8699951171875,1165343
2026-02-03 16:45:00+00:00,457.864990234375,458.0400085449219,455.1300048828125,455.489990234375,826595
2026-02-03 17:00:00+00:00,455.42999267578125,456.1300048828125,452.510009765625,454.375,1142668
2026-02-03 17:15:00+00:00,454.30999755859375,456.7799987792969,453.7663879394531,454.8699951171875,736448
2026-02-03 17:30:00+00:00,454.8500061035156,456.3074951171875,451.6400146484375,452.3963928222656,805202
2026-02-03 17:45:00+00:00,452.3299865722656,454.80999755859375,450.9200134277344,453.0299987792969,796241
2026-02-03 18:00:00+00:00,452.989990234375,455.2998962402344,452.70001220703125,454.2799987792969,842669
2026-02-03 18:15:00+00:00,454.3500061035156,454.760009765625,450.85009765625,451.25,997622
2026-02-03 18:30:00+00:00,451.2200012207031,452.0350036621094,448.30999755859375,450.8999938964844,1226614
2026-02-03 18:45:00+00:00,450.8900146484375,451.760009765625,449.55999755859375,451.1600036621094,592854
2026-02-03 19:00:00+00:00,451.0799865722656,452.0,448.5299987792969,451.82501220703125,920451
2026-02-03 19:15:00+00:00,451.85150146484375,453.45001220703125,451.6400146484375,453.1199951171875,1230473
2026-02-03 19:30:00+00:00,453.0799865722656,454.8699951171875,452.3500061035156,454.1099853515625,655329
2026-02-03 19:45:00+00:00,454.1099853515625,454.29998779296875,451.8900146484375,452.9150085449219,646219
2026-02-03 20:00:00+00:00,452.9049987792969,452.92999267578125,450.54998779296875,452.25,576934
2026-02-03 20:15:00+00:00,452.2810974121094,454.2900085449219,451.4801025390625,453.99249267578125,433279
2026-02-03 20:30:00+00:00,453.94000244140625,455.6199951171875,453.8800048828125,455.04998779296875,591339
2026-02-03 20:45:00+00:00,455.1099853515625,455.5787048339844,453.29998779296875,454.45001220703125,1108852
2026-02-04 14:30:00+00:00,462.4700012207031,463.1000061035156,456.5199890136719,459.20001220703125,4434085
2026-02-04 14:45:00+00:00,459.2099914550781,461.260009765625,456.9100036621094,458.3599853515625,1138399
2026-02-04 15:00:00+00:00,458.19000244140625,460.3500061035156,457.0899963378906,458.5899963378906,938156
2026-02-04 15:15:00+00:00,458.6294860839844,459.0,454.69000244140625,455.65948486328125,1016187
2026-02-04 15:30:00+00:00,455.7300109863281,456.0899963378906,449.19000244140625,454.29998779296875,1858211
2026-02-04 15:45:00+00:00,454.4100036621094,455.0,451.2200012207031,452.2099914550781,736438
2026-02-04 16:00:00+00:00,452.1600036621094,454.05999755859375,449.8800048828125,453.30999755859375,965017
2026-02-04 16:15:00+00:00,453.3800048828125,453.760009765625,449.3900146484375,452.5450134277344,780040
2026-02-04 16:30:00+00:00,452.5400085449219,453.5,449.92999267578125,450.03009033203125,1120103
2026-02-04 16:45:00+00:00,450.0899963378906,451.29998779296875,445.7099914550781,450.6400146484375,1559212
2026-02-04 17:00:00+00:00,450.6499938964844,452.3999938964844,449.6199951171875,452.32000732421875,931283
2026-02-04 17:15:00+00:00,452.260009765625,452.7200012207031,449.29998779296875,452.0400085449219,918611
2026-02-04 17:30:00+00:00,451.989990234375,453.135009765625,450.5,451.1485900878906,983957
2026-02-04 17:45:00+00:00,451.2099914550781,451.3490905761719,449.9800109863281,450.1400146484375,683292
2026-02-04 18:00:00+00:00,450.1400146484375,452.29998779296875,447.8500061035156,451.2618103027344,843822
2026-02-04 18:15:00+00:00,451.3599853515625,453.5799865722656,450.1000061035156,452.7950134277344,554859
2026-02-04 18:30:00+00:00,452.7699890136719,453.0400085449219,450.6311950683594,452.2464904785156,276796
2026-02-04 18:45:00+00:00,452.1499938964844,453.30999755859375,451.32000732421875,452.8399963378906,259430
2026-02-04 19:00:00+00:00,452.8900146484375,454.7799987792969,451.7200012207031,454.7799987792969,492434
2026-02-04 19:15:00+00:00,454.67999267578125,455.0,452.2799987792969,453.4700012207031,436668
2026-02-04 19:30:00+00:00,453.4800109863281,454.510009765625,452.9200134277344,454.30999755859375,283133
2026-02-04 19:45:00+00:00,454.3099060058594,455.69000244140625,453.20001220703125,454.17999267578125,511414
2026-02-04 20:00:00+00:00,454.2300109863281,454.6700134277344,452.3500061035156,453.45001220703125,326825
2026-02-04 20:15:00+00:00,453.4599914550781,453.76910400390625,452.20001220703125,452.3999938964844,319767
2026-02-04 20:30:00+00:00,452.4599914550781,455.0299987792969,451.69000244140625,454.20001220703125,368255
2026-02-04 20:45:00+00:00,454.2900085449219,455.04998779296875,453.5,453.8699951171875,823255
2026-02-05 14:30:00+00:00,444.2900085449219,447.0050048828125,441.5,446.4200134277344,3064523
2026-02-05 14:45:00+00:00,446.5400085449219,447.4898986816406,444.6000061035156,445.2900085449219,1105772
2026-02-05 15:00:00+00:00,445.260009765625,447.1099853515625,443.04998779296875,443.6000061035156,1032654
2026-02-05 15:15:00+00:00,443.55999755859375,445.2200012207031,442.2099914550781,442.8550109863281,625764
2026-02-05 15:30:00+00:00,442.80999755859375,444.6000061035156,441.8500061035156,442.010986328125,734953
2026-02-05 15:45:00+00:00,442.1300048828125,443.3299865722656,441.0,442.7349853515625,652932
2026-02-05 16:00:00+00:00,442.5199890136719,444.9100036621094,442.1600036621094,442.8599853515625,457259
2026-02-05 16:15:00+00:00,442.8299865722656,446.4100036621094,442.760009765625,445.6400146484375,500979
2026-02-05 16:30:00+00:00,445.9100036621094,448.489990234375,445.1099853515625,448.25,688473
2026-02-05 16:45:00+00:00,448.3299865722656,450.8999938964844,446.92999267578125,449.17999267578125,722362
2026-02-05 17:00:00+00:00,449.29998779296875,449.42999267578125,447.1600036621094,447.92999267578125,536481
2026-02-05 17:15:00+00:00,448.0,448.3800048828125,446.51031494140625,447.260009765625,446967
2026-02-05 17:30:00+00:00,447.1400146484375,448.2449951171875,446.4800109863281,447.5050048828125,193085
2026-02-05 17:45:00+00:00,447.57000732421875,448.8399963378906,446.95001220703125,447.42999267578125,250793
2026-02-05 18:00:00+00:00,447.5,448.02410888671875,446.0199890136719,446.7099914550781,186256
2026-02-05 18:15:00+00:00,446.7300109863281,447.9200134277344,445.70001220703125,447.45001220703125,396021
2026-02-05 18:30:00+00:00,447.3599853515625,447.7799987792969,445.95001220703125,447.5299987792969,181238
2026-02-05 18:45:00+00:00,447.55999755859375,447.7449951171875,445.739990234375,446.4100036621094,215131
2026-02-05 19:00:00+00:00,446.3699951171875,447.0599060058594,444.5799865722656,445.7200012207031,539380
2026-02-05 19:15:00+00:00,445.69000244140625,446.5199890136719,445.2799987792969,445.7900085449219,222827
2026-02-05 19:30:00+00:00,445.7900085449219,445.95001220703125,443.54998779296875,444.5,368360
2026-02-05 19:45:00+00:00,444.3900146484375,445.0899963378906,443.1099853515625,443.6499938964844,281524
2026-02-05 20:00:00+00:00,443.760009765625,445.0,442.20001220703125,444.1199951171875,387188
2026-02-05 20:15:00+00:00,444.04998779296875,444.2900085449219,441.989990234375,443.3299865722656,323079
2026-02-05 20:30:00+00:00,443.3699951171875,443.9800109863281,441.6199951171875,442.1499938964844,432484
2026-02-05 20:45:00+00:00,442.1400146484375,442.54998779296875,440.3500061035156,442.0,1444019
2026-02-06 14:30:00+00:00,450.6099853515625,454.75,450.17498779296875,453.3299865722656,2550094
2026-02-06 14:45:00+00:00,453.3699951171875,454.95001220703125,452.80999755859375,454.7900085449219,566014
2026-02-06 15:00:00+00:00,454.7900085449219,456.21990966796875,453.8999938964844,454.7099914550781,777478
2026-02-06 15:15:00+00:00,454.7250061035156,455.94000244140625,453.6199951171875,455.1549987792969,353194
2026-02-06 15:30:00+00:00,454.8399963378906,454.8800048828125,453.8800048828125,454.239990234375,544943
2026-02-06 15:45:00+00:00,454.1600036621094,454.7099914550781,452.9200134277344,454.1700134277344,295810
2026-02-06 16:00:00+00:00,454.70001220703125,454.9399108886719,453.8800048828125,454.1300048828125,289348
2026-02-06 16:15:00+00:00,454.1099853515625,454.489990234375,452.2300109863281,453.82000732421875,258573
2026-02-06 16:30:00+00:00,453.8800048828125,454.75,452.9700012207031,453.94000244140625,304682
2026-02-06 16:45:00+00:00,453.92999267578125,455.2300109863281,453.67999267578125,455.0849914550781,378020
2026-02-06 17:00:00+00:00,455.1000061035156,455.9599914550781,454.8299865722656,455.6828918457031,413246
2026-02-06 17:15:00+00:00,455.69000244140625,455.8699951171875,455.20001220703125,455.3949890136719,140199
2026-02-06 17:30:00+00:00,455.4599914550781,456.69000244140625,454.79998779296875,455.32000732421875,198002
2026-02-06 17:45:00+00:00,455.3800048828125,456.0,455.32000732421875,455.760009765625,67396
2026-02-06 18:00:00+00:00,456.1499938964844,456.92999267578125,455.760009765625,456.3500061035156,186717
2026-02-06 18:15:00+00:00,456.42999267578125,456.44500732421875,454.3205871582031,455.5,163267
2026-02-06 18:30:00+00:00,455.44000244140625,456.4200134277344,455.0603942871094,456.2300109863281,156135
2026-02-06 18:45:00+00:00,456.2699890136719,456.6000061035156,455.8900146484375,456.07000732421875,171246
2026-02-06 19:00:00+00:00,456.0400085449219,456.1400146484375,455.2699890136719,455.7449951171875,243823
2026-02-06 19:15:00+00:00,455.7099914550781,456.0400085449219,455.62109375,455.6449890136719,425855
2026-02-06 19:30:00+00:00,455.6199951171875,455.7900085449219,454.8299865722656,455.0799865722656,129938
2026-02-06 19:45:00+00:00,455.1499938964844,456.1499938964844,455.0899963378906,455.6400146484375,477387
2026-02-06 20:00:00+00:00,455.6000061035156,455.80999755859375,454.9599914550781,455.2200012207031,371320
2026-02-06 20:15:00+00:00,455.2149963378906,455.5400085449219,454.5799865722656,455.3800048828125,346217
2026-02-06 20:30:00+00:00,455.3800048828125,455.3800048828125,453.6600036621094,454.3349914550781,595901
2026-02-06 20:45:00+00:00,454.3599853515625,455.3800048828125,454.0299987792969,455.3500061035156,1631497
