Datetime,open,high,low,close,volume
2025-11-12 14:30:00+00:00,47.099998474121094,47.38999938964844,46.88999938964844,47.380001068115234,3343678
2025-11-12 14:45:00+00:00,47.3849983215332,47.56999969482422,47.224998474121094,47.51559829711914,3325906
2025-11-12 15:00:00+00:00,47.51499938964844,47.71500015258789,47.470001220703125,47.70500183105469,3626482
2025-11-12 15:15:00+00:00,47.70500183105469,47.79999923706055,47.54999923706055,47.72999954223633,2721107
2025-11-12 15:30:00+00:00,47.724998474121094,48.08000183105469,47.72460174560547,48.05009841918945,2552897
2025-11-12 15:45:00+00:00,48.04999923706055,48.209999084472656,47.9015007019043,48.029998779296875,2272322
2025-11-12 16:00:00+00:00,48.029998779296875,48.150001525878906,47.8849983215332,47.96500015258789,1520894
2025-11-12 16:15:00+00:00,47.970001220703125,48.18000030517578,47.9650993347168,48.16999816894531,1156244
2025-11-12 16:30:00+00:00,48.154998779296875,48.31999969482422,48.14500045776367,48.2401008605957,1303042
2025-11-12 16:45:00+00:00,48.2400016784668,48.529998779296875,48.16999816894531,48.489898681640625,1433511
2025-11-12 17:00:00+00:00,48.4900016784668,48.54999923706055,48.380001068115234,48.43000030517578,1550701
2025-11-12 17:15:00+00:00,48.435001373291016,48.45069885253906,48.27000045776367,48.34000015258789,2172768
2025-11-12 17:30:00+00:00,48.34000015258789,48.529998779296875,48.33000183105469,48.48500061035156,1461378
2025-11-12 17:45:00+00:00,48.4900016784668,48.540000915527344,48.41510009765625,48.485198974609375,1544828
2025-11-12 18:00:00+00:00,48.48649978637695,48.525001525878906,48.310001373291016,48.46500015258789,1096379
2025-11-12 18:15:00+00:00,48.46989822387695,48.6349983215332,48.42449951171875,48.590999603271484,1294937
2025-11-12 18:30:00+00:00,48.599998474121094,48.669898986816406,48.54999923706055,48.630001068115234,1261646
2025-11-12 18:45:00+00:00,48.625,48.689998626708984,48.560001373291016,48.644004821777344,1098230
2025-11-12 19:00:00+00:00,48.64820098876953,48.69990158081055,48.459999084472656,48.494998931884766,2131399
2025-11-12 19:15:00+00:00,48.4901008605957,48.54499816894531,48.415000915527344,48.494998931884766,1497808
2025-11-12 19:30:00+00:00,48.494998931884766,48.57848358154297,48.40999984741211,48.437198638916016,1181167
2025-11-12 19:45:00+00:00,48.439998626708984,48.5786018371582,48.439998626708984,48.564998626708984,734796
2025-11-12 20:00:00+00:00,48.560001373291016,48.599998474121094,48.459999084472656,48.54499816894531,1024694
2025-11-12 20:15:00+00:00,48.54999923706055,48.59550094604492,48.52000045776367,48.55500030517578,1285303
2025-11-12 20:30:00+00:00,48.55500030517578,48.599998474121094,48.52000045776367,48.54499816894531,1422374
2025-11-12 20:45:00+00:00,48.540000915527344,48.54999923706055,48.279998779296875,48.345001220703125,5309127
2025-11-13 14:30:00+00:00,48.290000915527344,48.41510009765625,47.709999084472656,47.779998779296875,7838910
2025-11-13 14:45:00+00:00,47.779998779296875,48.095001220703125,47.75,48.04999923706055,2643389
2025-11-13 15:00:00+00:00,48.040000915527344,48.2599983215332,47.9900016784668,48.130001068115234,1500195
2025-11-13 15:15:00+00:00,48.130001068115234,48.18000030517578,47.920101165771484,47.94649887084961,733874
2025-11-13 15:30:00+00:00,47.95000076293945,47.970001220703125,47.72999954223633,47.89500045776367,962837
2025-11-13 15:45:00+00:00,47.900001525878906,47.91999816894531,47.66999816894531,47.845001220703125,883351
2025-11-13 16:00:00+00:00,47.8406982421875,48.060001373291016,47.8406982421875,48.059898376464844,718498
2025-11-13 16:15:00+00:00,48.055599212646484,48.11090087890625,47.939998626708984,48.07500076293945,1063827
2025-11-13 16:30:00+00:00,48.07500076293945,48.20000076293945,47.9900016784668,48.06999969482422,1020832
2025-11-13 16:45:00+00:00,48.064998626708984,48.16510009765625,48.064998626708984,48.154998779296875,586102
2025-11-13 17:00:00+00:00,48.154998779296875,48.18000030517578,47.939998626708984,47.959999084472656,726244
2025-11-13 17:15:00+00:00,47.960201263427734,48.14500045776367,47.939998626708984,48.099998474121094,726453
2025-11-13 17:30:00+00:00,48.099998474121094,48.279998779296875,48.099998474121094,48.169898986816406,878003
2025-11-13 17:45:00+00:00,48.16999816894531,48.279998779296875,48.09000015258789,48.20000076293945,792709
2025-11-13 18:00:00+00:00,48.209999084472656,48.29999923706055,48.15999984741211,48.26499938964844,918399
2025-11-13 18:15:00+00:00,48.27000045776367,48.290000915527344,48.040000915527344,48.060001373291016,1409210
2025-11-13 18:30:00+00:00,48.06999969482422,48.06999969482422,47.209999084472656,47.45000076293945,5834412
2025-11-13 18:45:00+00:00,47.45500183105469,47.625,47.29990005493164,47.529998779296875,1706008
2025-11-13 19:00:00+00:00,47.529998779296875,47.540000915527344,47.33000183105469,47.345001220703125,1033112
2025-11-13 19:15:00+00:00,47.349998474121094,47.584999084472656,47.27000045776367,47.58000183105469,987653
2025-11-13 19:30:00+00:00,47.58449935913086,47.72999954223633,47.54999923706055,47.72999954223633,517441
2025-11-13 19:45:00+00:00,47.72999954223633,47.73500061035156,47.5099983215332,47.54999923706055,505423
2025-11-13 20:00:00+00:00,47.540000915527344,47.61989974975586,47.41999816894531,47.564998626708984,790472
2025-11-13 20:15:00+00:00,47.56999969482422,47.6599006652832,47.48429870605469,47.64830017089844,732225
2025-11-13 20:30:00+00:00,47.64899826049805,47.66999816894531,47.52009963989258,47.5364990234375,626072
2025-11-13 20:45:00+00:00,47.53010177612305,47.555999755859375,47.345001220703125,47.43009948730469,2054775
2025-11-14 14:30:00+00:00,45.77000045776367,46.060001373291016,45.400001525878906,46.029998779296875,7345244
2025-11-14 14:45:00+00:00,46.025001525878906,46.33000183105469,45.994998931884766,46.310001373291016,2361668
2025-11-14 15:00:00+00:00,46.310001373291016,46.349998474121094,46.119998931884766,46.34000015258789,1478301
2025-11-14 15:15:00+00:00,46.34000015258789,46.41510009765625,46.224998474121094,46.33000183105469,1615848
2025-11-14 15:30:00+00:00,46.334999084472656,46.375,46.2400016784668,46.2599983215332,642644
2025-11-14 15:45:00+00:00,46.25,46.55500030517578,46.245601654052734,46.53499984741211,1579033
2025-11-14 16:00:00+00:00,46.540000915527344,46.560001373291016,46.369998931884766,46.41999816894531,1034001
2025-11-14 16:15:00+00:00,46.43000030517578,46.70500183105469,46.41999816894531,46.630001068115234,1727257
2025-11-14 16:30:00+00:00,46.63999938964844,46.70500183105469,46.560001373291016,46.599998474121094,1793747
2025-11-14 16:45:00+00:00,46.599998474121094,46.61000061035156,46.543800354003906,46.584999084472656,704448
2025-11-14 17:00:00+00:00,46.58000183105469,46.628501892089844,46.42499923706055,46.4900016784668,798814
2025-11-14 17:15:00+00:00,46.5,46.5099983215332,46.41450119018555,46.4744987487793,317626
2025-11-14 17:30:00+00:00,46.474998474121094,46.56999969482422,46.439998626708984,46.44649887084961,1075860
2025-11-14 17:45:00+00:00,46.444068908691406,46.45500183105469,46.35449981689453,46.404998779296875,950128
2025-11-14 18:00:00+00:00,46.40999984741211,46.42499923706055,46.220001220703125,46.335601806640625,808036
2025-11-14 18:15:00+00:00,46.33000183105469,46.334800720214844,46.040000915527344,46.166500091552734,761328
2025-11-14 18:30:00+00:00,46.16579818725586,46.369998931884766,46.16579818725586,46.21500015258789,565338
2025-11-14 18:45:00+00:00,46.21500015258789,46.3650016784668,46.209999084472656,46.279998779296875,473049
2025-11-14 19:00:00+00:00,46.275001525878906,46.310001373291016,46.09000015258789,46.16749954223633,312677
2025-11-14 19:15:00+00:00,46.16999816894531,46.19990158081055,46.11000061035156,46.16559982299805,404053
2025-11-14 19:30:00+00:00,46.16999816894531,46.16999816894531,46.040000915527344,46.04999923706055,735912
2025-11-14 19:45:00+00:00,46.04499816894531,46.13999938964844,46.0,46.029998779296875,362330
2025-11-14 20:00:00+00:00,46.029998779296875,46.069000244140625,45.95009994506836,45.999900817871094,640282
2025-11-14 20:15:00+00:00,46.0,46.045799255371094,45.80500030517578,45.935001373291016,787290
2025-11-14 20:30:00+00:00,45.939998626708984,46.064998626708984,45.92499923706055,46.04520034790039,853064
2025-11-14 20:45:00+00:00,46.044498443603516,46.060001373291016,45.900001525878906,45.95500183105469,1157923
2025-11-17 14:30:00+00:00,45.86000061035156,46.150001525878906,45.790000915527344,46.025001525878906,2555234
2025-11-17 14:45:00+00:00,46.025001525878906,46.14500045776367,45.94499969482422,46.07500076293945,1763948
2025-11-17 15:00:00+00:00,46.060001373291016,46.09000015258789,45.849998474121094,45.98500061035156,704616
2025-11-17 15:15:00+00:00,45.98550033569336,46.13999938964844,45.88999938964844,46.08000183105469,645848
2025-11-17 15:30:00+00:00,46.084999084472656,46.209999084472656,46.06999969482422,46.18000030517578,528711
2025-11-17 15:45:00+00:00,46.16999816894531,46.18000030517578,45.9900016784668,46.040000915527344,516973
2025-11-17 16:00:00+00:00,46.040000915527344,46.064998626708984,45.79999923706055,45.91999816894531,755525
2025-11-17 16:15:00+00:00,45.91419982910156,46.11000061035156,45.871700286865234,46.10390090942383,595338
2025-11-17 16:30:00+00:00,46.11000061035156,46.224998474121094,46.11000061035156,46.13999938964844,725896
2025-11-17 16:45:00+00:00,46.14500045776367,46.18000030517578,46.025001525878906,46.1150016784668,387186
2025-11-17 17:00:00+00:00,46.1150016784668,46.20000076293945,46.095001220703125,46.165000915527344,273802
2025-11-17 17:15:00+00:00,46.17499923706055,46.25,46.1349983215332,46.230899810791016,418978
2025-11-17 17:30:00+00:00,46.2400016784668,46.2599983215332,46.119998931884766,46.15999984741211,395798
2025-11-17 17:45:00+00:00,46.15999984741211,46.18000030517578,46.11000061035156,46.16999816894531,318710
2025-11-17 18:00:00+00:00,46.16999816894531,46.220001220703125,46.13479995727539,46.17499923706055,370124
2025-11-17 18:15:00+00:00,46.16999816894531,46.25,46.06999969482422,46.1150016784668,361165
2025-11-17 18:30:00+00:00,46.11000061035156,46.119998931884766,46.04970169067383,46.1150016784668,363115
2025-11-17 18:45:00+00:00,46.11000061035156,46.16999816894531,45.880001068115234,45.894798278808594,567994
2025-11-17 19:00:00+00:00,45.88999938964844,45.97999954223633,45.779998779296875,45.935001373291016,472169
2025-11-17 19:15:00+00:00,45.939998626708984,45.97999954223633,45.7400016784668,45.80500030517578,603465
2025-11-17 19:30:00+00:00,45.810001373291016,45.880001068115234,45.18000030517578,45.23500061035156,2717574
2025-11-17 19:45:00+00:00,45.23500061035156,45.31999969482422,45.04249954223633,45.04499816894531,2267657
2025-11-17 20:00:00+00:00,45.040000915527344,45.32550048828125,44.94499969482422,45.2400016784668,1899486
2025-11-17 20:15:00+00:00,45.2400016784668,45.380001068115234,45.209999084472656,45.345001220703125,832528
2025-11-17 20:30:00+00:00,45.349998474121094,45.415000915527344,45.27000045776367,45.375,908666
2025-11-17 20:45:00+00:00,45.38999938964844,45.4900016784668,45.3650016784668,45.47999954223633,989255
2025-11-18 14:30:00+00:00,45.869998931884766,46.099998474121094,45.779998779296875,45.97999954223633,2893413
2025-11-18 14:45:00+00:00,45.9900016784668,46.119998931884766,45.81999969482422,45.8754997253418,1554285
2025-11-18 15:00:00+00:00,45.880001068115234,45.89500045776367,45.64500045776367,45.77000045776367,946527
2025-11-18 15:15:00+00:00,45.77000045776367,45.959999084472656,45.7400016784668,45.93000030517578,999800
2025-11-18 15:30:00+00:00,45.935001373291016,46.064998626708984,45.790000915527344,45.84000015258789,931028
2025-11-18 15:45:00+00:00,45.834999084472656,45.85649871826172,45.66999816894531,45.71760177612305,530009
2025-11-18 16:00:00+00:00,45.720001220703125,45.84989929199219,45.59000015258789,45.81119918823242,1839668
2025-11-18 16:15:00+00:00,45.82500076293945,45.9900016784668,45.790000915527344,45.9900016784668,703215
2025-11-18 16:30:00+00:00,45.9900016784668,46.025001525878906,45.91999816894531,45.98500061035156,590182
2025-11-18 16:45:00+00:00,45.97999954223633,46.02560043334961,45.91999816894531,45.974998474121094,543707
2025-11-18 17:00:00+00:00,45.970001220703125,46.01570129394531,45.8849983215332,45.939998626708984,347418
2025-11-18 17:15:00+00:00,45.93899917602539,45.97999954223633,45.869998931884766,45.8849983215332,224816
2025-11-18 17:30:00+00:00,45.880001068115234,46.089900970458984,45.869998931884766,46.04999923706055,337031
2025-11-18 17:45:00+00:00,46.039798736572266,46.09000015258789,45.97489929199219,46.03499984741211,305193
2025-11-18 18:00:00+00:00,46.040000915527344,46.1150016784668,46.040000915527344,46.060001373291016,323236
2025-11-18 18:15:00+00:00,46.05500030517578,46.0885009765625,45.959999084472656,45.9900016784668,240898
2025-11-18 18:30:00+00:00,45.9900016784668,46.125,45.970001220703125,46.05099868774414,597572
2025-11-18 18:45:00+00:00,46.060001373291016,46.11579895019531,46.029998779296875,46.079898834228516,240969
2025-11-18 19:00:00+00:00,46.08000183105469,46.36000061035156,46.074501037597656,46.35499954223633,763803
2025-11-18 19:15:00+00:00,46.349998474121094,46.400001525878906,46.27000045776367,46.30500030517578,971737
2025-11-18 19:30:00+00:00,46.30500030517578,46.38999938964844,46.2599983215332,46.31999969482422,618697
2025-11-18 19:45:00+00:00,46.33000183105469,46.43000030517578,46.31999969482422,46.41999816894531,760187
2025-11-18 20:00:00+00:00,46.41999816894531,46.439998626708984,46.22999954223633,46.239898681640625,668315
2025-11-18 20:15:00+00:00,46.2400016784668,46.279998779296875,46.104801177978516,46.165000915527344,651818
2025-11-18 20:30:00+00:00,46.1693000793457,46.189998626708984,46.10499954223633,46.10499954223633,899453
2025-11-18 20:45:00+00:00,46.099998474121094,46.150001525878906,46.07500076293945,46.080101013183594,1041233
2025-11-19 14:30:00+00:00,46.79999923706055,47.1150016784668,46.720001220703125,47.05500030517578,3756318
2025-11-19 14:45:00+00:00,47.04999923706055,47.30500030517578,46.999900817871094,47.27560043334961,1246508
2025-11-19 15:00:00+00:00,47.275001525878906,47.459999084472656,47.2599983215332,47.45650100708008,1628499
2025-11-19 15:15:00+00:00,47.457698822021484,47.5,47.154998779296875,47.18000030517578,1539562
2025-11-19 15:30:00+00:00,47.18000030517578,47.2599983215332,47.04010009765625,47.05970001220703,808240
2025-11-19 15:45:00+00:00,47.055198669433594,47.09000015258789,46.81999969482422,46.88999938964844,1030348
2025-11-19 16:00:00+00:00,46.89500045776367,46.938899993896484,46.77000045776367,46.855499267578125,984679
2025-11-19 16:15:00+00:00,46.85499954223633,46.88855743408203,46.28499984741211,46.34230041503906,2875285
2025-11-19 16:30:00+00:00,46.34000015258789,46.404998779296875,46.084999084472656,46.130001068115234,1263590
2025-11-19 16:45:00+00:00,46.1255989074707,46.2400016784668,46.0099983215332,46.064998626708984,1125960
2025-11-19 17:00:00+00:00,46.060001373291016,46.099998474121094,45.689998626708984,45.87990188598633,2538722
2025-11-19 17:15:00+00:00,45.869998931884766,46.08000183105469,45.86000061035156,46.060001373291016,1071174
2025-11-19 17:30:00+00:00,46.04999923706055,46.11830139160156,45.849998474121094,46.099998474121094,1027842
2025-11-19 17:45:00+00:00,46.099998474121094,46.19499969482422,46.025001525878906,46.164093017578125,1118307
2025-11-19 18:00:00+00:00,46.165000915527344,46.415000915527344,46.150001525878906,46.404998779296875,1329700
2025-11-19 18:15:00+00:00,46.40999984741211,46.429901123046875,46.29999923706055,46.34000015258789,700241
2025-11-19 18:30:00+00:00,46.33000183105469,46.43000030517578,46.2400016784668,46.41550064086914,506642
2025-11-19 18:45:00+00:00,46.40999984741211,46.58000183105469,46.39820098876953,46.5098991394043,627972
2025-11-19 19:00:00+00:00,46.5099983215332,46.52000045776367,46.33000183105469,46.38999938964844,924536
2025-11-19 19:15:00+00:00,46.38999938964844,46.4197998046875,46.230098724365234,46.28499984741211,722177
2025-11-19 19:30:00+00:00,46.28499984741211,46.310001373291016,46.209999084472656,46.27000045776367,361941
2025-11-19 19:45:00+00:00,46.279998779296875,46.41999816894531,46.26588821411133,46.34550094604492,379367
2025-11-19 20:00:00+00:00,46.34000015258789,46.435001373291016,46.31019973754883,46.435001373291016,286720
2025-11-19 20:15:00+00:00,46.439998626708984,46.599998474121094,46.439998626708984,46.540000915527344,460215
2025-11-19 20:30:00+00:00,46.53499984741211,46.55500030517578,46.439998626708984,46.44219970703125,653054
2025-11-19 20:45:00+00:00,46.45000076293945,46.5,46.349998474121094,46.45000076293945,1116756
2025-11-20 14:30:00+00:00,46.2599983215332,46.400001525878906,46.119998931884766,46.3650016784668,2320325
2025-11-20 14:45:00+00:00,46.349998474121094,46.6349983215332,46.31999969482422,46.459999084472656,2100636
2025-11-20 15:00:00+00:00,46.46419906616211,46.505001068115234,46.290000915527344,46.415000915527344,854565
2025-11-20 15:15:00+00:00,46.4098014831543,46.540000915527344,46.388301849365234,46.4900016784668,524066
2025-11-20 15:30:00+00:00,46.48820114135742,46.4900016784668,46.17499923706055,46.369998931884766,824892
2025-11-20 15:45:00+00:00,46.3650016784668,46.390098571777344,46.13999938964844,46.13999938964844,1165701
2025-11-20 16:00:00+00:00,46.13999938964844,46.290000915527344,46.11000061035156,46.16999816894531,871152
2025-11-20 16:15:00+00:00,46.16999816894531,46.23500061035156,46.02000045776367,46.040000915527344,1184860
2025-11-20 16:30:00+00:00,46.029998779296875,46.07500076293945,45.88999938964844,45.90999984741211,929081
2025-11-20 16:45:00+00:00,45.90999984741211,45.98500061035156,45.56999969482422,45.66999816894531,2825924
2025-11-20 17:00:00+00:00,45.665000915527344,45.7400016784668,45.53499984741211,45.689998626708984,1635648
2025-11-20 17:15:00+00:00,45.68000030517578,45.83980178833008,45.650001525878906,45.755001068115234,632678
2025-11-20 17:30:00+00:00,45.75,45.814998626708984,45.54999923706055,45.56999969482422,800483
2025-11-20 17:45:00+00:00,45.56999969482422,45.880001068115234,45.560001373291016,45.869998931884766,1030332
2025-11-20 18:00:00+00:00,45.86000061035156,46.025001525878906,45.84000015258789,45.97999954223633,1068394
2025-11-20 18:15:00+00:00,45.97999954223633,46.0099983215332,45.793399810791016,45.83000183105469,1780187
2025-11-20 18:30:00+00:00,45.83000183105469,45.92499923706055,45.779998779296875,45.815101623535156,673362
2025-11-20 18:45:00+00:00,45.810001373291016,45.810001373291016,45.56999969482422,45.65999984741211,675042
2025-11-20 19:00:00+00:00,45.65010070800781,45.775001525878906,45.59000015258789,45.73500061035156,516921
2025-11-20 19:15:00+00:00,45.7400016784668,46.15999984741211,45.665000915527344,46.0900993347168,1002748
2025-11-20 19:30:00+00:00,46.09000015258789,46.165000915527344,45.94499969482422,46.10499954223633,724363
2025-11-20 19:45:00+00:00,46.11000061035156,46.150001525878906,46.029998779296875,46.095001220703125,570575
2025-11-20 20:00:00+00:00,46.09000015258789,46.09000015258789,45.810001373291016,45.87820053100586,649727
2025-11-20 20:15:00+00:00,45.87519836425781,46.029998779296875,45.83000183105469,45.89500045776367,675040
2025-11-20 20:30:00+00:00,45.900001525878906,45.915000915527344,45.73500061035156,45.81999969482422,904622
2025-11-20 20:45:00+00:00,45.813499450683594,45.85499954223633,45.75,45.790000915527344,1177207
2025-11-21 14:30:00+00:00,44.900001525878906,45.0,44.810001373291016,44.869998931884766,5605854
2025-11-21 14:45:00+00:00,44.869998931884766,45.095001220703125,44.7599983215332,45.03990173339844,1306683
2025-11-21 15:00:00+00:00,45.040000915527344,45.14509963989258,44.95000076293945,45.1150016784668,732603
2025-11-21 15:15:00+00:00,45.11000061035156,45.244998931884766,45.01499938964844,45.099998474121094,753271
2025-11-21 15:30:00+00:00,45.09000015258789,45.14500045776367,44.79499816894531,44.959999084472656,1131197
2025-11-21 15:45:00+00:00,44.95539855957031,45.154998779296875,44.939998626708984,45.05500030517578,695527
2025-11-21 16:00:00+00:00,45.060001373291016,45.1349983215332,44.970001220703125,45.084999084472656,479843
2025-11-21 16:15:00+00:00,45.084999084472656,45.220001220703125,45.02000045776367,45.20000076293945,631652
2025-11-21 16:30:00+00:00,45.19599914550781,45.38999938964844,45.185001373291016,45.369998931884766,791895
2025-11-21 16:45:00+00:00,45.380001068115234,45.92499923706055,45.32500076293945,45.91999816894531,1285313
2025-11-21 17:00:00+00:00,45.91999816894531,45.95000076293945,45.55500030517578,45.564998626708984,1096623
2025-11-21 17:15:00+00:00,45.560001373291016,45.66550064086914,45.5,45.61000061035156,1308811
2025-11-21 17:30:00+00:00,45.619998931884766,45.70000076293945,45.5900993347168,45.65549850463867,1443996
2025-11-21 17:45:00+00:00,45.654998779296875,45.709999084472656,45.571800231933594,45.65480041503906,387376
2025-11-21 18:00:00+00:00,45.64500045776367,45.665000915527344,45.52000045776367,45.53499984741211,625725
2025-11-21 18:15:00+00:00,45.525001525878906,45.625,45.47999954223633,45.54999923706055,749582
2025-11-21 18:30:00+00:00,45.54999923706055,45.68920135498047,45.52510070800781,45.609901428222656,517476
2025-11-21 18:45:00+00:00,45.61000061035156,45.74509811401367,45.599998474121094,45.66999816894531,384445
2025-11-21 19:00:00+00:00,45.68000030517578,45.72999954223633,45.619998931884766,45.63779830932617,434177
2025-11-21 19:15:00+00:00,45.63819885253906,45.77000045776367,45.62139892578125,45.73500061035156,419778
2025-11-21 19:30:00+00:00,45.7400016784668,45.77000045776367,45.650001525878906,45.65999984741211,355595
2025-11-21 19:45:00+00:00,45.65010070800781,45.696998596191406,45.59000015258789,45.630001068115234,304808
2025-11-21 20:00:00+00:00,45.61439895629883,45.650001525878906,45.52170181274414,45.55500030517578,270584
2025-11-21 20:15:00+00:00,45.55500030517578,45.630001068115234,45.349998474121094,45.36800003051758,680109
2025-11-21 20:30:00+00:00,45.3650016784668,45.3650016784668,45.165000915527344,45.185001373291016,1121416
2025-11-21 20:45:00+00:00,45.18199920654297,45.310001373291016,45.1150016784668,45.30500030517578,1587958
2025-11-24 14:30:00+00:00,45.40999984741211,45.56999969482422,45.35499954223633,45.48500061035156,1825668
2025-11-24 14:45:00+00:00,45.470001220703125,45.66999816894531,45.46500015258789,45.63999938964844,787681
2025-11-24 15:00:00+00:00,45.630001068115234,45.79499816894531,45.630001068115234,45.7599983215332,1117571
2025-11-24 15:15:00+00:00,45.7599983215332,45.78369903564453,45.65999984741211,45.70500183105469,662288
2025-11-24 15:30:00+00:00,45.70000076293945,45.779998779296875,45.66999816894531,45.72999954223633,712575
2025-11-24 15:45:00+00:00,45.721099853515625,45.779998779296875,45.63999938964844,45.67499923706055,672412
2025-11-24 16:00:00+00:00,45.68000030517578,45.755001068115234,45.63999938964844,45.75,360495
2025-11-24 16:15:00+00:00,45.75,45.790000915527344,45.7036018371582,45.73500061035156,680778
2025-11-24 16:30:00+00:00,45.73500061035156,45.834999084472656,45.724998474121094,45.81700134277344,599436
2025-11-24 16:45:00+00:00,45.81010055541992,45.849998474121094,45.790000915527344,45.84000015258789,361546
2025-11-24 17:00:00+00:00,45.849998474121094,45.869998931884766,45.7400016784668,45.76499938964844,560386
2025-11-24 17:15:00+00:00,45.76499938964844,45.869998931884766,45.75,45.86830139160156,1088848
2025-11-24 17:30:00+00:00,45.869998931884766,45.888999938964844,45.84000015258789,45.8754997253418,487347
2025-11-24 17:45:00+00:00,45.869998931884766,45.98979949951172,45.86029815673828,45.90999984741211,469054
2025-11-24 18:00:00+00:00,45.900001525878906,45.96989822387695,45.84000015258789,45.96989822387695,342808
2025-11-24 18:15:00+00:00,45.959999084472656,45.974998474121094,45.915000915527344,45.93000030517578,288869
2025-11-24 18:30:00+00:00,45.92499923706055,46.15999984741211,45.92499923706055,46.154998779296875,1224818
2025-11-24 18:45:00+00:00,46.154998779296875,46.275001525878906,46.13999938964844,46.209999084472656,706880
2025-11-24 19:00:00+00:00,46.209999084472656,46.26499938964844,46.18000030517578,46.209999084472656,788742
2025-11-24 19:15:00+00:00,46.209999084472656,46.279998779296875,46.190101623535156,46.257198333740234,592150
2025-11-24 19:30:00+00:00,46.2599983215332,46.275001525878906,46.21500015258789,46.25,477652
2025-11-24 19:45:00+00:00,46.25,46.42499923706055,46.2400016784668,46.3849983215332,1095698
2025-11-24 20:00:00+00:00,46.380001068115234,46.494998931884766,46.375,46.46989822387695,1000634
2025-11-24 20:15:00+00:00,46.46500015258789,46.53900146484375,46.45500183105469,46.525001525878906,563234
2025-11-24 20:30:00+00:00,46.5281982421875,46.6349983215332,46.52009963989258,46.6150016784668,1395609
2025-11-24 20:45:00+00:00,46.619998931884766,46.6349983215332,46.59000015258789,46.61750030517578,1992116
2025-11-25 14:30:00+00:00,46.54999923706055,46.689998626708984,46.26499938964844,46.26499938964844,4846644
2025-11-25 14:45:00+00:00,46.2599983215332,46.339900970458984,45.970001220703125,46.314998626708984,1956966
2025-11-25 15:00:00+00:00,46.31999969482422,46.436500549316406,46.1349983215332,46.37547302246094,1723571
2025-11-25 15:15:00+00:00,46.380001068115234,46.45000076293945,46.165000915527344,46.209999084472656,1131391
2025-11-25 15:30:00+00:00,46.21500015258789,46.345001220703125,46.185001373291016,46.22930145263672,1283011
2025-11-25 15:45:00+00:00,46.22999954223633,46.290000915527344,45.974998474121094,46.035099029541016,1628014
2025-11-25 16:00:00+00:00,46.03499984741211,46.189998626708984,46.0,46.150001525878906,1346620
2025-11-25 16:15:00+00:00,46.14500045776367,46.31999969482422,46.119998931884766,46.22999954223633,1176776
2025-11-25 16:30:00+00:00,46.2401008605957,46.38999938964844,46.22990036010742,46.375,926859
2025-11-25 16:45:00+00:00,46.380001068115234,46.38560104370117,46.28499984741211,46.349700927734375,326091
2025-11-25 17:00:00+00:00,46.352901458740234,46.64500045776367,46.349998474121094,46.6150016784668,1398063
2025-11-25 17:15:00+00:00,46.619998931884766,46.678001403808594,46.540000915527344,46.61899948120117,437229
2025-11-25 17:30:00+00:00,46.611000061035156,46.77000045776367,46.60499954223633,46.66999816894531,506509
2025-11-25 17:45:00+00:00,46.685001373291016,46.70500183105469,46.459999084472656,46.46500015258789,574043
2025-11-25 18:00:00+00:00,46.46500015258789,46.61000061035156,46.46500015258789,46.564998626708984,441953
2025-11-25 18:15:00+00:00,46.56999969482422,46.58000183105469,46.494998931884766,46.53499984741211,224816
2025-11-25 18:30:00+00:00,46.53499984741211,46.58000183105469,46.38999938964844,46.449100494384766,338096
2025-11-25 18:45:00+00:00,46.45000076293945,46.5,46.36000061035156,46.38999938964844,268923
2025-11-25 19:00:00+00:00,46.38999938964844,46.5099983215332,46.3650016784668,46.50529861450195,211602
2025-11-25 19:15:00+00:00,46.5099983215332,46.51499938964844,46.314998626708984,46.349998474121094,353796
2025-11-25 19:30:00+00:00,46.35499954223633,46.415000915527344,46.29999923706055,46.400001525878906,224444
2025-11-25 19:45:00+00:00,46.39500045776367,46.459999084472656,46.349998474121094,46.453399658203125,226056
2025-11-25 20:00:00+00:00,46.459999084472656,46.56999969482422,46.459999084472656,46.55500030517578,384507
2025-11-25 20:15:00+00:00,46.54999923706055,46.619998931884766,46.54499816894531,46.57500076293945,305042
2025-11-25 20:30:00+00:00,46.57500076293945,46.630001068115234,46.54999923706055,46.599998474121094,405628
2025-11-25 20:45:00+00:00,46.599998474121094,46.68000030517578,46.56999969482422,46.66999816894531,1056569
2025-11-26 14:30:00+00:00,47.310001373291016,47.595001220703125,47.29999923706055,47.451698303222656,4052532
2025-11-26 14:45:00+00:00,47.459999084472656,47.470001220703125,47.2400016784668,47.2400016784668,834528
2025-11-26 15:00:00+00:00,47.22999954223633,47.439998626708984,47.14500045776367,47.415000915527344,1004509
2025-11-26 15:15:00+00:00,47.41999816894531,47.529998779296875,47.400001525878906,47.505001068115234,687176
2025-11-26 15:30:00+00:00,47.5,47.619998931884766,47.470001220703125,47.58000183105469,684729
2025-11-26 15:45:00+00:00,47.56999969482422,47.849998474121094,47.5635986328125,47.83000183105469,1272605
2025-11-26 16:00:00+00:00,47.83000183105469,47.849998474121094,47.709999084472656,47.845001220703125,670460
2025-11-26 16:15:00+00:00,47.84000015258789,48.019901275634766,47.84000015258789,47.90999984741211,848843
2025-11-26 16:30:00+00:00,47.90999984741211,48.08639907836914,47.90999984741211,48.08000183105469,633055
2025-11-26 16:45:00+00:00,48.06999969482422,48.13650131225586,48.01490020751953,48.119998931884766,848451
2025-11-26 17:00:00+00:00,48.125,48.13970184326172,47.939998626708984,47.9650993347168,749765
2025-11-26 17:15:00+00:00,47.96500015258789,48.097999572753906,47.95000076293945,48.039798736572266,627307
2025-11-26 17:30:00+00:00,48.040000915527344,48.1150016784668,47.959999084472656,48.10580062866211,702994
2025-11-26 17:45:00+00:00,48.11470031738281,48.19499969482422,48.06999969482422,48.17499923706055,876712
2025-11-26 18:00:00+00:00,48.18000030517578,48.275001525878906,48.1598014831543,48.27000045776367,875186
2025-11-26 18:15:00+00:00,48.27000045776367,48.290000915527344,48.16999816894531,48.209999084472656,595339
2025-11-26 18:30:00+00:00,48.209999084472656,48.23500061035156,48.0099983215332,48.099998474121094,808155
2025-11-26 18:45:00+00:00,48.099998474121094,48.224998474121094,48.08000183105469,48.21500015258789,757155
2025-11-26 19:00:00+00:00,48.209999084472656,48.29999923706055,48.20000076293945,48.279998779296875,785910
2025-11-26 19:15:00+00:00,48.279998779296875,48.369998931884766,48.279998779296875,48.349998474121094,748917
2025-11-26 19:30:00+00:00,48.349998474121094,48.3650016784668,48.255001068115234,48.30670166015625,695966
2025-11-26 19:45:00+00:00,48.29999923706055,48.400001525878906,48.29999923706055,48.34349822998047,723769
2025-11-26 20:00:00+00:00,48.345001220703125,48.369998931884766,48.28020095825195,48.36000061035156,673402
2025-11-26 20:15:00+00:00,48.3650016784668,48.41999816894531,48.35499954223633,48.400001525878906,864426
2025-11-26 20:30:00+00:00,48.400001525878906,48.45000076293945,48.37009811401367,48.39500045776367,931945
2025-11-26 20:45:00+00:00,48.400001525878906,48.40999984741211,48.290000915527344,48.38999938964844,2644114
2025-11-28 14:30:00+00:00,49.66999816894531,50.150001525878906,49.58000183105469,49.79999923706055,10021481
2025-11-28 14:45:00+00:00,49.790000915527344,50.18000030517578,49.790000915527344,50.1349983215332,3707614
2025-11-28 15:00:00+00:00,50.13999938964844,50.20000076293945,49.81999969482422,49.875,3588340
2025-11-28 15:15:00+00:00,49.87799835205078,50.06529998779297,49.70000076293945,50.04710006713867,1522814
2025-11-28 15:30:00+00:00,50.040000915527344,50.189998626708984,50.02000045776367,50.14500045776367,1914026
2025-11-28 15:45:00+00:00,50.13999938964844,50.47999954223633,50.125,50.404998779296875,1912110
2025-11-28 16:00:00+00:00,50.40890121459961,50.494998931884766,50.27000045776367,50.36000061035156,1803830
2025-11-28 16:15:00+00:00,50.36000061035156,50.474998474121094,50.29999923706055,50.43000030517578,1230551
2025-11-28 16:30:00+00:00,50.43000030517578,50.4900016784668,50.310001373291016,50.38999938964844,1986878
2025-11-28 16:45:00+00:00,50.38999938964844,50.560001373291016,50.369998931884766,50.560001373291016,1473611
2025-11-28 17:00:00+00:00,50.56999969482422,51.16999816894531,50.5619010925293,50.89500045776367,3303746
2025-11-28 17:15:00+00:00,50.897499084472656,50.970001220703125,50.73640060424805,50.849998474121094,1947950
2025-11-28 17:30:00+00:00,50.84000015258789,51.099998474121094,50.810001373291016,51.02009963989258,1645259
2025-11-28 17:45:00+00:00,51.025001525878906,51.060001373291016,51.0,51.0,193042
2025-12-01 14:30:00+00:00,51.9900016784668,52.150001525878906,51.61000061035156,51.7400016784668,12047020
2025-12-01 14:45:00+00:00,51.72999954223633,52.369998931884766,51.66999816894531,52.3650016784668,3961109
2025-12-01 15:00:00+00:00,52.369998931884766,52.505001068115234,52.11000061035156,52.1150016784668,3783202
2025-12-01 15:15:00+00:00,52.119998931884766,52.18000030517578,51.900001525878906,52.130001068115234,3495159
2025-12-01 15:30:00+00:00,52.130001068115234,52.2599983215332,51.974998474121094,52.109901428222656,1783230
2025-12-01 15:45:00+00:00,52.11000061035156,52.349998474121094,51.94499969482422,52.310001373291016,1676200
2025-12-01 16:00:00+00:00,52.314998626708984,52.810001373291016,52.29999923706055,52.7599983215332,3051013
2025-12-01 16:15:00+00:00,52.7599983215332,53.08000183105469,52.56330108642578,53.02000045776367,2791721
2025-12-01 16:30:00+00:00,53.02000045776367,53.28499984741211,52.830101013183594,53.25859832763672,2489458
2025-12-01 16:45:00+00:00,53.25,53.36000061035156,52.79499816894531,52.84749984741211,2556226
2025-12-01 17:00:00+00:00,52.86000061035156,52.9900016784668,52.744998931884766,52.80229949951172,1769684
2025-12-01 17:15:00+00:00,52.810001373291016,53.029998779296875,52.689998626708984,53.0,1349961
2025-12-01 17:30:00+00:00,53.0099983215332,53.07500076293945,52.900299072265625,52.9900016784668,1125175
2025-12-01 17:45:00+00:00,52.9900016784668,53.0099983215332,52.79499816894531,52.90999984741211,1101599
2025-12-01 18:00:00+00:00,52.91999816894531,53.16120147705078,52.91999816894531,53.130001068115234,1445121
2025-12-01 18:15:00+00:00,53.130001068115234,53.209999084472656,53.04999923706055,53.13999938964844,1285206
2025-12-01 18:30:00+00:00,53.13999938964844,53.18000030517578,53.04499816894531,53.139400482177734,1284187
2025-12-01 18:45:00+00:00,53.134498596191406,53.220001220703125,52.96070098876953,53.05500030517578,1367127
2025-12-01 19:00:00+00:00,53.04999923706055,53.060001373291016,52.834999084472656,52.869998931884766,1286656
2025-12-01 19:15:00+00:00,52.880001068115234,53.040000915527344,52.8400993347168,52.95500183105469,1323717
2025-12-01 19:30:00+00:00,52.95000076293945,52.9900016784668,52.65999984741211,52.66999816894531,1661807
2025-12-01 19:45:00+00:00,52.65999984741211,52.720001220703125,52.45000076293945,52.720001220703125,1807201
2025-12-01 20:00:00+00:00,52.71500015258789,52.83000183105469,52.65999984741211,52.81999969482422,1033260
2025-12-01 20:15:00+00:00,52.814998626708984,52.89820098876953,52.724998474121094,52.8650016784668,893707
2025-12-01 20:30:00+00:00,52.875,52.900001525878906,52.7599983215332,52.887901306152344,1160521
2025-12-01 20:45:00+00:00,52.8849983215332,52.88999938964844,52.43000030517578,52.529998779296875,3495947
2025-12-02 14:30:00+00:00,52.83000183105469,52.86000061035156,52.244998931884766,52.38999938964844,6295562
2025-12-02 14:45:00+00:00,52.400001525878906,52.775001525878906,52.27000045776367,52.755001068115234,2802041
2025-12-02 15:00:00+00:00,52.7400016784668,52.775001525878906,52.209999084472656,52.31999969482422,2149005
2025-12-02 15:15:00+00:00,52.314998626708984,52.38999938964844,51.86000061035156,51.88999938964844,2610641
2025-12-02 15:30:00+00:00,51.88999938964844,52.22999954223633,51.849998474121094,52.20000076293945,1663199
2025-12-02 15:45:00+00:00,52.19879913330078,52.209999084472656,51.76499938964844,51.84000015258789,2177964
2025-12-02 16:00:00+00:00,51.84000015258789,52.130001068115234,51.79999923706055,52.11000061035156,1861044
2025-12-02 16:15:00+00:00,52.104801177978516,52.220001220703125,51.970001220703125,52.150001525878906,1213043
2025-12-02 16:30:00+00:00,52.13999938964844,52.34450149536133,52.11000061035156,52.20000076293945,870379
2025-12-02 16:45:00+00:00,52.20000076293945,52.349998474121094,52.130001068115234,52.310001373291016,852516
2025-12-02 17:00:00+00:00,52.310001373291016,52.52579879760742,52.303001403808594,52.4900016784668,1169263
2025-12-02 17:15:00+00:00,52.494998931884766,52.60499954223633,52.47999954223633,52.564998626708984,1185462
2025-12-02 17:30:00+00:00,52.56999969482422,52.63999938964844,52.51499938964844,52.6349983215332,1001152
2025-12-02 17:45:00+00:00,52.63999938964844,52.70500183105469,52.6349983215332,52.650001525878906,985682
2025-12-02 18:00:00+00:00,52.63999938964844,52.8390007019043,52.6349983215332,52.709999084472656,2009299
2025-12-02 18:15:00+00:00,52.709999084472656,52.787899017333984,52.540000915527344,52.589900970458984,929450
2025-12-02 18:30:00+00:00,52.58000183105469,52.685001373291016,52.314998626708984,52.51499938964844,1141093
2025-12-02 18:45:00+00:00,52.5099983215332,52.650001525878906,52.5,52.630001068115234,461131
2025-12-02 19:00:00+00:00,52.630001068115234,52.82500076293945,52.630001068115234,52.790000915527344,575430
2025-12-02 19:15:00+00:00,52.790000915527344,52.834999084472656,52.619998931884766,52.65999984741211,685157
2025-12-02 19:30:00+00:00,52.66999816894531,52.79499816894531,52.65840148925781,52.746498107910156,458662
2025-12-02 19:45:00+00:00,52.75,52.97999954223633,52.741798400878906,52.90449905395508,1074092
2025-12-02 20:00:00+00:00,52.904998779296875,52.974998474121094,52.78499984741211,52.939998626708984,911985
2025-12-02 20:15:00+00:00,52.95000076293945,52.97999954223633,52.900001525878906,52.95000076293945,646484
2025-12-02 20:30:00+00:00,52.94580078125,53.20000076293945,52.94580078125,53.14500045776367,3428517
2025-12-02 20:45:00+00:00,53.150001525878906,53.20000076293945,53.025001525878906,53.11709976196289,2822460
2025-12-03 14:30:00+00:00,52.9900016784668,53.388999938964844,52.9900016784668,53.02000045776367,5500319
2025-12-03 14:45:00+00:00,53.029998779296875,53.06930160522461,52.709999084472656,52.869998931884766,2602470
2025-12-03 15:00:00+00:00,52.86000061035156,53.02000045776367,52.78499984741211,52.92499923706055,1382861
2025-12-03 15:15:00+00:00,52.93000030517578,53.125,52.91510009765625,53.11000061035156,966857
2025-12-03 15:30:00+00:00,53.10499954223633,53.29499816894531,53.08000183105469,53.18000030517578,1210616
2025-12-03 15:45:00+00:00,53.17499923706055,53.239898681640625,52.935001373291016,53.01499938964844,1213879
2025-12-03 16:00:00+00:00,53.02000045776367,53.20500183105469,52.9900016784668,53.165000915527344,1003991
2025-12-03 16:15:00+00:00,53.15999984741211,53.209999084472656,53.040000915527344,53.19499969482422,1155079
2025-12-03 16:30:00+00:00,53.189998626708984,53.32500076293945,53.119998931884766,53.150001525878906,1055967
2025-12-03 16:45:00+00:00,53.1510009765625,53.15999984741211,52.41999816894531,52.650001525878906,3011501
2025-12-03 17:00:00+00:00,52.63999938964844,53.029998779296875,52.63999938964844,52.9900016784668,1342733
2025-12-03 17:15:00+00:00,52.98500061035156,53.02000045776367,52.849998474121094,52.89500045776367,579124
2025-12-03 17:30:00+00:00,52.90999984741211,53.060001373291016,52.86000061035156,52.9900016784668,1136424
2025-12-03 17:45:00+00:00,52.99679946899414,53.040000915527344,52.79999923706055,52.94599914550781,778259
2025-12-03 18:00:00+00:00,52.94499969482422,52.989898681640625,52.80500030517578,52.86000061035156,728894
2025-12-03 18:15:00+00:00,52.86000061035156,52.900001525878906,52.68000030517578,52.765201568603516,608655
2025-12-03 18:30:00+00:00,52.76499938964844,53.015499114990234,52.76499938964844,52.994998931884766,434144
2025-12-03 18:45:00+00:00,53.0,53.02000045776367,52.7599983215332,52.84000015258789,407234
2025-12-03 19:00:00+00:00,52.834999084472656,53.06999969482422,52.834999084472656,53.02579879760742,663758
2025-12-03 19:15:00+00:00,53.029998779296875,53.08000183105469,52.9900016784668,53.04499816894531,808133
2025-12-03 19:30:00+00:00,53.04499816894531,53.11000061035156,53.0099983215332,53.07500076293945,825457
2025-12-03 19:45:00+00:00,53.07500076293945,53.11000061035156,53.024200439453125,53.04499816894531,607660
2025-12-03 20:00:00+00:00,53.04499816894531,53.11000061035156,53.040000915527344,53.09000015258789,947395
2025-12-03 20:15:00+00:00,53.09000015258789,53.130001068115234,53.02000045776367,53.084999084472656,1051560
2025-12-03 20:30:00+00:00,53.084999084472656,53.1150016784668,52.9900016784668,53.01499938964844,1015885
2025-12-03 20:45:00+00:00,53.01169967651367,53.099998474121094,53.005001068115234,53.064998626708984,1962172
2025-12-04 14:30:00+00:00,52.279998779296875,52.36000061035156,51.48500061035156,51.69499969482422,8251488
2025-12-04 14:45:00+00:00,51.689998626708984,51.80459976196289,51.40999984741211,51.459999084472656,5223244
2025-12-04 15:00:00+00:00,51.459999084472656,51.58000183105469,51.1349983215332,51.56999969482422,6262401
2025-12-04 15:15:00+00:00,51.58000183105469,51.680301666259766,51.470001220703125,51.630001068115234,1758382
2025-12-04 15:30:00+00:00,51.630001068115234,51.77000045776367,51.564998626708984,51.66999816894531,1479520
2025-12-04 15:45:00+00:00,51.66999816894531,51.68000030517578,51.4818000793457,51.584999084472656,1377349
2025-12-04 16:00:00+00:00,51.57500076293945,51.75,51.52000045776367,51.689998626708984,2130131
2025-12-04 16:15:00+00:00,51.685001373291016,51.810001373291016,51.65010070800781,51.7400016784668,1464758
2025-12-04 16:30:00+00:00,51.72999954223633,51.790000915527344,51.58000183105469,51.689998626708984,1057022
2025-12-04 16:45:00+00:00,51.70000076293945,51.849998474121094,51.68000030517578,51.779998779296875,944820
2025-12-04 17:00:00+00:00,51.78499984741211,51.84000015258789,51.65999984741211,51.7401008605957,793568
2025-12-04 17:15:00+00:00,51.7400016784668,51.80500030517578,51.665000915527344,51.77000045776367,592151
2025-12-04 17:30:00+00:00,51.7599983215332,51.807701110839844,51.720001220703125,51.765201568603516,636167
2025-12-04 17:45:00+00:00,51.77000045776367,51.877201080322266,51.77000045776367,51.80459976196289,574591
2025-12-04 18:00:00+00:00,51.80500030517578,51.82500076293945,51.54999923706055,51.650001525878906,1839224
2025-12-04 18:15:00+00:00,51.654998779296875,51.7755012512207,51.63330078125,51.73509979248047,566438
2025-12-04 18:30:00+00:00,51.72999954223633,51.744998931884766,51.584999084472656,51.70500183105469,797201
2025-12-04 18:45:00+00:00,51.709999084472656,51.7599983215332,51.56999969482422,51.59450149536133,1469966
2025-12-04 19:00:00+00:00,51.595001220703125,51.666500091552734,51.400001525878906,51.49169921875,1702009
2025-12-04 19:15:00+00:00,51.4900016784668,51.555599212646484,51.36000061035156,51.4900016784668,1081523
2025-12-04 19:30:00+00:00,51.47999954223633,51.65999984741211,51.470001220703125,51.657501220703125,1270759
2025-12-04 19:45:00+00:00,51.654998779296875,51.71500015258789,51.604400634765625,51.70000076293945,1152986
2025-12-04 20:00:00+00:00,51.70000076293945,51.70000076293945,51.599998474121094,51.64419937133789,1267629
2025-12-04 20:15:00+00:00,51.6349983215332,51.70000076293945,51.6150016784668,51.619998931884766,830706
2025-12-04 20:30:00+00:00,51.619998931884766,51.66999816894531,51.584999084472656,51.644500732421875,1270399
2025-12-04 20:45:00+00:00,51.640098571777344,51.810001373291016,51.640098571777344,51.7599983215332,2248812
2025-12-05 14:30:00+00:00,52.709999084472656,52.9900016784668,52.65999984741211,52.970001220703125,4045347
2025-12-05 14:45:00+00:00,52.959999084472656,53.29750061035156,52.90999984741211,53.13999938964844,2931327
2025-12-05 15:00:00+00:00,53.150001525878906,53.19499969482422,52.88999938964844,53.130001068115234,1579773
2025-12-05 15:15:00+00:00,53.130001068115234,53.435001373291016,53.10499954223633,53.42660140991211,2005229
2025-12-05 15:30:00+00:00,53.43000030517578,53.81999969482422,53.36000061035156,53.625,4092464
2025-12-05 15:45:00+00:00,53.630001068115234,53.689998626708984,53.34000015258789,53.58000183105469,2003795
2025-12-05 16:00:00+00:00,53.59000015258789,53.67499923706055,52.70000076293945,52.70500183105469,3718831
2025-12-05 16:15:00+00:00,52.70500183105469,53.040000915527344,52.529998779296875,52.9900016784668,3570813
2025-12-05 16:30:00+00:00,52.97999954223633,52.97999954223633,52.68000030517578,52.790000915527344,2341827
2025-12-05 16:45:00+00:00,52.790000915527344,53.119998931884766,52.66999816894531,53.0099983215332,1309948
2025-12-05 17:00:00+00:00,53.0,53.064998626708984,52.86000061035156,52.994998931884766,884165
2025-12-05 17:15:00+00:00,52.98680114746094,53.13999938964844,52.95439910888672,53.119998931884766,685433
2025-12-05 17:30:00+00:00,53.119998931884766,53.16999816894531,52.810001373291016,53.060001373291016,845148
2025-12-05 17:45:00+00:00,53.06999969482422,53.209999084472656,53.0099983215332,53.20000076293945,699144
2025-12-05 18:00:00+00:00,53.189998626708984,53.240699768066406,53.1150016784668,53.18000030517578,769650
2025-12-05 18:15:00+00:00,53.176700592041016,53.220001220703125,53.0099983215332,53.095001220703125,1362909
2025-12-05 18:30:00+00:00,53.09400177001953,53.20000076293945,53.06999969482422,53.195499420166016,837536
2025-12-05 18:45:00+00:00,53.20000076293945,53.220001220703125,53.0,53.04399871826172,700858
2025-12-05 19:00:00+00:00,53.040000915527344,53.05500030517578,52.79999923706055,53.025001525878906,793234
2025-12-05 19:15:00+00:00,53.0099983215332,53.08000183105469,52.88629913330078,53.06999969482422,899901
2025-12-05 19:30:00+00:00,53.07500076293945,53.130001068115234,52.834999084472656,52.8849983215332,1639747
2025-12-05 19:45:00+00:00,52.88999938964844,53.0099983215332,52.779998779296875,52.98509979248047,1043328
2025-12-05 20:00:00+00:00,52.9900016784668,53.040000915527344,52.90999984741211,53.025001525878906,519788
2025-12-05 20:15:00+00:00,53.02009963989258,53.04999923706055,52.810001373291016,52.83000183105469,1065190
2025-12-05 20:30:00+00:00,52.81999969482422,52.95000076293945,52.810001373291016,52.93000030517578,1104336
2025-12-05 20:45:00+00:00,52.9203987121582,52.970001220703125,52.849998474121094,52.95000076293945,1764992
2025-12-08 14:30:00+00:00,52.88999938964844,52.959999084472656,52.709999084472656,52.789398193359375,2893661
2025-12-08 14:45:00+00:00,52.78499984741211,52.96500015258789,52.66999816894531,52.77000045776367,1737163
2025-12-08 15:00:00+00:00,52.76559829711914,52.76559829711914,52.2599983215332,52.36989974975586,2151310
2025-12-08 15:15:00+00:00,52.364498138427734,52.68000030517578,52.29999923706055,52.599998474121094,1209322
2025-12-08 15:30:00+00:00,52.59000015258789,52.779998779296875,52.56999969482422,52.650001525878906,597089
2025-12-08 15:45:00+00:00,52.67499923706055,52.74769973754883,52.494998931884766,52.52090072631836,448775
2025-12-08 16:00:00+00:00,52.52000045776367,52.529998779296875,52.31999969482422,52.47330093383789,906404
2025-12-08 16:15:00+00:00,52.470001220703125,52.63999938964844,52.41999816894531,52.60689926147461,803108
2025-12-08 16:30:00+00:00,52.61000061035156,52.654998779296875,52.52000045776367,52.599998474121094,771072
2025-12-08 16:45:00+00:00,52.61000061035156,52.689998626708984,52.45000076293945,52.59000015258789,1032393
2025-12-08 17:00:00+00:00,52.59000015258789,52.59000015258789,52.459999084472656,52.55500030517578,370243
2025-12-08 17:15:00+00:00,52.54999923706055,52.63999938964844,52.540000915527344,52.638999938964844,575355
2025-12-08 17:30:00+00:00,52.63999938964844,52.669898986816406,52.56999969482422,52.61320114135742,475602
2025-12-08 17:45:00+00:00,52.6150016784668,52.71500015258789,52.60449981689453,52.69139862060547,298606
2025-12-08 18:00:00+00:00,52.70000076293945,52.715763092041016,52.54069900512695,52.584999084472656,318386
2025-12-08 18:15:00+00:00,52.584999084472656,52.665000915527344,52.56060028076172,52.61000061035156,804328
2025-12-08 18:30:00+00:00,52.61000061035156,52.650001525878906,52.510101318359375,52.599998474121094,285624
2025-12-08 18:45:00+00:00,52.599998474121094,52.64500045776367,52.5099983215332,52.56999969482422,282449
2025-12-08 19:00:00+00:00,52.56999969482422,52.599998474121094,52.5,52.53499984741211,435163
2025-12-08 19:15:00+00:00,52.529998779296875,52.619998931884766,52.5,52.584999084472656,241631
2025-12-08 19:30:00+00:00,52.58980178833008,52.609901428222656,52.540000915527344,52.59000015258789,301199
2025-12-08 19:45:00+00:00,52.595001220703125,52.619998931884766,52.54499816894531,52.59000015258789,169629
2025-12-08 20:00:00+00:00,52.584999084472656,52.70500183105469,52.56999969482422,52.664398193359375,310842
2025-12-08 20:15:00+00:00,52.665000915527344,52.70000076293945,52.599998474121094,52.66059875488281,327202
2025-12-08 20:30:00+00:00,52.66559982299805,52.73500061035156,52.650001525878906,52.70989990234375,548092
2025-12-08 20:45:00+00:00,52.709999084472656,52.73500061035156,52.67499923706055,52.720001220703125,1020057
2025-12-09 14:30:00+00:00,53.38999938964844,53.689998626708984,53.36000061035156,53.665000915527344,4845581
2025-12-09 14:45:00+00:00,53.665000915527344,53.72999954223633,53.55500030517578,53.63990020751953,2840564
2025-12-09 15:00:00+00:00,53.64500045776367,53.68000030517578,53.400001525878906,53.60749816894531,2924597
2025-12-09 15:15:00+00:00,53.61000061035156,54.20000076293945,53.61000061035156,54.11109924316406,3789567
2025-12-09 15:30:00+00:00,54.119998931884766,54.459999084472656,54.04869842529297,54.44499969482422,5508860
2025-12-09 15:45:00+00:00,54.44499969482422,54.70000076293945,54.251399993896484,54.654998779296875,4521938
2025-12-09 16:00:00+00:00,54.64899826049805,54.939701080322266,54.619998931884766,54.77439880371094,5109615
2025-12-09 16:15:00+00:00,54.779998779296875,54.80569839477539,54.4900016784668,54.775001525878906,2808244
2025-12-09 16:30:00+00:00,54.779998779296875,54.900001525878906,54.77009963989258,54.86000061035156,1758172
2025-12-09 16:45:00+00:00,54.85499954223633,54.970001220703125,54.70000076293945,54.709999084472656,2045340
2025-12-09 17:00:00+00:00,54.709999084472656,54.869998931884766,54.650001525878906,54.79999923706055,1133611
2025-12-09 17:15:00+00:00,54.80500030517578,54.810001373291016,54.5099983215332,54.594398498535156,1337861
2025-12-09 17:30:00+00:00,54.599998474121094,54.689998626708984,54.47999954223633,54.68000030517578,664875
2025-12-09 17:45:00+00:00,54.689998626708984,54.71500015258789,54.560001373291016,54.584999084472656,1152288
2025-12-09 18:00:00+00:00,54.58000183105469,54.77000045776367,54.57500076293945,54.729698181152344,731685
2025-12-09 18:15:00+00:00,54.72999954223633,54.81999969482422,54.70000076293945,54.81999969482422,904307
2025-12-09 18:30:00+00:00,54.81999969482422,54.84000015258789,54.70000076293945,54.787498474121094,1302629
2025-12-09 18:45:00+00:00,54.78499984741211,54.93989944458008,54.7599983215332,54.91239929199219,1049112
2025-12-09 19:00:00+00:00,54.90999984741211,55.03670120239258,54.8650016784668,55.01499938964844,1363517
2025-12-09 19:15:00+00:00,55.01499938964844,55.06999969482422,54.93000030517578,55.040000915527344,1488767
2025-12-09 19:30:00+00:00,55.029998779296875,55.099998474121094,55.0099983215332,55.064998626708984,1022108
2025-12-09 19:45:00+00:00,55.06650161743164,55.07500076293945,54.939998626708984,55.025001525878906,1186052
2025-12-09 20:00:00+00:00,55.02000045776367,55.09000015258789,54.93000030517578,55.084999084472656,1100534
2025-12-09 20:15:00+00:00,55.084999084472656,55.09000015258789,54.92499923706055,55.01499938964844,1342090
2025-12-09 20:30:00+00:00,55.0099983215332,55.029998779296875,54.93000030517578,54.970001220703125,1228980
2025-12-09 20:45:00+00:00,54.970001220703125,55.185001373291016,54.96500015258789,55.152801513671875,4746078
2025-12-10 14:30:00+00:00,55.130001068115234,55.13999938964844,54.6349983215332,54.869998931884766,8947793
2025-12-10 14:45:00+00:00,54.866600036621094,55.095001220703125,54.755001068115234,54.75849914550781,1941604
2025-12-10 15:00:00+00:00,54.75,54.97999954223633,54.6619987487793,54.68730163574219,2244230
2025-12-10 15:15:00+00:00,54.685001373291016,54.900001525878906,54.47999954223633,54.8650016784668,2624899
2025-12-10 15:30:00+00:00,54.869998931884766,55.040000915527344,54.849998474121094,54.91999816894531,1207603
2025-12-10 15:45:00+00:00,54.90999984741211,54.959999084472656,54.779998779296875,54.909000396728516,964019
2025-12-10 16:00:00+00:00,54.90999984741211,55.1150016784668,54.89500045776367,55.060001373291016,866105
2025-12-10 16:15:00+00:00,55.04999923706055,55.130001068115234,55.0,55.109901428222656,1065612
2025-12-10 16:30:00+00:00,55.10110092163086,55.209999084472656,55.06010055541992,55.13999938964844,1586399
2025-12-10 16:45:00+00:00,55.13999938964844,55.2400016784668,55.12350082397461,55.21009826660156,863436
2025-12-10 17:00:00+00:00,55.209999084472656,55.220001220703125,54.97999954223633,55.025001525878906,844271
2025-12-10 17:15:00+00:00,55.02000045776367,55.08449935913086,54.92499923706055,54.939998626708984,917259
2025-12-10 17:30:00+00:00,54.93000030517578,54.97999954223633,54.84000015258789,54.935001373291016,688515
2025-12-10 17:45:00+00:00,54.91999816894531,55.06999969482422,54.834999084472656,55.0,616908
2025-12-10 18:00:00+00:00,54.994998931884766,55.029300689697266,54.93000030517578,55.0,415287
2025-12-10 18:15:00+00:00,55.005001068115234,55.029998779296875,54.880001068115234,54.964500427246094,401537
2025-12-10 18:30:00+00:00,54.959999084472656,54.96500015258789,54.720001220703125,54.7599983215332,899049
2025-12-10 18:45:00+00:00,54.7599983215332,54.84000015258789,54.689998626708984,54.709999084472656,1017740
2025-12-10 19:00:00+00:00,54.71500015258789,55.34000015258789,54.66999816894531,55.13990020751953,3171886
2025-12-10 19:15:00+00:00,55.13999938964844,55.28519821166992,54.525001525878906,54.64500045776367,2787032
2025-12-10 19:30:00+00:00,54.63999938964844,55.099998474121094,54.54999923706055,54.689998626708984,2884128
2025-12-10 19:45:00+00:00,54.68000030517578,55.435001373291016,54.65999984741211,55.41999816894531,2116658
2025-12-10 20:00:00+00:00,55.40999984741211,55.9900016784668,55.27000045776367,55.939998626708984,4089084
2025-12-10 20:15:00+00:00,55.939998626708984,56.11000061035156,55.70000076293945,55.93000030517578,3530991
2025-12-10 20:30:00+00:00,55.93000030517578,56.095001220703125,55.900699615478516,56.06520080566406,2247479
2025-12-10 20:45:00+00:00,56.064998626708984,56.21500015258789,56.0,56.060001373291016,4269678
2025-12-11 14:30:00+00:00,56.77000045776367,56.97999954223633,56.68000030517578,56.89500045776367,11439455
2025-12-11 14:45:00+00:00,56.89500045776367,56.915000915527344,56.46500015258789,56.59000015258789,2980565
2025-12-11 15:00:00+00:00,56.595001220703125,56.91999816894531,56.54999923706055,56.804500579833984,2383066
2025-12-11 15:15:00+00:00,56.790000915527344,56.9900016784668,56.77000045776367,56.93000030517578,2638946
2025-12-11 15:30:00+00:00,56.92499923706055,57.34000015258789,56.92499923706055,57.29999923706055,2431545
2025-12-11 15:45:00+00:00,57.290000915527344,57.619998931884766,57.22999954223633,57.380001068115234,3031046
2025-12-11 16:00:00+00:00,57.380001068115234,57.494998931884766,57.2400016784668,57.48582077026367,1529629
2025-12-11 16:15:00+00:00,57.47999954223633,57.66999816894531,57.43000030517578,57.5099983215332,1714263
2025-12-11 16:30:00+00:00,57.5099983215332,57.70000076293945,57.38999938964844,57.630001068115234,1380464
2025-12-11 16:45:00+00:00,57.630001068115234,57.97999954223633,57.630001068115234,57.939998626708984,2601849
2025-12-11 17:00:00+00:00,57.93000030517578,58.095001220703125,57.849998474121094,57.970001220703125,3458628
2025-12-11 17:15:00+00:00,57.974998474121094,58.15999984741211,57.880001068115234,57.98509979248047,2470908
2025-12-11 17:30:00+00:00,57.98500061035156,58.05979919433594,57.86000061035156,58.05500030517578,1708490
2025-12-11 17:45:00+00:00,58.04999923706055,58.095001220703125,57.970001220703125,58.02009963989258,1262563
2025-12-11 18:00:00+00:00,58.025001525878906,58.209999084472656,57.994998931884766,58.141998291015625,1144674
2025-12-11 18:15:00+00:00,58.14500045776367,58.290000915527344,58.1343994140625,58.220001220703125,1282248
2025-12-11 18:30:00+00:00,58.224998474121094,58.29499816894531,58.130001068115234,58.28969955444336,1222460
2025-12-11 18:45:00+00:00,58.28499984741211,58.28990173339844,57.470001220703125,57.5099983215332,3290822
2025-12-11 19:00:00+00:00,57.5,57.779998779296875,57.290000915527344,57.779998779296875,4814003
2025-12-11 19:15:00+00:00,57.779998779296875,57.95000076293945,57.709999084472656,57.834999084472656,1393274
2025-12-11 19:30:00+00:00,57.84000015258789,57.93000030517578,57.72999954223633,57.744998931884766,1194649
2025-12-11 19:45:00+00:00,57.7400016784668,57.880001068115234,57.71500015258789,57.80500030517578,1242952
2025-12-11 20:00:00+00:00,57.79999923706055,57.86579895019531,57.290000915527344,57.525001525878906,3269059
2025-12-11 20:15:00+00:00,57.52000045776367,57.625,57.369998931884766,57.40999984741211,1779455
2025-12-11 20:30:00+00:00,57.404998779296875,57.61000061035156,57.39500045776367,57.58000183105469,1871486
2025-12-11 20:45:00+00:00,57.58000183105469,57.63999938964844,57.494998931884766,57.619998931884766,2667570
2025-12-12 14:30:00+00:00,58.529998779296875,58.560001373291016,57.939998626708984,58.04499816894531,8491168
2025-12-12 14:45:00+00:00,58.040000915527344,58.45989990234375,57.960201263427734,58.34000015258789,2670283
2025-12-12 15:00:00+00:00,58.34000015258789,58.349998474121094,58.04999923706055,58.05500030517578,2352432
2025-12-12 15:15:00+00:00,58.04999923706055,58.11000061035156,56.93000030517578,57.05500030517578,8676541
2025-12-12 15:30:00+00:00,57.04999923706055,57.26499938964844,56.720001220703125,57.09000015258789,5942858
2025-12-12 15:45:00+00:00,57.084999084472656,57.255001068115234,56.20000076293945,56.310001373291016,5097756
2025-12-12 16:00:00+00:00,56.29999923706055,56.52000045776367,55.90999984741211,56.19499969482422,5230128
2025-12-12 16:15:00+00:00,56.189998626708984,56.30575942993164,55.846500396728516,56.25,3721699
2025-12-12 16:30:00+00:00,56.2400016784668,56.2400016784668,55.130001068115234,55.505001068115234,5519745
2025-12-12 16:45:00+00:00,55.505001068115234,55.619998931884766,55.275001525878906,55.560001373291016,3032475
2025-12-12 17:00:00+00:00,55.560001373291016,55.724998474121094,55.36000061035156,55.45000076293945,2852339
2025-12-12 17:15:00+00:00,55.45000076293945,55.99440002441406,55.45000076293945,55.689998626708984,2557033
2025-12-12 17:30:00+00:00,55.689998626708984,56.040000915527344,55.66999816894531,55.994998931884766,1619231
2025-12-12 17:45:00+00:00,55.994998931884766,56.105201721191406,55.95500183105469,56.0098991394043,1371573
2025-12-12 18:00:00+00:00,56.0099983215332,56.220001220703125,55.8650016784668,56.220001220703125,1463763
2025-12-12 18:15:00+00:00,56.220001220703125,56.25,55.97999954223633,56.099998474121094,1502987
2025-12-12 18:30:00+00:00,56.109901428222656,56.205501556396484,55.86000061035156,55.8650016784668,1403259
2025-12-12 18:45:00+00:00,55.86000061035156,56.025001525878906,55.810001373291016,55.88650131225586,1168849
2025-12-12 19:00:00+00:00,55.88999938964844,55.904998779296875,55.61370086669922,55.810001373291016,1253318
2025-12-12 19:15:00+00:00,55.810001373291016,56.02880096435547,55.790000915527344,55.992401123046875,783373
2025-12-12 19:30:00+00:00,56.0,56.14500045776367,55.959999084472656,56.1150016784668,949753
2025-12-12 19:45:00+00:00,56.119998931884766,56.13999938964844,56.04499816894531,56.08000183105469,629953
2025-12-12 20:00:00+00:00,56.06999969482422,56.244998931884766,56.03499984741211,56.084999084472656,985608
2025-12-12 20:15:00+00:00,56.08000183105469,56.150001525878906,55.7400016784668,55.84000015258789,1671862
2025-12-12 20:30:00+00:00,55.84000015258789,56.005001068115234,55.630001068115234,55.994998931884766,3630796
2025-12-12 20:45:00+00:00,56.0,56.13999938964844,55.94139862060547,56.08000183105469,2853251
2025-12-15 14:30:00+00:00,57.84000015258789,57.88999938964844,57.439998626708984,57.61000061035156,7816797
2025-12-15 14:45:00+00:00,57.61000061035156,57.69499969482422,57.21500015258789,57.52000045776367,3269988
2025-12-15 15:00:00+00:00,57.5099983215332,57.75,57.290000915527344,57.74020004272461,3056421
2025-12-15 15:15:00+00:00,57.7400016784668,57.79999923706055,57.380001068115234,57.5,2029164
2025-12-15 15:30:00+00:00,57.485599517822266,57.84000015258789,57.45000076293945,57.84000015258789,1281888
2025-12-15 15:45:00+00:00,57.849998474121094,58.060001373291016,57.79499816894531,57.8650016784668,2043993
2025-12-15 16:00:00+00:00,57.869998931884766,57.869998931884766,57.435001373291016,57.5099983215332,1680008
2025-12-15 16:15:00+00:00,57.5,57.64500045776367,57.28499984741211,57.38999938964844,1533883
2025-12-15 16:30:00+00:00,57.39649963378906,57.5099983215332,57.02000045776367,57.279998779296875,1777122
2025-12-15 16:45:00+00:00,57.279998779296875,57.46500015258789,57.18000030517578,57.43000030517578,1121519
2025-12-15 17:00:00+00:00,57.41999816894531,57.560001373291016,57.28950119018555,57.494998931884766,849350
2025-12-15 17:15:00+00:00,57.4900016784668,57.63999938964844,57.435001373291016,57.59000015258789,650624
2025-12-15 17:30:00+00:00,57.59000015258789,57.67499923706055,57.470001220703125,57.630001068115234,669296
2025-12-15 17:45:00+00:00,57.63999938964844,57.665000915527344,57.45009994506836,57.54010009765625,641249
2025-12-15 18:00:00+00:00,57.54999923706055,57.66999816894531,57.44499969482422,57.60319900512695,976313
2025-12-15 18:15:00+00:00,57.61520004272461,57.68000030517578,57.53499984741211,57.59000015258789,749445
2025-12-15 18:30:00+00:00,57.59000015258789,57.68000030517578,57.480899810791016,57.619998931884766,416449
2025-12-15 18:45:00+00:00,57.619998931884766,57.834999084472656,57.599998474121094,57.810001373291016,1250829
2025-12-15 19:00:00+00:00,57.804500579833984,58.03519821166992,57.79999923706055,57.845001220703125,742298
2025-12-15 19:15:00+00:00,57.849998474121094,57.939998626708984,57.7400016784668,57.869998931884766,910779
2025-12-15 19:30:00+00:00,57.86000061035156,58.11000061035156,57.86000061035156,58.095001220703125,1193220
2025-12-15 19:45:00+00:00,58.094600677490234,58.15999984741211,58.01179885864258,58.125,983922
2025-12-15 20:00:00+00:00,58.12739944458008,58.20000076293945,58.08000183105469,58.1349983215332,932025
2025-12-15 20:15:00+00:00,58.1349983215332,58.150001525878906,57.650001525878906,57.830101013183594,1689234
2025-12-15 20:30:00+00:00,57.835201263427734,57.915000915527344,57.65999984741211,57.90959930419922,1110308
2025-12-15 20:45:00+00:00,57.904998779296875,58.150001525878906,57.869998931884766,58.10499954223633,2876204
2025-12-16 14:30:00+00:00,57.61000061035156,57.880001068115234,57.54999923706055,57.7400016784668,5343080
2025-12-16 14:45:00+00:00,57.75,57.869998931884766,57.52000045776367,57.564998626708984,1936277
2025-12-16 15:00:00+00:00,57.560001373291016,57.900001525878906,57.40999984741211,57.54499816894531,2236448
2025-12-16 15:15:00+00:00,57.540000915527344,57.6150016784668,57.349998474121094,57.54999923706055,1653918
2025-12-16 15:30:00+00:00,57.560001373291016,57.72999954223633,57.4900016784668,57.59000015258789,764457
2025-12-16 15:45:00+00:00,57.59000015258789,57.724998474121094,57.54999923706055,57.665000915527344,956132
2025-12-16 16:00:00+00:00,57.665000915527344,57.72999954223633,57.4900016784668,57.584999084472656,875836
2025-12-16 16:15:00+00:00,57.589900970458984,57.66999816894531,57.42499923706055,57.56449890136719,878650
2025-12-16 16:30:00+00:00,57.564998626708984,57.564998626708984,57.100101470947266,57.20180130004883,2122531
2025-12-16 16:45:00+00:00,57.20000076293945,57.540000915527344,57.18000030517578,57.47999954223633,1040546
2025-12-16 17:00:00+00:00,57.4900016784668,57.779998779296875,57.4900016784668,57.630001068115234,982784
2025-12-16 17:15:00+00:00,57.630001068115234,57.72999954223633,57.48469924926758,57.570098876953125,610311
2025-12-16 17:30:00+00:00,57.56999969482422,57.69499969482422,57.540000915527344,57.60499954223633,402595
2025-12-16 17:45:00+00:00,57.61000061035156,57.619998931884766,57.41999816894531,57.46500015258789,938152
2025-12-16 18:00:00+00:00,57.470001220703125,57.58000183105469,57.33000183105469,57.41460037231445,649676
2025-12-16 18:15:00+00:00,57.41429901123047,57.535701751708984,57.31999969482422,57.51499938964844,564169
2025-12-16 18:30:00+00:00,57.5099983215332,57.790000915527344,57.500099182128906,57.779998779296875,632472
2025-12-16 18:45:00+00:00,57.779998779296875,57.93000030517578,57.7400016784668,57.862098693847656,1557707
2025-12-16 19:00:00+00:00,57.8650016784668,57.904998779296875,57.67499923706055,57.72999954223633,628839
2025-12-16 19:15:00+00:00,57.720001220703125,57.814998626708984,57.5099983215332,57.77000045776367,996460
2025-12-16 19:30:00+00:00,57.775001525878906,57.90999984741211,57.755001068115234,57.89630126953125,489082
2025-12-16 19:45:00+00:00,57.89500045776367,57.974998474121094,57.87879943847656,57.935001373291016,792158
2025-12-16 20:00:00+00:00,57.93000030517578,57.9900016784668,57.90999984741211,57.93000030517578,572967
2025-12-16 20:15:00+00:00,57.924598693847656,57.93989944458008,57.849998474121094,57.89440155029297,576057
2025-12-16 20:30:00+00:00,57.89500045776367,57.904998779296875,57.73500061035156,57.80500030517578,1198216
2025-12-16 20:45:00+00:00,57.79999923706055,57.8849983215332,57.619998931884766,57.720001220703125,2185276
2025-12-17 14:30:00+00:00,59.27000045776367,59.5099983215332,59.04499816894531,59.38999938964844,9442896
2025-12-17 14:45:00+00:00,59.400001525878906,59.970001220703125,59.349998474121094,59.905799865722656,3530964
2025-12-17 15:00:00+00:00,59.90999984741211,59.95000076293945,59.66999816894531,59.869998931884766,2268385
2025-12-17 15:15:00+00:00,59.86000061035156,59.91999816894531,59.45500183105469,59.762699127197266,2363342
2025-12-17 15:30:00+00:00,59.77000045776367,59.92499923706055,59.31999969482422,59.439998626708984,2371324
2025-12-17 15:45:00+00:00,59.439998626708984,59.599998474121094,59.25,59.52000045776367,2395945
2025-12-17 16:00:00+00:00,59.52000045776367,59.66999816894531,59.45000076293945,59.55509948730469,1761681
2025-12-17 16:15:00+00:00,59.54999923706055,59.72999954223633,59.470001220703125,59.69990158081055,1227544
2025-12-17 16:30:00+00:00,59.689998626708984,59.93000030517578,59.599998474121094,59.869998931884766,1308574
2025-12-17 16:45:00+00:00,59.880001068115234,60.34000015258789,59.880001068115234,60.2599983215332,4106240
2025-12-17 17:00:00+00:00,60.25,60.290000915527344,59.959999084472656,60.119998931884766,2163545
2025-12-17 17:15:00+00:00,60.11000061035156,60.369998931884766,59.970001220703125,60.28499984741211,1964164
2025-12-17 17:30:00+00:00,60.279998779296875,60.5099983215332,60.22999954223633,60.455726623535156,2449470
2025-12-17 17:45:00+00:00,60.459999084472656,60.58000183105469,60.279998779296875,60.529998779296875,2984937
2025-12-17 18:00:00+00:00,60.529998779296875,60.63999938964844,60.51390075683594,60.564998626708984,2632455
2025-12-17 18:15:00+00:00,60.54999923706055,60.59989929199219,60.209999084472656,60.224998474121094,1787327
2025-12-17 18:30:00+00:00,60.220001220703125,60.41999816894531,60.029998779296875,60.07099914550781,1885151
2025-12-17 18:45:00+00:00,60.06999969482422,60.16999816894531,59.81999969482422,60.09000015258789,1996017
2025-12-17 19:00:00+00:00,60.095001220703125,60.30500030517578,59.96500015258789,60.29499816894531,1140677
2025-12-17 19:15:00+00:00,60.290000915527344,60.439998626708984,60.249900817871094,60.330101013183594,1448097
2025-12-17 19:30:00+00:00,60.33000183105469,60.38560104370117,60.15999984741211,60.25,1482248
2025-12-17 19:45:00+00:00,60.2400016784668,60.31999969482422,60.040000915527344,60.310001373291016,1209592
2025-12-17 20:00:00+00:00,60.310001373291016,60.35879898071289,60.1349983215332,60.33000183105469,1581713
2025-12-17 20:15:00+00:00,60.33000183105469,60.595001220703125,60.310001373291016,60.40999984741211,2039392
2025-12-17 20:30:00+00:00,60.41999816894531,60.4900016784668,60.189998626708984,60.279998779296875,1817175
2025-12-17 20:45:00+00:00,60.279998779296875,60.400001525878906,60.060001373291016,60.267398834228516,4233804
2025-12-18 14:30:00+00:00,59.81999969482422,59.994998931884766,58.66999816894531,58.84000015258789,10045356
2025-12-18 14:45:00+00:00,58.849998474121094,59.43000030517578,58.58000183105469,59.369998931884766,4561856
2025-12-18 15:00:00+00:00,59.369998931884766,59.619998931884766,59.244998931884766,59.29999923706055,2495671
2025-12-18 15:15:00+00:00,59.29999923706055,59.470001220703125,59.119998931884766,59.38999938964844,1600452
2025-12-18 15:30:00+00:00,59.380001068115234,59.64870071411133,59.314998626708984,59.38999938964844,1402698
2025-12-18 15:45:00+00:00,59.38130187988281,59.42499923706055,59.189998626708984,59.35499954223633,1156962
2025-12-18 16:00:00+00:00,59.34000015258789,60.025001525878906,59.31990051269531,59.84000015258789,1999772
2025-12-18 16:15:00+00:00,59.84000015258789,59.974998474121094,59.529998779296875,59.73500061035156,1988816
2025-12-18 16:30:00+00:00,59.73500061035156,59.88999938964844,59.68000030517578,59.70000076293945,1166800
2025-12-18 16:45:00+00:00,59.70000076293945,59.7599983215332,59.54999923706055,59.674400329589844,1117911
2025-12-18 17:00:00+00:00,59.68000030517578,59.7400016784668,58.75,58.97999954223633,3009646
2025-12-18 17:15:00+00:00,58.97999954223633,59.11000061035156,58.779998779296875,58.939998626708984,2440316
2025-12-18 17:30:00+00:00,58.94499969482422,59.33000183105469,58.900001525878906,59.31999969482422,1651340
2025-12-18 17:45:00+00:00,59.33000183105469,59.359798431396484,58.97999954223633,59.189998626708984,1081627
2025-12-18 18:00:00+00:00,59.189998626708984,59.32500076293945,59.1349983215332,59.28499984741211,770917
2025-12-18 18:15:00+00:00,59.28499984741211,59.314998626708984,59.0099983215332,59.119998931884766,1135071
2025-12-18 18:30:00+00:00,59.119998931884766,59.38999938964844,59.119998931884766,59.290000915527344,874783
2025-12-18 18:45:00+00:00,59.28499984741211,59.31999969482422,59.095001220703125,59.27000045776367,590753
2025-12-18 19:00:00+00:00,59.26860046386719,59.27000045776367,59.095001220703125,59.145599365234375,728390
2025-12-18 19:15:00+00:00,59.150001525878906,59.30500030517578,59.125099182128906,59.28559875488281,514661
2025-12-18 19:30:00+00:00,59.28499984741211,59.349998474121094,59.18000030517578,59.239898681640625,705541
2025-12-18 19:45:00+00:00,59.220001220703125,59.2599983215332,58.95500183105469,59.08000183105469,1000300
2025-12-18 20:00:00+00:00,59.09000015258789,59.41999816894531,59.084999084472656,59.30379867553711,1547354
2025-12-18 20:15:00+00:00,59.29999923706055,59.29999923706055,59.084999084472656,59.22999954223633,782224
2025-12-18 20:30:00+00:00,59.220001220703125,59.400001525878906,59.18000030517578,59.35499954223633,884164
2025-12-18 20:45:00+00:00,59.354400634765625,59.404998779296875,59.255001068115234,59.29999923706055,1638177
2025-12-19 14:30:00+00:00,59.790000915527344,60.415000915527344,59.775001525878906,60.2400016784668,5146078
2025-12-19 14:45:00+00:00,60.2400016784668,60.25,59.689998626708984,60.099998474121094,2452221
2025-12-19 15:00:00+00:00,60.099998474121094,60.29560089111328,60.06999969482422,60.189998626708984,1322262
2025-12-19 15:15:00+00:00,60.20000076293945,60.345001220703125,60.04999923706055,60.22999954223633,1401539
2025-12-19 15:30:00+00:00,60.22999954223633,60.5,60.19499969482422,60.35499954223633,1503352
2025-12-19 15:45:00+00:00,60.36000061035156,60.618900299072266,60.34000015258789,60.60499954223633,1729714
2025-12-19 16:00:00+00:00,60.595001220703125,60.970001220703125,60.5099983215332,60.52640151977539,3136665
2025-12-19 16:15:00+00:00,60.52000045776367,60.65999984741211,60.46500015258789,60.65919876098633,1208825
2025-12-19 16:30:00+00:00,60.65999984741211,60.84000015258789,60.630001068115234,60.79999923706055,1184339
2025-12-19 16:45:00+00:00,60.790000915527344,61.029998779296875,60.76559829711914,60.97990036010742,1606911
2025-12-19 17:00:00+00:00,60.970001220703125,61.040000915527344,60.82500076293945,60.84000015258789,1025774
2025-12-19 17:15:00+00:00,60.84000015258789,61.02000045776367,60.81999969482422,60.9900016784668,1184611
2025-12-19 17:30:00+00:00,61.0,61.09000015258789,60.88999938964844,60.970001220703125,1180506
2025-12-19 17:45:00+00:00,60.97999954223633,61.12900161743164,60.964500427246094,61.09000015258789,1165904
2025-12-19 18:00:00+00:00,61.084999084472656,61.15999984741211,60.994998931884766,61.1150016784668,1055562
2025-12-19 18:15:00+00:00,61.11000061035156,61.11989974975586,60.94499969482422,61.01499938964844,1116617
2025-12-19 18:30:00+00:00,61.02000045776367,61.036399841308594,60.71500015258789,60.77000045776367,1300063
2025-12-19 18:45:00+00:00,60.77000045776367,60.97999954223633,60.66999816894531,60.915000915527344,1048772
2025-12-19 19:00:00+00:00,60.90999984741211,61.01499938964844,60.86090087890625,60.95500183105469,794887
2025-12-19 19:15:00+00:00,60.95500183105469,61.00550079345703,60.88999938964844,60.96500015258789,571436
2025-12-19 19:30:00+00:00,60.959999084472656,61.08000183105469,60.93000030517578,61.005001068115234,822763
2025-12-19 19:45:00+00:00,61.000099182128906,61.11000061035156,60.91999816894531,60.93000030517578,845989
2025-12-19 20:00:00+00:00,60.939998626708984,60.97999954223633,60.75,60.775001525878906,1019530
2025-12-19 20:15:00+00:00,60.775001525878906,61.02000045776367,60.770999908447266,60.95500183105469,771191
2025-12-19 20:30:00+00:00,60.95000076293945,60.97999954223633,60.81999969482422,60.90999984741211,2446333
2025-12-19 20:45:00+00:00,60.904998779296875,60.95500183105469,60.77000045776367,60.95000076293945,4495767
2025-12-22 14:30:00+00:00,62.599998474121094,62.639801025390625,62.22999954223633,62.60499954223633,9266171
2025-12-22 14:45:00+00:00,62.599998474121094,62.81999969482422,62.380001068115234,62.44499969482422,3362527
2025-12-22 15:00:00+00:00,62.45000076293945,62.52000045776367,62.04999923706055,62.16999816894531,4622506
2025-12-22 15:15:00+00:00,62.16310119628906,62.36000061035156,62.0099983215332,62.209999084472656,2699616
2025-12-22 15:30:00+00:00,62.209999084472656,62.474998474121094,62.13999938964844,62.46989822387695,1367854
2025-12-22 15:45:00+00:00,62.46770095825195,62.599998474121094,62.345001220703125,62.380001068115234,2390420
2025-12-22 16:00:00+00:00,62.380001068115234,62.5099983215332,62.255001068115234,62.31999969482422,1894823
2025-12-22 16:15:00+00:00,62.31050109863281,62.380001068115234,62.07440185546875,62.08000183105469,1770441
2025-12-22 16:30:00+00:00,62.084999084472656,62.20000076293945,61.849998474121094,62.119998931884766,2714675
2025-12-22 16:45:00+00:00,62.130001068115234,62.334999084472656,62.09000015258789,62.31999969482422,1568630
2025-12-22 17:00:00+00:00,62.31999969482422,62.380001068115234,62.22999954223633,62.275001525878906,857755
2025-12-22 17:15:00+00:00,62.275001525878906,62.28499984741211,62.04119873046875,62.060001373291016,1101553
2025-12-22 17:30:00+00:00,62.0536003112793,62.13999938964844,61.96500015258789,62.0791015625,885634
2025-12-22 17:45:00+00:00,62.076698303222656,62.19990158081055,62.060001373291016,62.17499923706055,759857
2025-12-22 18:00:00+00:00,62.18000030517578,62.19990158081055,62.08000183105469,62.11000061035156,567184
2025-12-22 18:15:00+00:00,62.1150016784668,62.20000076293945,62.040000915527344,62.1440544128418,876821
2025-12-22 18:30:00+00:00,62.150001525878906,62.17499923706055,62.03099822998047,62.060001373291016,627977
2025-12-22 18:45:00+00:00,62.064998626708984,62.10749816894531,61.95000076293945,61.97999954223633,809695
2025-12-22 19:00:00+00:00,61.97999954223633,62.02000045776367,61.7400016784668,61.8650016784668,2200281
2025-12-22 19:15:00+00:00,61.8650016784668,62.03499984741211,61.83000183105469,62.01499938964844,1105030
2025-12-22 19:30:00+00:00,62.01499938964844,62.060001373291016,61.939998626708984,62.05500030517578,837359
2025-12-22 19:45:00+00:00,62.05500030517578,62.189998626708984,62.02000045776367,62.17919921875,1532630
2025-12-22 20:00:00+00:00,62.18000030517578,62.34000015258789,62.17499923706055,62.334999084472656,1250964
2025-12-22 20:15:00+00:00,62.33440017700195,62.349998474121094,62.2401008605957,62.26605224609375,879722
2025-12-22 20:30:00+00:00,62.26499938964844,62.37969970703125,62.2599983215332,62.359798431396484,952712
2025-12-22 20:45:00+00:00,62.35499954223633,62.47999954223633,62.33000183105469,62.46500015258789,2301829
2025-12-23 14:30:00+00:00,63.68000030517578,63.70000076293945,62.7400016784668,63.064998626708984,15008029
2025-12-23 14:45:00+00:00,63.060001373291016,63.34000015258789,62.775001525878906,62.939998626708984,3858960
2025-12-23 15:00:00+00:00,62.95399856567383,63.04999923706055,62.369998931884766,62.880001068115234,6329086
2025-12-23 15:15:00+00:00,62.875,63.02000045776367,62.65999984741211,62.7244987487793,2470256
2025-12-23 15:30:00+00:00,62.720001220703125,63.154998779296875,62.69860076904297,63.041099548339844,2604844
2025-12-23 15:45:00+00:00,63.040000915527344,63.279998779296875,63.0,63.20389938354492,2195142
2025-12-23 16:00:00+00:00,63.20709991455078,63.65999984741211,63.193599700927734,63.484500885009766,2486299
2025-12-23 16:15:00+00:00,63.4900016784668,63.77000045776367,63.47999954223633,63.595001220703125,1990734
2025-12-23 16:30:00+00:00,63.595001220703125,63.779998779296875,63.45000076293945,63.665000915527344,1897886
2025-12-23 16:45:00+00:00,63.665000915527344,63.959999084472656,63.665000915527344,63.860599517822266,1528241
2025-12-23 17:00:00+00:00,63.86000061035156,64.38999938964844,63.83440017700195,64.23619842529297,3796992
2025-12-23 17:15:00+00:00,64.23999786376953,64.4000015258789,64.08000183105469,64.36000061035156,1942311
2025-12-23 17:30:00+00:00,64.36000061035156,64.37999725341797,64.13999938964844,64.3031997680664,1496983
2025-12-23 17:45:00+00:00,64.30500030517578,64.31999969482422,63.900001525878906,64.00499725341797,2118391
2025-12-23 18:00:00+00:00,64.01000213623047,64.25,64.00499725341797,64.1458511352539,1950901
2025-12-23 18:15:00+00:00,64.13500213623047,64.37999725341797,64.09500122070312,64.33499908447266,1762667
2025-12-23 18:30:00+00:00,64.33999633789062,64.3499984741211,64.17019653320312,64.24019622802734,1107469
2025-12-23 18:45:00+00:00,64.25,64.48999786376953,64.23500061035156,64.46499633789062,1828340
2025-12-23 19:00:00+00:00,64.45999908447266,64.7750015258789,64.45999908447266,64.58000183105469,3125633
2025-12-23 19:15:00+00:00,64.57499694824219,64.6355972290039,64.38999938964844,64.60250091552734,1585072
2025-12-23 19:30:00+00:00,64.61000061035156,64.69000244140625,64.4800033569336,64.64350128173828,1096133
2025-12-23 19:45:00+00:00,64.6449966430664,64.66000366210938,64.48249816894531,64.48999786376953,1131005
2025-12-23 20:00:00+00:00,64.48580169677734,64.62999725341797,64.43000030517578,64.61000061035156,1316039
2025-12-23 20:15:00+00:00,64.61000061035156,64.75,64.55000305175781,64.55439758300781,1414951
2025-12-23 20:30:00+00:00,64.55999755859375,64.62000274658203,64.43499755859375,64.59989929199219,1729937
2025-12-23 20:45:00+00:00,64.59500122070312,64.875,64.58000183105469,64.83499908447266,4183865
2025-12-24 14:30:00+00:00,65.08000183105469,65.5250015258789,64.58999633789062,64.91000366210938,16073996
2025-12-24 14:45:00+00:00,64.91999816894531,64.95950317382812,64.12000274658203,64.2300033569336,5924336
2025-12-24 15:00:00+00:00,64.22000122070312,64.62000274658203,64.0199966430664,64.6050033569336,4006220
2025-12-24 15:15:00+00:00,64.5999984741211,64.70500183105469,64.02999877929688,64.2699966430664,3128122
2025-12-24 15:30:00+00:00,64.25,64.375,63.654998779296875,63.90999984741211,4314631
2025-12-24 15:45:00+00:00,63.900001525878906,64.12999725341797,63.60499954223633,64.05500030517578,3701534
2025-12-24 16:00:00+00:00,64.05500030517578,64.61650085449219,63.95500183105469,64.46240234375,3847962
2025-12-24 16:15:00+00:00,64.47000122070312,64.54000091552734,64.33000183105469,64.51000213623047,1331153
2025-12-24 16:30:00+00:00,64.5199966430664,64.9000015258789,64.44000244140625,64.86990356445312,3053001
2025-12-24 16:45:00+00:00,64.87000274658203,65.06999969482422,64.71499633789062,65.00499725341797,2702768
2025-12-24 17:00:00+00:00,65.01499938964844,65.2300033569336,64.94000244140625,65.07499694824219,2259167
2025-12-24 17:15:00+00:00,65.07990264892578,65.12999725341797,64.8499984741211,65.0,2144991
2025-12-24 17:30:00+00:00,65.0,65.20999908447266,64.99500274658203,65.18000030517578,1463650
2025-12-24 17:45:00+00:00,65.17500305175781,65.31999969482422,65.16500091552734,65.30500030517578,882342
2025-12-26 14:30:00+00:00,67.83000183105469,68.1500015258789,67.41999816894531,67.48999786376953,21427748
2025-12-26 14:45:00+00:00,67.48999786376953,68.66999816894531,67.34500122070312,67.88999938964844,9930606
2025-12-26 15:00:00+00:00,67.88999938964844,68.47000122070312,67.87000274658203,68.26499938964844,6093573
2025-12-26 15:15:00+00:00,68.26840209960938,68.73989868164062,68.08999633789062,68.66999816894531,5154994
2025-12-26 15:30:00+00:00,68.66500091552734,68.83999633789062,68.30999755859375,68.50499725341797,4646312
2025-12-26 15:45:00+00:00,68.51000213623047,69.0,68.45999908447266,68.94499969482422,4128817
2025-12-26 16:00:00+00:00,68.95999908447266,69.08000183105469,68.51499938964844,68.62000274658203,4187817
2025-12-26 16:15:00+00:00,68.61000061035156,69.12999725341797,68.43000030517578,69.04499816894531,4931607
2025-12-26 16:30:00+00:00,69.04499816894531,69.2699966430664,68.87000274658203,69.1500015258789,2729244
2025-12-26 16:45:00+00:00,69.15560150146484,69.3499984741211,68.90499877929688,69.19499969482422,2985924
2025-12-26 17:00:00+00:00,69.19999694824219,69.37000274658203,69.04000091552734,69.07499694824219,2401243
2025-12-26 17:15:00+00:00,69.08000183105469,69.08000183105469,68.7300033569336,68.8550033569336,4442409
2025-12-26 17:30:00+00:00,68.8550033569336,69.05999755859375,68.62010192871094,68.9999008178711,3346569
2025-12-26 17:45:00+00:00,68.98999786376953,69.37000274658203,68.95999908447266,69.29000091552734,3424968
2025-12-26 18:00:00+00:00,69.29000091552734,69.44000244140625,69.18000030517578,69.36499786376953,2583550
2025-12-26 18:15:00+00:00,69.36499786376953,69.88500213623047,69.31999969482422,69.6698989868164,3901395
2025-12-26 18:30:00+00:00,69.66000366210938,69.96499633789062,69.54000091552734,69.94999694824219,3467770
2025-12-26 18:45:00+00:00,69.94999694824219,70.16999816894531,69.86000061035156,70.06500244140625,4322219
2025-12-26 19:00:00+00:00,70.05999755859375,70.2300033569336,69.80000305175781,70.20500183105469,3322845
2025-12-26 19:15:00+00:00,70.20099639892578,70.41999816894531,70.1500015258789,70.20349884033203,4385912
2025-12-26 19:30:00+00:00,70.19419860839844,70.23999786376953,70.01000213623047,70.04000091552734,3222247
2025-12-26 19:45:00+00:00,70.02999877929688,70.12999725341797,69.7699966430664,70.07499694824219,3315176
2025-12-26 20:00:00+00:00,70.08000183105469,70.63999938964844,70.05809783935547,70.56379699707031,6193893
2025-12-26 20:15:00+00:00,70.56500244140625,70.94000244140625,70.5,70.6050033569336,5440214
2025-12-26 20:30:00+00:00,70.5999984741211,71.06800079345703,70.47750091552734,71.0,4811251
2025-12-26 20:45:00+00:00,71.0,71.2249984741211,70.91500091552734,71.12000274658203,9043674
2025-12-29 14:30:00+00:00,65.65699768066406,66.30000305175781,65.1500015258789,65.83000183105469,42869005
2025-12-29 14:45:00+00:00,65.82499694824219,66.48500061035156,65.7249984741211,65.9000015258789,11868199
2025-12-29 15:00:00+00:00,65.91000366210938,65.91500091552734,65.0999984741211,65.70999908447266,9720992
2025-12-29 15:15:00+00:00,65.70999908447266,65.73500061035156,64.27999877929688,64.38999938964844,10737976
2025-12-29 15:30:00+00:00,64.37010192871094,64.9800033569336,63.91999816894531,64.69499969482422,7335676
2025-12-29 15:45:00+00:00,64.69000244140625,64.97000122070312,64.30000305175781,64.73470306396484,5238030
2025-12-29 16:00:00+00:00,64.73500061035156,65.58499908447266,64.62999725341797,65.27999877929688,4989581
2025-12-29 16:15:00+00:00,65.29000091552734,65.30000305175781,64.56009674072266,64.70999908447266,4681021
2025-12-29 16:30:00+00:00,64.71019744873047,65.26000213623047,64.69000244140625,65.12999725341797,3079495
2025-12-29 16:45:00+00:00,65.12999725341797,65.93000030517578,65.125,65.66500091552734,3573158
2025-12-29 17:00:00+00:00,65.66999816894531,65.88999938964844,65.33499908447266,65.63500213623047,3071372
2025-12-29 17:15:00+00:00,65.62999725341797,65.75,65.13500213623047,65.29940032958984,2343133
2025-12-29 17:30:00+00:00,65.30000305175781,65.31549835205078,64.76000213623047,64.83000183105469,2741965
2025-12-29 17:45:00+00:00,64.83499908447266,65.11000061035156,64.83000183105469,64.95880126953125,1871098
2025-12-29 18:00:00+00:00,64.95999908447266,65.05999755859375,64.5,64.66929626464844,2922489
2025-12-29 18:15:00+00:00,64.66999816894531,64.80000305175781,64.20500183105469,64.32009887695312,3136724
2025-12-29 18:30:00+00:00,64.31999969482422,64.8114013671875,64.24500274658203,64.66000366210938,3376009
2025-12-29 18:45:00+00:00,64.66999816894531,65.1500015258789,64.63500213623047,65.0,2173760
2025-12-29 19:00:00+00:00,65.01000213623047,65.12000274658203,64.66999816894531,65.11000061035156,2222989
2025-12-29 19:15:00+00:00,65.12000274658203,65.18000030517578,64.94000244140625,65.07499694824219,1814378
2025-12-29 19:30:00+00:00,65.07499694824219,65.44000244140625,65.07499694824219,65.38960266113281,2259316
2025-12-29 19:45:00+00:00,65.38009643554688,65.69000244140625,65.33000183105469,65.55999755859375,3061913
2025-12-29 20:00:00+00:00,65.56999969482422,66.20999908447266,65.55999755859375,66.19499969482422,3742299
2025-12-29 20:15:00+00:00,66.19999694824219,66.2249984741211,65.87999725341797,66.17130279541016,4477681
2025-12-29 20:30:00+00:00,66.18000030517578,66.26000213623047,65.68800354003906,65.94879913330078,3304607
2025-12-29 20:45:00+00:00,65.94979858398438,66.12999725341797,65.75,66.04499816894531,3260770
2025-12-30 14:30:00+00:00,69.1050033569336,69.11000061035156,68.03070068359375,68.36000061035156,21696817
2025-12-30 14:45:00+00:00,68.36000061035156,68.66999816894531,68.08999633789062,68.4000015258789,4895219
2025-12-30 15:00:00+00:00,68.38999938964844,68.61000061035156,68.13999938964844,68.44499969482422,3216871
2025-12-30 15:15:00+00:00,68.45999908447266,69.08000183105469,68.4000015258789,68.6436996459961,4532876
2025-12-30 15:30:00+00:00,68.64949798583984,69.29989624023438,68.54000091552734,68.89990234375,4329953
2025-12-30 15:45:00+00:00,68.8949966430664,69.18000030517578,68.87999725341797,68.94000244140625,3203982
2025-12-30 16:00:00+00:00,68.94000244140625,69.05000305175781,68.68000030517578,68.86859893798828,2316034
2025-12-30 16:15:00+00:00,68.86499786376953,69.3499984741211,68.83999633789062,69.14230346679688,2858807
2025-12-30 16:30:00+00:00,69.13999938964844,69.19999694824219,68.97000122070312,69.1500015258789,1726737
2025-12-30 16:45:00+00:00,69.1500015258789,69.91000366210938,69.04000091552734,69.83999633789062,5140807
2025-12-30 17:00:00+00:00,69.84500122070312,70.27999877929688,69.77010345458984,69.9198989868164,6751706
2025-12-30 17:15:00+00:00,69.91000366210938,70.45999908447266,69.87010192871094,70.3949966430664,5178451
2025-12-30 17:30:00+00:00,70.3949966430664,70.52999877929688,70.01499938964844,70.1686019897461,3935820
2025-12-30 17:45:00+00:00,70.16439819335938,70.41999816894531,70.0199966430664,70.28919982910156,1970638
2025-12-30 18:00:00+00:00,70.29000091552734,70.76000213623047,70.18499755859375,70.56999969482422,3540900
2025-12-30 18:15:00+00:00,70.56500244140625,70.66999816894531,70.31500244140625,70.5250015258789,3597707
2025-12-30 18:30:00+00:00,70.5199966430664,70.55000305175781,70.02989959716797,70.20999908447266,2572439
2025-12-30 18:45:00+00:00,70.19999694824219,70.3499984741211,70.08499908447266,70.24130249023438,1926045
2025-12-30 19:00:00+00:00,70.25830078125,70.4800033569336,70.1500015258789,70.25499725341797,1724194
2025-12-30 19:15:00+00:00,70.2500991821289,70.48999786376953,70.20999908447266,70.47000122070312,1466568
2025-12-30 19:30:00+00:00,70.45999908447266,70.47000122070312,70.0999984741211,70.22000122070312,1577210
2025-12-30 19:45:00+00:00,70.22989654541016,70.22989654541016,68.80999755859375,69.06549835205078,6507834
2025-12-30 20:00:00+00:00,69.06999969482422,69.12999725341797,68.31999969482422,68.88990020751953,5681741
2025-12-30 20:15:00+00:00,68.88400268554688,69.23999786376953,68.55000305175781,69.11109924316406,5013761
2025-12-30 20:30:00+00:00,69.12000274658203,69.58999633789062,69.08000183105469,69.16999816894531,4071551
2025-12-30 20:45:00+00:00,69.16500091552734,69.37000274658203,68.79000091552734,69.0,4278879
2025-12-31 14:30:00+00:00,65.54000091552734,66.43000030517578,65.33999633789062,66.19499969482422,20984868
2025-12-31 14:45:00+00:00,66.19999694824219,66.87999725341797,66.0999984741211,66.5011978149414,7233139
2025-12-31 15:00:00+00:00,66.51000213623047,66.68000030517578,65.91500091552734,66.03500366210938,5013533
2025-12-31 15:15:00+00:00,66.02999877929688,66.11100006103516,65.55500030517578,65.9800033569336,5036705
2025-12-31 15:30:00+00:00,65.97599792480469,66.12999725341797,65.47000122070312,65.55999755859375,3705408
2025-12-31 15:45:00+00:00,65.55000305175781,65.69000244140625,65.3561019897461,65.62660217285156,3637832
2025-12-31 16:00:00+00:00,65.62000274658203,65.74800109863281,65.0,65.04499816894531,5056529
2025-12-31 16:15:00+00:00,65.04000091552734,65.22000122070312,64.88999938964844,65.0250015258789,3634821
2025-12-31 16:30:00+00:00,65.0250015258789,65.19999694824219,64.76000213623047,64.8949966430664,2578139
2025-12-31 16:45:00+00:00,64.88999938964844,65.13800048828125,64.76499938964844,65.00499725341797,3230957
2025-12-31 17:00:00+00:00,65.01000213623047,65.2750015258789,64.9000015258789,65.0198974609375,2644350
2025-12-31 17:15:00+00:00,65.01000213623047,65.09989929199219,64.67500305175781,64.75,2240845
2025-12-31 17:30:00+00:00,64.73999786376953,64.97000122070312,64.5999984741211,64.70500183105469,3029938
2025-12-31 17:45:00+00:00,64.69999694824219,64.76000213623047,64.4800033569336,64.625,2293795
2025-12-31 18:00:00+00:00,64.625,64.9000015258789,64.52999877929688,64.7780990600586,2006943
2025-12-31 18:15:00+00:00,64.77999877929688,64.88999938964844,64.44000244140625,64.7843017578125,2671838
2025-12-31 18:30:00+00:00,64.79000091552734,65.19000244140625,64.56999969482422,64.91000366210938,3881512
2025-12-31 18:45:00+00:00,64.91609954833984,64.9800033569336,64.68499755859375,64.93009948730469,2257918
2025-12-31 19:00:00+00:00,64.94000244140625,65.12000274658203,64.625,64.7750015258789,2367851
2025-12-31 19:15:00+00:00,64.7750015258789,64.8113021850586,64.61499786376953,64.69000244140625,1363960
2025-12-31 19:30:00+00:00,64.69000244140625,64.69999694824219,63.86000061035156,64.00499725341797,6514858
2025-12-31 19:45:00+00:00,64.0,64.23999786376953,63.814998626708984,63.900001525878906,3533582
2025-12-31 20:00:00+00:00,63.900001525878906,64.05500030517578,63.529998779296875,64.04000091552734,4609893
2025-12-31 20:15:00+00:00,64.04000091552734,64.38970184326172,63.939998626708984,64.31999969482422,3222070
2025-12-31 20:30:00+00:00,64.31999969482422,64.7699966430664,64.2699966430664,64.6449966430664,4149020
2025-12-31 20:45:00+00:00,64.6449966430664,64.66999816894531,64.26000213623047,64.43000030517578,4853167
2026-01-02 14:30:00+00:00,67.30000305175781,67.36000061035156,66.31999969482422,66.6449966430664,15962241
2026-01-02 14:45:00+00:00,66.6416015625,67.1500015258789,66.61000061035156,66.69000244140625,4728032
2026-01-02 15:00:00+00:00,66.69000244140625,66.95999908447266,66.18000030517578,66.4000015258789,4129830
2026-01-02 15:15:00+00:00,66.4000015258789,66.51000213623047,65.90499877929688,66.05000305175781,4119465
2026-01-02 15:30:00+00:00,66.05000305175781,66.56999969482422,65.83999633789062,66.47799682617188,3305077
2026-01-02 15:45:00+00:00,66.4800033569336,66.4990005493164,65.78500366210938,65.83999633789062,3072203
2026-01-02 16:00:00+00:00,65.83000183105469,65.87999725341797,65.05000305175781,65.09500122070312,5269834
2026-01-02 16:15:00+00:00,65.08999633789062,65.32499694824219,64.91000366210938,65.27999877929688,3340411
2026-01-02 16:30:00+00:00,65.26000213623047,65.55000305175781,64.97000122070312,65.52559661865234,2481786
2026-01-02 16:45:00+00:00,65.52010345458984,65.58499908447266,65.12000274658203,65.47000122070312,2094873
2026-01-02 17:00:00+00:00,65.47000122070312,65.72889709472656,65.28500366210938,65.66500091552734,1695854
2026-01-02 17:15:00+00:00,65.66999816894531,65.9000015258789,65.55999755859375,65.80999755859375,1569073
2026-01-02 17:30:00+00:00,65.81500244140625,65.94999694824219,65.3832015991211,65.45010375976562,1567466
2026-01-02 17:45:00+00:00,65.44999694824219,65.51499938964844,65.1500015258789,65.20500183105469,1574648
2026-01-02 18:00:00+00:00,65.19999694824219,65.30999755859375,64.74500274658203,64.87999725341797,2416031
2026-01-02 18:15:00+00:00,64.87999725341797,65.12999725341797,64.77999877929688,64.97000122070312,1909312
2026-01-02 18:30:00+00:00,64.96440124511719,65.1449966430664,64.85399627685547,64.98979949951172,979978
2026-01-02 18:45:00+00:00,64.98500061035156,65.18000030517578,64.94999694824219,65.17440032958984,1027255
2026-01-02 19:00:00+00:00,65.18000030517578,65.54000091552734,65.16000366210938,65.52999877929688,1382368
2026-01-02 19:15:00+00:00,65.52999877929688,65.5999984741211,65.3499984741211,65.40499877929688,946413
2026-01-02 19:30:00+00:00,65.41000366210938,65.88480377197266,65.4011001586914,65.6449966430664,1672072
2026-01-02 19:45:00+00:00,65.6449966430664,65.6500015258789,65.2300033569336,65.29000091552734,1152760
2026-01-02 20:00:00+00:00,65.28009796142578,65.52999877929688,65.21379852294922,65.48999786376953,1249765
2026-01-02 20:15:00+00:00,65.48999786376953,65.94999694824219,65.4000015258789,65.91999816894531,1399395
2026-01-02 20:30:00+00:00,65.91500091552734,65.91999816894531,65.69499969482422,65.7300033569336,2049633
2026-01-02 20:45:00+00:00,65.72989654541016,65.79000091552734,65.625,65.77999877929688,2571616
2026-01-05 14:30:00+00:00,69.44999694824219,69.4800033569336,68.66000366210938,69.13999938964844,21328296
2026-01-05 14:45:00+00:00,69.13999938964844,69.81999969482422,69.11000061035156,69.58000183105469,6353769
2026-01-05 15:00:00+00:00,69.58999633789062,69.80500030517578,69.1500015258789,69.3949966430664,4611952
2026-01-05 15:15:00+00:00,69.414306640625,69.73999786376953,69.23999786376953,69.49400329589844,3008439
2026-01-05 15:30:00+00:00,69.51000213623047,69.8499984741211,69.3499984741211,69.80500030517578,3263294
2026-01-05 15:45:00+00:00,69.80889892578125,70.0,69.44010162353516,69.93000030517578,7606920
2026-01-05 16:00:00+00:00,69.93000030517578,69.95800018310547,69.42900085449219,69.6500015258789,3906034
2026-01-05 16:15:00+00:00,69.66000366210938,69.83999633789062,69.62999725341797,69.63999938964844,1751096
2026-01-05 16:30:00+00:00,69.63500213623047,69.94000244140625,69.625,69.76000213623047,1943944
2026-01-05 16:45:00+00:00,69.76100158691406,70.5999984741211,69.73500061035156,69.83999633789062,9221125
2026-01-05 17:00:00+00:00,69.8499984741211,69.8499984741211,69.20999908447266,69.33999633789062,5593481
2026-01-05 17:15:00+00:00,69.33000183105469,69.66000366210938,69.32009887695312,69.47000122070312,2852377
2026-01-05 17:30:00+00:00,69.4800033569336,69.7249984741211,69.03500366210938,69.12999725341797,2167725
2026-01-05 17:45:00+00:00,69.12000274658203,69.43000030517578,69.05999755859375,69.29499816894531,2759062
2026-01-05 18:00:00+00:00,69.29000091552734,69.65499877929688,69.2249984741211,69.55560302734375,1303602
2026-01-05 18:15:00+00:00,69.55000305175781,69.61000061035156,69.30999755859375,69.47319793701172,1366955
2026-01-05 18:30:00+00:00,69.47000122070312,69.53510284423828,69.11000061035156,69.23500061035156,1929708
2026-01-05 18:45:00+00:00,69.2300033569336,69.37000274658203,69.1449966430664,69.36000061035156,1286069
2026-01-05 19:00:00+00:00,69.37000274658203,69.4000015258789,68.5199966430664,68.83000183105469,3366471
2026-01-05 19:15:00+00:00,68.82499694824219,68.9843978881836,68.70999908447266,68.88999938964844,1707482
2026-01-05 19:30:00+00:00,68.88999938964844,69.20999908447266,68.85449981689453,69.06320190429688,1552723
2026-01-05 19:45:00+00:00,69.06568145751953,69.09500122070312,68.87000274658203,68.98500061035156,1124119
2026-01-05 20:00:00+00:00,68.9800033569336,69.26499938964844,68.87000274658203,69.18499755859375,1416924
2026-01-05 20:15:00+00:00,69.19000244140625,69.28500366210938,68.91999816894531,69.02999877929688,1386146
2026-01-05 20:30:00+00:00,69.02999877929688,69.02999877929688,68.56009674072266,68.70999908447266,2461543
2026-01-05 20:45:00+00:00,68.70500183105469,69.15499877929688,68.70500183105469,69.06500244140625,4396183
2026-01-06 14:30:00+00:00,71.60489654541016,72.30000305175781,71.60489654541016,72.15499877929688,18361836
2026-01-06 14:45:00+00:00,72.15499877929688,72.94000244140625,72.0999984741211,72.86100006103516,6719956
2026-01-06 15:00:00+00:00,72.87999725341797,72.9800033569336,72.38500213623047,72.7300033569336,7305806
2026-01-06 15:15:00+00:00,72.7300033569336,73.125,72.44000244140625,73.08499908447266,4846654
2026-01-06 15:30:00+00:00,72.90499877929688,72.94000244140625,72.19999694824219,72.66999816894531,4759495
2026-01-06 15:45:00+00:00,72.6697006225586,72.8499984741211,72.54499816894531,72.7750015258789,2451825
2026-01-06 16:00:00+00:00,72.78500366210938,72.95500183105469,72.38999938964844,72.72000122070312,2464206
2026-01-06 16:15:00+00:00,72.72000122070312,72.9000015258789,72.69000244140625,72.8949966430664,1397117
2026-01-06 16:30:00+00:00,72.9749984741211,73.29000091552734,72.91500091552734,72.9800033569336,3117162
2026-01-06 16:45:00+00:00,72.875,73.15499877929688,72.83499908447266,73.12999725341797,3224614
2026-01-06 17:00:00+00:00,73.12000274658203,73.18000030517578,72.94999694824219,73.12000274658203,1619029
2026-01-06 17:15:00+00:00,73.12570190429688,73.39990234375,73.12000274658203,73.23999786376953,2920505
2026-01-06 17:30:00+00:00,73.37000274658203,73.44000244140625,73.04000091552734,73.16500091552734,2183462
2026-01-06 17:45:00+00:00,73.16999816894531,73.76000213623047,73.13500213623047,73.63999938964844,4926262
2026-01-06 18:00:00+00:00,73.62000274658203,73.80000305175781,73.44000244140625,73.7300033569336,1469031
2026-01-06 18:15:00+00:00,73.7300033569336,73.79000091552734,73.19999694824219,73.24500274658203,3048820
2026-01-06 18:30:00+00:00,73.23500061035156,73.30500030517578,72.80999755859375,73.23500061035156,4167531
2026-01-06 18:45:00+00:00,73.2300033569336,73.43990325927734,73.22000122070312,73.3949966430664,1341429
2026-01-06 19:00:00+00:00,73.33000183105469,73.34500122070312,72.98999786376953,73.05549621582031,1988740
2026-01-06 19:15:00+00:00,72.7760009765625,72.9000015258789,72.62999725341797,72.68499755859375,2822616
2026-01-06 19:30:00+00:00,72.68499755859375,72.94999694824219,72.56999969482422,72.81500244140625,2618109
2026-01-06 19:45:00+00:00,72.81500244140625,72.86499786376953,72.41449737548828,72.55000305175781,2705263
2026-01-06 20:00:00+00:00,72.54000091552734,72.8499984741211,72.44020080566406,72.75440216064453,2128161
2026-01-06 20:15:00+00:00,72.75,72.94499969482422,72.73999786376953,72.88999938964844,1706533
2026-01-06 20:30:00+00:00,72.79000091552734,73.04499816894531,72.77439880371094,73.02999877929688,1661974
2026-01-06 20:45:00+00:00,73.26000213623047,73.52999877929688,73.26000213623047,73.52999877929688,4671504
2026-01-07 14:30:00+00:00,69.81999969482422,70.25,69.61000061035156,70.09500122070312,21437751
2026-01-07 14:45:00+00:00,70.09500122070312,70.62000274658203,69.81999969482422,70.30000305175781,5603922
2026-01-07 15:00:00+00:00,70.30000305175781,70.33999633789062,69.41000366210938,69.41999816894531,5715982
2026-01-07 15:15:00+00:00,69.41999816894531,70.0,69.22000122070312,69.97000122070312,4291749
2026-01-07 15:30:00+00:00,69.97000122070312,70.42500305175781,69.91999816894531,69.93499755859375,3937623
2026-01-07 15:45:00+00:00,69.94000244140625,70.0999984741211,69.80500030517578,69.98989868164062,2156555
2026-01-07 16:00:00+00:00,69.9800033569336,70.33000183105469,69.9800033569336,70.12010192871094,2862619
2026-01-07 16:15:00+00:00,70.11499786376953,71.02999877929688,69.98999786376953,70.78500366210938,4283555
2026-01-07 16:30:00+00:00,70.79000091552734,71.37999725341797,70.69499969482422,71.31999969482422,5250730
2026-01-07 16:45:00+00:00,71.30999755859375,71.54499816894531,71.12000274658203,71.47989654541016,2866224
2026-01-07 17:00:00+00:00,71.47930145263672,71.52989959716797,71.11499786376953,71.36910247802734,3314574
2026-01-07 17:15:00+00:00,71.37000274658203,71.48500061035156,70.91999816894531,71.08999633789062,2802227
2026-01-07 17:30:00+00:00,71.09500122070312,71.29499816894531,71.02999877929688,71.13999938964844,2436611
2026-01-07 17:45:00+00:00,71.13500213623047,71.1449966430664,70.52749633789062,70.77999877929688,2807318
2026-01-07 18:00:00+00:00,70.7699966430664,70.79000091552734,70.26000213623047,70.285400390625,2309370
2026-01-07 18:15:00+00:00,70.29000091552734,70.71585083007812,70.11000061035156,70.56999969482422,2166805
2026-01-07 18:30:00+00:00,70.58000183105469,70.9000015258789,70.55000305175781,70.86509704589844,1767209
2026-01-07 18:45:00+00:00,70.87000274658203,70.94989776611328,70.70999908447266,70.84860229492188,1129223
2026-01-07 19:00:00+00:00,70.84359741210938,71.04000091552734,70.79000091552734,70.8499984741211,1203293
2026-01-07 19:15:00+00:00,70.84100341796875,70.84539794921875,70.51499938964844,70.70428466796875,1260874
2026-01-07 19:30:00+00:00,70.69999694824219,71.01000213623047,70.69499969482422,70.88999938964844,958489
2026-01-07 19:45:00+00:00,70.88729858398438,71.15570068359375,70.78140258789062,71.13929748535156,1362016
2026-01-07 20:00:00+00:00,71.13500213623047,71.27999877929688,70.86000061035156,70.95999908447266,1987415
2026-01-07 20:15:00+00:00,70.94999694824219,71.19000244140625,70.88999938964844,71.01499938964844,2017157
2026-01-07 20:30:00+00:00,71.0199966430664,71.08999633789062,70.89399719238281,71.0,2141926
2026-01-07 20:45:00+00:00,71.0,71.2300033569336,70.94999694824219,70.98999786376953,2935817
2026-01-08 14:30:00+00:00,67.1875,67.7699966430664,66.91999816894531,67.29499816894531,18152325
2026-01-08 14:45:00+00:00,67.27999877929688,67.8499984741211,67.2300033569336,67.51000213623047,4677476
2026-01-08 15:00:00+00:00,67.5,68.05000305175781,67.2699966430664,68.00499725341797,4637660
2026-01-08 15:15:00+00:00,68.0,68.55999755859375,67.9469985961914,68.51419830322266,3472679
2026-01-08 15:30:00+00:00,68.51000213623047,68.80500030517578,68.41500091552734,68.72000122070312,2883839
2026-01-08 15:45:00+00:00,68.7300033569336,68.87999725341797,68.32499694824219,68.69709777832031,2913754
2026-01-08 16:00:00+00:00,68.7040023803711,68.80000305175781,68.41999816894531,68.42179870605469,1882531
2026-01-08 16:15:00+00:00,68.42440032958984,68.7699966430664,68.38999938964844,68.64820098876953,1868174
2026-01-08 16:30:00+00:00,68.63999938964844,69.2699966430664,68.5999984741211,69.05509948730469,2824262
2026-01-08 16:45:00+00:00,69.05999755859375,69.16000366210938,68.84500122070312,69.09500122070312,2098255
2026-01-08 17:00:00+00:00,69.09500122070312,69.27999877929688,68.99500274658203,69.11499786376953,1682400
2026-01-08 17:15:00+00:00,69.11000061035156,69.11000061035156,68.68000030517578,68.83999633789062,4360755
2026-01-08 17:30:00+00:00,68.84500122070312,69.22000122070312,68.84500122070312,69.0250015258789,1439488
2026-01-08 17:45:00+00:00,69.02999877929688,69.08000183105469,68.84729766845703,69.02999877929688,1094519
2026-01-08 18:00:00+00:00,69.01000213623047,69.01000213623047,68.5199966430664,68.69110107421875,1548143
2026-01-08 18:15:00+00:00,68.69499969482422,68.77130126953125,68.20500183105469,68.56099700927734,2717707
2026-01-08 18:30:00+00:00,68.55999755859375,68.71009826660156,68.41010284423828,68.70999908447266,1015254
2026-01-08 18:45:00+00:00,68.71990203857422,68.91000366210938,68.60140228271484,68.6500015258789,1012532
2026-01-08 19:00:00+00:00,68.63999938964844,68.83000183105469,68.61000061035156,68.67500305175781,723959
2026-01-08 19:15:00+00:00,68.67400360107422,68.71499633789062,68.48999786376953,68.5459976196289,1104883
2026-01-08 19:30:00+00:00,68.54499816894531,68.83999633789062,68.53500366210938,68.80000305175781,993060
2026-01-08 19:45:00+00:00,68.81220245361328,68.87000274658203,68.65029907226562,68.75509643554688,886089
2026-01-08 20:00:00+00:00,68.75499725341797,68.99559783935547,68.7300033569336,68.91349792480469,1176218
2026-01-08 20:15:00+00:00,68.9197998046875,69.35990142822266,68.91000366210938,69.2750015258789,2781591
2026-01-08 20:30:00+00:00,69.29000091552734,69.6978988647461,69.29000091552734,69.57499694824219,3617139
2026-01-08 20:45:00+00:00,69.57499694824219,69.7699966430664,69.5,69.70999908447266,3604441
2026-01-09 14:30:00+00:00,71.30999755859375,71.75499725341797,70.87129974365234,71.5199966430664,16112717
2026-01-09 14:45:00+00:00,71.51000213623047,72.05000305175781,71.37000274658203,71.90499877929688,7528009
2026-01-09 15:00:00+00:00,71.91000366210938,72.0,71.3499984741211,71.82499694824219,5036010
2026-01-09 15:15:00+00:00,71.83000183105469,72.47000122070312,71.66999816894531,72.29000091552734,6079633
2026-01-09 15:30:00+00:00,72.29000091552734,72.55999755859375,72.12000274658203,72.43900299072266,2829337
2026-01-09 15:45:00+00:00,72.44000244140625,72.69010162353516,72.23999786376953,72.6449966430664,3842186
2026-01-09 16:00:00+00:00,72.6500015258789,72.71499633789062,72.12999725341797,72.33789825439453,3228503
2026-01-09 16:15:00+00:00,72.33000183105469,72.68499755859375,72.30000305175781,72.625,3434848
2026-01-09 16:30:00+00:00,72.62999725341797,72.9000015258789,72.51499938964844,72.89820098876953,3807678
2026-01-09 16:45:00+00:00,72.9000015258789,72.98999786376953,72.70500183105469,72.91000366210938,2473413
2026-01-09 17:00:00+00:00,72.91000366210938,72.95999908447266,72.54869842529297,72.6675033569336,2972604
2026-01-09 17:15:00+00:00,72.66500091552734,72.66999816894531,72.26000213623047,72.46990203857422,2591364
2026-01-09 17:30:00+00:00,72.46499633789062,72.77999877929688,72.30999755859375,72.30999755859375,3206422
2026-01-09 17:45:00+00:00,72.31500244140625,72.51740264892578,71.87000274658203,72.10800170898438,4710396
2026-01-09 18:00:00+00:00,72.0999984741211,72.28500366210938,72.01000213623047,72.20500183105469,2131082
2026-01-09 18:15:00+00:00,72.19999694824219,72.24600219726562,71.94999694824219,72.05000305175781,2227735
2026-01-09 18:30:00+00:00,72.04000091552734,72.49600219726562,72.01000213623047,72.48880004882812,2449795
2026-01-09 18:45:00+00:00,72.4999008178711,72.54000091552734,72.37200164794922,72.47000122070312,1449861
2026-01-09 19:00:00+00:00,72.47000122070312,72.5199966430664,72.19000244140625,72.41500091552734,1323628
2026-01-09 19:15:00+00:00,72.4198989868164,72.61499786376953,72.29000091552734,72.3499984741211,939208
2026-01-09 19:30:00+00:00,72.33999633789062,72.55000305175781,72.30000305175781,72.41500091552734,1013534
2026-01-09 19:45:00+00:00,72.41999816894531,72.56500244140625,72.37999725341797,72.41999816894531,995724
2026-01-09 20:00:00+00:00,72.4000015258789,72.68000030517578,72.3499984741211,72.6500015258789,1346425
2026-01-09 20:15:00+00:00,72.6500015258789,72.69000244140625,72.26000213623047,72.33999633789062,1805702
2026-01-09 20:30:00+00:00,72.34500122070312,72.44000244140625,72.25,72.375,1515212
2026-01-09 20:45:00+00:00,72.375,72.43000030517578,72.0999984741211,72.37000274658203,3870973
2026-01-12 14:30:00+00:00,76.11000061035156,77.4000015258789,76.0,76.86000061035156,23772039
2026-01-12 14:45:00+00:00,76.86499786376953,77.11000061035156,76.41999816894531,77.02999877929688,7308790
2026-01-12 15:00:00+00:00,77.0199966430664,77.5250015258789,76.94000244140625,77.43000030517578,5587998
2026-01-12 15:15:00+00:00,77.42040252685547,77.55500030517578,77.0,77.44000244140625,5130000
2026-01-12 15:30:00+00:00,77.45500183105469,77.71990203857422,77.36000061035156,77.55999755859375,3385048
2026-01-12 15:45:00+00:00,77.55999755859375,77.63500213623047,77.25450134277344,77.33999633789062,2883421
2026-01-12 16:00:00+00:00,77.33000183105469,77.73999786376953,77.32460021972656,77.66500091552734,2470659
2026-01-12 16:15:00+00:00,77.66500091552734,78.0199966430664,77.58000183105469,77.81999969482422,3529637
2026-01-12 16:30:00+00:00,77.81999969482422,78.125,77.5199966430664,77.78500366210938,2639871
2026-01-12 16:45:00+00:00,77.78500366210938,77.98500061035156,77.76409912109375,77.95999908447266,1550791
2026-01-12 17:00:00+00:00,77.95999908447266,78.03500366210938,77.560302734375,77.81999969482422,2169185
2026-01-12 17:15:00+00:00,77.81999969482422,77.97949981689453,77.72000122070312,77.76499938964844,1526432
2026-01-12 17:30:00+00:00,77.76000213623047,77.83000183105469,77.47000122070312,77.7750015258789,1831123
2026-01-12 17:45:00+00:00,77.7750015258789,78.18000030517578,77.7699966430664,77.87999725341797,3125028
2026-01-12 18:00:00+00:00,77.87999725341797,77.98500061035156,77.5,77.50499725341797,2071040
2026-01-12 18:15:00+00:00,77.5,77.50499725341797,76.9800033569336,77.30999755859375,5034670
2026-01-12 18:30:00+00:00,77.31500244140625,77.4800033569336,77.08000183105469,77.11499786376953,1716296
2026-01-12 18:45:00+00:00,77.12000274658203,77.5,77.05999755859375,77.47000122070312,1884407
2026-01-12 19:00:00+00:00,77.4800033569336,77.625,77.4000015258789,77.5250015258789,1885780
2026-01-12 19:15:00+00:00,77.52999877929688,77.76499938964844,77.44999694824219,77.75990295410156,1323450
2026-01-12 19:30:00+00:00,77.75,77.87889862060547,77.71499633789062,77.77279663085938,1567691
2026-01-12 19:45:00+00:00,77.7699966430664,77.84590148925781,77.5425033569336,77.625,2003681
2026-01-12 20:00:00+00:00,77.62999725341797,77.66999816894531,77.05999755859375,77.19499969482422,2396127
2026-01-12 20:15:00+00:00,77.20899963378906,77.25,76.81500244140625,77.08999633789062,3442521
2026-01-12 20:30:00+00:00,77.0999984741211,77.44499969482422,77.06999969482422,77.08000183105469,4249479
2026-01-12 20:45:00+00:00,77.08499908447266,77.31999969482422,76.98999786376953,77.20999908447266,6208053
2026-01-13 14:30:00+00:00,80.02999877929688,80.37999725341797,79.63500213623047,80.36000061035156,22600220
2026-01-13 14:45:00+00:00,80.3499984741211,80.80000305175781,80.25,80.51499938964844,7826145
2026-01-13 15:00:00+00:00,80.5199966430664,80.5199966430664,79.91000366210938,80.33999633789062,6837647
2026-01-13 15:15:00+00:00,80.33999633789062,80.37999725341797,79.3093032836914,79.6050033569336,8046396
2026-01-13 15:30:00+00:00,79.62000274658203,80.20999908447266,79.47000122070312,80.0999984741211,5226860
2026-01-13 15:45:00+00:00,80.08999633789062,80.48999786376953,80.05999755859375,80.38999938964844,4303960
2026-01-13 16:00:00+00:00,80.38500213623047,80.66000366210938,80.11000061035156,80.59500122070312,3783372
2026-01-13 16:15:00+00:00,80.58999633789062,80.69000244140625,79.80999755859375,80.0,4147487
2026-01-13 16:30:00+00:00,80.00499725341797,80.61000061035156,79.94000244140625,80.52899932861328,2891965
2026-01-13 16:45:00+00:00,80.5199966430664,80.7699966430664,80.45999908447266,80.62000274658203,2547998
2026-01-13 17:00:00+00:00,80.62999725341797,80.7699966430664,80.37000274658203,80.44730377197266,2200597
2026-01-13 17:15:00+00:00,80.4446029663086,80.66059875488281,80.2699966430664,80.45999908447266,2687796
2026-01-13 17:30:00+00:00,80.44999694824219,80.5645980834961,79.80999755859375,79.83999633789062,3077310
2026-01-13 17:45:00+00:00,79.83429718017578,79.93499755859375,78.70999908447266,78.86250305175781,10232165
2026-01-13 18:00:00+00:00,78.86000061035156,79.0,78.2249984741211,78.97000122070312,7860672
2026-01-13 18:15:00+00:00,78.9800033569336,79.0,78.0999984741211,78.72000122070312,6648513
2026-01-13 18:30:00+00:00,78.72000122070312,79.41000366210938,78.58999633789062,79.38999938964844,4637457
2026-01-13 18:45:00+00:00,79.4000015258789,79.62999725341797,79.23989868164062,79.36990356445312,5521744
2026-01-13 19:00:00+00:00,79.37000274658203,79.44999694824219,78.81500244140625,79.34500122070312,3458831
2026-01-13 19:15:00+00:00,79.3499984741211,79.62999725341797,78.9800033569336,79.5999984741211,2619207
2026-01-13 19:30:00+00:00,79.60549926757812,79.73500061035156,79.13500213623047,79.36029815673828,3048023
2026-01-13 19:45:00+00:00,79.375,79.41500091552734,79.04000091552734,79.30999755859375,1963464
2026-01-13 20:00:00+00:00,79.31500244140625,79.33000183105469,78.80030059814453,78.94000244140625,2357762
2026-01-13 20:15:00+00:00,78.94999694824219,79.0199966430664,78.30999755859375,78.44380187988281,3204322
2026-01-13 20:30:00+00:00,78.44000244140625,78.62999725341797,77.86000061035156,78.52999877929688,5596004
2026-01-13 20:45:00+00:00,78.5343017578125,78.75,78.30000305175781,78.58000183105469,4537513
2026-01-14 14:30:00+00:00,83.33999633789062,83.37999725341797,82.01499938964844,82.31999969482422,31578445
2026-01-14 14:45:00+00:00,82.30999755859375,82.7300033569336,82.05000305175781,82.66000366210938,11097490
2026-01-14 15:00:00+00:00,82.6500015258789,82.91000366210938,81.74220275878906,82.79000091552734,12919496
2026-01-14 15:15:00+00:00,82.79000091552734,83.23999786376953,82.71499633789062,82.81500244140625,6515379
2026-01-14 15:30:00+00:00,82.80999755859375,83.30000305175781,82.40499877929688,83.13999938964844,6400778
2026-01-14 15:45:00+00:00,83.12999725341797,83.25,82.48999786376953,83.21160125732422,5484018
2026-01-14 16:00:00+00:00,83.22000122070312,83.36000061035156,82.90010070800781,83.12000274658203,3604294
2026-01-14 16:15:00+00:00,83.12000274658203,83.45999908447266,83.02999877929688,83.23999786376953,4177874
2026-01-14 16:30:00+00:00,83.22000122070312,83.29989624023438,82.58000183105469,82.83000183105469,3329425
2026-01-14 16:45:00+00:00,82.81999969482422,82.81999969482422,82.11000061035156,82.65499877929688,4826894
2026-01-14 17:00:00+00:00,82.66000366210938,82.83999633789062,82.2300033569336,82.38999938964844,2739275
2026-01-14 17:15:00+00:00,82.38999938964844,82.41000366210938,81.88999938964844,82.26000213623047,4239782
2026-01-14 17:30:00+00:00,82.26000213623047,82.26000213623047,81.27999877929688,81.58000183105469,6218070
2026-01-14 17:45:00+00:00,81.56999969482422,82.27220153808594,81.5250015258789,82.06999969482422,5262243
2026-01-14 18:00:00+00:00,82.07499694824219,82.70999908447266,81.88999938964844,82.58999633789062,3017081
2026-01-14 18:15:00+00:00,82.58070373535156,83.13999938964844,82.52999877929688,83.08319854736328,4184140
2026-01-14 18:30:00+00:00,83.08000183105469,83.33000183105469,82.82499694824219,83.2249984741211,3186978
2026-01-14 18:45:00+00:00,83.22000122070312,83.69999694824219,83.18000030517578,83.66999816894531,4534637
2026-01-14 19:00:00+00:00,83.66419982910156,84.16000366210938,83.61000061035156,84.11000061035156,5519777
2026-01-14 19:15:00+00:00,84.11000061035156,84.2750015258789,83.5999984741211,83.63500213623047,4990997
2026-01-14 19:30:00+00:00,83.63999938964844,83.91999816894531,83.50499725341797,83.88999938964844,4223851
2026-01-14 19:45:00+00:00,83.86499786376953,84.08000183105469,83.70999908447266,84.04499816894531,2785917
2026-01-14 20:00:00+00:00,84.05000305175781,84.72000122070312,83.55999755859375,84.39540100097656,10632987
2026-01-14 20:15:00+00:00,84.3949966430664,84.77999877929688,84.27459716796875,84.4000015258789,4875978
2026-01-14 20:30:00+00:00,84.3949966430664,84.5,83.89009857177734,84.05500030517578,5032183
2026-01-14 20:45:00+00:00,84.06999969482422,84.58999633789062,83.9749984741211,84.55059814453125,6193860
2026-01-15 14:30:00+00:00,80.73999786376953,81.5999984741211,80.54000091552734,80.99500274658203,36519447
2026-01-15 14:45:00+00:00,80.98999786376953,82.0,80.79000091552734,81.90499877929688,11031306
2026-01-15 15:00:00+00:00,81.9000015258789,82.26000213623047,81.63999938964844,82.08000183105469,8451187
2026-01-15 15:15:00+00:00,82.08000183105469,82.41000366210938,81.5999984741211,81.78450012207031,8060985
2026-01-15 15:30:00+00:00,81.77999877929688,81.87999725341797,81.2300033569336,81.31999969482422,5595292
2026-01-15 15:45:00+00:00,81.31999969482422,82.2750015258789,81.22010040283203,82.14430236816406,8192671
2026-01-15 16:00:00+00:00,82.13999938964844,82.77999877929688,81.55000305175781,82.76899719238281,7535685
2026-01-15 16:15:00+00:00,82.7699966430664,83.37000274658203,82.7300033569336,82.95999908447266,7054578
2026-01-15 16:30:00+00:00,82.97000122070312,83.0999984741211,82.47000122070312,82.68499755859375,3650479
2026-01-15 16:45:00+00:00,82.68499755859375,82.76499938964844,82.20999908447266,82.52420043945312,4258560
2026-01-15 17:00:00+00:00,82.5250015258789,83.02999877929688,82.5250015258789,82.91699981689453,3078455
2026-01-15 17:15:00+00:00,82.91999816894531,83.23999786376953,82.73500061035156,82.82499694824219,2648772
2026-01-15 17:30:00+00:00,82.81999969482422,83.18990325927734,82.75,83.10759735107422,2861208
2026-01-15 17:45:00+00:00,83.1050033569336,83.30999755859375,82.91000366210938,83.22650146484375,2777886
2026-01-15 18:00:00+00:00,83.21499633789062,83.9800033569336,83.20999908447266,83.77999877929688,4804132
2026-01-15 18:15:00+00:00,83.77989959716797,84.08000183105469,83.68000030517578,84.00499725341797,3476288
2026-01-15 18:30:00+00:00,84.0,84.06999969482422,83.41999816894531,83.47000122070312,3394108
2026-01-15 18:45:00+00:00,83.47000122070312,83.80999755859375,83.45999908447266,83.72460174560547,2529905
2026-01-15 19:00:00+00:00,83.7300033569336,84.31999969482422,83.68000030517578,84.08509826660156,4103609
2026-01-15 19:15:00+00:00,84.0802001953125,84.33000183105469,83.98999786376953,84.1050033569336,1897288
2026-01-15 19:30:00+00:00,84.10150146484375,84.31999969482422,84.0199966430664,84.22000122070312,2253840
2026-01-15 19:45:00+00:00,84.22000122070312,84.27899932861328,83.51499938964844,83.84020233154297,2919125
2026-01-15 20:00:00+00:00,83.8499984741211,83.9000015258789,82.88999938964844,82.9999008178711,4974874
2026-01-15 20:15:00+00:00,82.98999786376953,83.25,82.66999816894531,83.06990051269531,4152964
2026-01-15 20:30:00+00:00,83.07959747314453,83.54000091552734,82.97019958496094,83.36000061035156,4765935
2026-01-15 20:45:00+00:00,83.3499984741211,83.54000091552734,83.08999633789062,83.32499694824219,4779290
2026-01-16 14:30:00+00:00,80.33000183105469,81.31999969482422,80.06999969482422,81.09500122070312,27539412
2026-01-16 14:45:00+00:00,81.08999633789062,81.45999908447266,80.73999786376953,80.81500244140625,6941323
2026-01-16 15:00:00+00:00,80.80999755859375,81.5199966430664,80.7300033569336,81.26000213623047,4900840
2026-01-16 15:15:00+00:00,81.26000213623047,81.27999877929688,79.0999984741211,79.125,12810179
2026-01-16 15:30:00+00:00,79.12999725341797,79.62999725341797,78.74500274658203,79.4791030883789,10799268
2026-01-16 15:45:00+00:00,79.4791030883789,80.05999755859375,79.45999908447266,79.69000244140625,6153366
2026-01-16 16:00:00+00:00,79.66999816894531,80.69000244140625,79.55000305175781,80.38999938964844,6150174
2026-01-16 16:15:00+00:00,80.37999725341797,80.75,79.88500213623047,80.51499938964844,3650941
2026-01-16 16:30:00+00:00,80.52999877929688,80.94999694824219,80.33000183105469,80.71499633789062,5028070
2026-01-16 16:45:00+00:00,80.70999908447266,80.84500122070312,80.1449966430664,80.5199966430664,2705757
2026-01-16 17:00:00+00:00,80.5250015258789,80.68000030517578,80.25,80.55500030517578,1896044
2026-01-16 17:15:00+00:00,80.55989837646484,80.55999755859375,79.97000122070312,80.0199966430664,2725524
2026-01-16 17:30:00+00:00,80.0199966430664,80.33999633789062,80.0,80.07499694824219,2998452
2026-01-16 17:45:00+00:00,80.06999969482422,80.62999725341797,79.91000366210938,80.47000122070312,2644609
2026-01-16 18:00:00+00:00,80.47000122070312,80.79499816894531,80.2300033569336,80.26000213623047,2183228
2026-01-16 18:15:00+00:00,80.2699966430664,80.6500015258789,80.1449966430664,80.6050033569336,1983050
2026-01-16 18:30:00+00:00,80.5999984741211,81.33999633789062,80.55999755859375,81.2699966430664,3168045
2026-01-16 18:45:00+00:00,81.27423858642578,81.27423858642578,80.55999755859375,80.6946029663086,2687409
2026-01-16 19:00:00+00:00,80.68000030517578,81.0,80.56999969482422,80.61499786376953,2158812
2026-01-16 19:15:00+00:00,80.61000061035156,80.7300033569336,80.33000183105469,80.47000122070312,2646205
2026-01-16 19:30:00+00:00,80.46499633789062,80.95999908447266,80.44000244140625,80.86000061035156,4143072
2026-01-16 19:45:00+00:00,80.8499984741211,81.12999725341797,80.83999633789062,80.99500274658203,2176826
2026-01-16 20:00:00+00:00,80.99610137939453,81.04000091552734,80.77999877929688,80.97000122070312,2225689
2026-01-16 20:15:00+00:00,80.97000122070312,81.0199966430664,80.7249984741211,80.76830291748047,1496089
2026-01-16 20:30:00+00:00,80.7698974609375,81.08989715576172,80.45500183105469,80.94499969482422,3335144
2026-01-16 20:45:00+00:00,80.94499969482422,81.18000030517578,80.83999633789062,80.98999786376953,3597293
2026-01-20 14:30:00+00:00,86.19000244140625,86.20999908447266,85.3499984741211,85.94499969482422,27097099
2026-01-20 14:45:00+00:00,85.94499969482422,86.06999969482422,85.45999908447266,86.01000213623047,5932021
2026-01-20 15:00:00+00:00,86.0,86.33000183105469,85.83999633789062,85.87999725341797,4884475
2026-01-20 15:15:00+00:00,85.87000274658203,85.90499877929688,84.61499786376953,84.62249755859375,7264600
2026-01-20 15:30:00+00:00,84.62000274658203,85.08499908447266,84.38050079345703,85.08000183105469,6138541
2026-01-20 15:45:00+00:00,85.08000183105469,85.5199966430664,84.8550033569336,85.06999969482422,3887035
2026-01-20 16:00:00+00:00,85.08000183105469,85.45999908447266,84.80000305175781,85.22010040283203,2926819
2026-01-20 16:15:00+00:00,85.22419738769531,85.4800033569336,85.02999877929688,85.27999877929688,2741364
2026-01-20 16:30:00+00:00,85.2699966430664,85.54000091552734,85.16500091552734,85.26460266113281,2436187
2026-01-20 16:45:00+00:00,85.2750015258789,85.46499633789062,85.10900115966797,85.31999969482422,2806075
2026-01-20 17:00:00+00:00,85.31999969482422,85.31999969482422,84.77999877929688,85.2249984741211,2651394
2026-01-20 17:15:00+00:00,85.2300033569336,85.58000183105469,85.12000274658203,85.52999877929688,2096680
2026-01-20 17:30:00+00:00,85.5250015258789,85.68000030517578,85.26000213623047,85.42009735107422,2558665
2026-01-20 17:45:00+00:00,85.41000366210938,85.73999786376953,85.23999786376953,85.62000274658203,1675367
2026-01-20 18:00:00+00:00,85.62999725341797,86.01000213623047,85.5199966430664,86.00299835205078,2324175
2026-01-20 18:15:00+00:00,86.0,86.12670135498047,85.6500015258789,85.69999694824219,2418529
2026-01-20 18:30:00+00:00,85.69499969482422,85.91000366210938,85.44999694824219,85.52999877929688,1596666
2026-01-20 18:45:00+00:00,85.53500366210938,85.78500366210938,85.31999969482422,85.76499938964844,1264156
2026-01-20 19:00:00+00:00,85.7699966430664,85.8499984741211,85.47000122070312,85.56999969482422,960396
2026-01-20 19:15:00+00:00,85.55999755859375,85.86000061035156,85.49500274658203,85.66000366210938,1173782
2026-01-20 19:30:00+00:00,85.6500015258789,85.8499984741211,85.4000015258789,85.67500305175781,1888836
2026-01-20 19:45:00+00:00,85.66000366210938,85.73999786376953,85.5199966430664,85.64009857177734,1320882
2026-01-20 20:00:00+00:00,85.63999938964844,85.6500015258789,85.25499725341797,85.44400024414062,1561368
2026-01-20 20:15:00+00:00,85.44499969482422,85.48999786376953,85.05000305175781,85.06500244140625,2967527
2026-01-20 20:30:00+00:00,85.06999969482422,85.47830200195312,84.96109771728516,85.00499725341797,2309226
2026-01-20 20:45:00+00:00,85.01000213623047,85.52999877929688,84.95500183105469,85.38999938964844,3014549
2026-01-21 14:30:00+00:00,85.5999984741211,85.8949966430664,85.05999755859375,85.26499938964844,19822917
2026-01-21 14:45:00+00:00,85.2699966430664,85.30000305175781,84.69499969482422,84.90499877929688,8879974
2026-01-21 15:00:00+00:00,84.91000366210938,85.44000244140625,84.75,85.31999969482422,4809335
2026-01-21 15:15:00+00:00,85.33499908447266,85.41999816894531,83.63999938964844,84.26499938964844,11386959
2026-01-21 15:30:00+00:00,84.26499938964844,84.81999969482422,84.19999694824219,84.55000305175781,4829317
2026-01-21 15:45:00+00:00,84.54499816894531,85.08000183105469,84.26000213623047,84.8550033569336,3911412
2026-01-21 16:00:00+00:00,84.86000061035156,85.11000061035156,84.66999816894531,84.81500244140625,2366954
2026-01-21 16:15:00+00:00,84.81549835205078,85.19000244140625,84.42500305175781,84.80000305175781,2835649
2026-01-21 16:30:00+00:00,84.80000305175781,85.05000305175781,84.66000366210938,84.75,2533894
2026-01-21 16:45:00+00:00,84.76000213623047,84.9749984741211,84.47000122070312,84.66000366210938,2315671
2026-01-21 17:00:00+00:00,84.66000366210938,84.68000030517578,83.9800033569336,84.0,2625908
2026-01-21 17:15:00+00:00,83.9800033569336,84.45999908447266,83.9000015258789,84.41500091552734,2323502
2026-01-21 17:30:00+00:00,84.41000366210938,84.41000366210938,83.71499633789062,84.04000091552734,3424969
2026-01-21 17:45:00+00:00,84.02999877929688,84.61000061035156,84.0,84.56578826904297,2589137
2026-01-21 18:00:00+00:00,84.55999755859375,84.55999755859375,83.98999786376953,84.0199966430664,2349094
2026-01-21 18:15:00+00:00,84.02570343017578,84.18569946289062,83.7300033569336,84.08999633789062,2532328
2026-01-21 18:30:00+00:00,84.41999816894531,84.53990173339844,84.16000366210938,84.48999786376953,2883826
2026-01-21 18:45:00+00:00,84.50810241699219,84.87999725341797,84.4198989868164,84.8499984741211,2503347
2026-01-21 19:00:00+00:00,84.83999633789062,84.87000274658203,84.5199966430664,84.56999969482422,1412081
2026-01-21 19:15:00+00:00,84.55999755859375,84.90989685058594,83.05000305175781,83.4292984008789,7274728
2026-01-21 19:30:00+00:00,83.44000244140625,83.69999694824219,82.26000213623047,82.43000030517578,14320292
2026-01-21 19:45:00+00:00,82.41999816894531,82.94000244140625,81.88999938964844,82.82499694824219,8234780
2026-01-21 20:00:00+00:00,82.81999969482422,83.12000274658203,82.33000183105469,82.56424713134766,5290819
2026-01-21 20:15:00+00:00,82.56999969482422,83.54000091552734,82.55500030517578,83.37000274658203,5922620
2026-01-21 20:30:00+00:00,83.3499984741211,83.82929992675781,83.30000305175781,83.79129791259766,5580989
2026-01-21 20:45:00+00:00,83.79000091552734,83.9800033569336,83.62000274658203,83.9800033569336,3958676
2026-01-22 14:30:00+00:00,84.93000030517578,85.54000091552734,84.87999725341797,85.47000122070312,12697313
2026-01-22 14:45:00+00:00,85.4800033569336,85.54000091552734,85.04000091552734,85.05000305175781,3016059
2026-01-22 15:00:00+00:00,85.05000305175781,85.16000366210938,84.70999908447266,85.07330322265625,3309265
2026-01-22 15:15:00+00:00,85.08000183105469,85.73500061035156,84.91000366210938,85.6050033569336,3483929
2026-01-22 15:30:00+00:00,85.62999725341797,86.37999725341797,85.58000183105469,86.33999633789062,5080517
2026-01-22 15:45:00+00:00,86.33000183105469,86.87000274658203,86.19999694824219,86.677001953125,5330219
2026-01-22 16:00:00+00:00,86.68000030517578,86.80999755859375,86.27999877929688,86.45999908447266,3654708
2026-01-22 16:15:00+00:00,86.44999694824219,86.79000091552734,86.41500091552734,86.46499633789062,2581854
2026-01-22 16:30:00+00:00,86.45999908447266,86.62000274658203,86.20999908447266,86.4999008178711,2812251
2026-01-22 16:45:00+00:00,86.5,86.93000030517578,86.5,86.83438110351562,3688568
2026-01-22 17:00:00+00:00,86.83499908447266,87.0999984741211,86.4800033569336,86.77839660644531,4866452
2026-01-22 17:15:00+00:00,86.77999877929688,86.95999908447266,86.56999969482422,86.84010314941406,1949250
2026-01-22 17:30:00+00:00,86.8499984741211,87.16500091552734,86.81999969482422,87.15499877929688,2061263
2026-01-22 17:45:00+00:00,87.1500015258789,87.46499633789062,87.11920166015625,87.25499725341797,2524867
2026-01-22 18:00:00+00:00,87.25499725341797,87.5199966430664,87.06999969482422,87.26000213623047,2747853
2026-01-22 18:15:00+00:00,87.25,87.45970153808594,87.10279846191406,87.19999694824219,2110524
2026-01-22 18:30:00+00:00,87.19999694824219,87.29000091552734,86.92030334472656,87.1449966430664,2088545
2026-01-22 18:45:00+00:00,87.1449966430664,87.38999938964844,87.0199966430664,87.19000244140625,1860368
2026-01-22 19:00:00+00:00,87.18000030517578,87.3499984741211,87.04000091552734,87.31999969482422,1554736
2026-01-22 19:15:00+00:00,87.31999969482422,87.31999969482422,86.55000305175781,86.83999633789062,2454660
2026-01-22 19:30:00+00:00,86.8499984741211,87.0,86.75,86.7750015258789,2330954
2026-01-22 19:45:00+00:00,86.7750015258789,86.97000122070312,86.51000213623047,86.88929748535156,2372751
2026-01-22 20:00:00+00:00,86.88999938964844,87.24500274658203,86.86000061035156,87.24500274658203,1781147
2026-01-22 20:15:00+00:00,87.2301025390625,87.37000274658203,87.08999633789062,87.18499755859375,2472774
2026-01-22 20:30:00+00:00,87.18000030517578,87.21659851074219,86.94000244140625,87.08000183105469,1813956
2026-01-22 20:45:00+00:00,87.08499908447266,87.25,86.98999786376953,87.11000061035156,3468250
2026-01-23 14:30:00+00:00,90.19000244140625,90.37999725341797,89.66500091552734,90.29560089111328,22936488
2026-01-23 14:45:00+00:00,90.29000091552734,90.41999816894531,89.91999816894531,89.97000122070312,4681748
2026-01-23 15:00:00+00:00,90.0,90.58999633789062,89.80000305175781,90.48989868164062,7026178
2026-01-23 15:15:00+00:00,90.48999786376953,90.53500366210938,89.86000061035156,90.22000122070312,7067203
2026-01-23 15:30:00+00:00,90.2300033569336,90.62999725341797,90.17500305175781,90.53179931640625,3862601
2026-01-23 15:45:00+00:00,90.54000091552734,90.9000015258789,90.20999908447266,90.46499633789062,7123760
2026-01-23 16:00:00+00:00,90.47000122070312,90.91999816894531,90.47000122070312,90.80999755859375,4382699
2026-01-23 16:15:00+00:00,90.80000305175781,91.31999969482422,90.77459716796875,91.2750015258789,5024890
2026-01-23 16:30:00+00:00,91.27449798583984,91.41999816894531,91.02999877929688,91.21499633789062,5006887
2026-01-23 16:45:00+00:00,91.20999908447266,91.2699966430664,90.92500305175781,91.18000030517578,3084764
2026-01-23 17:00:00+00:00,91.18000030517578,91.36000061035156,91.0,91.32009887695312,2823621
2026-01-23 17:15:00+00:00,91.31999969482422,91.57499694824219,91.26499938964844,91.33499908447266,3328929
2026-01-23 17:30:00+00:00,91.33499908447266,91.69999694824219,91.33000183105469,91.56999969482422,3499681
2026-01-23 17:45:00+00:00,91.55999755859375,91.77989959716797,91.11000061035156,91.2699966430664,4182725
2026-01-23 18:00:00+00:00,91.2699966430664,91.87000274658203,91.20999908447266,91.68000030517578,5168584
2026-01-23 18:15:00+00:00,91.68000030517578,91.82499694824219,91.51000213623047,91.66000366210938,4241193
2026-01-23 18:30:00+00:00,91.66000366210938,91.77999877929688,91.31510162353516,91.49009704589844,2982437
2026-01-23 18:45:00+00:00,91.49579620361328,91.55500030517578,91.19000244140625,91.33999633789062,4258888
2026-01-23 19:00:00+00:00,91.3499984741211,92.05999755859375,91.32499694824219,91.80999755859375,6260123
2026-01-23 19:15:00+00:00,91.80000305175781,92.05000305175781,91.7699966430664,91.9406967163086,1818296
2026-01-23 19:30:00+00:00,91.94000244140625,92.08999633789062,91.80000305175781,92.0250015258789,2757645
2026-01-23 19:45:00+00:00,92.0199966430664,92.51000213623047,92.0199966430664,92.38500213623047,5981476
2026-01-23 20:00:00+00:00,92.37999725341797,92.54080200195312,92.12000274658203,92.51499938964844,4027321
2026-01-23 20:15:00+00:00,92.51029968261719,92.72000122070312,92.50499725341797,92.50499725341797,3783185
2026-01-23 20:30:00+00:00,92.50499725341797,92.86000061035156,92.36000061035156,92.8124008178711,4591807
2026-01-23 20:45:00+00:00,92.81999969482422,92.97989654541016,92.63500213623047,92.88999938964844,7407404
2026-01-26 14:30:00+00:00,99.37000274658203,100.19999694824219,99.11000061035156,99.5199966430664,42442697
2026-01-26 14:45:00+00:00,99.5199966430664,100.97000122070312,99.43000030517578,100.82499694824219,15475664
2026-01-26 15:00:00+00:00,100.8290023803711,101.63999938964844,100.29000091552734,101.53350067138672,12045970
2026-01-26 15:15:00+00:00,101.53500366210938,101.88999938964844,100.8550033569336,101.47000122070312,10882770
2026-01-26 15:30:00+00:00,101.46499633789062,101.5999984741211,100.22000122070312,100.51000213623047,10943835
2026-01-26 15:45:00+00:00,100.5199966430664,101.83999633789062,100.4800033569336,101.61000061035156,8065574
2026-01-26 16:00:00+00:00,101.6050033569336,102.66500091552734,101.33499908447266,102.5999984741211,10672206
2026-01-26 16:15:00+00:00,102.61000061035156,103.0199966430664,101.97000122070312,102.1421890258789,9901236
2026-01-26 16:30:00+00:00,102.13999938964844,102.8499984741211,101.76000213623047,102.66000366210938,9118516
2026-01-26 16:45:00+00:00,102.6500015258789,103.80500030517578,102.55999755859375,103.56500244140625,9296772
2026-01-26 17:00:00+00:00,103.58000183105469,104.22000122070312,103.41000366210938,104.0999984741211,8325067
2026-01-26 17:15:00+00:00,104.12000274658203,104.83000183105469,103.70999908447266,104.2300033569336,11126250
2026-01-26 17:30:00+00:00,104.23999786376953,105.36990356445312,103.82499694824219,105.23999786376953,10863773
2026-01-26 17:45:00+00:00,105.26000213623047,106.29000091552734,104.75,106.16000366210938,12961509
2026-01-26 18:00:00+00:00,106.16999816894531,106.69999694824219,103.8499984741211,104.03009796142578,21695782
2026-01-26 18:15:00+00:00,104.04000091552734,105.18000030517578,103.2699966430664,103.38059997558594,21163763
2026-01-26 18:30:00+00:00,103.38999938964844,103.45999908447266,100.33999633789062,101.31999969482422,26658916
2026-01-26 18:45:00+00:00,101.33999633789062,102.44999694824219,100.62000274658203,100.66999816894531,13775770
2026-01-26 19:00:00+00:00,100.66999816894531,100.73999786376953,98.58999633789062,100.19999694824219,20318817
2026-01-26 19:15:00+00:00,100.19000244140625,100.31999969482422,97.51000213623047,98.59989929199219,20919622
2026-01-26 19:30:00+00:00,98.58999633789062,99.75,97.77999877929688,98.36000061035156,12016678
2026-01-26 19:45:00+00:00,98.33999633789062,98.63999938964844,96.51000213623047,97.3385009765625,14304152
2026-01-26 20:00:00+00:00,97.3499984741211,98.98999786376953,97.18000030517578,98.9000015258789,10161890
2026-01-26 20:15:00+00:00,98.88999938964844,99.11000061035156,97.66999816894531,98.80999755859375,9951040
2026-01-26 20:30:00+00:00,98.81500244140625,99.38999938964844,97.66999816894531,97.8499984741211,10883508
2026-01-26 20:45:00+00:00,97.8499984741211,98.67500305175781,97.5250015258789,98.30000305175781,8858791
2026-01-27 14:30:00+00:00,97.9800033569336,99.86000061035156,97.95999908447266,99.62000274658203,40733445
2026-01-27 14:45:00+00:00,99.62999725341797,99.86000061035156,96.1500015258789,96.43499755859375,16852453
2026-01-27 15:00:00+00:00,96.4000015258789,97.16999816894531,95.06999969482422,95.70500183105469,15290116
2026-01-27 15:15:00+00:00,95.69000244140625,97.02999877929688,95.62999725341797,96.35009765625,9425429
2026-01-27 15:30:00+00:00,96.3499984741211,97.8499984741211,96.22010040283203,97.06449890136719,7187425
2026-01-27 15:45:00+00:00,97.05999755859375,98.44999694824219,97.01000213623047,98.09500122070312,6853460
2026-01-27 16:00:00+00:00,98.09500122070312,99.19999694824219,97.44000244140625,98.79019927978516,6922448
2026-01-27 16:15:00+00:00,98.79000091552734,99.28990173339844,98.44499969482422,98.83499908447266,4737625
2026-01-27 16:30:00+00:00,98.83000183105469,98.8864974975586,97.66999816894531,97.7699966430664,4947746
2026-01-27 16:45:00+00:00,97.7699966430664,98.36000061035156,97.41999816894531,97.73989868164062,3567483
2026-01-27 17:00:00+00:00,97.73999786376953,98.01000213623047,96.79000091552734,97.47160339355469,5044225
2026-01-27 17:15:00+00:00,97.45999908447266,97.72000122070312,96.70999908447266,97.61499786376953,3774678
2026-01-27 17:30:00+00:00,97.61000061035156,97.93000030517578,96.12999725341797,96.35929870605469,5410872
2026-01-27 17:45:00+00:00,96.3499984741211,97.19499969482422,96.12999725341797,96.5199966430664,4326156
2026-01-27 18:00:00+00:00,96.5199966430664,97.13999938964844,95.81500244140625,96.2699966430664,5827073
2026-01-27 18:15:00+00:00,96.2699966430664,96.87000274658203,95.7699966430664,96.81999969482422,5300651
2026-01-27 18:30:00+00:00,96.83999633789062,97.5999984741211,96.72000122070312,96.93000030517578,4529822
2026-01-27 18:45:00+00:00,96.92500305175781,97.98999786376953,96.81999969482422,97.72940063476562,4198777
2026-01-27 19:00:00+00:00,97.72000122070312,98.1500015258789,97.38999938964844,97.77010345458984,3479040
2026-01-27 19:15:00+00:00,97.76000213623047,98.22000122070312,97.56999969482422,97.70999908447266,2792501
2026-01-27 19:30:00+00:00,97.73999786376953,98.51000213623047,97.66999816894531,98.43499755859375,3184443
2026-01-27 19:45:00+00:00,98.44000244140625,99.08999633789062,98.26499938964844,99.05000305175781,4715628
2026-01-27 20:00:00+00:00,99.02999877929688,100.91999816894531,98.94000244140625,100.68000030517578,11581381
2026-01-27 20:15:00+00:00,100.66999816894531,100.86000061035156,99.98999786376953,100.36940002441406,9066592
2026-01-27 20:30:00+00:00,100.3499984741211,100.55000305175781,99.56999969482422,100.19010162353516,7004591
2026-01-27 20:45:00+00:00,100.18499755859375,101.73999786376953,100.13999938964844,101.56999969482422,11321651
2026-01-28 14:30:00+00:00,102.77999877929688,104.56999969482422,102.77999877929688,104.19999694824219,26149102
2026-01-28 14:45:00+00:00,104.2300033569336,104.43000030517578,103.54000091552734,104.17500305175781,6924862
2026-01-28 15:00:00+00:00,104.17500305175781,104.83999633789062,101.5,102.0999984741211,17200592
2026-01-28 15:15:00+00:00,102.08000183105469,102.76000213623047,101.3499984741211,102.04010009765625,10944362
2026-01-28 15:30:00+00:00,102.06999969482422,102.9800033569336,101.9800033569336,102.56999969482422,6551437
2026-01-28 15:45:00+00:00,102.56009674072266,102.75,101.98999786376953,102.45449829101562,3162390
2026-01-28 16:00:00+00:00,102.45500183105469,102.86000061035156,102.06500244140625,102.55069732666016,2984272
2026-01-28 16:15:00+00:00,102.58000183105469,103.59649658203125,102.55500030517578,103.38999938964844,4123612
2026-01-28 16:30:00+00:00,103.37999725341797,103.62000274658203,102.83000183105469,103.23999786376953,2539939
2026-01-28 16:45:00+00:00,103.23999786376953,104.06999969482422,103.16000366210938,103.82499694824219,3328153
2026-01-28 17:00:00+00:00,103.82499694824219,104.17900085449219,103.55999755859375,103.91000366210938,2811121
2026-01-28 17:15:00+00:00,103.90059661865234,104.12999725341797,103.61000061035156,104.08999633789062,2598735
2026-01-28 17:30:00+00:00,104.08999633789062,104.12000274658203,102.88999938964844,103.30000305175781,3867717
2026-01-28 17:45:00+00:00,103.30999755859375,103.75,103.05000305175781,103.43990325927734,2121242
2026-01-28 18:00:00+00:00,103.43499755859375,103.51000213623047,102.11000061035156,102.5,4207742
2026-01-28 18:15:00+00:00,102.5,103.08000183105469,102.05500030517578,102.16000366210938,3434182
2026-01-28 18:30:00+00:00,102.16500091552734,102.22000122070312,100.3499984741211,100.6050033569336,8275068
2026-01-28 18:45:00+00:00,100.5999984741211,101.19999694824219,100.0,101.08989715576172,6512780
2026-01-28 19:00:00+00:00,101.01000213623047,102.56999969482422,100.6500015258789,102.5250015258789,8461528
2026-01-28 19:15:00+00:00,102.5199966430664,102.81999969482422,102.0199966430664,102.23999786376953,6461981
2026-01-28 19:30:00+00:00,102.2300033569336,103.25,102.12999725341797,103.1500015258789,6200406
2026-01-28 19:45:00+00:00,103.14430236816406,104.0,102.98999786376953,103.69499969482422,4927518
2026-01-28 20:00:00+00:00,103.69000244140625,104.2300033569336,103.5199966430664,103.69000244140625,4859031
2026-01-28 20:15:00+00:00,103.70500183105469,104.48999786376953,103.41999816894531,104.3499984741211,5190707
2026-01-28 20:30:00+00:00,104.36000061035156,105.98999786376953,104.30999755859375,105.8499984741211,9698092
2026-01-28 20:45:00+00:00,105.87000274658203,106.44999694824219,105.19120025634766,105.58000183105469,13001360
2026-01-29 14:30:00+00:00,109.52999877929688,109.83000183105469,108.08999633789062,108.86000061035156,27585496
2026-01-29 14:45:00+00:00,108.8499984741211,109.0198974609375,107.66000366210938,108.15989685058594,9415722
2026-01-29 15:00:00+00:00,108.12999725341797,108.12999725341797,104.81999969482422,105.08000183105469,15748984
2026-01-29 15:15:00+00:00,105.07119750976562,105.18000030517578,96.73999786376953,98.12000274658203,38999669
2026-01-29 15:30:00+00:00,98.22000122070312,100.70999908447266,97.55999755859375,98.05000305175781,20956973
2026-01-29 15:45:00+00:00,98.05000305175781,100.44999694824219,97.91000366210938,99.46499633789062,11482396
2026-01-29 16:00:00+00:00,99.45999908447266,102.5199966430664,99.0199966430664,102.4000015258789,11621593
2026-01-29 16:15:00+00:00,102.41000366210938,102.45999908447266,100.69999694824219,101.98999786376953,7974759
2026-01-29 16:30:00+00:00,101.95999908447266,102.98999786376953,101.55999755859375,102.33000183105469,7071152
2026-01-29 16:45:00+00:00,102.33999633789062,102.54000091552734,100.7699966430664,101.67160034179688,6296780
2026-01-29 17:00:00+00:00,101.69000244140625,102.87000274658203,101.6500015258789,102.80000305175781,4800870
2026-01-29 17:15:00+00:00,102.74500274658203,104.94999694824219,102.74500274658203,104.69010162353516,7733489
2026-01-29 17:30:00+00:00,104.68499755859375,105.12000274658203,103.95999908447266,104.52999877929688,5569490
2026-01-29 17:45:00+00:00,104.54000091552734,104.63999938964844,103.29000091552734,103.88500213623047,5908325
2026-01-29 18:00:00+00:00,103.9000015258789,105.76000213623047,103.5999984741211,105.63999938964844,5431423
2026-01-29 18:15:00+00:00,105.6500015258789,105.69000244140625,102.86000061035156,103.71990203857422,6796128
2026-01-29 18:30:00+00:00,103.69999694824219,104.75,103.37999725341797,103.72000122070312,4414943
2026-01-29 18:45:00+00:00,103.69499969482422,104.4800033569336,103.43000030517578,103.80919647216797,3717389
2026-01-29 19:00:00+00:00,103.87999725341797,103.93000030517578,101.97000122070312,102.08000183105469,4830784
2026-01-29 19:15:00+00:00,102.09500122070312,102.90989685058594,101.7699966430664,102.61000061035156,4253693
2026-01-29 19:30:00+00:00,102.62000274658203,103.61000061035156,101.19999694824219,103.25499725341797,5374985
2026-01-29 19:45:00+00:00,103.25499725341797,103.73999786376953,102.70999908447266,102.86000061035156,4083739
2026-01-29 20:00:00+00:00,102.87000274658203,102.93000030517578,101.89009857177734,102.3550033569336,3671890
2026-01-29 20:15:00+00:00,102.35549926757812,103.62999725341797,102.07499694824219,103.20999908447266,3767805
2026-01-29 20:30:00+00:00,103.24960327148438,104.9000015258789,103.06999969482422,104.66999816894531,4990629
2026-01-29 20:45:00+00:00,104.66999816894531,106.23999786376953,104.58999633789062,105.62999725341797,8425086
2026-01-30 14:30:00+00:00,89.33000183105469,91.4800033569336,88.5999984741211,90.88999938964844,65597114
2026-01-30 14:45:00+00:00,90.9000015258789,92.13999938964844,89.58999633789062,90.125,12783761
2026-01-30 15:00:00+00:00,90.12999725341797,90.52999877929688,88.41999816894531,89.82009887695312,14436287
2026-01-30 15:15:00+00:00,89.83999633789062,90.8499984741211,89.83000183105469,90.4800033569336,2587092
2026-02-02 18:45:00+00:00,71.73500061035156,71.98999786376953,70.9000015258789,71.55500030517578,82194987
2026-02-02 19:00:00+00:00,71.55049896240234,72.0,71.05999755859375,71.38999938964844,3381433
2026-02-02 19:15:00+00:00,71.37000274658203,71.87999725341797,71.1500015258789,71.66000366210938,3264472
2026-02-02 19:30:00+00:00,71.63999938964844,73.25,71.27999877929688,73.06999969482422,5241839
2026-02-02 19:45:00+00:00,73.09010314941406,73.94999694824219,72.90039825439453,73.58999633789062,6514084
2026-02-02 20:00:00+00:00,73.58999633789062,73.72000122070312,72.71009826660156,73.41000366210938,4707421
2026-02-02 20:15:00+00:00,73.41000366210938,73.41010284423828,72.41999816894531,73.1864013671875,4077990
2026-02-02 20:30:00+00:00,73.19999694824219,73.48999786376953,72.58999633789062,73.08000183105469,3936754
2026-02-02 20:45:00+00:00,73.06500244140625,73.10990142822266,72.30000305175781,72.43990325927734,5304147
2026-02-03 14:30:00+00:00,79.05000305175781,80.16000366210938,78.25,79.86000061035156,34556988
2026-02-03 14:45:00+00:00,79.8550033569336,80.61000061035156,79.52999877929688,79.82959747314453,10535211
2026-02-03 15:00:00+00:00,79.81999969482422,80.12000274658203,78.8499984741211,79.54000091552734,8460389
2026-02-03 15:15:00+00:00,79.56999969482422,79.91999816894531,79.06999969482422,79.85160064697266,4590943
2026-02-03 15:30:00+00:00,79.84500122070312,79.9749984741211,79.36000061035156,79.67030334472656,4078431
2026-02-03 15:45:00+00:00,79.68000030517578,80.30999755859375,79.45999908447266,80.12239837646484,4046079
2026-02-03 16:00:00+00:00,80.13999938964844,80.44000244140625,79.56999969482422,80.14910125732422,3775173
2026-02-03 16:15:00+00:00,80.1500015258789,80.72000122070312,79.98999786376953,80.13999938964844,6158177
2026-02-03 16:30:00+00:00,80.12999725341797,80.58999633789062,79.83999633789062,80.03579711914062,4162050
2026-02-03 16:45:00+00:00,80.02999877929688,80.08000183105469,78.55999755859375,78.7249984741211,5500269
2026-02-03 17:00:00+00:00,78.72000122070312,78.83499908447266,76.56999969482422,77.36000061035156,9866406
2026-02-03 17:15:00+00:00,77.36000061035156,78.36000061035156,77.12999725341797,77.36329650878906,6745548
2026-02-03 17:30:00+00:00,77.36959838867188,78.06999969482422,75.72100067138672,75.97989654541016,7022504
2026-02-03 17:45:00+00:00,75.95999908447266,76.85449981689453,75.06999969482422,75.91000366210938,7403663
2026-02-03 18:00:00+00:00,75.9000015258789,77.26000213623047,75.55000305175781,76.72260284423828,5227877
2026-02-03 18:15:00+00:00,76.71070098876953,77.08499908447266,75.1500015258789,75.5,6110185
2026-02-03 18:30:00+00:00,75.51000213623047,76.29000091552734,75.08999633789062,75.6500015258789,4835575
2026-02-03 18:45:00+00:00,75.6500015258789,76.2699966430664,75.0,76.16000366210938,4551289
2026-02-03 19:00:00+00:00,76.16999816894531,76.47000122070312,74.91000366210938,76.33499908447266,4927651
2026-02-03 19:15:00+00:00,76.33999633789062,77.09929656982422,75.94000244140625,76.72969818115234,4793392
2026-02-03 19:30:00+00:00,76.7300033569336,77.2300033569336,76.18000030517578,76.93000030517578,3575798
2026-02-03 19:45:00+00:00,76.93000030517578,76.97000122070312,75.5199966430664,76.62010192871094,3703728
2026-02-03 20:00:00+00:00,76.62999725341797,76.63999938964844,75.70999908447266,76.31880187988281,2843515
2026-02-03 20:15:00+00:00,76.31500244140625,77.43000030517578,76.01000213623047,77.072998046875,4075779
2026-02-03 20:30:00+00:00,77.08989715576172,77.48999786376953,76.79000091552734,77.2300033569336,4630891
2026-02-03 20:45:00+00:00,77.23999786376953,77.44950103759766,76.48999786376953,76.95999908447266,5712803
2026-02-04 14:30:00+00:00,82.5999984741211,82.80000305175781,80.08999633789062,81.22810363769531,27535198
2026-02-04 14:45:00+00:00,81.23989868164062,81.95999908447266,80.79000091552734,81.2300033569336,7358489
2026-02-04 15:00:00+00:00,81.20999908447266,81.96499633789062,80.93000030517578,81.75,5758889
2026-02-04 15:15:00+00:00,81.73999786376953,81.7699966430664,79.91000366210938,80.23400115966797,7165708
2026-02-04 15:30:00+00:00,80.25,80.44000244140625,78.05999755859375,79.45449829101562,8831133
2026-02-04 15:45:00+00:00,79.44999694824219,79.62999725341797,78.61499786376953,78.68939971923828,4000352
2026-02-04 16:00:00+00:00,78.68000030517578,79.0199966430664,77.56999969482422,78.95989990234375,5504469
2026-02-04 16:15:00+00:00,78.97000122070312,79.16500091552734,77.5999984741211,78.69999694824219,3990901
2026-02-04 16:30:00+00:00,78.71499633789062,78.81999969482422,77.66649627685547,77.85009765625,3253981
2026-02-04 16:45:00+00:00,77.8499984741211,77.9749984741211,76.04000091552734,77.23410034179688,6396203
2026-02-04 17:00:00+00:00,77.22000122070312,78.44180297851562,76.8499984741211,78.19999694824219,3822028
2026-02-04 17:15:00+00:00,78.19999694824219,78.48999786376953,76.98999786376953,77.49500274658203,3285735
2026-02-04 17:30:00+00:00,77.5,77.82360076904297,76.80999755859375,77.33000183105469,3004503
2026-02-04 17:45:00+00:00,77.33999633789062,77.41999816894531,76.58499908447266,76.88009643554688,2633946
2026-02-04 18:00:00+00:00,76.86000061035156,77.44000244140625,75.76000213623047,77.07319641113281,4284428
2026-02-04 18:15:00+00:00,77.06999969482422,78.27999877929688,76.52999877929688,78.0199966430664,3288781
2026-02-04 18:30:00+00:00,78.0,78.05000305175781,77.12999725341797,77.69000244140625,2334669
2026-02-04 18:45:00+00:00,77.68499755859375,78.16000366210938,77.4000015258789,77.8550033569336,1755899
2026-02-04 19:00:00+00:00,77.84970092773438,78.8499984741211,77.64209747314453,78.81999969482422,3029167
2026-02-04 19:15:00+00:00,78.79000091552734,78.9000015258789,78.12999725341797,78.55500030517578,2704582
2026-02-04 19:30:00+00:00,78.55999755859375,78.69000244140625,78.02999877929688,78.68000030517578,2102848
2026-02-04 19:45:00+00:00,78.68000030517578,79.1500015258789,78.30999755859375,78.93499755859375,2304575
2026-02-04 20:00:00+00:00,78.93000030517578,79.1500015258789,78.51000213623047,78.93000030517578,2112223
2026-02-04 20:15:00+00:00,78.93499755859375,78.9800033569336,77.83999633789062,77.93000030517578,2530326
2026-02-04 20:30:00+00:00,77.94000244140625,78.98999786376953,77.55000305175781,78.80000305175781,3563294
2026-02-04 20:45:00+00:00,78.81999969482422,79.4800033569336,78.69000244140625,79.16999816894531,4169658
2026-02-05 14:30:00+00:00,68.2300033569336,69.8499984741211,66.58000183105469,69.75499725341797,37319949
2026-02-05 14:45:00+00:00,69.75990295410156,70.33999633789062,69.0,69.22000122070312,9042340
2026-02-05 15:00:00+00:00,69.22000122070312,69.95999908447266,67.2750015258789,67.3031997680664,10077130
2026-02-05 15:15:00+00:00,67.30999755859375,67.98999786376953,66.75,66.94999694824219,7007325
2026-02-05 15:30:00+00:00,66.95999908447266,67.66999816894531,66.18000030517578,66.21499633789062,7345445
2026-02-05 15:45:00+00:00,66.22000122070312,67.20989990234375,65.51000213623047,67.10009765625,9174788
2026-02-05 16:00:00+00:00,67.08999633789062,68.0199966430664,66.94499969482422,67.42500305175781,5879340
2026-02-05 16:15:00+00:00,67.41999816894531,69.19000244140625,67.3499984741211,68.83999633789062,5515183
2026-02-05 16:30:00+00:00,68.83999633789062,69.94499969482422,68.71869659423828,69.80999755859375,4736058
2026-02-05 16:45:00+00:00,69.80970001220703,70.2665023803711,69.0,69.84130096435547,4902481
2026-02-05 17:00:00+00:00,69.83999633789062,69.88999938964844,68.9000015258789,69.4999008178711,2955254
2026-02-05 17:15:00+00:00,69.48999786376953,69.73999786376953,68.95999908447266,69.31500244140625,2773341
2026-02-05 17:30:00+00:00,69.30999755859375,69.76000213623047,69.05000305175781,69.37000274658203,2004357
2026-02-05 17:45:00+00:00,69.37999725341797,70.30000305175781,69.33000183105469,69.45500183105469,2739325
2026-02-05 18:00:00+00:00,69.44000244140625,69.58000183105469,68.4800033569336,68.61499786376953,2930107
2026-02-05 18:15:00+00:00,68.62000274658203,70.5199966430664,68.1500015258789,70.12000274658203,5225938
2026-02-05 18:30:00+00:00,70.0999984741211,70.0999984741211,69.27999877929688,69.69999694824219,3391754
2026-02-05 18:45:00+00:00,69.69499969482422,69.79000091552734,68.66000366210938,68.9197998046875,2598162
2026-02-05 19:00:00+00:00,68.91999816894531,69.25,68.58999633789062,68.62010192871094,2702509
2026-02-05 19:15:00+00:00,68.62000274658203,69.05999755859375,68.58000183105469,68.70500183105469,3292049
2026-02-05 19:30:00+00:00,68.70999908447266,68.7699966430664,67.32499694824219,67.68070220947266,2684700
2026-02-05 19:45:00+00:00,67.68820190429688,67.86000061035156,67.3499984741211,67.66000366210938,2112787
2026-02-05 20:00:00+00:00,67.66500091552734,68.27999877929688,67.12000274658203,67.89309692382812,3200151
2026-02-05 20:15:00+00:00,67.9000015258789,67.98999786376953,67.05000305175781,67.51399993896484,2816116
2026-02-05 20:30:00+00:00,67.5199966430664,67.68000030517578,66.74500274658203,66.88500213623047,2741008
2026-02-05 20:45:00+00:00,66.88980102539062,67.06999969482422,65.87000274658203,66.69329833984375,6842116
2026-02-06 14:30:00+00:00,67.61000061035156,69.29000091552734,67.45500183105469,68.80999755859375,16005773
2026-02-06 14:45:00+00:00,68.80999755859375,69.2699966430664,68.55000305175781,69.22000122070312,3592942
2026-02-06 15:00:00+00:00,69.20999908447266,69.73999786376953,68.9000015258789,69.25990295410156,3811169
2026-02-06 15:15:00+00:00,69.25,69.72000122070312,68.9800033569336,69.4800033569336,2955870
2026-02-06 15:30:00+00:00,69.29499816894531,69.3499984741211,69.02999877929688,69.26000213623047,2795330
2026-02-06 15:45:00+00:00,69.25,69.3499984741211,68.44000244140625,68.62000274658203,3342834
2026-02-06 16:00:00+00:00,69.12999725341797,69.2394027709961,68.7300033569336,68.7699966430664,3545310
2026-02-06 16:15:00+00:00,68.7699966430664,69.0,68.01000213623047,68.55999755859375,2779298
2026-02-06 16:30:00+00:00,68.56999969482422,69.09929656982422,68.35009765625,69.08999633789062,2068480
2026-02-06 16:45:00+00:00,69.08000183105469,69.4000015258789,68.9800033569336,69.25,1533356
2026-02-06 17:00:00+00:00,69.25650024414062,69.63999938964844,69.12000274658203,69.37020111083984,1471496
2026-02-06 17:15:00+00:00,69.37999725341797,69.5905990600586,69.22000122070312,69.55000305175781,1085426
2026-02-06 17:30:00+00:00,69.55999755859375,69.91000366210938,69.25,69.54499816894531,1610211
2026-02-06 17:45:00+00:00,69.55000305175781,70.06999969482422,69.54000091552734,70.04000091552734,1442105
2026-02-06 18:00:00+00:00,70.24199676513672,70.83999633789062,70.2249984741211,70.52999877929688,3344458
2026-02-06 18:15:00+00:00,70.54000091552734,70.56999969482422,69.6500015258789,70.20870208740234,2845530
2026-02-06 18:30:00+00:00,70.20500183105469,70.44000244140625,69.86000061035156,70.26010131835938,1217120
2026-02-06 18:45:00+00:00,70.2699966430664,70.4000015258789,69.8499984741211,69.98999786376953,1334431
2026-02-06 19:00:00+00:00,70.0,70.22650146484375,69.87999725341797,69.99140167236328,1250848
2026-02-06 19:15:00+00:00,69.99500274658203,70.26000213623047,69.90509796142578,69.90869903564453,946760
2026-02-06 19:30:00+00:00,69.91000366210938,70.08499908447266,69.76100158691406,69.87529754638672,914065
2026-02-06 19:45:00+00:00,69.87000274658203,70.37000274658203,69.86499786376953,70.15989685058594,1128524
2026-02-06 20:00:00+00:00,70.13999938964844,70.40899658203125,70.01000213623047,70.1500015258789,1335087
2026-02-06 20:15:00+00:00,70.1500015258789,70.29989624023438,69.88999938964844,70.17489624023438,1655085
2026-02-06 20:30:00+00:00,70.17500305175781,70.17500305175781,69.37999725341797,69.91999816894531,2377739
2026-02-06 20:45:00+00:00,69.91999816894531,70.30000305175781,69.79000091552734,70.1989974975586,2754319
