Datetime,open,high,low,close,volume
2025-12-11 00:00:00+00:00,0.14349715411663055,0.14354048669338226,0.1433575600385666,0.14344511926174164,683008
2025-12-11 00:15:00+00:00,0.14344003796577454,0.1434587836265564,0.143108531832695,0.143108531832695,1045376
2025-12-11 00:30:00+00:00,0.14300698041915894,0.14300698041915894,0.1418667882680893,0.14187772572040558,11954176
2025-12-11 00:45:00+00:00,0.14189444482326508,0.14189444482326508,0.14114950597286224,0.1412457525730133,16910848
2025-12-11 01:00:00+00:00,0.14122287929058075,0.14122287929058075,0.14043717086315155,0.14043717086315155,8243328
2025-12-11 01:15:00+00:00,0.14039945602416992,0.14039945602416992,0.13990916311740875,0.140306755900383,21016576
2025-12-11 01:30:00+00:00,0.1403152197599411,0.1407148241996765,0.1403152197599411,0.14038483798503876,5256832
2025-12-11 01:45:00+00:00,0.14038828015327454,0.14038828015327454,0.13980060815811157,0.13980060815811157,8704128
2025-12-11 02:00:00+00:00,0.1397986263036728,0.1397986263036728,0.1389538049697876,0.1389538049697876,20900736
2025-12-11 02:15:00+00:00,0.1389695554971695,0.13915300369262695,0.13846628367900848,0.13909518718719482,25042304
2025-12-11 02:30:00+00:00,0.13904309272766113,0.13906347751617432,0.13875743746757507,0.13905902206897736,13038336
2025-12-11 02:45:00+00:00,0.13902822136878967,0.13902822136878967,0.13861291110515594,0.13861291110515594,9337344
2025-12-11 03:00:00+00:00,0.13861724734306335,0.13861724734306335,0.13775871694087982,0.13782842457294464,13989888
2025-12-11 03:15:00+00:00,0.13788439333438873,0.1381351500749588,0.13780376315116882,0.1380130797624588,15761664
2025-12-11 03:30:00+00:00,0.13768739998340607,0.13770700991153717,0.1375005841255188,0.13769954442977905,13154176
2025-12-11 03:45:00+00:00,0.13772791624069214,0.13815054297447205,0.13772791624069214,0.13807912170886993,13751424
2025-12-11 04:00:00+00:00,0.13794414699077606,0.1382836550474167,0.13785240054130554,0.1382599025964737,36185600
2025-12-11 04:15:00+00:00,0.13822434842586517,0.13823820650577545,0.1380794197320938,0.13818855583667755,10850048
2025-12-11 04:30:00+00:00,0.13812170922756195,0.13841739296913147,0.13810665905475616,0.13841062784194946,4317568
2025-12-11 04:45:00+00:00,0.13839945197105408,0.1389569491147995,0.13832995295524597,0.1389569491147995,12836352
2025-12-11 05:00:00+00:00,0.13892856240272522,0.13892856240272522,0.13857553899288177,0.13857553899288177,4165760
2025-12-11 05:15:00+00:00,0.13854356110095978,0.13873621821403503,0.13849444687366486,0.13873621821403503,3121280
2025-12-11 05:30:00+00:00,0.13873490691184998,0.1388099044561386,0.1387185901403427,0.13878408074378967,2679040
2025-12-11 05:45:00+00:00,0.1387908011674881,0.138994038105011,0.1387908011674881,0.138994038105011,2410880
2025-12-11 06:00:00+00:00,0.1389906257390976,0.1389906257390976,0.1386672556400299,0.1386672556400299,2599936
2025-12-11 06:15:00+00:00,0.13867028057575226,0.13867028057575226,0.13820666074752808,0.13820666074752808,5558784
2025-12-11 06:30:00+00:00,0.13818462193012238,0.1387612521648407,0.13818462193012238,0.13868892192840576,11409024
2025-12-11 06:45:00+00:00,0.13868434727191925,0.13868434727191925,0.13846653699874878,0.1384856253862381,4770816
2025-12-11 07:00:00+00:00,0.1385316252708435,0.1385316252708435,0.13843879103660583,0.13843879103660583,522240
2025-12-11 07:15:00+00:00,0.13843771815299988,0.13843771815299988,0.13818497955799103,0.13818497955799103,2176128
2025-12-11 07:30:00+00:00,0.13820157945156097,0.13840682804584503,0.13820157945156097,0.1382875293493271,4838528
2025-12-11 07:45:00+00:00,0.13827425241470337,0.13827425241470337,0.13815051317214966,0.1381690502166748,1775872
2025-12-11 08:00:00+00:00,0.13813306391239166,0.13813306391239166,0.13762420415878296,0.13762420415878296,4094720
2025-12-11 08:15:00+00:00,0.13759948313236237,0.13764293491840363,0.13751989603042603,0.13764293491840363,1325440
2025-12-11 08:30:00+00:00,0.13754305243492126,0.13764148950576782,0.13737335801124573,0.13764148950576782,5005440
2025-12-11 08:45:00+00:00,0.13762488961219788,0.137960284948349,0.137612983584404,0.1379595398902893,1640960
2025-12-11 09:00:00+00:00,0.1379804164171219,0.1380389928817749,0.13784003257751465,0.13785769045352936,0
2025-12-11 09:15:00+00:00,0.13785769045352936,0.1379966139793396,0.13781121373176575,0.13798171281814575,3059840
2025-12-11 09:30:00+00:00,0.13811692595481873,0.1381807178258896,0.13806992769241333,0.13810501992702484,4452352
2025-12-11 09:45:00+00:00,0.13807269930839539,0.13807269930839539,0.1378258317708969,0.1378258317708969,220416
2025-12-11 10:00:00+00:00,0.1378277987241745,0.13796335458755493,0.1378277987241745,0.1379082053899765,0
2025-12-11 10:15:00+00:00,0.13792924582958221,0.13797815144062042,0.13774091005325317,0.13778123259544373,0
2025-12-11 10:30:00+00:00,0.13772374391555786,0.13772374391555786,0.1375749409198761,0.1375749409198761,0
2025-12-11 10:45:00+00:00,0.1376073956489563,0.13809901475906372,0.1376073956489563,0.13809901475906372,0
2025-12-11 11:00:00+00:00,0.13811127841472626,0.1381261795759201,0.13799148797988892,0.13811422884464264,205824
2025-12-11 11:15:00+00:00,0.13809645175933838,0.1381908804178238,0.13798482716083527,0.1381845325231552,3585536
2025-12-11 11:30:00+00:00,0.1381811648607254,0.1383327841758728,0.1381811648607254,0.13828393816947937,577280
2025-12-11 11:45:00+00:00,0.13829022645950317,0.13829120993614197,0.13818292319774628,0.13818776607513428,0
2025-12-11 12:00:00+00:00,0.13817015290260315,0.13817015290260315,0.13773387670516968,0.13774608075618744,2152832
2025-12-11 12:15:00+00:00,0.13774806261062622,0.13794991374015808,0.13772058486938477,0.13793139159679413,2549504
2025-12-11 12:30:00+00:00,0.13790395855903625,0.13801565766334534,0.13784246146678925,0.13792255520820618,1541504
2025-12-11 12:45:00+00:00,0.1379518061876297,0.13801290094852448,0.1378617286682129,0.1378617286682129,5133440
2025-12-11 13:00:00+00:00,0.1378699094057083,0.13805881142616272,0.1378699094057083,0.13791954517364502,399616
2025-12-11 13:15:00+00:00,0.13790984451770782,0.13802838325500488,0.13778887689113617,0.13802838325500488,0
2025-12-11 13:30:00+00:00,0.13804541528224945,0.13808944821357727,0.1379055231809616,0.13807745277881622,0
2025-12-11 13:45:00+00:00,0.13807912170886993,0.13807912170886993,0.13787388801574707,0.13799580931663513,4968320
2025-12-11 14:00:00+00:00,0.138002410531044,0.13804763555526733,0.13786321878433228,0.13788212835788727,1364352
2025-12-11 14:15:00+00:00,0.13788637518882751,0.13792118430137634,0.13776864111423492,0.13776999711990356,417920
2025-12-11 14:30:00+00:00,0.13768704235553741,0.13803185522556305,0.1376282125711441,0.13803185522556305,19279104
2025-12-11 14:45:00+00:00,0.13791771233081818,0.13791771233081818,0.13712869584560394,0.137213796377182,21778560
2025-12-11 15:00:00+00:00,0.13715921342372894,0.13782109320163727,0.13715921342372894,0.13765612244606018,10978944
2025-12-11 15:15:00+00:00,0.13756686449050903,0.13784831762313843,0.1374960094690323,0.13779912889003754,13254656
2025-12-11 15:30:00+00:00,0.13760164380073547,0.13760164380073547,0.13712027668952942,0.13724017143249512,6341248
2025-12-11 15:45:00+00:00,0.13723602890968323,0.13726939260959625,0.13706883788108826,0.13721248507499695,8352000
2025-12-11 16:00:00+00:00,0.1372150480747223,0.1372150480747223,0.1365659236907959,0.1365659236907959,7010304
2025-12-11 16:15:00+00:00,0.13658256828784943,0.136751189827919,0.13658256828784943,0.13671249151229858,0
2025-12-11 16:30:00+00:00,0.1367117315530777,0.1373743712902069,0.13657811284065247,0.1373724639415741,5239168
2025-12-11 16:45:00+00:00,0.13740086555480957,0.13741570711135864,0.1370650678873062,0.1370650678873062,3928064
2025-12-11 17:00:00+00:00,0.13706108927726746,0.13706204295158386,0.1369326412677765,0.13698579370975494,1563520
2025-12-11 17:15:00+00:00,0.1370304822921753,0.13740378618240356,0.1370304822921753,0.13739867508411407,622720
2025-12-11 17:30:00+00:00,0.1374012678861618,0.13744528591632843,0.13733409345149994,0.1373402178287506,1511168
2025-12-11 17:45:00+00:00,0.1373366266489029,0.13740389049053192,0.1372319906949997,0.1372319906949997,2270848
2025-12-11 18:00:00+00:00,0.13722588121891022,0.13734576106071472,0.13713882863521576,0.13734576106071472,2950016
2025-12-11 18:15:00+00:00,0.13733620941638947,0.13771627843379974,0.13733620941638947,0.1375288963317871,2582784
2025-12-11 18:30:00+00:00,0.13755185902118683,0.13803580403327942,0.137449249625206,0.13803580403327942,0
2025-12-11 18:45:00+00:00,0.13814014196395874,0.13890643417835236,0.13806919753551483,0.13806919753551483,13436672
2025-12-11 19:00:00+00:00,0.13813799619674683,0.13831454515457153,0.13804015517234802,0.13806545734405518,0
2025-12-11 19:15:00+00:00,0.13813528418540955,0.13886982202529907,0.13813483715057373,0.13886982202529907,0
2025-12-11 19:30:00+00:00,0.13888348639011383,0.13944987952709198,0.13888348639011383,0.13936512172222137,0
2025-12-11 19:45:00+00:00,0.1393643319606781,0.13937073945999146,0.13867248594760895,0.13867248594760895,0
2025-12-11 20:00:00+00:00,0.13868477940559387,0.13925856351852417,0.13850492238998413,0.13925856351852417,0
2025-12-11 20:15:00+00:00,0.13939139246940613,0.1394270658493042,0.13912273943424225,0.13913854956626892,0
2025-12-11 20:30:00+00:00,0.1392243206501007,0.1396487057209015,0.1392243206501007,0.13964244723320007,672384
2025-12-11 20:45:00+00:00,0.13964954018592834,0.13996103405952454,0.13964474201202393,0.13996103405952454,0
2025-12-11 21:00:00+00:00,0.13998380303382874,0.14088605344295502,0.13998380303382874,0.14088605344295502,0
2025-12-11 21:15:00+00:00,0.14093241095542908,0.14192181825637817,0.14093241095542908,0.14146211743354797,9804288
2025-12-11 21:30:00+00:00,0.14147444069385529,0.14241741597652435,0.14147444069385529,0.14196357131004333,9323648
2025-12-11 21:45:00+00:00,0.14205005764961243,0.1423170268535614,0.1420256495475769,0.1420256495475769,4723968
2025-12-11 22:00:00+00:00,0.1420171856880188,0.1420171856880188,0.14166079461574554,0.14166079461574554,0
2025-12-11 22:15:00+00:00,0.14165763556957245,0.14165763556957245,0.14069318771362305,0.14069318771362305,0
2025-12-11 22:30:00+00:00,0.14064152538776398,0.14091505110263824,0.1405656635761261,0.1405656635761261,0
2025-12-11 22:45:00+00:00,0.14056314527988434,0.14056314527988434,0.14027415215969086,0.14040513336658478,269312
2025-12-11 23:00:00+00:00,0.1404096931219101,0.1405288577079773,0.14038975536823273,0.1404626965522766,0
2025-12-11 23:15:00+00:00,0.14045259356498718,0.1406261920928955,0.14045259356498718,0.14050810039043427,7208704
2025-12-11 23:30:00+00:00,0.1404772847890854,0.14087292551994324,0.1404772847890854,0.14087292551994324,0
2025-12-11 23:45:00+00:00,0.1408734768629074,0.14089500904083252,0.14038105309009552,0.14038105309009552,2177024
2025-12-12 00:00:00+00:00,0.14038406312465668,0.1404428482055664,0.1402961015701294,0.1402961015701294,867584
2025-12-12 00:15:00+00:00,0.14029262959957123,0.1405908763408661,0.140273317694664,0.14038614928722382,898048
2025-12-12 00:30:00+00:00,0.14043596386909485,0.14057546854019165,0.14041770994663239,0.1405181735754013,0
2025-12-12 00:45:00+00:00,0.1404901146888733,0.1404901146888733,0.1396883726119995,0.1396883726119995,0
2025-12-12 01:00:00+00:00,0.13959075510501862,0.13967545330524445,0.139222651720047,0.13966484367847443,1523968
2025-12-12 01:15:00+00:00,0.1397123634815216,0.1405501663684845,0.1397123634815216,0.14039523899555206,0
2025-12-12 01:30:00+00:00,0.14039461314678192,0.14058658480644226,0.14030997455120087,0.14058658480644226,0
2025-12-12 01:45:00+00:00,0.1405625194311142,0.1405625194311142,0.14031948149204254,0.14032487571239471,0
2025-12-12 02:00:00+00:00,0.1403443068265915,0.1406477838754654,0.14021442830562592,0.1406477838754654,0
2025-12-12 02:15:00+00:00,0.1407180279493332,0.14099399745464325,0.1407160758972168,0.14098532497882843,0
2025-12-12 02:30:00+00:00,0.14093747735023499,0.14095176756381989,0.14085271954536438,0.14094014465808868,0
2025-12-12 02:45:00+00:00,0.14094382524490356,0.14120668172836304,0.1409214586019516,0.14119865000247955,0
2025-12-12 03:00:00+00:00,0.14120115339756012,0.1412886679172516,0.14112749695777893,0.14112749695777893,0
2025-12-12 03:15:00+00:00,0.14102409780025482,0.14102409780025482,0.1405133455991745,0.14057211577892303,0
2025-12-12 03:30:00+00:00,0.14055006206035614,0.14068560302257538,0.1405235230922699,0.14068560302257538,0
2025-12-12 03:45:00+00:00,0.1406821459531784,0.1408400982618332,0.1406821459531784,0.1407318115234375,0
2025-12-12 04:00:00+00:00,0.1407332867383957,0.1407332867383957,0.14043819904327393,0.14043819904327393,0
2025-12-12 04:15:00+00:00,0.14040528237819672,0.14040528237819672,0.14030058681964874,0.1403130143880844,0
2025-12-12 04:30:00+00:00,0.14031371474266052,0.1403786689043045,0.14026778936386108,0.1403786689043045,0
2025-12-12 04:45:00+00:00,0.1403815746307373,0.14044588804244995,0.14036719501018524,0.1403675377368927,0
2025-12-12 05:00:00+00:00,0.14036928117275238,0.1405859738588333,0.14036481082439423,0.1404053270816803,0
2025-12-12 05:15:00+00:00,0.14030474424362183,0.14030678570270538,0.14002028107643127,0.14002028107643127,1060480
2025-12-12 05:30:00+00:00,0.14002346992492676,0.1404464691877365,0.13997067511081696,0.1404464691877365,0
2025-12-12 05:45:00+00:00,0.14043492078781128,0.14079585671424866,0.14043492078781128,0.14078959822654724,3714304
2025-12-12 06:00:00+00:00,0.14080378413200378,0.14133043587207794,0.14080378413200378,0.14133043587207794,4274176
2025-12-12 06:15:00+00:00,0.1413380652666092,0.14138640463352203,0.1411672979593277,0.1411672979593277,659456
2025-12-12 06:30:00+00:00,0.1411667913198471,0.1411667913198471,0.14093229174613953,0.1409349888563156,0
2025-12-12 06:45:00+00:00,0.1409321278333664,0.1409321278333664,0.14077238738536835,0.14084498584270477,0
2025-12-12 07:00:00+00:00,0.14085456728935242,0.14087475836277008,0.14081506431102753,0.14087367057800293,0
2025-12-12 07:15:00+00:00,0.14081554114818573,0.14081554114818573,0.14076697826385498,0.1407839059829712,253696
2025-12-12 07:30:00+00:00,0.1407865583896637,0.14081653952598572,0.14058910310268402,0.14069145917892456,0
2025-12-12 07:45:00+00:00,0.14069953560829163,0.1407289355993271,0.1406700313091278,0.1406700313091278,0
2025-12-12 08:00:00+00:00,0.14067892730236053,0.14071598649024963,0.1406429558992386,0.14071598649024963,0
2025-12-12 08:15:00+00:00,0.14071764051914215,0.14071764051914215,0.14046847820281982,0.14046987891197205,408064
2025-12-12 08:30:00+00:00,0.14037692546844482,0.14037692546844482,0.1400921493768692,0.14020924270153046,0
2025-12-12 08:45:00+00:00,0.14020836353302002,0.14036712050437927,0.14018338918685913,0.14036712050437927,386944
2025-12-12 09:00:00+00:00,0.14040715992450714,0.14040794968605042,0.14027729630470276,0.14032797515392303,0
2025-12-12 09:15:00+00:00,0.14034834504127502,0.1405337154865265,0.14034834504127502,0.14035513997077942,0
2025-12-12 09:30:00+00:00,0.14023269712924957,0.140263631939888,0.14018934965133667,0.14023125171661377,43776
2025-12-12 09:45:00+00:00,0.1402239352464676,0.14081387221813202,0.14020130038261414,0.14081387221813202,1427968
2025-12-12 10:00:00+00:00,0.14094379544258118,0.14130671322345734,0.14094379544258118,0.14130671322345734,3911296
2025-12-12 10:15:00+00:00,0.14132191240787506,0.14132773876190186,0.141121044754982,0.141121044754982,604288
2025-12-12 10:30:00+00:00,0.1411188840866089,0.1411304920911789,0.14099523425102234,0.14100074768066406,0
2025-12-12 10:45:00+00:00,0.14099781215190887,0.14115504920482635,0.14097730815410614,0.1411505937576294,91136
2025-12-12 11:00:00+00:00,0.14114229381084442,0.14114229381084442,0.14101314544677734,0.1410352885723114,0
2025-12-12 11:15:00+00:00,0.14100144803524017,0.14100481569766998,0.14087726175785065,0.14091511070728302,0
2025-12-12 11:30:00+00:00,0.14095982909202576,0.1410844773054123,0.14095982909202576,0.1410844773054123,128896
2025-12-12 11:45:00+00:00,0.14109282195568085,0.14110662043094635,0.1410781890153885,0.1410781890153885,638080
2025-12-12 12:00:00+00:00,0.1410910189151764,0.1410910189151764,0.140939399600029,0.14094051718711853,0
2025-12-12 12:15:00+00:00,0.14094632863998413,0.14098341763019562,0.14088043570518494,0.14088232815265656,0
2025-12-12 12:30:00+00:00,0.14087972044944763,0.14101310074329376,0.14087972044944763,0.1410006582736969,0
2025-12-12 12:45:00+00:00,0.14099553227424622,0.14132222533226013,0.14097534120082855,0.14132222533226013,37888
2025-12-12 13:00:00+00:00,0.1413314789533615,0.1413314789533615,0.14111410081386566,0.14111410081386566,1083328
2025-12-12 13:15:00+00:00,0.141106978058815,0.14119011163711548,0.14109495282173157,0.14110128581523895,2967488
2025-12-12 13:30:00+00:00,0.14104655385017395,0.14114148914813995,0.14104655385017395,0.14104750752449036,0
2025-12-12 13:45:00+00:00,0.14104193449020386,0.14106059074401855,0.14099322259426117,0.14101670682430267,54720
2025-12-12 14:00:00+00:00,0.14099732041358948,0.14099732041358948,0.14064589142799377,0.14064589142799377,868800
2025-12-12 14:15:00+00:00,0.1406303346157074,0.14086613059043884,0.1406019926071167,0.1406329870223999,958208
2025-12-12 14:30:00+00:00,0.1406182497739792,0.14097756147384644,0.140385240316391,0.14088121056556702,0
2025-12-12 14:45:00+00:00,0.14086376130580902,0.14088237285614014,0.14059852063655853,0.1407352238893509,0
2025-12-12 15:00:00+00:00,0.14056344330310822,0.14056344330310822,0.13970431685447693,0.13995051383972168,755968
2025-12-12 15:15:00+00:00,0.13991792500019073,0.13991792500019073,0.13893470168113708,0.13893470168113708,5998272
2025-12-12 15:30:00+00:00,0.13886365294456482,0.13886365294456482,0.1371479630470276,0.13723137974739075,47248896
2025-12-12 15:45:00+00:00,0.1372312605381012,0.13767382502555847,0.1363208293914795,0.1363208293914795,23488064
2025-12-12 16:00:00+00:00,0.13595274090766907,0.1360786259174347,0.13575002551078796,0.1358589380979538,33305216
2025-12-12 16:15:00+00:00,0.1359703689813614,0.1360531598329544,0.1353611946105957,0.1360294371843338,36644096
2025-12-12 16:30:00+00:00,0.1360757201910019,0.1360757201910019,0.1347191482782364,0.13476788997650146,27021696
2025-12-12 16:45:00+00:00,0.13473518192768097,0.13543027639389038,0.13473518192768097,0.13536320626735687,13943680
2025-12-12 17:00:00+00:00,0.1353844851255417,0.1362801045179367,0.13538089394569397,0.13626505434513092,20420992
2025-12-12 17:15:00+00:00,0.13631059229373932,0.1366252899169922,0.13583920896053314,0.13583920896053314,17577600
2025-12-12 17:30:00+00:00,0.13565801084041595,0.1357249915599823,0.13560813665390015,0.13561464846134186,8636800
2025-12-12 17:45:00+00:00,0.13562992215156555,0.1358005553483963,0.13562992215156555,0.13569647073745728,2326912
2025-12-12 18:00:00+00:00,0.13571122288703918,0.13642539083957672,0.13569165766239166,0.13642539083957672,5367552
2025-12-12 18:15:00+00:00,0.13664110004901886,0.13675430417060852,0.13634948432445526,0.13648582994937897,11699456
2025-12-12 18:30:00+00:00,0.13664349913597107,0.13705283403396606,0.13664349913597107,0.13705283403396606,2408576
2025-12-12 18:45:00+00:00,0.13703523576259613,0.13716214895248413,0.13696415722370148,0.13696415722370148,0
2025-12-12 19:00:00+00:00,0.13692307472229004,0.13692307472229004,0.13617709279060364,0.13617709279060364,0
2025-12-12 19:15:00+00:00,0.1361076533794403,0.13645854592323303,0.1361076533794403,0.13628362119197845,0
2025-12-12 19:30:00+00:00,0.1362892985343933,0.13633368909358978,0.1361931562423706,0.1362186223268509,0
2025-12-12 19:45:00+00:00,0.1362154185771942,0.1362154185771942,0.13601812720298767,0.13605381548404694,0
2025-12-12 20:00:00+00:00,0.13607394695281982,0.13618114590644836,0.13594354689121246,0.13594354689121246,0
2025-12-12 20:15:00+00:00,0.13586916029453278,0.13613826036453247,0.1358308345079422,0.1358308345079422,1085312
2025-12-12 20:30:00+00:00,0.1358254998922348,0.13589176535606384,0.1357777714729309,0.13589176535606384,0
2025-12-12 20:45:00+00:00,0.13590726256370544,0.1361968219280243,0.13590726256370544,0.13617686927318573,726528
2025-12-12 21:00:00+00:00,0.13615262508392334,0.13640926778316498,0.13613547384738922,0.13633720576763153,0
2025-12-12 21:15:00+00:00,0.1363491714000702,0.1364036351442337,0.1363394558429718,0.13634651899337769,0
2025-12-12 21:30:00+00:00,0.1364586502313614,0.136662557721138,0.1364586502313614,0.136662557721138,0
2025-12-12 21:45:00+00:00,0.13666848838329315,0.13679403066635132,0.13651053607463837,0.1365136206150055,0
2025-12-12 22:00:00+00:00,0.1365126520395279,0.1365741789340973,0.13645963370800018,0.1365700662136078,0
2025-12-12 22:15:00+00:00,0.13662391901016235,0.1367969959974289,0.13662214577198029,0.1367969959974289,0
2025-12-12 22:30:00+00:00,0.13679474592208862,0.13699108362197876,0.13679474592208862,0.13699108362197876,0
2025-12-12 22:45:00+00:00,0.13698135316371918,0.13698135316371918,0.1368408501148224,0.1368408501148224,0
2025-12-12 23:00:00+00:00,0.13685663044452667,0.13723669946193695,0.13685663044452667,0.13723669946193695,0
2025-12-12 23:15:00+00:00,0.13723605871200562,0.13729776442050934,0.1370919793844223,0.1370919793844223,0
2025-12-12 23:30:00+00:00,0.13708172738552094,0.13708172738552094,0.13700756430625916,0.1370563805103302,571392
2025-12-12 23:45:00+00:00,0.13705843687057495,0.13710302114486694,0.13696442544460297,0.13696442544460297,202880
2025-12-13 00:00:00+00:00,0.13698098063468933,0.13755474984645844,0.13698098063468933,0.13755393028259277,0
2025-12-13 00:15:00+00:00,0.13751767575740814,0.13751767575740814,0.13738973438739777,0.13740940392017365,0
2025-12-13 00:30:00+00:00,0.13736973702907562,0.1374671757221222,0.1373668760061264,0.13743562996387482,0
2025-12-13 00:45:00+00:00,0.13744311034679413,0.1374473124742508,0.13733987510204315,0.13733987510204315,0
2025-12-13 01:00:00+00:00,0.13733874261379242,0.13737282156944275,0.1372758001089096,0.13736113905906677,0
2025-12-13 01:15:00+00:00,0.13731418550014496,0.13744023442268372,0.1372939497232437,0.13743409514427185,0
2025-12-13 01:30:00+00:00,0.13744670152664185,0.13744670152664185,0.13728852570056915,0.13728861510753632,0
2025-12-13 01:45:00+00:00,0.1372825801372528,0.1372825801372528,0.13717110455036163,0.13726510107517242,0
2025-12-13 02:00:00+00:00,0.137306347489357,0.13748927414417267,0.137306347489357,0.13748927414417267,0
2025-12-13 02:15:00+00:00,0.1375228315591812,0.13758113980293274,0.13742871582508087,0.137430801987648,0
2025-12-13 02:30:00+00:00,0.13745920360088348,0.13752585649490356,0.1374022662639618,0.13743577897548676,3522944
2025-12-13 02:45:00+00:00,0.13743740320205688,0.137449249625206,0.13739006221294403,0.13740292191505432,606912
2025-12-13 03:00:00+00:00,0.13739970326423645,0.13739970326423645,0.13722120225429535,0.13722120225429535,3066432
2025-12-13 03:15:00+00:00,0.13731835782527924,0.13747046887874603,0.13731835782527924,0.13744235038757324,1073792
2025-12-13 03:30:00+00:00,0.13741207122802734,0.13762901723384857,0.13741207122802734,0.13762682676315308,1320768
2025-12-13 03:45:00+00:00,0.13763470947742462,0.1376868635416031,0.13753199577331543,0.1375439167022705,0
2025-12-13 04:00:00+00:00,0.13754802942276,0.13754802942276,0.13745532929897308,0.13747720420360565,0
2025-12-13 04:15:00+00:00,0.1375000923871994,0.13759106397628784,0.13749687373638153,0.13759106397628784,0
2025-12-13 04:30:00+00:00,0.13758103549480438,0.13758103549480438,0.13742834329605103,0.13750335574150085,109888
2025-12-13 04:45:00+00:00,0.1375015825033188,0.1375425159931183,0.13748230040073395,0.1375425159931183,0
2025-12-13 05:00:00+00:00,0.13754194974899292,0.13781817257404327,0.1375339776277542,0.1378161758184433,1263040
2025-12-13 05:15:00+00:00,0.13780757784843445,0.13780757784843445,0.13762858510017395,0.13763535022735596,0
2025-12-13 05:30:00+00:00,0.137662872672081,0.1376679241657257,0.13750910758972168,0.1375141143798828,455168
2025-12-13 05:45:00+00:00,0.13751822710037231,0.13751822710037231,0.13729578256607056,0.1373453140258789,1138944
2025-12-13 06:00:00+00:00,0.13733938336372375,0.13737957179546356,0.137291818857193,0.137291818857193,0
2025-12-13 06:15:00+00:00,0.13729825615882874,0.13729825615882874,0.13725203275680542,0.13726967573165894,191616
2025-12-13 06:30:00+00:00,0.13726860284805298,0.13744528591632843,0.1372298151254654,0.13744528591632843,1063360
2025-12-13 06:45:00+00:00,0.13742707669734955,0.13747844099998474,0.13739542663097382,0.13741903007030487,0
2025-12-13 07:00:00+00:00,0.1374223530292511,0.1376613974571228,0.1374223530292511,0.13766124844551086,197184
2025-12-13 07:15:00+00:00,0.1376577615737915,0.1378447711467743,0.1376577615737915,0.13784071803092957,619968
2025-12-13 07:30:00+00:00,0.1378314048051834,0.13783426582813263,0.13773326575756073,0.13773326575756073,0
2025-12-13 07:45:00+00:00,0.13773763179779053,0.1378200650215149,0.13771945238113403,0.1378200650215149,191488
2025-12-13 08:00:00+00:00,0.13780273497104645,0.1379522830247879,0.13780273497104645,0.13795149326324463,541056
2025-12-13 08:15:00+00:00,0.13795015215873718,0.13850951194763184,0.13795015215873718,0.13850951194763184,13247168
2025-12-13 08:30:00+00:00,0.13850325345993042,0.13861119747161865,0.1384439915418625,0.13845041394233704,53760
2025-12-13 08:45:00+00:00,0.13844771683216095,0.1385648399591446,0.13840706646442413,0.13850337266921997,0
2025-12-13 09:00:00+00:00,0.138504758477211,0.13856074213981628,0.1384788453578949,0.13856074213981628,340992
2025-12-13 09:15:00+00:00,0.13854214549064636,0.13854214549064636,0.13840708136558533,0.13840708136558533,293376
2025-12-13 09:30:00+00:00,0.13836288452148438,0.13849574327468872,0.1383165568113327,0.13849574327468872,472448
2025-12-13 09:45:00+00:00,0.13846586644649506,0.13847629725933075,0.13840755820274353,0.13843904435634613,0
2025-12-13 10:00:00+00:00,0.1384326070547104,0.13853688538074493,0.13841882348060608,0.13853688538074493,0
2025-12-13 10:15:00+00:00,0.1385742574930191,0.13886995613574982,0.13857348263263702,0.138868048787117,1573248
2025-12-13 10:30:00+00:00,0.1389162689447403,0.13932059705257416,0.1389162689447403,0.13932059705257416,5513088
2025-12-13 10:45:00+00:00,0.13931380212306976,0.1395023614168167,0.13931380212306976,0.13936612010002136,2338752
2025-12-13 11:00:00+00:00,0.13944511115550995,0.1394561529159546,0.13935469090938568,0.13942697644233704,995200
2025-12-13 11:15:00+00:00,0.13941676914691925,0.13941676914691925,0.13907018303871155,0.13907018303871155,1603200
2025-12-13 11:30:00+00:00,0.13905467092990875,0.13905467092990875,0.13884957134723663,0.13884957134723663,1075776
2025-12-13 11:45:00+00:00,0.1388484239578247,0.13894407451152802,0.13881815969944,0.13889358937740326,840896
2025-12-13 12:00:00+00:00,0.13889451324939728,0.13954004645347595,0.13888119161128998,0.13954004645347595,2269440
2025-12-13 12:15:00+00:00,0.13963843882083893,0.13990212976932526,0.13963843882083893,0.13965250551700592,6177024
2025-12-13 12:30:00+00:00,0.1396487057209015,0.1397315263748169,0.13951577246189117,0.13951577246189117,1736768
2025-12-13 12:45:00+00:00,0.13945576548576355,0.13945576548576355,0.13926754891872406,0.13940773904323578,992512
2025-12-13 13:00:00+00:00,0.1394605189561844,0.13949353992938995,0.13926899433135986,0.13926899433135986,0
2025-12-13 13:15:00+00:00,0.139264315366745,0.1393776386976242,0.13920670747756958,0.13920670747756958,138752
2025-12-13 13:30:00+00:00,0.13919341564178467,0.13926617801189423,0.13909883797168732,0.13926617801189423,1126528
2025-12-13 13:45:00+00:00,0.13926053047180176,0.13932791352272034,0.13922780752182007,0.1392720341682434,0
2025-12-13 14:00:00+00:00,0.13929849863052368,0.13931094110012054,0.13906995952129364,0.13913853466510773,0
2025-12-13 14:15:00+00:00,0.1392308920621872,0.13947470486164093,0.13906370103359222,0.13906370103359222,3825536
2025-12-13 14:30:00+00:00,0.1390218585729599,0.1391783356666565,0.13880103826522827,0.1391734927892685,0
2025-12-13 14:45:00+00:00,0.13917295634746552,0.13928522169589996,0.1391441375017166,0.13926418125629425,0
2025-12-13 15:00:00+00:00,0.13925416767597198,0.13972696661949158,0.13925416767597198,0.13969002664089203,0
2025-12-13 15:15:00+00:00,0.1396913230419159,0.1396913230419159,0.13952220976352692,0.13952220976352692,0
2025-12-13 15:30:00+00:00,0.13952799141407013,0.13957899808883667,0.13948547840118408,0.13948547840118408,0
2025-12-13 15:45:00+00:00,0.13947300612926483,0.13947300612926483,0.13932332396507263,0.13944415748119354,0
2025-12-13 16:00:00+00:00,0.13944415748119354,0.13985829055309296,0.13944415748119354,0.13985203206539154,0
2025-12-13 16:15:00+00:00,0.13984769582748413,0.13984769582748413,0.13939009606838226,0.13939009606838226,0
2025-12-13 16:30:00+00:00,0.1393979787826538,0.13943980634212494,0.1392267346382141,0.13943980634212494,0
2025-12-13 16:45:00+00:00,0.13942795991897583,0.13945601880550385,0.13936392962932587,0.13943032920360565,0
2025-12-13 17:00:00+00:00,0.139444962143898,0.13944953680038452,0.13912834227085114,0.13912834227085114,0
2025-12-13 17:15:00+00:00,0.13913124799728394,0.13916301727294922,0.13903921842575073,0.13907644152641296,0
2025-12-13 17:30:00+00:00,0.1390659660100937,0.13913454115390778,0.13901332020759583,0.13913454115390778,0
2025-12-13 17:45:00+00:00,0.13913798332214355,0.13913798332214355,0.13903486728668213,0.13903486728668213,0
2025-12-13 18:00:00+00:00,0.13903716206550598,0.13924846053123474,0.13902831077575684,0.13923636078834534,0
2025-12-13 18:15:00+00:00,0.13927103579044342,0.1393256038427353,0.1392519623041153,0.13930436968803406,0
2025-12-13 18:30:00+00:00,0.13930955529212952,0.13930955529212952,0.13910028338432312,0.13916537165641785,641152
2025-12-13 18:45:00+00:00,0.13916221261024475,0.13916221261024475,0.13883362710475922,0.13883362710475922,0
2025-12-13 19:00:00+00:00,0.13882486522197723,0.13897846639156342,0.1387653350830078,0.1389777958393097,0
2025-12-13 19:15:00+00:00,0.13899190723896027,0.13911443948745728,0.13899190723896027,0.13907139003276825,0
2025-12-13 19:30:00+00:00,0.13906912505626678,0.13911084830760956,0.13901245594024658,0.13909505307674408,0
2025-12-13 19:45:00+00:00,0.1391204297542572,0.13922247290611267,0.13906557857990265,0.13906557857990265,0
2025-12-13 20:00:00+00:00,0.13905298709869385,0.13905873894691467,0.1389433741569519,0.1389433741569519,0
2025-12-13 20:15:00+00:00,0.1389421969652176,0.13897787034511566,0.13892154395580292,0.1389307975769043,0
2025-12-13 20:30:00+00:00,0.1389334499835968,0.13896825909614563,0.13888078927993774,0.13891351222991943,0
2025-12-13 20:45:00+00:00,0.1389114260673523,0.1389114260673523,0.13875940442085266,0.13877299427986145,0
2025-12-13 21:00:00+00:00,0.13877543807029724,0.1387779265642166,0.13856101036071777,0.13856101036071777,400512
2025-12-13 21:15:00+00:00,0.13856717944145203,0.13866372406482697,0.13856378197669983,0.13866285979747772,0
2025-12-13 21:30:00+00:00,0.13865704834461212,0.13869257271289825,0.13833332061767578,0.13869257271289825,7374272
2025-12-13 21:45:00+00:00,0.13871611654758453,0.138911172747612,0.13865143060684204,0.13890571892261505,451744
2025-12-13 22:00:00+00:00,0.13890209794044495,0.13903091847896576,0.13890209794044495,0.13901756703853607,748320
2025-12-13 22:15:00+00:00,0.1389576941728592,0.1389596313238144,0.1388363391160965,0.13893595337867737,621504
2025-12-13 22:30:00+00:00,0.1389543116092682,0.13930431008338928,0.1389543116092682,0.13930431008338928,0
2025-12-13 22:45:00+00:00,0.13928663730621338,0.13934913277626038,0.13919970393180847,0.13920451700687408,691520
2025-12-13 23:00:00+00:00,0.13921114802360535,0.13921114802360535,0.13898742198944092,0.13898742198944092,0
2025-12-13 23:15:00+00:00,0.13896718621253967,0.13897322118282318,0.13892242312431335,0.13895773887634277,727552
2025-12-13 23:30:00+00:00,0.13895605504512787,0.13911572098731995,0.13891394436359406,0.13911572098731995,0
2025-12-13 23:45:00+00:00,0.1391364336013794,0.1391674429178238,0.1391364336013794,0.1391674429178238,0
2025-12-14 00:00:00+00:00,0.13908438384532928,0.13908438384532928,0.13883700966835022,0.1388704776763916,0
2025-12-14 00:15:00+00:00,0.13898225128650665,0.1390664279460907,0.13889026641845703,0.13889050483703613,380064
2025-12-14 00:30:00+00:00,0.13889209926128387,0.13908888399600983,0.13888055086135864,0.1389874517917633,1738272
2025-12-14 00:45:00+00:00,0.1389925330877304,0.13908176124095917,0.13892826437950134,0.13892826437950134,2493600
2025-12-14 01:00:00+00:00,0.13892628252506256,0.13895007967948914,0.13890869915485382,0.13895007967948914,129344
2025-12-14 01:15:00+00:00,0.1389649212360382,0.1390417516231537,0.13894863426685333,0.13899314403533936,335840
2025-12-14 01:30:00+00:00,0.13902507722377777,0.13902507722377777,0.13880343735218048,0.13880343735218048,803488
2025-12-14 01:45:00+00:00,0.13878725469112396,0.1388549506664276,0.1387624591588974,0.1388549506664276,199808
2025-12-14 02:00:00+00:00,0.13883154094219208,0.1389181911945343,0.1388290375471115,0.1389181911945343,0
2025-12-14 02:15:00+00:00,0.13892187178134918,0.1391698122024536,0.1389016956090927,0.1391698122024536,13824
2025-12-14 02:30:00+00:00,0.13921035826206207,0.13923527300357819,0.1390511393547058,0.1390511393547058,0
2025-12-14 02:45:00+00:00,0.1390502005815506,0.13907189667224884,0.13901035487651825,0.139061838388443,0
2025-12-14 03:00:00+00:00,0.13906610012054443,0.1391783356666565,0.13906489312648773,0.13906489312648773,1719392
2025-12-14 03:15:00+00:00,0.13906066119670868,0.13906066119670868,0.13889488577842712,0.1388980597257614,0
2025-12-14 03:30:00+00:00,0.1388932317495346,0.1388932317495346,0.1388242095708847,0.13887345790863037,0
2025-12-14 03:45:00+00:00,0.13887399435043335,0.13891425728797913,0.13883979618549347,0.13891425728797913,1079264
2025-12-14 04:00:00+00:00,0.1389048844575882,0.1389048844575882,0.138768270611763,0.13879871368408203,5891712
2025-12-14 04:15:00+00:00,0.13880431652069092,0.1388082504272461,0.1387844830751419,0.1387844830751419,674880
2025-12-14 04:30:00+00:00,0.1387397050857544,0.1387397050857544,0.13856297731399536,0.13856297731399536,684192
2025-12-14 04:45:00+00:00,0.13853681087493896,0.13853681087493896,0.13843567669391632,0.13844935595989227,2930592
2025-12-14 05:00:00+00:00,0.13842791318893433,0.13842791318893433,0.1381985992193222,0.1381985992193222,310880
2025-12-14 05:15:00+00:00,0.13819846510887146,0.13819846510887146,0.1378679722547531,0.13790038228034973,5723424
2025-12-14 05:30:00+00:00,0.13780495524406433,0.13798189163208008,0.13777287304401398,0.13798189163208008,3081312
2025-12-14 05:45:00+00:00,0.13798516988754272,0.13809651136398315,0.13798516988754272,0.13807955384254456,0
2025-12-14 06:00:00+00:00,0.13807456195354462,0.13807456195354462,0.13792479038238525,0.1379919946193695,872608
2025-12-14 06:15:00+00:00,0.13799437880516052,0.13810235261917114,0.13788317143917084,0.13788893818855286,0
2025-12-14 06:30:00+00:00,0.1378314346075058,0.13798139989376068,0.13772064447402954,0.13798139989376068,1303392
2025-12-14 06:45:00+00:00,0.13797590136528015,0.13805200159549713,0.13797590136528015,0.13802297413349152,0
2025-12-14 07:00:00+00:00,0.13802383840084076,0.13810434937477112,0.13802383840084076,0.13810434937477112,423392
2025-12-14 07:15:00+00:00,0.13811662793159485,0.1381731927394867,0.13811662793159485,0.1381695419549942,767040
2025-12-14 07:30:00+00:00,0.13814301788806915,0.1381501704454422,0.13810744881629944,0.13812197744846344,0
2025-12-14 07:45:00+00:00,0.13811825215816498,0.13831827044487,0.13809971511363983,0.13828416168689728,2370592
2025-12-14 08:00:00+00:00,0.13828229904174805,0.1384059190750122,0.13827410340309143,0.13839764893054962,41984
2025-12-14 08:15:00+00:00,0.13839782774448395,0.13839782774448395,0.13825640082359314,0.13834510743618011,0
2025-12-14 08:30:00+00:00,0.13829179108142853,0.13829179108142853,0.1382148116827011,0.1382148116827011,0
2025-12-14 08:45:00+00:00,0.1382102221250534,0.1382102221250534,0.13796289265155792,0.13796289265155792,137152
2025-12-14 09:00:00+00:00,0.13795799016952515,0.13795799016952515,0.13781456649303436,0.13781456649303436,0
2025-12-14 09:15:00+00:00,0.13780906796455383,0.1378444880247116,0.1377469003200531,0.13774901628494263,361312
2025-12-14 09:30:00+00:00,0.13773785531520844,0.13773785531520844,0.13764068484306335,0.13764336705207825,2745568
2025-12-14 09:45:00+00:00,0.13764338195323944,0.13767939805984497,0.13763529062271118,0.13766461610794067,0
2025-12-14 10:00:00+00:00,0.13765785098075867,0.13765935599803925,0.1375465840101242,0.1375465840101242,1745344
2025-12-14 10:15:00+00:00,0.13729441165924072,0.1375495195388794,0.1372883915901184,0.13754720985889435,13282592
2025-12-14 10:30:00+00:00,0.13747665286064148,0.13749505579471588,0.13737335801124573,0.1374908983707428,0
2025-12-14 10:45:00+00:00,0.13749286532402039,0.1375681757926941,0.13749286532402039,0.1375221312046051,0
2025-12-14 11:00:00+00:00,0.13749802112579346,0.13749802112579346,0.13746419548988342,0.13748402893543243,4344576
2025-12-14 11:15:00+00:00,0.1374044567346573,0.1374044567346573,0.13718494772911072,0.13718494772911072,0
2025-12-14 11:30:00+00:00,0.1371096968650818,0.1371096968650818,0.13685552775859833,0.13687904179096222,6996736
2025-12-14 11:45:00+00:00,0.13682812452316284,0.13696496188640594,0.1364029347896576,0.13689036667346954,19426048
2025-12-14 12:00:00+00:00,0.13689035177230835,0.13689035177230835,0.13651180267333984,0.136768639087677,3523296
2025-12-14 12:15:00+00:00,0.13679644465446472,0.1369672268629074,0.13679644465446472,0.13683855533599854,1119168
2025-12-14 12:30:00+00:00,0.13683700561523438,0.1370490938425064,0.13680174946784973,0.1370391696691513,0
2025-12-14 12:45:00+00:00,0.13705240190029144,0.13714228570461273,0.1370072215795517,0.13707415759563446,716800
2025-12-14 13:00:00+00:00,0.13699382543563843,0.13699382543563843,0.13664905726909637,0.13674090802669525,1704384
2025-12-14 13:15:00+00:00,0.1367465704679489,0.13678590953350067,0.13666847348213196,0.13666847348213196,1318016
2025-12-14 13:30:00+00:00,0.13667649030685425,0.13669906556606293,0.13655588030815125,0.13656441867351532,894976
2025-12-14 13:45:00+00:00,0.13656163215637207,0.13679085671901703,0.13645382225513458,0.13679085671901703,3540608
2025-12-14 14:00:00+00:00,0.13677765429019928,0.13692425191402435,0.13669750094413757,0.13669750094413757,904768
2025-12-14 14:15:00+00:00,0.13668714463710785,0.13668714463710785,0.1364915519952774,0.1364915519952774,0
2025-12-14 14:30:00+00:00,0.13649225234985352,0.13649225234985352,0.13593855500221252,0.13594414293766022,5074336
2025-12-14 14:45:00+00:00,0.135931134223938,0.135931134223938,0.13557957112789154,0.13564559817314148,13290432
2025-12-14 15:00:00+00:00,0.1356574147939682,0.1356574147939682,0.13518576323986053,0.13519525527954102,10061440
2025-12-14 15:15:00+00:00,0.13524456322193146,0.13536715507507324,0.13523927330970764,0.1352664828300476,5696704
2025-12-14 15:30:00+00:00,0.13528622686862946,0.1354956328868866,0.13528622686862946,0.1354956328868866,4791872
2025-12-14 15:45:00+00:00,0.13549405336380005,0.13560596108436584,0.13548436760902405,0.13548436760902405,2614144
2025-12-14 16:00:00+00:00,0.13547934591770172,0.13547934591770172,0.1352916657924652,0.1352916657924652,779008
2025-12-14 16:15:00+00:00,0.13529664278030396,0.13584139943122864,0.13529007136821747,0.13584139943122864,4629760
2025-12-14 16:30:00+00:00,0.13583527505397797,0.1359080821275711,0.13545237481594086,0.13545726239681244,2890432
2025-12-14 16:45:00+00:00,0.13544952869415283,0.13562631607055664,0.13543075323104858,0.13543075323104858,9188288
2025-12-14 17:00:00+00:00,0.13546206057071686,0.13560384511947632,0.13515780866146088,0.13515780866146088,22160832
2025-12-14 17:15:00+00:00,0.13489176332950592,0.13489176332950592,0.13401110470294952,0.13407999277114868,57998848
2025-12-14 17:30:00+00:00,0.13406063616275787,0.13406063616275787,0.1337406486272812,0.1339196115732193,9034880
2025-12-14 17:45:00+00:00,0.13392621278762817,0.13401071727275848,0.13392435014247894,0.13399823009967804,12184896
2025-12-14 18:00:00+00:00,0.13399666547775269,0.13425378501415253,0.13389724493026733,0.13425378501415253,5606272
2025-12-14 18:15:00+00:00,0.1342712938785553,0.13448475301265717,0.13416528701782227,0.1341693252325058,6998080
2025-12-14 18:30:00+00:00,0.1341622769832611,0.1343524158000946,0.1341564655303955,0.13431423902511597,1569984
2025-12-14 18:45:00+00:00,0.13430897891521454,0.13478584587574005,0.13430792093276978,0.13478584587574005,1847680
2025-12-14 19:00:00+00:00,0.1347898691892624,0.13483700156211853,0.13442887365818024,0.13442887365818024,4698944
2025-12-14 19:15:00+00:00,0.13442404568195343,0.13442404568195343,0.13415546715259552,0.1343877911567688,4222400
2025-12-14 19:30:00+00:00,0.13441139459609985,0.1345428079366684,0.13422615826129913,0.13423749804496765,1886464
2025-12-14 19:45:00+00:00,0.13424420356750488,0.1343659609556198,0.1341882050037384,0.13435950875282288,2932416
2025-12-14 20:00:00+00:00,0.13437439501285553,0.13437439501285553,0.1340162307024002,0.13408276438713074,10246080
2025-12-14 20:15:00+00:00,0.13418899476528168,0.1346743255853653,0.13418899476528168,0.13441422581672668,14784896
2025-12-14 20:30:00+00:00,0.13439850509166718,0.13439850509166718,0.13420909643173218,0.13423460721969604,6631232
2025-12-14 20:45:00+00:00,0.13423843681812286,0.13429607450962067,0.13403235375881195,0.13403235375881195,3300480
2025-12-14 21:00:00+00:00,0.13403365015983582,0.13403365015983582,0.13384976983070374,0.1339137703180313,0
2025-12-14 21:15:00+00:00,0.1339159607887268,0.13433805108070374,0.1339159607887268,0.13426165282726288,1629568
2025-12-14 21:30:00+00:00,0.1342529058456421,0.1342529058456421,0.13411077857017517,0.13411244750022888,855168
2025-12-14 21:45:00+00:00,0.13409776985645294,0.13409776985645294,0.13379324972629547,0.13381098210811615,4973312
2025-12-14 22:00:00+00:00,0.1338401734828949,0.1342730075120926,0.1338401734828949,0.1342395395040512,2322048
2025-12-14 22:15:00+00:00,0.1342448592185974,0.13425779342651367,0.13404473662376404,0.13412244617938995,2231296
2025-12-14 22:30:00+00:00,0.13412384688854218,0.13412384688854218,0.13390183448791504,0.13392230868339539,7161920
2025-12-14 22:45:00+00:00,0.13391375541687012,0.1341574341058731,0.13391031324863434,0.1341574341058731,2784384
2025-12-14 23:00:00+00:00,0.13417407870292664,0.13433493673801422,0.13388706743717194,0.13389547169208527,5849344
2025-12-14 23:15:00+00:00,0.13390108942985535,0.13405545055866241,0.13390108942985535,0.13398271799087524,5853248
2025-12-14 23:30:00+00:00,0.13399454951286316,0.13414694368839264,0.13347718119621277,0.13414694368839264,39301632
2025-12-14 23:45:00+00:00,0.1341351866722107,0.13430917263031006,0.1340428739786148,0.13417398929595947,10868224
2025-12-15 00:00:00+00:00,0.13416220247745514,0.1344306766986847,0.13416220247745514,0.13434363901615143,12792384
2025-12-15 00:15:00+00:00,0.1343429982662201,0.1351294219493866,0.13431045413017273,0.13512125611305237,9750144
2025-12-15 00:30:00+00:00,0.13511037826538086,0.13514544069766998,0.1345183253288269,0.1345183253288269,6213824
2025-12-15 00:45:00+00:00,0.1345294862985611,0.13502642512321472,0.13452249765396118,0.13502642512321472,5009856
2025-12-15 01:00:00+00:00,0.1350644826889038,0.13535667955875397,0.1350644826889038,0.13535667955875397,4476544
2025-12-15 01:15:00+00:00,0.13532868027687073,0.13532868027687073,0.13504625856876373,0.13511542975902557,6843200
2025-12-15 01:30:00+00:00,0.13511255383491516,0.1364709734916687,0.1350785195827484,0.13626351952552795,15469248
2025-12-15 01:45:00+00:00,0.1362341195344925,0.13640587031841278,0.1361701637506485,0.13634078204631805,16728512
2025-12-15 02:00:00+00:00,0.1363474428653717,0.1372034251689911,0.1363474428653717,0.13698609173297882,11842496
2025-12-15 02:15:00+00:00,0.13699066638946533,0.13807359337806702,0.13698889315128326,0.13782498240470886,22917120
2025-12-15 02:30:00+00:00,0.13783246278762817,0.13783246278762817,0.13747863471508026,0.13747863471508026,12948928
2025-12-15 02:45:00+00:00,0.13746842741966248,0.13746842741966248,0.1367264688014984,0.1367264688014984,9729152
2025-12-15 03:00:00+00:00,0.13672475516796112,0.13684122264385223,0.13666678965091705,0.1368185579776764,2557824
2025-12-15 03:15:00+00:00,0.13682004809379578,0.13714511692523956,0.13682004809379578,0.13700884580612183,1929792
2025-12-15 03:30:00+00:00,0.1370043158531189,0.13703584671020508,0.13661396503448486,0.13661396503448486,3690112
2025-12-15 03:45:00+00:00,0.13660992681980133,0.13660992681980133,0.1363546997308731,0.1363546997308731,3296960
2025-12-15 04:00:00+00:00,0.136347234249115,0.13676249980926514,0.136347234249115,0.13676249980926514,1421056
2025-12-15 04:15:00+00:00,0.13676707446575165,0.1367911994457245,0.13635309040546417,0.13635309040546417,1951680
2025-12-15 04:30:00+00:00,0.13635198771953583,0.13659128546714783,0.13630473613739014,0.13659128546714783,3921024
2025-12-15 04:45:00+00:00,0.13659381866455078,0.1367337703704834,0.13659381866455078,0.13672399520874023,3884672
2025-12-15 05:00:00+00:00,0.1367102563381195,0.13679426908493042,0.13665251433849335,0.13679426908493042,464000
2025-12-15 05:15:00+00:00,0.136802077293396,0.13687258958816528,0.136802077293396,0.1368527114391327,0
2025-12-15 05:30:00+00:00,0.13684464991092682,0.13684464991092682,0.136670783162117,0.136670783162117,0
2025-12-15 05:45:00+00:00,0.13666778802871704,0.13677065074443817,0.13666297495365143,0.13676322996616364,1144832
2025-12-15 06:00:00+00:00,0.136766716837883,0.13677310943603516,0.13655613362789154,0.13655613362789154,318720
2025-12-15 06:15:00+00:00,0.13655592501163483,0.1365867257118225,0.13651233911514282,0.1365792155265808,971968
2025-12-15 06:30:00+00:00,0.13656914234161377,0.13660456240177155,0.13656599819660187,0.13660210371017456,11456
2025-12-15 06:45:00+00:00,0.13660353422164917,0.13708604872226715,0.13660353422164917,0.13693483173847198,4911360
2025-12-15 07:00:00+00:00,0.13691020011901855,0.1369909942150116,0.1364595890045166,0.1364595890045166,5066560
2025-12-15 07:15:00+00:00,0.13645629584789276,0.13645629584789276,0.13638675212860107,0.13638675212860107,847296
2025-12-15 07:30:00+00:00,0.13638465106487274,0.1363934725522995,0.13618575036525726,0.13618575036525726,3571072
2025-12-15 07:45:00+00:00,0.13618464767932892,0.13627421855926514,0.1361430287361145,0.13627198338508606,1246720
2025-12-15 08:00:00+00:00,0.13628022372722626,0.13657519221305847,0.13628022372722626,0.13637490570545197,1596544
2025-12-15 08:15:00+00:00,0.13637834787368774,0.13668759167194366,0.13630670309066772,0.13668759167194366,3534144
2025-12-15 08:30:00+00:00,0.1366802453994751,0.1366802453994751,0.1365816295146942,0.13658282160758972,922368
2025-12-15 08:45:00+00:00,0.1365821659564972,0.1365821659564972,0.13639886677265167,0.13639886677265167,0
2025-12-15 09:00:00+00:00,0.1363782435655594,0.13671791553497314,0.1363782435655594,0.1366373747587204,2499072
2025-12-15 09:15:00+00:00,0.13666369020938873,0.1369556188583374,0.13666369020938873,0.1369556188583374,1258048
2025-12-15 09:30:00+00:00,0.1370428055524826,0.1370428055524826,0.13694843649864197,0.13694843649864197,5935040
2025-12-15 09:45:00+00:00,0.13694965839385986,0.1370583027601242,0.1369146704673767,0.1370568573474884,3630912
2025-12-15 10:00:00+00:00,0.13707301020622253,0.137198343873024,0.13707301020622253,0.13713137805461884,870144
2025-12-15 10:15:00+00:00,0.13713160157203674,0.13717089593410492,0.1370871365070343,0.13717089593410492,0
2025-12-15 10:30:00+00:00,0.13736853003501892,0.13763464987277985,0.13709574937820435,0.13709574937820435,6310144
2025-12-15 10:45:00+00:00,0.1370999664068222,0.1370999664068222,0.1369946449995041,0.13703560829162598,266432
2025-12-15 11:00:00+00:00,0.13706332445144653,0.13711252808570862,0.13705116510391235,0.13707685470581055,0
2025-12-15 11:15:00+00:00,0.13706420361995697,0.13706420361995697,0.13700255751609802,0.13700255751609802,0
2025-12-15 11:30:00+00:00,0.13697928190231323,0.1370125114917755,0.1367788314819336,0.1367788314819336,0
2025-12-15 11:45:00+00:00,0.13675802946090698,0.13682079315185547,0.13665540516376495,0.13681064546108246,0
2025-12-15 12:00:00+00:00,0.13681752979755402,0.13681752979755402,0.1366283893585205,0.13666070997714996,0
2025-12-15 12:15:00+00:00,0.1366606056690216,0.1369292289018631,0.1366606056690216,0.13687537610530853,0
2025-12-15 12:30:00+00:00,0.13685698807239532,0.13697829842567444,0.13685069978237152,0.13694800436496735,0
2025-12-15 12:45:00+00:00,0.13694563508033752,0.13694563508033752,0.13691093027591705,0.13692910969257355,0
2025-12-15 13:00:00+00:00,0.13693732023239136,0.13696512579917908,0.13651736080646515,0.1365984082221985,4717504
2025-12-15 13:15:00+00:00,0.136636883020401,0.13681559264659882,0.13651083409786224,0.13653746247291565,3404672
2025-12-15 13:30:00+00:00,0.1365268975496292,0.13652710616588593,0.13622356951236725,0.13652710616588593,4424576
2025-12-15 13:45:00+00:00,0.13652367889881134,0.1366349160671234,0.13652367889881134,0.13657185435295105,1430976
2025-12-15 14:00:00+00:00,0.13657447695732117,0.13674099743366241,0.13647978007793427,0.13674099743366241,0
2025-12-15 14:15:00+00:00,0.13674487173557281,0.13720564544200897,0.1366146206855774,0.13663151860237122,8697984
2025-12-15 14:30:00+00:00,0.13662610948085785,0.13673537969589233,0.1364946812391281,0.13665878772735596,4148288
2025-12-15 14:45:00+00:00,0.1366410255432129,0.1366410255432129,0.13350287079811096,0.13365858793258667,47517632
2025-12-15 15:00:00+00:00,0.13369736075401306,0.13369736075401306,0.13263721764087677,0.1329604685306549,70290304
2025-12-15 15:15:00+00:00,0.13294096291065216,0.13294096291065216,0.1305745542049408,0.1305747777223587,84776192
2025-12-15 15:30:00+00:00,0.13057667016983032,0.13099080324172974,0.13043011724948883,0.13056209683418274,55794944
2025-12-15 15:45:00+00:00,0.13061997294425964,0.13128015398979187,0.13061997294425964,0.13062088191509247,40273792
2025-12-15 16:00:00+00:00,0.13061857223510742,0.13083212077617645,0.13061857223510742,0.13074149191379547,17467776
2025-12-15 16:15:00+00:00,0.13073335587978363,0.13101784884929657,0.13073335587978363,0.13101784884929657,9944064
2025-12-15 16:30:00+00:00,0.13098764419555664,0.13098764419555664,0.12946851551532745,0.12946851551532745,29088896
2025-12-15 16:45:00+00:00,0.12945400178432465,0.12965795397758484,0.12928003072738647,0.12942983210086823,23276416
2025-12-15 17:00:00+00:00,0.12952333688735962,0.1296297013759613,0.12940442562103271,0.12940442562103271,0
2025-12-15 17:15:00+00:00,0.1294092983007431,0.1294092983007431,0.12911419570446014,0.12923964858055115,0
2025-12-15 17:30:00+00:00,0.12925343215465546,0.12925343215465546,0.12884290516376495,0.12885920703411102,14756480
2025-12-15 17:45:00+00:00,0.1287596970796585,0.1287623643875122,0.12805640697479248,0.12805640697479248,14322304
2025-12-15 18:00:00+00:00,0.12804391980171204,0.12814219295978546,0.1279342621564865,0.1281217634677887,6837760
2025-12-15 18:15:00+00:00,0.12814341485500336,0.12814341485500336,0.12745684385299683,0.12754765152931213,8361728
2025-12-15 18:30:00+00:00,0.12752345204353333,0.1277989149093628,0.12734933197498322,0.12776321172714233,22891136
2025-12-15 18:45:00+00:00,0.12771829962730408,0.12815620005130768,0.12771829962730408,0.12815620005130768,9595264
2025-12-15 19:00:00+00:00,0.12818977236747742,0.1290878802537918,0.12818977236747742,0.12854012846946716,15156352
2025-12-15 19:15:00+00:00,0.12853576242923737,0.1290908306837082,0.12830212712287903,0.1290437877178192,8582400
2025-12-15 19:30:00+00:00,0.1290433257818222,0.12909339368343353,0.12902610003948212,0.12905558943748474,7390208
2025-12-15 19:45:00+00:00,0.12902559340000153,0.12902559340000153,0.12878580391407013,0.12894612550735474,6898944
2025-12-15 20:00:00+00:00,0.1289444863796234,0.1289444863796234,0.12814943492412567,0.12814943492412567,0
2025-12-15 20:15:00+00:00,0.12815499305725098,0.12815499305725098,0.1276971697807312,0.12798301875591278,2797440
2025-12-15 20:30:00+00:00,0.1279783993959427,0.12851592898368835,0.12796083092689514,0.12848670780658722,4404224
2025-12-15 20:45:00+00:00,0.1284036785364151,0.1284036785364151,0.12823042273521423,0.12823042273521423,1482880
2025-12-15 21:00:00+00:00,0.12821464240550995,0.12821464240550995,0.12785588204860687,0.12786224484443665,4000128
2025-12-15 21:15:00+00:00,0.12785108387470245,0.12850823998451233,0.12785108387470245,0.12850823998451233,5553536
2025-12-15 21:30:00+00:00,0.12852737307548523,0.12887690961360931,0.12852737307548523,0.12865085899829865,5603200
2025-12-15 21:45:00+00:00,0.1285729706287384,0.12879015505313873,0.1285676658153534,0.12879015505313873,0
2025-12-15 22:00:00+00:00,0.12880130112171173,0.12880432605743408,0.12855872511863708,0.12855872511863708,1797248
2025-12-15 22:15:00+00:00,0.12853975594043732,0.1285552978515625,0.12839169800281525,0.1285552978515625,5091328
2025-12-15 22:30:00+00:00,0.12855413556098938,0.12869371473789215,0.12855413556098938,0.12863987684249878,190592
2025-12-15 22:45:00+00:00,0.12857165932655334,0.12874872982501984,0.12855394184589386,0.12874872982501984,0
2025-12-15 23:00:00+00:00,0.1287609487771988,0.1294786036014557,0.1287609487771988,0.1294786036014557,730880
2025-12-15 23:15:00+00:00,0.12951146066188812,0.1295677125453949,0.12919734418392181,0.12919734418392181,635904
2025-12-15 23:30:00+00:00,0.12919901311397552,0.1297241747379303,0.12919855117797852,0.1297241747379303,0
2025-12-15 23:45:00+00:00,0.12972578406333923,0.12973077595233917,0.12962597608566284,0.12973077595233917,0
2025-12-16 00:00:00+00:00,0.12972599267959595,0.12996108829975128,0.12968184053897858,0.129847913980484,817792
2025-12-16 00:15:00+00:00,0.12984582781791687,0.12984582781791687,0.12966904044151306,0.12972858548164368,0
2025-12-16 00:30:00+00:00,0.1297137588262558,0.1297195851802826,0.12926265597343445,0.12928681075572968,0
2025-12-16 00:45:00+00:00,0.129286527633667,0.12930724024772644,0.12896937131881714,0.12896937131881714,506240
2025-12-16 01:00:00+00:00,0.12896735966205597,0.1294875144958496,0.12894581258296967,0.1294875144958496,7608448
2025-12-16 01:15:00+00:00,0.12947167456150055,0.12958933413028717,0.129332035779953,0.129332035779953,2357760
2025-12-16 01:30:00+00:00,0.12933723628520966,0.12939457595348358,0.12901781499385834,0.12910060584545135,1327616
2025-12-16 01:45:00+00:00,0.12921179831027985,0.1294330656528473,0.12921179831027985,0.12936046719551086,0
2025-12-16 02:00:00+00:00,0.12935787439346313,0.12935787439346313,0.12897706031799316,0.12916509807109833,0
2025-12-16 02:15:00+00:00,0.1291675865650177,0.12946774065494537,0.12910765409469604,0.12946774065494537,0
2025-12-16 02:30:00+00:00,0.12948158383369446,0.12979868054389954,0.12948158383369446,0.1294933706521988,0
2025-12-16 02:45:00+00:00,0.1294817477464676,0.1294817477464676,0.1292671114206314,0.1292695254087448,0
2025-12-16 03:00:00+00:00,0.12928131222724915,0.12939278781414032,0.12917006015777588,0.12917006015777588,1551104
2025-12-16 03:15:00+00:00,0.12908507883548737,0.12919682264328003,0.1290799230337143,0.1290799230337143,4505472
2025-12-16 03:30:00+00:00,0.12910138070583344,0.12914353609085083,0.12891247868537903,0.12914353609085083,7428480
2025-12-16 03:45:00+00:00,0.12903615832328796,0.12907633185386658,0.12901653349399567,0.12907633185386658,1331072
2025-12-16 04:00:00+00:00,0.1290789246559143,0.12916898727416992,0.12907882034778595,0.1291561722755432,0
2025-12-16 04:15:00+00:00,0.12913236021995544,0.12913236021995544,0.1288217455148697,0.1288217455148697,709376
2025-12-16 04:30:00+00:00,0.12881363928318024,0.12881363928318024,0.1284179985523224,0.12842753529548645,5132416
2025-12-16 04:45:00+00:00,0.12841784954071045,0.12871861457824707,0.12824375927448273,0.12871861457824707,19216896
2025-12-16 05:00:00+00:00,0.1287522315979004,0.12886035442352295,0.1287522315979004,0.12878134846687317,2640256
2025-12-16 05:15:00+00:00,0.12878219783306122,0.12894485890865326,0.12877726554870605,0.12888143956661224,898560
2025-12-16 05:30:00+00:00,0.12887892127037048,0.12917211651802063,0.12887892127037048,0.12916983664035797,2992256
2025-12-16 05:45:00+00:00,0.12925581634044647,0.1292724460363388,0.12907160818576813,0.12909722328186035,1531136
2025-12-16 06:00:00+00:00,0.12909314036369324,0.12948985397815704,0.12904320657253265,0.12948985397815704,2139776
2025-12-16 06:15:00+00:00,0.1294896900653839,0.12977974116802216,0.12945209443569183,0.12977974116802216,3137664
2025-12-16 06:30:00+00:00,0.1297840029001236,0.12992282211780548,0.1297840029001236,0.1299045830965042,1627392
2025-12-16 06:45:00+00:00,0.1299082189798355,0.13005192577838898,0.12987661361694336,0.13002358376979828,93184
2025-12-16 07:00:00+00:00,0.13001877069473267,0.13001877069473267,0.12986038625240326,0.12986038625240326,2759424
2025-12-16 07:15:00+00:00,0.12986686825752258,0.12986686825752258,0.12916061282157898,0.12916061282157898,1652352
2025-12-16 07:30:00+00:00,0.12916168570518494,0.12916168570518494,0.12862040102481842,0.12862040102481842,1715968
2025-12-16 07:45:00+00:00,0.12853194773197174,0.12858504056930542,0.12852749228477478,0.12854944169521332,2311936
2025-12-16 08:00:00+00:00,0.12853950262069702,0.12890581786632538,0.1284836083650589,0.1288987100124359,150400
2025-12-16 08:15:00+00:00,0.1288953721523285,0.1288953721523285,0.1287139505147934,0.12871718406677246,1110656
2025-12-16 08:30:00+00:00,0.12876473367214203,0.12883369624614716,0.12870408594608307,0.12876670062541962,2384384
2025-12-16 08:45:00+00:00,0.12876681983470917,0.128899484872818,0.1287013292312622,0.12870590388774872,1716480
2025-12-16 09:00:00+00:00,0.12870891392230988,0.12878817319869995,0.1286933869123459,0.12878817319869995,412416
2025-12-16 09:15:00+00:00,0.12879182398319244,0.1289544701576233,0.12879182398319244,0.12883076071739197,1779072
2025-12-16 09:30:00+00:00,0.12883837521076202,0.12903635203838348,0.12883837521076202,0.12896615266799927,670336
2025-12-16 09:45:00+00:00,0.12897562980651855,0.12904120981693268,0.12887470424175262,0.12887470424175262,176000
2025-12-16 10:00:00+00:00,0.12887854874134064,0.12900204956531525,0.12887854874134064,0.12900204956531525,0
2025-12-16 10:15:00+00:00,0.1290830820798874,0.12931253015995026,0.1290830820798874,0.1292770802974701,1018496
2025-12-16 10:30:00+00:00,0.12924973666667938,0.13071700930595398,0.12924973666667938,0.13071700930595398,11814272
2025-12-16 10:45:00+00:00,0.1309855878353119,0.13109703361988068,0.1307777613401413,0.13095895946025848,18274304
2025-12-16 11:00:00+00:00,0.13088254630565643,0.13088254630565643,0.13079378008842468,0.13080312311649323,9457536
2025-12-16 11:15:00+00:00,0.13083724677562714,0.1316155344247818,0.13083724677562714,0.13154976069927216,11104640
2025-12-16 11:30:00+00:00,0.13153651356697083,0.13195735216140747,0.13153651356697083,0.1315719336271286,21492096
2025-12-16 11:45:00+00:00,0.1315576583147049,0.13165265321731567,0.13150115311145782,0.13163292407989502,2333568
2025-12-16 12:00:00+00:00,0.13163040578365326,0.13180311024188995,0.13163040578365326,0.1316865235567093,3313024
2025-12-16 12:15:00+00:00,0.13168343901634216,0.13176262378692627,0.131454735994339,0.131454735994339,2916224
2025-12-16 12:30:00+00:00,0.1314537227153778,0.1314537227153778,0.1311977207660675,0.13120460510253906,3273088
2025-12-16 12:45:00+00:00,0.13123205304145813,0.13141568005084991,0.13123205304145813,0.13141568005084991,4715904
2025-12-16 13:00:00+00:00,0.13139623403549194,0.13139623403549194,0.13123364746570587,0.1312521994113922,0
2025-12-16 13:15:00+00:00,0.1312667578458786,0.13149920105934143,0.1312667578458786,0.1314607560634613,2562816
2025-12-16 13:30:00+00:00,0.13150028884410858,0.131775364279747,0.13042882084846497,0.13082626461982727,60714880
2025-12-16 13:45:00+00:00,0.13069984316825867,0.13072583079338074,0.13043135404586792,0.13063986599445343,10877440
2025-12-16 14:00:00+00:00,0.13065248727798462,0.1306653767824173,0.12962739169597626,0.1306067258119583,29147648
2025-12-16 14:15:00+00:00,0.1305587738752365,0.13096320629119873,0.1305587738752365,0.1307349056005478,681344
2025-12-16 14:30:00+00:00,0.1310083121061325,0.13112963736057281,0.13085275888442993,0.13085275888442993,12467072
2025-12-16 14:45:00+00:00,0.13085150718688965,0.13156887888908386,0.13059186935424805,0.13113176822662354,3339264
2025-12-16 15:00:00+00:00,0.13114748895168304,0.13140937685966492,0.131126269698143,0.1313556283712387,0
2025-12-16 15:15:00+00:00,0.1313917338848114,0.1313917338848114,0.1309947520494461,0.13102877140045166,0
2025-12-16 15:30:00+00:00,0.1310601681470871,0.13140985369682312,0.1310601681470871,0.1314018964767456,0
2025-12-16 15:45:00+00:00,0.13142307102680206,0.13288676738739014,0.13142307102680206,0.13288676738739014,561664
2025-12-16 16:00:00+00:00,0.13280709087848663,0.13280709087848663,0.13213178515434265,0.13213178515434265,0
2025-12-16 16:15:00+00:00,0.13214051723480225,0.13236069679260254,0.13207879662513733,0.13236069679260254,0
2025-12-16 16:30:00+00:00,0.13232719898223877,0.13232719898223877,0.13149863481521606,0.13150325417518616,0
2025-12-16 16:45:00+00:00,0.13152265548706055,0.13181956112384796,0.13152265548706055,0.131663978099823,0
2025-12-16 17:00:00+00:00,0.13165760040283203,0.13205400109291077,0.13165046274662018,0.13204412162303925,0
2025-12-16 17:15:00+00:00,0.13210424780845642,0.13210628926753998,0.13170407712459564,0.13170407712459564,0
2025-12-16 17:30:00+00:00,0.13170009851455688,0.13170009851455688,0.13125981390476227,0.13125981390476227,0
2025-12-16 17:45:00+00:00,0.1312553584575653,0.1312553584575653,0.13111384212970734,0.13111384212970734,0
2025-12-16 18:00:00+00:00,0.13111329078674316,0.13167986273765564,0.13111329078674316,0.13165579736232758,414208
2025-12-16 18:15:00+00:00,0.1316613256931305,0.13171590864658356,0.13148321211338043,0.13153697550296783,0
2025-12-16 18:30:00+00:00,0.13154077529907227,0.13229435682296753,0.13154077529907227,0.13228628039360046,0
2025-12-16 18:45:00+00:00,0.13230502605438232,0.13277481496334076,0.13230502605438232,0.13260358572006226,1194624
2025-12-16 19:00:00+00:00,0.13257406651973724,0.13257406651973724,0.13166064023971558,0.13166064023971558,0
2025-12-16 19:15:00+00:00,0.13165678083896637,0.13165678083896637,0.13143451511859894,0.13155704736709595,0
2025-12-16 19:30:00+00:00,0.13156633079051971,0.13183435797691345,0.13156633079051971,0.13183435797691345,0
2025-12-16 19:45:00+00:00,0.13183008134365082,0.132250115275383,0.13183008134365082,0.13215893507003784,0
2025-12-16 20:00:00+00:00,0.13215689361095428,0.1322012096643448,0.13207213580608368,0.13207213580608368,0
2025-12-16 20:15:00+00:00,0.13207310438156128,0.13211257755756378,0.13190822303295135,0.13210834562778473,0
2025-12-16 20:30:00+00:00,0.13210782408714294,0.13223722577095032,0.13209635019302368,0.1322299838066101,0
2025-12-16 20:45:00+00:00,0.132224440574646,0.132224440574646,0.13205358386039734,0.13209764659404755,0
2025-12-16 21:00:00+00:00,0.13206827640533447,0.13206827640533447,0.1319226622581482,0.13199812173843384,0
2025-12-16 21:15:00+00:00,0.13197584450244904,0.13205885887145996,0.13189442455768585,0.13199284672737122,0
2025-12-16 21:30:00+00:00,0.13198761641979218,0.13222448527812958,0.13198761641979218,0.1322101503610611,0
2025-12-16 21:45:00+00:00,0.1322118043899536,0.132239431142807,0.132110133767128,0.13211165368556976,0
2025-12-16 22:00:00+00:00,0.1321105808019638,0.1321784257888794,0.1320294439792633,0.13203783333301544,0
2025-12-16 22:15:00+00:00,0.131963849067688,0.1319938600063324,0.1319362074136734,0.1319938600063324,0
2025-12-16 22:30:00+00:00,0.1320504993200302,0.13212139904499054,0.1320071816444397,0.13212139904499054,0
2025-12-16 22:45:00+00:00,0.13213273882865906,0.13213273882865906,0.13199271261692047,0.13199271261692047,0
2025-12-16 23:00:00+00:00,0.1319986879825592,0.1319986879825592,0.13165779411792755,0.13165779411792755,0
2025-12-16 23:15:00+00:00,0.13165615499019623,0.1317238062620163,0.13158279657363892,0.13158279657363892,0
2025-12-16 23:30:00+00:00,0.13159525394439697,0.13159525394439697,0.1315125972032547,0.13157537579536438,81984
2025-12-16 23:45:00+00:00,0.13158714771270752,0.1317300647497177,0.13154320418834686,0.1317300647497177,1032000
2025-12-17 00:00:00+00:00,0.13173550367355347,0.13173550367355347,0.13157738745212555,0.13157738745212555,0
2025-12-17 00:15:00+00:00,0.13159531354904175,0.13159531354904175,0.13127492368221283,0.13131411373615265,1100544
2025-12-17 00:30:00+00:00,0.13131079077720642,0.13131079077720642,0.13117820024490356,0.13124589622020721,100224
2025-12-17 00:45:00+00:00,0.13124695420265198,0.13144457340240479,0.13124695420265198,0.13144457340240479,0
2025-12-17 01:00:00+00:00,0.13144361972808838,0.1318371444940567,0.13144361972808838,0.1318371444940567,0
2025-12-17 01:15:00+00:00,0.1318313628435135,0.13212059438228607,0.13181138038635254,0.13199222087860107,113344
2025-12-17 01:30:00+00:00,0.13201460242271423,0.13203924894332886,0.13194850087165833,0.13194850087165833,523712
2025-12-17 01:45:00+00:00,0.13194173574447632,0.13194173574447632,0.1316307634115219,0.1316307634115219,0
2025-12-17 02:00:00+00:00,0.13163962960243225,0.1316971331834793,0.13147759437561035,0.13148024678230286,0
2025-12-17 02:15:00+00:00,0.13142816722393036,0.13142816722393036,0.13118188083171844,0.1312893033027649,0
2025-12-17 02:30:00+00:00,0.13132983446121216,0.13152451813220978,0.13132983446121216,0.13152451813220978,0
2025-12-17 02:45:00+00:00,0.1315392106771469,0.13186383247375488,0.1315392106771469,0.1318347305059433,69824
2025-12-17 03:00:00+00:00,0.13183772563934326,0.13190656900405884,0.13167279958724976,0.13167279958724976,0
2025-12-17 03:15:00+00:00,0.13167276978492737,0.13167276978492737,0.13147860765457153,0.13147860765457153,0
2025-12-17 03:30:00+00:00,0.13147936761379242,0.13147936761379242,0.1312517374753952,0.13126501441001892,0
2025-12-17 03:45:00+00:00,0.13126766681671143,0.13137421011924744,0.13122396171092987,0.13122396171092987,0
2025-12-17 04:00:00+00:00,0.13122516870498657,0.13123583793640137,0.13115406036376953,0.13115841150283813,0
2025-12-17 04:15:00+00:00,0.1311572641134262,0.1311572641134262,0.1307334452867508,0.1309821754693985,2512192
2025-12-17 04:30:00+00:00,0.13091330230236053,0.13096001744270325,0.13080118596553802,0.1309174746274948,0
2025-12-17 04:45:00+00:00,0.13090020418167114,0.13091319799423218,0.13084298372268677,0.13091319799423218,0
2025-12-17 05:00:00+00:00,0.13091342151165009,0.13092367351055145,0.13061989843845367,0.13079631328582764,317120
2025-12-17 05:15:00+00:00,0.13079290091991425,0.13081559538841248,0.13040220737457275,0.13040220737457275,2894016
2025-12-17 05:30:00+00:00,0.1304289698600769,0.1304289698600769,0.1302124261856079,0.13038510084152222,2646912
2025-12-17 05:45:00+00:00,0.13039064407348633,0.13096271455287933,0.13039064407348633,0.13095404207706451,3469312
2025-12-17 06:00:00+00:00,0.1309567540884018,0.1311512589454651,0.13094592094421387,0.13111823797225952,910016
2025-12-17 06:15:00+00:00,0.13112549483776093,0.13115733861923218,0.13107730448246002,0.13112178444862366,94592
2025-12-17 06:30:00+00:00,0.13112005591392517,0.131153866648674,0.1309972107410431,0.1310049146413803,1172928
2025-12-17 06:45:00+00:00,0.13099491596221924,0.13099491596221924,0.13086619973182678,0.13086619973182678,175232
2025-12-17 07:00:00+00:00,0.13086678087711334,0.1308797001838684,0.13074438273906708,0.13074438273906708,0
2025-12-17 07:15:00+00:00,0.1307293325662613,0.13074053823947906,0.13058936595916748,0.13074053823947906,0
2025-12-17 07:30:00+00:00,0.1307532638311386,0.13107851147651672,0.1307532638311386,0.13107290863990784,2202944
2025-12-17 07:45:00+00:00,0.13105706870555878,0.13106504082679749,0.13097883760929108,0.13097883760929108,204160
2025-12-17 08:00:00+00:00,0.13098007440567017,0.13098007440567017,0.13071134686470032,0.13073547184467316,0
2025-12-17 08:15:00+00:00,0.13073718547821045,0.13073718547821045,0.13050654530525208,0.13050654530525208,0
2025-12-17 08:30:00+00:00,0.13051524758338928,0.13051524758338928,0.130364790558815,0.130364790558815,713984
2025-12-17 08:45:00+00:00,0.1303648054599762,0.1303648054599762,0.13024041056632996,0.13024041056632996,686400
2025-12-17 09:00:00+00:00,0.13023652136325836,0.1302567571401596,0.1300477534532547,0.1300477534532547,1903232
2025-12-17 09:15:00+00:00,0.1300543248653412,0.1300620585680008,0.12975408136844635,0.12975408136844635,1606080
2025-12-17 09:30:00+00:00,0.12976205348968506,0.12976205348968506,0.1296510249376297,0.12970270216464996,8883520
2025-12-17 09:45:00+00:00,0.1297169178724289,0.12982551753520966,0.1296980082988739,0.1296980082988739,4640704
2025-12-17 10:00:00+00:00,0.12969499826431274,0.12969748675823212,0.12956339120864868,0.12969748675823212,2029568
2025-12-17 10:15:00+00:00,0.1297074556350708,0.12990505993366241,0.1297074556350708,0.12989890575408936,1104576
2025-12-17 10:30:00+00:00,0.12980732321739197,0.13005071878433228,0.12979303300380707,0.13004668056964874,812224
2025-12-17 10:45:00+00:00,0.13005083799362183,0.13006430864334106,0.1298380345106125,0.1298380345106125,0
2025-12-17 11:00:00+00:00,0.12983237206935883,0.13008731603622437,0.12977494299411774,0.13008731603622437,0
2025-12-17 11:15:00+00:00,0.1300869882106781,0.13021333515644073,0.1300869882106781,0.13020068407058716,0
2025-12-17 11:30:00+00:00,0.1301908791065216,0.1302754431962967,0.13015839457511902,0.13024668395519257,0
2025-12-17 11:45:00+00:00,0.13024407625198364,0.1302894800901413,0.13018617033958435,0.13025999069213867,0
2025-12-17 12:00:00+00:00,0.1302633285522461,0.1302633285522461,0.13005657494068146,0.13005876541137695,122880
2025-12-17 12:15:00+00:00,0.13005271553993225,0.13005271553993225,0.1298111528158188,0.12983788549900055,632000
2025-12-17 12:30:00+00:00,0.1298484057188034,0.129909947514534,0.12979836761951447,0.12989947199821472,1031872
2025-12-17 12:45:00+00:00,0.12987570464611053,0.13013561069965363,0.12975627183914185,0.13009819388389587,0
2025-12-17 13:00:00+00:00,0.13010169565677643,0.13023337721824646,0.13007788360118866,0.13012321293354034,1893120
2025-12-17 13:15:00+00:00,0.13013991713523865,0.13013991713523865,0.129651740193367,0.12979772686958313,5606016
2025-12-17 13:30:00+00:00,0.129794180393219,0.13002312183380127,0.12978240847587585,0.13002312183380127,0
2025-12-17 13:45:00+00:00,0.13029006123542786,0.13085898756980896,0.13029006123542786,0.13085898756980896,2117184
2025-12-17 14:00:00+00:00,0.13090993463993073,0.13119389116764069,0.13090993463993073,0.13099896907806396,0
2025-12-17 14:15:00+00:00,0.1310046911239624,0.13132043182849884,0.1310046911239624,0.13121916353702545,806272
2025-12-17 14:30:00+00:00,0.1312125027179718,0.1312125027179718,0.1307530701160431,0.130758136510849,0
2025-12-17 14:45:00+00:00,0.13074375689029694,0.1342182755470276,0.13005973398685455,0.13420921564102173,57853632
2025-12-17 15:00:00+00:00,0.13447223603725433,0.13562041521072388,0.13447223603725433,0.13541722297668457,77551744
2025-12-17 15:15:00+00:00,0.1355123072862625,0.13582132756710052,0.1348525732755661,0.1348525732755661,20292288
2025-12-17 15:30:00+00:00,0.1348305493593216,0.13486294448375702,0.13294295966625214,0.13294295966625214,26815040
2025-12-17 15:45:00+00:00,0.1329374462366104,0.1329374462366104,0.13025636970996857,0.13025636970996857,50211776
2025-12-17 16:00:00+00:00,0.1302335411310196,0.13033151626586914,0.12997575104236603,0.12997575104236603,15854656
2025-12-17 16:15:00+00:00,0.12980008125305176,0.12980008125305176,0.12695559859275818,0.1272054761648178,83506496
2025-12-17 16:30:00+00:00,0.12716060876846313,0.12716060876846313,0.1262931376695633,0.1263241171836853,38060928
2025-12-17 16:45:00+00:00,0.12641717493534088,0.1269252896308899,0.1264064610004425,0.1269252896308899,22861440
2025-12-17 17:00:00+00:00,0.12717890739440918,0.12722714245319366,0.12648507952690125,0.1268140971660614,18558976
2025-12-17 17:15:00+00:00,0.12680190801620483,0.12770608067512512,0.12679775059223175,0.12770608067512512,21253632
2025-12-17 17:30:00+00:00,0.12769336998462677,0.12773868441581726,0.12711815536022186,0.12711815536022186,6897024
2025-12-17 17:45:00+00:00,0.12706632912158966,0.12706632912158966,0.12658382952213287,0.1266009658575058,12960896
2025-12-17 18:00:00+00:00,0.12658919394016266,0.12719084322452545,0.12658919394016266,0.12711483240127563,2086784
2025-12-17 18:15:00+00:00,0.12710699439048767,0.12729178369045258,0.12695184350013733,0.12713001668453217,8286848
2025-12-17 18:30:00+00:00,0.12712718546390533,0.12712718546390533,0.12622828781604767,0.12622828781604767,4820736
2025-12-17 18:45:00+00:00,0.12583960592746735,0.1258511245250702,0.1256023496389389,0.1256023496389389,19248256
2025-12-17 19:00:00+00:00,0.1256328821182251,0.1256328821182251,0.12511950731277466,0.12513847649097443,19723904
2025-12-17 19:15:00+00:00,0.12519115209579468,0.1256491094827652,0.12519115209579468,0.1256127804517746,10855936
2025-12-17 19:30:00+00:00,0.12542842328548431,0.12561798095703125,0.12520505487918854,0.1255403757095337,11107200
2025-12-17 19:45:00+00:00,0.1255165934562683,0.1263095587491989,0.1255165934562683,0.1263095587491989,5029760
2025-12-17 20:00:00+00:00,0.1263170689344406,0.12637120485305786,0.1261255145072937,0.12612812221050262,5386240
2025-12-17 20:15:00+00:00,0.12610550224781036,0.12760132551193237,0.12610550224781036,0.12759502232074738,11970048
2025-12-17 20:30:00+00:00,0.1276073008775711,0.1276073008775711,0.12704037129878998,0.12717564404010773,5905408
2025-12-17 20:45:00+00:00,0.12719936668872833,0.1273476630449295,0.12681692838668823,0.12681692838668823,3763456
2025-12-17 21:00:00+00:00,0.1267988383769989,0.126829132437706,0.1266811043024063,0.1266811043024063,2669696
2025-12-17 21:15:00+00:00,0.1266774833202362,0.1266774833202362,0.12625761330127716,0.12626075744628906,3362432
2025-12-17 21:30:00+00:00,0.12625740468502045,0.12625740468502045,0.12592506408691406,0.12592506408691406,4943488
2025-12-17 21:45:00+00:00,0.12595044076442719,0.125982403755188,0.1258510798215866,0.12590999901294708,4433920
2025-12-17 22:00:00+00:00,0.12589456140995026,0.12589456140995026,0.12554681301116943,0.1256769597530365,5362688
2025-12-17 22:15:00+00:00,0.12566204369068146,0.12622345983982086,0.12566204369068146,0.12622345983982086,8144128
2025-12-17 22:30:00+00:00,0.12619902193546295,0.12637808918952942,0.12619902193546295,0.12629812955856323,6793472
2025-12-17 22:45:00+00:00,0.12631143629550934,0.12670770287513733,0.12624591588974,0.12670770287513733,4361728
2025-12-17 23:00:00+00:00,0.12669433653354645,0.12669433653354645,0.12609510123729706,0.12616828083992004,1164288
2025-12-17 23:15:00+00:00,0.12615114450454712,0.12615114450454712,0.12587115168571472,0.12587115168571472,7258752
2025-12-17 23:30:00+00:00,0.12590591609477997,0.12613403797149658,0.12590591609477997,0.12613403797149658,2245504
2025-12-17 23:45:00+00:00,0.12612923979759216,0.126183420419693,0.12612923979759216,0.12615741789340973,2060416
2025-12-18 00:00:00+00:00,0.12618368864059448,0.12624353170394897,0.12608490884304047,0.12611185014247894,1131264
2025-12-18 00:15:00+00:00,0.1261204034090042,0.12627927958965302,0.1261204034090042,0.12627927958965302,323840
2025-12-18 00:30:00+00:00,0.1263016313314438,0.12643495202064514,0.1263016313314438,0.12631107866764069,308736
2025-12-18 00:45:00+00:00,0.12628161907196045,0.1263996809720993,0.12626954913139343,0.1263558268547058,2077440
2025-12-18 01:00:00+00:00,0.12636105716228485,0.12636105716228485,0.12550976872444153,0.12550976872444153,2924416
2025-12-18 01:15:00+00:00,0.1255510151386261,0.12574446201324463,0.1255510151386261,0.1255960911512375,12261632
2025-12-18 01:30:00+00:00,0.12559272348880768,0.12559272348880768,0.12547066807746887,0.12553134560585022,4198016
2025-12-18 01:45:00+00:00,0.12557536363601685,0.12560763955116272,0.12539368867874146,0.12545691430568695,5881856
2025-12-18 02:00:00+00:00,0.12545789778232574,0.12593939900398254,0.12538917362689972,0.12593939900398254,4590720
2025-12-18 02:15:00+00:00,0.12593364715576172,0.1264982372522354,0.12593364715576172,0.12598106265068054,10902656
2025-12-18 02:30:00+00:00,0.1259947121143341,0.1264086216688156,0.1259947121143341,0.12636436522006989,7051648
2025-12-18 02:45:00+00:00,0.1263725608587265,0.126448392868042,0.1262650340795517,0.12626774609088898,2269184
2025-12-18 03:00:00+00:00,0.12623178958892822,0.12623178958892822,0.1260707676410675,0.1260707676410675,682240
2025-12-18 03:15:00+00:00,0.1260707676410675,0.1260707676410675,0.12561659514904022,0.12561659514904022,2987392
2025-12-18 03:30:00+00:00,0.12552683055400848,0.12555062770843506,0.12540064752101898,0.12555062770843506,5670272
2025-12-18 03:45:00+00:00,0.12553425133228302,0.12553425133228302,0.12539012730121613,0.12539641559123993,1797504
2025-12-18 04:00:00+00:00,0.12537771463394165,0.12564441561698914,0.12537771463394165,0.12557636201381683,6513536
2025-12-18 04:15:00+00:00,0.12557820975780487,0.1256686896085739,0.12555672228336334,0.1256686896085739,0
2025-12-18 04:30:00+00:00,0.12568768858909607,0.12575599551200867,0.1255461424589157,0.1255461424589157,388736
2025-12-18 04:45:00+00:00,0.12554015219211578,0.12554015219211578,0.1254235953092575,0.1254379153251648,745728
2025-12-18 05:00:00+00:00,0.12543612718582153,0.12543612718582153,0.12480781227350235,0.12480781227350235,7200128
2025-12-18 05:15:00+00:00,0.12477755546569824,0.12477755546569824,0.12431944906711578,0.12432155013084412,12796928
2025-12-18 05:30:00+00:00,0.12424109131097794,0.12456360459327698,0.12412005662918091,0.12454628944396973,8807168
2025-12-18 05:45:00+00:00,0.12453608214855194,0.12459610402584076,0.12419312447309494,0.12419693171977997,472064
2025-12-18 06:00:00+00:00,0.1242062970995903,0.12467049062252045,0.1242062970995903,0.12467049062252045,8379648
2025-12-18 06:15:00+00:00,0.12473901361227036,0.12477544695138931,0.12472466379404068,0.12472759932279587,1469184
2025-12-18 06:30:00+00:00,0.12472360581159592,0.12491565942764282,0.12472360581159592,0.12491565942764282,780032
2025-12-18 06:45:00+00:00,0.12482772767543793,0.12482772767543793,0.12452629208564758,0.12461137771606445,11543040
2025-12-18 07:00:00+00:00,0.12459588795900345,0.1247798502445221,0.12456829845905304,0.1247735545039177,15335808
2025-12-18 07:15:00+00:00,0.1248955950140953,0.1249682679772377,0.1248955950140953,0.12490259110927582,2000000
2025-12-18 07:30:00+00:00,0.12490801513195038,0.12491722404956818,0.12462623417377472,0.12462623417377472,240768
2025-12-18 07:45:00+00:00,0.12461993098258972,0.12472275644540787,0.12453382462263107,0.12472275644540787,5781888
2025-12-18 08:00:00+00:00,0.12472859025001526,0.12504810094833374,0.12472859025001526,0.12495378404855728,4914048
2025-12-18 08:15:00+00:00,0.12502974271774292,0.1253766119480133,0.12501260638237,0.1253766119480133,16089472
2025-12-18 08:30:00+00:00,0.12539142370224,0.12544237077236176,0.1253282129764557,0.12543469667434692,8098560
2025-12-18 08:45:00+00:00,0.12541036307811737,0.12541036307811737,0.12511463463306427,0.12511463463306427,2506112
2025-12-18 09:00:00+00:00,0.12512627243995667,0.12512627243995667,0.12495654821395874,0.12495654821395874,125568
2025-12-18 09:15:00+00:00,0.12493293732404709,0.125230073928833,0.12493052333593369,0.1251043677330017,469632
2025-12-18 09:30:00+00:00,0.12518459558486938,0.1253514587879181,0.12518459558486938,0.1253514587879181,2855424
2025-12-18 09:45:00+00:00,0.12538489699363708,0.1258087307214737,0.12538489699363708,0.12580351531505585,4948608
2025-12-18 10:00:00+00:00,0.12580600380897522,0.12601082026958466,0.12579870223999023,0.1259937882423401,5477504
2025-12-18 10:15:00+00:00,0.1259848028421402,0.1260319948196411,0.12590381503105164,0.12602248787879944,1466752
2025-12-18 10:30:00+00:00,0.12603187561035156,0.12627048790454865,0.12603187561035156,0.1261717826128006,5624192
2025-12-18 10:45:00+00:00,0.12620070576667786,0.1263052374124527,0.12618492543697357,0.12619705498218536,3042560
2025-12-18 11:00:00+00:00,0.12620356678962708,0.12624919414520264,0.12596340477466583,0.12596340477466583,6385024
2025-12-18 11:15:00+00:00,0.12594179809093475,0.12594179809093475,0.1258050799369812,0.12581372261047363,2706944
2025-12-18 11:30:00+00:00,0.12581025063991547,0.12590350210666656,0.12581025063991547,0.12583661079406738,1390592
2025-12-18 11:45:00+00:00,0.12583817541599274,0.12604862451553345,0.12583817541599274,0.12604248523712158,2170496
2025-12-18 12:00:00+00:00,0.12604568898677826,0.12607963383197784,0.1260051280260086,0.1260051280260086,0
2025-12-18 12:15:00+00:00,0.12601539492607117,0.12601539492607117,0.12584233283996582,0.12584233283996582,145024
2025-12-18 12:30:00+00:00,0.12583646178245544,0.12655986845493317,0.12583646178245544,0.12655027210712433,9607040
2025-12-18 12:45:00+00:00,0.12655146420001984,0.1265837848186493,0.12625594437122345,0.12625864148139954,2221696
2025-12-18 13:00:00+00:00,0.12629899382591248,0.12747150659561157,0.12629899382591248,0.12747150659561157,10989952
2025-12-18 13:15:00+00:00,0.12745891511440277,0.12784413993358612,0.12739910185337067,0.12739910185337067,9776640
2025-12-18 13:30:00+00:00,0.12739866971969604,0.12858796119689941,0.12739866971969604,0.12858796119689941,72835200
2025-12-18 13:45:00+00:00,0.12906666100025177,0.12942494451999664,0.12906666100025177,0.1292942613363266,46154496
2025-12-18 14:00:00+00:00,0.12937812507152557,0.12995794415473938,0.12885010242462158,0.12889373302459717,22909824
2025-12-18 14:15:00+00:00,0.12887534499168396,0.12942427396774292,0.12829601764678955,0.12942427396774292,19352448
2025-12-18 14:30:00+00:00,0.12942518293857574,0.12957845628261566,0.1284259855747223,0.1284259855747223,24334336
2025-12-18 14:45:00+00:00,0.12835657596588135,0.12857434153556824,0.12821614742279053,0.12857010960578918,253696
2025-12-18 15:00:00+00:00,0.12856511771678925,0.12885096669197083,0.12839001417160034,0.12839001417160034,0
2025-12-18 15:15:00+00:00,0.1283903270959854,0.12919187545776367,0.128225177526474,0.12919187545776367,0
2025-12-18 15:30:00+00:00,0.12961773574352264,0.13041819632053375,0.12953293323516846,0.13041819632053375,2861312
2025-12-18 15:45:00+00:00,0.13024361431598663,0.13024361431598663,0.12955796718597412,0.12955796718597412,0
2025-12-18 16:00:00+00:00,0.1295519322156906,0.1295519322156906,0.1293528825044632,0.12952092289924622,0
2025-12-18 16:15:00+00:00,0.12951159477233887,0.12951159477233887,0.12873946130275726,0.12873946130275726,0
2025-12-18 16:30:00+00:00,0.12875525653362274,0.12891444563865662,0.12864233553409576,0.12891444563865662,0
2025-12-18 16:45:00+00:00,0.12891535460948944,0.1289963275194168,0.12860246002674103,0.12860246002674103,0
2025-12-18 17:00:00+00:00,0.12858892977237701,0.1285962164402008,0.12574981153011322,0.12574981153011322,19432960
2025-12-18 17:15:00+00:00,0.12572114169597626,0.12572114169597626,0.12222449481487274,0.12237444519996643,116290560
2025-12-18 17:30:00+00:00,0.12252496927976608,0.12354248017072678,0.12252496927976608,0.12351172417402267,40286848
2025-12-18 17:45:00+00:00,0.12357572466135025,0.12364032864570618,0.12330746650695801,0.12336119264364243,10105984
2025-12-18 18:00:00+00:00,0.12341198325157166,0.12432080507278442,0.12341198325157166,0.12432080507278442,10083456
2025-12-18 18:15:00+00:00,0.12434977293014526,0.1246519610285759,0.12417503446340561,0.12417503446340561,6344064
2025-12-18 18:30:00+00:00,0.1241614818572998,0.12452927231788635,0.12409857660531998,0.12450025975704193,7705344
2025-12-18 18:45:00+00:00,0.12447242438793182,0.12447242438793182,0.12292718887329102,0.1231117695569992,3383680
2025-12-18 19:00:00+00:00,0.12311263382434845,0.12311263382434845,0.12273658812046051,0.12292555719614029,1677696
2025-12-18 19:15:00+00:00,0.12288284301757812,0.12288284301757812,0.12240573018789291,0.12252684682607651,10476672
2025-12-18 19:30:00+00:00,0.12260516732931137,0.12260516732931137,0.12121817469596863,0.12121817469596863,18647168
2025-12-18 19:45:00+00:00,0.12114563584327698,0.12114563584327698,0.12024248391389847,0.12024248391389847,51027968
2025-12-18 20:00:00+00:00,0.12024631351232529,0.1214296892285347,0.12024631351232529,0.1214296892285347,17362944
2025-12-18 20:15:00+00:00,0.1214175671339035,0.12147167325019836,0.1213463842868805,0.1213463842868805,5377536
2025-12-18 20:30:00+00:00,0.12121406942605972,0.12121406942605972,0.12107282131910324,0.12111981213092804,4238336
2025-12-18 20:45:00+00:00,0.12112347036600113,0.12121701240539551,0.12090429663658142,0.12090429663658142,7687680
2025-12-18 21:00:00+00:00,0.12121514976024628,0.12184854596853256,0.12121514976024628,0.12184854596853256,25214336
2025-12-18 21:15:00+00:00,0.12185633182525635,0.122087262570858,0.12185633182525635,0.122087262570858,12241792
2025-12-18 21:30:00+00:00,0.12238120287656784,0.12268725037574768,0.12238016724586487,0.12238016724586487,16482048
2025-12-18 21:45:00+00:00,0.1223839595913887,0.12293112277984619,0.1223839595913887,0.12293112277984619,4751872
2025-12-18 22:00:00+00:00,0.12294389307498932,0.12349656224250793,0.12294389307498932,0.12349656224250793,2700288
2025-12-18 22:15:00+00:00,0.12346462160348892,0.12346462160348892,0.12316581606864929,0.12317083775997162,0
2025-12-18 22:30:00+00:00,0.12319302558898926,0.12324343621730804,0.12309478223323822,0.12312785536050797,2860800
2025-12-18 22:45:00+00:00,0.12312641739845276,0.12312641739845276,0.12299548834562302,0.12301766872406006,2089728
2025-12-18 23:00:00+00:00,0.12296658754348755,0.12296921759843826,0.12260044366121292,0.12264745682477951,1689216
2025-12-18 23:15:00+00:00,0.12265036255121231,0.12265036255121231,0.12231197208166122,0.12231836467981339,0
2025-12-18 23:30:00+00:00,0.12232574820518494,0.12243367731571198,0.12211816757917404,0.12211816757917404,1561472
2025-12-18 23:45:00+00:00,0.12201585620641708,0.12204313278198242,0.12198346108198166,0.12204313278198242,11368064
2025-12-19 00:00:00+00:00,0.12203892320394516,0.12223567813634872,0.12195620685815811,0.12221398949623108,11004928
2025-12-19 00:15:00+00:00,0.12219573557376862,0.1222209483385086,0.12200021743774414,0.12201692909002304,4401024
2025-12-19 00:30:00+00:00,0.12198872119188309,0.12198872119188309,0.12166673690080643,0.12171019613742828,10832512
2025-12-19 00:45:00+00:00,0.12168952822685242,0.12214148044586182,0.12168858200311661,0.12214148044586182,3962368
2025-12-19 01:00:00+00:00,0.12214142829179764,0.12214142829179764,0.12160374224185944,0.12168072164058685,1979648
2025-12-19 01:15:00+00:00,0.12162712216377258,0.12175248563289642,0.12141739577054977,0.12141739577054977,212608
2025-12-19 01:30:00+00:00,0.12138567864894867,0.12138567864894867,0.1210513561964035,0.12105870991945267,0
2025-12-19 01:45:00+00:00,0.12102632224559784,0.12114493548870087,0.12088044732809067,0.12113092094659805,3513728
2025-12-19 02:00:00+00:00,0.12112151086330414,0.12112151086330414,0.12078491598367691,0.12084803730249405,7658880
2025-12-19 02:15:00+00:00,0.12076716870069504,0.12121710926294327,0.12075551599264145,0.12121710926294327,0
2025-12-19 02:30:00+00:00,0.12143661826848984,0.12147028744220734,0.1212293803691864,0.12135684490203857,6014336
2025-12-19 02:45:00+00:00,0.12134692072868347,0.1217256560921669,0.12134692072868347,0.12164526432752609,6875904
2025-12-19 03:00:00+00:00,0.12159574031829834,0.12302584946155548,0.12159574031829834,0.12302584946155548,21118464
2025-12-19 03:15:00+00:00,0.12301723659038544,0.12467963248491287,0.12289794534444809,0.12467963248491287,33737216
2025-12-19 03:30:00+00:00,0.125589519739151,0.12592481076717377,0.12504363059997559,0.1254812777042389,45719552
2025-12-19 03:45:00+00:00,0.12545152008533478,0.12572841346263885,0.12521439790725708,0.12521439790725708,29568128
2025-12-19 04:00:00+00:00,0.12525710463523865,0.12596464157104492,0.12525710463523865,0.12596464157104492,25004544
2025-12-19 04:15:00+00:00,0.1260366141796112,0.12620334327220917,0.12585294246673584,0.12585294246673584,16834048
2025-12-19 04:30:00+00:00,0.12581606209278107,0.1259799748659134,0.12576870620250702,0.12583696842193604,6663680
2025-12-19 04:45:00+00:00,0.12584424018859863,0.12607160210609436,0.12584424018859863,0.12606669962406158,5503488
2025-12-19 05:00:00+00:00,0.12605789303779602,0.12605789303779602,0.12554427981376648,0.12554427981376648,219264
2025-12-19 05:15:00+00:00,0.1255934089422226,0.12567169964313507,0.1255107969045639,0.12552262842655182,0
2025-12-19 05:30:00+00:00,0.12552078068256378,0.12565642595291138,0.1254190057516098,0.12560734152793884,0
2025-12-19 05:45:00+00:00,0.12558160722255707,0.12569719552993774,0.1254761666059494,0.12561972439289093,3272064
2025-12-19 06:00:00+00:00,0.12561312317848206,0.12572555243968964,0.12558405101299286,0.12558405101299286,0
2025-12-19 06:15:00+00:00,0.12558613717556,0.12558613717556,0.12544457614421844,0.12555274367332458,251904
2025-12-19 06:30:00+00:00,0.12555672228336334,0.12573377788066864,0.12555672228336334,0.12570160627365112,2202624
2025-12-19 06:45:00+00:00,0.12571145594120026,0.1262647807598114,0.12571145594120026,0.1262647807598114,8071936
2025-12-19 07:00:00+00:00,0.1262710988521576,0.12842343747615814,0.1262710988521576,0.12838558852672577,24172544
2025-12-19 07:15:00+00:00,0.12831924855709076,0.12831924855709076,0.12757651507854462,0.12765876948833466,15712384
2025-12-19 07:30:00+00:00,0.12765991687774658,0.1276892125606537,0.1275109201669693,0.12767356634140015,4924416
2025-12-19 07:45:00+00:00,0.12767083942890167,0.12778125703334808,0.12767083942890167,0.12778125703334808,3331328
2025-12-19 08:00:00+00:00,0.12783680856227875,0.12811221182346344,0.12783680856227875,0.1280524730682373,4824448
2025-12-19 08:15:00+00:00,0.12803389132022858,0.1281011700630188,0.1278703808784485,0.1278703808784485,2946560
2025-12-19 08:30:00+00:00,0.12788698077201843,0.12820632755756378,0.12776456773281097,0.12820115685462952,151680
2025-12-19 08:45:00+00:00,0.12820090353488922,0.12836608290672302,0.12820090353488922,0.12822917103767395,1148032
2025-12-19 09:00:00+00:00,0.1282057911157608,0.1282057911157608,0.1280214935541153,0.12807311117649078,160768
2025-12-19 09:15:00+00:00,0.12806561589241028,0.12812823057174683,0.12800325453281403,0.12812823057174683,0
2025-12-19 09:30:00+00:00,0.12812119722366333,0.12812119722366333,0.12779633700847626,0.12784121930599213,3831808
2025-12-19 09:45:00+00:00,0.12784913182258606,0.12790806591510773,0.12782332301139832,0.12786179780960083,0
2025-12-19 10:00:00+00:00,0.1278686225414276,0.128053680062294,0.1278686225414276,0.12800930440425873,0
2025-12-19 10:15:00+00:00,0.1280292272567749,0.1281767636537552,0.1280292272567749,0.12812680006027222,482048
2025-12-19 10:30:00+00:00,0.1281159669160843,0.12812116742134094,0.1280728280544281,0.12810319662094116,0
2025-12-19 10:45:00+00:00,0.12811008095741272,0.12817703187465668,0.1280965358018875,0.12811534106731415,4110976
2025-12-19 11:00:00+00:00,0.1281072348356247,0.12815843522548676,0.12807780504226685,0.12815769016742706,358912
2025-12-19 11:15:00+00:00,0.12822355329990387,0.12838102877140045,0.12820373475551605,0.12823420763015747,1933952
2025-12-19 11:30:00+00:00,0.12823371589183807,0.12825852632522583,0.1281323879957199,0.12813928723335266,2229248
2025-12-19 11:45:00+00:00,0.12818701565265656,0.12818790972232819,0.12812763452529907,0.12815748155117035,1161984
2025-12-19 12:00:00+00:00,0.1281806230545044,0.12829051911830902,0.12798337638378143,0.12828181684017181,3121536
2025-12-19 12:15:00+00:00,0.12830442190170288,0.1286645084619522,0.12830442190170288,0.12865124642848969,6205440
2025-12-19 12:30:00+00:00,0.12863628566265106,0.12863628566265106,0.1284840852022171,0.12863615155220032,0
2025-12-19 12:45:00+00:00,0.1286344677209854,0.12869364023208618,0.12850630283355713,0.12851417064666748,44032
2025-12-19 13:00:00+00:00,0.12852875888347626,0.12874309718608856,0.12852875888347626,0.12874309718608856,0
2025-12-19 13:15:00+00:00,0.12877175211906433,0.12892040610313416,0.12870989739894867,0.1287807673215866,0
2025-12-19 13:30:00+00:00,0.12878075242042542,0.12878075242042542,0.1283280849456787,0.12845981121063232,0
2025-12-19 13:45:00+00:00,0.12846380472183228,0.12855952978134155,0.1284555047750473,0.1284555047750473,0
2025-12-19 14:00:00+00:00,0.1284521222114563,0.1288232058286667,0.1284521222114563,0.1288232058286667,0
2025-12-19 14:15:00+00:00,0.12887758016586304,0.12890271842479706,0.1282411515712738,0.12825246155261993,1145216
2025-12-19 14:30:00+00:00,0.12823253870010376,0.12832887470722198,0.12809889018535614,0.1281881481409073,669440
2025-12-19 14:45:00+00:00,0.12858299911022186,0.129904642701149,0.12858299911022186,0.12932388484477997,29512704
2025-12-19 15:00:00+00:00,0.12936338782310486,0.1297396868467331,0.12930230796337128,0.1297396868467331,0
2025-12-19 15:15:00+00:00,0.12976303696632385,0.1316537708044052,0.12976303696632385,0.12999044358730316,52702208
2025-12-19 15:30:00+00:00,0.12999652326107025,0.13002903759479523,0.12967628240585327,0.12967628240585327,2361856
2025-12-19 15:45:00+00:00,0.12969402968883514,0.12969402968883514,0.1294817328453064,0.1295148879289627,2887808
2025-12-19 16:00:00+00:00,0.12952686846256256,0.13184784352779388,0.12952686846256256,0.13168181478977203,27424000
2025-12-19 16:15:00+00:00,0.13177785277366638,0.1318061500787735,0.13123705983161926,0.13124439120292664,8863616
2025-12-19 16:30:00+00:00,0.1312503218650818,0.13207592070102692,0.1312503218650818,0.13161444664001465,19509632
2025-12-19 16:45:00+00:00,0.13161978125572205,0.13161978125572205,0.13101938366889954,0.13101938366889954,7263104
2025-12-19 17:00:00+00:00,0.13100627064704895,0.13164322078227997,0.1309911608695984,0.13162121176719666,0
2025-12-19 17:15:00+00:00,0.13157065212726593,0.13195918500423431,0.13157065212726593,0.13188493251800537,0
2025-12-19 17:30:00+00:00,0.1317870318889618,0.1317870318889618,0.13047347962856293,0.13050125539302826,1709440
2025-12-19 17:45:00+00:00,0.13045838475227356,0.13068288564682007,0.13031062483787537,0.13037392497062683,113536
2025-12-19 18:00:00+00:00,0.13022173941135406,0.13027970492839813,0.12994271516799927,0.13027970492839813,199552
2025-12-19 18:15:00+00:00,0.1304413080215454,0.13111793994903564,0.1304413080215454,0.13108474016189575,1842432
2025-12-19 18:30:00+00:00,0.13108907639980316,0.13108907639980316,0.13067121803760529,0.13067121803760529,0
2025-12-19 18:45:00+00:00,0.13070277869701385,0.13126163184642792,0.13070277869701385,0.13126163184642792,0
2025-12-19 19:00:00+00:00,0.1312340945005417,0.13140897452831268,0.1312340945005417,0.1313079297542572,0
2025-12-19 19:15:00+00:00,0.13149987161159515,0.1321702003479004,0.13146410882472992,0.13215310871601105,156672
2025-12-19 19:30:00+00:00,0.13215483725070953,0.13304585218429565,0.13214482367038727,0.1329142153263092,3871488
2025-12-19 19:45:00+00:00,0.132921501994133,0.13304521143436432,0.1328689008951187,0.1328689008951187,0
2025-12-19 20:00:00+00:00,0.1328631192445755,0.13291482627391815,0.13278678059577942,0.1327887326478958,0
2025-12-19 20:15:00+00:00,0.13279308378696442,0.13308311998844147,0.13279308378696442,0.13302361965179443,920960
2025-12-19 20:30:00+00:00,0.13302917778491974,0.13302917778491974,0.13283592462539673,0.1328437775373459,0
2025-12-19 20:45:00+00:00,0.13282454013824463,0.1330387145280838,0.13271935284137726,0.13271935284137726,1500672
2025-12-19 21:00:00+00:00,0.13288359344005585,0.1328878104686737,0.1326979547739029,0.13270258903503418,0
2025-12-19 21:15:00+00:00,0.1326788067817688,0.1326788067817688,0.13232742249965668,0.13232742249965668,0
2025-12-19 21:30:00+00:00,0.13231396675109863,0.13234765827655792,0.13219502568244934,0.13219502568244934,0
2025-12-19 21:45:00+00:00,0.13218531012535095,0.13218531012535095,0.13183678686618805,0.13183678686618805,321408
2025-12-19 22:00:00+00:00,0.13184356689453125,0.13244746625423431,0.13184356689453125,0.1323629468679428,530432
2025-12-19 22:15:00+00:00,0.13234463334083557,0.13247254490852356,0.13224832713603973,0.13247254490852356,2110720
2025-12-19 22:30:00+00:00,0.13249245285987854,0.13274919986724854,0.1324923038482666,0.13273876905441284,0
2025-12-19 22:45:00+00:00,0.13274206221103668,0.13275454938411713,0.13250306248664856,0.13250306248664856,0
2025-12-19 23:00:00+00:00,0.13249211013317108,0.13249211013317108,0.1323821246623993,0.13240787386894226,1884928
2025-12-19 23:15:00+00:00,0.13239607214927673,0.13242731988430023,0.1323220133781433,0.13238826394081116,0
2025-12-19 23:30:00+00:00,0.1323479861021042,0.1323479861021042,0.13215982913970947,0.1323440670967102,2625152
2025-12-19 23:45:00+00:00,0.13236209750175476,0.1323825716972351,0.1322176456451416,0.1322176456451416,0
2025-12-20 00:00:00+00:00,0.13221371173858643,0.13221371173858643,0.13189804553985596,0.13201935589313507,0
2025-12-20 00:15:00+00:00,0.1320168375968933,0.1320168375968933,0.13170009851455688,0.13170009851455688,23994496
2025-12-20 00:30:00+00:00,0.13170967996120453,0.13170967996120453,0.13146154582500458,0.1314822882413864,0
2025-12-20 00:45:00+00:00,0.1314108818769455,0.13141486048698425,0.13104598224163055,0.13104598224163055,3800192
2025-12-20 01:00:00+00:00,0.13105303049087524,0.13105550408363342,0.13100095093250275,0.1310507208108902,0
2025-12-20 01:15:00+00:00,0.13105101883411407,0.13105280697345734,0.13092391192913055,0.13102322816848755,1052800
2025-12-20 01:30:00+00:00,0.1310090273618698,0.1310090273618698,0.13090036809444427,0.13090819120407104,0
2025-12-20 01:45:00+00:00,0.1309080570936203,0.1310335099697113,0.1309080570936203,0.13096456229686737,0
2025-12-20 02:00:00+00:00,0.1309637576341629,0.13096991181373596,0.13077719509601593,0.13079558312892914,0
2025-12-20 02:15:00+00:00,0.13077862560749054,0.13093696534633636,0.13077862560749054,0.13085517287254333,0
2025-12-20 02:30:00+00:00,0.1308567225933075,0.1309756338596344,0.13084587454795837,0.1309756338596344,0
2025-12-20 02:45:00+00:00,0.13115094602108002,0.13115812838077545,0.13108180463314056,0.13108180463314056,202368
2025-12-20 03:00:00+00:00,0.13107949495315552,0.1310945451259613,0.1309977024793625,0.1309977024793625,0
2025-12-20 03:15:00+00:00,0.13098807632923126,0.13111664354801178,0.13093778491020203,0.13111664354801178,0
2025-12-20 03:30:00+00:00,0.13112035393714905,0.13167275488376617,0.13112035393714905,0.13167275488376617,0
2025-12-20 03:45:00+00:00,0.13168899714946747,0.13168899714946747,0.13153257966041565,0.13153257966041565,0
2025-12-20 04:00:00+00:00,0.13148127496242523,0.13148127496242523,0.13105157017707825,0.13105157017707825,0
2025-12-20 04:15:00+00:00,0.1310422122478485,0.1310422122478485,0.13097035884857178,0.131024569272995,0
2025-12-20 04:30:00+00:00,0.13102972507476807,0.1310749053955078,0.13099397718906403,0.13101975619792938,0
2025-12-20 04:45:00+00:00,0.13102422654628754,0.13104648888111115,0.13077720999717712,0.13077720999717712,0
2025-12-20 05:00:00+00:00,0.13080397248268127,0.1309918612241745,0.13078992068767548,0.1309918612241745,0
2025-12-20 05:15:00+00:00,0.13100828230381012,0.13121354579925537,0.13100828230381012,0.13109274208545685,0
2025-12-20 05:30:00+00:00,0.13110622763633728,0.13136063516139984,0.13110622763633728,0.1313372552394867,0
2025-12-20 05:45:00+00:00,0.13126789033412933,0.1312858760356903,0.13112413883209229,0.13112413883209229,0
2025-12-20 06:00:00+00:00,0.13112111389636993,0.13115602731704712,0.13105852901935577,0.13115602731704712,0
2025-12-20 06:15:00+00:00,0.13115285336971283,0.13121367990970612,0.13111823797225952,0.13121367990970612,0
2025-12-20 06:30:00+00:00,0.13121366500854492,0.13121366500854492,0.13115788996219635,0.1311783343553543,0
2025-12-20 06:45:00+00:00,0.13120384514331818,0.1312592327594757,0.1311296820640564,0.131140798330307,0
2025-12-20 07:00:00+00:00,0.13113877177238464,0.13118165731430054,0.13104267418384552,0.13104812800884247,0
2025-12-20 07:15:00+00:00,0.13104723393917084,0.13106951117515564,0.13095074892044067,0.13106951117515564,0
2025-12-20 07:30:00+00:00,0.13120222091674805,0.1314668357372284,0.13120222091674805,0.1314668357372284,91648
2025-12-20 07:45:00+00:00,0.13142113387584686,0.13148528337478638,0.13142113387584686,0.13148057460784912,0
2025-12-20 08:00:00+00:00,0.1314847767353058,0.1316320300102234,0.1314847767353058,0.13162414729595184,0
2025-12-20 08:15:00+00:00,0.1316206455230713,0.1323261559009552,0.1316165179014206,0.1323261559009552,3164032
2025-12-20 08:30:00+00:00,0.13241785764694214,0.1324443370103836,0.13230833411216736,0.13230833411216736,1580928
2025-12-20 08:45:00+00:00,0.1322300136089325,0.1322300136089325,0.13188578188419342,0.13188578188419342,287104
2025-12-20 09:00:00+00:00,0.13188134133815765,0.13201147317886353,0.13188134133815765,0.13199779391288757,0
2025-12-20 09:15:00+00:00,0.13200175762176514,0.13211417198181152,0.13200175762176514,0.1320795863866806,0
2025-12-20 09:30:00+00:00,0.1320774108171463,0.13236473500728607,0.1320774108171463,0.13236026465892792,0
2025-12-20 09:45:00+00:00,0.13234496116638184,0.13236460089683533,0.13228751718997955,0.13228751718997955,728960
2025-12-20 10:00:00+00:00,0.1322544813156128,0.13226717710494995,0.13219933211803436,0.13219933211803436,0
2025-12-20 10:15:00+00:00,0.13219574093818665,0.13219574093818665,0.13195520639419556,0.1319703757762909,1996288
2025-12-20 10:30:00+00:00,0.1319313645362854,0.1319313645362854,0.1316436231136322,0.1316436231136322,1676288
2025-12-20 10:45:00+00:00,0.13165614008903503,0.131695955991745,0.1316400021314621,0.13164028525352478,0
2025-12-20 11:00:00+00:00,0.13164649903774261,0.13165579736232758,0.13156604766845703,0.1316138207912445,116864
2025-12-20 11:15:00+00:00,0.13161513209342957,0.13198508322238922,0.13161513209342957,0.13198508322238922,816384
2025-12-20 11:30:00+00:00,0.1319696456193924,0.1319696456193924,0.13189007341861725,0.13189007341861725,0
2025-12-20 11:45:00+00:00,0.1318904310464859,0.1318904310464859,0.13183735311031342,0.13185736536979675,40448
2025-12-20 12:00:00+00:00,0.13185666501522064,0.1319388747215271,0.13185666501522064,0.1319388747215271,0
2025-12-20 12:15:00+00:00,0.13193738460540771,0.13193738460540771,0.13182656466960907,0.13182656466960907,0
2025-12-20 12:30:00+00:00,0.13182435929775238,0.13182435929775238,0.1317381113767624,0.1317409873008728,465664
2025-12-20 12:45:00+00:00,0.1317254900932312,0.13175155222415924,0.1317213922739029,0.13175135850906372,0
2025-12-20 13:00:00+00:00,0.13175024092197418,0.13182707130908966,0.13153304159641266,0.13161017000675201,2481856
2025-12-20 13:15:00+00:00,0.13161100447177887,0.13170170783996582,0.13160312175750732,0.13160330057144165,7391040
2025-12-20 13:30:00+00:00,0.13157311081886292,0.13168582320213318,0.13144828379154205,0.13168582320213318,0
2025-12-20 13:45:00+00:00,0.13169659674167633,0.13206128776073456,0.13169659674167633,0.13206128776073456,1490880
2025-12-20 14:00:00+00:00,0.13202054798603058,0.13202054798603058,0.1312636286020279,0.1313023567199707,609792
2025-12-20 14:15:00+00:00,0.1312953531742096,0.1315843164920807,0.13127398490905762,0.1315714716911316,0
2025-12-20 14:30:00+00:00,0.1315806657075882,0.13167418539524078,0.1315806657075882,0.1316225379705429,0
2025-12-20 14:45:00+00:00,0.1317095309495926,0.13219651579856873,0.1317095309495926,0.13219651579856873,0
2025-12-20 15:00:00+00:00,0.13220945000648499,0.13223543763160706,0.1320050060749054,0.1320050060749054,0
2025-12-20 15:15:00+00:00,0.1320047229528427,0.13201406598091125,0.13178737461566925,0.13178737461566925,0
2025-12-20 15:30:00+00:00,0.13178284466266632,0.13182173669338226,0.1316838413476944,0.13182173669338226,0
2025-12-20 15:45:00+00:00,0.13184338808059692,0.1320032775402069,0.13184338808059692,0.13200324773788452,0
2025-12-20 16:00:00+00:00,0.13207577168941498,0.13216222822666168,0.13207577168941498,0.13212375342845917,0
2025-12-20 16:15:00+00:00,0.13209934532642365,0.13209934532642365,0.13192066550254822,0.1319880485534668,0
2025-12-20 16:30:00+00:00,0.13198207318782806,0.13198207318782806,0.13170337677001953,0.13170337677001953,0
2025-12-20 16:45:00+00:00,0.1317209154367447,0.1318182498216629,0.1317209154367447,0.1318182498216629,0
2025-12-20 17:00:00+00:00,0.13183632493019104,0.1319877803325653,0.13179655373096466,0.1318003535270691,0
2025-12-20 17:15:00+00:00,0.13180013000965118,0.1319379359483719,0.13180013000965118,0.1318754106760025,0
2025-12-20 17:30:00+00:00,0.13187691569328308,0.13187691569328308,0.13163776695728302,0.13163776695728302,0
2025-12-20 17:45:00+00:00,0.13162855803966522,0.13165810704231262,0.13160814344882965,0.13160814344882965,0
2025-12-20 18:00:00+00:00,0.13161249458789825,0.13178853690624237,0.13161249458789825,0.13178034126758575,0
2025-12-20 18:15:00+00:00,0.13177946209907532,0.1320253163576126,0.13177946209907532,0.1319756656885147,0
2025-12-20 18:30:00+00:00,0.1319975107908249,0.1320147067308426,0.1319657266139984,0.1319657266139984,0
2025-12-20 18:45:00+00:00,0.13196536898612976,0.13214504718780518,0.13192510604858398,0.13212352991104126,0
2025-12-20 19:00:00+00:00,0.1320791244506836,0.13215652108192444,0.13201674818992615,0.13215652108192444,0
2025-12-20 19:15:00+00:00,0.13215482234954834,0.13218645751476288,0.13210076093673706,0.1321813315153122,0
2025-12-20 19:30:00+00:00,0.13217851519584656,0.1321917474269867,0.1321350336074829,0.13214492797851562,0
2025-12-20 19:45:00+00:00,0.13214217126369476,0.1321680247783661,0.1321157068014145,0.13216258585453033,0
2025-12-20 20:00:00+00:00,0.13215790688991547,0.13215790688991547,0.13209018111228943,0.13209837675094604,0
2025-12-20 20:15:00+00:00,0.13209594786167145,0.13210605084896088,0.13207805156707764,0.13210605084896088,0
2025-12-20 20:30:00+00:00,0.13210470974445343,0.1321120411157608,0.13204512000083923,0.13206727802753448,0
2025-12-20 20:45:00+00:00,0.1321054846048355,0.1321994662284851,0.1321054846048355,0.13219906389713287,0
2025-12-20 21:00:00+00:00,0.13220079243183136,0.13228315114974976,0.13220079243183136,0.13228225708007812,1307904
2025-12-20 21:15:00+00:00,0.13228167593479156,0.13228167593479156,0.1322030872106552,0.13222801685333252,239680
2025-12-20 21:30:00+00:00,0.132224902510643,0.13232198357582092,0.13221676647663116,0.1322593241930008,696704
2025-12-20 21:45:00+00:00,0.13224343955516815,0.13224343955516815,0.13210394978523254,0.13210394978523254,0
2025-12-20 22:00:00+00:00,0.13210201263427734,0.13210201263427734,0.13186658918857574,0.13186658918857574,0
2025-12-20 22:15:00+00:00,0.13185586035251617,0.13185586035251617,0.13164258003234863,0.13178692758083344,1887680
2025-12-20 22:30:00+00:00,0.13184389472007751,0.1321643441915512,0.13184389472007751,0.1321643441915512,348608
2025-12-20 22:45:00+00:00,0.1321968138217926,0.13224968314170837,0.13217225670814514,0.1322312355041504,355520
2025-12-20 23:00:00+00:00,0.13222546875476837,0.1322525590658188,0.13217002153396606,0.13222917914390564,0
2025-12-20 23:15:00+00:00,0.13222721219062805,0.13222721219062805,0.1320568323135376,0.13206423819065094,88192
2025-12-20 23:30:00+00:00,0.13207422196865082,0.1320788860321045,0.13198639452457428,0.13198639452457428,0
2025-12-20 23:45:00+00:00,0.13198506832122803,0.13198506832122803,0.13194608688354492,0.13195417821407318,396672
2025-12-21 00:00:00+00:00,0.13194838166236877,0.13194838166236877,0.1319030225276947,0.1319257915019989,0
2025-12-21 00:15:00+00:00,0.1319253146648407,0.13204121589660645,0.1319253146648407,0.13200712203979492,0
2025-12-21 00:30:00+00:00,0.13200177252292633,0.13200177252292633,0.1318041831254959,0.1318081170320511,0
2025-12-21 00:45:00+00:00,0.1318202167749405,0.1318999081850052,0.1318136751651764,0.1318964660167694,0
2025-12-21 01:00:00+00:00,0.13190285861492157,0.13190285861492157,0.13166649639606476,0.13166649639606476,0
2025-12-21 01:15:00+00:00,0.13156838715076447,0.1315898895263672,0.13156752288341522,0.13156752288341522,1844544
2025-12-21 01:30:00+00:00,0.1315660923719406,0.1315660923719406,0.13127022981643677,0.13127022981643677,5095520
2025-12-21 01:45:00+00:00,0.13127197325229645,0.13134650886058807,0.13126343488693237,0.131287083029747,1304960
2025-12-21 02:00:00+00:00,0.13129928708076477,0.13129928708076477,0.1310541331768036,0.13105714321136475,120384
2025-12-21 02:15:00+00:00,0.13105997443199158,0.13105997443199158,0.1307011991739273,0.1307011991739273,5006496
2025-12-21 02:30:00+00:00,0.13073734939098358,0.13087846338748932,0.13066935539245605,0.13068197667598724,3065248
2025-12-21 02:45:00+00:00,0.13067549467086792,0.1307591199874878,0.13065661489963531,0.13074848055839539,4571776
2025-12-21 03:00:00+00:00,0.13075055181980133,0.13098205626010895,0.13075055181980133,0.13092784583568573,1338592
2025-12-21 03:15:00+00:00,0.13094021379947662,0.13133521378040314,0.13094021379947662,0.13129448890686035,3411360
2025-12-21 03:30:00+00:00,0.1312929093837738,0.1312929093837738,0.13111531734466553,0.13111531734466553,0
2025-12-21 03:45:00+00:00,0.13111312687397003,0.13111312687397003,0.13106034696102142,0.13106034696102142,245184
2025-12-21 04:00:00+00:00,0.13105551898479462,0.13112714886665344,0.13101455569267273,0.1310555636882782,0
2025-12-21 04:15:00+00:00,0.13105547428131104,0.1311241090297699,0.13103333115577698,0.1311241090297699,0
2025-12-21 04:30:00+00:00,0.13112330436706543,0.13119402527809143,0.13112330436706543,0.13115964829921722,600544
2025-12-21 04:45:00+00:00,0.1311604231595993,0.1311604231595993,0.13110573589801788,0.1311166137456894,0
2025-12-21 05:00:00+00:00,0.13111619651317596,0.13129505515098572,0.13110992312431335,0.1312677413225174,0
2025-12-21 05:15:00+00:00,0.13139589130878448,0.13165484368801117,0.13134557008743286,0.13165484368801117,2875776
2025-12-21 05:30:00+00:00,0.13165654242038727,0.13166913390159607,0.1314823180437088,0.1314823180437088,77088
2025-12-21 05:45:00+00:00,0.13142521679401398,0.13148561120033264,0.1314200758934021,0.13147851824760437,0
2025-12-21 06:00:00+00:00,0.13147993385791779,0.13149115443229675,0.13141252100467682,0.13148289918899536,235680
2025-12-21 06:15:00+00:00,0.13147813081741333,0.1315619796514511,0.13144969940185547,0.1314653903245926,1203360
2025-12-21 06:30:00+00:00,0.13147030770778656,0.13151663541793823,0.13147030770778656,0.13148553669452667,395648
2025-12-21 06:45:00+00:00,0.13148048520088196,0.13153328001499176,0.13143593072891235,0.13148653507232666,165856
2025-12-21 07:00:00+00:00,0.13148681819438934,0.13148681819438934,0.13138891756534576,0.13139088451862335,0
2025-12-21 07:15:00+00:00,0.13136905431747437,0.13140235841274261,0.13136443495750427,0.13139118254184723,0
2025-12-21 07:30:00+00:00,0.13139276206493378,0.1314111351966858,0.13129235804080963,0.13129235804080963,0
2025-12-21 07:45:00+00:00,0.1312326341867447,0.1313025951385498,0.131227046251297,0.13128094375133514,904448
2025-12-21 08:00:00+00:00,0.1312883347272873,0.1313558667898178,0.13126391172409058,0.1312679499387741,691168
2025-12-21 08:15:00+00:00,0.1312689334154129,0.13145962357521057,0.13126768171787262,0.13145962357521057,0
2025-12-21 08:30:00+00:00,0.1314650923013687,0.1322278529405594,0.1314650923013687,0.1322278529405594,1602272
2025-12-21 08:45:00+00:00,0.13234634697437286,0.13263832032680511,0.13234634697437286,0.13263832032680511,8484544
2025-12-21 09:00:00+00:00,0.13276831805706024,0.13286912441253662,0.1324443519115448,0.13249708712100983,11107840
2025-12-21 09:15:00+00:00,0.13250958919525146,0.1326376348733902,0.13249565660953522,0.13256457448005676,4042624
2025-12-21 09:30:00+00:00,0.13254179060459137,0.1329159289598465,0.1325095146894455,0.13277851045131683,381792
2025-12-21 09:45:00+00:00,0.1327776163816452,0.13299256563186646,0.13274140655994415,0.13284367322921753,6246432
2025-12-21 10:00:00+00:00,0.13284875452518463,0.132868230342865,0.13260938227176666,0.13260938227176666,1628032
2025-12-21 10:15:00+00:00,0.13260799646377563,0.13262148201465607,0.13242614269256592,0.13242614269256592,850144
2025-12-21 10:30:00+00:00,0.1324152946472168,0.1324152946472168,0.1320951282978058,0.1320951282978058,1839840
2025-12-21 10:45:00+00:00,0.1320861428976059,0.1320861428976059,0.13181032240390778,0.13182303309440613,3467104
2025-12-21 11:00:00+00:00,0.13182364404201508,0.13190509378910065,0.13167500495910645,0.13167500495910645,404704
2025-12-21 11:15:00+00:00,0.13167136907577515,0.13167136907577515,0.1314515769481659,0.1316661238670349,1413216
2025-12-21 11:30:00+00:00,0.131673663854599,0.13174021244049072,0.1316252201795578,0.13164786994457245,212416
2025-12-21 11:45:00+00:00,0.1316482573747635,0.13170529901981354,0.13163261115550995,0.13170529901981354,500640
2025-12-21 12:00:00+00:00,0.13172227144241333,0.13190855085849762,0.13170860707759857,0.13190855085849762,2505312
2025-12-21 12:15:00+00:00,0.13190415501594543,0.13215436041355133,0.13190415501594543,0.13203346729278564,4396864
2025-12-21 12:30:00+00:00,0.13203376531600952,0.13205960392951965,0.1317264437675476,0.1317264437675476,2934976
2025-12-21 12:45:00+00:00,0.13172565400600433,0.13172565400600433,0.13143202662467957,0.1315397173166275,5741856
2025-12-21 13:00:00+00:00,0.1315603405237198,0.13164003193378448,0.13060826063156128,0.13076883554458618,19975616
2025-12-21 13:15:00+00:00,0.130740687251091,0.130740687251091,0.1303441971540451,0.1303441971540451,9429760
2025-12-21 13:30:00+00:00,0.13036614656448364,0.13036614656448364,0.12943673133850098,0.12943673133850098,26716032
2025-12-21 13:45:00+00:00,0.12946817278862,0.12946817278862,0.12892501056194305,0.12893803417682648,13237376
2025-12-21 14:00:00+00:00,0.128947913646698,0.12979477643966675,0.128947913646698,0.12969785928726196,17776320
2025-12-21 14:15:00+00:00,0.12969081103801727,0.12972354888916016,0.12953348457813263,0.12953348457813263,3548224
2025-12-21 14:30:00+00:00,0.12954169511795044,0.12971529364585876,0.12954169511795044,0.12960118055343628,3104704
2025-12-21 14:45:00+00:00,0.12960240244865417,0.12970863282680511,0.12960240244865417,0.12966956198215485,247360
2025-12-21 15:00:00+00:00,0.12967678904533386,0.12967678904533386,0.12927110493183136,0.12927110493183136,1537664
2025-12-21 15:15:00+00:00,0.1292637288570404,0.1292637288570404,0.1290719360113144,0.12914302945137024,1653696
2025-12-21 15:30:00+00:00,0.12914632260799408,0.1293438971042633,0.12914370000362396,0.12914370000362396,1307840
2025-12-21 15:45:00+00:00,0.12914907932281494,0.12959682941436768,0.12914907932281494,0.12952806055545807,9087168
2025-12-21 16:00:00+00:00,0.1295289546251297,0.1295289546251297,0.12925761938095093,0.12925761938095093,3856256
2025-12-21 16:15:00+00:00,0.129252091050148,0.13002406060695648,0.1292356699705124,0.13002406060695648,5131968
2025-12-21 16:30:00+00:00,0.12998023629188538,0.13000443577766418,0.12991362810134888,0.1299416571855545,1518656
2025-12-21 16:45:00+00:00,0.12993426620960236,0.13000737130641937,0.12987634539604187,0.13000372052192688,1266816
2025-12-21 17:00:00+00:00,0.13000400364398956,0.13021494448184967,0.1299116015434265,0.13021494448184967,4997312
2025-12-21 17:15:00+00:00,0.1302056461572647,0.130318745970726,0.13011251389980316,0.13011690974235535,3412224
2025-12-21 17:30:00+00:00,0.13012337684631348,0.13013029098510742,0.13005997240543365,0.1301298439502716,646400
2025-12-21 17:45:00+00:00,0.13012805581092834,0.13015180826187134,0.1300344318151474,0.1300344318151474,666176
2025-12-21 18:00:00+00:00,0.13000282645225525,0.13000282645225525,0.12926316261291504,0.12926316261291504,3602432
2025-12-21 18:15:00+00:00,0.12926563620567322,0.12931597232818604,0.12921585142612457,0.12931334972381592,0
2025-12-21 18:30:00+00:00,0.1293056160211563,0.1296335905790329,0.1293056160211563,0.1296335756778717,1104576
2025-12-21 18:45:00+00:00,0.12962855398654938,0.1296837478876114,0.12962381541728973,0.1296798139810562,9792
2025-12-21 19:00:00+00:00,0.1297598034143448,0.1299816220998764,0.1297598034143448,0.12997840344905853,4216512
2025-12-21 19:15:00+00:00,0.12997311353683472,0.12998007237911224,0.1298777312040329,0.12989658117294312,649728
2025-12-21 19:30:00+00:00,0.12988163530826569,0.12988163530826569,0.12969058752059937,0.12988042831420898,2984128
2025-12-21 19:45:00+00:00,0.1298779398202896,0.1303841769695282,0.1298779398202896,0.13036175072193146,3708800
2025-12-21 20:00:00+00:00,0.13035613298416138,0.13035613298416138,0.1300281137228012,0.1300281137228012,466176
2025-12-21 20:15:00+00:00,0.13002313673496246,0.13002313673496246,0.12984015047550201,0.12986688315868378,147328
2025-12-21 20:30:00+00:00,0.12986645102500916,0.12998506426811218,0.12986645102500916,0.12997610867023468,0
2025-12-21 20:45:00+00:00,0.12997382879257202,0.12997382879257202,0.1298782229423523,0.12987981736660004,0
2025-12-21 21:00:00+00:00,0.12988197803497314,0.12994037568569183,0.12972594797611237,0.12994037568569183,16448
2025-12-21 21:15:00+00:00,0.1298724263906479,0.13001082837581635,0.1298724263906479,0.12997117638587952,17152
2025-12-21 21:30:00+00:00,0.12994609773159027,0.12997648119926453,0.12978380918502808,0.12978380918502808,0
2025-12-21 21:45:00+00:00,0.1297694593667984,0.1297694593667984,0.12946563959121704,0.12955424189567566,392576
2025-12-21 22:00:00+00:00,0.12950627505779266,0.12965866923332214,0.12950627505779266,0.12965866923332214,0
2025-12-21 22:15:00+00:00,0.12972375750541687,0.13023799657821655,0.12972375750541687,0.13016796112060547,0
2025-12-21 22:30:00+00:00,0.13016560673713684,0.13027840852737427,0.13016560673713684,0.13027840852737427,1204288
2025-12-21 22:45:00+00:00,0.13029156625270844,0.13048362731933594,0.13029156625270844,0.13048362731933594,1597184
2025-12-21 23:00:00+00:00,0.1304870992898941,0.13105063140392303,0.1304870992898941,0.13091886043548584,7191808
2025-12-21 23:15:00+00:00,0.13091103732585907,0.1312268227338791,0.13091103732585907,0.13117192685604095,5555072
2025-12-21 23:30:00+00:00,0.13115108013153076,0.13115108013153076,0.1307096928358078,0.13098759949207306,2437184
2025-12-21 23:45:00+00:00,0.1309599131345749,0.1310778260231018,0.13090842962265015,0.1310388296842575,832384
2025-12-22 00:00:00+00:00,0.13106106221675873,0.13199390470981598,0.13106106221675873,0.13199390470981598,7077120
2025-12-22 00:15:00+00:00,0.1329842358827591,0.13312581181526184,0.13241976499557495,0.13254062831401825,57958400
2025-12-22 00:30:00+00:00,0.13261695206165314,0.1327218860387802,0.13238272070884705,0.13258208334445953,10292480
2025-12-22 00:45:00+00:00,0.1325872242450714,0.1325874775648117,0.13210515677928925,0.13210515677928925,6487936
2025-12-22 01:00:00+00:00,0.13212181627750397,0.13212181627750397,0.1318761557340622,0.13201475143432617,15144192
2025-12-22 01:15:00+00:00,0.1320117712020874,0.13240540027618408,0.1320117712020874,0.1323561668395996,2608832
2025-12-22 01:30:00+00:00,0.13234084844589233,0.1326541155576706,0.13234084844589233,0.13252700865268707,266624
2025-12-22 01:45:00+00:00,0.13252367079257965,0.13252367079257965,0.13147500157356262,0.13147500157356262,4916928
2025-12-22 02:00:00+00:00,0.13147565722465515,0.13147565722465515,0.1300165057182312,0.13030192255973816,27406208
2025-12-22 02:15:00+00:00,0.13026824593544006,0.13037006556987762,0.13010616600513458,0.13037006556987762,6257408
2025-12-22 02:30:00+00:00,0.1303609311580658,0.1306174099445343,0.1303609311580658,0.13052794337272644,3049920
2025-12-22 02:45:00+00:00,0.13054350018501282,0.1309407651424408,0.13054350018501282,0.13092704117298126,235136
2025-12-22 03:00:00+00:00,0.13092811405658722,0.1313484162092209,0.1307048350572586,0.1313154697418213,3968192
2025-12-22 03:15:00+00:00,0.13131001591682434,0.13246679306030273,0.13131001591682434,0.13246679306030273,7871616
2025-12-22 03:30:00+00:00,0.13245782256126404,0.1326010525226593,0.13201670348644257,0.13201670348644257,10287424
2025-12-22 03:45:00+00:00,0.13201786577701569,0.1320367306470871,0.13190267980098724,0.13193802535533905,2274560
2025-12-22 04:00:00+00:00,0.13198795914649963,0.13226138055324554,0.13198795914649963,0.13211852312088013,4504128
2025-12-22 04:15:00+00:00,0.13210679590702057,0.13232412934303284,0.1320790946483612,0.1322789490222931,5004096
2025-12-22 04:30:00+00:00,0.13231319189071655,0.13244512677192688,0.13215118646621704,0.13242323696613312,5969152
2025-12-22 04:45:00+00:00,0.13241779804229736,0.13255225121974945,0.132366344332695,0.13244324922561646,6065664
2025-12-22 05:00:00+00:00,0.13245007395744324,0.13247035443782806,0.13237352669239044,0.13237352669239044,3752448
2025-12-22 05:15:00+00:00,0.1323699653148651,0.1323699653148651,0.13209572434425354,0.13209572434425354,867520
2025-12-22 05:30:00+00:00,0.13210463523864746,0.1321595460176468,0.13197393715381622,0.1321595460176468,3473152
2025-12-22 05:45:00+00:00,0.13215987384319305,0.13222725689411163,0.13213272392749786,0.13213536143302917,1089024
2025-12-22 06:00:00+00:00,0.13213172554969788,0.13213172554969788,0.13161805272102356,0.13161805272102356,2661120
2025-12-22 06:15:00+00:00,0.13162167370319366,0.13180401921272278,0.13162167370319366,0.1316593587398529,2662464
2025-12-22 06:30:00+00:00,0.13165944814682007,0.13182446360588074,0.13165944814682007,0.13182446360588074,1215040
2025-12-22 06:45:00+00:00,0.13182033598423004,0.1318744271993637,0.13175570964813232,0.13178496062755585,1003008
2025-12-22 07:00:00+00:00,0.1317947804927826,0.13216723501682281,0.1316583752632141,0.13216723501682281,2481856
2025-12-22 07:15:00+00:00,0.132189080119133,0.1321956068277359,0.13203901052474976,0.1320798099040985,1183360
2025-12-22 07:30:00+00:00,0.13206511735916138,0.13210049271583557,0.1320447474718094,0.1320495456457138,1573120
2025-12-22 07:45:00+00:00,0.13205088675022125,0.13205486536026,0.13194109499454498,0.13196159899234772,429568
2025-12-22 08:00:00+00:00,0.1319689303636551,0.13212591409683228,0.13176409900188446,0.13176409900188446,4371136
2025-12-22 08:15:00+00:00,0.13177591562271118,0.1329207718372345,0.13177591562271118,0.1329207718372345,15809664
2025-12-22 08:30:00+00:00,0.1329343318939209,0.13306742906570435,0.13276000320911407,0.13282760977745056,7013568
2025-12-22 08:45:00+00:00,0.13280987739562988,0.13280987739562988,0.13215914368629456,0.13215914368629456,1773760
2025-12-22 09:00:00+00:00,0.13216553628444672,0.13220474123954773,0.1320176124572754,0.1320176124572754,0
2025-12-22 09:15:00+00:00,0.13200804591178894,0.13233648240566254,0.1319299042224884,0.13233648240566254,1897408
2025-12-22 09:30:00+00:00,0.13234004378318787,0.13242074847221375,0.13216596841812134,0.13217951357364655,981632
2025-12-22 09:45:00+00:00,0.13217689096927643,0.13217689096927643,0.13193583488464355,0.1321755200624466,0
2025-12-22 10:00:00+00:00,0.13218000531196594,0.1322186291217804,0.13208834826946259,0.1321142166852951,0
2025-12-22 10:15:00+00:00,0.1321556568145752,0.13242201507091522,0.1321556568145752,0.13233613967895508,1689792
2025-12-22 10:30:00+00:00,0.13232025504112244,0.13232025504112244,0.1322689652442932,0.13228578865528107,756096
2025-12-22 10:45:00+00:00,0.13229073584079742,0.13229073584079742,0.13224376738071442,0.132246196269989,20800
2025-12-22 11:00:00+00:00,0.13224749267101288,0.13225813210010529,0.13215097784996033,0.13215309381484985,490048
2025-12-22 11:15:00+00:00,0.13215211033821106,0.1322280913591385,0.13196684420108795,0.13222777843475342,716480
2025-12-22 11:30:00+00:00,0.1322934776544571,0.13267002999782562,0.1322934776544571,0.13267002999782562,5895488
2025-12-22 11:45:00+00:00,0.13269469141960144,0.13285265862941742,0.13269469141960144,0.1328243464231491,10580800
2025-12-22 12:00:00+00:00,0.13282570242881775,0.13284870982170105,0.1327878087759018,0.13281652331352234,2122944
2025-12-22 12:15:00+00:00,0.13279953598976135,0.1332636922597885,0.13279953598976135,0.1332636922597885,10482816
2025-12-22 12:30:00+00:00,0.13325472176074982,0.13365674018859863,0.13316263258457184,0.13316263258457184,18025728
2025-12-22 12:45:00+00:00,0.13319534063339233,0.13331493735313416,0.1331908404827118,0.13331295549869537,1639936
2025-12-22 13:00:00+00:00,0.13327516615390778,0.13334596157073975,0.13307198882102966,0.13307198882102966,339008
2025-12-22 13:15:00+00:00,0.1330481916666031,0.13306155800819397,0.1329323649406433,0.13305649161338806,3384704
2025-12-22 13:30:00+00:00,0.13306383788585663,0.13306383788585663,0.13279688358306885,0.13279688358306885,0
2025-12-22 13:45:00+00:00,0.13276226818561554,0.13284707069396973,0.1326521784067154,0.13284707069396973,0
2025-12-22 14:00:00+00:00,0.13287898898124695,0.13349077105522156,0.13287898898124695,0.13337939977645874,0
2025-12-22 14:15:00+00:00,0.13338379561901093,0.13384993374347687,0.13338379561901093,0.13359767198562622,2500928
2025-12-22 14:30:00+00:00,0.13358746469020844,0.13368730247020721,0.13299918174743652,0.13299918174743652,22828672
2025-12-22 14:45:00+00:00,0.13314670324325562,0.13396160304546356,0.13314670324325562,0.13393713533878326,26670464
2025-12-22 15:00:00+00:00,0.13404354453086853,0.13484537601470947,0.13404354453086853,0.1343882828950882,17743104
2025-12-22 15:15:00+00:00,0.1338789314031601,0.1339731067419052,0.1334495097398758,0.13350169360637665,17840192
2025-12-22 15:30:00+00:00,0.13361722230911255,0.13371722400188446,0.13319389522075653,0.13343378901481628,14503616
2025-12-22 15:45:00+00:00,0.13347913324832916,0.13417132198810577,0.13347913324832916,0.1341298520565033,2821888
2025-12-22 16:00:00+00:00,0.13413389027118683,0.1347949504852295,0.13413389027118683,0.1347949504852295,2441856
2025-12-22 16:15:00+00:00,0.1347629427909851,0.13494724035263062,0.13472247123718262,0.1347484141588211,8392512
2025-12-22 16:30:00+00:00,0.13474267721176147,0.13474267721176147,0.13399463891983032,0.13399463891983032,8542656
2025-12-22 16:45:00+00:00,0.1339719146490097,0.1339719146490097,0.1337471604347229,0.1337580680847168,3853824
2025-12-22 17:00:00+00:00,0.13367310166358948,0.13368217647075653,0.13312114775180817,0.13338981568813324,5204288
2025-12-22 17:15:00+00:00,0.13342928886413574,0.13375458121299744,0.13342928886413574,0.1336485594511032,3926784
2025-12-22 17:30:00+00:00,0.13363967835903168,0.133831188082695,0.13352492451667786,0.1338171660900116,2365632
2025-12-22 17:45:00+00:00,0.13365712761878967,0.13383309543132782,0.13364200294017792,0.13383309543132782,2539520
2025-12-22 18:00:00+00:00,0.13387316465377808,0.1339745968580246,0.13379797339439392,0.1339745968580246,0
2025-12-22 18:15:00+00:00,0.1339585781097412,0.13468249142169952,0.1339585781097412,0.13468249142169952,4149120
2025-12-22 18:30:00+00:00,0.13468621671199799,0.1349489688873291,0.1345411092042923,0.1349489688873291,7944896
2025-12-22 18:45:00+00:00,0.13496972620487213,0.13496972620487213,0.13457325100898743,0.13457325100898743,5426176
2025-12-22 19:00:00+00:00,0.1345890611410141,0.1345890611410141,0.13307300209999084,0.1331709921360016,11832256
2025-12-22 19:15:00+00:00,0.13312214612960815,0.13315100967884064,0.13261893391609192,0.1326197385787964,12303232
2025-12-22 19:30:00+00:00,0.13261523842811584,0.13261523842811584,0.13209578394889832,0.1324656903743744,15136960
2025-12-22 19:45:00+00:00,0.13242541253566742,0.13245558738708496,0.13190177083015442,0.1319422870874405,12855808
2025-12-22 20:00:00+00:00,0.13195478916168213,0.1322578340768814,0.13190045952796936,0.13218200206756592,10296704
2025-12-22 20:15:00+00:00,0.13216078281402588,0.13216078281402588,0.1311107873916626,0.1311107873916626,14382720
2025-12-22 20:30:00+00:00,0.13109537959098816,0.131252720952034,0.13096605241298676,0.1310882270336151,9382144
2025-12-22 20:45:00+00:00,0.1312178373336792,0.13133428990840912,0.1310524195432663,0.13133428990840912,9884160
2025-12-22 21:00:00+00:00,0.13128061592578888,0.1315344274044037,0.13121135532855988,0.1313682496547699,2969728
2025-12-22 21:15:00+00:00,0.1313604861497879,0.13152582943439484,0.1312476098537445,0.13152582943439484,2826368
2025-12-22 21:30:00+00:00,0.1315041035413742,0.13203324377536774,0.13146014511585236,0.13203275203704834,6054912
2025-12-22 21:45:00+00:00,0.13198252022266388,0.13198252022266388,0.13133305311203003,0.1314002424478531,1201536
2025-12-22 22:00:00+00:00,0.13140414655208588,0.13140414655208588,0.13123805820941925,0.1313645988702774,2455808
2025-12-22 22:15:00+00:00,0.1313813328742981,0.13178306818008423,0.1313813328742981,0.13175751268863678,4889088
2025-12-22 22:30:00+00:00,0.13176634907722473,0.1318894773721695,0.13172046840190887,0.13173548877239227,3061888
2025-12-22 22:45:00+00:00,0.1317148506641388,0.13248033821582794,0.1317148506641388,0.1323210746049881,10107008
2025-12-22 23:00:00+00:00,0.13235290348529816,0.13235290348529816,0.13204364478588104,0.1320895254611969,1189376
2025-12-22 23:15:00+00:00,0.13211913406848907,0.13230913877487183,0.13211913406848907,0.13230913877487183,0
2025-12-22 23:30:00+00:00,0.13231246173381805,0.13239538669586182,0.13226068019866943,0.13234180212020874,2012288
2025-12-22 23:45:00+00:00,0.1323533058166504,0.1324298232793808,0.13229437172412872,0.1324298232793808,935168
2025-12-23 00:00:00+00:00,0.13243158161640167,0.13245028257369995,0.13233019411563873,0.1324002742767334,0
2025-12-23 00:15:00+00:00,0.13240064680576324,0.1326167732477188,0.13240064680576324,0.13250799477100372,0
2025-12-23 00:30:00+00:00,0.1325167566537857,0.13289909064769745,0.13247044384479523,0.13269464671611786,0
2025-12-23 00:45:00+00:00,0.13263480365276337,0.13324889540672302,0.13263322412967682,0.13324889540672302,3695744
2025-12-23 01:00:00+00:00,0.13323454558849335,0.13333654403686523,0.13318541646003723,0.13318541646003723,0
2025-12-23 01:15:00+00:00,0.13314837217330933,0.13314837217330933,0.1327248513698578,0.1327248513698578,373312
2025-12-23 01:30:00+00:00,0.13273365795612335,0.13288408517837524,0.132634699344635,0.13270097970962524,1128128
2025-12-23 01:45:00+00:00,0.13269905745983124,0.13291016221046448,0.13269905745983124,0.13281407952308655,0
2025-12-23 02:00:00+00:00,0.13281092047691345,0.13335444033145905,0.13279838860034943,0.1333499252796173,0
2025-12-23 02:15:00+00:00,0.13337615132331848,0.13350003957748413,0.1332283318042755,0.1332283318042755,0
2025-12-23 02:30:00+00:00,0.13321493566036224,0.13321493566036224,0.13232722878456116,0.13232722878456116,453824
2025-12-23 02:45:00+00:00,0.13215014338493347,0.13230030238628387,0.13210701942443848,0.13229301571846008,3343744
2025-12-23 03:00:00+00:00,0.13223467767238617,0.13223467767238617,0.1315784603357315,0.13184522092342377,6498624
2025-12-23 03:15:00+00:00,0.13195456564426422,0.1323305368423462,0.13195456564426422,0.1323070228099823,0
2025-12-23 03:30:00+00:00,0.13229988515377045,0.13254272937774658,0.13224439322948456,0.13254272937774658,0
2025-12-23 03:45:00+00:00,0.1326165795326233,0.1326165795326233,0.1324481964111328,0.13254112005233765,457472
2025-12-23 04:00:00+00:00,0.13249076902866364,0.13276952505111694,0.13249066472053528,0.13276952505111694,1246080
2025-12-23 04:15:00+00:00,0.1327715665102005,0.13283024728298187,0.13273823261260986,0.1327555626630783,108096
2025-12-23 04:30:00+00:00,0.1326603889465332,0.1326603889465332,0.13229908049106598,0.13229908049106598,455936
2025-12-23 04:45:00+00:00,0.13229431211948395,0.13229431211948395,0.1320570707321167,0.1320570707321167,140224
2025-12-23 05:00:00+00:00,0.13202200829982758,0.13202200829982758,0.13160811364650726,0.13160811364650726,857728
2025-12-23 05:15:00+00:00,0.1315956562757492,0.13164179027080536,0.13147875666618347,0.13163979351520538,856000
2025-12-23 05:30:00+00:00,0.13164065778255463,0.13164065778255463,0.13086892664432526,0.13102950155735016,11995520
2025-12-23 05:45:00+00:00,0.13105237483978271,0.1312325894832611,0.1310180425643921,0.13122712075710297,4618624
2025-12-23 06:00:00+00:00,0.13109585642814636,0.13116714358329773,0.13095781207084656,0.13095781207084656,634816
2025-12-23 06:15:00+00:00,0.1309710592031479,0.1309710592031479,0.1302630752325058,0.1303296685218811,12310976
2025-12-23 06:30:00+00:00,0.1302725374698639,0.13039520382881165,0.13026049733161926,0.13039520382881165,5703552
2025-12-23 06:45:00+00:00,0.1303931325674057,0.13077549636363983,0.1303931325674057,0.130759134888649,7883072
2025-12-23 07:00:00+00:00,0.1307448297739029,0.13077235221862793,0.13055507838726044,0.13055507838726044,1561088
2025-12-23 07:15:00+00:00,0.13054420053958893,0.13054420053958893,0.13010959327220917,0.13051177561283112,31920192
2025-12-23 07:30:00+00:00,0.13053496181964874,0.13053496181964874,0.13040103018283844,0.13040393590927124,8002880
2025-12-23 07:45:00+00:00,0.1303979605436325,0.13048101961612701,0.13029086589813232,0.13041150569915771,5563840
2025-12-23 08:00:00+00:00,0.13040971755981445,0.13040971755981445,0.13026680052280426,0.13038857281208038,0
2025-12-23 08:15:00+00:00,0.13035809993743896,0.13069845736026764,0.13035809993743896,0.13068515062332153,0
2025-12-23 08:30:00+00:00,0.13064217567443848,0.13064217567443848,0.13037066161632538,0.13037066161632538,0
2025-12-23 08:45:00+00:00,0.13037455081939697,0.13037455081939697,0.130035400390625,0.130035400390625,0
2025-12-23 09:00:00+00:00,0.13003334403038025,0.13020259141921997,0.1300305873155594,0.13020259141921997,1089920
2025-12-23 09:15:00+00:00,0.13020920753479004,0.13033467531204224,0.13006778061389923,0.13006778061389923,1961728
2025-12-23 09:30:00+00:00,0.13012821972370148,0.13019341230392456,0.130026713013649,0.13019341230392456,3375424
2025-12-23 09:45:00+00:00,0.13018949329853058,0.1302924007177353,0.13018949329853058,0.13020509481430054,0
2025-12-23 10:00:00+00:00,0.13019530475139618,0.1303187906742096,0.13019530475139618,0.13025705516338348,0
2025-12-23 10:15:00+00:00,0.130255788564682,0.1304362565279007,0.1301705241203308,0.1304362565279007,1104960
2025-12-23 10:30:00+00:00,0.13043269515037537,0.1304360181093216,0.1303546279668808,0.1304360181093216,0
2025-12-23 10:45:00+00:00,0.13042914867401123,0.1307571977376938,0.13042505085468292,0.13067901134490967,1880768
2025-12-23 11:00:00+00:00,0.1307164579629898,0.1308651715517044,0.1307016909122467,0.1308651715517044,498432
2025-12-23 11:15:00+00:00,0.13085199892520905,0.13120697438716888,0.13085199892520905,0.1310787796974182,1699968
2025-12-23 11:30:00+00:00,0.13107474148273468,0.1311713010072708,0.13100957870483398,0.1311604082584381,0
2025-12-23 11:45:00+00:00,0.13116736710071564,0.13118122518062592,0.13103006780147552,0.13105909526348114,0
2025-12-23 12:00:00+00:00,0.13105741143226624,0.13105741143226624,0.1306704580783844,0.1306704580783844,0
2025-12-23 12:15:00+00:00,0.13066811859607697,0.13066811859607697,0.13023220002651215,0.13032180070877075,0
2025-12-23 12:30:00+00:00,0.13024687767028809,0.13038386404514313,0.13024687767028809,0.13038386404514313,0
2025-12-23 12:45:00+00:00,0.13042324781417847,0.13046327233314514,0.13042210042476654,0.13044345378875732,263232
2025-12-23 13:00:00+00:00,0.13043312728405,0.13043312728405,0.13025401532649994,0.13025401532649994,0
2025-12-23 13:15:00+00:00,0.13025201857089996,0.1302674561738968,0.13013386726379395,0.13013386726379395,0
2025-12-23 13:30:00+00:00,0.1301661729812622,0.13025392591953278,0.1297171413898468,0.12976959347724915,16185664
2025-12-23 13:45:00+00:00,0.1298225224018097,0.12982530891895294,0.12954141199588776,0.12961940467357635,3055872
2025-12-23 14:00:00+00:00,0.1296040266752243,0.13025298714637756,0.12953990697860718,0.13025298714637756,2995584
2025-12-23 14:15:00+00:00,0.13023503124713898,0.13023503124713898,0.1298365443944931,0.1298418641090393,1457728
2025-12-23 14:30:00+00:00,0.12985052168369293,0.13006481528282166,0.12972405552864075,0.13001380860805511,877504
2025-12-23 14:45:00+00:00,0.12981468439102173,0.12981468439102173,0.12823016941547394,0.1283186823129654,25236736
2025-12-23 15:00:00+00:00,0.128548726439476,0.12922683358192444,0.128548726439476,0.12892043590545654,8052672
2025-12-23 15:15:00+00:00,0.1289646476507187,0.12953399121761322,0.1289646476507187,0.12931077182292938,981760
2025-12-23 15:30:00+00:00,0.129304438829422,0.12942922115325928,0.12910448014736176,0.12911653518676758,0
2025-12-23 15:45:00+00:00,0.12911055982112885,0.12935520708560944,0.12911055982112885,0.1293407529592514,0
2025-12-23 16:00:00+00:00,0.12934458255767822,0.12979643046855927,0.1293315440416336,0.12969593703746796,15362432
2025-12-23 16:15:00+00:00,0.12969407439231873,0.13040240108966827,0.12969407439231873,0.1301659196615219,7451264
2025-12-23 16:30:00+00:00,0.1301896572113037,0.1303034871816635,0.13014228641986847,0.1301749050617218,0
2025-12-23 16:45:00+00:00,0.13022002577781677,0.13067758083343506,0.13022002577781677,0.13062959909439087,4216064
2025-12-23 17:00:00+00:00,0.1306019127368927,0.1306019127368927,0.13027264177799225,0.13027264177799225,0
2025-12-23 17:15:00+00:00,0.13025516271591187,0.13029935956001282,0.12951715290546417,0.12951715290546417,11054208
2025-12-23 17:30:00+00:00,0.12951943278312683,0.12961053848266602,0.12939296662807465,0.1294461339712143,11880512
2025-12-23 17:45:00+00:00,0.12952761352062225,0.12952761352062225,0.1287996470928192,0.1287996470928192,5121536
2025-12-23 18:00:00+00:00,0.1287817806005478,0.12889809906482697,0.1285744309425354,0.12889809906482697,7622464
2025-12-23 18:15:00+00:00,0.12892647087574005,0.12926751375198364,0.12892647087574005,0.12925393879413605,2598528
2025-12-23 18:30:00+00:00,0.12925247848033905,0.12992890179157257,0.1292317807674408,0.1298845410346985,2491968
2025-12-23 18:45:00+00:00,0.12991991639137268,0.12991991639137268,0.12973004579544067,0.12979653477668762,0
2025-12-23 19:00:00+00:00,0.12978127598762512,0.12980131804943085,0.12937656044960022,0.12937656044960022,0
2025-12-23 19:15:00+00:00,0.12936381995677948,0.12936735153198242,0.1291476935148239,0.1291476935148239,0
2025-12-23 19:30:00+00:00,0.12914340198040009,0.12914340198040009,0.12893952429294586,0.1289992481470108,0
2025-12-23 19:45:00+00:00,0.1290110945701599,0.1290130466222763,0.12889042496681213,0.12889088690280914,0
2025-12-23 20:00:00+00:00,0.12890534102916718,0.12890534102916718,0.12871938943862915,0.12883833050727844,0
2025-12-23 20:15:00+00:00,0.12886030972003937,0.12919028103351593,0.12886030972003937,0.12917815148830414,0
2025-12-23 20:30:00+00:00,0.12916810810565948,0.13003899157047272,0.1291041076183319,0.13000939786434174,3474240
2025-12-23 20:45:00+00:00,0.13005150854587555,0.13012300431728363,0.1295401006937027,0.1295401006937027,0
2025-12-23 21:00:00+00:00,0.1295260339975357,0.1295260339975357,0.129186749458313,0.1292198747396469,0
2025-12-23 21:15:00+00:00,0.12925370037555695,0.12947320938110352,0.12925370037555695,0.12935543060302734,488960
2025-12-23 21:30:00+00:00,0.12936075031757355,0.12938836216926575,0.12931999564170837,0.12931999564170837,0
2025-12-23 21:45:00+00:00,0.1293889433145523,0.12944988906383514,0.1293458491563797,0.12943507730960846,0
2025-12-23 22:00:00+00:00,0.12943978607654572,0.129817396402359,0.12943978607654572,0.12951771914958954,417344
2025-12-23 22:15:00+00:00,0.12950950860977173,0.12954197824001312,0.1293678730726242,0.1295148879289627,0
2025-12-23 22:30:00+00:00,0.12944990396499634,0.12948425114154816,0.12918125092983246,0.12948425114154816,250176
2025-12-23 22:45:00+00:00,0.12951424717903137,0.129588320851326,0.12931129336357117,0.12931129336357117,17472
2025-12-23 23:00:00+00:00,0.1293303668498993,0.12934273481369019,0.12921437621116638,0.1292160600423813,0
2025-12-23 23:15:00+00:00,0.12922774255275726,0.12925325334072113,0.12919177114963531,0.1292489469051361,83968
2025-12-23 23:30:00+00:00,0.12934745848178864,0.12945525348186493,0.12927867472171783,0.12927867472171783,1158784
2025-12-23 23:45:00+00:00,0.1292940080165863,0.12941966950893402,0.12920129299163818,0.12920129299163818,336512
2025-12-24 00:00:00+00:00,0.129197895526886,0.12937074899673462,0.129197895526886,0.12922228872776031,702400
2025-12-24 00:15:00+00:00,0.12920376658439636,0.12935927510261536,0.12915487587451935,0.12935927510261536,259072
2025-12-24 00:30:00+00:00,0.1293562352657318,0.12960170209407806,0.1293562352657318,0.12960170209407806,0
2025-12-24 00:45:00+00:00,0.12973661720752716,0.12983636558055878,0.1296302229166031,0.12983636558055878,127360
2025-12-24 01:00:00+00:00,0.12993285059928894,0.13018068671226501,0.12993285059928894,0.13018068671226501,1605248
2025-12-24 01:15:00+00:00,0.13017301261425018,0.13017301261425018,0.13002192974090576,0.13002192974090576,858880
2025-12-24 01:30:00+00:00,0.12999992072582245,0.12999992072582245,0.1296539306640625,0.1296539306640625,0
2025-12-24 01:45:00+00:00,0.129649356007576,0.12974236905574799,0.12947796285152435,0.12974236905574799,2511040
2025-12-24 02:00:00+00:00,0.12974178791046143,0.12974178791046143,0.12911082804203033,0.1291142702102661,596416
2025-12-24 02:15:00+00:00,0.1291097104549408,0.12915433943271637,0.12894491851329803,0.12894491851329803,1647488
2025-12-24 02:30:00+00:00,0.12890826165676117,0.12890826165676117,0.1284904032945633,0.1284904032945633,1880640
2025-12-24 02:45:00+00:00,0.1283656358718872,0.12839065492153168,0.12810979783535004,0.12834809720516205,6723008
2025-12-24 03:00:00+00:00,0.1283278912305832,0.1283278912305832,0.1276077777147293,0.12761642038822174,1094592
2025-12-24 03:15:00+00:00,0.1276058554649353,0.1279839426279068,0.12755924463272095,0.1279839426279068,3270272
2025-12-24 03:30:00+00:00,0.12798453867435455,0.12831349670886993,0.12797096371650696,0.12831111252307892,470016
2025-12-24 03:45:00+00:00,0.12831416726112366,0.12854830920696259,0.12831416726112366,0.12848493456840515,1549376
2025-12-24 04:00:00+00:00,0.12848110496997833,0.12868903577327728,0.12844449281692505,0.12862205505371094,1704000
2025-12-24 04:15:00+00:00,0.12863624095916748,0.12863624095916748,0.1281152218580246,0.1281152218580246,994816
2025-12-24 04:30:00+00:00,0.12807734310626984,0.12812520563602448,0.12794376909732819,0.12812110781669617,549504
2025-12-24 04:45:00+00:00,0.12811921536922455,0.12811921536922455,0.1277187466621399,0.12772032618522644,0
2025-12-24 05:00:00+00:00,0.12768641114234924,0.12773628532886505,0.12762153148651123,0.12764541804790497,90432
2025-12-24 05:15:00+00:00,0.12764982879161835,0.12775419652462006,0.12764982879161835,0.1277281492948532,4188864
2025-12-24 05:30:00+00:00,0.12768007814884186,0.12768007814884186,0.127375528216362,0.12739242613315582,0
2025-12-24 05:45:00+00:00,0.1273488849401474,0.1273488849401474,0.12713012099266052,0.12729135155677795,8025536
2025-12-24 06:00:00+00:00,0.12728166580200195,0.12728166580200195,0.12679216265678406,0.12679216265678406,5157504
2025-12-24 06:15:00+00:00,0.12678350508213043,0.12702304124832153,0.12671859562397003,0.12702304124832153,0
2025-12-24 06:30:00+00:00,0.12702888250350952,0.1270630955696106,0.12693949043750763,0.1270630955696106,0
2025-12-24 06:45:00+00:00,0.12706413865089417,0.1271602362394333,0.12706413865089417,0.12709710001945496,0
2025-12-24 07:00:00+00:00,0.12709851562976837,0.12739865481853485,0.12709851562976837,0.12739865481853485,181952
2025-12-24 07:15:00+00:00,0.12739954888820648,0.1274331510066986,0.12730154395103455,0.1273161917924881,0
2025-12-24 07:30:00+00:00,0.12728571891784668,0.12744979560375214,0.12728571891784668,0.12742918729782104,1698304
2025-12-24 07:45:00+00:00,0.12741924822330475,0.12741924822330475,0.1272043138742447,0.1272043138742447,1766656
2025-12-24 08:00:00+00:00,0.1271914690732956,0.1271914690732956,0.12703578174114227,0.12703578174114227,1566016
2025-12-24 08:15:00+00:00,0.1270306557416916,0.1270306557416916,0.1267981231212616,0.12682491540908813,4861440
2025-12-24 08:30:00+00:00,0.12683162093162537,0.12719105184078217,0.12679027020931244,0.12719105184078217,9485376
2025-12-24 08:45:00+00:00,0.12718255817890167,0.1271917223930359,0.12710538506507874,0.12711699306964874,1097856
2025-12-24 09:00:00+00:00,0.12714950740337372,0.1274801790714264,0.12714950740337372,0.1274801790714264,142208
2025-12-24 09:15:00+00:00,0.12748779356479645,0.12748779356479645,0.12736710906028748,0.12736710906028748,0
2025-12-24 09:30:00+00:00,0.1273646205663681,0.12738314270973206,0.1273389756679535,0.1273593306541443,0
2025-12-24 09:45:00+00:00,0.12736350297927856,0.127451092004776,0.1273573935031891,0.12740804255008698,308416
2025-12-24 10:00:00+00:00,0.12740835547447205,0.12741096317768097,0.12730933725833893,0.12740729749202728,750208
2025-12-24 10:15:00+00:00,0.12740018963813782,0.12746073305606842,0.1273474395275116,0.12746073305606842,431360
2025-12-24 10:30:00+00:00,0.12746350467205048,0.12777207791805267,0.12746350467205048,0.12777207791805267,2735680
2025-12-24 10:45:00+00:00,0.12776680290699005,0.12782540917396545,0.1276797205209732,0.12769894301891327,350848
2025-12-24 11:00:00+00:00,0.12764975428581238,0.12823210656642914,0.12764914333820343,0.12823210656642914,3325440
2025-12-24 11:15:00+00:00,0.12824304401874542,0.12825898826122284,0.1281612068414688,0.1281612068414688,978816
2025-12-24 11:30:00+00:00,0.1280742883682251,0.12815210223197937,0.1280742883682251,0.1280960738658905,0
2025-12-24 11:45:00+00:00,0.1280970275402069,0.1281115561723709,0.1279599815607071,0.12796258926391602,391936
2025-12-24 12:00:00+00:00,0.12796127796173096,0.12796127796173096,0.1277228742837906,0.1277228742837906,0
2025-12-24 12:15:00+00:00,0.12775610387325287,0.1279859095811844,0.12775610387325287,0.1279859095811844,0
2025-12-24 12:30:00+00:00,0.12798407673835754,0.12826715409755707,0.12798407673835754,0.12826715409755707,91520
2025-12-24 12:45:00+00:00,0.12826581299304962,0.1283460557460785,0.1281709522008896,0.12834104895591736,953152
2025-12-24 13:00:00+00:00,0.12829174101352692,0.12831883132457733,0.1281997710466385,0.1281997710466385,0
2025-12-24 13:15:00+00:00,0.12819962203502655,0.12819962203502655,0.12814287841320038,0.1281650811433792,0
2025-12-24 13:30:00+00:00,0.12816882133483887,0.12819772958755493,0.12789154052734375,0.12792325019836426,0
2025-12-24 13:45:00+00:00,0.12789086997509003,0.128046452999115,0.12783849239349365,0.12801387906074524,0
2025-12-24 14:00:00+00:00,0.12803705036640167,0.12840737402439117,0.12803705036640167,0.12840737402439117,0
2025-12-24 14:15:00+00:00,0.1283782422542572,0.1283782422542572,0.128065288066864,0.128065288066864,108224
2025-12-24 14:30:00+00:00,0.1279512196779251,0.12801098823547363,0.12728212773799896,0.12799647450447083,7489152
2025-12-24 14:45:00+00:00,0.1279934048652649,0.12799446284770966,0.12742704153060913,0.12742704153060913,3855488
2025-12-24 15:00:00+00:00,0.12737895548343658,0.12754930555820465,0.1271497756242752,0.12734897434711456,0
2025-12-24 15:15:00+00:00,0.1272953748703003,0.1274144947528839,0.1271766871213913,0.12736909091472626,0
2025-12-24 15:30:00+00:00,0.12741944193840027,0.1280408352613449,0.12740720808506012,0.12802937626838684,3371392
2025-12-24 15:45:00+00:00,0.12806357443332672,0.12817814946174622,0.12806357443332672,0.12817594408988953,258048
2025-12-24 16:00:00+00:00,0.12829041481018066,0.12854264676570892,0.12829041481018066,0.12842446565628052,0
2025-12-24 16:15:00+00:00,0.12846334278583527,0.12861835956573486,0.1283080279827118,0.1283080279827118,0
2025-12-24 16:30:00+00:00,0.12827347218990326,0.12883572280406952,0.12827347218990326,0.12883572280406952,10073920
2025-12-24 16:45:00+00:00,0.12886229157447815,0.12891653180122375,0.12857119739055634,0.12857119739055634,409088
2025-12-24 17:00:00+00:00,0.12865392863750458,0.12878106534481049,0.12860822677612305,0.12870976328849792,325568
2025-12-24 17:15:00+00:00,0.12868957221508026,0.1287836730480194,0.1286773979663849,0.1287030130624771,0
2025-12-24 17:30:00+00:00,0.12869076430797577,0.12879201769828796,0.12838885188102722,0.1283915787935257,0
2025-12-24 17:45:00+00:00,0.12838932871818542,0.12838932871818542,0.1279817521572113,0.12798239290714264,0
2025-12-24 18:00:00+00:00,0.12789687514305115,0.12792643904685974,0.12765702605247498,0.1276778280735016,0
2025-12-24 18:15:00+00:00,0.12768368422985077,0.1280716508626938,0.12768368422985077,0.1280551254749298,0
2025-12-24 18:30:00+00:00,0.12804695963859558,0.12804695963859558,0.12793795764446259,0.1280394047498703,0
2025-12-24 18:45:00+00:00,0.12805049121379852,0.12805292010307312,0.12789952754974365,0.12790027260780334,0
2025-12-24 19:00:00+00:00,0.12789113819599152,0.12792089581489563,0.1278219074010849,0.1278219074010849,0
2025-12-24 19:15:00+00:00,0.12781207263469696,0.12781207263469696,0.12766294181346893,0.12766395509243011,0
2025-12-24 19:30:00+00:00,0.12766878306865692,0.12783832848072052,0.12766878306865692,0.12783832848072052,1449984
2025-12-24 19:45:00+00:00,0.12783858180046082,0.12804068624973297,0.12783858180046082,0.12804068624973297,454912
2025-12-24 20:00:00+00:00,0.12808457016944885,0.12818211317062378,0.12805597484111786,0.12818211317062378,0
2025-12-24 20:15:00+00:00,0.1281861662864685,0.12839874625205994,0.1281861662864685,0.12839874625205994,0
2025-12-24 20:30:00+00:00,0.12839755415916443,0.12845972180366516,0.12830205261707306,0.12830205261707306,0
2025-12-24 20:45:00+00:00,0.12830188870429993,0.12830916047096252,0.12810838222503662,0.12810838222503662,0
2025-12-24 21:00:00+00:00,0.12814711034297943,0.12844222784042358,0.12814711034297943,0.12834039330482483,210304
2025-12-24 21:15:00+00:00,0.1283414214849472,0.1283666342496872,0.12825903296470642,0.12831708788871765,6720
2025-12-24 21:30:00+00:00,0.1283131092786789,0.12852820754051208,0.12829560041427612,0.12852820754051208,2114176
2025-12-24 21:45:00+00:00,0.12860269844532013,0.12860269844532013,0.12842409312725067,0.12842409312725067,1705024
2025-12-24 22:00:00+00:00,0.12844674289226532,0.12880569696426392,0.12844674289226532,0.12880569696426392,1057152
2025-12-24 22:15:00+00:00,0.12879960238933563,0.12890984117984772,0.1287769079208374,0.12877827882766724,894976
2025-12-24 22:30:00+00:00,0.12878498435020447,0.12916333973407745,0.12878498435020447,0.12908850610256195,288960
2025-12-24 22:45:00+00:00,0.12909114360809326,0.1291223168373108,0.12906134128570557,0.12910909950733185,1093248
2025-12-24 23:00:00+00:00,0.12910909950733185,0.12910909950733185,0.1287781298160553,0.12882086634635925,1345408
2025-12-24 23:15:00+00:00,0.12882204353809357,0.12888309359550476,0.12858888506889343,0.12858888506889343,194368
2025-12-24 23:30:00+00:00,0.1285330355167389,0.12857094407081604,0.12851542234420776,0.12851542234420776,0
2025-12-24 23:45:00+00:00,0.1285204142332077,0.12855464220046997,0.1285204142332077,0.1285218745470047,0
2025-12-25 00:00:00+00:00,0.12847107648849487,0.12847353518009186,0.128374382853508,0.128374382853508,0
2025-12-25 00:15:00+00:00,0.12837828695774078,0.12848658859729767,0.12834866344928741,0.12834866344928741,0
2025-12-25 00:30:00+00:00,0.12833762168884277,0.1284169703722,0.1282489001750946,0.1282489001750946,180800
2025-12-25 00:45:00+00:00,0.12824398279190063,0.12824398279190063,0.12797555327415466,0.12797555327415466,0
2025-12-25 01:00:00+00:00,0.12797583639621735,0.12811237573623657,0.12794211506843567,0.12811237573623657,0
2025-12-25 01:15:00+00:00,0.1281409114599228,0.1282949000597,0.1281409114599228,0.12823854386806488,1113280
2025-12-25 01:30:00+00:00,0.12823669612407684,0.12823669612407684,0.1280623972415924,0.1282232254743576,36800
2025-12-25 01:45:00+00:00,0.12824979424476624,0.1285386085510254,0.12824979424476624,0.1285386085510254,0
2025-12-25 02:00:00+00:00,0.12853685021400452,0.12853685021400452,0.12840759754180908,0.12847056984901428,0
2025-12-25 02:15:00+00:00,0.12847697734832764,0.12862925231456757,0.12847697734832764,0.1285506784915924,0
2025-12-25 02:30:00+00:00,0.128566712141037,0.1287367343902588,0.128566712141037,0.1287367343902588,0
2025-12-25 02:45:00+00:00,0.1287423074245453,0.1288384199142456,0.12869687378406525,0.1286989450454712,0
2025-12-25 03:00:00+00:00,0.12871873378753662,0.12874045968055725,0.12863290309906006,0.1286388486623764,0
2025-12-25 03:15:00+00:00,0.12873639166355133,0.12883970141410828,0.12869083881378174,0.12875524163246155,351808
2025-12-25 03:30:00+00:00,0.1287422478199005,0.1287422478199005,0.12853914499282837,0.12853914499282837,0
2025-12-25 03:45:00+00:00,0.12854300439357758,0.12868689000606537,0.12851588428020477,0.1286865770816803,0
2025-12-25 04:00:00+00:00,0.1286882907152176,0.1287108212709427,0.12856602668762207,0.12856602668762207,0
2025-12-25 04:15:00+00:00,0.1285654902458191,0.12867051362991333,0.1285654902458191,0.12864574790000916,396224
2025-12-25 04:30:00+00:00,0.12864899635314941,0.1286585032939911,0.12857255339622498,0.12859989702701569,224960
2025-12-25 04:45:00+00:00,0.1285959780216217,0.12867988646030426,0.1285637617111206,0.12867014110088348,0
2025-12-25 05:00:00+00:00,0.12867242097854614,0.12867242097854614,0.12837933003902435,0.12837933003902435,0
2025-12-25 05:15:00+00:00,0.1283387839794159,0.1283569633960724,0.12830893695354462,0.1283264309167862,0
2025-12-25 05:30:00+00:00,0.1283249855041504,0.1283903270959854,0.1283232420682907,0.1283903270959854,1043392
2025-12-25 05:45:00+00:00,0.12838947772979736,0.12845295667648315,0.12837831676006317,0.12837831676006317,0
2025-12-25 06:00:00+00:00,0.1283736377954483,0.1283736377954483,0.12814292311668396,0.12814292311668396,0
2025-12-25 06:15:00+00:00,0.12813431024551392,0.1282154619693756,0.12813431024551392,0.1282154619693756,0
2025-12-25 06:30:00+00:00,0.12817947566509247,0.12828108668327332,0.12817741930484772,0.12825731933116913,0
2025-12-25 06:45:00+00:00,0.1282736212015152,0.12838195264339447,0.1282736212015152,0.12832948565483093,0
2025-12-25 07:00:00+00:00,0.1282917708158493,0.1282917708158493,0.12808309495449066,0.12808309495449066,895808
2025-12-25 07:15:00+00:00,0.12805864214897156,0.12805871665477753,0.12787768244743347,0.1278889924287796,0
2025-12-25 07:30:00+00:00,0.12785017490386963,0.12785303592681885,0.1277327835559845,0.1277327835559845,626048
2025-12-25 07:45:00+00:00,0.12773068249225616,0.12785594165325165,0.12772291898727417,0.12785594165325165,11264
2025-12-25 08:00:00+00:00,0.12785528600215912,0.12830963730812073,0.12784087657928467,0.12814222276210785,3211648
2025-12-25 08:15:00+00:00,0.128105029463768,0.128105029463768,0.12726004421710968,0.12726004421710968,9261888
2025-12-25 08:30:00+00:00,0.12726257741451263,0.12726257741451263,0.12700660526752472,0.12714530527591705,0
2025-12-25 08:45:00+00:00,0.12715889513492584,0.12735286355018616,0.12715889513492584,0.12735286355018616,4037568
2025-12-25 09:00:00+00:00,0.12735615670681,0.12735615670681,0.12713195383548737,0.12713195383548737,866880
2025-12-25 09:15:00+00:00,0.12713757157325745,0.12723352015018463,0.12713757157325745,0.12721817195415497,1081216
2025-12-25 09:30:00+00:00,0.12722845375537872,0.1272895485162735,0.12722845375537872,0.12724590301513672,0
2025-12-25 09:45:00+00:00,0.12728607654571533,0.12738357484340668,0.12728607654571533,0.12737473845481873,0
2025-12-25 10:00:00+00:00,0.12737751007080078,0.12737751007080078,0.12710842490196228,0.12710842490196228,980800
2025-12-25 10:15:00+00:00,0.12709203362464905,0.12709203362464905,0.12694916129112244,0.12697121500968933,1452416
2025-12-25 10:30:00+00:00,0.12692029774188995,0.12692029774188995,0.1260432004928589,0.1260504126548767,19867520
2025-12-25 10:45:00+00:00,0.12588348984718323,0.1259663850069046,0.12588348984718323,0.1259598731994629,10407360
2025-12-25 11:00:00+00:00,0.1259688436985016,0.12610962986946106,0.1259688436985016,0.12609469890594482,558592
2025-12-25 11:15:00+00:00,0.12609940767288208,0.1262325495481491,0.12609940767288208,0.12623195350170135,686080
2025-12-25 11:30:00+00:00,0.12633201479911804,0.12633201479911804,0.12620112299919128,0.12620112299919128,1677120
2025-12-25 11:45:00+00:00,0.126204714179039,0.12636886537075043,0.12619471549987793,0.1262943148612976,1218944
2025-12-25 12:00:00+00:00,0.1262856125831604,0.1262856125831604,0.1261686384677887,0.1261686384677887,987392
2025-12-25 12:15:00+00:00,0.12616746127605438,0.12638306617736816,0.12612126767635345,0.12638306617736816,1658176
2025-12-25 12:30:00+00:00,0.12642136216163635,0.12649933993816376,0.12642136216163635,0.12646706402301788,2316160
2025-12-25 12:45:00+00:00,0.1264868527650833,0.1265736073255539,0.12648099660873413,0.1265736073255539,152000
2025-12-25 13:00:00+00:00,0.12657596170902252,0.12657955288887024,0.12622696161270142,0.12622696161270142,1905088
2025-12-25 13:15:00+00:00,0.12624666094779968,0.12632840871810913,0.1260744333267212,0.12612441182136536,7838656
2025-12-25 13:30:00+00:00,0.1261284053325653,0.12624762952327728,0.12610378861427307,0.12624762952327728,2450432
2025-12-25 13:45:00+00:00,0.12627558410167694,0.12646335363388062,0.12627558410167694,0.12638059258460999,5811008
2025-12-25 14:00:00+00:00,0.12638254463672638,0.1264066994190216,0.12635774910449982,0.12639327347278595,1498176
2025-12-25 14:15:00+00:00,0.1263909935951233,0.1263909935951233,0.12605218589305878,0.12605218589305878,5391296
2025-12-25 14:30:00+00:00,0.12605732679367065,0.12619870901107788,0.12602828443050385,0.12619870901107788,531584
2025-12-25 14:45:00+00:00,0.12615074217319489,0.12635019421577454,0.12615074217319489,0.12631702423095703,0
2025-12-25 15:00:00+00:00,0.1263168603181839,0.12633049488067627,0.126247376203537,0.12630847096443176,0
2025-12-25 15:15:00+00:00,0.12631432712078094,0.1268276423215866,0.12631432712078094,0.1268276423215866,6025792
2025-12-25 15:30:00+00:00,0.12690488994121552,0.12699908018112183,0.12661698460578918,0.12699908018112183,3976576
2025-12-25 15:45:00+00:00,0.12793879210948944,0.12793879210948944,0.12766382098197937,0.12766382098197937,21792448
2025-12-25 16:00:00+00:00,0.12765397131443024,0.12765397131443024,0.12720011174678802,0.12726016342639923,835904
2025-12-25 16:15:00+00:00,0.12729157507419586,0.1277807652950287,0.12729157507419586,0.1277807652950287,6232704
2025-12-25 16:30:00+00:00,0.12782534956932068,0.12782534956932068,0.12761704623699188,0.12761704623699188,0
2025-12-25 16:45:00+00:00,0.12763051688671112,0.1276528686285019,0.12702922523021698,0.1270456463098526,3799936
2025-12-25 17:00:00+00:00,0.12703217566013336,0.12704691290855408,0.12693727016448975,0.12703722715377808,4079936
2025-12-25 17:15:00+00:00,0.12706312537193298,0.12706312537193298,0.1269110143184662,0.12699177861213684,3191872
2025-12-25 17:30:00+00:00,0.12697844207286835,0.12697844207286835,0.12678202986717224,0.12679491937160492,361152
2025-12-25 17:45:00+00:00,0.12679030001163483,0.1270616203546524,0.12677042186260223,0.12702676653862,0
2025-12-25 18:00:00+00:00,0.1270192265510559,0.12728723883628845,0.1270192265510559,0.12723669409751892,0
2025-12-25 18:15:00+00:00,0.12724226713180542,0.127276211977005,0.12715984880924225,0.12722958624362946,1087488
2025-12-25 18:30:00+00:00,0.12722568213939667,0.12743955850601196,0.12717875838279724,0.12743955850601196,4287744
2025-12-25 18:45:00+00:00,0.1274215131998062,0.12742185592651367,0.12733618915081024,0.12736539542675018,2182464
2025-12-25 19:00:00+00:00,0.127366304397583,0.1273708939552307,0.1272856891155243,0.1272856891155243,620416
2025-12-25 19:15:00+00:00,0.12728336453437805,0.12728336453437805,0.1270253211259842,0.1270253211259842,753984
2025-12-25 19:30:00+00:00,0.12701818346977234,0.12701818346977234,0.1269407868385315,0.12701262533664703,0
2025-12-25 19:45:00+00:00,0.1270202100276947,0.12704451382160187,0.1270073801279068,0.12702330946922302,689408
2025-12-25 20:00:00+00:00,0.1270223706960678,0.12704582512378693,0.12694643437862396,0.12704582512378693,139392
2025-12-25 20:15:00+00:00,0.1270533949136734,0.12714728713035583,0.12697409093379974,0.12697409093379974,1388928
2025-12-25 20:30:00+00:00,0.1268715262413025,0.12688614428043365,0.12672996520996094,0.12672996520996094,4544256
2025-12-25 20:45:00+00:00,0.12673237919807434,0.1269630640745163,0.12673237919807434,0.126931294798851,402624
2025-12-25 21:00:00+00:00,0.12694112956523895,0.1270819455385208,0.12694112956523895,0.1270819455385208,1136768
2025-12-25 21:15:00+00:00,0.1271050125360489,0.127161905169487,0.1271050125360489,0.1271497905254364,415808
2025-12-25 21:30:00+00:00,0.12716035544872284,0.1271667629480362,0.1270778477191925,0.12708544731140137,340928
2025-12-25 21:45:00+00:00,0.12706640362739563,0.12706942856311798,0.12693564593791962,0.1269412785768509,0
2025-12-25 22:00:00+00:00,0.1269243359565735,0.1269243359565735,0.12642301619052887,0.12643280625343323,2597568
2025-12-25 22:15:00+00:00,0.12641924619674683,0.12645192444324493,0.12636618316173553,0.12641960382461548,1618816
2025-12-25 22:30:00+00:00,0.12641401588916779,0.12642037868499756,0.12611976265907288,0.12611976265907288,885632
2025-12-25 22:45:00+00:00,0.12573301792144775,0.12573301792144775,0.1237562745809555,0.12387992441654205,51753664
2025-12-25 23:00:00+00:00,0.12384960055351257,0.12444887310266495,0.12384448200464249,0.12443681061267853,14514624
2025-12-25 23:15:00+00:00,0.12442952394485474,0.12449459731578827,0.12418361753225327,0.12419970333576202,6244864
2025-12-25 23:30:00+00:00,0.12395056337118149,0.12395056337118149,0.12325555086135864,0.12332256138324738,21395584
2025-12-25 23:45:00+00:00,0.12334702163934708,0.12354901432991028,0.12328365445137024,0.12354901432991028,21168064
2025-12-26 00:00:00+00:00,0.12355087697505951,0.12389575690031052,0.12346021085977554,0.12347274273633957,14166144
2025-12-26 00:15:00+00:00,0.1235073134303093,0.12359698861837387,0.12333499640226364,0.12351111322641373,9980544
2025-12-26 00:30:00+00:00,0.1235136091709137,0.1235136091709137,0.12332407385110855,0.12332407385110855,14209728
2025-12-26 00:45:00+00:00,0.12334443628787994,0.12346026301383972,0.12334443628787994,0.12346026301383972,8343936
2025-12-26 01:00:00+00:00,0.12348905205726624,0.12380756437778473,0.12348905205726624,0.12380756437778473,5034176
2025-12-26 01:15:00+00:00,0.12381360679864883,0.12395128607749939,0.12381360679864883,0.12394510954618454,5736512
2025-12-26 01:30:00+00:00,0.1239517331123352,0.12402700632810593,0.1239517331123352,0.12398307025432587,5171200
2025-12-26 01:45:00+00:00,0.12402217835187912,0.12402217835187912,0.1239435002207756,0.1239435002207756,4976128
2025-12-26 02:00:00+00:00,0.1239444687962532,0.12419453263282776,0.12387007474899292,0.12419453263282776,8175808
2025-12-26 02:15:00+00:00,0.12430804967880249,0.12683886289596558,0.12430804967880249,0.12672103941440582,64321472
2025-12-26 02:30:00+00:00,0.12667712569236755,0.1272161304950714,0.12651972472667694,0.12651972472667694,27440768
2025-12-26 02:45:00+00:00,0.1264762580394745,0.1264762580394745,0.12623231112957,0.12628696858882904,14045184
2025-12-26 03:00:00+00:00,0.12628056108951569,0.12630121409893036,0.1258946806192398,0.1259547919034958,12526080
2025-12-26 03:15:00+00:00,0.1259429007768631,0.1259429007768631,0.12562735378742218,0.12562735378742218,11563008
2025-12-26 03:30:00+00:00,0.12563619017601013,0.12563619017601013,0.12548670172691345,0.12548670172691345,6902208
2025-12-26 03:45:00+00:00,0.12553124129772186,0.12587416172027588,0.12553124129772186,0.12587416172027588,7515392
2025-12-26 04:00:00+00:00,0.12588557600975037,0.12588557600975037,0.12543463706970215,0.12545572221279144,12808448
2025-12-26 04:15:00+00:00,0.12546415627002716,0.12549328804016113,0.125424325466156,0.125424325466156,1468288
2025-12-26 04:30:00+00:00,0.1254650354385376,0.12565799057483673,0.1254650354385376,0.1256062537431717,5601920
2025-12-26 04:45:00+00:00,0.12566141784191132,0.12576302886009216,0.12543268501758575,0.1255677342414856,30637120
2025-12-26 05:00:00+00:00,0.12557338178157806,0.12558738887310028,0.125443696975708,0.125443696975708,4856704
2025-12-26 05:15:00+00:00,0.12543080747127533,0.12543080747127533,0.12527787685394287,0.1252816915512085,7929408
2025-12-26 05:30:00+00:00,0.1252865046262741,0.12532027065753937,0.1252695620059967,0.12529247999191284,4728064
2025-12-26 05:45:00+00:00,0.12532232701778412,0.12545692920684814,0.1252962350845337,0.12545692920684814,2170048
2025-12-26 06:00:00+00:00,0.12545384466648102,0.12577475607395172,0.12545384466648102,0.12577475607395172,2931456
2025-12-26 06:15:00+00:00,0.12577950954437256,0.1259623020887375,0.12577950954437256,0.1258503645658493,5196992
2025-12-26 06:30:00+00:00,0.12585021555423737,0.12593092024326324,0.12569378316402435,0.12593092024326324,5967744
2025-12-26 06:45:00+00:00,0.1259205937385559,0.1259850412607193,0.1257980614900589,0.1259850412607193,4578880
2025-12-26 07:00:00+00:00,0.12598328292369843,0.12598328292369843,0.12588711082935333,0.1259170025587082,1741568
2025-12-26 07:15:00+00:00,0.1260935664176941,0.1264643669128418,0.1260787546634674,0.1264643669128418,8496128
2025-12-26 07:30:00+00:00,0.12646658718585968,0.12646658718585968,0.12582048773765564,0.12583611905574799,6449088
2025-12-26 07:45:00+00:00,0.12585029006004333,0.12585949897766113,0.12534131109714508,0.12534131109714508,8154432
2025-12-26 08:00:00+00:00,0.12533847987651825,0.1256452351808548,0.12533847987651825,0.1255827248096466,2267136
2025-12-26 08:15:00+00:00,0.12559977173805237,0.12584969401359558,0.12559977173805237,0.125777468085289,0
2025-12-26 08:30:00+00:00,0.12577904760837555,0.12577904760837555,0.12551306188106537,0.12551306188106537,0
2025-12-26 08:45:00+00:00,0.1255134791135788,0.12566915154457092,0.12545402348041534,0.12566694617271423,0
2025-12-26 09:00:00+00:00,0.12567038834095,0.1257011890411377,0.1255219280719757,0.1255219280719757,410688
2025-12-26 09:15:00+00:00,0.12552239000797272,0.12564300000667572,0.12550760805606842,0.12563735246658325,1197696
2025-12-26 09:30:00+00:00,0.12563514709472656,0.1256858855485916,0.12563514709472656,0.12564608454704285,449408
2025-12-26 09:45:00+00:00,0.12570063769817352,0.1258765012025833,0.12570063769817352,0.12586809694766998,14235008
2025-12-26 10:00:00+00:00,0.1258510947227478,0.1258510947227478,0.12567134201526642,0.12569983303546906,0
2025-12-26 10:15:00+00:00,0.1257016360759735,0.1257016360759735,0.12557098269462585,0.1256357580423355,393792
2025-12-26 10:30:00+00:00,0.12567171454429626,0.12567251920700073,0.12560200691223145,0.12563425302505493,0
2025-12-26 10:45:00+00:00,0.12564250826835632,0.12572602927684784,0.12564250826835632,0.125675767660141,0
2025-12-26 11:00:00+00:00,0.12565982341766357,0.12565982341766357,0.12553292512893677,0.12553292512893677,0
2025-12-26 11:15:00+00:00,0.12553177773952484,0.12553177773952484,0.12540721893310547,0.12542082369327545,1403968
2025-12-26 11:30:00+00:00,0.12541858851909637,0.12545177340507507,0.12532635033130646,0.12532635033130646,386048
2025-12-26 11:45:00+00:00,0.1253296583890915,0.1253296583890915,0.12527450919151306,0.12531428039073944,0
2025-12-26 12:00:00+00:00,0.1253083050251007,0.12548798322677612,0.1253083050251007,0.12547707557678223,243328
2025-12-26 12:15:00+00:00,0.12543746829032898,0.12552013993263245,0.12539876997470856,0.1255180537700653,0
2025-12-26 12:30:00+00:00,0.1255190670490265,0.12568336725234985,0.1254909783601761,0.12568336725234985,517184
2025-12-26 12:45:00+00:00,0.12568946182727814,0.12574435770511627,0.12568946182727814,0.12569668889045715,857280
2025-12-26 13:00:00+00:00,0.12569725513458252,0.12592728435993195,0.12566770613193512,0.12592728435993195,1178048
2025-12-26 13:15:00+00:00,0.12591980397701263,0.12591980397701263,0.1257692575454712,0.1258123368024826,0
2025-12-26 13:30:00+00:00,0.12573957443237305,0.12593355774879456,0.1257309764623642,0.12593355774879456,631296
2025-12-26 13:45:00+00:00,0.1259344071149826,0.1261720061302185,0.1259344071149826,0.1261720061302185,2037504
2025-12-26 14:00:00+00:00,0.12615755200386047,0.12616360187530518,0.12598007917404175,0.12598007917404175,736000
2025-12-26 14:15:00+00:00,0.12597858905792236,0.12609215080738068,0.12597858905792236,0.12608422338962555,0
2025-12-26 14:30:00+00:00,0.1260661631822586,0.1260661631822586,0.12531892955303192,0.12531892955303192,9388992
2025-12-26 14:45:00+00:00,0.12528032064437866,0.12528032064437866,0.1228402778506279,0.12285799533128738,71302656
2025-12-26 15:00:00+00:00,0.1228247582912445,0.1228247582912445,0.12172900140285492,0.12172900140285492,55575168
2025-12-26 15:15:00+00:00,0.12172349542379379,0.12229519337415695,0.12166791409254074,0.12212438881397247,20988160
2025-12-26 15:30:00+00:00,0.12213557958602905,0.12221745401620865,0.12197648733854294,0.12197648733854294,10662784
2025-12-26 15:45:00+00:00,0.12198816984891891,0.12217045575380325,0.1218954399228096,0.12191329151391983,0
2025-12-26 16:00:00+00:00,0.1219584047794342,0.12208639085292816,0.12189113348722458,0.12189436703920364,5037696
2025-12-26 16:15:00+00:00,0.12188349664211273,0.12207016348838806,0.12187103182077408,0.12201981991529465,3179520
2025-12-26 16:30:00+00:00,0.12203063815832138,0.12209069728851318,0.12181570380926132,0.12182649970054626,12704128
2025-12-26 16:45:00+00:00,0.12182264029979706,0.1218518540263176,0.12119024246931076,0.12119408696889877,11235840
2025-12-26 17:00:00+00:00,0.12079400569200516,0.12099594622850418,0.12079400569200516,0.12093168497085571,13097728
2025-12-26 17:15:00+00:00,0.12096137553453445,0.1215057224035263,0.12096137553453445,0.1215057224035263,8322816
2025-12-26 17:30:00+00:00,0.12163688987493515,0.12167796492576599,0.121485635638237,0.12167796492576599,8240768
2025-12-26 17:45:00+00:00,0.12168809026479721,0.12182912230491638,0.12156271934509277,0.12158095091581345,4123904
2025-12-26 18:00:00+00:00,0.1215241551399231,0.12174637615680695,0.12150342762470245,0.12174637615680695,469888
2025-12-26 18:15:00+00:00,0.12175367772579193,0.12185925990343094,0.12175367772579193,0.12185925990343094,2969600
2025-12-26 18:30:00+00:00,0.12185933440923691,0.12208662927150726,0.12181416153907776,0.12206770479679108,1736064
2025-12-26 18:45:00+00:00,0.12204936891794205,0.12204936891794205,0.12179558724164963,0.12179558724164963,2220544
2025-12-26 19:00:00+00:00,0.121790312230587,0.12207096815109253,0.12178483605384827,0.12201172113418579,2443520
2025-12-26 19:15:00+00:00,0.12200416624546051,0.12201657891273499,0.12192236632108688,0.12199606746435165,3601792
2025-12-26 19:30:00+00:00,0.12198471277952194,0.12216506153345108,0.12196779996156693,0.12214342504739761,2947072
2025-12-26 19:45:00+00:00,0.1221509724855423,0.12222130596637726,0.12206357717514038,0.1220739558339119,2605568
2025-12-26 20:00:00+00:00,0.12206818908452988,0.12207122892141342,0.12191479653120041,0.12191560864448547,5346432
2025-12-26 20:15:00+00:00,0.12192671000957489,0.12221993505954742,0.12186272442340851,0.12221993505954742,2715008
2025-12-26 20:30:00+00:00,0.12219618260860443,0.12219618260860443,0.12211062014102936,0.12214107066392899,1081216
2025-12-26 20:45:00+00:00,0.12218008935451508,0.12240580469369888,0.12217312306165695,0.12218082696199417,8821504
2025-12-26 21:00:00+00:00,0.12217704206705093,0.12217704206705093,0.12185776233673096,0.12189614027738571,2634880
2025-12-26 21:15:00+00:00,0.12188266217708588,0.12192836403846741,0.12188266217708588,0.12192792445421219,2638080
2025-12-26 21:30:00+00:00,0.12193922698497772,0.1219506785273552,0.12185993045568466,0.12190410494804382,1226240
2025-12-26 21:45:00+00:00,0.12190032005310059,0.12195319682359695,0.12180516868829727,0.12180516868829727,2957056
2025-12-26 22:00:00+00:00,0.12174361944198608,0.12206587940454483,0.12174361944198608,0.12205180525779724,0
2025-12-26 22:15:00+00:00,0.12200955301523209,0.12204956263303757,0.12196405977010727,0.12197079509496689,3628160
2025-12-26 22:30:00+00:00,0.12196876108646393,0.12198645621538162,0.12188471108675003,0.12188471108675003,1897088
2025-12-26 22:45:00+00:00,0.12182725220918655,0.12194747477769852,0.12181699275970459,0.1219436377286911,0
2025-12-26 23:00:00+00:00,0.12201475352048874,0.12201475352048874,0.12197913229465485,0.12199198454618454,0
2025-12-26 23:15:00+00:00,0.12199907004833221,0.12200582027435303,0.12183678150177002,0.12197358161211014,2602624
2025-12-26 23:30:00+00:00,0.12197307497262955,0.12200217694044113,0.12188658118247986,0.12188658118247986,0
2025-12-26 23:45:00+00:00,0.12188797444105148,0.122013159096241,0.12188634276390076,0.1220058724284172,0
2025-12-27 00:00:00+00:00,0.12202468514442444,0.12203006446361542,0.12200059741735458,0.12201628088951111,0
2025-12-27 00:15:00+00:00,0.12201222032308578,0.12201222032308578,0.12192104011774063,0.12193227559328079,0
2025-12-27 00:30:00+00:00,0.12194807827472687,0.12227502465248108,0.12194807827472687,0.12227502465248108,0
2025-12-27 00:45:00+00:00,0.12228981405496597,0.12234463542699814,0.12214545905590057,0.12214616686105728,0
2025-12-27 01:00:00+00:00,0.12215502560138702,0.12222742289304733,0.12215502560138702,0.12222742289304733,0
2025-12-27 01:15:00+00:00,0.12223026901483536,0.12226127088069916,0.1221189945936203,0.12216081470251083,0
2025-12-27 01:30:00+00:00,0.12215820699930191,0.12224221229553223,0.12215820699930191,0.12223795801401138,0
2025-12-27 01:45:00+00:00,0.1222415566444397,0.12240283936262131,0.1222415566444397,0.12240283936262131,0
2025-12-27 02:00:00+00:00,0.1225227490067482,0.1225227490067482,0.12234227359294891,0.12247379869222641,0
2025-12-27 02:15:00+00:00,0.12247496843338013,0.1224840059876442,0.1223737969994545,0.1223737969994545,0
2025-12-27 02:30:00+00:00,0.12239468097686768,0.12252528965473175,0.12239468097686768,0.12252528965473175,0
2025-12-27 02:45:00+00:00,0.12254166603088379,0.12265954911708832,0.12254166603088379,0.12260374426841736,0
2025-12-27 03:00:00+00:00,0.12260021269321442,0.1226285770535469,0.12252932041883469,0.12252932041883469,0
2025-12-27 03:15:00+00:00,0.12253106385469437,0.12285790592432022,0.12253106385469437,0.12285555899143219,0
2025-12-27 03:30:00+00:00,0.12285436689853668,0.12318231910467148,0.12284562736749649,0.12315411120653152,794240
2025-12-27 03:45:00+00:00,0.12315153330564499,0.12315153330564499,0.12307491898536682,0.12312083691358566,0
2025-12-27 04:00:00+00:00,0.1231963261961937,0.1231963261961937,0.12294910103082657,0.12295065820217133,0
2025-12-27 04:15:00+00:00,0.12295776605606079,0.12296591699123383,0.12291241437196732,0.12291288375854492,0
2025-12-27 04:30:00+00:00,0.12291393429040909,0.12291393429040909,0.12282755225896835,0.12285766750574112,0
2025-12-27 04:45:00+00:00,0.12284839153289795,0.12284839153289795,0.12275786697864532,0.12276001274585724,0
2025-12-27 05:00:00+00:00,0.12275329232215881,0.12280354648828506,0.12274068593978882,0.12274068593978882,0
2025-12-27 05:15:00+00:00,0.12274084985256195,0.12274716049432755,0.12270872294902802,0.12272780388593674,0
2025-12-27 05:30:00+00:00,0.12272875756025314,0.12276230752468109,0.12271750718355179,0.12274463474750519,0
2025-12-27 05:45:00+00:00,0.122752845287323,0.12280609458684921,0.122752845287323,0.12277086079120636,0
2025-12-27 06:00:00+00:00,0.1227785274386406,0.12279725074768066,0.1227470338344574,0.12278589606285095,0
2025-12-27 06:15:00+00:00,0.12278246879577637,0.12278246879577637,0.12265294790267944,0.12266052514314651,0
2025-12-27 06:30:00+00:00,0.12266148626804352,0.12266148626804352,0.122601218521595,0.12265723198652267,0
2025-12-27 06:45:00+00:00,0.12265437096357346,0.12266281992197037,0.12261313199996948,0.1226147934794426,0
2025-12-27 07:00:00+00:00,0.12262415885925293,0.12292926013469696,0.12262415885925293,0.12288801372051239,0
2025-12-27 07:15:00+00:00,0.12288309633731842,0.12301686406135559,0.12287319451570511,0.12296991795301437,0
2025-12-27 07:30:00+00:00,0.12295758724212646,0.12295758724212646,0.12276330590248108,0.12276691198348999,0
2025-12-27 07:45:00+00:00,0.12276683747768402,0.12276683747768402,0.1226741150021553,0.1226741150021553,0
2025-12-27 08:00:00+00:00,0.1226440817117691,0.12271536886692047,0.1226440817117691,0.12264901399612427,0
2025-12-27 08:15:00+00:00,0.12262212485074997,0.12268596887588501,0.12262046337127686,0.12268596887588501,241472
2025-12-27 08:30:00+00:00,0.12267398089170456,0.12267398089170456,0.12260724604129791,0.1226123496890068,112384
2025-12-27 08:45:00+00:00,0.12261024117469788,0.12262126803398132,0.12246045470237732,0.12246045470237732,1347136
2025-12-27 09:00:00+00:00,0.12246029078960419,0.12258154153823853,0.12246029078960419,0.12258154153823853,0
2025-12-27 09:15:00+00:00,0.12258505821228027,0.12268013507127762,0.12258505821228027,0.12262405455112457,0
2025-12-27 09:30:00+00:00,0.12261207401752472,0.12262902408838272,0.12257922440767288,0.12262902408838272,1045696
2025-12-27 09:45:00+00:00,0.12265254557132721,0.1226741150021553,0.12262791395187378,0.12262791395187378,0
2025-12-27 10:00:00+00:00,0.12261708825826645,0.12265939265489578,0.12261383980512619,0.12265309691429138,0
2025-12-27 10:15:00+00:00,0.12264574319124222,0.12264574319124222,0.12256120145320892,0.12256120145320892,2064576
2025-12-27 10:30:00+00:00,0.1225537359714508,0.1225537359714508,0.12227386981248856,0.12227492779493332,4952960
2025-12-27 10:45:00+00:00,0.12227308005094528,0.12232755869626999,0.12224963307380676,0.12232755869626999,1330304
2025-12-27 11:00:00+00:00,0.12238450348377228,0.12238450348377228,0.12226846814155579,0.12226846814155579,769600
2025-12-27 11:15:00+00:00,0.12232796847820282,0.12266957759857178,0.12232238799333572,0.12261715531349182,632256
2025-12-27 11:30:00+00:00,0.12263445556163788,0.12275528907775879,0.12263445556163788,0.1227230429649353,914112
2025-12-27 11:45:00+00:00,0.12270642817020416,0.12295706570148468,0.12270642817020416,0.12295325100421906,5012160
2025-12-27 12:00:00+00:00,0.12300271540880203,0.12323150783777237,0.12300271540880203,0.12301979213953018,6208960
2025-12-27 12:15:00+00:00,0.12297558784484863,0.12297558784484863,0.12289180606603622,0.12290127575397491,3162944
2025-12-27 12:30:00+00:00,0.12290410697460175,0.12291023880243301,0.12287695705890656,0.12287695705890656,587136
2025-12-27 12:45:00+00:00,0.12287765741348267,0.12288466840982437,0.12282164394855499,0.12282164394855499,107584
2025-12-27 13:00:00+00:00,0.12283767759799957,0.12285242229700089,0.1227462962269783,0.1227462962269783,154496
2025-12-27 13:15:00+00:00,0.12274909764528275,0.12280499935150146,0.12264832854270935,0.12267817556858063,703360
2025-12-27 13:30:00+00:00,0.1226804330945015,0.12279842793941498,0.1226804330945015,0.12279842793941498,965248
2025-12-27 13:45:00+00:00,0.12279720604419708,0.12284082174301147,0.12267841398715973,0.1226794570684433,0
2025-12-27 14:00:00+00:00,0.12267779558897018,0.12267779558897018,0.12250255793333054,0.12253456562757492,0
2025-12-27 14:15:00+00:00,0.12252719700336456,0.12258400768041611,0.1224994882941246,0.12250764667987823,0
2025-12-27 14:30:00+00:00,0.12251397222280502,0.12278468161821365,0.12251397222280502,0.12278343737125397,0
2025-12-27 14:45:00+00:00,0.12278658151626587,0.1228407472372055,0.12274793535470963,0.12275519967079163,0
2025-12-27 15:00:00+00:00,0.1227281466126442,0.12286671251058578,0.12272414565086365,0.12285810708999634,0
2025-12-27 15:15:00+00:00,0.12286745756864548,0.1229010745882988,0.12280920147895813,0.12285377085208893,0
2025-12-27 15:30:00+00:00,0.12285476177930832,0.1229964941740036,0.12285476177930832,0.12295880168676376,0
2025-12-27 15:45:00+00:00,0.12295228242874146,0.12304851412773132,0.12295228242874146,0.12300454825162888,0
2025-12-27 16:00:00+00:00,0.1230023130774498,0.12311884015798569,0.12298040091991425,0.12308420240879059,0
2025-12-27 16:15:00+00:00,0.12307985126972198,0.12307985126972198,0.1229245737195015,0.1229245737195015,0
2025-12-27 16:30:00+00:00,0.12291235476732254,0.12304713577032089,0.12288974225521088,0.12299122661352158,0
2025-12-27 16:45:00+00:00,0.12297967076301575,0.12297967076301575,0.12269701063632965,0.12269701063632965,0
2025-12-27 17:00:00+00:00,0.1226782500743866,0.1227124035358429,0.12264295667409897,0.12264295667409897,0
2025-12-27 17:15:00+00:00,0.12265393137931824,0.12282200902700424,0.12265393137931824,0.12282200902700424,0
2025-12-27 17:30:00+00:00,0.12282758951187134,0.12283407151699066,0.12272925674915314,0.12272925674915314,0
2025-12-27 17:45:00+00:00,0.12273656576871872,0.12290282547473907,0.12273656576871872,0.12290282547473907,0
2025-12-27 18:00:00+00:00,0.12289922684431076,0.12289922684431076,0.12282656878232956,0.12282656878232956,0
2025-12-27 18:15:00+00:00,0.12282661348581314,0.12290633469820023,0.12281043082475662,0.12290633469820023,0
2025-12-27 18:30:00+00:00,0.1229681596159935,0.1229681596159935,0.12290684878826141,0.12290684878826141,55008
2025-12-27 18:45:00+00:00,0.12290997058153152,0.12290997058153152,0.12282737344503403,0.12282992899417877,0
2025-12-27 19:00:00+00:00,0.12283285707235336,0.12283918261528015,0.12278813123703003,0.12282238155603409,0
2025-12-27 19:15:00+00:00,0.12282440066337585,0.12288055568933487,0.12282440066337585,0.12285921722650528,0
2025-12-27 19:30:00+00:00,0.12285985797643661,0.12286936491727829,0.12277962267398834,0.12278218567371368,278624
2025-12-27 19:45:00+00:00,0.12278678268194199,0.12283812463283539,0.12278678268194199,0.1228092685341835,0
2025-12-27 20:00:00+00:00,0.1228136420249939,0.12312391400337219,0.1228136420249939,0.12303794920444489,567616
2025-12-27 20:15:00+00:00,0.12303681671619415,0.12307794392108917,0.12294891476631165,0.12295662611722946,0
2025-12-27 20:30:00+00:00,0.12295744568109512,0.12299972772598267,0.12294045090675354,0.12295683473348618,0
2025-12-27 20:45:00+00:00,0.12295777350664139,0.12296044826507568,0.12290029227733612,0.12290739268064499,0
2025-12-27 21:00:00+00:00,0.12293914705514908,0.12322934716939926,0.12293914705514908,0.12322934716939926,0
2025-12-27 21:15:00+00:00,0.12326778471469879,0.12343678623437881,0.12326778471469879,0.12330982089042664,5212960
2025-12-27 21:30:00+00:00,0.12330992519855499,0.12342507392168045,0.12330468744039536,0.1233767420053482,154624
2025-12-27 21:45:00+00:00,0.12336920201778412,0.12348883599042892,0.12333640456199646,0.12348883599042892,1899008
2025-12-27 22:00:00+00:00,0.12355310469865799,0.12361730635166168,0.12349771708250046,0.12361730635166168,798432
2025-12-27 22:15:00+00:00,0.12403172254562378,0.12406134605407715,0.1237671971321106,0.1237732544541359,7236032
2025-12-27 22:30:00+00:00,0.12369590252637863,0.12369590252637863,0.12334560602903366,0.12334560602903366,0
2025-12-27 22:45:00+00:00,0.12332972884178162,0.12332972884178162,0.1231851726770401,0.12331066280603409,566048
2025-12-27 23:00:00+00:00,0.12329234182834625,0.12356087565422058,0.12327411025762558,0.12356087565422058,0
2025-12-27 23:15:00+00:00,0.12358365952968597,0.12403359264135361,0.12358326464891434,0.12403359264135361,2489184
2025-12-27 23:30:00+00:00,0.12402734905481339,0.12402983754873276,0.12389758974313736,0.12389758974313736,1165440
2025-12-27 23:45:00+00:00,0.12386856228113174,0.12439766526222229,0.12386856228113174,0.12422087788581848,19591456
2025-12-28 00:00:00+00:00,0.12422439455986023,0.12436850368976593,0.12422439455986023,0.12428823113441467,2284576
2025-12-28 00:15:00+00:00,0.12423843890428543,0.12424566596746445,0.1241018995642662,0.1241018995642662,1639776
2025-12-28 00:30:00+00:00,0.12409215420484543,0.12409215420484543,0.12399283796548843,0.12405616790056229,2170208
2025-12-28 00:45:00+00:00,0.12404967844486237,0.12414320558309555,0.12401282042264938,0.12401282042264938,446656
2025-12-28 01:00:00+00:00,0.12401359528303146,0.1240704357624054,0.12398547679185867,0.12398547679185867,483136
2025-12-28 01:15:00+00:00,0.123972587287426,0.123972587287426,0.12369196861982346,0.1237051784992218,3303264
2025-12-28 01:30:00+00:00,0.1237085685133934,0.12377656996250153,0.12367776036262512,0.12372535467147827,1905856
2025-12-28 01:45:00+00:00,0.12371139973402023,0.12371139973402023,0.12366955727338791,0.12370471656322479,294752
2025-12-28 02:00:00+00:00,0.12370594590902328,0.12382000684738159,0.12370523810386658,0.12381425499916077,604352
2025-12-28 02:15:00+00:00,0.12380655854940414,0.12402934581041336,0.12380655854940414,0.12402934581041336,192800
2025-12-28 02:30:00+00:00,0.12407679855823517,0.12415074557065964,0.1240631714463234,0.1240631714463234,845664
2025-12-28 02:45:00+00:00,0.12406260520219803,0.12409847974777222,0.12396973371505737,0.12398268282413483,220960
2025-12-28 03:00:00+00:00,0.12397539615631104,0.12398062646389008,0.12394759058952332,0.12395954877138138,1567104
2025-12-28 03:15:00+00:00,0.12398029863834381,0.12399964779615402,0.12394940108060837,0.12395092099905014,461088
2025-12-28 03:30:00+00:00,0.12395083904266357,0.12404979765415192,0.12395083904266357,0.12400597333908081,0
2025-12-28 03:45:00+00:00,0.12399951368570328,0.12404687702655792,0.12397018820047379,0.12404687702655792,0
2025-12-28 04:00:00+00:00,0.12404564768075943,0.12408995628356934,0.12398751080036163,0.12408995628356934,153696
2025-12-28 04:15:00+00:00,0.12408404052257538,0.12408404052257538,0.12404093146324158,0.1240546926856041,0
2025-12-28 04:30:00+00:00,0.1240677610039711,0.12407248467206955,0.1239987462759018,0.12405146658420563,884160
2025-12-28 04:45:00+00:00,0.1240510568022728,0.1240510568022728,0.12396811693906784,0.1239696517586708,0
2025-12-28 05:00:00+00:00,0.12396857142448425,0.12396857142448425,0.12387575954198837,0.12391918897628784,308352
2025-12-28 05:15:00+00:00,0.12392044812440872,0.1239372044801712,0.123809315264225,0.12381245195865631,1251648
2025-12-28 05:30:00+00:00,0.12381330877542496,0.12394300103187561,0.12381330877542496,0.12393677979707718,1394880
2025-12-28 05:45:00+00:00,0.12392745167016983,0.12392745167016983,0.12382696568965912,0.12382759153842926,1592128
2025-12-28 06:00:00+00:00,0.12382775545120239,0.12386327236890793,0.12381598353385925,0.12385503202676773,0
2025-12-28 06:15:00+00:00,0.12385957688093185,0.12394751608371735,0.1238526925444603,0.12391232699155807,2772992
2025-12-28 06:30:00+00:00,0.12393829226493835,0.12416192889213562,0.12393829226493835,0.12416192889213562,7164960
2025-12-28 06:45:00+00:00,0.12415773421525955,0.12415773421525955,0.12405335903167725,0.12408880144357681,581792
2025-12-28 07:00:00+00:00,0.12408231943845749,0.12420505285263062,0.12408103048801422,0.12420505285263062,92032
2025-12-28 07:15:00+00:00,0.12420923262834549,0.12422407418489456,0.1241302415728569,0.1241302415728569,0
2025-12-28 07:30:00+00:00,0.12413233518600464,0.12413233518600464,0.1240701824426651,0.1240701824426651,567136
2025-12-28 07:45:00+00:00,0.12406997382640839,0.12413095682859421,0.12406811118125916,0.12408269941806793,607552
2025-12-28 08:00:00+00:00,0.12407993525266647,0.12413813173770905,0.12407993525266647,0.12412016838788986,363296
2025-12-28 08:15:00+00:00,0.12412083894014359,0.12412428110837936,0.12390649318695068,0.12391050904989243,448224
2025-12-28 08:30:00+00:00,0.1239076629281044,0.12407699227333069,0.12388667464256287,0.12407699227333069,2192480
2025-12-28 08:45:00+00:00,0.12407159060239792,0.12407229840755463,0.12401822209358215,0.1240336149930954,363168
2025-12-28 09:00:00+00:00,0.12398004531860352,0.12398122251033783,0.12387149780988693,0.12389929592609406,354912
2025-12-28 09:15:00+00:00,0.12388889491558075,0.12388889491558075,0.12385788559913635,0.1238812804222107,304992
2025-12-28 09:30:00+00:00,0.1238817423582077,0.1238853856921196,0.12361366301774979,0.12361366301774979,5862720
2025-12-28 09:45:00+00:00,0.12361222505569458,0.12361222505569458,0.12354568392038345,0.12358338385820389,1533376
2025-12-28 10:00:00+00:00,0.12358804792165756,0.12395698577165604,0.12358804792165756,0.12394619733095169,3439712
2025-12-28 10:15:00+00:00,0.12394765019416809,0.12398364394903183,0.1239292249083519,0.1239810585975647,0
2025-12-28 10:30:00+00:00,0.12398446351289749,0.12405501306056976,0.12388463318347931,0.12388463318347931,1390272
2025-12-28 10:45:00+00:00,0.12388132512569427,0.12388132512569427,0.12380126118659973,0.12380126118659973,0
2025-12-28 11:00:00+00:00,0.12380101531744003,0.12395366281270981,0.12379544228315353,0.12394998967647552,0
2025-12-28 11:15:00+00:00,0.12397143244743347,0.12401805073022842,0.1239645853638649,0.12397731840610504,0
2025-12-28 11:30:00+00:00,0.12397543340921402,0.12397543340921402,0.12377118319272995,0.12377118319272995,0
2025-12-28 11:45:00+00:00,0.12377510219812393,0.12387137115001678,0.12375805526971817,0.12387082725763321,0
2025-12-28 12:00:00+00:00,0.1238725483417511,0.1238725483417511,0.12383576482534409,0.12385647743940353,0
2025-12-28 12:15:00+00:00,0.1238805428147316,0.12403559684753418,0.1238805428147316,0.12403260916471481,0
2025-12-28 12:30:00+00:00,0.12403850257396698,0.12405379116535187,0.12390816956758499,0.12390816956758499,1192384
2025-12-28 12:45:00+00:00,0.1239105835556984,0.1239105835556984,0.12384171783924103,0.12384171783924103,7616
2025-12-28 13:00:00+00:00,0.12384215742349625,0.12399560213088989,0.12384215742349625,0.12392319738864899,48448
2025-12-28 13:15:00+00:00,0.12392386794090271,0.12398873269557953,0.12390351295471191,0.12396826595067978,0
2025-12-28 13:30:00+00:00,0.1239614263176918,0.12401653081178665,0.12392456829547882,0.12401141226291656,0
2025-12-28 13:45:00+00:00,0.12401363253593445,0.12403649091720581,0.12398732453584671,0.12403649091720581,1436800
2025-12-28 14:00:00+00:00,0.1240377351641655,0.12427223473787308,0.1240377351641655,0.12427223473787308,1858400
2025-12-28 14:15:00+00:00,0.12425930798053741,0.12437473237514496,0.12425171583890915,0.12430346012115479,6145632
2025-12-28 14:30:00+00:00,0.12432985007762909,0.12454230338335037,0.12432985007762909,0.12454230338335037,4778112
2025-12-28 14:45:00+00:00,0.12454117089509964,0.12458595633506775,0.12441637367010117,0.12441637367010117,3059360
2025-12-28 15:00:00+00:00,0.12441949546337128,0.12462560087442398,0.12439963221549988,0.12461740523576736,2470304
2025-12-28 15:15:00+00:00,0.12465810775756836,0.12472031265497208,0.1245986744761467,0.1245986744761467,1798016
2025-12-28 15:30:00+00:00,0.12459412962198257,0.12459412962198257,0.12430503964424133,0.12430503964424133,431808
2025-12-28 15:45:00+00:00,0.12430313229560852,0.12435692548751831,0.12417478114366531,0.12417478114366531,492416
2025-12-28 16:00:00+00:00,0.12417492270469666,0.1243736743927002,0.12417492270469666,0.12436579167842865,0
2025-12-28 16:15:00+00:00,0.12437161803245544,0.12451338022947311,0.12425165623426437,0.12425165623426437,0
2025-12-28 16:30:00+00:00,0.12425077706575394,0.12425077706575394,0.12410837411880493,0.12410837411880493,123808
2025-12-28 16:45:00+00:00,0.12409292161464691,0.12409292161464691,0.12401174753904343,0.12402790039777756,0
2025-12-28 17:00:00+00:00,0.12403016537427902,0.12432137131690979,0.12403016537427902,0.12432137131690979,194144
2025-12-28 17:15:00+00:00,0.12433011829853058,0.12443111836910248,0.12430032342672348,0.12430114299058914,351200
2025-12-28 17:30:00+00:00,0.12429753690958023,0.12429753690958023,0.12417416274547577,0.12418172508478165,541344
2025-12-28 17:45:00+00:00,0.12418361753225327,0.12421149760484695,0.12414970993995667,0.12414974719285965,231328
2025-12-28 18:00:00+00:00,0.12414990365505219,0.124156154692173,0.12388730049133301,0.12388730049133301,3054752
2025-12-28 18:15:00+00:00,0.12387717515230179,0.12387717515230179,0.12337099760770798,0.12361720204353333,18487968
2025-12-28 18:30:00+00:00,0.12363418936729431,0.12373968958854675,0.12363418936729431,0.12371248751878738,207360
2025-12-28 18:45:00+00:00,0.12369883805513382,0.12369883805513382,0.12331782281398773,0.12331782281398773,2981888
2025-12-28 19:00:00+00:00,0.12326966226100922,0.12348797917366028,0.12322980910539627,0.12348797917366028,3731328
2025-12-28 19:15:00+00:00,0.12357453256845474,0.1235756054520607,0.12345007807016373,0.12345007807016373,2994912
2025-12-28 19:30:00+00:00,0.12344051152467728,0.12345054000616074,0.12337193638086319,0.12339375168085098,4070976
2025-12-28 19:45:00+00:00,0.12338833510875702,0.12340572476387024,0.12331327050924301,0.12338168919086456,339936
2025-12-28 20:00:00+00:00,0.12338174879550934,0.12338648736476898,0.12320497632026672,0.12331398576498032,770752
2025-12-28 20:15:00+00:00,0.12336453050374985,0.12339061498641968,0.12333403527736664,0.12333433330059052,1041376
2025-12-28 20:30:00+00:00,0.12333088368177414,0.12336526811122894,0.12330686300992966,0.12336526811122894,29088
2025-12-28 20:45:00+00:00,0.12336433678865433,0.12341918051242828,0.12326756864786148,0.12326756864786148,255776
2025-12-28 21:00:00+00:00,0.12326585501432419,0.12326585501432419,0.122825987637043,0.12291206419467926,6715616
2025-12-28 21:15:00+00:00,0.12291283160448074,0.12294138967990875,0.12281547486782074,0.12287242710590363,0
2025-12-28 21:30:00+00:00,0.1228732019662857,0.12322941422462463,0.1228732019662857,0.12319701164960861,2912288
2025-12-28 21:45:00+00:00,0.12319742143154144,0.12331847101449966,0.12319742143154144,0.12331847101449966,0
2025-12-28 22:00:00+00:00,0.12331629544496536,0.12332141399383545,0.12318453937768936,0.12318453937768936,0
2025-12-28 22:15:00+00:00,0.12315154075622559,0.12316939234733582,0.12303278595209122,0.12316939234733582,0
2025-12-28 22:30:00+00:00,0.12315310537815094,0.12326807528734207,0.12309367209672928,0.12326807528734207,0
2025-12-28 22:45:00+00:00,0.12327174097299576,0.12386375665664673,0.12327174097299576,0.12386362999677658,1889344
2025-12-28 23:00:00+00:00,0.12385910749435425,0.12385910749435425,0.12341583520174026,0.12341583520174026,2829888
2025-12-28 23:15:00+00:00,0.12340748310089111,0.12354282289743423,0.12337896227836609,0.12344382703304291,0
2025-12-28 23:30:00+00:00,0.1234368160367012,0.1236063614487648,0.12331587821245193,0.1236063614487648,317344
2025-12-28 23:45:00+00:00,0.12359951436519623,0.12383034825325012,0.12359951436519623,0.12382310628890991,0
2025-12-29 00:00:00+00:00,0.12382819503545761,0.12388204038143158,0.12379356473684311,0.12388204038143158,0
2025-12-29 00:15:00+00:00,0.12386877834796906,0.1244334802031517,0.1238660141825676,0.1244334802031517,4959552
2025-12-29 00:30:00+00:00,0.12445059418678284,0.12529073655605316,0.12445059418678284,0.12508948147296906,27236096
2025-12-29 00:45:00+00:00,0.12505774199962616,0.12514187395572662,0.12505574524402618,0.1250731348991394,6477280
2025-12-29 01:00:00+00:00,0.12506791949272156,0.12506791949272156,0.1246696189045906,0.12467265874147415,2309696
2025-12-29 01:15:00+00:00,0.12466637045145035,0.12478315830230713,0.12460494786500931,0.1247720718383789,746304
2025-12-29 01:30:00+00:00,0.12477131932973862,0.12561829388141632,0.12472260743379593,0.12561829388141632,15542688
2025-12-29 01:45:00+00:00,0.1256115883588791,0.12574122846126556,0.12550778687000275,0.1256113052368164,18608128
2025-12-29 02:00:00+00:00,0.12561804056167603,0.1266351342201233,0.12561804056167603,0.12655405700206757,37360864
2025-12-29 02:15:00+00:00,0.12661051750183105,0.1267165094614029,0.1261330097913742,0.12623420357704163,17950912
2025-12-29 02:30:00+00:00,0.12635588645935059,0.12635588645935059,0.12604396045207977,0.12610988318920135,8126016
2025-12-29 02:45:00+00:00,0.12611424922943115,0.126279816031456,0.12610246241092682,0.12627023458480835,3288256
2025-12-29 03:00:00+00:00,0.1262945681810379,0.12652595341205597,0.1262945681810379,0.12652595341205597,5149952
2025-12-29 03:15:00+00:00,0.12652812898159027,0.12652812898159027,0.12643307447433472,0.12645547091960907,3652224
2025-12-29 03:30:00+00:00,0.12644673883914948,0.12706272304058075,0.1263986974954605,0.12706272304058075,20748352
2025-12-29 03:45:00+00:00,0.12715359032154083,0.12750773131847382,0.12715359032154083,0.12747512757778168,20041984
2025-12-29 04:00:00+00:00,0.12745220959186554,0.12759773433208466,0.12744475901126862,0.12752307951450348,14670208
2025-12-29 04:15:00+00:00,0.12761926651000977,0.12781696021556854,0.12747544050216675,0.12747544050216675,14188544
2025-12-29 04:30:00+00:00,0.12749150395393372,0.12765535712242126,0.1274561882019043,0.1275314837694168,5820736
2025-12-29 04:45:00+00:00,0.12752966582775116,0.12752966582775116,0.12728673219680786,0.12728673219680786,14557440
2025-12-29 05:00:00+00:00,0.12726768851280212,0.12734578549861908,0.12721040844917297,0.12734578549861908,3207488
2025-12-29 05:15:00+00:00,0.12736430764198303,0.1274023801088333,0.12717556953430176,0.12717556953430176,4370816
2025-12-29 05:30:00+00:00,0.12717364728450775,0.12717753648757935,0.12708714604377747,0.12716327607631683,5943744
2025-12-29 05:45:00+00:00,0.12716400623321533,0.12720368802547455,0.12689657509326935,0.12689657509326935,6862784
2025-12-29 06:00:00+00:00,0.12679892778396606,0.1268673688173294,0.1266108751296997,0.1268673688173294,7935424
2025-12-29 06:15:00+00:00,0.12686213850975037,0.12700404226779938,0.1268419474363327,0.1268419474363327,1761664
2025-12-29 06:30:00+00:00,0.12679293751716614,0.126834899187088,0.1267857849597931,0.12681986391544342,6071872
2025-12-29 06:45:00+00:00,0.12681913375854492,0.1268460601568222,0.12677480280399323,0.12682709097862244,3787520
2025-12-29 07:00:00+00:00,0.1268267184495926,0.12689746916294098,0.12625934183597565,0.1267291009426117,19155456
2025-12-29 07:15:00+00:00,0.12681981921195984,0.12681981921195984,0.1264728456735611,0.1264982670545578,5801728
2025-12-29 07:30:00+00:00,0.12648703157901764,0.1268744021654129,0.12647800147533417,0.1268744021654129,4021824
2025-12-29 07:45:00+00:00,0.126856729388237,0.1270102709531784,0.1267993301153183,0.1270102709531784,2407104
2025-12-29 08:00:00+00:00,0.12699927389621735,0.12702758610248566,0.1268235296010971,0.1268235296010971,7214592
2025-12-29 08:15:00+00:00,0.12683887779712677,0.12691766023635864,0.12679122388362885,0.12684006989002228,3762944
2025-12-29 08:30:00+00:00,0.1268242746591568,0.1268383115530014,0.1265990138053894,0.1265990138053894,1211392
2025-12-29 08:45:00+00:00,0.1266031712293625,0.12665334343910217,0.1264880895614624,0.1265161782503128,2367360
2025-12-29 09:00:00+00:00,0.12651441991329193,0.12651441991329193,0.12628382444381714,0.12634171545505524,3008064
2025-12-29 09:15:00+00:00,0.12635235488414764,0.12647739052772522,0.12635162472724915,0.12636758387088776,2071168
2025-12-29 09:30:00+00:00,0.12637104094028473,0.12643998861312866,0.1248488500714302,0.1248488500714302,26770176
2025-12-29 09:45:00+00:00,0.12480119615793228,0.12480119615793228,0.12441356480121613,0.12463754415512085,30806912
2025-12-29 10:00:00+00:00,0.12465585768222809,0.1254260241985321,0.12465585768222809,0.1254260241985321,5922880
2025-12-29 10:15:00+00:00,0.1254192441701889,0.12547007203102112,0.12530001997947693,0.1253969520330429,5825152
2025-12-29 10:30:00+00:00,0.1253943145275116,0.12539805471897125,0.12530232965946198,0.12539805471897125,291200
2025-12-29 10:45:00+00:00,0.1254097819328308,0.12550999224185944,0.12531360983848572,0.12531360983848572,5303168
2025-12-29 11:00:00+00:00,0.1251765340566635,0.12524276971817017,0.12511800229549408,0.1252349615097046,5503872
2025-12-29 11:15:00+00:00,0.12525446712970734,0.12528078258037567,0.12508444488048553,0.12508444488048553,2264320
2025-12-29 11:30:00+00:00,0.12508760392665863,0.12508760392665863,0.12498510628938675,0.125052809715271,3629120
2025-12-29 11:45:00+00:00,0.12504345178604126,0.12504345178604126,0.12485311180353165,0.12485311180353165,5141120
2025-12-29 12:00:00+00:00,0.12484569847583771,0.12484569847583771,0.12305060774087906,0.12305060774087906,29993792
2025-12-29 12:15:00+00:00,0.12310780584812164,0.12346365302801132,0.1227380633354187,0.12346365302801132,30275584
2025-12-29 12:30:00+00:00,0.12344439327716827,0.12355523556470871,0.12337754666805267,0.12355523556470871,12805888
2025-12-29 12:45:00+00:00,0.1235123723745346,0.12375795841217041,0.12350631505250931,0.12375261634588242,11920384
2025-12-29 13:00:00+00:00,0.12375020235776901,0.12377224117517471,0.1235601156949997,0.1235601156949997,4819712
2025-12-29 13:15:00+00:00,0.123493492603302,0.12353870272636414,0.12343450635671616,0.12343450635671616,4173824
2025-12-29 13:30:00+00:00,0.1233922466635704,0.12344677746295929,0.1233435869216919,0.1233435869216919,3340480
2025-12-29 13:45:00+00:00,0.12334498763084412,0.12335402518510818,0.12321941554546356,0.12331879138946533,6118272
2025-12-29 14:00:00+00:00,0.12336275726556778,0.12343410402536392,0.12330108880996704,0.12339331954717636,3828992
2025-12-29 14:15:00+00:00,0.12341924011707306,0.12351536005735397,0.12329291552305222,0.1234271451830864,2474368
2025-12-29 14:30:00+00:00,0.12349995225667953,0.12450888007879257,0.12349995225667953,0.1242985874414444,27234944
2025-12-29 14:45:00+00:00,0.12432318925857544,0.12444935739040375,0.12400494515895844,0.12400494515895844,20512576
2025-12-29 15:00:00+00:00,0.12370806187391281,0.12401708960533142,0.1236865296959877,0.12401708960533142,11279808
2025-12-29 15:15:00+00:00,0.12402360141277313,0.12435592710971832,0.12400133162736893,0.12426850199699402,19959168
2025-12-29 15:30:00+00:00,0.12428069859743118,0.12437332421541214,0.12425723671913147,0.12437332421541214,4084992
2025-12-29 15:45:00+00:00,0.12437823414802551,0.1244465559720993,0.12398575246334076,0.12398575246334076,2779776
2025-12-29 16:00:00+00:00,0.12397585809230804,0.12397585809230804,0.12377315014600754,0.12377315014600754,2780032
2025-12-29 16:15:00+00:00,0.12377923727035522,0.12378302216529846,0.1234319880604744,0.1234404444694519,7005504
2025-12-29 16:30:00+00:00,0.1234423965215683,0.1236158162355423,0.12342919409275055,0.12351997941732407,5326208
2025-12-29 16:45:00+00:00,0.12352392077445984,0.12374570220708847,0.12352392077445984,0.1236344426870346,3930368
2025-12-29 17:00:00+00:00,0.1235676184296608,0.12362903356552124,0.12350098788738251,0.12350098788738251,4003200
2025-12-29 17:15:00+00:00,0.12349296361207962,0.1236255094408989,0.123479925096035,0.12355876713991165,3380224
2025-12-29 17:30:00+00:00,0.12344707548618317,0.12344707548618317,0.12327754497528076,0.12330086529254913,6372608
2025-12-29 17:45:00+00:00,0.12329205125570297,0.12386789917945862,0.12329205125570297,0.12386789917945862,6873984
2025-12-29 18:00:00+00:00,0.12391922622919083,0.12397364526987076,0.12358526885509491,0.12358526885509491,428800
2025-12-29 18:15:00+00:00,0.12359250336885452,0.12367808073759079,0.12350891530513763,0.12353486567735672,0
2025-12-29 18:30:00+00:00,0.12353184819221497,0.12355770170688629,0.12336605042219162,0.12336605042219162,460160
2025-12-29 18:45:00+00:00,0.12335941940546036,0.12335941940546036,0.12295211851596832,0.1229528933763504,7931520
2025-12-29 19:00:00+00:00,0.12295876443386078,0.12317223846912384,0.12281589955091476,0.12317223846912384,6222336
2025-12-29 19:15:00+00:00,0.12315428256988525,0.1231909915804863,0.1231042817234993,0.12312441319227219,330368
2025-12-29 19:30:00+00:00,0.12307016551494598,0.12317067384719849,0.122811459004879,0.1228208988904953,3137920
2025-12-29 19:45:00+00:00,0.12282268702983856,0.12282268702983856,0.12277802079916,0.12277802079916,4471936
2025-12-29 20:00:00+00:00,0.12277606129646301,0.12277606129646301,0.12258697301149368,0.12269103527069092,2635648
2025-12-29 20:15:00+00:00,0.12274041771888733,0.12279468774795532,0.12252482771873474,0.12252482771873474,2017408
2025-12-29 20:30:00+00:00,0.1225075051188469,0.1225075051188469,0.12228192389011383,0.12228192389011383,8461824
2025-12-29 20:45:00+00:00,0.12227700650691986,0.12235064804553986,0.12223105132579803,0.12235064804553986,3655040
2025-12-29 21:00:00+00:00,0.12234240770339966,0.12261614948511124,0.12232524156570435,0.12261614948511124,0
2025-12-29 21:15:00+00:00,0.12262314558029175,0.12266657501459122,0.12260285019874573,0.12265503406524658,606848
2025-12-29 21:30:00+00:00,0.1226566731929779,0.12273959815502167,0.12257961928844452,0.12273959815502167,468224
2025-12-29 21:45:00+00:00,0.12275046110153198,0.1228007972240448,0.1227499470114708,0.12277290225028992,0
2025-12-29 22:00:00+00:00,0.12277162820100784,0.12277162820100784,0.12243810296058655,0.12243810296058655,1489920
2025-12-29 22:15:00+00:00,0.12242733687162399,0.12269259989261627,0.12242733687162399,0.1226874440908432,710016
2025-12-29 22:30:00+00:00,0.12268997728824615,0.123000368475914,0.12268415838479996,0.123000368475914,4910208
2025-12-29 22:45:00+00:00,0.12300767749547958,0.12302211672067642,0.12291538715362549,0.12294251471757889,810752
2025-12-29 23:00:00+00:00,0.1229463443160057,0.1229463443160057,0.12273433059453964,0.12293204665184021,0
2025-12-29 23:15:00+00:00,0.12293346971273422,0.122987762093544,0.12293346971273422,0.12295903265476227,2675200
2025-12-29 23:30:00+00:00,0.12296225875616074,0.12296225875616074,0.12271168828010559,0.12271168828010559,2912768
2025-12-29 23:45:00+00:00,0.12271162867546082,0.12272679060697556,0.12270157784223557,0.12272679060697556,359168
2025-12-30 00:00:00+00:00,0.12272369861602783,0.12286749482154846,0.12272154539823532,0.12286285310983658,948864
2025-12-30 00:15:00+00:00,0.12288034707307816,0.12289687246084213,0.12283642590045929,0.12286917120218277,913920
2025-12-30 00:30:00+00:00,0.12285623699426651,0.12285623699426651,0.12256301939487457,0.12258890271186829,0
2025-12-30 00:45:00+00:00,0.12259529531002045,0.12270761281251907,0.12259529531002045,0.12270434200763702,0
2025-12-30 01:00:00+00:00,0.12270824611186981,0.12270824611186981,0.12255914509296417,0.12264510244131088,0
2025-12-30 01:15:00+00:00,0.12263207882642746,0.12268166244029999,0.12255880236625671,0.12261637300252914,0
2025-12-30 01:30:00+00:00,0.12260876595973969,0.12267033755779266,0.12249992787837982,0.12267033755779266,0
2025-12-30 01:45:00+00:00,0.12267237901687622,0.12282511591911316,0.12267237901687622,0.12274753302335739,0
2025-12-30 02:00:00+00:00,0.12274980545043945,0.12274980545043945,0.12246642261743546,0.12246774882078171,0
2025-12-30 02:15:00+00:00,0.12247678637504578,0.12271394580602646,0.12247678637504578,0.12255885452032089,0
2025-12-30 02:30:00+00:00,0.12255308777093887,0.12255308777093887,0.12239240109920502,0.12240620702505112,0
2025-12-30 02:45:00+00:00,0.12243077158927917,0.12257544696331024,0.12243077158927917,0.12255919724702835,0
2025-12-30 03:00:00+00:00,0.1225607693195343,0.12257352471351624,0.12254292517900467,0.12254292517900467,0
2025-12-30 03:15:00+00:00,0.1225425973534584,0.12293966114521027,0.12252073734998703,0.12293966114521027,2664960
2025-12-30 03:30:00+00:00,0.12296395003795624,0.12304191291332245,0.12296395003795624,0.12304191291332245,0
2025-12-30 03:45:00+00:00,0.12306372076272964,0.12347128987312317,0.12306372076272964,0.12347094714641571,0
2025-12-30 04:00:00+00:00,0.12344109266996384,0.12344109266996384,0.12314362078905106,0.12315645068883896,0
2025-12-30 04:15:00+00:00,0.12315328419208527,0.12335822731256485,0.1231360211968422,0.12335822731256485,0
2025-12-30 04:30:00+00:00,0.12334661185741425,0.12345119565725327,0.12334661185741425,0.12344271689653397,0
2025-12-30 04:45:00+00:00,0.12344241887331009,0.12344241887331009,0.12336316704750061,0.1233639344573021,0
2025-12-30 05:00:00+00:00,0.12336258590221405,0.12336258590221405,0.12326256930828094,0.12328198552131653,0
2025-12-30 05:15:00+00:00,0.12328405678272247,0.12330593168735504,0.12316769361495972,0.12316769361495972,0
2025-12-30 05:30:00+00:00,0.12316156178712845,0.12316156178712845,0.1228419616818428,0.1228419616818428,0
2025-12-30 05:45:00+00:00,0.12286105006933212,0.12288988381624222,0.12284592539072037,0.12284592539072037,0
2025-12-30 06:00:00+00:00,0.12284529209136963,0.12311647087335587,0.12282756716012955,0.12308457493782043,0
2025-12-30 06:15:00+00:00,0.12309253960847855,0.1231544092297554,0.12303758412599564,0.1230718120932579,0
2025-12-30 06:30:00+00:00,0.12306798249483109,0.12320900708436966,0.12306798249483109,0.12320900708436966,0
2025-12-30 06:45:00+00:00,0.12328115850687027,0.12338434904813766,0.12324400246143341,0.12324400246143341,3699072
2025-12-30 07:00:00+00:00,0.1232403889298439,0.12344422191381454,0.12318891286849976,0.1234070286154747,0
2025-12-30 07:15:00+00:00,0.12341330200433731,0.12346901744604111,0.12321209907531738,0.12324105203151703,0
2025-12-30 07:30:00+00:00,0.12320607155561447,0.12343291938304901,0.12319149076938629,0.12343291938304901,222016
2025-12-30 07:45:00+00:00,0.12362810224294662,0.12363621592521667,0.1235521137714386,0.1235521137714386,5735552
2025-12-30 08:00:00+00:00,0.12356119602918625,0.1244530975818634,0.12356119602918625,0.1244530975818634,11569856
2025-12-30 08:15:00+00:00,0.12439408898353577,0.12463553249835968,0.1242956817150116,0.12435075640678406,14555136
2025-12-30 08:30:00+00:00,0.12434566020965576,0.12455344200134277,0.12434566020965576,0.12455344200134277,4087488
2025-12-30 08:45:00+00:00,0.12454640865325928,0.12454640865325928,0.12438324838876724,0.1243872418999672,504768
2025-12-30 09:00:00+00:00,0.12438338249921799,0.12452859431505203,0.12434603273868561,0.1244431659579277,1195968
2025-12-30 09:15:00+00:00,0.12441855669021606,0.12441855669021606,0.12430161982774734,0.12430161982774734,943104
2025-12-30 09:30:00+00:00,0.12428054958581924,0.12429371476173401,0.1242586001753807,0.1242704913020134,0
2025-12-30 09:45:00+00:00,0.12427614629268646,0.1245226040482521,0.12427614629268646,0.12444137036800385,0
2025-12-30 10:00:00+00:00,0.12443812936544418,0.12487692385911942,0.12443812936544418,0.12487692385911942,44837824
2025-12-30 10:15:00+00:00,0.12486063688993454,0.1248631551861763,0.12481895089149475,0.12482278048992157,10379904
2025-12-30 10:30:00+00:00,0.12482389807701111,0.12482389807701111,0.12462063878774643,0.12462298572063446,4053376
2025-12-30 10:45:00+00:00,0.12464110553264618,0.12470240145921707,0.1244371235370636,0.1244371235370636,624000
2025-12-30 11:00:00+00:00,0.12443595379590988,0.12462449818849564,0.12434261292219162,0.1246177926659584,7975040
2025-12-30 11:15:00+00:00,0.12464600801467896,0.12475141882896423,0.12464600801467896,0.12467782199382782,3601344
2025-12-30 11:30:00+00:00,0.12467650324106216,0.12467650324106216,0.12449200451374054,0.12449200451374054,340800
2025-12-30 11:45:00+00:00,0.12449327111244202,0.12456299364566803,0.12432490289211273,0.12434232980012894,641472
2025-12-30 12:00:00+00:00,0.12441670149564743,0.12465988844633102,0.12441670149564743,0.12465988844633102,0
2025-12-30 12:15:00+00:00,0.12459302693605423,0.12459302693605423,0.12446530163288116,0.12446724623441696,0
2025-12-30 12:30:00+00:00,0.12446695566177368,0.12446695566177368,0.1237330436706543,0.1237330436706543,36739200
2025-12-30 12:45:00+00:00,0.12375276535749435,0.12378429621458054,0.12357309460639954,0.12357504665851593,20431296
2025-12-30 13:00:00+00:00,0.12358049303293228,0.12365316599607468,0.12349817901849747,0.12362806499004364,3225152
2025-12-30 13:15:00+00:00,0.12363573908805847,0.12397393584251404,0.12363573908805847,0.12397164106369019,11761536
2025-12-30 13:30:00+00:00,0.12397221475839615,0.12405712902545929,0.12372371554374695,0.12405712902545929,1269440
2025-12-30 13:45:00+00:00,0.12397481501102448,0.12401460856199265,0.12390929460525513,0.12401460856199265,6648256
2025-12-30 14:00:00+00:00,0.12397411465644836,0.12397411465644836,0.12341807037591934,0.12363369762897491,4949376
2025-12-30 14:15:00+00:00,0.12362809479236603,0.12377144396305084,0.12358397990465164,0.12362773716449738,0
2025-12-30 14:30:00+00:00,0.12360712140798569,0.12379470467567444,0.12349782884120941,0.12361741065979004,0
2025-12-30 14:45:00+00:00,0.12363513559103012,0.12480653077363968,0.12363513559103012,0.12478218227624893,15176320
2025-12-30 15:00:00+00:00,0.12477565556764603,0.12481208890676498,0.12398534268140793,0.12405886501073837,1114688
2025-12-30 15:15:00+00:00,0.12405448406934738,0.124245285987854,0.124017134308815,0.124245285987854,0
2025-12-30 15:30:00+00:00,0.12425338476896286,0.12431175261735916,0.12419227510690689,0.12419658154249191,1760064
2025-12-30 15:45:00+00:00,0.12422483414411545,0.12456705421209335,0.12422483414411545,0.12454958260059357,3682048
2025-12-30 16:00:00+00:00,0.12454520165920258,0.12454520165920258,0.12415295839309692,0.12415295839309692,848000
2025-12-30 16:15:00+00:00,0.12415026128292084,0.12473976612091064,0.12412109971046448,0.12457151710987091,3961536
2025-12-30 16:30:00+00:00,0.12456955760717392,0.12456955760717392,0.12394990026950836,0.12394990026950836,1781888
2025-12-30 16:45:00+00:00,0.12395098060369492,0.12403217703104019,0.12389905750751495,0.12403217703104019,1636096
2025-12-30 17:00:00+00:00,0.12403012812137604,0.12423508614301682,0.12403012812137604,0.12421777099370956,683008
2025-12-30 17:15:00+00:00,0.12419382482767105,0.12419382482767105,0.12395059317350388,0.12401415407657623,627968
2025-12-30 17:30:00+00:00,0.12400779873132706,0.12401427328586578,0.12392894923686981,0.12393315881490707,346432
2025-12-30 17:45:00+00:00,0.12392643839120865,0.12392643839120865,0.12358759343624115,0.12366681545972824,7797696
2025-12-30 18:00:00+00:00,0.12365392595529556,0.12368738651275635,0.1235475167632103,0.1235475167632103,0
2025-12-30 18:15:00+00:00,0.12353530526161194,0.12355054914951324,0.1234888881444931,0.1234888881444931,185664
2025-12-30 18:30:00+00:00,0.12349244952201843,0.12349244952201843,0.12338193506002426,0.12338193506002426,2048384
2025-12-30 18:45:00+00:00,0.12338738143444061,0.12338738143444061,0.12317357212305069,0.12324108928442001,3868800
2025-12-30 19:00:00+00:00,0.12324658036231995,0.12325526773929596,0.12279655784368515,0.12281887233257294,5946624
2025-12-30 19:15:00+00:00,0.12280977517366409,0.12312944233417511,0.12277153879404068,0.12312944233417511,6348352
2025-12-30 19:30:00+00:00,0.12314555048942566,0.1232115775346756,0.12302634865045547,0.12303421646356583,2226880
2025-12-30 19:45:00+00:00,0.1230328306555748,0.12312709540128708,0.12295209616422653,0.12312709540128708,635840
2025-12-30 20:00:00+00:00,0.12312624603509903,0.1231682151556015,0.12297095358371735,0.1229887530207634,376576
2025-12-30 20:15:00+00:00,0.12297846376895905,0.1230471208691597,0.12297002226114273,0.12297002226114273,0
2025-12-30 20:30:00+00:00,0.12295475602149963,0.12295475602149963,0.12261256575584412,0.12266270071268082,0
2025-12-30 20:45:00+00:00,0.12265634536743164,0.12265634536743164,0.12254954129457474,0.12254954129457474,1647296
2025-12-30 21:00:00+00:00,0.1225438043475151,0.1226876899600029,0.1225438043475151,0.12267926335334778,2393984
2025-12-30 21:15:00+00:00,0.12269598245620728,0.12273968756198883,0.12269598245620728,0.1227060928940773,3355200
2025-12-30 21:30:00+00:00,0.12264478951692581,0.12264686077833176,0.12257121503353119,0.12259545922279358,920448
2025-12-30 21:45:00+00:00,0.12260466068983078,0.12270227819681168,0.12260466068983078,0.12267664819955826,3159808
2025-12-30 22:00:00+00:00,0.12268388271331787,0.1229957863688469,0.12268388271331787,0.1229957863688469,184704
2025-12-30 22:15:00+00:00,0.12299530953168869,0.12308061122894287,0.12299098074436188,0.12308061122894287,1642368
2025-12-30 22:30:00+00:00,0.12308413535356522,0.12308413535356522,0.12303779274225235,0.12305808067321777,302528
2025-12-30 22:45:00+00:00,0.12306221574544907,0.12313317507505417,0.12306221574544907,0.12311598658561707,342592
2025-12-30 23:00:00+00:00,0.12312709540128708,0.1231410801410675,0.12306506186723709,0.12309443205595016,1429568
2025-12-30 23:15:00+00:00,0.1230892613530159,0.12318776547908783,0.1230744943022728,0.12318657338619232,1961920
2025-12-30 23:30:00+00:00,0.12319520860910416,0.12326277047395706,0.12319520860910416,0.12320300191640854,0
2025-12-30 23:45:00+00:00,0.12319866567850113,0.12328056991100311,0.1231599971652031,0.12328056991100311,669440
2025-12-31 00:00:00+00:00,0.12313801050186157,0.12313801050186157,0.1229243054986,0.1229243054986,873088
2025-12-31 00:15:00+00:00,0.12292495369911194,0.12294624745845795,0.12288850545883179,0.12289156764745712,2265664
2025-12-31 00:30:00+00:00,0.12291436642408371,0.12306327372789383,0.12291436642408371,0.1230069100856781,1204992
2025-12-31 00:45:00+00:00,0.12300579994916916,0.12303811311721802,0.1228618174791336,0.1228618174791336,1175488
2025-12-31 01:00:00+00:00,0.12284375727176666,0.12292895466089249,0.12284375727176666,0.12292895466089249,819328
2025-12-31 01:15:00+00:00,0.1229332685470581,0.12353329360485077,0.1229332685470581,0.12342961877584457,6722880
2025-12-31 01:30:00+00:00,0.12342403084039688,0.12352979928255081,0.12338860332965851,0.12338860332965851,2470912
2025-12-31 01:45:00+00:00,0.1233876422047615,0.12342478334903717,0.1232023760676384,0.12320532649755478,700288
2025-12-31 02:00:00+00:00,0.12316415458917618,0.12321440130472183,0.12309591472148895,0.12321440130472183,1179456
2025-12-31 02:15:00+00:00,0.12321941554546356,0.12335182726383209,0.12321941554546356,0.1233450174331665,2755904
2025-12-31 02:30:00+00:00,0.12334435433149338,0.12341926991939545,0.12332220375537872,0.12332220375537872,1267456
2025-12-31 02:45:00+00:00,0.12332257628440857,0.1233828216791153,0.12327151000499725,0.1233828216791153,2014208
2025-12-31 03:00:00+00:00,0.12339363992214203,0.1234043762087822,0.12330539524555206,0.12330539524555206,413312
2025-12-31 03:15:00+00:00,0.12330149114131927,0.12330149114131927,0.1230422705411911,0.12308032810688019,0
2025-12-31 03:30:00+00:00,0.1230914294719696,0.12309759110212326,0.12293700873851776,0.1229424774646759,565312
2025-12-31 03:45:00+00:00,0.12299437075853348,0.12299437075853348,0.12292750179767609,0.12292750179767609,0
2025-12-31 04:00:00+00:00,0.12293317914009094,0.12304283678531647,0.12293317914009094,0.12297659367322922,0
2025-12-31 04:15:00+00:00,0.12297894805669785,0.1229792907834053,0.12291162461042404,0.12291348725557327,83072
2025-12-31 04:30:00+00:00,0.12291675806045532,0.1229984313249588,0.12291675806045532,0.12295561283826828,105216
2025-12-31 04:45:00+00:00,0.1229521632194519,0.1229521632194519,0.12284742295742035,0.1228482723236084,256896
2025-12-31 05:00:00+00:00,0.12283216416835785,0.1229744553565979,0.12283216416835785,0.12296252697706223,79872
2025-12-31 05:15:00+00:00,0.12296319007873535,0.12307120859622955,0.12294889241456985,0.12307120859622955,1844544
2025-12-31 05:30:00+00:00,0.12307505309581757,0.12308923155069351,0.1230178251862526,0.12305057048797607,780416
2025-12-31 05:45:00+00:00,0.1230546310544014,0.1230844184756279,0.12304045259952545,0.12304045259952545,275072
2025-12-31 06:00:00+00:00,0.12303891032934189,0.12303891032934189,0.12300214171409607,0.1230228990316391,0
2025-12-31 06:15:00+00:00,0.12302111089229584,0.12302111089229584,0.12293493747711182,0.1229376271367073,39296
2025-12-31 06:30:00+00:00,0.12293905019760132,0.12302331626415253,0.12293905019760132,0.12295502424240112,348288
2025-12-31 06:45:00+00:00,0.12295184284448624,0.12296131253242493,0.1229407861828804,0.12294282764196396,0
2025-12-31 07:00:00+00:00,0.12292316555976868,0.12292316555976868,0.12281353771686554,0.1228385865688324,3567744
2025-12-31 07:15:00+00:00,0.12284917384386063,0.12298846244812012,0.1228473111987114,0.12298419326543808,1360128
2025-12-31 07:30:00+00:00,0.12297628074884415,0.12306670844554901,0.12297628074884415,0.12306670844554901,446592
2025-12-31 07:45:00+00:00,0.12307123839855194,0.12315317988395691,0.12306952476501465,0.12315317988395691,874304
2025-12-31 08:00:00+00:00,0.12315917015075684,0.12345157563686371,0.12315917015075684,0.1234203428030014,0
2025-12-31 08:15:00+00:00,0.12342328578233719,0.1234317347407341,0.12324253469705582,0.12324633449316025,0
2025-12-31 08:30:00+00:00,0.1232469454407692,0.12324732542037964,0.1229734718799591,0.1229734718799591,0
2025-12-31 08:45:00+00:00,0.12296728789806366,0.12296728789806366,0.1228903979063034,0.12290635704994202,0
2025-12-31 09:00:00+00:00,0.12290210276842117,0.12305077910423279,0.12290210276842117,0.12298433482646942,0
2025-12-31 09:15:00+00:00,0.12298247218132019,0.12299144268035889,0.12294851988554001,0.12294923514127731,0
2025-12-31 09:30:00+00:00,0.12290868163108826,0.12294227629899979,0.12290472537279129,0.12291909009218216,0
2025-12-31 09:45:00+00:00,0.12291876971721649,0.12296193093061447,0.12291876971721649,0.12296193093061447,0
2025-12-31 10:00:00+00:00,0.12295866757631302,0.12299399077892303,0.12293973565101624,0.12299399077892303,0
2025-12-31 10:15:00+00:00,0.12300044298171997,0.12303343415260315,0.1229647845029831,0.1229647845029831,0
2025-12-31 10:30:00+00:00,0.12294909358024597,0.12294909358024597,0.1228099837899208,0.1228220984339714,303680
2025-12-31 10:45:00+00:00,0.12282063066959381,0.12284828722476959,0.1227569505572319,0.12277048826217651,0
2025-12-31 11:00:00+00:00,0.12284573912620544,0.12314045429229736,0.12284573912620544,0.12314045429229736,0
2025-12-31 11:15:00+00:00,0.12313017249107361,0.1231381893157959,0.12302461266517639,0.1231381893157959,1557312
2025-12-31 11:30:00+00:00,0.12315148115158081,0.1233305111527443,0.12315148115158081,0.1233305111527443,6494016
2025-12-31 11:45:00+00:00,0.12334313988685608,0.1233772486448288,0.123262420296669,0.1232643872499466,2644608
2025-12-31 12:00:00+00:00,0.1232689768075943,0.1232689768075943,0.12316019088029861,0.1231602132320404,0
2025-12-31 12:15:00+00:00,0.12311992794275284,0.12314487248659134,0.12305653840303421,0.12305653840303421,0
2025-12-31 12:30:00+00:00,0.12306210398674011,0.12306210398674011,0.12286949157714844,0.12286949157714844,0
2025-12-31 12:45:00+00:00,0.12287034839391708,0.12287034839391708,0.1227763444185257,0.12280483543872833,0
2025-12-31 13:00:00+00:00,0.12283232808113098,0.12290866672992706,0.12282878160476685,0.12288873642683029,0
2025-12-31 13:15:00+00:00,0.12288807332515717,0.1230744943022728,0.12288807332515717,0.1230643168091774,0
2025-12-31 13:30:00+00:00,0.12305592745542526,0.12305592745542526,0.12281614542007446,0.12283873558044434,886656
2025-12-31 13:45:00+00:00,0.12284161150455475,0.1230510026216507,0.12284067273139954,0.12302850186824799,0
2025-12-31 14:00:00+00:00,0.12303190678358078,0.12339217960834503,0.12303190678358078,0.12336690723896027,3537792
2025-12-31 14:15:00+00:00,0.12335054576396942,0.12335054576396942,0.12317076325416565,0.12319972366094589,2103936
2025-12-31 14:30:00+00:00,0.12319404631853104,0.12319404631853104,0.12291951477527618,0.12291951477527618,0
2025-12-31 14:45:00+00:00,0.12292826175689697,0.12292826175689697,0.12275684624910355,0.1228141039609909,0
2025-12-31 15:00:00+00:00,0.12281595170497894,0.12281595170497894,0.12207867950201035,0.12217938899993896,9824256
2025-12-31 15:15:00+00:00,0.1221412718296051,0.1221412718296051,0.1213870570063591,0.12141600996255875,23974080
2025-12-31 15:30:00+00:00,0.1214156374335289,0.1214156374335289,0.12056482583284378,0.12073326855897903,34700608
2025-12-31 15:45:00+00:00,0.12071437388658524,0.12106175720691681,0.12071437388658524,0.12106175720691681,7337728
2025-12-31 16:00:00+00:00,0.12098832428455353,0.12098832428455353,0.1208026260137558,0.12082294374704361,2534976
2025-12-31 16:15:00+00:00,0.1208270862698555,0.12118318676948547,0.1208270862698555,0.12088046967983246,3138560
2025-12-31 16:30:00+00:00,0.12078440934419632,0.12078440934419632,0.12054917961359024,0.1205667033791542,26228032
2025-12-31 16:45:00+00:00,0.11979532986879349,0.11979532986879349,0.11820920556783676,0.11894126981496811,131491072
2025-12-31 17:00:00+00:00,0.11893932521343231,0.11893932521343231,0.11845352500677109,0.11845352500677109,16387200
2025-12-31 17:15:00+00:00,0.11846069991588593,0.11857446283102036,0.11840114742517471,0.11857075244188309,9866688
2025-12-31 17:30:00+00:00,0.11853958666324615,0.11860454082489014,0.11823008209466934,0.11823008209466934,8596992
2025-12-31 17:45:00+00:00,0.11824087053537369,0.11824087053537369,0.11789640784263611,0.11790171265602112,3153728
2025-12-31 18:00:00+00:00,0.11790388822555542,0.11797096580266953,0.11762235313653946,0.11794012784957886,11279424
2025-12-31 18:15:00+00:00,0.11782007664442062,0.11784306913614273,0.1176893413066864,0.11784306913614273,17735424
2025-12-31 18:30:00+00:00,0.11782868951559067,0.11785339564085007,0.11778025329113007,0.11783048510551453,4149184
2025-12-31 18:45:00+00:00,0.11784134805202484,0.11784134805202484,0.11708108335733414,0.11708245426416397,2979520
2025-12-31 19:00:00+00:00,0.11708316206932068,0.11726443469524384,0.11706197261810303,0.11726443469524384,0
2025-12-31 19:15:00+00:00,0.11725831031799316,0.11725831031799316,0.11721866577863693,0.11725559830665588,4205504
2025-12-31 19:30:00+00:00,0.11725566536188126,0.11735162883996964,0.11725566536188126,0.11727310717105865,5602688
2025-12-31 19:45:00+00:00,0.117202527821064,0.11725160479545593,0.117202527821064,0.11720649898052216,3626112
2025-12-31 20:00:00+00:00,0.11719662696123123,0.11719662696123123,0.1163589358329773,0.1163589358329773,20416512
2025-12-31 20:15:00+00:00,0.11637963354587555,0.11646518856287003,0.11618810892105103,0.11646518856287003,15618624
2025-12-31 20:30:00+00:00,0.11646908521652222,0.11660203337669373,0.11641490459442139,0.11644414812326431,6372480
2025-12-31 20:45:00+00:00,0.11643712222576141,0.11706875264644623,0.11643712222576141,0.11706853657960892,7764672
2025-12-31 21:00:00+00:00,0.11701886355876923,0.11717446148395538,0.1169699877500534,0.11717363446950912,584576
2025-12-31 21:15:00+00:00,0.11717557162046432,0.11727896332740784,0.11717557162046432,0.11721251904964447,3036416
2025-12-31 21:30:00+00:00,0.11720433086156845,0.11726079881191254,0.11712245643138885,0.11726079881191254,17665600
2025-12-31 21:45:00+00:00,0.11726554483175278,0.11734883487224579,0.11726554483175278,0.11728843301534653,1361728
2025-12-31 22:00:00+00:00,0.11729393899440765,0.11729393899440765,0.11702869832515717,0.11702869832515717,1666624
2025-12-31 22:15:00+00:00,0.11703761667013168,0.11740528047084808,0.11703168600797653,0.11740528047084808,12667712
2025-12-31 22:30:00+00:00,0.117395780980587,0.11749838292598724,0.117395780980587,0.11739777773618698,8397504
2025-12-31 22:45:00+00:00,0.11739794164896011,0.11749038845300674,0.1173926368355751,0.11748263984918594,3774720
2025-12-31 23:00:00+00:00,0.1174921914935112,0.1174921914935112,0.11737947911024094,0.11742875725030899,237504
2025-12-31 23:15:00+00:00,0.11742280423641205,0.11742280423641205,0.11735686659812927,0.11735950410366058,2734656
2025-12-31 23:30:00+00:00,0.11736378818750381,0.11740604043006897,0.11736378818750381,0.11740604043006897,4754688
2025-12-31 23:45:00+00:00,0.11740367114543915,0.11740367114543915,0.11724050343036652,0.11729436367750168,9739584
2026-01-01 00:00:00+00:00,0.11729319393634796,0.11753463745117188,0.11729319393634796,0.11753076314926147,7516416
2026-01-01 00:15:00+00:00,0.11753446608781815,0.11760765314102173,0.11753446608781815,0.11760765314102173,1324352
2026-01-01 00:30:00+00:00,0.11760985851287842,0.11771564930677414,0.11760985851287842,0.1176634356379509,3175744
2026-01-01 00:45:00+00:00,0.11765700578689575,0.1177188977599144,0.1175863966345787,0.11771854758262634,7356672
2026-01-01 01:00:00+00:00,0.11771903187036514,0.11823838949203491,0.11771903187036514,0.11823838949203491,9839936
2026-01-01 01:15:00+00:00,0.11822784692049026,0.11823875457048416,0.11800996214151382,0.11800996214151382,3748800
2026-01-01 01:30:00+00:00,0.11800774186849594,0.11812905967235565,0.11797275394201279,0.11812905967235565,59840
2026-01-01 01:45:00+00:00,0.11813025921583176,0.1184181347489357,0.11813025921583176,0.11840493977069855,4109120
2026-01-01 02:00:00+00:00,0.11839121580123901,0.11839121580123901,0.11830060184001923,0.11831878870725632,0
2026-01-01 02:15:00+00:00,0.11829778552055359,0.11829778552055359,0.11823935061693192,0.11825539916753769,1426944
2026-01-01 02:30:00+00:00,0.11825661361217499,0.11844808608293533,0.11825661361217499,0.11844808608293533,368832
2026-01-01 02:45:00+00:00,0.11843960732221603,0.11843960732221603,0.11841393262147903,0.11842014640569687,0
2026-01-01 03:00:00+00:00,0.11839888244867325,0.11839888244867325,0.11810600012540817,0.11810868978500366,2678720
2026-01-01 03:15:00+00:00,0.11812037974596024,0.11816929280757904,0.11808274686336517,0.11816929280757904,2956352
2026-01-01 03:30:00+00:00,0.11824900656938553,0.11837548017501831,0.11824192106723785,0.11837548017501831,2790144
2026-01-01 03:45:00+00:00,0.11837881058454514,0.11837881058454514,0.1180928498506546,0.1180928498506546,1299584
2026-01-01 04:00:00+00:00,0.11808829754590988,0.11813119798898697,0.11800676584243774,0.1180422455072403,3951616
2026-01-01 04:15:00+00:00,0.11803942173719406,0.11809330433607101,0.11803942173719406,0.11805681139230728,2482432
2026-01-01 04:30:00+00:00,0.11805424839258194,0.11805505305528641,0.11797361075878143,0.11798316240310669,748032
2026-01-01 04:45:00+00:00,0.11795802414417267,0.11795802414417267,0.11782468110322952,0.11782468110322952,4467328
2026-01-01 05:00:00+00:00,0.11782888323068619,0.1181945875287056,0.11782888323068619,0.11819449812173843,1836160
2026-01-01 05:15:00+00:00,0.11819716542959213,0.11833325773477554,0.11819716542959213,0.11833325773477554,709888
2026-01-01 05:30:00+00:00,0.11832378804683685,0.118431955575943,0.11832378804683685,0.11836343258619308,1412096
2026-01-01 05:45:00+00:00,0.11836179345846176,0.11836179345846176,0.11833015829324722,0.118343785405159,290176
2026-01-01 06:00:00+00:00,0.1183551475405693,0.11837209016084671,0.11829232424497604,0.11829923093318939,647808
2026-01-01 06:15:00+00:00,0.11830200254917145,0.11837758868932724,0.11829663813114166,0.11829663813114166,1017472
2026-01-01 06:30:00+00:00,0.11829336732625961,0.11829336732625961,0.11817917972803116,0.1181880310177803,685696
2026-01-01 06:45:00+00:00,0.11817923188209534,0.11825112253427505,0.1181497648358345,0.11825112253427505,4480640
2026-01-01 07:00:00+00:00,0.11825312674045563,0.118423230946064,0.11825312674045563,0.11836624890565872,744576
2026-01-01 07:15:00+00:00,0.11836658418178558,0.11837264150381088,0.11825001984834671,0.11825001984834671,0
2026-01-01 07:30:00+00:00,0.1182442381978035,0.11842360347509384,0.11824268847703934,0.11842360347509384,416768
2026-01-01 07:45:00+00:00,0.11837902665138245,0.11837902665138245,0.1183057576417923,0.11831320822238922,3023360
2026-01-01 08:00:00+00:00,0.1182752251625061,0.11837323009967804,0.11827507615089417,0.1183515265583992,0
2026-01-01 08:15:00+00:00,0.11834968626499176,0.11889442801475525,0.11834591627120972,0.11886830627918243,10030848
2026-01-01 08:30:00+00:00,0.11886463314294815,0.11907078325748444,0.11886463314294815,0.11907078325748444,6182272
2026-01-01 08:45:00+00:00,0.11920458823442459,0.11957971751689911,0.11920458823442459,0.11957971751689911,11160576
2026-01-01 09:00:00+00:00,0.11972786486148834,0.12084905803203583,0.11972786486148834,0.12072016298770905,65004672
2026-01-01 09:15:00+00:00,0.12071645259857178,0.12075996398925781,0.12059596180915833,0.12075716257095337,15822976
2026-01-01 09:30:00+00:00,0.12075624614953995,0.12079445272684097,0.12074387073516846,0.12079445272684097,6849024
2026-01-01 09:45:00+00:00,0.12079676985740662,0.12080460786819458,0.12026339769363403,0.12027236819267273,9052288
2026-01-01 10:00:00+00:00,0.12020771950483322,0.12021598219871521,0.12013889104127884,0.12018140405416489,3599360
2026-01-01 10:15:00+00:00,0.12017767131328583,0.12037479877471924,0.12016763538122177,0.12037479877471924,1931904
2026-01-01 10:30:00+00:00,0.12037437409162521,0.12042691558599472,0.12034325301647186,0.12042691558599472,587648
2026-01-01 10:45:00+00:00,0.12039387971162796,0.12044421583414078,0.12034798413515091,0.12040963023900986,398592
2026-01-01 11:00:00+00:00,0.12039466947317123,0.12052562087774277,0.12039466947317123,0.12052562087774277,95616
2026-01-01 11:15:00+00:00,0.1205221563577652,0.12056031823158264,0.12038792669773102,0.12038792669773102,1298816
2026-01-01 11:30:00+00:00,0.12038294225931168,0.12038294225931168,0.12029614299535751,0.12031858414411545,0
2026-01-01 11:45:00+00:00,0.12031666189432144,0.12046846747398376,0.12031666189432144,0.12046846747398376,0
2026-01-01 12:00:00+00:00,0.12046881020069122,0.12055113911628723,0.12046881020069122,0.1205427348613739,991744
2026-01-01 12:15:00+00:00,0.12053638696670532,0.12053638696670532,0.12038563191890717,0.12043683975934982,372224
2026-01-01 12:30:00+00:00,0.12040983140468597,0.12040983140468597,0.120352603495121,0.12037825584411621,0
2026-01-01 12:45:00+00:00,0.12036318331956863,0.12042967230081558,0.12036318331956863,0.12042822688817978,0
2026-01-01 13:00:00+00:00,0.12042737007141113,0.12064052373170853,0.12042596191167831,0.12064052373170853,0
2026-01-01 13:15:00+00:00,0.12063802033662796,0.12078069150447845,0.12062212079763412,0.12074481695890427,2244096
2026-01-01 13:30:00+00:00,0.12074121832847595,0.1208013966679573,0.12072372436523438,0.1208013966679573,1082240
2026-01-01 13:45:00+00:00,0.12078756093978882,0.12078866362571716,0.12067906558513641,0.12067906558513641,6998144
2026-01-01 14:00:00+00:00,0.12067563086748123,0.12080106139183044,0.12063669413328171,0.1207999512553215,0
2026-01-01 14:15:00+00:00,0.12080984562635422,0.12080984562635422,0.12043844908475876,0.12043844908475876,3021952
2026-01-01 14:30:00+00:00,0.120279461145401,0.12035226076841354,0.1202225387096405,0.12034344673156738,3777664
2026-01-01 14:45:00+00:00,0.12032394111156464,0.12064576148986816,0.12029395997524261,0.1206350177526474,0
2026-01-01 15:00:00+00:00,0.12064604461193085,0.12066353112459183,0.1206229031085968,0.12066353112459183,0
2026-01-01 15:15:00+00:00,0.1206560879945755,0.12085075676441193,0.1206560879945755,0.12080667167901993,0
2026-01-01 15:30:00+00:00,0.12084025144577026,0.12258890271186829,0.12084025144577026,0.12258890271186829,23113984
2026-01-01 15:45:00+00:00,0.12252192944288254,0.12456130981445312,0.12252192944288254,0.12438773363828659,145953920
2026-01-01 16:00:00+00:00,0.12438124418258667,0.12469658255577087,0.12438124418258667,0.12460272759199142,38778112
2026-01-01 16:15:00+00:00,0.12467555701732635,0.12496175616979599,0.12426130473613739,0.12428341060876846,27050240
2026-01-01 16:30:00+00:00,0.12438342720270157,0.12463651597499847,0.12424718588590622,0.12424718588590622,10684032
2026-01-01 16:45:00+00:00,0.12393052130937576,0.1240929514169693,0.12367606163024902,0.1240929514169693,0
2026-01-01 17:00:00+00:00,0.12412205338478088,0.12425433844327927,0.12412205338478088,0.12425433844327927,0
2026-01-01 17:15:00+00:00,0.12426747381687164,0.1245751678943634,0.12426747381687164,0.1245751678943634,1550080
2026-01-01 17:30:00+00:00,0.12457188218832016,0.1249946728348732,0.12457188218832016,0.1249946728348732,10263680
2026-01-01 17:45:00+00:00,0.1250630021095276,0.1250630021095276,0.12466444075107574,0.12467075139284134,9996928
2026-01-01 18:00:00+00:00,0.12483704835176468,0.12486487627029419,0.12467002868652344,0.1246786043047905,6734848
2026-01-01 18:15:00+00:00,0.12466444820165634,0.12471342086791992,0.12455303221940994,0.1246868222951889,2345728
2026-01-01 18:30:00+00:00,0.12468099594116211,0.12468099594116211,0.1244783028960228,0.12448733299970627,3618560
2026-01-01 18:45:00+00:00,0.124606192111969,0.12467870861291885,0.1245812401175499,0.12458161264657974,0
2026-01-01 19:00:00+00:00,0.12459050863981247,0.12506046891212463,0.12459050863981247,0.12505057454109192,964224
2026-01-01 19:15:00+00:00,0.12504926323890686,0.12509815394878387,0.1250157207250595,0.12505684792995453,213504
2026-01-01 19:30:00+00:00,0.12505492568016052,0.12554606795310974,0.12499447166919708,0.12554606795310974,2980352
2026-01-01 19:45:00+00:00,0.1255236715078354,0.12557822465896606,0.12544076144695282,0.12557822465896606,4541696
2026-01-01 20:00:00+00:00,0.1256631463766098,0.12591864168643951,0.1255880743265152,0.12571394443511963,5542784
2026-01-01 20:15:00+00:00,0.12573271989822388,0.12580245733261108,0.12571614980697632,0.12571732699871063,0
2026-01-01 20:30:00+00:00,0.12570229172706604,0.1257592737674713,0.12559758126735687,0.12567581236362457,20850048
2026-01-01 20:45:00+00:00,0.12575535476207733,0.12589971721172333,0.12575535476207733,0.12587818503379822,4567680
2026-01-01 21:00:00+00:00,0.12588977813720703,0.12601561844348907,0.1258247345685959,0.12583757936954498,3073024
2026-01-01 21:15:00+00:00,0.1258445382118225,0.12589925527572632,0.1258275806903839,0.1258275806903839,1349248
2026-01-01 21:30:00+00:00,0.1257282793521881,0.1257423460483551,0.1255997121334076,0.12573955953121185,75776
2026-01-01 21:45:00+00:00,0.1257275491952896,0.12587888538837433,0.1256561279296875,0.12587827444076538,3579136
2026-01-01 22:00:00+00:00,0.1259157806634903,0.12661497294902802,0.1259157806634903,0.1265731304883957,15070976
2026-01-01 22:15:00+00:00,0.12658783793449402,0.12661635875701904,0.12654797732830048,0.1265893429517746,0
2026-01-01 22:30:00+00:00,0.1265961080789566,0.12664081156253815,0.1263195127248764,0.12633292376995087,0
2026-01-01 22:45:00+00:00,0.12628600001335144,0.12641610205173492,0.12628600001335144,0.12640510499477386,1876736
2026-01-01 23:00:00+00:00,0.1264135241508484,0.126632958650589,0.1264135241508484,0.126632958650589,4500096
2026-01-01 23:15:00+00:00,0.1266137808561325,0.12693217396736145,0.1266137808561325,0.12664897739887238,8951936
2026-01-01 23:30:00+00:00,0.12665756046772003,0.12665756046772003,0.12656565010547638,0.12658895552158356,2584448
2026-01-01 23:45:00+00:00,0.12658648192882538,0.12666621804237366,0.1265578716993332,0.12666621804237366,0
2026-01-02 00:00:00+00:00,0.12667691707611084,0.12670409679412842,0.12628307938575745,0.1263006627559662,0
2026-01-02 00:15:00+00:00,0.12629087269306183,0.12629087269306183,0.1260615438222885,0.1260615438222885,4559360
2026-01-02 00:30:00+00:00,0.12601931393146515,0.12615104019641876,0.12587201595306396,0.12587201595306396,4432768
2026-01-02 00:45:00+00:00,0.12587377429008484,0.12627217173576355,0.12587377429008484,0.12627217173576355,2640896
2026-01-02 01:00:00+00:00,0.1262759268283844,0.12630924582481384,0.12614884972572327,0.1262233853340149,0
2026-01-02 01:15:00+00:00,0.12623968720436096,0.1266462802886963,0.12623968720436096,0.12663917243480682,2572672
2026-01-02 01:30:00+00:00,0.12666453421115875,0.12666453421115875,0.12638206779956818,0.12638206779956818,5912704
2026-01-02 01:45:00+00:00,0.12637664377689362,0.12641292810440063,0.12631019949913025,0.1264042854309082,0
2026-01-02 02:00:00+00:00,0.1264113187789917,0.12642015516757965,0.12626759707927704,0.12627209722995758,1993856
2026-01-02 02:15:00+00:00,0.12629689276218414,0.12629689276218414,0.12623117864131927,0.12628433108329773,1482368
2026-01-02 02:30:00+00:00,0.1262657791376114,0.12646260857582092,0.12616416811943054,0.12645822763442993,3045632
2026-01-02 02:45:00+00:00,0.12650087475776672,0.12674269080162048,0.12650087475776672,0.12674269080162048,6770176
2026-01-02 03:00:00+00:00,0.1267317831516266,0.1267317831516266,0.1265624761581421,0.12658582627773285,5671424
2026-01-02 03:15:00+00:00,0.12665893137454987,0.12709960341453552,0.12665893137454987,0.12692417204380035,11883136
2026-01-02 03:30:00+00:00,0.127017542719841,0.12816549837589264,0.127017542719841,0.12816549837589264,35683456
2026-01-02 03:45:00+00:00,0.12818802893161774,0.12887628376483917,0.12818802893161774,0.12833184003829956,44092544
2026-01-02 04:00:00+00:00,0.1283687800168991,0.12875983119010925,0.1283687800168991,0.12858682870864868,15130496
2026-01-02 04:15:00+00:00,0.12865321338176727,0.12865321338176727,0.12796586751937866,0.12796586751937866,11382912
2026-01-02 04:30:00+00:00,0.1279425323009491,0.12803594768047333,0.12776783108711243,0.12803594768047333,9057664
2026-01-02 04:45:00+00:00,0.12796831130981445,0.12825487554073334,0.12796787917613983,0.12823471426963806,6008320
2026-01-02 05:00:00+00:00,0.12822675704956055,0.12822675704956055,0.12802563607692719,0.12806539237499237,2293632
2026-01-02 05:15:00+00:00,0.1279701590538025,0.1279701590538025,0.12752345204353333,0.12752345204353333,11983360
2026-01-02 05:30:00+00:00,0.12743131816387177,0.1275976598262787,0.12743131816387177,0.1275976598262787,5622016
2026-01-02 05:45:00+00:00,0.12775935232639313,0.12807393074035645,0.12775935232639313,0.12807393074035645,8766336
2026-01-02 06:00:00+00:00,0.1280430406332016,0.12850162386894226,0.1280430406332016,0.12849962711334229,12088064
2026-01-02 06:15:00+00:00,0.12847702205181122,0.12854085862636566,0.12842722237110138,0.1285320222377777,8224640
2026-01-02 06:30:00+00:00,0.12849745154380798,0.12859979271888733,0.12847526371479034,0.1285426765680313,8026240
2026-01-02 06:45:00+00:00,0.12855423986911774,0.12860342860221863,0.12846340239048004,0.12850575149059296,2616704
2026-01-02 07:00:00+00:00,0.12850865721702576,0.12853270769119263,0.12848256528377533,0.12850436568260193,168448
2026-01-02 07:15:00+00:00,0.12850041687488556,0.12850041687488556,0.12804555892944336,0.12804555892944336,5799168
2026-01-02 07:30:00+00:00,0.12790550291538239,0.12790550291538239,0.1276685744524002,0.12767185270786285,9888256
2026-01-02 07:45:00+00:00,0.12767194211483002,0.12777601182460785,0.12767194211483002,0.12777401506900787,3161984
2026-01-02 08:00:00+00:00,0.1277691125869751,0.1284402459859848,0.1277691125869751,0.1284402459859848,9206912
2026-01-02 08:15:00+00:00,0.12843938171863556,0.12843938171863556,0.12803949415683746,0.12805022299289703,16440960
2026-01-02 08:30:00+00:00,0.12804214656352997,0.12840738892555237,0.12797868251800537,0.12840738892555237,4352256
2026-01-02 08:45:00+00:00,0.12841196358203888,0.12866897881031036,0.12841196358203888,0.12866897881031036,0
2026-01-02 09:00:00+00:00,0.12867847084999084,0.12892892956733704,0.12863631546497345,0.12892892956733704,0
2026-01-02 09:15:00+00:00,0.12893037497997284,0.12893037497997284,0.12862469255924225,0.12873852252960205,818816
2026-01-02 09:30:00+00:00,0.12873956561088562,0.12893874943256378,0.12873956561088562,0.12893874943256378,5171584
2026-01-02 09:45:00+00:00,0.12899558246135712,0.13284900784492493,0.12899558246135712,0.1327393501996994,187793408
2026-01-02 10:00:00+00:00,0.1327158808708191,0.13288995623588562,0.13269393146038055,0.13282032310962677,44606720
2026-01-02 10:15:00+00:00,0.13286453485488892,0.132933109998703,0.13230057060718536,0.13230057060718536,29512192
2026-01-02 10:30:00+00:00,0.13208895921707153,0.13265781104564667,0.13208895921707153,0.1324516385793686,17100544
2026-01-02 10:45:00+00:00,0.1324489861726761,0.13281980156898499,0.1324489861726761,0.13278736174106598,17843712
2026-01-02 11:00:00+00:00,0.13279809057712555,0.13282600045204163,0.13261069357395172,0.13261069357395172,15084288
2026-01-02 11:15:00+00:00,0.1325998157262802,0.1325998157262802,0.13229292631149292,0.13229292631149292,13590528
2026-01-02 11:30:00+00:00,0.13223084807395935,0.13223084807395935,0.130022794008255,0.130022794008255,69774976
2026-01-02 11:45:00+00:00,0.1296144276857376,0.12963947653770447,0.12866367399692535,0.12933292984962463,64794368
2026-01-02 12:00:00+00:00,0.1293310970067978,0.12944990396499634,0.12931020557880402,0.12944990396499634,15081472
2026-01-02 12:15:00+00:00,0.1294449120759964,0.12958982586860657,0.1294449120759964,0.12958982586860657,7952000
2026-01-02 12:30:00+00:00,0.12959803640842438,0.13124307990074158,0.12959803640842438,0.13119347393512726,45558144
2026-01-02 12:45:00+00:00,0.13121767342090607,0.13143914937973022,0.13121767342090607,0.13125456869602203,23805568
2026-01-02 13:00:00+00:00,0.13124531507492065,0.13149814307689667,0.1312190294265747,0.13135752081871033,14589568
2026-01-02 13:15:00+00:00,0.13131166994571686,0.13187555968761444,0.13131166994571686,0.13187555968761444,42084736
2026-01-02 13:30:00+00:00,0.13187487423419952,0.13205313682556152,0.13184714317321777,0.13205313682556152,15518976
2026-01-02 13:45:00+00:00,0.13198697566986084,0.1319901943206787,0.13168643414974213,0.13168643414974213,6684032
2026-01-02 14:00:00+00:00,0.13166074454784393,0.13179071247577667,0.1314467042684555,0.1314467042684555,30842496
2026-01-02 14:15:00+00:00,0.13134805858135223,0.13134925067424774,0.13047261536121368,0.13060277700424194,40182016
2026-01-02 14:30:00+00:00,0.13056938350200653,0.1330944448709488,0.12993653118610382,0.1330944448709488,123719424
2026-01-02 14:45:00+00:00,0.13301591575145721,0.13433727622032166,0.13297238945960999,0.13365259766578674,123502592
2026-01-02 15:00:00+00:00,0.1337132453918457,0.1343584805727005,0.1337132453918457,0.13388298451900482,40880128
2026-01-02 15:15:00+00:00,0.1335858255624771,0.1337893158197403,0.13327358663082123,0.1337893158197403,29451520
2026-01-02 15:30:00+00:00,0.13376234471797943,0.13519038259983063,0.13364368677139282,0.13519038259983063,18724864
2026-01-02 15:45:00+00:00,0.13521063327789307,0.1354648619890213,0.13503384590148926,0.1350550353527069,0
2026-01-02 16:00:00+00:00,0.13503672182559967,0.1354268491268158,0.13500013947486877,0.1354268491268158,0
2026-01-02 16:15:00+00:00,0.13550414144992828,0.13685089349746704,0.13550414144992828,0.13662879168987274,39326720
2026-01-02 16:30:00+00:00,0.1368163377046585,0.1378522515296936,0.1368163377046585,0.13733910024166107,40921088
2026-01-02 16:45:00+00:00,0.1373397707939148,0.13811320066452026,0.13726040720939636,0.13811320066452026,24616704
2026-01-02 17:00:00+00:00,0.13813985884189606,0.13877952098846436,0.13813985884189606,0.13877952098846436,36452096
2026-01-02 17:15:00+00:00,0.13885308802127838,0.1389731913805008,0.13870608806610107,0.13870608806610107,32292608
2026-01-02 17:30:00+00:00,0.13883450627326965,0.13915106654167175,0.13878442347049713,0.13915106654167175,9987840
2026-01-02 17:45:00+00:00,0.13936474919319153,0.13936474919319153,0.13905292749404907,0.1392325609922409,8753408
2026-01-02 18:00:00+00:00,0.13918627798557281,0.13920652866363525,0.1387576311826706,0.1387636363506317,1666816
2026-01-02 18:15:00+00:00,0.13878478109836578,0.13947562873363495,0.13878478109836578,0.13937418162822723,18006016
2026-01-02 18:30:00+00:00,0.13938307762145996,0.13938307762145996,0.13861115276813507,0.13861115276813507,11934720
2026-01-02 18:45:00+00:00,0.13863657414913177,0.138774573802948,0.13772480189800262,0.13815265893936157,44276224
2026-01-02 19:00:00+00:00,0.13814271986484528,0.13879358768463135,0.13814271986484528,0.13879358768463135,9864448
2026-01-02 19:15:00+00:00,0.1388290524482727,0.1392764300107956,0.1388290524482727,0.13907121121883392,18997248
2026-01-02 19:30:00+00:00,0.13907237350940704,0.13907237350940704,0.13894852995872498,0.13906444609165192,9638144
2026-01-02 19:45:00+00:00,0.13914667069911957,0.1393350511789322,0.13910017907619476,0.1393350511789322,12295680
2026-01-02 20:00:00+00:00,0.1394415646791458,0.13980858027935028,0.1394415646791458,0.13975414633750916,7663616
2026-01-02 20:15:00+00:00,0.1397532969713211,0.1397532969713211,0.13944177329540253,0.13944177329540253,9835008
2026-01-02 20:30:00+00:00,0.13939663767814636,0.13961060345172882,0.13927292823791504,0.13961060345172882,0
2026-01-02 20:45:00+00:00,0.13961181044578552,0.13961181044578552,0.13916338980197906,0.13935105502605438,10412288
2026-01-02 21:00:00+00:00,0.13935045897960663,0.13967439532279968,0.13935045897960663,0.13967439532279968,4234496
2026-01-02 21:15:00+00:00,0.13965485990047455,0.13997696340084076,0.13951557874679565,0.13997696340084076,8357120
2026-01-02 21:30:00+00:00,0.13998164236545563,0.14035877585411072,0.13998164236545563,0.14009560644626617,17023744
2026-01-02 21:45:00+00:00,0.1401941180229187,0.14128784835338593,0.1401941180229187,0.14122836291790009,49197568
2026-01-02 22:00:00+00:00,0.14126308262348175,0.14349539577960968,0.14126308262348175,0.14334847033023834,86191616
2026-01-02 22:15:00+00:00,0.14309890568256378,0.14373445510864258,0.14309890568256378,0.1435101479291916,58782976
2026-01-02 22:30:00+00:00,0.14348876476287842,0.1439271718263626,0.1432926058769226,0.1439271718263626,40115968
2026-01-02 22:45:00+00:00,0.14394165575504303,0.14448897540569305,0.14394165575504303,0.14442142844200134,64858880
2026-01-02 23:00:00+00:00,0.1444488763809204,0.1444488763809204,0.14298206567764282,0.14298206567764282,32216064
2026-01-02 23:15:00+00:00,0.14297014474868774,0.14312414824962616,0.1424049288034439,0.1424049288034439,18338304
2026-01-02 23:30:00+00:00,0.14239855110645294,0.14250826835632324,0.142167866230011,0.142167866230011,8707072
2026-01-02 23:45:00+00:00,0.14213939011096954,0.14213939011096954,0.1415264904499054,0.1416677087545395,28001536
2026-01-03 00:00:00+00:00,0.14177435636520386,0.14298424124717712,0.14177435636520386,0.1429475098848343,23666944
2026-01-03 00:15:00+00:00,0.14295628666877747,0.14295628666877747,0.14244818687438965,0.14263731241226196,16889856
2026-01-03 00:30:00+00:00,0.14264005422592163,0.14264005422592163,0.14228908717632294,0.1423194259405136,491520
2026-01-03 00:45:00+00:00,0.1422797292470932,0.14237432181835175,0.14219407737255096,0.1422533541917801,4596224
2026-01-03 01:00:00+00:00,0.14225520193576813,0.14225520193576813,0.14192141592502594,0.14220933616161346,6114816
2026-01-03 01:15:00+00:00,0.14228467643260956,0.14236485958099365,0.14200520515441895,0.14236479997634888,11927808
2026-01-03 01:30:00+00:00,0.1423685997724533,0.14267857372760773,0.14230847358703613,0.14230847358703613,10780672
2026-01-03 01:45:00+00:00,0.14232280850410461,0.14232280850410461,0.14214907586574554,0.14215724170207977,9590272
2026-01-03 02:00:00+00:00,0.1419498473405838,0.1419498473405838,0.14134588837623596,0.1415114551782608,21621248
2026-01-03 02:15:00+00:00,0.1415211260318756,0.14253953099250793,0.1415211260318756,0.14253953099250793,13873408
2026-01-03 02:30:00+00:00,0.1425630748271942,0.1426200121641159,0.14245715737342834,0.1426200121641159,9210112
2026-01-03 02:45:00+00:00,0.14264920353889465,0.14349861443042755,0.14264920353889465,0.1434682011604309,21237504
2026-01-03 03:00:00+00:00,0.14346647262573242,0.143576979637146,0.1434435099363327,0.1434435099363327,5749760
2026-01-03 03:15:00+00:00,0.14341981709003448,0.14341981709003448,0.14308270812034607,0.14308270812034607,1408000
2026-01-03 03:30:00+00:00,0.14313019812107086,0.1437961459159851,0.14313019812107086,0.1437961459159851,0
2026-01-03 03:45:00+00:00,0.14378565549850464,0.1441294550895691,0.14378565549850464,0.14403612911701202,0
2026-01-03 04:00:00+00:00,0.1440325230360031,0.14409609138965607,0.14337752759456635,0.14337752759456635,4116480
2026-01-03 04:15:00+00:00,0.14334963262081146,0.14372369647026062,0.1433209478855133,0.14372369647026062,91392
2026-01-03 04:30:00+00:00,0.14360371232032776,0.14361657202243805,0.14323993027210236,0.14323993027210236,825344
2026-01-03 04:45:00+00:00,0.14311367273330688,0.14316359162330627,0.14275488257408142,0.14275498688220978,2964224
2026-01-03 05:00:00+00:00,0.14282621443271637,0.1432334929704666,0.14282621443271637,0.14321966469287872,4424960
2026-01-03 05:15:00+00:00,0.14318813383579254,0.14318813383579254,0.14289481937885284,0.14289481937885284,1560064
2026-01-03 05:30:00+00:00,0.1428915113210678,0.1428915113210678,0.14234262704849243,0.14234262704849243,6420224
2026-01-03 05:45:00+00:00,0.14250443875789642,0.14286962151527405,0.14250443875789642,0.14286962151527405,5743616
2026-01-03 06:00:00+00:00,0.1428450495004654,0.14356590807437897,0.1428450495004654,0.14356590807437897,1606912
2026-01-03 06:15:00+00:00,0.14358358085155487,0.14368844032287598,0.14329662919044495,0.14329662919044495,2222080
2026-01-03 06:30:00+00:00,0.14322185516357422,0.14322185516357422,0.14245443046092987,0.14245443046092987,6407424
2026-01-03 06:45:00+00:00,0.14196038246154785,0.14196038246154785,0.1417277604341507,0.1418767124414444,21687040
2026-01-03 07:00:00+00:00,0.1418769359588623,0.14201237261295319,0.14152920246124268,0.14152920246124268,10791936
2026-01-03 07:15:00+00:00,0.14153173565864563,0.14153173565864563,0.14004215598106384,0.1400471180677414,46755328
2026-01-03 07:30:00+00:00,0.13997234404087067,0.14020662009716034,0.13969112932682037,0.14020662009716034,53101824
2026-01-03 07:45:00+00:00,0.14019997417926788,0.14019997417926788,0.13991117477416992,0.13991117477416992,11210240
2026-01-03 08:00:00+00:00,0.13987363874912262,0.1400774121284485,0.13970795273780823,0.14000582695007324,9186816
2026-01-03 08:15:00+00:00,0.13999338448047638,0.14034654200077057,0.13999338448047638,0.14027808606624603,4210432
2026-01-03 08:30:00+00:00,0.140297532081604,0.1411176472902298,0.140297532081604,0.1411176472902298,22364416
2026-01-03 08:45:00+00:00,0.14110423624515533,0.14126285910606384,0.14093132317066193,0.14093132317066193,10799872
2026-01-03 09:00:00+00:00,0.14093449711799622,0.14093449711799622,0.14054961502552032,0.14055919647216797,1019392
2026-01-03 09:15:00+00:00,0.14055582880973816,0.1412173956632614,0.14048755168914795,0.1412173956632614,6874624
2026-01-03 09:30:00+00:00,0.14121370017528534,0.14198821783065796,0.14116835594177246,0.14193332195281982,18395648
2026-01-03 09:45:00+00:00,0.14196422696113586,0.1429108828306198,0.14196422696113586,0.14287133514881134,0
2026-01-03 10:00:00+00:00,0.1428063064813614,0.14286117255687714,0.14266161620616913,0.14272743463516235,0
2026-01-03 10:15:00+00:00,0.14269952476024628,0.14277493953704834,0.1426231414079666,0.14277493953704834,0
2026-01-03 10:30:00+00:00,0.14275114238262177,0.14293743669986725,0.14275114238262177,0.14277999103069305,0
2026-01-03 10:45:00+00:00,0.14271509647369385,0.14274530112743378,0.14265619218349457,0.14268581569194794,0
2026-01-03 11:00:00+00:00,0.14267875254154205,0.14268842339515686,0.1424848735332489,0.1424955427646637,0
2026-01-03 11:15:00+00:00,0.14250679314136505,0.1425483077764511,0.14239825308322906,0.14239825308322906,1439232
2026-01-03 11:30:00+00:00,0.1423993706703186,0.14240485429763794,0.14231175184249878,0.1423654556274414,0
2026-01-03 11:45:00+00:00,0.1423696130514145,0.142438143491745,0.14236325025558472,0.14243651926517487,0
2026-01-03 12:00:00+00:00,0.14243720471858978,0.14253836870193481,0.14225329458713531,0.14253836870193481,0
2026-01-03 12:15:00+00:00,0.1425287276506424,0.14293614029884338,0.1425287276506424,0.1428789496421814,2285056
2026-01-03 12:30:00+00:00,0.14287543296813965,0.14287543296813965,0.14251160621643066,0.14263202250003815,0
2026-01-03 12:45:00+00:00,0.14264915883541107,0.1428743451833725,0.14264915883541107,0.14283370971679688,1733120
2026-01-03 13:00:00+00:00,0.1426476687192917,0.14293377101421356,0.1426476687192917,0.14280915260314941,19179520
2026-01-03 13:15:00+00:00,0.14278550446033478,0.14292025566101074,0.1427495926618576,0.14288511872291565,0
2026-01-03 13:30:00+00:00,0.14287565648555756,0.14293605089187622,0.14281043410301208,0.14281043410301208,0
2026-01-03 13:45:00+00:00,0.14280451834201813,0.14283858239650726,0.1427435576915741,0.14283011853694916,0
2026-01-03 14:00:00+00:00,0.14282642304897308,0.14301669597625732,0.14282642304897308,0.14301669597625732,0
2026-01-03 14:15:00+00:00,0.1430206149816513,0.14302964508533478,0.14286622405052185,0.14287754893302917,0
2026-01-03 14:30:00+00:00,0.1428786963224411,0.1428786963224411,0.1427120715379715,0.1427249014377594,0
2026-01-03 14:45:00+00:00,0.14254611730575562,0.14254611730575562,0.1422417163848877,0.14228637516498566,0
2026-01-03 15:00:00+00:00,0.1423005610704422,0.14244011044502258,0.1423005610704422,0.14243444800376892,0
2026-01-03 15:15:00+00:00,0.14243391156196594,0.14254850149154663,0.14228248596191406,0.14254850149154663,0
2026-01-03 15:30:00+00:00,0.1425403505563736,0.1425403505563736,0.14233769476413727,0.14233769476413727,0
2026-01-03 15:45:00+00:00,0.14232809841632843,0.1423598676919937,0.14230014383792877,0.1423005759716034,0
2026-01-03 16:00:00+00:00,0.14229881763458252,0.14229881763458252,0.14104177057743073,0.14114752411842346,3979776
2026-01-03 16:15:00+00:00,0.14107061922550201,0.14129459857940674,0.14105945825576782,0.14129459857940674,0
2026-01-03 16:30:00+00:00,0.14130060374736786,0.1415719836950302,0.14130060374736786,0.14153282344341278,0
2026-01-03 16:45:00+00:00,0.14149872958660126,0.1416575312614441,0.1414640098810196,0.1414640098810196,0
2026-01-03 17:00:00+00:00,0.14149369299411774,0.14149369299411774,0.1410895735025406,0.1410895735025406,0
2026-01-03 17:15:00+00:00,0.1410829871892929,0.14126883447170258,0.14099706709384918,0.14126883447170258,0
2026-01-03 17:30:00+00:00,0.14126606285572052,0.14163118600845337,0.14124122262001038,0.14163118600845337,0
2026-01-03 17:45:00+00:00,0.14163924753665924,0.14166700839996338,0.14151346683502197,0.14152835309505463,0
2026-01-03 18:00:00+00:00,0.1414714902639389,0.1414714902639389,0.1413584053516388,0.14137078821659088,0
2026-01-03 18:15:00+00:00,0.14138658344745636,0.14173480868339539,0.14138658344745636,0.14173480868339539,0
2026-01-03 18:30:00+00:00,0.14175549149513245,0.14212022721767426,0.14175549149513245,0.14184707403182983,0
2026-01-03 18:45:00+00:00,0.14184962213039398,0.14184962213039398,0.14170211553573608,0.14174585044384003,0
2026-01-03 19:00:00+00:00,0.14172838628292084,0.14173324406147003,0.14143051207065582,0.14143139123916626,0
2026-01-03 19:15:00+00:00,0.14143505692481995,0.14160259068012238,0.14143505692481995,0.14160259068012238,0
2026-01-03 19:30:00+00:00,0.1416000872850418,0.14165157079696655,0.1416000872850418,0.14165157079696655,0
2026-01-03 19:45:00+00:00,0.14164775609970093,0.14164775609970093,0.14158210158348083,0.141585573554039,0
2026-01-03 20:00:00+00:00,0.14158393442630768,0.14170295000076294,0.14136123657226562,0.14136123657226562,0
2026-01-03 20:15:00+00:00,0.14137013256549835,0.14144128561019897,0.14132343232631683,0.14142893254756927,0
2026-01-03 20:30:00+00:00,0.1414261758327484,0.14197199046611786,0.1413886845111847,0.14197199046611786,0
2026-01-03 20:45:00+00:00,0.1420629471540451,0.14224836230278015,0.14203797280788422,0.14224453270435333,0
2026-01-03 21:00:00+00:00,0.14224421977996826,0.14230819046497345,0.14210912585258484,0.14230819046497345,0
2026-01-03 21:15:00+00:00,0.14231877028942108,0.1426391750574112,0.14229761064052582,0.14250966906547546,0
2026-01-03 21:30:00+00:00,0.14250878989696503,0.14258119463920593,0.14229895174503326,0.14232492446899414,0
2026-01-03 21:45:00+00:00,0.14234420657157898,0.14238695800304413,0.14230361580848694,0.1423112452030182,0
2026-01-03 22:00:00+00:00,0.14230667054653168,0.14277257025241852,0.14229977130889893,0.14277257025241852,0
2026-01-03 22:15:00+00:00,0.14273835718631744,0.14286062121391296,0.14273835718631744,0.14286062121391296,0
2026-01-03 22:30:00+00:00,0.14282703399658203,0.14282703399658203,0.1426924467086792,0.1426924467086792,0
2026-01-03 22:45:00+00:00,0.14267860352993011,0.1426788717508316,0.14263765513896942,0.14264190196990967,0
2026-01-03 23:00:00+00:00,0.14264431595802307,0.14313159883022308,0.14264431595802307,0.1429472118616104,0
2026-01-03 23:15:00+00:00,0.1430175006389618,0.14346443116664886,0.1430175006389618,0.14334630966186523,0
2026-01-03 23:30:00+00:00,0.14335958659648895,0.14337565004825592,0.14316821098327637,0.14316821098327637,0
2026-01-03 23:45:00+00:00,0.1431686282157898,0.14317941665649414,0.1430552452802658,0.1430552452802658,0
2026-01-04 00:00:00+00:00,0.1430625468492508,0.1439323127269745,0.14305923879146576,0.1439323127269745,16499456
2026-01-04 00:15:00+00:00,0.14412586390972137,0.14477141201496124,0.14412586390972137,0.14459656178951263,32989440
2026-01-04 00:30:00+00:00,0.14449292421340942,0.14611096680164337,0.14449292421340942,0.14566756784915924,53796864
2026-01-04 00:45:00+00:00,0.1457555592060089,0.1463552713394165,0.1457555592060089,0.14631256461143494,24470784
2026-01-04 01:00:00+00:00,0.14630527794361115,0.14630527794361115,0.14594322443008423,0.14613386988639832,5142272
2026-01-04 01:15:00+00:00,0.1461365520954132,0.1461365520954132,0.14543433487415314,0.1458648145198822,4470400
2026-01-04 01:30:00+00:00,0.14576315879821777,0.14600364863872528,0.1455833464860916,0.14591123163700104,581760
2026-01-04 01:45:00+00:00,0.14578264951705933,0.14629586040973663,0.14578264951705933,0.14629586040973663,98688
2026-01-04 02:00:00+00:00,0.14637473225593567,0.14637473225593567,0.1461719572544098,0.14618045091629028,0
2026-01-04 02:15:00+00:00,0.14621515572071075,0.1470000147819519,0.14621515572071075,0.1467195749282837,16018816
2026-01-04 02:30:00+00:00,0.14671719074249268,0.14703968167304993,0.14671719074249268,0.14695052802562714,2898048
2026-01-04 02:45:00+00:00,0.14691033959388733,0.14691033959388733,0.1466687172651291,0.14671660959720612,0
2026-01-04 03:00:00+00:00,0.1467740684747696,0.147964209318161,0.1467740684747696,0.147964209318161,17984896
2026-01-04 03:15:00+00:00,0.14811062812805176,0.14897684752941132,0.14811062812805176,0.14886394143104553,46668800
2026-01-04 03:30:00+00:00,0.14873886108398438,0.149710014462471,0.14873886108398438,0.149710014462471,36842368
2026-01-04 03:45:00+00:00,0.1504833847284317,0.15136903524398804,0.1504833847284317,0.15104801952838898,73861248
2026-01-04 04:00:00+00:00,0.15098896622657776,0.15156769752502441,0.15097638964653015,0.15156769752502441,22428800
2026-01-04 04:15:00+00:00,0.1517956405878067,0.15281490981578827,0.1517956405878067,0.15273407101631165,44825728
2026-01-04 04:30:00+00:00,0.15266664326190948,0.1527685672044754,0.15201647579669952,0.15201647579669952,18908928
2026-01-04 04:45:00+00:00,0.15202808380126953,0.15202808380126953,0.15188200771808624,0.15196774899959564,18588544
2026-01-04 05:00:00+00:00,0.15196718275547028,0.1520257294178009,0.15164421498775482,0.15187637507915497,11272576
2026-01-04 05:15:00+00:00,0.15189005434513092,0.15231937170028687,0.15189005434513092,0.15230606496334076,6500864
2026-01-04 05:30:00+00:00,0.152235209941864,0.15251541137695312,0.15223321318626404,0.15245330333709717,3135488
2026-01-04 05:45:00+00:00,0.1524045765399933,0.15278542041778564,0.1524045765399933,0.15278542041778564,6742784
2026-01-04 06:00:00+00:00,0.15271416306495667,0.1528151035308838,0.15255706012248993,0.15272672474384308,6911744
2026-01-04 06:15:00+00:00,0.15275536477565765,0.15302936732769012,0.15267659723758698,0.15281039476394653,26432256
2026-01-04 06:30:00+00:00,0.15279391407966614,0.15279391407966614,0.15144731104373932,0.15144731104373932,20145280
2026-01-04 06:45:00+00:00,0.1512884646654129,0.1512884646654129,0.1504122018814087,0.15041685104370117,43495936
2026-01-04 07:00:00+00:00,0.15035739541053772,0.15119275450706482,0.15035739541053772,0.15119275450706482,6650752
2026-01-04 07:15:00+00:00,0.15124589204788208,0.15158365666866302,0.1512288898229599,0.15146449208259583,0
2026-01-04 07:30:00+00:00,0.15163446962833405,0.15163446962833405,0.15134084224700928,0.1515500545501709,0
2026-01-04 07:45:00+00:00,0.15155212581157684,0.1516469269990921,0.15145760774612427,0.1514577567577362,6484608
2026-01-04 08:00:00+00:00,0.15146370232105255,0.15156647562980652,0.15126274526119232,0.15156647562980652,2800384
2026-01-04 08:15:00+00:00,0.15153269469738007,0.1520291417837143,0.15153269469738007,0.15160255134105682,7430784
2026-01-04 08:30:00+00:00,0.15153157711029053,0.1518743485212326,0.15153157711029053,0.1518743485212326,0
2026-01-04 08:45:00+00:00,0.15187667310237885,0.15194503962993622,0.15183883905410767,0.15194503962993622,1003264
2026-01-04 09:00:00+00:00,0.1519579440355301,0.15200567245483398,0.1514836847782135,0.1514836847782135,0
2026-01-04 09:15:00+00:00,0.1514795571565628,0.1519571989774704,0.1514725387096405,0.15166139602661133,3812480
2026-01-04 09:30:00+00:00,0.15171508491039276,0.15209661424160004,0.15171508491039276,0.15199288725852966,0
2026-01-04 09:45:00+00:00,0.15191009640693665,0.1522292047739029,0.151852548122406,0.1522292047739029,0
2026-01-04 10:00:00+00:00,0.1521189957857132,0.15261612832546234,0.1521189957857132,0.15258710086345673,373248
2026-01-04 10:15:00+00:00,0.15259143710136414,0.15259143710136414,0.15236061811447144,0.1524147242307663,1049472
2026-01-04 10:30:00+00:00,0.1524166464805603,0.15255023539066315,0.15215003490447998,0.152166485786438,0
2026-01-04 10:45:00+00:00,0.15214693546295166,0.15223005414009094,0.15213319659233093,0.15220557153224945,1860224
2026-01-04 11:00:00+00:00,0.1521991640329361,0.15220098197460175,0.15153151750564575,0.15153774619102478,3181568
2026-01-04 11:15:00+00:00,0.1514836996793747,0.15151184797286987,0.15138831734657288,0.15138982236385345,2166656
2026-01-04 11:30:00+00:00,0.15148216485977173,0.15158464014530182,0.15148216485977173,0.15156134963035583,5504
2026-01-04 11:45:00+00:00,0.1515367180109024,0.1519935131072998,0.1515367180109024,0.1519935131072998,7365632
2026-01-04 12:00:00+00:00,0.15189841389656067,0.15218354761600494,0.15183058381080627,0.15218354761600494,6685824
2026-01-04 12:15:00+00:00,0.15246190130710602,0.15387466549873352,0.15246190130710602,0.15385115146636963,50668672
2026-01-04 12:30:00+00:00,0.15351738035678864,0.15374085307121277,0.15274757146835327,0.15274757146835327,24099456
2026-01-04 12:45:00+00:00,0.15269973874092102,0.15290051698684692,0.15269973874092102,0.1528363823890686,712192
2026-01-04 13:00:00+00:00,0.1528221070766449,0.15303385257720947,0.1527947187423706,0.15300817787647247,0
2026-01-04 13:15:00+00:00,0.15267880260944366,0.15269386768341064,0.15195246040821075,0.15226805210113525,8475648
2026-01-04 13:30:00+00:00,0.15227803587913513,0.1523415446281433,0.15216554701328278,0.1521776020526886,3158912
2026-01-04 13:45:00+00:00,0.15207163989543915,0.15214204788208008,0.15201620757579803,0.1521006077528,1208704
2026-01-04 14:00:00+00:00,0.1520620733499527,0.152199849486351,0.15197470784187317,0.15215718746185303,1503616
2026-01-04 14:15:00+00:00,0.1521786004304886,0.15231873095035553,0.15198580920696259,0.15198580920696259,5632768
2026-01-04 14:30:00+00:00,0.15198953449726105,0.15198953449726105,0.15114760398864746,0.15114760398864746,26465280
2026-01-04 14:45:00+00:00,0.15085504949092865,0.15138031542301178,0.15085504949092865,0.15128202736377716,10728576
2026-01-04 15:00:00+00:00,0.15130192041397095,0.15131576359272003,0.1511951982975006,0.15125387907028198,2376576
2026-01-04 15:15:00+00:00,0.15125522017478943,0.15154185891151428,0.15125522017478943,0.1513601392507553,3472768
2026-01-04 15:30:00+00:00,0.1513456255197525,0.1515173614025116,0.15119905769824982,0.15119905769824982,8539520
2026-01-04 15:45:00+00:00,0.15111589431762695,0.15125390887260437,0.15071222186088562,0.15125390887260437,16391680
2026-01-04 16:00:00+00:00,0.15126393735408783,0.15173377096652985,0.15092653036117554,0.1509573608636856,0
2026-01-04 16:15:00+00:00,0.15090563893318176,0.15103992819786072,0.15085753798484802,0.15092778205871582,3506432
2026-01-04 16:30:00+00:00,0.15091608464717865,0.1513323336839676,0.15091608464717865,0.15105940401554108,6903040
2026-01-04 16:45:00+00:00,0.15108881890773773,0.151635080575943,0.15108881890773773,0.151635080575943,9055232
2026-01-04 17:00:00+00:00,0.1516336351633072,0.15244409441947937,0.1516336351633072,0.15244409441947937,10136832
2026-01-04 17:15:00+00:00,0.15249133110046387,0.15251895785331726,0.15224523842334747,0.15224523842334747,3798144
2026-01-04 17:30:00+00:00,0.1521948128938675,0.1523624211549759,0.15210232138633728,0.15210232138633728,1933824
2026-01-04 17:45:00+00:00,0.1521168053150177,0.15229922533035278,0.1520501673221588,0.15215857326984406,7173760
2026-01-04 18:00:00+00:00,0.15214861929416656,0.15214861929416656,0.15170831978321075,0.15171289443969727,924416
2026-01-04 18:15:00+00:00,0.1517304927110672,0.15176746249198914,0.15171119570732117,0.15172457695007324,2955136
2026-01-04 18:30:00+00:00,0.15172572433948517,0.15172572433948517,0.1510687619447708,0.15111233294010162,15086848
2026-01-04 18:45:00+00:00,0.15115106105804443,0.15152005851268768,0.15115106105804443,0.15152005851268768,5593728
2026-01-04 19:00:00+00:00,0.15150678157806396,0.15154269337654114,0.14862951636314392,0.14878003299236298,73585408
2026-01-04 19:15:00+00:00,0.14886505901813507,0.14958791434764862,0.14886505901813507,0.14958791434764862,38386432
2026-01-04 19:30:00+00:00,0.14957723021507263,0.14986608922481537,0.14956748485565186,0.14972306787967682,15465984
2026-01-04 19:45:00+00:00,0.14968879520893097,0.14978522062301636,0.14958953857421875,0.14978522062301636,7639552
2026-01-04 20:00:00+00:00,0.14977307617664337,0.1501045823097229,0.14969046413898468,0.1501045823097229,2042880
2026-01-04 20:15:00+00:00,0.150189608335495,0.15036118030548096,0.15009567141532898,0.15036118030548096,4784384
2026-01-04 20:30:00+00:00,0.15036605298519135,0.15048658847808838,0.15024487674236298,0.15033772587776184,2302208
2026-01-04 20:45:00+00:00,0.1503189504146576,0.1503189504146576,0.149990975856781,0.149990975856781,0
2026-01-04 21:00:00+00:00,0.14990107715129852,0.15024083852767944,0.14989541471004486,0.15024083852767944,11064320
2026-01-04 21:15:00+00:00,0.15018634498119354,0.15018634498119354,0.14993025362491608,0.14997901022434235,5507072
2026-01-04 21:30:00+00:00,0.14993588626384735,0.14993588626384735,0.1491745114326477,0.1491745114326477,3135232
2026-01-04 21:45:00+00:00,0.1489439159631729,0.149213969707489,0.1489439159631729,0.149213969707489,6245376
2026-01-04 22:00:00+00:00,0.14922656118869781,0.14972923696041107,0.14921817183494568,0.14941155910491943,2960896
2026-01-04 22:15:00+00:00,0.14905403554439545,0.1490742713212967,0.14879083633422852,0.1490742713212967,8550400
2026-01-04 22:30:00+00:00,0.1492065191268921,0.1492065191268921,0.14893367886543274,0.14893367886543274,533248
2026-01-04 22:45:00+00:00,0.14893384277820587,0.149081751704216,0.14881721138954163,0.14881721138954163,3461376
2026-01-04 23:00:00+00:00,0.14897052943706512,0.14994551241397858,0.14897052943706512,0.1496431976556778,14667264
2026-01-04 23:15:00+00:00,0.1494959443807602,0.1497288942337036,0.14946115016937256,0.14967356622219086,2487552
2026-01-04 23:30:00+00:00,0.14959676563739777,0.14959676563739777,0.14920106530189514,0.14921361207962036,2583552
2026-01-04 23:45:00+00:00,0.1491633951663971,0.14927726984024048,0.14895479381084442,0.14926588535308838,4396544
2026-01-05 00:00:00+00:00,0.1493329256772995,0.14952248334884644,0.1493329256772995,0.14952148497104645,3354624
2026-01-05 00:15:00+00:00,0.14953525364398956,0.1498132348060608,0.14923153817653656,0.1492493748664856,592896
2026-01-05 00:30:00+00:00,0.14927394688129425,0.14986169338226318,0.1489587277173996,0.14986169338226318,0
2026-01-05 00:45:00+00:00,0.14989759027957916,0.15078812837600708,0.14989759027957916,0.15048709511756897,4652544
2026-01-05 01:00:00+00:00,0.15046170353889465,0.15125282108783722,0.15035969018936157,0.15121638774871826,22231552
2026-01-05 01:15:00+00:00,0.1512751281261444,0.15147095918655396,0.15117426216602325,0.151309072971344,4230656
2026-01-05 01:30:00+00:00,0.1512940376996994,0.15194731950759888,0.15121863782405853,0.15187397599220276,18845952
2026-01-05 01:45:00+00:00,0.15188348293304443,0.15214823186397552,0.15171106159687042,0.15171106159687042,13224960
2026-01-05 02:00:00+00:00,0.1517265886068344,0.15185846388339996,0.15120786428451538,0.15121766924858093,10208768
2026-01-05 02:15:00+00:00,0.15124176442623138,0.1514928936958313,0.15090717375278473,0.15094727277755737,5577728
2026-01-05 02:30:00+00:00,0.15085908770561218,0.15164825320243835,0.15085908770561218,0.15144315361976624,7865856
2026-01-05 02:45:00+00:00,0.15143349766731262,0.15195398032665253,0.15143349766731262,0.1518496870994568,989184
2026-01-05 03:00:00+00:00,0.1518462747335434,0.1520174741744995,0.1518462747335434,0.15185955166816711,0
2026-01-05 03:15:00+00:00,0.15179483592510223,0.1519375443458557,0.1516629457473755,0.1516793668270111,0
2026-01-05 03:30:00+00:00,0.1516484171152115,0.1518108993768692,0.15153717994689941,0.15169021487236023,0
2026-01-05 03:45:00+00:00,0.15169845521450043,0.15169845521450043,0.15145467221736908,0.15145467221736908,0
2026-01-05 04:00:00+00:00,0.15147410333156586,0.1515342742204666,0.15115077793598175,0.15115077793598175,0
2026-01-05 04:15:00+00:00,0.1510961949825287,0.1510961949825287,0.14965157210826874,0.14976026117801666,12101504
2026-01-05 04:30:00+00:00,0.1497323215007782,0.14991290867328644,0.14966578781604767,0.1499069333076477,12519552
2026-01-05 04:45:00+00:00,0.14988692104816437,0.15073230862617493,0.14988692104816437,0.15071237087249756,0
2026-01-05 05:00:00+00:00,0.1507086157798767,0.1507086157798767,0.15040194988250732,0.15055020153522491,0
2026-01-05 05:15:00+00:00,0.15056242048740387,0.15085910260677338,0.15056242048740387,0.15078860521316528,0
2026-01-05 05:30:00+00:00,0.15078777074813843,0.15078777074813843,0.150530144572258,0.15067899227142334,0
2026-01-05 05:45:00+00:00,0.1506694257259369,0.15079718828201294,0.15059730410575867,0.15059730410575867,212608
2026-01-05 06:00:00+00:00,0.15059524774551392,0.15059524774551392,0.1504257768392563,0.1505824476480484,0
2026-01-05 06:15:00+00:00,0.15060611069202423,0.15084542334079742,0.15017418563365936,0.15017418563365936,0
2026-01-05 06:30:00+00:00,0.1498044729232788,0.15026123821735382,0.1498044729232788,0.15026123821735382,4261632
2026-01-05 06:45:00+00:00,0.15028135478496552,0.15041299164295197,0.15023173391819,0.15041299164295197,0
2026-01-05 07:00:00+00:00,0.15038922429084778,0.15047238767147064,0.1502545028924942,0.15043503046035767,0
2026-01-05 07:15:00+00:00,0.15042173862457275,0.15049192309379578,0.15017297863960266,0.15017317235469818,0
2026-01-05 07:30:00+00:00,0.1502503901720047,0.1502576768398285,0.15022286772727966,0.15024471282958984,0
2026-01-05 07:45:00+00:00,0.15024372935295105,0.15024372935295105,0.14996521174907684,0.14996521174907684,0
2026-01-05 08:00:00+00:00,0.14992214739322662,0.15030331909656525,0.14989739656448364,0.15030331909656525,0
2026-01-05 08:15:00+00:00,0.15040086209774017,0.15040086209774017,0.1502557247877121,0.1502557247877121,0
2026-01-05 08:30:00+00:00,0.15024317800998688,0.15024317800998688,0.14943836629390717,0.14943836629390717,0
2026-01-05 08:45:00+00:00,0.14940953254699707,0.14953476190567017,0.14940953254699707,0.14944608509540558,405120
2026-01-05 09:00:00+00:00,0.14942313730716705,0.14942313730716705,0.14849644899368286,0.14859212934970856,15139328
2026-01-05 09:15:00+00:00,0.14858882129192352,0.14870582520961761,0.14850129187107086,0.14862781763076782,0
2026-01-05 09:30:00+00:00,0.1486210823059082,0.1488267183303833,0.14852631092071533,0.1486448347568512,917888
2026-01-05 09:45:00+00:00,0.14862416684627533,0.14862416684627533,0.1473773717880249,0.1473773717880249,28925184
2026-01-05 10:00:00+00:00,0.14702467620372772,0.14769630134105682,0.14702467620372772,0.14769630134105682,21995264
2026-01-05 10:15:00+00:00,0.14789199829101562,0.14801529049873352,0.1478574573993683,0.14801529049873352,2149120
2026-01-05 10:30:00+00:00,0.14797745645046234,0.14797745645046234,0.14650468528270721,0.14650468528270721,41396480
2026-01-05 10:45:00+00:00,0.14650557935237885,0.14708299934864044,0.1464969515800476,0.14708299934864044,19821824
2026-01-05 11:00:00+00:00,0.1470503956079483,0.14712564647197723,0.14696291089057922,0.14696291089057922,3945984
2026-01-05 11:15:00+00:00,0.1469605267047882,0.14738567173480988,0.14685481786727905,0.14738567173480988,2809216
2026-01-05 11:30:00+00:00,0.1473637819290161,0.1474042385816574,0.14728409051895142,0.1473071426153183,2017280
2026-01-05 11:45:00+00:00,0.1472976952791214,0.14773955941200256,0.1472976952791214,0.14767035841941833,0
2026-01-05 12:00:00+00:00,0.14767558872699738,0.14767558872699738,0.14748790860176086,0.1475142538547516,0
2026-01-05 12:15:00+00:00,0.14757484197616577,0.14759495854377747,0.1470247060060501,0.14704911410808563,0
2026-01-05 12:30:00+00:00,0.1470421552658081,0.14708112180233002,0.14697419106960297,0.14705374836921692,0
2026-01-05 12:45:00+00:00,0.14706119894981384,0.14733056724071503,0.14706119894981384,0.14733056724071503,0
2026-01-05 13:00:00+00:00,0.1473226249217987,0.14776264131069183,0.1472521424293518,0.14776264131069183,0
2026-01-05 13:15:00+00:00,0.1477949470281601,0.14782623946666718,0.14743764698505402,0.1474815011024475,0
2026-01-05 13:30:00+00:00,0.14748471975326538,0.14748471975326538,0.14664216339588165,0.14668668806552887,7314816
2026-01-05 13:45:00+00:00,0.14665545523166656,0.14686255156993866,0.14665545523166656,0.14686255156993866,5932416
2026-01-05 14:00:00+00:00,0.14688777923583984,0.14700044691562653,0.14654749631881714,0.1465485543012619,3432832
2026-01-05 14:15:00+00:00,0.14655080437660217,0.14679361879825592,0.14651450514793396,0.14673572778701782,4547712
2026-01-05 14:30:00+00:00,0.14708812534809113,0.14777463674545288,0.1467803716659546,0.14777463674545288,254592
2026-01-05 14:45:00+00:00,0.1478853076696396,0.14844870567321777,0.1478833258152008,0.14844870567321777,14605312
2026-01-05 15:00:00+00:00,0.14825734496116638,0.14825734496116638,0.14668065309524536,0.1467110514640808,36548096
2026-01-05 15:15:00+00:00,0.14675357937812805,0.1473773717880249,0.14675357937812805,0.14718195796012878,9059712
2026-01-05 15:30:00+00:00,0.14735746383666992,0.1489076018333435,0.14735746383666992,0.1489030420780182,15598464
2026-01-05 15:45:00+00:00,0.14881162345409393,0.1489630788564682,0.14869704842567444,0.1487349420785904,8109696
2026-01-05 16:00:00+00:00,0.1487502157688141,0.14898760616779327,0.14866690337657928,0.14869490265846252,0
2026-01-05 16:15:00+00:00,0.14885267615318298,0.14982089400291443,0.14885267615318298,0.14982089400291443,21115392
2026-01-05 16:30:00+00:00,0.14973792433738708,0.15069198608398438,0.14973792433738708,0.1501423567533493,31069440
2026-01-05 16:45:00+00:00,0.15020205080509186,0.15069840848445892,0.1502007097005844,0.15061812102794647,17200000
2026-01-05 17:00:00+00:00,0.15050485730171204,0.1506783813238144,0.15047764778137207,0.15056727826595306,0
2026-01-05 17:15:00+00:00,0.1505354940891266,0.1505354940891266,0.14918890595436096,0.14918890595436096,11370240
2026-01-05 17:30:00+00:00,0.1493193656206131,0.15036599338054657,0.1493178755044937,0.15036599338054657,14642944
2026-01-05 17:45:00+00:00,0.15033406019210815,0.1529131829738617,0.15033406019210815,0.15278910100460052,84345728
2026-01-05 18:00:00+00:00,0.1528523564338684,0.1528523564338684,0.1517287939786911,0.1517287939786911,50040832
2026-01-05 18:15:00+00:00,0.1518392264842987,0.15204553306102753,0.1514955312013626,0.1516689509153366,14156800
2026-01-05 18:30:00+00:00,0.15169507265090942,0.15182897448539734,0.15109096467494965,0.15109175443649292,0
2026-01-05 18:45:00+00:00,0.15110766887664795,0.15206387639045715,0.15110766887664795,0.15206387639045715,10370944
2026-01-05 19:00:00+00:00,0.1520339846611023,0.1521259844303131,0.15200909972190857,0.15209749341011047,0
2026-01-05 19:15:00+00:00,0.15209434926509857,0.1524246782064438,0.15196095407009125,0.1524246782064438,0
2026-01-05 19:30:00+00:00,0.1524224579334259,0.152714803814888,0.15181522071361542,0.15181522071361542,1751040
2026-01-05 19:45:00+00:00,0.15180489420890808,0.15180489420890808,0.15137505531311035,0.1516140103340149,1549696
2026-01-05 20:00:00+00:00,0.1517055332660675,0.15268872678279877,0.1517055332660675,0.15255597233772278,8030848
2026-01-05 20:15:00+00:00,0.15259192883968353,0.15302526950836182,0.15257719159126282,0.15302526950836182,10043136
2026-01-05 20:30:00+00:00,0.15351857244968414,0.15351857244968414,0.15158839523792267,0.15158839523792267,34366080
2026-01-05 20:45:00+00:00,0.1516333669424057,0.1516333669424057,0.1509859412908554,0.15106630325317383,12644864
2026-01-05 21:00:00+00:00,0.15127068758010864,0.15166044235229492,0.15127068758010864,0.15166044235229492,1452160
2026-01-05 21:15:00+00:00,0.15166817605495453,0.15282319486141205,0.15166817605495453,0.15207929909229279,29484544
2026-01-05 21:30:00+00:00,0.1516968458890915,0.15192154049873352,0.1516556739807129,0.151918426156044,4141184
2026-01-05 21:45:00+00:00,0.15191571414470673,0.15196329355239868,0.15183694660663605,0.1518443524837494,281344
2026-01-05 22:00:00+00:00,0.15180300176143646,0.15188945829868317,0.15146979689598083,0.15188945829868317,1970816
2026-01-05 22:15:00+00:00,0.1518878936767578,0.15265603363513947,0.1518878936767578,0.15242108702659607,2065152
2026-01-05 22:30:00+00:00,0.15242871642112732,0.15285634994506836,0.15237458050251007,0.15285634994506836,4806272
2026-01-05 22:45:00+00:00,0.15284456312656403,0.15286333858966827,0.15250816941261292,0.15262337028980255,4717056
2026-01-05 23:00:00+00:00,0.152604877948761,0.15261048078536987,0.15242303907871246,0.15261048078536987,0
2026-01-05 23:15:00+00:00,0.15261586010456085,0.15261824429035187,0.15204393863677979,0.15204393863677979,2000256
2026-01-05 23:30:00+00:00,0.15204232931137085,0.1522950679063797,0.15204232931137085,0.1522950679063797,1267072
2026-01-05 23:45:00+00:00,0.15228724479675293,0.15228724479675293,0.1518508642911911,0.1518508642911911,779136
2026-01-06 00:00:00+00:00,0.15174585580825806,0.1519070416688919,0.15089429914951324,0.15089666843414307,0
2026-01-06 00:15:00+00:00,0.1508791297674179,0.15103907883167267,0.15081825852394104,0.15093868970870972,1017600
2026-01-06 00:30:00+00:00,0.1509564071893692,0.15099747478961945,0.14945931732654572,0.14946766197681427,8608768
2026-01-06 00:45:00+00:00,0.14951007068157196,0.15174981951713562,0.14951007068157196,0.15174981951713562,11894784
2026-01-06 01:00:00+00:00,0.15207290649414062,0.15264499187469482,0.15207290649414062,0.15209101140499115,19530112
2026-01-06 01:15:00+00:00,0.15214484930038452,0.15277603268623352,0.15214484930038452,0.15277603268623352,568832
2026-01-06 01:30:00+00:00,0.15291471779346466,0.15320801734924316,0.1521870344877243,0.15220580995082855,3749120
2026-01-06 01:45:00+00:00,0.1521591693162918,0.1521591693162918,0.15139897167682648,0.15139897167682648,3362560
2026-01-06 02:00:00+00:00,0.15140220522880554,0.1520937979221344,0.15140220522880554,0.1520937979221344,0
2026-01-06 02:15:00+00:00,0.15213865041732788,0.1526614874601364,0.15213865041732788,0.1526614874601364,0
2026-01-06 02:30:00+00:00,0.1526070088148117,0.1526070088148117,0.15195104479789734,0.15195104479789734,0
2026-01-06 02:45:00+00:00,0.15194487571716309,0.15194487571716309,0.15151971578598022,0.15161395072937012,4173056
2026-01-06 03:00:00+00:00,0.15160948038101196,0.15160948038101196,0.15151892602443695,0.1515689194202423,20992
2026-01-06 03:15:00+00:00,0.15158934891223907,0.15165948867797852,0.15125936269760132,0.15134988725185394,3119744
2026-01-06 03:30:00+00:00,0.15156541764736176,0.15252728760242462,0.15156541764736176,0.15252728760242462,10320768
2026-01-06 03:45:00+00:00,0.15248845517635345,0.15288078784942627,0.1524491310119629,0.15282335877418518,13168896
2026-01-06 04:00:00+00:00,0.15277099609375,0.1527855098247528,0.15245062112808228,0.15246351063251495,457344
2026-01-06 04:15:00+00:00,0.15248379111289978,0.1527182161808014,0.15238958597183228,0.15238958597183228,0
2026-01-06 04:30:00+00:00,0.15235164761543274,0.15235164761543274,0.15204176306724548,0.15221412479877472,156800
2026-01-06 04:45:00+00:00,0.15218521654605865,0.15218521654605865,0.15195311605930328,0.15195311605930328,0
2026-01-06 05:00:00+00:00,0.1518963873386383,0.1518963873386383,0.15134446322917938,0.15134446322917938,3829376
2026-01-06 05:15:00+00:00,0.15133346617221832,0.15160661935806274,0.15133346617221832,0.1513710469007492,5257984
2026-01-06 05:30:00+00:00,0.1513676792383194,0.1514967978000641,0.15115012228488922,0.15119819343090057,2967936
2026-01-06 05:45:00+00:00,0.15119248628616333,0.15143701434135437,0.15117217600345612,0.1513335406780243,398848
2026-01-06 06:00:00+00:00,0.15138490498065948,0.15183092653751373,0.15138490498065948,0.15178604423999786,4780544
2026-01-06 06:15:00+00:00,0.15178604423999786,0.15178604423999786,0.15086446702480316,0.15086446702480316,3586176
2026-01-06 06:30:00+00:00,0.15101508796215057,0.15188297629356384,0.15101508796215057,0.15188297629356384,2996992
2026-01-06 06:45:00+00:00,0.15196296572685242,0.15212640166282654,0.15119504928588867,0.15119504928588867,15387648
2026-01-06 07:00:00+00:00,0.15116217732429504,0.15116217732429504,0.15060141682624817,0.15062014758586884,4298240
2026-01-06 07:15:00+00:00,0.15061336755752563,0.1506643146276474,0.1501014530658722,0.1501014530658722,10567296
2026-01-06 07:30:00+00:00,0.15008479356765747,0.15008479356765747,0.1495686173439026,0.1496492475271225,18401280
2026-01-06 07:45:00+00:00,0.1496342271566391,0.14965981245040894,0.14938059449195862,0.14957913756370544,10082688
2026-01-06 08:00:00+00:00,0.14958029985427856,0.15011239051818848,0.14954827725887299,0.15011239051818848,0
2026-01-06 08:15:00+00:00,0.15003953874111176,0.15003953874111176,0.1497039496898651,0.1497039496898651,2093440
2026-01-06 08:30:00+00:00,0.1497335582971573,0.14986002445220947,0.1497335582971573,0.14980962872505188,1558656
2026-01-06 08:45:00+00:00,0.1497846245765686,0.1497846245765686,0.14959777891635895,0.1497003436088562,1054592
2026-01-06 09:00:00+00:00,0.14963480830192566,0.15021175146102905,0.14963480830192566,0.15020926296710968,0
2026-01-06 09:15:00+00:00,0.15020161867141724,0.15054559707641602,0.15020161867141724,0.1505274921655655,0
2026-01-06 09:30:00+00:00,0.15053029358386993,0.1505538821220398,0.15041415393352509,0.1505538821220398,0
2026-01-06 09:45:00+00:00,0.15059830248355865,0.15069527924060822,0.15059830248355865,0.15067781507968903,0
2026-01-06 10:00:00+00:00,0.15067058801651,0.15067058801651,0.1503782570362091,0.15046100318431854,0
2026-01-06 10:15:00+00:00,0.15037135779857635,0.15045450627803802,0.15018050372600555,0.15045450627803802,0
2026-01-06 10:30:00+00:00,0.15041600167751312,0.1507156789302826,0.15041600167751312,0.1507156789302826,0
2026-01-06 10:45:00+00:00,0.15071174502372742,0.15073005855083466,0.15057508647441864,0.15057508647441864,0
2026-01-06 11:00:00+00:00,0.1505863517522812,0.1506873518228531,0.15053610503673553,0.1506873518228531,0
2026-01-06 11:15:00+00:00,0.1506844311952591,0.1506844311952591,0.15045109391212463,0.15045109391212463,0
2026-01-06 11:30:00+00:00,0.15051880478858948,0.15054796636104584,0.1503964066505432,0.1503964066505432,3903488
2026-01-06 11:45:00+00:00,0.15041296184062958,0.15046782791614532,0.15033476054668427,0.15033525228500366,310912
2026-01-06 12:00:00+00:00,0.1503574252128601,0.1510847955942154,0.15031962096691132,0.1510714888572693,7386112
2026-01-06 12:15:00+00:00,0.15112894773483276,0.15143296122550964,0.15112894773483276,0.15124523639678955,4274048
2026-01-06 12:30:00+00:00,0.1513286679983139,0.1513286679983139,0.15106545388698578,0.15106545388698578,1255168
2026-01-06 12:45:00+00:00,0.1510370522737503,0.15190556645393372,0.1510370522737503,0.15190556645393372,9052544
2026-01-06 13:00:00+00:00,0.1516985148191452,0.15182693302631378,0.15134704113006592,0.15142621099948883,4102528
2026-01-06 13:15:00+00:00,0.15142789483070374,0.15185727179050446,0.15141485631465912,0.15174850821495056,827136
2026-01-06 13:30:00+00:00,0.15177319943904877,0.15182895958423615,0.1516280174255371,0.1517045497894287,0
2026-01-06 13:45:00+00:00,0.1517060399055481,0.15172433853149414,0.15159514546394348,0.1517065018415451,0
2026-01-06 14:00:00+00:00,0.1516776978969574,0.15254031121730804,0.1516108512878418,0.15254031121730804,7610752
2026-01-06 14:15:00+00:00,0.15251095592975616,0.1560019850730896,0.15251095592975616,0.15589064359664917,112876416
2026-01-06 14:30:00+00:00,0.15584683418273926,0.15584683418273926,0.1539333462715149,0.1539333462715149,46103936
2026-01-06 14:45:00+00:00,0.1534951776266098,0.15364126861095428,0.15219633281230927,0.15229223668575287,29781888
2026-01-06 15:00:00+00:00,0.15251334011554718,0.15251334011554718,0.15215536952018738,0.15215536952018738,2811392
2026-01-06 15:15:00+00:00,0.15227483212947845,0.15305761992931366,0.15227483212947845,0.1529361456632614,11641216
2026-01-06 15:30:00+00:00,0.15301577746868134,0.15301577746868134,0.1503104418516159,0.1503104418516159,29066240
2026-01-06 15:45:00+00:00,0.15035703778266907,0.15046489238739014,0.1495072841644287,0.14955954253673553,23099648
2026-01-06 16:00:00+00:00,0.14991989731788635,0.1500324010848999,0.14730781316757202,0.14758430421352386,109574528
2026-01-06 16:15:00+00:00,0.14748360216617584,0.14748360216617584,0.1464810073375702,0.1464810073375702,17220096
2026-01-06 16:30:00+00:00,0.14642928540706635,0.14642928540706635,0.14556023478507996,0.14556023478507996,15392768
2026-01-06 16:45:00+00:00,0.1454268991947174,0.1455102264881134,0.1447627693414688,0.14518290758132935,32796416
2026-01-06 17:00:00+00:00,0.14527074992656708,0.14593155682086945,0.14527074992656708,0.14593155682086945,14553600
2026-01-06 17:15:00+00:00,0.1459054946899414,0.1461353451013565,0.1456623375415802,0.1461353451013565,7955968
2026-01-06 17:30:00+00:00,0.14608843624591827,0.1462923288345337,0.14571264386177063,0.14571264386177063,17656576
2026-01-06 17:45:00+00:00,0.14569148421287537,0.14569148421287537,0.1439935714006424,0.1439935714006424,10119936
2026-01-06 18:00:00+00:00,0.14399082958698273,0.14531618356704712,0.14399082958698273,0.14530186355113983,1780992
2026-01-06 18:15:00+00:00,0.14529071748256683,0.14537708461284637,0.14507679641246796,0.14512497186660767,749056
2026-01-06 18:30:00+00:00,0.14507605135440826,0.14536869525909424,0.14506354928016663,0.14523421227931976,1483520
2026-01-06 18:45:00+00:00,0.14527682960033417,0.14576637744903564,0.14527682960033417,0.1456090360879898,4078336
2026-01-06 19:00:00+00:00,0.1456039845943451,0.1456039845943451,0.14541508257389069,0.1455434113740921,0
2026-01-06 19:15:00+00:00,0.14562949538230896,0.14573322236537933,0.14562857151031494,0.14571478962898254,0
2026-01-06 19:30:00+00:00,0.14569972455501556,0.1458054631948471,0.14555981755256653,0.14555981755256653,0
2026-01-06 19:45:00+00:00,0.1455560177564621,0.14579103887081146,0.14554496109485626,0.14579103887081146,132352
2026-01-06 20:00:00+00:00,0.145791158080101,0.1464666724205017,0.145791158080101,0.14638814330101013,0
2026-01-06 20:15:00+00:00,0.1463664472103119,0.14670318365097046,0.1463664472103119,0.14670318365097046,0
2026-01-06 20:30:00+00:00,0.14667001366615295,0.1471184641122818,0.14665141701698303,0.1471184641122818,0
2026-01-06 20:45:00+00:00,0.14713115990161896,0.14718317985534668,0.14710602164268494,0.14718317985534668,2154240
2026-01-06 21:00:00+00:00,0.14716887474060059,0.1472957879304886,0.14683851599693298,0.1472957879304886,2128384
2026-01-06 21:15:00+00:00,0.14775794744491577,0.1496032327413559,0.14775794744491577,0.149386927485466,17166592
2026-01-06 21:30:00+00:00,0.14953672885894775,0.15026117861270905,0.14953672885894775,0.15014860033988953,16827392
2026-01-06 21:45:00+00:00,0.15018382668495178,0.15018382668495178,0.1497434377670288,0.14979447424411774,13453312
2026-01-06 22:00:00+00:00,0.14978796243667603,0.15024873614311218,0.14974968135356903,0.1499878615140915,3080960
2026-01-06 22:15:00+00:00,0.14987990260124207,0.14997945725917816,0.1497686207294464,0.14997945725917816,2210560
2026-01-06 22:30:00+00:00,0.15002334117889404,0.15002334117889404,0.1498493105173111,0.15001066029071808,247040
2026-01-06 22:45:00+00:00,0.15001918375492096,0.1504175066947937,0.15001918375492096,0.15010355412960052,4474112
2026-01-06 23:00:00+00:00,0.15006540715694427,0.15038438141345978,0.1499321162700653,0.15036514401435852,3609088
2026-01-06 23:15:00+00:00,0.15041260421276093,0.15043066442012787,0.1501876711845398,0.15020041167736053,0
2026-01-06 23:30:00+00:00,0.15024898946285248,0.1504913866519928,0.15024898946285248,0.15036413073539734,82432
2026-01-06 23:45:00+00:00,0.15036801993846893,0.1507844179868698,0.15036801993846893,0.15065377950668335,2901248
2026-01-07 00:00:00+00:00,0.15048599243164062,0.15048599243164062,0.1498952955007553,0.1498952955007553,0
2026-01-07 00:15:00+00:00,0.1499326080083847,0.15010817348957062,0.1498044729232788,0.1498044729232788,0
2026-01-07 00:30:00+00:00,0.1496819108724594,0.1496819108724594,0.14916998147964478,0.14916998147964478,0
2026-01-07 00:45:00+00:00,0.14918218553066254,0.14918218553066254,0.14854930341243744,0.14854930341243744,0
2026-01-07 01:00:00+00:00,0.14846345782279968,0.14849816262722015,0.14827345311641693,0.1482938826084137,0
2026-01-07 01:15:00+00:00,0.14825493097305298,0.14825493097305298,0.14726422727108002,0.147927924990654,5451392
2026-01-07 01:30:00+00:00,0.14788730442523956,0.14788730442523956,0.14744913578033447,0.1475687474012375,0
2026-01-07 01:45:00+00:00,0.1475687474012375,0.1475825160741806,0.14745531976222992,0.14747419953346252,0
2026-01-07 02:00:00+00:00,0.14750052988529205,0.14790593087673187,0.14719949662685394,0.14790593087673187,4006016
2026-01-07 02:15:00+00:00,0.1479310840368271,0.1479310840368271,0.14736230671405792,0.14736230671405792,1307392
2026-01-07 02:30:00+00:00,0.1471918821334839,0.14757737517356873,0.14717057347297668,0.14757737517356873,1201664
2026-01-07 02:45:00+00:00,0.14760547876358032,0.1483464390039444,0.14760547876358032,0.1483464390039444,2923008
2026-01-07 03:00:00+00:00,0.14834660291671753,0.148639976978302,0.14834660291671753,0.148639976978302,0
2026-01-07 03:15:00+00:00,0.14872105419635773,0.1490725725889206,0.14869637787342072,0.1490725725889206,4049408
2026-01-07 03:30:00+00:00,0.14906015992164612,0.1491420418024063,0.1485561579465866,0.1485561579465866,0
2026-01-07 03:45:00+00:00,0.14852410554885864,0.14863945543766022,0.1483256220817566,0.1483256220817566,0
2026-01-07 04:00:00+00:00,0.14832860231399536,0.14850439131259918,0.1483050137758255,0.1483614146709442,0
2026-01-07 04:15:00+00:00,0.14829450845718384,0.14829450845718384,0.14807957410812378,0.14821960031986237,124288
2026-01-07 04:30:00+00:00,0.14817769825458527,0.1482151299715042,0.14793013036251068,0.14799989759922028,0
2026-01-07 04:45:00+00:00,0.14805901050567627,0.14824354648590088,0.14805901050567627,0.14811760187149048,0
2026-01-07 05:00:00+00:00,0.14811791479587555,0.1481180489063263,0.14767681062221527,0.14767681062221527,0
2026-01-07 05:15:00+00:00,0.14771971106529236,0.14786666631698608,0.1474618762731552,0.1474618762731552,0
2026-01-07 05:30:00+00:00,0.14744581282138824,0.14820393919944763,0.14744581282138824,0.1481860727071762,1590656
2026-01-07 05:45:00+00:00,0.14817847311496735,0.14817847311496735,0.14758053421974182,0.14758053421974182,0
2026-01-07 06:00:00+00:00,0.14757581055164337,0.1482464075088501,0.14757581055164337,0.1482464075088501,90368
2026-01-07 06:15:00+00:00,0.14824996888637543,0.14824996888637543,0.14812752604484558,0.1482299566268921,0
2026-01-07 06:30:00+00:00,0.14821268618106842,0.14821268618106842,0.14794005453586578,0.14796453714370728,0
2026-01-07 06:45:00+00:00,0.14796262979507446,0.1480301320552826,0.1479121446609497,0.14802253246307373,0
2026-01-07 07:00:00+00:00,0.14808617532253265,0.14838173985481262,0.14808617532253265,0.1481824815273285,0
2026-01-07 07:15:00+00:00,0.14817209541797638,0.1484019011259079,0.14815931022167206,0.1484019011259079,0
2026-01-07 07:30:00+00:00,0.14840179681777954,0.14893728494644165,0.14840179681777954,0.14893728494644165,0
2026-01-07 07:45:00+00:00,0.1489299088716507,0.1489299088716507,0.1486974060535431,0.14872686564922333,0
2026-01-07 08:00:00+00:00,0.14929302036762238,0.15082131326198578,0.14929302036762238,0.15074503421783447,42004608
2026-01-07 08:15:00+00:00,0.1507577896118164,0.1509576439857483,0.15055933594703674,0.15057095885276794,10790784
2026-01-07 08:30:00+00:00,0.15048404037952423,0.15083318948745728,0.15048404037952423,0.1505550891160965,6773760
2026-01-07 08:45:00+00:00,0.15054601430892944,0.15358580648899078,0.15046045184135437,0.15345260500907898,92110208
2026-01-07 09:00:00+00:00,0.15296539664268494,0.15299059450626373,0.15109847486019135,0.15109847486019135,40248832
2026-01-07 09:15:00+00:00,0.15106622874736786,0.15106622874736786,0.15012195706367493,0.15015873312950134,19675136
2026-01-07 09:30:00+00:00,0.1501730978488922,0.1502101570367813,0.1489800214767456,0.1489800214767456,34821120
2026-01-07 09:45:00+00:00,0.1489941030740738,0.1489941030740738,0.1485583484172821,0.14865881204605103,22072576
2026-01-07 10:00:00+00:00,0.1484641581773758,0.1487547606229782,0.1484641581773758,0.1487547606229782,9202688
2026-01-07 10:15:00+00:00,0.1487254798412323,0.1487254798412323,0.14799505472183228,0.14799505472183228,3020800
2026-01-07 10:30:00+00:00,0.1480361819267273,0.14841051399707794,0.1480361819267273,0.14833283424377441,10888704
2026-01-07 10:45:00+00:00,0.148322194814682,0.14836806058883667,0.14823859930038452,0.14824147522449493,3122432
2026-01-07 11:00:00+00:00,0.14825917780399323,0.14877405762672424,0.14825917780399323,0.1487565040588379,0
2026-01-07 11:15:00+00:00,0.1487656682729721,0.1488877236843109,0.14869293570518494,0.14869293570518494,805376
2026-01-07 11:30:00+00:00,0.14872108399868011,0.149294912815094,0.1487017422914505,0.149294912815094,177152
2026-01-07 11:45:00+00:00,0.14920297265052795,0.14920297265052795,0.1487494558095932,0.14884580671787262,8650496
2026-01-07 12:00:00+00:00,0.14881311357021332,0.14881311357021332,0.14840024709701538,0.14847750961780548,0
2026-01-07 12:15:00+00:00,0.14841912686824799,0.14864705502986908,0.1484169065952301,0.14843860268592834,563968
2026-01-07 12:30:00+00:00,0.148443803191185,0.14848387241363525,0.148080512881279,0.148080512881279,601088
2026-01-07 12:45:00+00:00,0.14811033010482788,0.14825551211833954,0.1480725109577179,0.1480725109577179,2892032
2026-01-07 13:00:00+00:00,0.14803528785705566,0.14808522164821625,0.14758425951004028,0.14758425951004028,662528
2026-01-07 13:15:00+00:00,0.1475188136100769,0.14840053021907806,0.1475188136100769,0.14836740493774414,3628800
2026-01-07 13:30:00+00:00,0.1483728289604187,0.1484329104423523,0.14805085957050323,0.14805085957050323,2376704
2026-01-07 13:45:00+00:00,0.148062065243721,0.14807230234146118,0.1476561576128006,0.1476561576128006,0
2026-01-07 14:00:00+00:00,0.147668719291687,0.147668719291687,0.1466420441865921,0.1466420441865921,4367616
2026-01-07 14:15:00+00:00,0.1466616541147232,0.1466873437166214,0.1460222601890564,0.1460222601890564,0
2026-01-07 14:30:00+00:00,0.14603039622306824,0.14750951528549194,0.14583954215049744,0.14750951528549194,0
2026-01-07 14:45:00+00:00,0.14741791784763336,0.14754658937454224,0.1473274677991867,0.14754658937454224,0
2026-01-07 15:00:00+00:00,0.14760234951972961,0.14760234951972961,0.14618170261383057,0.14618170261383057,3922304
2026-01-07 15:15:00+00:00,0.14610078930854797,0.14610078930854797,0.14531251788139343,0.1455170065164566,10196352
2026-01-07 15:30:00+00:00,0.14554794132709503,0.14593109488487244,0.14554794132709503,0.14593109488487244,2902272
2026-01-07 15:45:00+00:00,0.14591866731643677,0.14634498953819275,0.1458144336938858,0.14614175260066986,279424
2026-01-07 16:00:00+00:00,0.14609578251838684,0.14694714546203613,0.14609578251838684,0.14694714546203613,0
2026-01-07 16:15:00+00:00,0.14695696532726288,0.14728669822216034,0.14691324532032013,0.14727166295051575,0
2026-01-07 16:30:00+00:00,0.14730669558048248,0.14742392301559448,0.14675945043563843,0.14675945043563843,0
2026-01-07 16:45:00+00:00,0.14681671559810638,0.14752759039402008,0.14681671559810638,0.1474933624267578,0
2026-01-07 17:00:00+00:00,0.14739620685577393,0.1475822627544403,0.14726299047470093,0.14738145470619202,81920
2026-01-07 17:15:00+00:00,0.14736734330654144,0.14812695980072021,0.1473258137702942,0.14810597896575928,0
2026-01-07 17:30:00+00:00,0.14809532463550568,0.14821508526802063,0.14809532463550568,0.14810290932655334,0
2026-01-07 17:45:00+00:00,0.14809156954288483,0.14809156954288483,0.14684133231639862,0.14685481786727905,0
2026-01-07 18:00:00+00:00,0.14688917994499207,0.14688917994499207,0.14662840962409973,0.1466524749994278,0
2026-01-07 18:15:00+00:00,0.14661914110183716,0.14661914110183716,0.14637768268585205,0.14651905000209808,2248576
2026-01-07 18:30:00+00:00,0.1465422362089157,0.1471312791109085,0.1465422362089157,0.14700847864151,1900800
2026-01-07 18:45:00+00:00,0.1469992846250534,0.1469992846250534,0.14631226658821106,0.1463225781917572,0
2026-01-07 19:00:00+00:00,0.1464480757713318,0.14661534130573273,0.14595343172550201,0.14595343172550201,1298432
2026-01-07 19:15:00+00:00,0.14594881236553192,0.14597241580486298,0.14570128917694092,0.14570675790309906,12659840
2026-01-07 19:30:00+00:00,0.1460004597902298,0.14690569043159485,0.1460004597902298,0.1466485559940338,3964160
2026-01-07 19:45:00+00:00,0.14663809537887573,0.14663809537887573,0.14654269814491272,0.14658993482589722,164736
2026-01-07 20:00:00+00:00,0.1465766280889511,0.14662112295627594,0.14625419676303864,0.14625419676303864,0
2026-01-07 20:15:00+00:00,0.1462208777666092,0.1462208777666092,0.14570756256580353,0.14572370052337646,4487168
2026-01-07 20:30:00+00:00,0.14571009576320648,0.14621005952358246,0.14567549526691437,0.14620569348335266,0
2026-01-07 20:45:00+00:00,0.14619708061218262,0.14619708061218262,0.1460207998752594,0.14611265063285828,0
2026-01-07 21:00:00+00:00,0.1461428999900818,0.14652685821056366,0.1461428999900818,0.14652685821056366,0
2026-01-07 21:15:00+00:00,0.1465621441602707,0.1466377079486847,0.14655064046382904,0.14662475883960724,0
2026-01-07 21:30:00+00:00,0.1466454267501831,0.14675985276699066,0.14657935500144958,0.14665822684764862,0
2026-01-07 21:45:00+00:00,0.14664578437805176,0.14664578437805176,0.14629526436328888,0.14630426466464996,0
2026-01-07 22:00:00+00:00,0.14630214869976044,0.14630214869976044,0.1459520012140274,0.14607562124729156,407040
2026-01-07 22:15:00+00:00,0.14605405926704407,0.1465415060520172,0.1460534930229187,0.1465415060520172,0
2026-01-07 22:30:00+00:00,0.14654219150543213,0.14691253006458282,0.1464226245880127,0.1464226245880127,1667456
2026-01-07 22:45:00+00:00,0.14640966057777405,0.14640966057777405,0.145990788936615,0.14599360525608063,0
2026-01-07 23:00:00+00:00,0.14593689143657684,0.14596594870090485,0.14563973248004913,0.1459466964006424,0
2026-01-07 23:15:00+00:00,0.14597316086292267,0.14685209095478058,0.14597316086292267,0.14679446816444397,14801920
2026-01-07 23:30:00+00:00,0.14679016172885895,0.14679016172885895,0.1463181972503662,0.1463181972503662,2675712
2026-01-07 23:45:00+00:00,0.14621920883655548,0.14625060558319092,0.1461654156446457,0.14625060558319092,0
2026-01-08 00:00:00+00:00,0.1462591290473938,0.14637231826782227,0.14621604979038239,0.1462504267692566,59392
2026-01-08 00:15:00+00:00,0.14616988599300385,0.14618714153766632,0.14587384462356567,0.14587384462356567,0
2026-01-08 00:30:00+00:00,0.1458767205476761,0.1462046205997467,0.14584381878376007,0.1462046205997467,0
2026-01-08 00:45:00+00:00,0.14624345302581787,0.14724017679691315,0.14624345302581787,0.14710721373558044,3836416
2026-01-08 01:00:00+00:00,0.1470405012369156,0.1470405012369156,0.1467835158109665,0.1468420922756195,0
2026-01-08 01:15:00+00:00,0.14683426916599274,0.14716508984565735,0.1465839445590973,0.14716508984565735,0
2026-01-08 01:30:00+00:00,0.14722613990306854,0.14738090336322784,0.14722613990306854,0.14733482897281647,2150272
2026-01-08 01:45:00+00:00,0.14733481407165527,0.14733481407165527,0.14726872742176056,0.1472969651222229,0
2026-01-08 02:00:00+00:00,0.14728650450706482,0.14728650450706482,0.14701439440250397,0.14701439440250397,0
2026-01-08 02:15:00+00:00,0.14710840582847595,0.14732731878757477,0.14638778567314148,0.14638778567314148,909184
2026-01-08 02:30:00+00:00,0.1463688313961029,0.1464010626077652,0.14581337571144104,0.14584572613239288,2608256
2026-01-08 02:45:00+00:00,0.14593176543712616,0.14593176543712616,0.145720437169075,0.14589454233646393,3475456
2026-01-08 03:00:00+00:00,0.14589224755764008,0.14624491333961487,0.14580711722373962,0.14619404077529907,994688
2026-01-08 03:15:00+00:00,0.146168053150177,0.14617779850959778,0.1458911895751953,0.1458911895751953,0
2026-01-08 03:30:00+00:00,0.14568942785263062,0.14578743278980255,0.14565017819404602,0.1456521600484848,0
2026-01-08 03:45:00+00:00,0.14501187205314636,0.14517030119895935,0.14484231173992157,0.14513123035430908,12808192
2026-01-08 04:00:00+00:00,0.1451139599084854,0.14527751505374908,0.1450071781873703,0.14507640898227692,1943296
2026-01-08 04:15:00+00:00,0.14515075087547302,0.14614859223365784,0.1451224684715271,0.14613084495067596,11182208
2026-01-08 04:30:00+00:00,0.1461542844772339,0.14675159752368927,0.1461542844772339,0.1467486172914505,6146432
2026-01-08 04:45:00+00:00,0.14679162204265594,0.14690834283828735,0.14676396548748016,0.14686597883701324,8114816
2026-01-08 05:00:00+00:00,0.1468997597694397,0.14704307913780212,0.1468573361635208,0.14695385098457336,2298368
2026-01-08 05:15:00+00:00,0.14685839414596558,0.14685839414596558,0.14652186632156372,0.14652186632156372,0
2026-01-08 05:30:00+00:00,0.14651620388031006,0.14651620388031006,0.14626345038414001,0.1462836116552353,0
2026-01-08 05:45:00+00:00,0.14624963700771332,0.14624963700771332,0.14538346230983734,0.14539669454097748,4153984
2026-01-08 06:00:00+00:00,0.14540641009807587,0.14548572897911072,0.14439181983470917,0.144396111369133,13592576
2026-01-08 06:15:00+00:00,0.14432205259799957,0.14432205259799957,0.14350572228431702,0.14357276260852814,66384384
2026-01-08 06:30:00+00:00,0.14360080659389496,0.1439143419265747,0.14358247816562653,0.14390677213668823,17274240
2026-01-08 06:45:00+00:00,0.14389485120773315,0.14389485120773315,0.1430237889289856,0.1430237889289856,15440256
2026-01-08 07:00:00+00:00,0.14272548258304596,0.14272548258304596,0.14227373898029327,0.1427031308412552,67801600
2026-01-08 07:15:00+00:00,0.14272017776966095,0.14359210431575775,0.14272017776966095,0.14359210431575775,13284736
2026-01-08 07:30:00+00:00,0.14360283315181732,0.14381632208824158,0.14358171820640564,0.14377260208129883,7647232
2026-01-08 07:45:00+00:00,0.1437496840953827,0.14377164840698242,0.1436556726694107,0.14377164840698242,3185920
2026-01-08 08:00:00+00:00,0.1437685191631317,0.14422447979450226,0.1437685191631317,0.14421012997627258,0
2026-01-08 08:15:00+00:00,0.14420807361602783,0.14440155029296875,0.14417144656181335,0.1443958878517151,0
2026-01-08 08:30:00+00:00,0.14438922703266144,0.1443973034620285,0.14377784729003906,0.14377784729003906,0
2026-01-08 08:45:00+00:00,0.14380615949630737,0.14380615949630737,0.14330720901489258,0.14331026375293732,0
2026-01-08 09:00:00+00:00,0.14332589507102966,0.14367184042930603,0.14332589507102966,0.14360977709293365,0
2026-01-08 09:15:00+00:00,0.14359734952449799,0.14359734952449799,0.1427273154258728,0.14277119934558868,0
2026-01-08 09:30:00+00:00,0.1427554488182068,0.14284011721611023,0.1427059918642044,0.1427059918642044,0
2026-01-08 09:45:00+00:00,0.1427166759967804,0.1429305225610733,0.14247442781925201,0.14247442781925201,0
2026-01-08 10:00:00+00:00,0.14224432408809662,0.14224432408809662,0.1417430341243744,0.14179985225200653,24335488
2026-01-08 10:15:00+00:00,0.14183923602104187,0.1424557864665985,0.14183923602104187,0.14244922995567322,14441600
2026-01-08 10:30:00+00:00,0.1424511820077896,0.1424511820077896,0.14217980206012726,0.14221547544002533,273792
2026-01-08 10:45:00+00:00,0.14223216474056244,0.14303916692733765,0.14223216474056244,0.14300812780857086,4781824
2026-01-08 11:00:00+00:00,0.14294153451919556,0.14294153451919556,0.14212879538536072,0.14213429391384125,146048
2026-01-08 11:15:00+00:00,0.1421254277229309,0.1421254277229309,0.13966739177703857,0.14048336446285248,115776000
2026-01-08 11:30:00+00:00,0.14049360156059265,0.1407581865787506,0.14038774371147156,0.14073055982589722,29516288
2026-01-08 11:45:00+00:00,0.14064601063728333,0.14076191186904907,0.14050419628620148,0.14076191186904907,5820544
2026-01-08 12:00:00+00:00,0.14077216386795044,0.14077216386795044,0.13964992761611938,0.13964992761611938,22932864
2026-01-08 12:15:00+00:00,0.13957670331001282,0.13993266224861145,0.1394561231136322,0.1398760974407196,18190720
2026-01-08 12:30:00+00:00,0.13988426327705383,0.139922097325325,0.13951383531093597,0.13953006267547607,6034560
2026-01-08 12:45:00+00:00,0.13953928649425507,0.1396275758743286,0.13929685950279236,0.13929685950279236,5460992
2026-01-08 13:00:00+00:00,0.13930605351924896,0.13984711468219757,0.13930605351924896,0.13984711468219757,0
2026-01-08 13:15:00+00:00,0.13982625305652618,0.13992071151733398,0.13977935910224915,0.1398068517446518,0
2026-01-08 13:30:00+00:00,0.13983437418937683,0.1399257481098175,0.13939857482910156,0.13956224918365479,8371200
2026-01-08 13:45:00+00:00,0.1395707130432129,0.139658123254776,0.13948766887187958,0.13952797651290894,3938560
2026-01-08 14:00:00+00:00,0.13953225314617157,0.13953225314617157,0.1392577588558197,0.13952167332172394,0
2026-01-08 14:15:00+00:00,0.13949094712734222,0.13949094712734222,0.13906632363796234,0.13906632363796234,1963392
2026-01-08 14:30:00+00:00,0.13911831378936768,0.1393444687128067,0.1390308290719986,0.13903209567070007,0
2026-01-08 14:45:00+00:00,0.13900667428970337,0.1397634744644165,0.13842149078845978,0.13952040672302246,18379776
2026-01-08 15:00:00+00:00,0.13953407108783722,0.1401938498020172,0.1392304003238678,0.14016789197921753,5690752
2026-01-08 15:15:00+00:00,0.14013917744159698,0.14098365604877472,0.1400875449180603,0.14098365604877472,27719936
2026-01-08 15:30:00+00:00,0.1409926414489746,0.1417352855205536,0.1409926414489746,0.1417352855205536,10787584
2026-01-08 15:45:00+00:00,0.14158208668231964,0.14158208668231964,0.14099550247192383,0.14129997789859772,1739136
2026-01-08 16:00:00+00:00,0.14134718477725983,0.14182084798812866,0.14134718477725983,0.1414831429719925,11315712
2026-01-08 16:15:00+00:00,0.1414635181427002,0.1414635181427002,0.14111991226673126,0.14113479852676392,3352064
2026-01-08 16:30:00+00:00,0.14116406440734863,0.1412353515625,0.1408964991569519,0.14117322862148285,729856
2026-01-08 16:45:00+00:00,0.1411658376455307,0.14196434617042542,0.1411658376455307,0.141756072640419,1573760
2026-01-08 17:00:00+00:00,0.14182499051094055,0.14261995255947113,0.14182499051094055,0.14239485561847687,5620992
2026-01-08 17:15:00+00:00,0.14239120483398438,0.14239120483398438,0.14189626276493073,0.14189626276493073,4679808
2026-01-08 17:30:00+00:00,0.1418880820274353,0.1423129141330719,0.14172063767910004,0.1423129141330719,1119744
2026-01-08 17:45:00+00:00,0.1424647569656372,0.14298829436302185,0.14245672523975372,0.14295126497745514,4588288
2026-01-08 18:00:00+00:00,0.14296722412109375,0.14296722412109375,0.1425378918647766,0.1425378918647766,204288
2026-01-08 18:15:00+00:00,0.14253565669059753,0.14253565669059753,0.142391175031662,0.14252084493637085,497152
2026-01-08 18:30:00+00:00,0.14252403378486633,0.14276809990406036,0.14229652285575867,0.1423064023256302,327168
2026-01-08 18:45:00+00:00,0.1419636607170105,0.14214245975017548,0.1418962925672531,0.14191114902496338,1621120
2026-01-08 19:00:00+00:00,0.14192380011081696,0.14246727526187897,0.14192380011081696,0.1424105167388916,1050752
2026-01-08 19:15:00+00:00,0.14240023493766785,0.14240023493766785,0.1418929100036621,0.14189878106117249,0
2026-01-08 19:30:00+00:00,0.141896590590477,0.14270929992198944,0.141896590590477,0.1425018459558487,868352
2026-01-08 19:45:00+00:00,0.14249376952648163,0.14249376952648163,0.1420050412416458,0.1420091688632965,665600
2026-01-08 20:00:00+00:00,0.14200879633426666,0.14200879633426666,0.14103828370571136,0.14111921191215515,5127808
2026-01-08 20:15:00+00:00,0.1411096751689911,0.14129993319511414,0.1411096751689911,0.1411246508359909,0
2026-01-08 20:30:00+00:00,0.14112341403961182,0.14174211025238037,0.14112341403961182,0.14174211025238037,614912
2026-01-08 20:45:00+00:00,0.14175543189048767,0.14202378690242767,0.1416948139667511,0.14201614260673523,1151872
2026-01-08 21:00:00+00:00,0.1419975459575653,0.14231187105178833,0.1419975459575653,0.14231187105178833,2776704
2026-01-08 21:15:00+00:00,0.14230526983737946,0.14236706495285034,0.14230228960514069,0.1423547863960266,1145216
2026-01-08 21:30:00+00:00,0.14234881103038788,0.14283812046051025,0.14233727753162384,0.14283132553100586,3747200
2026-01-08 21:45:00+00:00,0.1427537202835083,0.14283160865306854,0.14267213642597198,0.14283160865306854,443136
2026-01-08 22:00:00+00:00,0.14281867444515228,0.14283420145511627,0.14262941479682922,0.1428094059228897,0
2026-01-08 22:15:00+00:00,0.1428086906671524,0.1428995430469513,0.14256726205348969,0.14256726205348969,7563520
2026-01-08 22:30:00+00:00,0.14257293939590454,0.14257293939590454,0.14192530512809753,0.14194045960903168,1799040
2026-01-08 22:45:00+00:00,0.14193743467330933,0.14231546223163605,0.14193743467330933,0.14231546223163605,913408
2026-01-08 23:00:00+00:00,0.14231370389461517,0.1426047682762146,0.14231370389461517,0.14253348112106323,806272
2026-01-08 23:15:00+00:00,0.14252249896526337,0.14257493615150452,0.1424659788608551,0.1424669772386551,0
2026-01-08 23:30:00+00:00,0.14246702194213867,0.14247071743011475,0.1421869844198227,0.1421952098608017,0
2026-01-08 23:45:00+00:00,0.1421796977519989,0.1421796977519989,0.14199703931808472,0.14199703931808472,557568
2026-01-09 00:00:00+00:00,0.14197848737239838,0.1420251876115799,0.14191798865795135,0.1420251876115799,0
2026-01-09 00:15:00+00:00,0.14202357828617096,0.14213822782039642,0.1419941633939743,0.1419941633939743,0
2026-01-09 00:30:00+00:00,0.14199186861515045,0.14225071668624878,0.14196354150772095,0.14225071668624878,329344
2026-01-09 00:45:00+00:00,0.14227457344532013,0.14240103960037231,0.14227457344532013,0.14236454665660858,0
2026-01-09 01:00:00+00:00,0.1424076110124588,0.14252804219722748,0.14237503707408905,0.14250503480434418,158976
2026-01-09 01:15:00+00:00,0.14255322515964508,0.14256462454795837,0.1421281397342682,0.1421281397342682,0
2026-01-09 01:30:00+00:00,0.14239031076431274,0.14298364520072937,0.14154285192489624,0.14160314202308655,37812096
2026-01-09 01:45:00+00:00,0.14158985018730164,0.14175350964069366,0.141588032245636,0.14175350964069366,3287808
2026-01-09 02:00:00+00:00,0.14174410700798035,0.14306406676769257,0.14174410700798035,0.14306406676769257,11532544
2026-01-09 02:15:00+00:00,0.143057182431221,0.14307129383087158,0.1428719460964203,0.1428719460964203,62208
2026-01-09 02:30:00+00:00,0.1428307592868805,0.1428307592868805,0.1423136591911316,0.14231838285923004,0
2026-01-09 02:45:00+00:00,0.14232821762561798,0.14232821762561798,0.14189225435256958,0.14189225435256958,0
2026-01-09 03:00:00+00:00,0.14189574122428894,0.14228391647338867,0.14186324179172516,0.14226654171943665,210560
2026-01-09 03:15:00+00:00,0.14227820932865143,0.1423618048429489,0.14198726415634155,0.14198726415634155,2678912
2026-01-09 03:30:00+00:00,0.14198997616767883,0.14233070611953735,0.14187102019786835,0.14233070611953735,210944
2026-01-09 03:45:00+00:00,0.14233238995075226,0.14284195005893707,0.14233238995075226,0.14283797144889832,0
2026-01-09 04:00:00+00:00,0.1428452432155609,0.14290226995944977,0.14251166582107544,0.14251166582107544,95104
2026-01-09 04:15:00+00:00,0.14250601828098297,0.14257390797138214,0.14242252707481384,0.14257390797138214,0
2026-01-09 04:30:00+00:00,0.14257018268108368,0.14259737730026245,0.14218898117542267,0.14218898117542267,0
2026-01-09 04:45:00+00:00,0.14219024777412415,0.14219626784324646,0.1420813947916031,0.14219626784324646,0
2026-01-09 05:00:00+00:00,0.14219114184379578,0.14248846471309662,0.14219114184379578,0.14247851073741913,3174272
2026-01-09 05:15:00+00:00,0.14248281717300415,0.14248281717300415,0.14228615164756775,0.1423579305410385,422272
2026-01-09 05:30:00+00:00,0.14235913753509521,0.14244091510772705,0.14224472641944885,0.1424231380224228,0
2026-01-09 05:45:00+00:00,0.14239871501922607,0.14277416467666626,0.14237986505031586,0.14276830852031708,0
2026-01-09 06:00:00+00:00,0.14276713132858276,0.14276713132858276,0.14251723885536194,0.14254578948020935,0
2026-01-09 06:15:00+00:00,0.14255110919475555,0.1427103877067566,0.14254097640514374,0.14254097640514374,0
2026-01-09 06:30:00+00:00,0.14253178238868713,0.14276796579360962,0.1424887776374817,0.14276796579360962,0
2026-01-09 06:45:00+00:00,0.1427667886018753,0.14294175803661346,0.1427667886018753,0.14290140569210052,0
2026-01-09 07:00:00+00:00,0.14290910959243774,0.14293846487998962,0.14273633062839508,0.1427384614944458,0
2026-01-09 07:15:00+00:00,0.14272989332675934,0.14276622235774994,0.14270424842834473,0.1427379846572876,0
2026-01-09 07:30:00+00:00,0.14274293184280396,0.14274293184280396,0.14243975281715393,0.14246809482574463,0
2026-01-09 07:45:00+00:00,0.1424560248851776,0.1424560248851776,0.14204956591129303,0.14204956591129303,976640
2026-01-09 08:00:00+00:00,0.1420356035232544,0.1420356035232544,0.14123500883579254,0.1413523405790329,17651712
2026-01-09 08:15:00+00:00,0.14132945239543915,0.14132945239543915,0.14116308093070984,0.14120528101921082,2978816
2026-01-09 08:30:00+00:00,0.14116765558719635,0.14116765558719635,0.14036250114440918,0.14036250114440918,9228160
2026-01-09 08:45:00+00:00,0.14036515355110168,0.14036515355110168,0.13915647566318512,0.13942024111747742,40772096
2026-01-09 09:00:00+00:00,0.13942305743694305,0.14054976403713226,0.13942305743694305,0.1404949575662613,11172992
2026-01-09 09:15:00+00:00,0.1404905766248703,0.1407051384449005,0.14041121304035187,0.14070230722427368,597888
2026-01-09 09:30:00+00:00,0.14071044325828552,0.14071044325828552,0.14061777293682098,0.1406773030757904,0
2026-01-09 09:45:00+00:00,0.14066892862319946,0.14077824354171753,0.14062675833702087,0.14062675833702087,0
2026-01-09 10:00:00+00:00,0.14062415063381195,0.14092373847961426,0.14048299193382263,0.14091666042804718,0
2026-01-09 10:15:00+00:00,0.1408977061510086,0.1408977061510086,0.1407751590013504,0.1407794952392578,0
2026-01-09 10:30:00+00:00,0.14075958728790283,0.14075958728790283,0.14044417440891266,0.140609011054039,572544
2026-01-09 10:45:00+00:00,0.14058394730091095,0.14080756902694702,0.1405247151851654,0.14076918363571167,0
2026-01-09 11:00:00+00:00,0.14076241850852966,0.14076241850852966,0.14053691923618317,0.14053714275360107,0
2026-01-09 11:15:00+00:00,0.1405555158853531,0.14067088067531586,0.1405555158853531,0.14060422778129578,0
2026-01-09 11:30:00+00:00,0.1406044214963913,0.14074477553367615,0.1404477059841156,0.1404477059841156,0
2026-01-09 11:45:00+00:00,0.14041650295257568,0.14041650295257568,0.14018800854682922,0.14018800854682922,0
2026-01-09 12:00:00+00:00,0.14018514752388,0.1402307152748108,0.1400330811738968,0.1400330811738968,0
2026-01-09 12:15:00+00:00,0.14001959562301636,0.14001959562301636,0.13971446454524994,0.1397578865289688,0
2026-01-09 12:30:00+00:00,0.1397571861743927,0.13985075056552887,0.13973388075828552,0.1398085206747055,608256
2026-01-09 12:45:00+00:00,0.13979347050189972,0.1399017572402954,0.13973921537399292,0.13983045518398285,1760000
2026-01-09 13:00:00+00:00,0.13982783257961273,0.1401824653148651,0.13982783257961273,0.14015458524227142,3278720
2026-01-09 13:15:00+00:00,0.14016003906726837,0.14063046872615814,0.14016003906726837,0.14062093198299408,4493952
2026-01-09 13:30:00+00:00,0.1406012326478958,0.1408645659685135,0.1404295414686203,0.1404763013124466,16668800
2026-01-09 13:45:00+00:00,0.14045202732086182,0.14051152765750885,0.1401371955871582,0.14043177664279938,1750528
2026-01-09 14:00:00+00:00,0.14043201506137848,0.14043201506137848,0.13914476335048676,0.1391754448413849,7727488
2026-01-09 14:15:00+00:00,0.13916267454624176,0.13916267454624176,0.13902190327644348,0.13913078606128693,4742272
2026-01-09 14:30:00+00:00,0.13913708925247192,0.13942191004753113,0.13891111314296722,0.13919386267662048,4155904
2026-01-09 14:45:00+00:00,0.13889886438846588,0.13898824155330658,0.13873575627803802,0.13875316083431244,1057280
2026-01-09 15:00:00+00:00,0.13880696892738342,0.13891668617725372,0.13854728639125824,0.13876372575759888,4336512
2026-01-09 15:15:00+00:00,0.13878490030765533,0.14136964082717896,0.13878490030765533,0.14136964082717896,3703680
2026-01-09 15:30:00+00:00,0.14134481549263,0.1437874734401703,0.14134481549263,0.14277826249599457,56859136
2026-01-09 15:45:00+00:00,0.1425090879201889,0.1427801251411438,0.14121858775615692,0.1414068341255188,35714688
2026-01-09 16:00:00+00:00,0.1414169818162918,0.14302268624305725,0.1414169818162918,0.14302268624305725,587776
2026-01-09 16:15:00+00:00,0.14322370290756226,0.14376628398895264,0.143152117729187,0.143152117729187,19358848
2026-01-09 16:30:00+00:00,0.14314548671245575,0.14317956566810608,0.14285504817962646,0.14298897981643677,1780864
2026-01-09 16:45:00+00:00,0.14303173124790192,0.1435014009475708,0.14303173124790192,0.1434829831123352,4415872
2026-01-09 17:00:00+00:00,0.1435372233390808,0.1435372233390808,0.14270099997520447,0.14270099997520447,0
2026-01-09 17:15:00+00:00,0.1427159309387207,0.1427159309387207,0.14145223796367645,0.14178162813186646,5655168
2026-01-09 17:30:00+00:00,0.1417563408613205,0.1417563408613205,0.14142878353595734,0.141586571931839,1270400
2026-01-09 17:45:00+00:00,0.14150278270244598,0.14241938292980194,0.14150278270244598,0.1423938274383545,0
2026-01-09 18:00:00+00:00,0.14240558445453644,0.14240558445453644,0.14184457063674927,0.14187322556972504,0
2026-01-09 18:15:00+00:00,0.14183516800403595,0.14183516800403595,0.14004547894001007,0.14004547894001007,6473728
2026-01-09 18:30:00+00:00,0.14006176590919495,0.14033478498458862,0.13974438607692719,0.14031094312667847,17930880
2026-01-09 18:45:00+00:00,0.14038093388080597,0.14050552248954773,0.14032384753227234,0.14048995077610016,1154432
2026-01-09 19:00:00+00:00,0.14034311473369598,0.140354722738266,0.1395004689693451,0.1395004689693451,1506944
2026-01-09 19:15:00+00:00,0.13949646055698395,0.13949646055698395,0.13904526829719543,0.13929514586925507,1537536
2026-01-09 19:30:00+00:00,0.13928695023059845,0.1394256204366684,0.13905884325504303,0.1394256204366684,2365184
2026-01-09 19:45:00+00:00,0.1394045352935791,0.1398332267999649,0.13939127326011658,0.139511376619339,2463104
2026-01-09 20:00:00+00:00,0.13933169841766357,0.13943083584308624,0.13933120667934418,0.13942408561706543,0
2026-01-09 20:15:00+00:00,0.13942047953605652,0.13964948058128357,0.13939405977725983,0.13957524299621582,944000
2026-01-09 20:30:00+00:00,0.13957586884498596,0.14009901881217957,0.13953271508216858,0.13980191946029663,1591168
2026-01-09 20:45:00+00:00,0.13973820209503174,0.1398337334394455,0.1395602524280548,0.13981792330741882,3632512
2026-01-09 21:00:00+00:00,0.13972121477127075,0.14009326696395874,0.13972121477127075,0.140030637383461,3034496
2026-01-09 21:15:00+00:00,0.14003168046474457,0.1403072476387024,0.13997644186019897,0.1403072476387024,1710080
2026-01-09 21:30:00+00:00,0.140276238322258,0.14051657915115356,0.14025332033634186,0.14027249813079834,3833216
2026-01-09 21:45:00+00:00,0.14028902351856232,0.14060358703136444,0.14028500020503998,0.1405983716249466,1155328
2026-01-09 22:00:00+00:00,0.14064018428325653,0.14064191281795502,0.14043277502059937,0.14049407839775085,0
2026-01-09 22:15:00+00:00,0.1404566615819931,0.1404566615819931,0.14016899466514587,0.14016899466514587,0
2026-01-09 22:30:00+00:00,0.14037641882896423,0.1406623125076294,0.14037641882896423,0.14057929813861847,912896
2026-01-09 22:45:00+00:00,0.1404997706413269,0.14086231589317322,0.1404997706413269,0.14085188508033752,1536128
2026-01-09 23:00:00+00:00,0.14083537459373474,0.1408839076757431,0.1408013105392456,0.1408013105392456,0
2026-01-09 23:15:00+00:00,0.14080092310905457,0.14080092310905457,0.14068958163261414,0.14075718820095062,931456
2026-01-09 23:30:00+00:00,0.14076119661331177,0.14076119661331177,0.14049752056598663,0.14049752056598663,335488
2026-01-09 23:45:00+00:00,0.14050064980983734,0.14055077731609344,0.14047123491764069,0.14047123491764069,0
2026-01-10 00:00:00+00:00,0.1405039131641388,0.14050903916358948,0.14037692546844482,0.14037692546844482,0
2026-01-10 00:15:00+00:00,0.14036531746387482,0.14036531746387482,0.1402110606431961,0.14023533463478088,0
2026-01-10 00:30:00+00:00,0.140253946185112,0.1403411626815796,0.140253946185112,0.14025910198688507,0
2026-01-10 00:45:00+00:00,0.1402575820684433,0.1402575820684433,0.14005057513713837,0.14006075263023376,194816
2026-01-10 01:00:00+00:00,0.14007054269313812,0.14022625982761383,0.14003123342990875,0.14003123342990875,0
2026-01-10 01:15:00+00:00,0.14003676176071167,0.14009658992290497,0.14002294838428497,0.14009158313274384,0
2026-01-10 01:30:00+00:00,0.14009299874305725,0.140178844332695,0.1400868147611618,0.14012986421585083,0
2026-01-10 01:45:00+00:00,0.14013473689556122,0.1402197927236557,0.14008136093616486,0.14010049402713776,0
2026-01-10 02:00:00+00:00,0.1401013731956482,0.14038041234016418,0.1401013731956482,0.14038041234016418,0
2026-01-10 02:15:00+00:00,0.1403895765542984,0.14040936529636383,0.14033465087413788,0.14040710031986237,0
2026-01-10 02:30:00+00:00,0.14040909707546234,0.14040909707546234,0.1398478001356125,0.1398478001356125,548096
2026-01-10 02:45:00+00:00,0.13984481990337372,0.1400301158428192,0.13976071774959564,0.1400301158428192,1007360
2026-01-10 03:00:00+00:00,0.14005400240421295,0.14005400240421295,0.1397465169429779,0.13974882662296295,0
2026-01-10 03:15:00+00:00,0.1397150307893753,0.1401226967573166,0.1397150307893753,0.1401226967573166,2186112
2026-01-10 03:30:00+00:00,0.14013522863388062,0.1402394026517868,0.14004933834075928,0.14011208713054657,0
2026-01-10 03:45:00+00:00,0.1400921791791916,0.14009827375411987,0.14002281427383423,0.14009827375411987,0
2026-01-10 04:00:00+00:00,0.140100359916687,0.140100359916687,0.13958890736103058,0.1395893096923828,0
2026-01-10 04:15:00+00:00,0.1395932137966156,0.13967348635196686,0.13956548273563385,0.13963590562343597,335744
2026-01-10 04:30:00+00:00,0.13964328169822693,0.13979336619377136,0.13964328169822693,0.13979336619377136,0
2026-01-10 04:45:00+00:00,0.1398235261440277,0.14002257585525513,0.1398235261440277,0.1400163769721985,1632640
2026-01-10 05:00:00+00:00,0.1399994194507599,0.1401320844888687,0.13995668292045593,0.1401190310716629,0
2026-01-10 05:15:00+00:00,0.14012345671653748,0.14012345671653748,0.13997489213943481,0.1400109976530075,0
2026-01-10 05:30:00+00:00,0.14001156389713287,0.14019490778446198,0.13997995853424072,0.14019490778446198,0
2026-01-10 05:45:00+00:00,0.14018790423870087,0.1401951164007187,0.14006005227565765,0.14006005227565765,0
2026-01-10 06:00:00+00:00,0.14005786180496216,0.14005786180496216,0.13992895185947418,0.13992895185947418,0
2026-01-10 06:15:00+00:00,0.13987764716148376,0.13987764716148376,0.1394088715314865,0.1394946426153183,3389696
2026-01-10 06:30:00+00:00,0.13950005173683167,0.13974961638450623,0.13950005173683167,0.13974961638450623,69376
2026-01-10 06:45:00+00:00,0.13976562023162842,0.13988201320171356,0.13976562023162842,0.13978400826454163,0
2026-01-10 07:00:00+00:00,0.13977386057376862,0.14015424251556396,0.13973841071128845,0.14015424251556396,0
2026-01-10 07:15:00+00:00,0.14015129208564758,0.14020216464996338,0.13987185060977936,0.1399446725845337,2128256
2026-01-10 07:30:00+00:00,0.13995903730392456,0.14005227386951447,0.13995416462421417,0.13995859026908875,0
2026-01-10 07:45:00+00:00,0.13996736705303192,0.14018326997756958,0.13996736705303192,0.14018326997756958,0
2026-01-10 08:00:00+00:00,0.14018702507019043,0.14018702507019043,0.14011657238006592,0.14012067019939423,0
2026-01-10 08:15:00+00:00,0.14011941850185394,0.14011941850185394,0.1397172510623932,0.1397172510623932,2829568
2026-01-10 08:30:00+00:00,0.13968487083911896,0.13968487083911896,0.13952429592609406,0.13964781165122986,181504
2026-01-10 08:45:00+00:00,0.1396438032388687,0.1396438032388687,0.13952307403087616,0.13955408334732056,0
2026-01-10 09:00:00+00:00,0.13959914445877075,0.13969580829143524,0.13959914445877075,0.13964587450027466,0
2026-01-10 09:15:00+00:00,0.13965149223804474,0.13976168632507324,0.1396099478006363,0.13976168632507324,0
2026-01-10 09:30:00+00:00,0.13976161181926727,0.1399228721857071,0.13976161181926727,0.1399228572845459,200320
2026-01-10 09:45:00+00:00,0.13992665708065033,0.14008685946464539,0.13992629945278168,0.14000126719474792,5396992
2026-01-10 10:00:00+00:00,0.13999858498573303,0.14016906917095184,0.1399945318698883,0.14016416668891907,0
2026-01-10 10:15:00+00:00,0.14018699526786804,0.14018699526786804,0.1400911659002304,0.1400926113128662,25600
2026-01-10 10:30:00+00:00,0.14009031653404236,0.14022205770015717,0.14002318680286407,0.14022205770015717,0
2026-01-10 10:45:00+00:00,0.1402171105146408,0.14030838012695312,0.14013467729091644,0.14013467729091644,1484672
2026-01-10 11:00:00+00:00,0.14023064076900482,0.14023064076900482,0.1400398164987564,0.1400398164987564,1445120
2026-01-10 11:15:00+00:00,0.14004354178905487,0.14004354178905487,0.13979846239089966,0.13979846239089966,5052800
2026-01-10 11:30:00+00:00,0.13979822397232056,0.13980421423912048,0.13975052535533905,0.13977587223052979,456064
2026-01-10 11:45:00+00:00,0.13978946208953857,0.13978946208953857,0.13972675800323486,0.13976332545280457,0
2026-01-10 12:00:00+00:00,0.1397697776556015,0.13995522260665894,0.1397697776556015,0.13992857933044434,1820416
2026-01-10 12:15:00+00:00,0.13993357121944427,0.14004075527191162,0.13993357121944427,0.1399346888065338,0
2026-01-10 12:30:00+00:00,0.13989639282226562,0.13989639282226562,0.13985386490821838,0.13985386490821838,0
2026-01-10 12:45:00+00:00,0.1398525834083557,0.13991859555244446,0.13982416689395905,0.13991859555244446,0
2026-01-10 13:00:00+00:00,0.13996046781539917,0.13996292650699615,0.1398082822561264,0.1398082822561264,0
2026-01-10 13:15:00+00:00,0.1398172527551651,0.1400366574525833,0.1398172527551651,0.13998925685882568,0
2026-01-10 13:30:00+00:00,0.13998980820178986,0.14012227952480316,0.1399601697921753,0.14011479914188385,0
2026-01-10 13:45:00+00:00,0.14018353819847107,0.14018353819847107,0.14000682532787323,0.14000682532787323,0
2026-01-10 14:00:00+00:00,0.1400090456008911,0.1400090456008911,0.13979430496692657,0.13979430496692657,0
2026-01-10 14:15:00+00:00,0.13980573415756226,0.13983485102653503,0.1397855132818222,0.1397855132818222,0
2026-01-10 14:30:00+00:00,0.13978450000286102,0.13978450000286102,0.13963109254837036,0.13972698152065277,0
2026-01-10 14:45:00+00:00,0.13973207771778107,0.13977786898612976,0.13971079885959625,0.13971738517284393,0
2026-01-10 15:00:00+00:00,0.13971799612045288,0.13994160294532776,0.13971799612045288,0.13993655145168304,0
2026-01-10 15:15:00+00:00,0.13993968069553375,0.13994541764259338,0.13978834450244904,0.13978850841522217,0
2026-01-10 15:30:00+00:00,0.13978898525238037,0.1398092359304428,0.1397668570280075,0.13979078829288483,0
2026-01-10 15:45:00+00:00,0.13979409635066986,0.13984176516532898,0.13977155089378357,0.13984176516532898,0
2026-01-10 16:00:00+00:00,0.13983863592147827,0.13991203904151917,0.13980527222156525,0.13983264565467834,0
2026-01-10 16:15:00+00:00,0.1398286521434784,0.13986343145370483,0.1396539807319641,0.13986343145370483,0
2026-01-10 16:30:00+00:00,0.13986246287822723,0.13999530673027039,0.13986246287822723,0.13999530673027039,0
2026-01-10 16:45:00+00:00,0.13999447226524353,0.13999447226524353,0.13987386226654053,0.13987596333026886,0
2026-01-10 17:00:00+00:00,0.13987445831298828,0.13997799158096313,0.13986682891845703,0.13997799158096313,0
2026-01-10 17:15:00+00:00,0.13997647166252136,0.13997647166252136,0.13988319039344788,0.13991428911685944,0
2026-01-10 17:30:00+00:00,0.13993118703365326,0.1400393545627594,0.13991917669773102,0.13991917669773102,0
2026-01-10 17:45:00+00:00,0.13992582261562347,0.13992926478385925,0.13965627551078796,0.13965627551078796,253632
2026-01-10 18:00:00+00:00,0.13965792953968048,0.13968046009540558,0.13949796557426453,0.13949796557426453,1139328
2026-01-10 18:15:00+00:00,0.13949745893478394,0.139791339635849,0.1394917219877243,0.139791339635849,0
2026-01-10 18:30:00+00:00,0.13980503380298615,0.13989125192165375,0.13980503380298615,0.13989125192165375,0
2026-01-10 18:45:00+00:00,0.13988767564296722,0.13988767564296722,0.13978831470012665,0.13981641829013824,0
2026-01-10 19:00:00+00:00,0.13981115818023682,0.1398501843214035,0.13979563117027283,0.1398501843214035,0
2026-01-10 19:15:00+00:00,0.13985812664031982,0.14004990458488464,0.13985812664031982,0.14004990458488464,0
2026-01-10 19:30:00+00:00,0.14004279673099518,0.14008913934230804,0.14001914858818054,0.14008913934230804,0
2026-01-10 19:45:00+00:00,0.1400865614414215,0.14009204506874084,0.14003658294677734,0.14009204506874084,0
2026-01-10 20:00:00+00:00,0.1401052325963974,0.14019301533699036,0.1401052325963974,0.14019249379634857,0
2026-01-10 20:15:00+00:00,0.14020101726055145,0.14023429155349731,0.14014285802841187,0.14014294743537903,0
2026-01-10 20:30:00+00:00,0.14014416933059692,0.14014416933059692,0.13998481631278992,0.13998481631278992,0
2026-01-10 20:45:00+00:00,0.1399790495634079,0.1399790495634079,0.1398792266845703,0.13988079130649567,0
2026-01-10 21:00:00+00:00,0.13988009095191956,0.13988009095191956,0.1396895945072174,0.13970784842967987,0
2026-01-10 21:15:00+00:00,0.13972298800945282,0.13973228633403778,0.13966822624206543,0.1397235095500946,0
2026-01-10 21:30:00+00:00,0.13971872627735138,0.13981056213378906,0.13969546556472778,0.13981056213378906,544032
2026-01-10 21:45:00+00:00,0.13980744779109955,0.13980744779109955,0.13975903391838074,0.13975903391838074,0
2026-01-10 22:00:00+00:00,0.13975761830806732,0.13975761830806732,0.13956566154956818,0.13964611291885376,133280
2026-01-10 22:15:00+00:00,0.13965538144111633,0.13965538144111633,0.1395808756351471,0.13963565230369568,0
2026-01-10 22:30:00+00:00,0.13964609801769257,0.13977394998073578,0.13964609801769257,0.13972225785255432,0
2026-01-10 22:45:00+00:00,0.13972826302051544,0.13976186513900757,0.1391422301530838,0.1391422301530838,2040224
2026-01-10 23:00:00+00:00,0.13914570212364197,0.1393440216779709,0.1390649974346161,0.13931085169315338,1454592
2026-01-10 23:15:00+00:00,0.13930612802505493,0.13942518830299377,0.13930612802505493,0.13942518830299377,0
2026-01-10 23:30:00+00:00,0.13942527770996094,0.13947872817516327,0.1393927037715912,0.13947872817516327,0
2026-01-10 23:45:00+00:00,0.13949964940547943,0.1396002322435379,0.13947655260562897,0.13947655260562897,1409440
2026-01-11 00:00:00+00:00,0.13947398960590363,0.13947398960590363,0.13911786675453186,0.1391272097826004,2702112
2026-01-11 00:15:00+00:00,0.13911591470241547,0.13911591470241547,0.13889972865581512,0.1389893740415573,12461888
2026-01-11 00:30:00+00:00,0.1389893740415573,0.1389893740415573,0.1387835144996643,0.13878750801086426,4621728
2026-01-11 00:45:00+00:00,0.13875381648540497,0.13885623216629028,0.13867995142936707,0.13885465264320374,4696192
2026-01-11 01:00:00+00:00,0.1388573795557022,0.1388573795557022,0.13872745633125305,0.13872745633125305,1039200
2026-01-11 01:15:00+00:00,0.13873478770256042,0.13873478770256042,0.13852371275424957,0.1385900229215622,6404384
2026-01-11 01:30:00+00:00,0.13859246671199799,0.13862824440002441,0.13847774267196655,0.1385941207408905,1815584
2026-01-11 01:45:00+00:00,0.13863049447536469,0.13892704248428345,0.13863049447536469,0.13892704248428345,2870304
2026-01-11 02:00:00+00:00,0.138945072889328,0.1390276551246643,0.13883955776691437,0.1390276551246643,1982688
2026-01-11 02:15:00+00:00,0.13910478353500366,0.1391797810792923,0.1390906423330307,0.13915403187274933,1989440
2026-01-11 02:30:00+00:00,0.13914774358272552,0.13914774358272552,0.13897433876991272,0.13902314007282257,0
2026-01-11 02:45:00+00:00,0.13902415335178375,0.1390763819217682,0.1389409452676773,0.1389496922492981,852192
2026-01-11 03:00:00+00:00,0.13894572854042053,0.13894572854042053,0.1388036608695984,0.13880378007888794,121952
2026-01-11 03:15:00+00:00,0.1388031393289566,0.13894028961658478,0.1388031393289566,0.13887211680412292,7072
2026-01-11 03:30:00+00:00,0.13886408507823944,0.13892409205436707,0.13883660733699799,0.13892409205436707,92960
2026-01-11 03:45:00+00:00,0.13891978561878204,0.13897620141506195,0.13891901075839996,0.13894984126091003,349280
2026-01-11 04:00:00+00:00,0.13894326984882355,0.13894326984882355,0.13887803256511688,0.13892051577568054,0
2026-01-11 04:15:00+00:00,0.1389281451702118,0.1389281451702118,0.13868269324302673,0.1386851668357849,3781632
2026-01-11 04:30:00+00:00,0.1386827975511551,0.1388719379901886,0.1386827975511551,0.138849139213562,425184
2026-01-11 04:45:00+00:00,0.13881264626979828,0.13900260627269745,0.1387845277786255,0.13900260627269745,345984
2026-01-11 05:00:00+00:00,0.13900089263916016,0.13900089263916016,0.13892053067684174,0.13892053067684174,0
2026-01-11 05:15:00+00:00,0.13891951739788055,0.1390541046857834,0.13886867463588715,0.13904215395450592,4108896
2026-01-11 05:30:00+00:00,0.13904766738414764,0.13915331661701202,0.13904641568660736,0.13914820551872253,992544
2026-01-11 05:45:00+00:00,0.13919594883918762,0.1395513266324997,0.13919594883918762,0.13946543633937836,9884704
2026-01-11 06:00:00+00:00,0.13946481049060822,0.13946481049060822,0.1393485963344574,0.13939902186393738,4576032
2026-01-11 06:15:00+00:00,0.1393977403640747,0.13946950435638428,0.13900373876094818,0.13900373876094818,0
2026-01-11 06:30:00+00:00,0.13899268209934235,0.13907396793365479,0.13896535336971283,0.13907396793365479,979040
2026-01-11 06:45:00+00:00,0.13908405601978302,0.13949979841709137,0.13908405601978302,0.1394973248243332,357600
2026-01-11 07:00:00+00:00,0.13949517905712128,0.13954131305217743,0.13940373063087463,0.13940557837486267,0
2026-01-11 07:15:00+00:00,0.13939931988716125,0.13949057459831238,0.13938628137111664,0.1394844800233841,0
2026-01-11 07:30:00+00:00,0.13947728276252747,0.1395152509212494,0.13943225145339966,0.13948486745357513,0
2026-01-11 07:45:00+00:00,0.1395137906074524,0.13983154296875,0.1395137906074524,0.1398279219865799,2781056
2026-01-11 08:00:00+00:00,0.13982874155044556,0.1398409903049469,0.13974153995513916,0.13980135321617126,326240
2026-01-11 08:15:00+00:00,0.1397852897644043,0.1397852897644043,0.13973470032215118,0.13973519206047058,222080
2026-01-11 08:30:00+00:00,0.1397617906332016,0.1397617906332016,0.13969090580940247,0.13972008228302002,0
2026-01-11 08:45:00+00:00,0.13972511887550354,0.1399821639060974,0.13970370590686798,0.1399753987789154,1722048
2026-01-11 09:00:00+00:00,0.13998118042945862,0.1400211602449417,0.1399291306734085,0.13993504643440247,0
2026-01-11 09:15:00+00:00,0.13993221521377563,0.14012035727500916,0.13993221521377563,0.14012035727500916,766976
2026-01-11 09:30:00+00:00,0.14012016355991364,0.1401263326406479,0.13979244232177734,0.13979244232177734,2552832
2026-01-11 09:45:00+00:00,0.13979685306549072,0.13979685306549072,0.1397400051355362,0.13979214429855347,0
2026-01-11 10:00:00+00:00,0.13980424404144287,0.1399071216583252,0.13968531787395477,0.13990652561187744,0
2026-01-11 10:15:00+00:00,0.139907106757164,0.1399494856595993,0.13988500833511353,0.1398853212594986,0
2026-01-11 10:30:00+00:00,0.13988617062568665,0.13990718126296997,0.13982217013835907,0.13982491195201874,0
2026-01-11 10:45:00+00:00,0.13975882530212402,0.13976812362670898,0.13974809646606445,0.1397654414176941,219264
2026-01-11 11:00:00+00:00,0.1397692710161209,0.1397692710161209,0.13946789503097534,0.13946925103664398,748320
2026-01-11 11:15:00+00:00,0.13946202397346497,0.13949167728424072,0.13942329585552216,0.13949167728424072,0
2026-01-11 11:30:00+00:00,0.1394900679588318,0.1396486759185791,0.1394900679588318,0.1396486759185791,0
2026-01-11 11:45:00+00:00,0.1396249383687973,0.1396249383687973,0.13949841260910034,0.13949841260910034,1091040
2026-01-11 12:00:00+00:00,0.13950122892856598,0.13969609141349792,0.13950122892856598,0.13969609141349792,0
2026-01-11 12:15:00+00:00,0.13969796895980835,0.13990411162376404,0.13969796895980835,0.13990411162376404,860096
2026-01-11 12:30:00+00:00,0.1399078667163849,0.1399703174829483,0.139894500374794,0.1399703174829483,2006144
2026-01-11 12:45:00+00:00,0.13998360931873322,0.14085611701011658,0.13998360931873322,0.14076723158359528,14942432
2026-01-11 13:00:00+00:00,0.140756294131279,0.1407727152109146,0.14051444828510284,0.14051444828510284,4343008
2026-01-11 13:15:00+00:00,0.14052581787109375,0.14054791629314423,0.14034052193164825,0.14034363627433777,1942848
2026-01-11 13:30:00+00:00,0.1403486579656601,0.14038720726966858,0.14029531180858612,0.14032289385795593,1326336
2026-01-11 13:45:00+00:00,0.14030210673809052,0.14045892655849457,0.1402364820241928,0.14040979743003845,295680
2026-01-11 14:00:00+00:00,0.14041340351104736,0.14049959182739258,0.14033585786819458,0.14049959182739258,24128
2026-01-11 14:15:00+00:00,0.1405009925365448,0.1405504196882248,0.140474334359169,0.1405005007982254,0
2026-01-11 14:30:00+00:00,0.1405005306005478,0.14050929248332977,0.14037874341011047,0.14042364060878754,0
2026-01-11 14:45:00+00:00,0.1404091715812683,0.14065207540988922,0.14034785330295563,0.14065207540988922,3086528
2026-01-11 15:00:00+00:00,0.14065386354923248,0.14076223969459534,0.14004237949848175,0.14004237949848175,8149888
2026-01-11 15:15:00+00:00,0.14005082845687866,0.14005082845687866,0.1398164927959442,0.13996273279190063,7287232
2026-01-11 15:30:00+00:00,0.13995656371116638,0.13995668292045593,0.13977369666099548,0.1398003101348877,4370464
2026-01-11 15:45:00+00:00,0.13978461921215057,0.13978461921215057,0.13773512840270996,0.13787268102169037,72310400
2026-01-11 16:00:00+00:00,0.1378813087940216,0.1383572667837143,0.1378813087940216,0.13835421204566956,16512512
2026-01-11 16:15:00+00:00,0.1383211463689804,0.1383211463689804,0.1381768435239792,0.13829444348812103,8529280
2026-01-11 16:30:00+00:00,0.13831907510757446,0.1395118534564972,0.13831907510757446,0.13923107087612152,33383936
2026-01-11 16:45:00+00:00,0.13925042748451233,0.139274463057518,0.13863115012645721,0.13863115012645721,15756288
2026-01-11 17:00:00+00:00,0.1386202722787857,0.13878193497657776,0.13857319951057434,0.13876907527446747,4321344
2026-01-11 17:15:00+00:00,0.13877181708812714,0.13877181708812714,0.13838107883930206,0.13838107883930206,4578624
2026-01-11 17:30:00+00:00,0.1383880376815796,0.1383880376815796,0.13799989223480225,0.13799989223480225,6457216
2026-01-11 17:45:00+00:00,0.138032928109169,0.13848643004894257,0.138032928109169,0.13848643004894257,1246848
2026-01-11 18:00:00+00:00,0.13849113881587982,0.13855256140232086,0.13802871108055115,0.13804562389850616,0
2026-01-11 18:15:00+00:00,0.13803967833518982,0.1380874216556549,0.13803738355636597,0.13803738355636597,0
2026-01-11 18:30:00+00:00,0.1380557268857956,0.13814526796340942,0.1379247009754181,0.13792851567268372,3035648
2026-01-11 18:45:00+00:00,0.13793666660785675,0.1383959949016571,0.13793666660785675,0.1383911520242691,6309120
2026-01-11 19:00:00+00:00,0.13838662207126617,0.13838662207126617,0.13812904059886932,0.13821271061897278,3698048
2026-01-11 19:15:00+00:00,0.13820432126522064,0.13825349509716034,0.1380789875984192,0.1380789875984192,963520
2026-01-11 19:30:00+00:00,0.13809506595134735,0.1381007879972458,0.13790151476860046,0.13790151476860046,27328
2026-01-11 19:45:00+00:00,0.13787364959716797,0.13787364959716797,0.13737834990024567,0.13746050000190735,11526464
2026-01-11 20:00:00+00:00,0.13745945692062378,0.13745945692062378,0.13644298911094666,0.13644298911094666,16312256
2026-01-11 20:15:00+00:00,0.13645082712173462,0.13645082712173462,0.1359483301639557,0.13618652522563934,19989056
2026-01-11 20:30:00+00:00,0.13619515299797058,0.1365455985069275,0.13618633151054382,0.1364247351884842,10654336
2026-01-11 20:45:00+00:00,0.13641999661922455,0.13666827976703644,0.13639014959335327,0.13666827976703644,5604352
2026-01-11 21:00:00+00:00,0.13666778802871704,0.13666778802871704,0.13600723445415497,0.13629736006259918,14538496
2026-01-11 21:15:00+00:00,0.13630449771881104,0.13671642541885376,0.13630449771881104,0.13667316734790802,11224320
2026-01-11 21:30:00+00:00,0.13667863607406616,0.1368226259946823,0.13667863607406616,0.1368226259946823,4705792
2026-01-11 21:45:00+00:00,0.13682565093040466,0.13745847344398499,0.13682565093040466,0.1374555081129074,10315520
2026-01-11 22:00:00+00:00,0.13745683431625366,0.13745683431625366,0.13644061982631683,0.1365530639886856,8204928
2026-01-11 22:15:00+00:00,0.13650646805763245,0.13703618943691254,0.1364862471818924,0.13703618943691254,7433472
2026-01-11 22:30:00+00:00,0.13704152405261993,0.13717447221279144,0.13695356249809265,0.13717447221279144,4515584
2026-01-11 22:45:00+00:00,0.1371842324733734,0.1372363418340683,0.13701263070106506,0.13701263070106506,0
2026-01-11 23:00:00+00:00,0.13697616755962372,0.13697616755962372,0.1362467259168625,0.13666664063930511,6933696
2026-01-11 23:15:00+00:00,0.1366930603981018,0.1377912312746048,0.1366930603981018,0.1376073956489563,13080960
2026-01-11 23:30:00+00:00,0.13757339119911194,0.13757339119911194,0.13726988434791565,0.1373531073331833,4550272
2026-01-11 23:45:00+00:00,0.13736993074417114,0.1377190500497818,0.13736993074417114,0.1377190500497818,3440640
2026-01-12 00:00:00+00:00,0.13773468136787415,0.13776661455631256,0.13735246658325195,0.13736502826213837,4154496
2026-01-12 00:15:00+00:00,0.13736742734909058,0.1381269097328186,0.13736742734909058,0.13812044262886047,2331328
2026-01-12 00:30:00+00:00,0.13822442293167114,0.13822486996650696,0.13713091611862183,0.13713091611862183,8903616
2026-01-12 00:45:00+00:00,0.13711363077163696,0.1377958506345749,0.13692790269851685,0.1377958506345749,11513728
2026-01-12 01:00:00+00:00,0.13780859112739563,0.13911043107509613,0.13780859112739563,0.13898047804832458,33706944
2026-01-12 01:15:00+00:00,0.13897235691547394,0.13921979069709778,0.1388651430606842,0.13905949890613556,4898496
2026-01-12 01:30:00+00:00,0.13906724750995636,0.1391957551240921,0.13845108449459076,0.13845960795879364,8935360
2026-01-12 01:45:00+00:00,0.13854758441448212,0.13901560008525848,0.13854758441448212,0.13899320363998413,6245184
2026-01-12 02:00:00+00:00,0.13901562988758087,0.13953709602355957,0.13901130855083466,0.13953709602355957,9279424
2026-01-12 02:15:00+00:00,0.13959719240665436,0.140309140086174,0.13959719240665436,0.13982607424259186,22520640
2026-01-12 02:30:00+00:00,0.13994836807250977,0.14032721519470215,0.13994836807250977,0.14032721519470215,12183680
2026-01-12 02:45:00+00:00,0.14033004641532898,0.141579732298851,0.14033004641532898,0.14154446125030518,30360832
2026-01-12 03:00:00+00:00,0.14154785871505737,0.14154785871505737,0.14128214120864868,0.14143991470336914,14728704
2026-01-12 03:15:00+00:00,0.14143991470336914,0.14207467436790466,0.14143991470336914,0.14172087609767914,16465088
2026-01-12 03:30:00+00:00,0.14170275628566742,0.14170275628566742,0.1407739222049713,0.1407865583896637,21981312
2026-01-12 03:45:00+00:00,0.14076393842697144,0.14076393842697144,0.14043308794498444,0.14043308794498444,12695616
2026-01-12 04:00:00+00:00,0.14043477177619934,0.14043477177619934,0.14009180665016174,0.1402474045753479,8962176
2026-01-12 04:15:00+00:00,0.14027783274650574,0.1405733972787857,0.14027783274650574,0.14037513732910156,1525824
2026-01-12 04:30:00+00:00,0.1403721123933792,0.14071901142597198,0.14032380282878876,0.1407025009393692,5202240
2026-01-12 04:45:00+00:00,0.1407133936882019,0.14077191054821014,0.14065183699131012,0.14065183699131012,3711360
2026-01-12 05:00:00+00:00,0.14065563678741455,0.14065563678741455,0.1403423696756363,0.14063048362731934,5427392
2026-01-12 05:15:00+00:00,0.1405886858701706,0.14091642200946808,0.14047324657440186,0.14091642200946808,6175936
2026-01-12 05:30:00+00:00,0.14092639088630676,0.14101706445217133,0.14079269766807556,0.14079269766807556,6084224
2026-01-12 05:45:00+00:00,0.14078958332538605,0.14078958332538605,0.14074818789958954,0.14076538383960724,0
2026-01-12 06:00:00+00:00,0.14076511561870575,0.14077478647232056,0.14051440358161926,0.14060741662979126,0
2026-01-12 06:15:00+00:00,0.14061003923416138,0.14061003923416138,0.13992726802825928,0.13993071019649506,2350080
2026-01-12 06:30:00+00:00,0.1399405300617218,0.1399405300617218,0.13960742950439453,0.1396939605474472,7719872
2026-01-12 06:45:00+00:00,0.13969728350639343,0.13977250456809998,0.13943903148174286,0.13943903148174286,7463424
2026-01-12 07:00:00+00:00,0.139424666762352,0.13994137942790985,0.1394084244966507,0.1397150456905365,5496320
2026-01-12 07:15:00+00:00,0.1396922767162323,0.1396922767162323,0.1391276866197586,0.1391276866197586,6875136
2026-01-12 07:30:00+00:00,0.1391308307647705,0.1391497701406479,0.13820509612560272,0.13820509612560272,16446080
2026-01-12 07:45:00+00:00,0.13819922506809235,0.13819922506809235,0.13779902458190918,0.13790450990200043,13389696
2026-01-12 08:00:00+00:00,0.1378679722547531,0.1383828967809677,0.13779479265213013,0.1383828967809677,5288448
2026-01-12 08:15:00+00:00,0.13836689293384552,0.13838474452495575,0.1383020579814911,0.13831056654453278,9563776
2026-01-12 08:30:00+00:00,0.1383020281791687,0.1383020281791687,0.13616541028022766,0.13617722690105438,45929728
2026-01-12 08:45:00+00:00,0.13615944981575012,0.13670802116394043,0.13593526184558868,0.13670802116394043,31620736
2026-01-12 09:00:00+00:00,0.13668984174728394,0.13680100440979004,0.13646414875984192,0.13674989342689514,12091520
2026-01-12 09:15:00+00:00,0.13673533499240875,0.1369251161813736,0.13672885298728943,0.13676941394805908,6801664
2026-01-12 09:30:00+00:00,0.1367570012807846,0.1367589682340622,0.13659913837909698,0.13670316338539124,5542272
2026-01-12 09:45:00+00:00,0.13669586181640625,0.13672111928462982,0.13642509281635284,0.13642509281635284,8160512
2026-01-12 10:00:00+00:00,0.1365111619234085,0.13687336444854736,0.1364865005016327,0.13678303360939026,5854976
2026-01-12 10:15:00+00:00,0.13677267730236053,0.13677267730236053,0.1365409642457962,0.1365489810705185,5152128
2026-01-12 10:30:00+00:00,0.13656410574913025,0.13665908575057983,0.13656410574913025,0.13660907745361328,5341184
2026-01-12 10:45:00+00:00,0.13660170137882233,0.13660170137882233,0.13614191114902496,0.13614219427108765,4916864
2026-01-12 11:00:00+00:00,0.13615365326404572,0.13627015054225922,0.13615365326404572,0.13626126945018768,2543616
2026-01-12 11:15:00+00:00,0.13626590371131897,0.13654528558254242,0.13626159727573395,0.13653141260147095,4600960
2026-01-12 11:30:00+00:00,0.13652630150318146,0.13661521673202515,0.13636136054992676,0.13636136054992676,5346048
2026-01-12 11:45:00+00:00,0.1363651603460312,0.1365964412689209,0.1363460123538971,0.1365615427494049,571648
2026-01-12 12:00:00+00:00,0.13655760884284973,0.13655760884284973,0.13639949262142181,0.13639949262142181,4538880
2026-01-12 12:15:00+00:00,0.13639135658740997,0.13648197054862976,0.13631947338581085,0.13646180927753448,4906368
2026-01-12 12:30:00+00:00,0.1364525854587555,0.1364525854587555,0.13618417084217072,0.13618417084217072,5286272
2026-01-12 12:45:00+00:00,0.136174276471138,0.1363430619239807,0.13614049553871155,0.136219784617424,0
2026-01-12 13:00:00+00:00,0.13622063398361206,0.1362600475549698,0.1359458565711975,0.1359458565711975,4367488
2026-01-12 13:15:00+00:00,0.13589255511760712,0.13614213466644287,0.13589255511760712,0.13601376116275787,8686848
2026-01-12 13:30:00+00:00,0.13599848747253418,0.13611257076263428,0.13596020638942719,0.13596020638942719,5468032
2026-01-12 13:45:00+00:00,0.1359487622976303,0.1359904706478119,0.13577327132225037,0.1359904706478119,7239168
2026-01-12 14:00:00+00:00,0.13595019280910492,0.13625067472457886,0.13592742383480072,0.13625067472457886,3667712
2026-01-12 14:15:00+00:00,0.13627442717552185,0.1363600492477417,0.13561415672302246,0.1356939673423767,27560960
2026-01-12 14:30:00+00:00,0.1356389969587326,0.1365872323513031,0.13550862669944763,0.13648180663585663,35900928
2026-01-12 14:45:00+00:00,0.136474147439003,0.13678860664367676,0.1364251971244812,0.136585995554924,11748224
2026-01-12 15:00:00+00:00,0.1366095244884491,0.13663123548030853,0.13628894090652466,0.1363576054573059,8483328
2026-01-12 15:15:00+00:00,0.13637451827526093,0.13777504861354828,0.13637451827526093,0.13777504861354828,16752256
2026-01-12 15:30:00+00:00,0.1377856284379959,0.13817818462848663,0.1377856284379959,0.13815008103847504,8587520
2026-01-12 15:45:00+00:00,0.13816823065280914,0.1383432000875473,0.13816823065280914,0.1383432000875473,0
2026-01-12 16:00:00+00:00,0.13833869993686676,0.1388799548149109,0.13833869993686676,0.13885781168937683,1998464
2026-01-12 16:15:00+00:00,0.13883785903453827,0.13925056159496307,0.1385713517665863,0.13925056159496307,5408768
2026-01-12 16:30:00+00:00,0.13925182819366455,0.13983623683452606,0.13925182819366455,0.1393672674894333,5531392
2026-01-12 16:45:00+00:00,0.13937602937221527,0.13937602937221527,0.13912685215473175,0.13932611048221588,1487616
2026-01-12 17:00:00+00:00,0.13932158052921295,0.1394568383693695,0.13884691894054413,0.13884691894054413,7228672
2026-01-12 17:15:00+00:00,0.13877852261066437,0.13888075947761536,0.1382032334804535,0.1382124423980713,5255680
2026-01-12 17:30:00+00:00,0.13820689916610718,0.13820689916610718,0.13726480305194855,0.13780316710472107,17539584
2026-01-12 17:45:00+00:00,0.1377592533826828,0.13785547018051147,0.13771691918373108,0.13785547018051147,3500160
2026-01-12 18:00:00+00:00,0.13786564767360687,0.13860838115215302,0.13783541321754456,0.13859200477600098,4440448
2026-01-12 18:15:00+00:00,0.1385900378227234,0.1387515515089035,0.13858330249786377,0.13868653774261475,5359360
2026-01-12 18:30:00+00:00,0.1386982649564743,0.13876532018184662,0.13781346380710602,0.13781413435935974,2263808
2026-01-12 18:45:00+00:00,0.13781648874282837,0.1380467712879181,0.13779482245445251,0.13803556561470032,752000
2026-01-12 19:00:00+00:00,0.13803111016750336,0.1380685567855835,0.13774831593036652,0.1379856914281845,867840
2026-01-12 19:15:00+00:00,0.13796605169773102,0.13827061653137207,0.13796605169773102,0.138142928481102,1850240
2026-01-12 19:30:00+00:00,0.13815052807331085,0.13815894722938538,0.13802045583724976,0.1380220651626587,482304
2026-01-12 19:45:00+00:00,0.13802143931388855,0.1381726711988449,0.13784627616405487,0.13815774023532867,0
2026-01-12 20:00:00+00:00,0.13816958665847778,0.1386280059814453,0.13816101849079132,0.13854047656059265,0
2026-01-12 20:15:00+00:00,0.13855202496051788,0.13855202496051788,0.13791725039482117,0.13791725039482117,0
2026-01-12 20:30:00+00:00,0.13793392479419708,0.13793392479419708,0.13728518784046173,0.1373007446527481,0
2026-01-12 20:45:00+00:00,0.13728997111320496,0.13728997111320496,0.13715004920959473,0.1371568888425827,0
2026-01-12 21:00:00+00:00,0.13715235888957977,0.13715235888957977,0.1366131454706192,0.1370147168636322,0
2026-01-12 21:15:00+00:00,0.13702116906642914,0.13707603514194489,0.1367756724357605,0.1367756724357605,0
2026-01-12 21:30:00+00:00,0.1367681473493576,0.1367681473493576,0.1365724354982376,0.13657328486442566,706048
2026-01-12 21:45:00+00:00,0.13657043874263763,0.13657043874263763,0.13572782278060913,0.1357499361038208,4182016
2026-01-12 22:00:00+00:00,0.13583151996135712,0.13686227798461914,0.13583151996135712,0.13686227798461914,3491968
2026-01-12 22:15:00+00:00,0.13684196770191193,0.13684196770191193,0.1366879642009735,0.13673041760921478,964992
2026-01-12 22:30:00+00:00,0.13672423362731934,0.1369183361530304,0.1366214156150818,0.1369183361530304,1349248
2026-01-12 22:45:00+00:00,0.13691432774066925,0.13691432774066925,0.1367916762828827,0.13681632280349731,67968
2026-01-12 23:00:00+00:00,0.13681577146053314,0.13681577146053314,0.13637542724609375,0.13637542724609375,0
2026-01-12 23:15:00+00:00,0.13638436794281006,0.13659830391407013,0.13636106252670288,0.13659830391407013,0
2026-01-12 23:30:00+00:00,0.13660317659378052,0.136787548661232,0.13660317659378052,0.1367156058549881,1094400
2026-01-12 23:45:00+00:00,0.13671255111694336,0.13671255111694336,0.13654038310050964,0.13654038310050964,139648
2026-01-13 00:00:00+00:00,0.13653184473514557,0.13668905198574066,0.13646738231182098,0.13667944073677063,10042368
2026-01-13 00:15:00+00:00,0.13666768372058868,0.13681164383888245,0.13659392297267914,0.13681164383888245,0
2026-01-13 00:30:00+00:00,0.1367930769920349,0.1367988884449005,0.13651593029499054,0.13652403652668,0
2026-01-13 00:45:00+00:00,0.13653595745563507,0.13679566979408264,0.13651330769062042,0.13679566979408264,0
2026-01-13 01:00:00+00:00,0.13677695393562317,0.13704891502857208,0.13677695393562317,0.13702498376369476,0
2026-01-13 01:15:00+00:00,0.13702239096164703,0.13703496754169464,0.136778324842453,0.136778324842453,0
2026-01-13 01:30:00+00:00,0.13677728176116943,0.13677728176116943,0.136274516582489,0.136274516582489,0
2026-01-13 01:45:00+00:00,0.13625630736351013,0.13641908764839172,0.1362033635377884,0.13641908764839172,0
2026-01-13 02:00:00+00:00,0.13643115758895874,0.1369975060224533,0.13643115758895874,0.1369931995868683,0
2026-01-13 02:15:00+00:00,0.13700072467327118,0.13713045418262482,0.13690514862537384,0.13691428303718567,0
2026-01-13 02:30:00+00:00,0.13691052794456482,0.13691340386867523,0.13674898445606232,0.13674898445606232,0
2026-01-13 02:45:00+00:00,0.13674244284629822,0.13689063489437103,0.13663893938064575,0.13688237965106964,0
2026-01-13 03:00:00+00:00,0.1368376761674881,0.1368376761674881,0.1365378350019455,0.13655880093574524,0
2026-01-13 03:15:00+00:00,0.13656868040561676,0.13702785968780518,0.13656868040561676,0.13702481985092163,0
2026-01-13 03:30:00+00:00,0.1370263695716858,0.1370263695716858,0.13678957521915436,0.13680195808410645,0
2026-01-13 03:45:00+00:00,0.13680331408977509,0.1368848830461502,0.1367897242307663,0.1368848830461502,0
2026-01-13 04:00:00+00:00,0.1368827223777771,0.1374100148677826,0.1368827223777771,0.1374100148677826,1806720
2026-01-13 04:15:00+00:00,0.13743045926094055,0.13761235773563385,0.13741691410541534,0.13741691410541534,5337728
2026-01-13 04:30:00+00:00,0.13743503391742706,0.13744989037513733,0.13731375336647034,0.13744887709617615,487168
2026-01-13 04:45:00+00:00,0.1374485343694687,0.13756415247917175,0.13735386729240417,0.13756415247917175,876160
2026-01-13 05:00:00+00:00,0.1375674158334732,0.1381605565547943,0.1375674158334732,0.1381605565547943,1195136
2026-01-13 05:15:00+00:00,0.13816480338573456,0.13904733955860138,0.13816480338573456,0.1389315128326416,13828864
2026-01-13 05:30:00+00:00,0.13892939686775208,0.13892939686775208,0.13861629366874695,0.13871967792510986,4943744
2026-01-13 05:45:00+00:00,0.13871994614601135,0.1388658732175827,0.13869787752628326,0.1387920379638672,6221824
2026-01-13 06:00:00+00:00,0.13878679275512695,0.13897745311260223,0.13877268135547638,0.13877268135547638,1220992
2026-01-13 06:15:00+00:00,0.13879035413265228,0.13921162486076355,0.13879035413265228,0.13921162486076355,2275840
2026-01-13 06:30:00+00:00,0.13915222883224487,0.13915222883224487,0.1389739066362381,0.1390211433172226,1224960
2026-01-13 06:45:00+00:00,0.13901494443416595,0.13905423879623413,0.13878142833709717,0.13895422220230103,7484928
2026-01-13 07:00:00+00:00,0.13894899189472198,0.13894899189472198,0.13864678144454956,0.13865265250205994,10416896
2026-01-13 07:15:00+00:00,0.13864590227603912,0.13864590227603912,0.1383681446313858,0.1384028196334839,853888
2026-01-13 07:30:00+00:00,0.1383916139602661,0.13842277228832245,0.13836032152175903,0.13842277228832245,0
2026-01-13 07:45:00+00:00,0.1384306401014328,0.13847310841083527,0.13838441669940948,0.13841532170772552,0
2026-01-13 08:00:00+00:00,0.13845817744731903,0.13910217583179474,0.13845817744731903,0.13910217583179474,5291392
2026-01-13 08:15:00+00:00,0.13909845054149628,0.13909845054149628,0.13897666335105896,0.13903041183948517,0
2026-01-13 08:30:00+00:00,0.13902677595615387,0.13930167257785797,0.13898135721683502,0.13930167257785797,0
2026-01-13 08:45:00+00:00,0.13930724561214447,0.13973982632160187,0.13930724561214447,0.1396244913339615,0
2026-01-13 09:00:00+00:00,0.13959963619709015,0.139630526304245,0.13948988914489746,0.139590322971344,1530112
2026-01-13 09:15:00+00:00,0.13958561420440674,0.1397065669298172,0.1395026296377182,0.1397065669298172,6686976
2026-01-13 09:30:00+00:00,0.13976506888866425,0.13984252512454987,0.13937512040138245,0.1393883377313614,2221184
2026-01-13 09:45:00+00:00,0.1393972635269165,0.13960705697536469,0.13935598731040955,0.13951674103736877,5631232
2026-01-13 10:00:00+00:00,0.13953949511051178,0.13993443548679352,0.13953949511051178,0.1398898959159851,908032
2026-01-13 10:15:00+00:00,0.1398649364709854,0.1398649364709854,0.13956642150878906,0.13956642150878906,1987968
2026-01-13 10:30:00+00:00,0.13956241309642792,0.13957132399082184,0.13938507437705994,0.13938507437705994,210816
2026-01-13 10:45:00+00:00,0.1393788456916809,0.1393788456916809,0.13924744725227356,0.13928505778312683,1919232
2026-01-13 11:00:00+00:00,0.13928480446338654,0.13928480446338654,0.1389673799276352,0.1389673799276352,3783936
2026-01-13 11:15:00+00:00,0.13896436989307404,0.13902825117111206,0.13892360031604767,0.13902369141578674,5725312
2026-01-13 11:30:00+00:00,0.1390187293291092,0.1391640454530716,0.13898900151252747,0.13912394642829895,186880
2026-01-13 11:45:00+00:00,0.13910208642482758,0.13910208642482758,0.1389099806547165,0.13904248178005219,6329088
2026-01-13 12:00:00+00:00,0.13897758722305298,0.13898850977420807,0.1388174444437027,0.1388968676328659,0
2026-01-13 12:15:00+00:00,0.1388181447982788,0.13910257816314697,0.1388181447982788,0.1390973925590515,0
2026-01-13 12:30:00+00:00,0.13909216225147247,0.13938695192337036,0.13909216225147247,0.13938695192337036,464896
2026-01-13 12:45:00+00:00,0.13938352465629578,0.1394275575876236,0.1392938494682312,0.13935504853725433,1760256
2026-01-13 13:00:00+00:00,0.1393599659204483,0.1393599659204483,0.13927142322063446,0.13930118083953857,0
2026-01-13 13:15:00+00:00,0.1392955183982849,0.13932479918003082,0.13924404978752136,0.13930962979793549,0
2026-01-13 13:30:00+00:00,0.13975444436073303,0.14013142883777618,0.13954325020313263,0.13967204093933105,51122176
2026-01-13 13:45:00+00:00,0.13968276977539062,0.13975980877876282,0.13958582282066345,0.13958582282066345,6400256
2026-01-13 14:00:00+00:00,0.13954207301139832,0.1396050900220871,0.13923007249832153,0.1396050900220871,3312000
2026-01-13 14:15:00+00:00,0.13959604501724243,0.14024710655212402,0.13959604501724243,0.14024710655212402,0
2026-01-13 14:30:00+00:00,0.14026226103305817,0.1414954662322998,0.14026226103305817,0.14148566126823425,10051968
2026-01-13 14:45:00+00:00,0.14147549867630005,0.14147549867630005,0.1403789520263672,0.1403789520263672,18485120
2026-01-13 15:00:00+00:00,0.14037887752056122,0.14037887752056122,0.13992588222026825,0.14015336334705353,2561792
2026-01-13 15:15:00+00:00,0.14020304381847382,0.14020304381847382,0.13951759040355682,0.13977931439876556,0
2026-01-13 15:30:00+00:00,0.13977421820163727,0.14138978719711304,0.13977421820163727,0.14138978719711304,12756864
2026-01-13 15:45:00+00:00,0.1413998007774353,0.14194701611995697,0.14110998809337616,0.14194701611995697,9580544
2026-01-13 16:00:00+00:00,0.142142653465271,0.14263685047626495,0.142142653465271,0.14248855412006378,21367552
2026-01-13 16:15:00+00:00,0.14250819385051727,0.14274491369724274,0.14221911132335663,0.1423605978488922,14727552
2026-01-13 16:30:00+00:00,0.1423802226781845,0.14300331473350525,0.14232851564884186,0.14291466772556305,18537728
2026-01-13 16:45:00+00:00,0.14289303123950958,0.14323265850543976,0.14289303123950958,0.14301860332489014,7874176
2026-01-13 17:00:00+00:00,0.1430017650127411,0.1430017650127411,0.14249716699123383,0.14249716699123383,594688
2026-01-13 17:15:00+00:00,0.1425095647573471,0.14260029792785645,0.14216582477092743,0.14260029792785645,1873408
2026-01-13 17:30:00+00:00,0.14260034263134003,0.14264944195747375,0.14209163188934326,0.14212948083877563,334080
2026-01-13 17:45:00+00:00,0.14211149513721466,0.14229322969913483,0.14211149513721466,0.142190083861351,362752
2026-01-13 18:00:00+00:00,0.1422189474105835,0.14299705624580383,0.1422189474105835,0.14299705624580383,5159808
2026-01-13 18:15:00+00:00,0.143000990152359,0.14349518716335297,0.143000990152359,0.14327098429203033,11616000
2026-01-13 18:30:00+00:00,0.1432562917470932,0.1432562917470932,0.14306706190109253,0.14308127760887146,4207232
2026-01-13 18:45:00+00:00,0.1430983990430832,0.14335714280605316,0.14301519095897675,0.14303961396217346,7076096
2026-01-13 19:00:00+00:00,0.1430456042289734,0.1432620733976364,0.1430456042289734,0.1432620733976364,3504128
2026-01-13 19:15:00+00:00,0.14323902130126953,0.1433967649936676,0.14313861727714539,0.1433967649936676,3625472
2026-01-13 19:30:00+00:00,0.14339523017406464,0.1437608301639557,0.14339523017406464,0.14369605481624603,14648448
2026-01-13 19:45:00+00:00,0.14369891583919525,0.1443331241607666,0.14369891583919525,0.1443277895450592,14018944
2026-01-13 20:00:00+00:00,0.14441075921058655,0.1448538899421692,0.14441075921058655,0.1448538899421692,16428672
2026-01-13 20:15:00+00:00,0.14484520256519318,0.14485424757003784,0.14439573884010315,0.144405797123909,13543552
2026-01-13 20:30:00+00:00,0.14431580901145935,0.14431580901145935,0.1436113566160202,0.14361627399921417,14550272
2026-01-13 20:45:00+00:00,0.14364759624004364,0.14386671781539917,0.14364759624004364,0.14383555948734283,6919936
2026-01-13 21:00:00+00:00,0.1438640058040619,0.14434312283992767,0.1438640058040619,0.14420071244239807,7189120
2026-01-13 21:15:00+00:00,0.14421595633029938,0.14465267956256866,0.14420662820339203,0.14455971121788025,9275136
2026-01-13 21:30:00+00:00,0.14455708861351013,0.14455708861351013,0.14438264071941376,0.14438477158546448,3805824
2026-01-13 21:45:00+00:00,0.14438514411449432,0.14463678002357483,0.14438514411449432,0.1446254551410675,0
2026-01-13 22:00:00+00:00,0.14457039535045624,0.14826837182044983,0.14455820620059967,0.14819824695587158,112787328
2026-01-13 22:15:00+00:00,0.1484001725912094,0.14979670941829681,0.14837822318077087,0.14976300299167633,89027968
2026-01-13 22:30:00+00:00,0.14951063692569733,0.14951063692569733,0.14885041117668152,0.14934223890304565,44536704
2026-01-13 22:45:00+00:00,0.14934131503105164,0.1498299241065979,0.14934131503105164,0.14950406551361084,33379584
2026-01-13 23:00:00+00:00,0.14951542019844055,0.15013116598129272,0.14951542019844055,0.14990796148777008,37807232
2026-01-13 23:15:00+00:00,0.14992134273052216,0.14996963739395142,0.14899329841136932,0.14899329841136932,27022720
2026-01-13 23:30:00+00:00,0.14899422228336334,0.14899422228336334,0.1480371505022049,0.1480371505022049,29132160
2026-01-13 23:45:00+00:00,0.14795254170894623,0.1480954885482788,0.14757689833641052,0.1480954885482788,27328640
2026-01-14 00:00:00+00:00,0.14809542894363403,0.1484634280204773,0.14809542894363403,0.14833416044712067,2614016
2026-01-14 00:15:00+00:00,0.14831680059432983,0.1489471048116684,0.14819739758968353,0.14887863397598267,18672384
2026-01-14 00:30:00+00:00,0.14888982474803925,0.14888982474803925,0.14796683192253113,0.14819230139255524,12606080
2026-01-14 00:45:00+00:00,0.148187518119812,0.14836619794368744,0.1481483429670334,0.14836619794368744,11997824
2026-01-14 01:00:00+00:00,0.1482003927230835,0.1483498215675354,0.14793351292610168,0.1483498215675354,17450240
2026-01-14 01:15:00+00:00,0.14834707975387573,0.1484307199716568,0.14825356006622314,0.14825356006622314,7311872
2026-01-14 01:30:00+00:00,0.14824092388153076,0.14824092388153076,0.14739032089710236,0.14739032089710236,7274112
2026-01-14 01:45:00+00:00,0.1474251002073288,0.14751744270324707,0.147267147898674,0.14751744270324707,9441280
2026-01-14 02:00:00+00:00,0.14755305647850037,0.14810705184936523,0.14741678535938263,0.14810705184936523,11604864
2026-01-14 02:15:00+00:00,0.1481328308582306,0.1484077274799347,0.1481328308582306,0.14827360212802887,11699072
2026-01-14 02:30:00+00:00,0.14833253622055054,0.14838646352291107,0.14833253622055054,0.1483389288187027,9546496
2026-01-14 02:45:00+00:00,0.1483597755432129,0.14846724271774292,0.147932767868042,0.1480068862438202,10195200
2026-01-14 03:00:00+00:00,0.14802996814250946,0.1482350081205368,0.14802996814250946,0.1482350081205368,5190656
2026-01-14 03:15:00+00:00,0.14824461936950684,0.14854773879051208,0.14824461936950684,0.1484464704990387,5924480
2026-01-14 03:30:00+00:00,0.14844462275505066,0.14920911192893982,0.14844462275505066,0.14919912815093994,19124736
2026-01-14 03:45:00+00:00,0.14919541776180267,0.1493302583694458,0.14916656911373138,0.1493302583694458,13367680
2026-01-14 04:00:00+00:00,0.14944034814834595,0.14945732057094574,0.1487332284450531,0.14874206483364105,14090880
2026-01-14 04:15:00+00:00,0.14874164760112762,0.1491040587425232,0.14874164760112762,0.1490967571735382,2761984
2026-01-14 04:30:00+00:00,0.14908309280872345,0.14908309280872345,0.14862178266048431,0.14862178266048431,7146752
2026-01-14 04:45:00+00:00,0.1486143320798874,0.14864115417003632,0.14845238626003265,0.1484704613685608,12444928
2026-01-14 05:00:00+00:00,0.14847421646118164,0.14847421646118164,0.14810578525066376,0.14810578525066376,1744000
2026-01-14 05:15:00+00:00,0.14810332655906677,0.1482541263103485,0.1477908343076706,0.1477908343076706,66816
2026-01-14 05:30:00+00:00,0.14775805175304413,0.14783863723278046,0.14764943718910217,0.14772355556488037,934528
2026-01-14 05:45:00+00:00,0.14769907295703888,0.14769907295703888,0.14755932986736298,0.1476503610610962,4617856
2026-01-14 06:00:00+00:00,0.14764836430549622,0.14764836430549622,0.146993950009346,0.1473022848367691,10137472
2026-01-14 06:15:00+00:00,0.14730599522590637,0.14743001759052277,0.1472344547510147,0.1472344547510147,3721728
2026-01-14 06:30:00+00:00,0.14723528921604156,0.14747795462608337,0.1470213681459427,0.14747795462608337,4099968
2026-01-14 06:45:00+00:00,0.14747489988803864,0.14814311265945435,0.14747489988803864,0.148143008351326,1113856
2026-01-14 07:00:00+00:00,0.1481364667415619,0.148574098944664,0.14808790385723114,0.1485034078359604,1464960
2026-01-14 07:15:00+00:00,0.14849533140659332,0.14849533140659332,0.1482224464416504,0.1482224464416504,3935360
2026-01-14 07:30:00+00:00,0.1482139676809311,0.1482139676809311,0.14804992079734802,0.14817094802856445,8540928
2026-01-14 07:45:00+00:00,0.14818617701530457,0.14838187396526337,0.14818617701530457,0.14834994077682495,4043264
2026-01-14 08:00:00+00:00,0.14836235344409943,0.14848212897777557,0.14833150804042816,0.14848212897777557,0
2026-01-14 08:15:00+00:00,0.1484832465648651,0.14857718348503113,0.14838077127933502,0.14838077127933502,3548160
2026-01-14 08:30:00+00:00,0.14838431775569916,0.14838431775569916,0.14793457090854645,0.14793457090854645,363648
2026-01-14 08:45:00+00:00,0.14792881906032562,0.1479441225528717,0.1478853076696396,0.14790309965610504,0
2026-01-14 09:00:00+00:00,0.14789652824401855,0.14813759922981262,0.14786161482334137,0.14813759922981262,1226496
2026-01-14 09:15:00+00:00,0.14818716049194336,0.1483784019947052,0.14818716049194336,0.14836743474006653,1756416
2026-01-14 09:30:00+00:00,0.14834460616111755,0.14837999641895294,0.14819221198558807,0.14819221198558807,0
2026-01-14 09:45:00+00:00,0.1482040137052536,0.1482931673526764,0.14815962314605713,0.14822299778461456,0
2026-01-14 10:00:00+00:00,0.14821770787239075,0.14821770787239075,0.1480722725391388,0.14816246926784515,0
2026-01-14 10:15:00+00:00,0.14815419912338257,0.14815419912338257,0.1472058892250061,0.1472058892250061,8598016
2026-01-14 10:30:00+00:00,0.14722251892089844,0.14752072095870972,0.1471528559923172,0.14752072095870972,8116480
2026-01-14 10:45:00+00:00,0.14751100540161133,0.14760534465312958,0.1474078893661499,0.1474078893661499,0
2026-01-14 11:00:00+00:00,0.14729200303554535,0.14729200303554535,0.14675432443618774,0.14676381647586823,2152192
2026-01-14 11:15:00+00:00,0.14676617085933685,0.1468014270067215,0.14666429162025452,0.1468014270067215,2544768
2026-01-14 11:30:00+00:00,0.14679230749607086,0.14679230749607086,0.146498441696167,0.146498441696167,2250752
2026-01-14 11:45:00+00:00,0.1465006023645401,0.1465006023645401,0.14592765271663666,0.14592765271663666,6854784
2026-01-14 12:00:00+00:00,0.14594192802906036,0.14640136063098907,0.14588932693004608,0.1464000940322876,11807232
2026-01-14 12:15:00+00:00,0.1464150846004486,0.1466606706380844,0.1463487595319748,0.1466606706380844,7071616
2026-01-14 12:30:00+00:00,0.14665772020816803,0.14665772020816803,0.1464863270521164,0.14660713076591492,3636608
2026-01-14 12:45:00+00:00,0.14658616483211517,0.1466202586889267,0.14654852449893951,0.1466035693883896,444160
2026-01-14 13:00:00+00:00,0.14659830927848816,0.14659830927848816,0.14617054164409637,0.1463863104581833,0
2026-01-14 13:15:00+00:00,0.14636611938476562,0.14669428765773773,0.14636611938476562,0.14669428765773773,5481728
2026-01-14 13:30:00+00:00,0.14669017493724823,0.14669017493724823,0.14627626538276672,0.14631150662899017,0
2026-01-14 13:45:00+00:00,0.1462530791759491,0.1462530791759491,0.14566774666309357,0.14567895233631134,1975040
2026-01-14 14:00:00+00:00,0.14567916095256805,0.14657245576381683,0.14567916095256805,0.146569162607193,4359296
2026-01-14 14:15:00+00:00,0.14656959474086761,0.1466474086046219,0.1464250534772873,0.1465921401977539,11366400
2026-01-14 14:30:00+00:00,0.14659740030765533,0.14734920859336853,0.14654390513896942,0.14734920859336853,0
2026-01-14 14:45:00+00:00,0.1473255604505539,0.14922325313091278,0.1473255604505539,0.14850904047489166,46743936
2026-01-14 15:00:00+00:00,0.1484927386045456,0.1487037092447281,0.14770711958408356,0.1486997753381729,20265344
2026-01-14 15:15:00+00:00,0.14876703917980194,0.149566188454628,0.14876703917980194,0.14951954782009125,31603456
2026-01-14 15:30:00+00:00,0.1494528204202652,0.1494528204202652,0.1480940580368042,0.1480940580368042,5095040
2026-01-14 15:45:00+00:00,0.14812345802783966,0.14871373772621155,0.14812345802783966,0.14871373772621155,3999360
2026-01-14 16:00:00+00:00,0.14873190224170685,0.14982318878173828,0.14873190224170685,0.14982318878173828,14133248
2026-01-14 16:15:00+00:00,0.14983943104743958,0.15051554143428802,0.14983943104743958,0.150064617395401,14747264
2026-01-14 16:30:00+00:00,0.15009762346744537,0.15095406770706177,0.14962643384933472,0.15029993653297424,9895680
2026-01-14 16:45:00+00:00,0.15030203759670258,0.15045006573200226,0.149710014462471,0.1497139185667038,12063744
2026-01-14 17:00:00+00:00,0.1497407853603363,0.15022192895412445,0.1497083455324173,0.15022192895412445,5223424
2026-01-14 17:15:00+00:00,0.15021955966949463,0.1502280980348587,0.1497439444065094,0.1497439444065094,2183680
2026-01-14 17:30:00+00:00,0.14972880482673645,0.14972880482673645,0.14809869229793549,0.14859500527381897,15900544
2026-01-14 17:45:00+00:00,0.14859123528003693,0.14876320958137512,0.148018479347229,0.14801929891109467,12290432
2026-01-14 18:00:00+00:00,0.14802825450897217,0.14848263561725616,0.1479133516550064,0.1483580619096756,361472
2026-01-14 18:15:00+00:00,0.14834296703338623,0.14834296703338623,0.14799471199512482,0.14827223122119904,3262208
2026-01-14 18:30:00+00:00,0.14830832183361053,0.14858753979206085,0.1466941237449646,0.14673811197280884,16236160
2026-01-14 18:45:00+00:00,0.14668060839176178,0.147806316614151,0.1464625597000122,0.14778859913349152,11780864
2026-01-14 19:00:00+00:00,0.1477680653333664,0.14783325791358948,0.14749442040920258,0.14780911803245544,9364480
2026-01-14 19:15:00+00:00,0.14785875380039215,0.14835761487483978,0.14785875380039215,0.14835761487483978,14479232
2026-01-14 19:30:00+00:00,0.14851748943328857,0.14889316260814667,0.14842942357063293,0.14860126376152039,17604352
2026-01-14 19:45:00+00:00,0.14859101176261902,0.14859101176261902,0.14790880680084229,0.14790880680084229,3800832
2026-01-14 20:00:00+00:00,0.14791357517242432,0.14879567921161652,0.14787311851978302,0.14879567921161652,483584
2026-01-14 20:15:00+00:00,0.1487879455089569,0.1487879455089569,0.14776627719402313,0.14776627719402313,1224448
2026-01-14 20:30:00+00:00,0.14776261150836945,0.14776261150836945,0.147462397813797,0.14750154316425323,6206976
2026-01-14 20:45:00+00:00,0.14747931063175201,0.14747931063175201,0.14698448777198792,0.14713910222053528,7330816
2026-01-14 21:00:00+00:00,0.14715616405010223,0.14760297536849976,0.14715616405010223,0.1473955363035202,597248
2026-01-14 21:15:00+00:00,0.14734800159931183,0.14753469824790955,0.14718522131443024,0.14752772450447083,0
2026-01-14 21:30:00+00:00,0.14753887057304382,0.14769746363162994,0.14751815795898438,0.14751815795898438,355072
2026-01-14 21:45:00+00:00,0.14751926064491272,0.14751926064491272,0.1471051573753357,0.14713148772716522,3471616
2026-01-14 22:00:00+00:00,0.14723534882068634,0.1474217176437378,0.14714941382408142,0.14740221202373505,0
2026-01-14 22:15:00+00:00,0.14739829301834106,0.14750000834465027,0.1473073661327362,0.1473073661327362,0
2026-01-14 22:30:00+00:00,0.14728829264640808,0.14728829264640808,0.14654342830181122,0.14654342830181122,0
2026-01-14 22:45:00+00:00,0.14654012024402618,0.1469564437866211,0.1464781016111374,0.14652223885059357,0
2026-01-14 23:00:00+00:00,0.14654651284217834,0.14754877984523773,0.14654651284217834,0.14754877984523773,0
2026-01-14 23:15:00+00:00,0.14752674102783203,0.14758621156215668,0.147220641374588,0.147220641374588,0
2026-01-14 23:30:00+00:00,0.14720419049263,0.14720419049263,0.14696179330348969,0.147060364484787,0
2026-01-14 23:45:00+00:00,0.1470784991979599,0.14724116027355194,0.1470784991979599,0.14724116027355194,0
2026-01-15 00:00:00+00:00,0.1472228616476059,0.1472228616476059,0.14688357710838318,0.14697901904582977,0
2026-01-15 00:15:00+00:00,0.1469910591840744,0.14707890152931213,0.1467961072921753,0.14681482315063477,0
2026-01-15 00:30:00+00:00,0.1468060314655304,0.1468060314655304,0.14631159603595734,0.14645397663116455,174720
2026-01-15 00:45:00+00:00,0.14645908772945404,0.14645908772945404,0.1456127166748047,0.14561429619789124,15450240
2026-01-15 01:00:00+00:00,0.14564763009548187,0.14633946120738983,0.14564763009548187,0.14615759253501892,0
2026-01-15 01:15:00+00:00,0.14593030512332916,0.14593030512332916,0.14544804394245148,0.1455192267894745,2449792
2026-01-15 01:30:00+00:00,0.14548678696155548,0.14548678696155548,0.14460645616054535,0.14495687186717987,14834304
2026-01-15 01:45:00+00:00,0.14495421946048737,0.14497552812099457,0.14464722573757172,0.14464908838272095,1516288
2026-01-15 02:00:00+00:00,0.14461380243301392,0.14485062658786774,0.14461380243301392,0.1446956843137741,0
2026-01-15 02:15:00+00:00,0.14460256695747375,0.14474746584892273,0.1444453001022339,0.14460036158561707,128768
2026-01-15 02:30:00+00:00,0.14460161328315735,0.14460161328315735,0.14398899674415588,0.14448121190071106,7168768
2026-01-15 02:45:00+00:00,0.14446327090263367,0.14446327090263367,0.14382493495941162,0.14382493495941162,924928
2026-01-15 03:00:00+00:00,0.1438414305448532,0.14403700828552246,0.1438414305448532,0.14402000606060028,737664
2026-01-15 03:15:00+00:00,0.14402617514133453,0.14403203129768372,0.14334988594055176,0.14336885511875153,5077760
2026-01-15 03:30:00+00:00,0.14327599108219147,0.14327599108219147,0.14265629649162292,0.14265629649162292,17040768
2026-01-15 03:45:00+00:00,0.14267301559448242,0.14280521869659424,0.14265398681163788,0.1426614671945572,8704000
2026-01-15 04:00:00+00:00,0.14263243973255157,0.1432068794965744,0.14263243973255157,0.1432068794965744,0
2026-01-15 04:15:00+00:00,0.14320211112499237,0.1432725042104721,0.143071711063385,0.14324399828910828,2096768
2026-01-15 04:30:00+00:00,0.14324042201042175,0.14341185986995697,0.14322204887866974,0.1434100866317749,8938240
2026-01-15 04:45:00+00:00,0.1434028446674347,0.1434955596923828,0.14337198436260223,0.1433722972869873,0
2026-01-15 05:00:00+00:00,0.14336948096752167,0.1435655951499939,0.14336948096752167,0.14354582130908966,919936
2026-01-15 05:15:00+00:00,0.1435084044933319,0.14353622496128082,0.14340996742248535,0.14340996742248535,3337344
2026-01-15 05:30:00+00:00,0.14340753853321075,0.14353805780410767,0.1433505415916443,0.14353670179843903,241664
2026-01-15 05:45:00+00:00,0.14360882341861725,0.14366267621517181,0.14360252022743225,0.14360252022743225,962304
2026-01-15 06:00:00+00:00,0.1435682773590088,0.14365807175636292,0.14344552159309387,0.14344552159309387,0
2026-01-15 06:15:00+00:00,0.1434457153081894,0.14357297122478485,0.1434127241373062,0.1434127241373062,2437120
2026-01-15 06:30:00+00:00,0.1434042602777481,0.1434042602777481,0.14297187328338623,0.14300817251205444,562688
2026-01-15 06:45:00+00:00,0.1429978907108307,0.14316444098949432,0.14294013381004333,0.14316444098949432,0
2026-01-15 07:00:00+00:00,0.14315909147262573,0.1433447301387787,0.14307408034801483,0.14331741631031036,0
2026-01-15 07:15:00+00:00,0.14331534504890442,0.14362521469593048,0.14331534504890442,0.14358988404273987,3152128
2026-01-15 07:30:00+00:00,0.14359605312347412,0.1442151516675949,0.14359605312347412,0.14420683681964874,10260224
2026-01-15 07:45:00+00:00,0.14419518411159515,0.14427068829536438,0.1440424919128418,0.14405329525470734,10120320
2026-01-15 08:00:00+00:00,0.1440880298614502,0.14409297704696655,0.14374010264873505,0.14374010264873505,5154304
2026-01-15 08:15:00+00:00,0.14374729990959167,0.14380939304828644,0.14367154240608215,0.14368873834609985,1512832
2026-01-15 08:30:00+00:00,0.14361177384853363,0.14383001625537872,0.1435990333557129,0.14383001625537872,2856704
2026-01-15 08:45:00+00:00,0.14391233026981354,0.14409232139587402,0.14391233026981354,0.14409169554710388,8082304
2026-01-15 09:00:00+00:00,0.144095778465271,0.144095778465271,0.1437312811613083,0.143731489777565,6219648
2026-01-15 09:15:00+00:00,0.14373263716697693,0.14394396543502808,0.14358404278755188,0.14394396543502808,8013184
2026-01-15 09:30:00+00:00,0.14401309192180634,0.14473296701908112,0.14397701621055603,0.14473296701908112,29093760
2026-01-15 09:45:00+00:00,0.1447772979736328,0.14491185545921326,0.1447208970785141,0.14472872018814087,23031936
2026-01-15 10:00:00+00:00,0.14471334218978882,0.14471334218978882,0.14424824714660645,0.14424824714660645,3575552
2026-01-15 10:15:00+00:00,0.14423918724060059,0.14433692395687103,0.1441224217414856,0.1441224217414856,0
2026-01-15 10:30:00+00:00,0.14411193132400513,0.14411193132400513,0.14390425384044647,0.14390921592712402,0
2026-01-15 10:45:00+00:00,0.14391720294952393,0.14401213824748993,0.14391720294952393,0.1440119743347168,705152
2026-01-15 11:00:00+00:00,0.14400924742221832,0.14409969747066498,0.14396050572395325,0.14404097199440002,0
2026-01-15 11:15:00+00:00,0.14404743909835815,0.1440979242324829,0.14398270845413208,0.1440979242324829,0
2026-01-15 11:30:00+00:00,0.14410431683063507,0.1441667526960373,0.14366114139556885,0.14366300404071808,272256
2026-01-15 11:45:00+00:00,0.14366649091243744,0.14370402693748474,0.14352402091026306,0.14356116950511932,442880
2026-01-15 12:00:00+00:00,0.1435604691505432,0.14399300515651703,0.14355674386024475,0.14399300515651703,0
2026-01-15 12:15:00+00:00,0.14399847388267517,0.14399847388267517,0.14368778467178345,0.14375707507133484,853376
2026-01-15 12:30:00+00:00,0.14375296235084534,0.14385591447353363,0.1437506228685379,0.1438550502061844,0
2026-01-15 12:45:00+00:00,0.14385759830474854,0.14416642487049103,0.143846794962883,0.14416642487049103,2542208
2026-01-15 13:00:00+00:00,0.14418858289718628,0.14423464238643646,0.1441207081079483,0.14415398240089417,284160
2026-01-15 13:15:00+00:00,0.1441451907157898,0.14454427361488342,0.1441451907157898,0.14453603327274323,1402624
2026-01-15 13:30:00+00:00,0.1445406824350357,0.1445406824350357,0.14418888092041016,0.14422473311424255,3172480
2026-01-15 13:45:00+00:00,0.14424647390842438,0.1446618288755417,0.14424647390842438,0.14455030858516693,1793152
2026-01-15 14:00:00+00:00,0.14454443752765656,0.14477156102657318,0.14450889825820923,0.1447710394859314,0
2026-01-15 14:15:00+00:00,0.14477033913135529,0.14477033913135529,0.14429472386837006,0.14433272182941437,0
2026-01-15 14:30:00+00:00,0.1442989856004715,0.1442989856004715,0.1427730768918991,0.1427730768918991,5362944
2026-01-15 14:45:00+00:00,0.14265738427639008,0.14316806197166443,0.14242684841156006,0.14290519058704376,5246336
2026-01-15 15:00:00+00:00,0.14291159808635712,0.14291159808635712,0.14264154434204102,0.14284414052963257,0
2026-01-15 15:15:00+00:00,0.142803356051445,0.14284971356391907,0.1419384777545929,0.1419384777545929,0
2026-01-15 15:30:00+00:00,0.1418968141078949,0.14200665056705475,0.14125967025756836,0.14132796227931976,847616
2026-01-15 15:45:00+00:00,0.14131325483322144,0.1413808912038803,0.14052137732505798,0.1412082463502884,26076928
2026-01-15 16:00:00+00:00,0.14123106002807617,0.14164453744888306,0.14123106002807617,0.1415109932422638,203008
2026-01-15 16:15:00+00:00,0.14147131145000458,0.1418427675962448,0.14145052433013916,0.14145052433013916,6418432
2026-01-15 16:30:00+00:00,0.1413944512605667,0.14158062636852264,0.14109453558921814,0.14158062636852264,16185856
2026-01-15 16:45:00+00:00,0.14157608151435852,0.14171382784843445,0.14157143235206604,0.14170050621032715,15543552
2026-01-15 17:00:00+00:00,0.14167973399162292,0.14181457459926605,0.1414443701505661,0.1414443701505661,0
2026-01-15 17:15:00+00:00,0.14140617847442627,0.14140617847442627,0.14128534495830536,0.14138732850551605,510464
2026-01-15 17:30:00+00:00,0.14141935110092163,0.1420162171125412,0.14141935110092163,0.14200371503829956,0
2026-01-15 17:45:00+00:00,0.14198152720928192,0.14199408888816833,0.14088083803653717,0.14088083803653717,459520
2026-01-15 18:00:00+00:00,0.14084073901176453,0.14110177755355835,0.1406451016664505,0.14064891636371613,3725440
2026-01-15 18:15:00+00:00,0.1405598521232605,0.14062075316905975,0.1403387188911438,0.14062075316905975,233216
2026-01-15 18:30:00+00:00,0.14061163365840912,0.1406879872083664,0.14002887904644012,0.14002887904644012,910592
2026-01-15 18:45:00+00:00,0.14015306532382965,0.14041206240653992,0.14007499814033508,0.14019399881362915,79744
2026-01-15 19:00:00+00:00,0.14020073413848877,0.14020073413848877,0.13968715071678162,0.1398809403181076,0
2026-01-15 19:15:00+00:00,0.13987243175506592,0.1401735544204712,0.13961908221244812,0.13961908221244812,0
2026-01-15 19:30:00+00:00,0.13961520791053772,0.1398037225008011,0.13928915560245514,0.1393711119890213,0
2026-01-15 19:45:00+00:00,0.13937455415725708,0.1399422138929367,0.13937455415725708,0.13988536596298218,0
2026-01-15 20:00:00+00:00,0.13989774882793427,0.1402072161436081,0.13989774882793427,0.14010775089263916,0
2026-01-15 20:15:00+00:00,0.14008526504039764,0.14008526504039764,0.13956275582313538,0.13956275582313538,0
2026-01-15 20:30:00+00:00,0.13950763642787933,0.13953974843025208,0.13924747705459595,0.13924747705459595,638848
2026-01-15 20:45:00+00:00,0.13923709094524384,0.139252707362175,0.1390261948108673,0.1392262578010559,1761024
2026-01-15 21:00:00+00:00,0.13919924199581146,0.1396283507347107,0.13915905356407166,0.13960857689380646,2001280
2026-01-15 21:15:00+00:00,0.13962242007255554,0.13981851935386658,0.13962242007255554,0.13981598615646362,0
2026-01-15 21:30:00+00:00,0.1398126631975174,0.1398126631975174,0.13963353633880615,0.13964690268039703,0
2026-01-15 21:45:00+00:00,0.13964474201202393,0.13982811570167542,0.13958849012851715,0.13959099352359772,0
2026-01-15 22:00:00+00:00,0.13960140943527222,0.13979262113571167,0.13960140943527222,0.13975000381469727,0
2026-01-15 22:15:00+00:00,0.13977499306201935,0.14000575244426727,0.1397365927696228,0.14000344276428223,0
2026-01-15 22:30:00+00:00,0.14005695283412933,0.1401684433221817,0.14004875719547272,0.14016622304916382,0
2026-01-15 22:45:00+00:00,0.14016182720661163,0.14016182720661163,0.14005638659000397,0.14005638659000397,0
2026-01-15 23:00:00+00:00,0.14006191492080688,0.14006605744361877,0.1398485153913498,0.13985921442508698,0
2026-01-15 23:15:00+00:00,0.13990098237991333,0.1402031034231186,0.13990098237991333,0.14013661444187164,0
2026-01-15 23:30:00+00:00,0.14013108611106873,0.14013108611106873,0.13982710242271423,0.13983771204948425,0
2026-01-15 23:45:00+00:00,0.13983923196792603,0.14001186192035675,0.13983923196792603,0.13999828696250916,817664
2026-01-16 00:00:00+00:00,0.13999658823013306,0.14002276957035065,0.13995134830474854,0.13995449244976044,0
2026-01-16 00:15:00+00:00,0.1399221420288086,0.14014843106269836,0.1399221420288086,0.14014843106269836,82304
2026-01-16 00:30:00+00:00,0.1401555836200714,0.1402895301580429,0.1401555836200714,0.1402750462293625,0
2026-01-16 00:45:00+00:00,0.14027881622314453,0.14031150937080383,0.14009499549865723,0.14009499549865723,0
2026-01-16 01:00:00+00:00,0.1401011198759079,0.1401011198759079,0.13971441984176636,0.13971863687038422,1545216
2026-01-16 01:15:00+00:00,0.13972249627113342,0.13985410332679749,0.13972249627113342,0.1397733986377716,0
2026-01-16 01:30:00+00:00,0.13978636264801025,0.14019738137722015,0.13978636264801025,0.1401372104883194,0
2026-01-16 01:45:00+00:00,0.140128955245018,0.14015857875347137,0.14008554816246033,0.1401151418685913,0
2026-01-16 02:00:00+00:00,0.14011552929878235,0.14011552929878235,0.13934805989265442,0.1393519639968872,9400064
2026-01-16 02:15:00+00:00,0.13935214281082153,0.13949401676654816,0.13922134041786194,0.13949401676654816,2331136
2026-01-16 02:30:00+00:00,0.13951434195041656,0.1397828608751297,0.13951434195041656,0.13969352841377258,0
2026-01-16 02:45:00+00:00,0.13969451189041138,0.1400381624698639,0.13969053328037262,0.1400381624698639,2034688
2026-01-16 03:00:00+00:00,0.140053391456604,0.1401825249195099,0.140053391456604,0.1401563584804535,0
2026-01-16 03:15:00+00:00,0.14015740156173706,0.14015740156173706,0.13987797498703003,0.13987797498703003,0
2026-01-16 03:30:00+00:00,0.1398821324110031,0.1398821324110031,0.13954520225524902,0.13955265283584595,0
2026-01-16 03:45:00+00:00,0.13954849541187286,0.13954849541187286,0.13936811685562134,0.13936923444271088,0
2026-01-16 04:00:00+00:00,0.13936935365200043,0.13941116631031036,0.13934281468391418,0.13938863575458527,0
2026-01-16 04:15:00+00:00,0.13942557573318481,0.1396273970603943,0.13942557573318481,0.1396273970603943,0
2026-01-16 04:30:00+00:00,0.139587864279747,0.139587864279747,0.13902899622917175,0.13907970488071442,6535808
2026-01-16 04:45:00+00:00,0.1390763372182846,0.13909751176834106,0.13861308991909027,0.13861308991909027,7814144
2026-01-16 05:00:00+00:00,0.13871358335018158,0.13934370875358582,0.13871358335018158,0.13934370875358582,0
2026-01-16 05:15:00+00:00,0.13934509456157684,0.13935969769954681,0.13926644623279572,0.13926644623279572,350080
2026-01-16 05:30:00+00:00,0.13933302462100983,0.13986939191818237,0.13933302462100983,0.13986939191818237,3243776
2026-01-16 05:45:00+00:00,0.13985881209373474,0.13998566567897797,0.13985881209373474,0.13993853330612183,1585920
2026-01-16 06:00:00+00:00,0.1399429589509964,0.1400335133075714,0.13989178836345673,0.13990430533885956,0
2026-01-16 06:15:00+00:00,0.13990922272205353,0.14012223482131958,0.13990922272205353,0.14012223482131958,0
2026-01-16 06:30:00+00:00,0.14012464880943298,0.14018867909908295,0.14012464880943298,0.14018867909908295,0
2026-01-16 06:45:00+00:00,0.1402011513710022,0.1402256041765213,0.14016711711883545,0.14016711711883545,0
2026-01-16 07:00:00+00:00,0.14017754793167114,0.14018099009990692,0.14011439681053162,0.14018099009990692,0
2026-01-16 07:15:00+00:00,0.14018528163433075,0.1402064859867096,0.140146866440773,0.140146866440773,0
2026-01-16 07:30:00+00:00,0.14000259339809418,0.14001813530921936,0.13977757096290588,0.13977757096290588,0
2026-01-16 07:45:00+00:00,0.1397734433412552,0.13989688456058502,0.13971514999866486,0.13989688456058502,0
2026-01-16 08:00:00+00:00,0.1399010866880417,0.14009839296340942,0.13989897072315216,0.14009839296340942,0
2026-01-16 08:15:00+00:00,0.1400909125804901,0.14009961485862732,0.1399984061717987,0.14003349840641022,0
2026-01-16 08:30:00+00:00,0.14003722369670868,0.14015339314937592,0.14003722369670868,0.14015339314937592,0
2026-01-16 08:45:00+00:00,0.1401582509279251,0.14018522202968597,0.1399897187948227,0.1399897187948227,0
2026-01-16 09:00:00+00:00,0.1399485319852829,0.14000174403190613,0.13990528881549835,0.13991302251815796,0
2026-01-16 09:15:00+00:00,0.13991156220436096,0.13991156220436096,0.1396188735961914,0.13963405787944794,0
2026-01-16 09:30:00+00:00,0.13968095183372498,0.13968095183372498,0.13953299820423126,0.1395799219608307,0
2026-01-16 09:45:00+00:00,0.13958552479743958,0.13959743082523346,0.139475479722023,0.139475479722023,0
2026-01-16 10:00:00+00:00,0.1394779086112976,0.1394779086112976,0.13924668729305267,0.1392834484577179,0
2026-01-16 10:15:00+00:00,0.13927988708019257,0.13927988708019257,0.1390436291694641,0.1390668749809265,0
2026-01-16 10:30:00+00:00,0.1390567570924759,0.1390567570924759,0.13896161317825317,0.13896161317825317,926592
2026-01-16 10:45:00+00:00,0.1389670968055725,0.1390988975763321,0.13895104825496674,0.1389935314655304,1312256
2026-01-16 11:00:00+00:00,0.1389952450990677,0.13910937309265137,0.13876309990882874,0.13876309990882874,31613568
2026-01-16 11:15:00+00:00,0.13873854279518127,0.13873854279518127,0.1380014568567276,0.13800382614135742,134423680
2026-01-16 11:30:00+00:00,0.1380709707736969,0.13821479678153992,0.13801781833171844,0.13801781833171844,28589440
2026-01-16 11:45:00+00:00,0.1379317045211792,0.13799229264259338,0.13736729323863983,0.13791365921497345,92479360
2026-01-16 12:00:00+00:00,0.13792291283607483,0.13793432712554932,0.1375785619020462,0.1376260370016098,52229376
2026-01-16 12:15:00+00:00,0.13763852417469025,0.13790592551231384,0.13763852417469025,0.13790592551231384,4814592
2026-01-16 12:30:00+00:00,0.13790489733219147,0.137947678565979,0.13771846890449524,0.13782064616680145,6322560
2026-01-16 12:45:00+00:00,0.13780249655246735,0.1378616839647293,0.13771793246269226,0.1378593146800995,1383808
2026-01-16 13:00:00+00:00,0.1378660351037979,0.13806794583797455,0.1378660351037979,0.13805387914180756,4611200
2026-01-16 13:15:00+00:00,0.13805122673511505,0.13805122673511505,0.13787615299224854,0.13795322179794312,2128640
2026-01-16 13:30:00+00:00,0.13794994354248047,0.1379503458738327,0.13760489225387573,0.13767188787460327,1397760
2026-01-16 13:45:00+00:00,0.13768567144870758,0.13792575895786285,0.13768567144870758,0.13786108791828156,429184
2026-01-16 14:00:00+00:00,0.1378554254770279,0.13816112279891968,0.1378554254770279,0.1380796879529953,3391488
2026-01-16 14:15:00+00:00,0.13807660341262817,0.13807660341262817,0.1379808932542801,0.13805922865867615,1434112
2026-01-16 14:30:00+00:00,0.13807834684848785,0.13814088702201843,0.13789641857147217,0.13790279626846313,0
2026-01-16 14:45:00+00:00,0.1378631293773651,0.13790664076805115,0.13774429261684418,0.13785050809383392,0
2026-01-16 15:00:00+00:00,0.13783115148544312,0.13809460401535034,0.13770779967308044,0.13806866109371185,0
2026-01-16 15:15:00+00:00,0.13806310296058655,0.13806310296058655,0.1369536966085434,0.1369536966085434,9143424
2026-01-16 15:30:00+00:00,0.13658469915390015,0.13658469915390015,0.13583263754844666,0.13583263754844666,27714176
2026-01-16 15:45:00+00:00,0.1358003169298172,0.13592632114887238,0.13537819683551788,0.13592632114887238,0
2026-01-16 16:00:00+00:00,0.13592837750911713,0.1360349953174591,0.13576658070087433,0.1360074281692505,1077888
2026-01-16 16:15:00+00:00,0.13604626059532166,0.13637572526931763,0.13604626059532166,0.13637572526931763,4324224
2026-01-16 16:30:00+00:00,0.13636648654937744,0.13654080033302307,0.13616524636745453,0.13654080033302307,0
2026-01-16 16:45:00+00:00,0.1365453153848648,0.13666313886642456,0.13637301325798035,0.13637742400169373,190720
2026-01-16 17:00:00+00:00,0.13639289140701294,0.13643144071102142,0.13607405126094818,0.13607405126094818,0
2026-01-16 17:15:00+00:00,0.13610698282718658,0.1362430900335312,0.1360682100057602,0.13612942397594452,0
2026-01-16 17:30:00+00:00,0.1362648904323578,0.13662494719028473,0.1362648904323578,0.13662494719028473,908672
2026-01-16 17:45:00+00:00,0.1366320699453354,0.13683630526065826,0.1366320699453354,0.1367783546447754,0
2026-01-16 18:00:00+00:00,0.13686694204807281,0.1370524913072586,0.13686694204807281,0.13696524500846863,0
2026-01-16 18:15:00+00:00,0.13689883053302765,0.13708771765232086,0.1368984878063202,0.13708727061748505,0
2026-01-16 18:30:00+00:00,0.13710179924964905,0.13721728324890137,0.13708466291427612,0.13710041344165802,0
2026-01-16 18:45:00+00:00,0.13710986077785492,0.13718342781066895,0.13707907497882843,0.13713517785072327,0
2026-01-16 19:00:00+00:00,0.13712172210216522,0.13712172210216522,0.13651612401008606,0.13651612401008606,0
2026-01-16 19:15:00+00:00,0.13650354743003845,0.13663485646247864,0.13640084862709045,0.13662324845790863,0
2026-01-16 19:30:00+00:00,0.1366289108991623,0.1371660977602005,0.1366289108991623,0.1370861679315567,0
2026-01-16 19:45:00+00:00,0.1370776742696762,0.13717035949230194,0.13704489171504974,0.13714370131492615,256
2026-01-16 20:00:00+00:00,0.13714997470378876,0.13714997470378876,0.13639472424983978,0.1364360898733139,5012992
2026-01-16 20:15:00+00:00,0.13647077977657318,0.13692153990268707,0.13647077977657318,0.13692153990268707,3031808
2026-01-16 20:30:00+00:00,0.1369340717792511,0.13732030987739563,0.1369340717792511,0.13732030987739563,0
2026-01-16 20:45:00+00:00,0.13734571635723114,0.1377510279417038,0.13734571635723114,0.1377510279417038,1092992
2026-01-16 21:00:00+00:00,0.13785691559314728,0.1379692703485489,0.1378198266029358,0.13794729113578796,5534336
2026-01-16 21:15:00+00:00,0.13777205348014832,0.13779187202453613,0.13765855133533478,0.13773758709430695,8855168
2026-01-16 21:30:00+00:00,0.13782262802124023,0.13791604340076447,0.13781015574932098,0.13791604340076447,14691712
2026-01-16 21:45:00+00:00,0.1379144936800003,0.13792428374290466,0.13775993883609772,0.13775993883609772,913280
2026-01-16 22:00:00+00:00,0.13775652647018433,0.1377921998500824,0.13751912117004395,0.1377115100622177,5088384
2026-01-16 22:15:00+00:00,0.13760824501514435,0.13779444992542267,0.13760824501514435,0.13772068917751312,2436992
2026-01-16 22:30:00+00:00,0.1376970261335373,0.13772818446159363,0.13757210969924927,0.13757869601249695,0
2026-01-16 22:45:00+00:00,0.13761195540428162,0.1380147933959961,0.13761195540428162,0.1380147933959961,5373824
2026-01-16 23:00:00+00:00,0.1380297690629959,0.13808885216712952,0.1379917412996292,0.13808885216712952,2399104
2026-01-16 23:15:00+00:00,0.13809940218925476,0.13814955949783325,0.13807064294815063,0.13814795017242432,1988992
2026-01-16 23:30:00+00:00,0.13816004991531372,0.1383284628391266,0.13804781436920166,0.13804781436920166,2658816
2026-01-16 23:45:00+00:00,0.1380477100610733,0.13806641101837158,0.13799072802066803,0.1380407065153122,7005568
2026-01-17 00:00:00+00:00,0.1380605548620224,0.13808803260326385,0.1379414200782776,0.13803838193416595,4439040
2026-01-17 00:15:00+00:00,0.1380370855331421,0.13822199404239655,0.1380370855331421,0.13821950554847717,1506432
2026-01-17 00:30:00+00:00,0.1382237672805786,0.1382237672805786,0.13805851340293884,0.13807547092437744,0
2026-01-17 00:45:00+00:00,0.1380801498889923,0.13810299336910248,0.13805601000785828,0.13810299336910248,0
2026-01-17 01:00:00+00:00,0.13810066878795624,0.1382945328950882,0.13810066878795624,0.13828526437282562,0
2026-01-17 01:15:00+00:00,0.13829626142978668,0.13847491145133972,0.13829626142978668,0.13834458589553833,1238400
2026-01-17 01:30:00+00:00,0.1382923573255539,0.1382923573255539,0.13807249069213867,0.13807249069213867,0
2026-01-17 01:45:00+00:00,0.13807085156440735,0.13813680410385132,0.1380380094051361,0.13813680410385132,0
2026-01-17 02:00:00+00:00,0.1381380409002304,0.1381380409002304,0.1377655267715454,0.1377655267715454,5382912
2026-01-17 02:15:00+00:00,0.13775978982448578,0.13775978982448578,0.13749295473098755,0.13749295473098755,0
2026-01-17 02:30:00+00:00,0.13743573427200317,0.13743573427200317,0.1373412013053894,0.13738669455051422,0
2026-01-17 02:45:00+00:00,0.13738463819026947,0.1375708431005478,0.1373516321182251,0.1375708431005478,19840
2026-01-17 03:00:00+00:00,0.1375916749238968,0.1376282274723053,0.1375398188829422,0.13760851323604584,0
2026-01-17 03:15:00+00:00,0.13760660588741302,0.13770346343517303,0.13760660588741302,0.137660413980484,0
2026-01-17 03:30:00+00:00,0.1376591920852661,0.1376591920852661,0.1373443901538849,0.13734722137451172,0
2026-01-17 03:45:00+00:00,0.1373508721590042,0.13742466270923615,0.1373508721590042,0.13742466270923615,0
2026-01-17 04:00:00+00:00,0.1374179720878601,0.1374179720878601,0.1372395157814026,0.13734650611877441,2588672
2026-01-17 04:15:00+00:00,0.13735119998455048,0.1374482363462448,0.13734334707260132,0.1374482363462448,0
2026-01-17 04:30:00+00:00,0.1374705731868744,0.13761773705482483,0.1374705731868744,0.1375146061182022,0
2026-01-17 04:45:00+00:00,0.13751842081546783,0.13773775100708008,0.13751842081546783,0.13773591816425323,0
2026-01-17 05:00:00+00:00,0.1377202719449997,0.1377202719449997,0.13766178488731384,0.1376626044511795,0
2026-01-17 05:15:00+00:00,0.13762761652469635,0.13762761652469635,0.13750901818275452,0.1376064568758011,397056
2026-01-17 05:30:00+00:00,0.13760784268379211,0.13771522045135498,0.13757292926311493,0.13771522045135498,0
2026-01-17 05:45:00+00:00,0.13771700859069824,0.13776499032974243,0.13760098814964294,0.13760098814964294,0
2026-01-17 06:00:00+00:00,0.13759125769138336,0.13759125769138336,0.1374272257089615,0.1374291628599167,0
2026-01-17 06:15:00+00:00,0.1374347060918808,0.1374347060918808,0.13724671304225922,0.1372697651386261,0
2026-01-17 06:30:00+00:00,0.13726100325584412,0.13732603192329407,0.13725177943706512,0.13730916380882263,1579904
2026-01-17 06:45:00+00:00,0.13729168474674225,0.13729168474674225,0.1371467113494873,0.13718119263648987,3578368
2026-01-17 07:00:00+00:00,0.13718000054359436,0.13718000054359436,0.13692981004714966,0.1369849145412445,4652800
2026-01-17 07:15:00+00:00,0.13698403537273407,0.13722184300422668,0.13698403537273407,0.13722184300422668,1693824
2026-01-17 07:30:00+00:00,0.13722528517246246,0.13735197484493256,0.13722528517246246,0.13733887672424316,0
2026-01-17 07:45:00+00:00,0.1373322308063507,0.1373322308063507,0.13722644746303558,0.13724252581596375,0
2026-01-17 08:00:00+00:00,0.13721486926078796,0.13736025989055634,0.13721486926078796,0.13732406497001648,0
2026-01-17 08:15:00+00:00,0.1372961550951004,0.13741299510002136,0.1372961550951004,0.137405127286911,0
2026-01-17 08:30:00+00:00,0.13743434846401215,0.13744783401489258,0.137409046292305,0.13741083443164825,0
2026-01-17 08:45:00+00:00,0.1374133676290512,0.13747195899486542,0.1374133676290512,0.13746225833892822,0
2026-01-17 09:00:00+00:00,0.13745886087417603,0.1374754160642624,0.13742414116859436,0.13742904365062714,10880
2026-01-17 09:15:00+00:00,0.13742594420909882,0.13746550679206848,0.1373482346534729,0.13746550679206848,759808
2026-01-17 09:30:00+00:00,0.13752895593643188,0.13753770291805267,0.13748234510421753,0.13751526176929474,448000
2026-01-17 09:45:00+00:00,0.13752542436122894,0.13758502900600433,0.13730554282665253,0.13730554282665253,3307136
2026-01-17 10:00:00+00:00,0.13724307715892792,0.1374031901359558,0.137201726436615,0.13740259408950806,126848
2026-01-17 10:15:00+00:00,0.13740874826908112,0.13761940598487854,0.13740874826908112,0.1376039832830429,248064
2026-01-17 10:30:00+00:00,0.13760508596897125,0.13761170208454132,0.1374760866165161,0.13748612999916077,0
2026-01-17 10:45:00+00:00,0.13747736811637878,0.13750702142715454,0.13741371035575867,0.13750702142715454,0
2026-01-17 11:00:00+00:00,0.13750848174095154,0.13750848174095154,0.1373939961194992,0.13744883239269257,0
2026-01-17 11:15:00+00:00,0.13745620846748352,0.13772855699062347,0.13745620846748352,0.13772855699062347,0
2026-01-17 11:30:00+00:00,0.13773295283317566,0.13779832422733307,0.1376626193523407,0.1376626193523407,0
2026-01-17 11:45:00+00:00,0.13766197860240936,0.137669637799263,0.13756699860095978,0.137655109167099,0
2026-01-17 12:00:00+00:00,0.13765521347522736,0.13771072030067444,0.13758914172649384,0.13771072030067444,0
2026-01-17 12:15:00+00:00,0.1377168446779251,0.13776706159114838,0.137643501162529,0.1377466320991516,0
2026-01-17 12:30:00+00:00,0.13778869807720184,0.1377943903207779,0.13768023252487183,0.13768023252487183,0
2026-01-17 12:45:00+00:00,0.13768184185028076,0.13768184185028076,0.13755002617835999,0.13755302131175995,414208
2026-01-17 13:00:00+00:00,0.13755790889263153,0.13755790889263153,0.13741563260555267,0.1374715268611908,0
2026-01-17 13:15:00+00:00,0.13747096061706543,0.13760986924171448,0.13747096061706543,0.13754956424236298,0
2026-01-17 13:30:00+00:00,0.1375519037246704,0.1376854032278061,0.13754376769065857,0.1376854032278061,0
2026-01-17 13:45:00+00:00,0.13767513632774353,0.13776734471321106,0.13767513632774353,0.13775022327899933,0
2026-01-17 14:00:00+00:00,0.1377495378255844,0.1377616822719574,0.13765296339988708,0.1376996636390686,0
2026-01-17 14:15:00+00:00,0.13771939277648926,0.13786667585372925,0.13771939277648926,0.13781923055648804,0
2026-01-17 14:30:00+00:00,0.13783113658428192,0.1383967101573944,0.13783113658428192,0.13838696479797363,0
2026-01-17 14:45:00+00:00,0.1383621245622635,0.13842350244522095,0.1382952630519867,0.13842350244522095,0
2026-01-17 15:00:00+00:00,0.13842689990997314,0.13853684067726135,0.13842609524726868,0.13850462436676025,1187840
2026-01-17 15:15:00+00:00,0.1385013461112976,0.13858318328857422,0.1383306235074997,0.1383613497018814,0
2026-01-17 15:30:00+00:00,0.13833442330360413,0.1385808289051056,0.1383323073387146,0.13857604563236237,0
2026-01-17 15:45:00+00:00,0.1385665237903595,0.13950206339359283,0.1385665237903595,0.13950206339359283,14845952
2026-01-17 16:00:00+00:00,0.13946132361888885,0.13974018394947052,0.1394221931695938,0.13945284485816956,8003136
2026-01-17 16:15:00+00:00,0.13942842185497284,0.13942842185497284,0.13867641985416412,0.13867641985416412,2875584
2026-01-17 16:30:00+00:00,0.13880451023578644,0.13881368935108185,0.13855309784412384,0.13861383497714996,796480
2026-01-17 16:45:00+00:00,0.1386161595582962,0.13865584135055542,0.1383962780237198,0.1386546492576599,1413120
2026-01-17 17:00:00+00:00,0.13865473866462708,0.13884323835372925,0.1385565549135208,0.13884283602237701,0
2026-01-17 17:15:00+00:00,0.13885508477687836,0.1390025019645691,0.13885508477687836,0.13892008364200592,0
2026-01-17 17:30:00+00:00,0.13891521096229553,0.13891521096229553,0.13871991634368896,0.13882556557655334,0
2026-01-17 17:45:00+00:00,0.13884997367858887,0.13885106146335602,0.13864018023014069,0.13866190612316132,0
2026-01-17 18:00:00+00:00,0.13868892192840576,0.1387590765953064,0.13862700760364532,0.13864827156066895,0
2026-01-17 18:15:00+00:00,0.13864994049072266,0.1386863738298416,0.1386471539735794,0.13864772021770477,0
2026-01-17 18:30:00+00:00,0.1386411190032959,0.1386411190032959,0.13859444856643677,0.13862445950508118,0
2026-01-17 18:45:00+00:00,0.1386222243309021,0.13862963020801544,0.13859358429908752,0.13862963020801544,0
2026-01-17 19:00:00+00:00,0.1386415958404541,0.1387690305709839,0.1386415958404541,0.13874559104442596,0
2026-01-17 19:15:00+00:00,0.13874614238739014,0.13875390589237213,0.1386559158563614,0.13869599997997284,0
2026-01-17 19:30:00+00:00,0.13869896531105042,0.13876986503601074,0.1386188268661499,0.13876986503601074,0
2026-01-17 19:45:00+00:00,0.13875025510787964,0.13875025510787964,0.13856662809848785,0.1386318951845169,0
2026-01-17 20:00:00+00:00,0.13865932822227478,0.1387031376361847,0.1386156976222992,0.13866135478019714,0
2026-01-17 20:15:00+00:00,0.1386629045009613,0.1389298290014267,0.1386629045009613,0.13884301483631134,0
2026-01-17 20:30:00+00:00,0.13883796334266663,0.13883796334266663,0.1386105716228485,0.13862057030200958,0
2026-01-17 20:45:00+00:00,0.1386163979768753,0.13864916563034058,0.1385864019393921,0.13864916563034058,0
2026-01-17 21:00:00+00:00,0.13864755630493164,0.13864755630493164,0.13854248821735382,0.13854248821735382,0
2026-01-17 21:15:00+00:00,0.13853009045124054,0.13853009045124054,0.13838063180446625,0.13840776681900024,0
2026-01-17 21:30:00+00:00,0.13841235637664795,0.13850148022174835,0.13840045034885406,0.13849708437919617,720960
2026-01-17 21:45:00+00:00,0.1385008543729782,0.13860036432743073,0.1385008543729782,0.13853538036346436,0
2026-01-17 22:00:00+00:00,0.13853655755519867,0.13855871558189392,0.13841405510902405,0.13841405510902405,0
2026-01-17 22:15:00+00:00,0.13829798996448517,0.1383800059556961,0.13826622068881989,0.13826622068881989,0
2026-01-17 22:30:00+00:00,0.1382637768983841,0.1382637768983841,0.13757552206516266,0.13765548169612885,9502208
2026-01-17 22:45:00+00:00,0.13763250410556793,0.1377994567155838,0.1375337541103363,0.13779911398887634,0
2026-01-17 23:00:00+00:00,0.13778144121170044,0.13794094324111938,0.13773633539676666,0.13794094324111938,0
2026-01-17 23:15:00+00:00,0.13794216513633728,0.13795390725135803,0.13776952028274536,0.13776952028274536,232448
2026-01-17 23:30:00+00:00,0.1377595067024231,0.13780099153518677,0.13771018385887146,0.1377897560596466,0
2026-01-17 23:45:00+00:00,0.13779257237911224,0.13779661059379578,0.13775697350502014,0.1377861052751541,0
2026-01-18 00:00:00+00:00,0.13779596984386444,0.13803914189338684,0.13779406249523163,0.1380348652601242,0
2026-01-18 00:15:00+00:00,0.13804030418395996,0.13822400569915771,0.13804030418395996,0.13810938596725464,241024
2026-01-18 00:30:00+00:00,0.13810080289840698,0.13810080289840698,0.13774816691875458,0.13774888217449188,2028928
2026-01-18 00:45:00+00:00,0.13774554431438446,0.13774554431438446,0.13751797378063202,0.13751797378063202,6854016
2026-01-18 01:00:00+00:00,0.13751953840255737,0.13753704726696014,0.13725893199443817,0.1372920572757721,9003392
2026-01-18 01:15:00+00:00,0.1372978538274765,0.13752683997154236,0.1372978538274765,0.137452632188797,4425472
2026-01-18 01:30:00+00:00,0.13745078444480896,0.13745078444480896,0.13727626204490662,0.13727626204490662,318592
2026-01-18 01:45:00+00:00,0.13726593554019928,0.13726593554019928,0.13697198033332825,0.13697253167629242,7784640
2026-01-18 02:00:00+00:00,0.13698066771030426,0.13730129599571228,0.13698066771030426,0.1372678577899933,0
2026-01-18 02:15:00+00:00,0.13726525008678436,0.1372944414615631,0.13708648085594177,0.1370871663093567,739264
2026-01-18 02:30:00+00:00,0.13708245754241943,0.13708245754241943,0.13690297305583954,0.13692507147789001,4807744
2026-01-18 02:45:00+00:00,0.1369272917509079,0.13698193430900574,0.13684843480587006,0.13689741492271423,2320832
2026-01-18 03:00:00+00:00,0.13689947128295898,0.13713856041431427,0.1368931531906128,0.13713856041431427,570816
2026-01-18 03:15:00+00:00,0.13714085519313812,0.1372377872467041,0.13714085519313812,0.1372377872467041,817856
2026-01-18 03:30:00+00:00,0.1372397094964981,0.1375056356191635,0.1372397094964981,0.13747726380825043,214720
2026-01-18 03:45:00+00:00,0.13748367130756378,0.13748577237129211,0.1374126523733139,0.1374126523733139,1098240
2026-01-18 04:00:00+00:00,0.13736554980278015,0.1373681128025055,0.1371670365333557,0.13718773424625397,0
2026-01-18 04:15:00+00:00,0.13719399273395538,0.13725438714027405,0.13718213140964508,0.1372414231300354,81600
2026-01-18 04:30:00+00:00,0.13724543154239655,0.13728033006191254,0.1371871829032898,0.13728022575378418,2717248
2026-01-18 04:45:00+00:00,0.13728049397468567,0.1374228298664093,0.13726772367954254,0.1374228298664093,0
2026-01-18 05:00:00+00:00,0.13742506504058838,0.13742506504058838,0.1372615396976471,0.1372794657945633,53760
2026-01-18 05:15:00+00:00,0.1372816413640976,0.1373237520456314,0.13724014163017273,0.13724051415920258,0
2026-01-18 05:30:00+00:00,0.13723371922969818,0.13723371922969818,0.13708218932151794,0.137200266122818,2412672
2026-01-18 05:45:00+00:00,0.1371982991695404,0.13727301359176636,0.13717816770076752,0.1372225433588028,1570048
2026-01-18 06:00:00+00:00,0.13723021745681763,0.13727568089962006,0.13721252977848053,0.13724008202552795,0
2026-01-18 06:15:00+00:00,0.13724839687347412,0.13724839687347412,0.13707132637500763,0.1370730996131897,0
2026-01-18 06:30:00+00:00,0.13707119226455688,0.13715820014476776,0.13703839480876923,0.13715791702270508,530432
2026-01-18 06:45:00+00:00,0.1371518224477768,0.13722728192806244,0.13714253902435303,0.13719835877418518,0
2026-01-18 07:00:00+00:00,0.13720713555812836,0.13720713555812836,0.13696470856666565,0.13696470856666565,0
2026-01-18 07:15:00+00:00,0.13689595460891724,0.13705690205097198,0.1368691474199295,0.13705690205097198,1728448
2026-01-18 07:30:00+00:00,0.1370544731616974,0.1370544731616974,0.13696721196174622,0.1370326429605484,190144
2026-01-18 07:45:00+00:00,0.13703826069831848,0.13718049228191376,0.13703826069831848,0.13713665306568146,25280
2026-01-18 08:00:00+00:00,0.1371348649263382,0.1371348649263382,0.13694962859153748,0.13695116341114044,0
2026-01-18 08:15:00+00:00,0.1369500756263733,0.1370963305234909,0.13688676059246063,0.1370936930179596,0
2026-01-18 08:30:00+00:00,0.13709163665771484,0.1373138278722763,0.13709163665771484,0.13730677962303162,1112576
2026-01-18 08:45:00+00:00,0.13730496168136597,0.13746502995491028,0.13727912306785583,0.13746502995491028,2403520
2026-01-18 09:00:00+00:00,0.13744214177131653,0.13744214177131653,0.1372886449098587,0.137314110994339,133760
2026-01-18 09:15:00+00:00,0.13730335235595703,0.1373223066329956,0.13724589347839355,0.1372707635164261,0
2026-01-18 09:30:00+00:00,0.13727903366088867,0.13745325803756714,0.13727903366088867,0.13739889860153198,654208
2026-01-18 09:45:00+00:00,0.13739784061908722,0.137480691075325,0.13739784061908722,0.137480691075325,0
2026-01-18 10:00:00+00:00,0.13747850060462952,0.13750392198562622,0.13725823163986206,0.13726328313350677,11108096
2026-01-18 10:15:00+00:00,0.1372627168893814,0.13727228343486786,0.13722722232341766,0.13722722232341766,0
2026-01-18 10:30:00+00:00,0.13722585141658783,0.13722585141658783,0.13713915646076202,0.13718865811824799,0
2026-01-18 10:45:00+00:00,0.13718917965888977,0.13721685111522675,0.13713175058364868,0.13715334236621857,685568
2026-01-18 11:00:00+00:00,0.137153759598732,0.137153759598732,0.1370892971754074,0.1370954066514969,0
2026-01-18 11:15:00+00:00,0.13710632920265198,0.137196883559227,0.13710632920265198,0.1371769905090332,0
2026-01-18 11:30:00+00:00,0.1371404528617859,0.1372348517179489,0.1371404528617859,0.1372348517179489,0
2026-01-18 11:45:00+00:00,0.1372309774160385,0.13727670907974243,0.1371820569038391,0.1371820569038391,0
2026-01-18 12:00:00+00:00,0.1371804028749466,0.1371804028749466,0.13704313337802887,0.13706651329994202,2184640
2026-01-18 12:15:00+00:00,0.13705947995185852,0.1371295154094696,0.13705947995185852,0.1371295154094696,86400
2026-01-18 12:30:00+00:00,0.1372087299823761,0.13731658458709717,0.1371995061635971,0.13731658458709717,177152
2026-01-18 12:45:00+00:00,0.1373187005519867,0.13735975325107574,0.13706563413143158,0.13706645369529724,1736384
2026-01-18 13:00:00+00:00,0.13706573843955994,0.13706573843955994,0.13681858777999878,0.13684219121932983,2963008
2026-01-18 13:15:00+00:00,0.13684655725955963,0.13696017861366272,0.13670697808265686,0.13670697808265686,3944896
2026-01-18 13:30:00+00:00,0.1367044597864151,0.1371292918920517,0.13665547966957092,0.1371292918920517,4058688
2026-01-18 13:45:00+00:00,0.13713249564170837,0.13716179132461548,0.13706371188163757,0.13706371188163757,729152
2026-01-18 14:00:00+00:00,0.13703082501888275,0.13703082501888275,0.1368049681186676,0.1368664801120758,1014592
2026-01-18 14:15:00+00:00,0.13688123226165771,0.1378302425146103,0.13688123226165771,0.13765917718410492,21681728
2026-01-18 14:30:00+00:00,0.13766472041606903,0.1377219259738922,0.1372920572757721,0.1372920572757721,2135552
2026-01-18 14:45:00+00:00,0.13728389143943787,0.13728389143943787,0.1370236724615097,0.1370236724615097,2903424
2026-01-18 15:00:00+00:00,0.13701309263706207,0.13701309263706207,0.13657300174236298,0.13659189641475677,1836160
2026-01-18 15:15:00+00:00,0.13659563660621643,0.1367984265089035,0.13655924797058105,0.1367984265089035,0
2026-01-18 15:30:00+00:00,0.13679537177085876,0.13683457672595978,0.13679537177085876,0.13683369755744934,0
2026-01-18 15:45:00+00:00,0.13683125376701355,0.13683125376701355,0.13655786216259003,0.13655854761600494,0
2026-01-18 16:00:00+00:00,0.1365608423948288,0.1369415819644928,0.13649187982082367,0.13693532347679138,0
2026-01-18 16:15:00+00:00,0.13693566620349884,0.13698837161064148,0.13681626319885254,0.13682450354099274,0
2026-01-18 16:30:00+00:00,0.1368149369955063,0.13683247566223145,0.1367180347442627,0.13683247566223145,0
2026-01-18 16:45:00+00:00,0.13683755695819855,0.1368887722492218,0.1368037462234497,0.1368037462234497,0
2026-01-18 17:00:00+00:00,0.13677680492401123,0.13678206503391266,0.1366657018661499,0.1366657018661499,94592
2026-01-18 17:15:00+00:00,0.1366492360830307,0.1366492360830307,0.13651196658611298,0.13662588596343994,913856
2026-01-18 17:30:00+00:00,0.13661840558052063,0.13666221499443054,0.1364702582359314,0.1364702582359314,2954176
2026-01-18 17:45:00+00:00,0.13646531105041504,0.13665561378002167,0.1364511400461197,0.13664904236793518,908416
2026-01-18 18:00:00+00:00,0.13669054210186005,0.13676851987838745,0.13668088614940643,0.13668711483478546,2271744
2026-01-18 18:15:00+00:00,0.13668492436408997,0.13687975704669952,0.1366584599018097,0.13687975704669952,2774464
2026-01-18 18:30:00+00:00,0.1368970274925232,0.13756002485752106,0.1368970274925232,0.13738574087619781,13562304
2026-01-18 18:45:00+00:00,0.13738588988780975,0.1377147138118744,0.13738588988780975,0.13771365582942963,5657088
2026-01-18 19:00:00+00:00,0.13770459592342377,0.13774161040782928,0.1376379132270813,0.13764338195323944,857024
2026-01-18 19:15:00+00:00,0.13764449954032898,0.13767175376415253,0.13752028346061707,0.13757824897766113,1540992
2026-01-18 19:30:00+00:00,0.13757461309432983,0.13757461309432983,0.13744261860847473,0.13744571805000305,409600
2026-01-18 19:45:00+00:00,0.13743633031845093,0.13743633031845093,0.13701508939266205,0.13701508939266205,2588416
2026-01-18 20:00:00+00:00,0.1370340883731842,0.13709229230880737,0.13697440922260284,0.13697440922260284,904896
2026-01-18 20:15:00+00:00,0.1369786560535431,0.13732481002807617,0.1369786560535431,0.13732481002807617,537152
2026-01-18 20:30:00+00:00,0.1373610496520996,0.13761697709560394,0.1373610496520996,0.13738596439361572,2458304
2026-01-18 20:45:00+00:00,0.13738849759101868,0.1374954879283905,0.13729938864707947,0.13729938864707947,0
2026-01-18 21:00:00+00:00,0.13730326294898987,0.13741131126880646,0.13730326294898987,0.1374080628156662,0
2026-01-18 21:15:00+00:00,0.13740749657154083,0.13743658363819122,0.13735345005989075,0.13735345005989075,17792
2026-01-18 21:30:00+00:00,0.1373538225889206,0.1373538225889206,0.13714256882667542,0.13714605569839478,4515200
2026-01-18 21:45:00+00:00,0.13714507222175598,0.1372785121202469,0.13714507222175598,0.13723166286945343,165120
2026-01-18 22:00:00+00:00,0.13723105192184448,0.13754765689373016,0.1372194141149521,0.13754765689373016,795392
2026-01-18 22:15:00+00:00,0.13762657344341278,0.13768768310546875,0.13752804696559906,0.13752804696559906,2043776
2026-01-18 22:30:00+00:00,0.1374679058790207,0.13762018084526062,0.13744141161441803,0.1376110017299652,0
2026-01-18 22:45:00+00:00,0.137603759765625,0.13768531382083893,0.13758806884288788,0.13768531382083893,192640
2026-01-18 23:00:00+00:00,0.13762016594409943,0.13762566447257996,0.13594987988471985,0.13601799309253693,30865280
2026-01-18 23:15:00+00:00,0.135992169380188,0.13610117137432098,0.1340228021144867,0.1340228021144867,76633984
2026-01-18 23:30:00+00:00,0.13394606113433838,0.1339953988790512,0.13322803378105164,0.13322803378105164,61986944
2026-01-18 23:45:00+00:00,0.13322977721691132,0.13323082029819489,0.13164716958999634,0.13164716958999634,73857536
2026-01-19 00:00:00+00:00,0.13166382908821106,0.13166382908821106,0.12650547921657562,0.12652306258678436,393905216
2026-01-19 00:15:00+00:00,0.12643355131149292,0.12661437690258026,0.12593427300453186,0.12593427300453186,142582016
2026-01-19 00:30:00+00:00,0.12608887255191803,0.12650273740291595,0.12597963213920593,0.1264643520116806,91345792
2026-01-19 00:45:00+00:00,0.12645186483860016,0.12658748030662537,0.12644635140895844,0.12652482092380524,44257792
2026-01-19 01:00:00+00:00,0.12653520703315735,0.12714092433452606,0.12643887102603912,0.12708374857902527,28716800
2026-01-19 01:15:00+00:00,0.12708677351474762,0.127198725938797,0.12670868635177612,0.12671871483325958,25126400
2026-01-19 01:30:00+00:00,0.12670673429965973,0.12714983522891998,0.1266719251871109,0.12674804031848907,28272128
2026-01-19 01:45:00+00:00,0.12670885026454926,0.12670885026454926,0.12637361884117126,0.12653709948062897,26786048
2026-01-19 02:00:00+00:00,0.12653067708015442,0.12671849131584167,0.12650203704833984,0.12671788036823273,18630784
2026-01-19 02:15:00+00:00,0.1267462819814682,0.1271563172340393,0.1267462819814682,0.12702591717243195,17459328
2026-01-19 02:30:00+00:00,0.12706461548805237,0.12716732919216156,0.12706461548805237,0.12711799144744873,15419008
2026-01-19 02:45:00+00:00,0.1271056979894638,0.1272008866071701,0.12689423561096191,0.12716998159885406,16744704
2026-01-19 03:00:00+00:00,0.12716323137283325,0.1272386610507965,0.12712395191192627,0.12715135514736176,12987520
2026-01-19 03:15:00+00:00,0.12715931236743927,0.12718817591667175,0.127024307847023,0.12702861428260803,13960064
2026-01-19 03:30:00+00:00,0.12697936594486237,0.1271856129169464,0.12697936594486237,0.1271856129169464,8334720
2026-01-19 03:45:00+00:00,0.12718644738197327,0.12738630175590515,0.1271544098854065,0.12738630175590515,8438528
2026-01-19 04:00:00+00:00,0.12737861275672913,0.12737861275672913,0.12713275849819183,0.12717744708061218,13929216
2026-01-19 04:15:00+00:00,0.12716419994831085,0.12716419994831085,0.1270241141319275,0.1270560920238495,8994048
2026-01-19 04:30:00+00:00,0.12707404792308807,0.12743030488491058,0.12707404792308807,0.12743030488491058,8312832
2026-01-19 04:45:00+00:00,0.1274096518754959,0.1274096518754959,0.12715204060077667,0.12735143303871155,18370176
2026-01-19 05:00:00+00:00,0.1273224651813507,0.1273224651813507,0.12712286412715912,0.12712286412715912,5361664
2026-01-19 05:15:00+00:00,0.12711580097675323,0.1271243691444397,0.12703146040439606,0.12711477279663086,11209856
2026-01-19 05:30:00+00:00,0.12714102864265442,0.12732422351837158,0.12714102864265442,0.12722529470920563,17136128
2026-01-19 05:45:00+00:00,0.1272204965353012,0.1272204965353012,0.1270466297864914,0.12705619633197784,4032000
2026-01-19 06:00:00+00:00,0.1270594447851181,0.1271163821220398,0.1270424872636795,0.1270424872636795,3782144
2026-01-19 06:15:00+00:00,0.1270555704832077,0.1270751655101776,0.12685275077819824,0.12692654132843018,18891776
2026-01-19 06:30:00+00:00,0.12691543996334076,0.12699545919895172,0.12675617635250092,0.12675617635250092,7423488
2026-01-19 06:45:00+00:00,0.12675891816616058,0.12675891816616058,0.12659834325313568,0.12670910358428955,10841728
2026-01-19 07:00:00+00:00,0.12672258913516998,0.12693771719932556,0.12672258913516998,0.12693771719932556,3128192
2026-01-19 07:15:00+00:00,0.12694628536701202,0.12714894115924835,0.12694628536701202,0.12714138627052307,2587264
2026-01-19 07:30:00+00:00,0.12711994349956512,0.12712626159191132,0.1270107924938202,0.1270107924938202,5200768
2026-01-19 07:45:00+00:00,0.12701280415058136,0.1271883249282837,0.12697242200374603,0.1271883249282837,4309504
2026-01-19 08:00:00+00:00,0.12717081606388092,0.12729820609092712,0.12710896134376526,0.12726283073425293,5895296
2026-01-19 08:15:00+00:00,0.12722007930278778,0.12821842730045319,0.12715034186840057,0.1282036006450653,28691968
2026-01-19 08:30:00+00:00,0.12807779014110565,0.12807779014110565,0.12774191796779633,0.12774191796779633,23712640
2026-01-19 08:45:00+00:00,0.12775014340877533,0.12804937362670898,0.12766173481941223,0.12804937362670898,11205120
2026-01-19 09:00:00+00:00,0.12805168330669403,0.12811236083507538,0.12785305082798004,0.12785305082798004,11385600
2026-01-19 09:15:00+00:00,0.12784701585769653,0.12784701585769653,0.1276271492242813,0.1276271492242813,9111296
2026-01-19 09:30:00+00:00,0.12762638926506042,0.12766259908676147,0.12758710980415344,0.12758785486221313,3166336
2026-01-19 09:45:00+00:00,0.12758208811283112,0.12769660353660583,0.12758208811283112,0.12769660353660583,5068032
2026-01-19 10:00:00+00:00,0.12770694494247437,0.12773966789245605,0.12750427424907684,0.12754838168621063,1955072
2026-01-19 10:15:00+00:00,0.12753897905349731,0.12764990329742432,0.12753897905349731,0.1275877058506012,4531584
2026-01-19 10:30:00+00:00,0.12759160995483398,0.12763044238090515,0.1275235116481781,0.12761583924293518,3375232
2026-01-19 10:45:00+00:00,0.12761466205120087,0.12768244743347168,0.1275954395532608,0.12767454981803894,4471552
2026-01-19 11:00:00+00:00,0.1276858150959015,0.1278221160173416,0.1276858150959015,0.12777724862098694,7556864
2026-01-19 11:15:00+00:00,0.12781579792499542,0.12785020470619202,0.12772136926651,0.127829909324646,6359808
2026-01-19 11:30:00+00:00,0.12782898545265198,0.12789715826511383,0.12773270905017853,0.12789715826511383,5112192
2026-01-19 11:45:00+00:00,0.12789621949195862,0.12790410220623016,0.12780237197875977,0.12780410051345825,5311488
2026-01-19 12:00:00+00:00,0.12779755890369415,0.12779755890369415,0.12744100391864777,0.12744687497615814,3974912
2026-01-19 12:15:00+00:00,0.12743550539016724,0.12753760814666748,0.12742789089679718,0.1274319291114807,4856960
2026-01-19 12:30:00+00:00,0.12743261456489563,0.12802466750144958,0.12742316722869873,0.12802466750144958,10935936
2026-01-19 12:45:00+00:00,0.1279938668012619,0.12802952527999878,0.12771111726760864,0.12771111726760864,5623552
2026-01-19 13:00:00+00:00,0.12772418558597565,0.12779368460178375,0.12762850522994995,0.12779368460178375,610816
2026-01-19 13:15:00+00:00,0.12780191004276276,0.12783567607402802,0.12773317098617554,0.12778566777706146,973056
2026-01-19 13:30:00+00:00,0.12778054177761078,0.1280718594789505,0.12778054177761078,0.1280718594789505,1259264
2026-01-19 13:45:00+00:00,0.128068208694458,0.12809425592422485,0.12797558307647705,0.12797558307647705,3863296
2026-01-19 14:00:00+00:00,0.12797431647777557,0.12798930704593658,0.12793613970279694,0.12796209752559662,5941120
2026-01-19 14:15:00+00:00,0.12799955904483795,0.12882310152053833,0.12799955904483795,0.12881521880626678,1924352
2026-01-19 14:30:00+00:00,0.12876909971237183,0.12876909971237183,0.12843680381774902,0.12843680381774902,3926784
2026-01-19 14:45:00+00:00,0.12843860685825348,0.1285458505153656,0.128249391913414,0.128249391913414,1653248
2026-01-19 15:00:00+00:00,0.12824180722236633,0.1282983422279358,0.1282362937927246,0.12827715277671814,549632
2026-01-19 15:15:00+00:00,0.12835240364074707,0.12843216955661774,0.1281624585390091,0.1281708925962448,5496704
2026-01-19 15:30:00+00:00,0.1281459778547287,0.1281459778547287,0.1278352439403534,0.12784942984580994,9332352
2026-01-19 15:45:00+00:00,0.12784814834594727,0.12784814834594727,0.12777164578437805,0.12780626118183136,1189504
2026-01-19 16:00:00+00:00,0.12780076265335083,0.1279953569173813,0.12776686251163483,0.12795045971870422,4352
2026-01-19 16:15:00+00:00,0.12794743478298187,0.1283758282661438,0.12793897092342377,0.1283758282661438,5886208
2026-01-19 16:30:00+00:00,0.12836961448192596,0.12844045460224152,0.12836961448192596,0.1284199357032776,10334848
2026-01-19 16:45:00+00:00,0.12843893468379974,0.12914663553237915,0.12843893468379974,0.1291400045156479,15585536
2026-01-19 17:00:00+00:00,0.12913770973682404,0.12918411195278168,0.12897054851055145,0.12905313074588776,7126912
2026-01-19 17:15:00+00:00,0.12904316186904907,0.129088893532753,0.12902536988258362,0.12906646728515625,2095488
2026-01-19 17:30:00+00:00,0.12907640635967255,0.12907640635967255,0.12883393466472626,0.12883393466472626,2822144
2026-01-19 17:45:00+00:00,0.12886354327201843,0.12905609607696533,0.12886354327201843,0.12905609607696533,895872
2026-01-19 18:00:00+00:00,0.12905609607696533,0.12911304831504822,0.12900161743164062,0.1290902942419052,1159040
2026-01-19 18:15:00+00:00,0.1290932297706604,0.12920328974723816,0.12905333936214447,0.12913759052753448,932352
2026-01-19 18:30:00+00:00,0.1291300505399704,0.129427969455719,0.12906105816364288,0.129427969455719,184448
2026-01-19 18:45:00+00:00,0.12945342063903809,0.129474475979805,0.12904441356658936,0.12905412912368774,249728
2026-01-19 19:00:00+00:00,0.12904633581638336,0.12931227684020996,0.12904633581638336,0.12931227684020996,1091328
2026-01-19 19:15:00+00:00,0.12931641936302185,0.12986163794994354,0.12931641936302185,0.12985578179359436,13789824
2026-01-19 19:30:00+00:00,0.12985624372959137,0.13002507388591766,0.12984757125377655,0.12998107075691223,10515968
2026-01-19 19:45:00+00:00,0.1299680918455124,0.1299680918455124,0.12977884709835052,0.12977884709835052,1109248
2026-01-19 20:00:00+00:00,0.12977857887744904,0.12992426753044128,0.12977857887744904,0.1298155039548874,1506048
2026-01-19 20:15:00+00:00,0.1298302710056305,0.13038432598114014,0.12980102002620697,0.13038432598114014,12777984
2026-01-19 20:30:00+00:00,0.13037239015102386,0.13039547204971313,0.13021080195903778,0.13023880124092102,2963072
2026-01-19 20:45:00+00:00,0.13023404777050018,0.13026590645313263,0.1301589459180832,0.13020539283752441,2290688
2026-01-19 21:00:00+00:00,0.13020101189613342,0.13044410943984985,0.13011962175369263,0.13011962175369263,4325888
2026-01-19 21:15:00+00:00,0.13012298941612244,0.13012298941612244,0.12972381711006165,0.12973091006278992,5481472
2026-01-19 21:30:00+00:00,0.12972617149353027,0.12973235547542572,0.12963826954364777,0.12963826954364777,2187520
2026-01-19 21:45:00+00:00,0.1296413242816925,0.12964411079883575,0.12954068183898926,0.12959589064121246,4952960
2026-01-19 22:00:00+00:00,0.12958477437496185,0.12958477437496185,0.12918534874916077,0.12918534874916077,4656896
2026-01-19 22:15:00+00:00,0.12922783195972443,0.12934820353984833,0.12914185225963593,0.12926112115383148,9581696
2026-01-19 22:30:00+00:00,0.12925511598587036,0.12925511598587036,0.12877416610717773,0.12877416610717773,3771264
2026-01-19 22:45:00+00:00,0.12877526879310608,0.12890779972076416,0.12865379452705383,0.12885068356990814,3853312
2026-01-19 23:00:00+00:00,0.12880878150463104,0.12914612889289856,0.12872330844402313,0.12914612889289856,0
2026-01-19 23:15:00+00:00,0.1291317343711853,0.1291317343711853,0.12885193526744843,0.12903809547424316,0
2026-01-19 23:30:00+00:00,0.129030242562294,0.12938863039016724,0.129030242562294,0.12936553359031677,0
2026-01-19 23:45:00+00:00,0.1293523758649826,0.1293523758649826,0.12907066941261292,0.12907066941261292,0
2026-01-20 00:00:00+00:00,0.1290760487318039,0.12913422286510468,0.1290261298418045,0.12906351685523987,0
2026-01-20 00:15:00+00:00,0.12905389070510864,0.12905389070510864,0.12872719764709473,0.12874090671539307,0
2026-01-20 00:30:00+00:00,0.12874525785446167,0.12894675135612488,0.12874525785446167,0.12893395125865936,0
2026-01-20 00:45:00+00:00,0.12893536686897278,0.12894342839717865,0.12864503264427185,0.12864503264427185,0
2026-01-20 01:00:00+00:00,0.12864238023757935,0.12864238023757935,0.12815093994140625,0.12815093994140625,0
2026-01-20 01:15:00+00:00,0.1282539814710617,0.12898573279380798,0.1282539814710617,0.12895694375038147,0
2026-01-20 01:30:00+00:00,0.12898635864257812,0.1290094256401062,0.12860678136348724,0.12860678136348724,0
2026-01-20 01:45:00+00:00,0.1285599321126938,0.12873342633247375,0.1285080760717392,0.12873342633247375,0
2026-01-20 02:00:00+00:00,0.12873618304729462,0.12873618304729462,0.12827865779399872,0.12830862402915955,0
2026-01-20 02:15:00+00:00,0.12830756604671478,0.12830756604671478,0.12815424799919128,0.12815424799919128,0
2026-01-20 02:30:00+00:00,0.12818311154842377,0.1285998523235321,0.12818311154842377,0.1285998523235321,0
2026-01-20 02:45:00+00:00,0.12859368324279785,0.1286228895187378,0.128531813621521,0.12853628396987915,0
2026-01-20 03:00:00+00:00,0.12845367193222046,0.12845367193222046,0.12819378077983856,0.12819378077983856,0
2026-01-20 03:15:00+00:00,0.1281958371400833,0.12820592522621155,0.12807658314704895,0.12808440625667572,0
2026-01-20 03:30:00+00:00,0.12808796763420105,0.12808796763420105,0.12784725427627563,0.12787862122058868,4185856
2026-01-20 03:45:00+00:00,0.12790615856647491,0.1281019151210785,0.12790615856647491,0.12791137397289276,0
2026-01-20 04:00:00+00:00,0.12790928781032562,0.1279824823141098,0.12784890830516815,0.12784890830516815,0
2026-01-20 04:15:00+00:00,0.1278466433286667,0.1278466433286667,0.1276860535144806,0.12770457565784454,0
2026-01-20 04:30:00+00:00,0.12773554027080536,0.1279737651348114,0.12773554027080536,0.12781567871570587,1930496
2026-01-20 04:45:00+00:00,0.12782050669193268,0.12791845202445984,0.1277245581150055,0.1277245581150055,0
2026-01-20 05:00:00+00:00,0.12764637172222137,0.12794005870819092,0.12757588922977448,0.12757588922977448,12874496
2026-01-20 05:15:00+00:00,0.12756630778312683,0.12756630778312683,0.12729397416114807,0.12739697098731995,7240256
2026-01-20 05:30:00+00:00,0.12748754024505615,0.12756963074207306,0.1273874193429947,0.1273874193429947,0
2026-01-20 05:45:00+00:00,0.12741819024085999,0.12798312306404114,0.12741819024085999,0.12795278429985046,2296192
2026-01-20 06:00:00+00:00,0.12794198095798492,0.12794198095798492,0.12779156863689423,0.12779156863689423,1419648
2026-01-20 06:15:00+00:00,0.12776747345924377,0.12776747345924377,0.12681449949741364,0.1272854059934616,8811712
2026-01-20 06:30:00+00:00,0.12730936706066132,0.12731273472309113,0.1267482191324234,0.1269463449716568,8281536
2026-01-20 06:45:00+00:00,0.12695345282554626,0.12706594169139862,0.12667974829673767,0.12668929994106293,8780352
2026-01-20 07:00:00+00:00,0.1267063021659851,0.12700751423835754,0.12670212984085083,0.12700751423835754,5087168
2026-01-20 07:15:00+00:00,0.12710627913475037,0.12717823684215546,0.12710578739643097,0.1271192878484726,2473344
2026-01-20 07:30:00+00:00,0.12710906565189362,0.12726643681526184,0.12704403698444366,0.12725970149040222,392448
2026-01-20 07:45:00+00:00,0.12723350524902344,0.12723350524902344,0.12675818800926208,0.12675818800926208,407552
2026-01-20 08:00:00+00:00,0.1267593652009964,0.12684322893619537,0.1264902949333191,0.1264902949333191,6772032
2026-01-20 08:15:00+00:00,0.1265675574541092,0.1265675574541092,0.1260833442211151,0.12643703818321228,5269056
2026-01-20 08:30:00+00:00,0.126438707113266,0.126438707113266,0.12541711330413818,0.12558613717556,5171392
2026-01-20 08:45:00+00:00,0.12556108832359314,0.12598241865634918,0.12554191052913666,0.12596115469932556,7317376
2026-01-20 09:00:00+00:00,0.1259726881980896,0.1259726881980896,0.12587472796440125,0.12596122920513153,4451776
2026-01-20 09:15:00+00:00,0.12595610320568085,0.12595610320568085,0.12576213479042053,0.12576213479042053,48064
2026-01-20 09:30:00+00:00,0.12576071918010712,0.12576071918010712,0.12552574276924133,0.12552574276924133,6267584
2026-01-20 09:45:00+00:00,0.12546923756599426,0.12555912137031555,0.12542767822742462,0.12555912137031555,2316736
2026-01-20 10:00:00+00:00,0.12555676698684692,0.12586857378482819,0.12555676698684692,0.1258665919303894,2905920
2026-01-20 10:15:00+00:00,0.12593886256217957,0.12593886256217957,0.1255721002817154,0.12557683885097504,4384320
2026-01-20 10:30:00+00:00,0.12558580935001373,0.12563619017601013,0.1254817694425583,0.12549789249897003,2341952
2026-01-20 10:45:00+00:00,0.12549829483032227,0.12552596628665924,0.12541230022907257,0.12543317675590515,978944
2026-01-20 11:00:00+00:00,0.12543603777885437,0.12570779025554657,0.1254354864358902,0.1256677210330963,0
2026-01-20 11:15:00+00:00,0.12560845911502838,0.12566564977169037,0.12559698522090912,0.12563472986221313,289408
2026-01-20 11:30:00+00:00,0.1256231814622879,0.1256231814622879,0.1253444403409958,0.1253545880317688,169536
2026-01-20 11:45:00+00:00,0.12535718083381653,0.12543423473834991,0.12529905140399933,0.12529905140399933,376064
2026-01-20 12:00:00+00:00,0.12528502941131592,0.12533380091190338,0.12520793080329895,0.12533380091190338,0
2026-01-20 12:15:00+00:00,0.12534746527671814,0.12549437582492828,0.12534746527671814,0.1254659742116928,1402368
2026-01-20 12:30:00+00:00,0.1254667043685913,0.1256779283285141,0.1254667043685913,0.1256779283285141,0
2026-01-20 12:45:00+00:00,0.12568353116512299,0.12583673000335693,0.12568353116512299,0.12582552433013916,118400
2026-01-20 13:00:00+00:00,0.1258104294538498,0.1258104294538498,0.1249324232339859,0.1249324232339859,12854144
2026-01-20 13:15:00+00:00,0.12486274540424347,0.12496570497751236,0.12486274540424347,0.12492984533309937,5875712
2026-01-20 13:30:00+00:00,0.12497708946466446,0.12525171041488647,0.12497708946466446,0.12524108588695526,9988032
2026-01-20 13:45:00+00:00,0.12526415288448334,0.12526415288448334,0.12469439953565598,0.12469920516014099,6055488
2026-01-20 14:00:00+00:00,0.12468532472848892,0.1254459172487259,0.12468532472848892,0.1254459172487259,4972480
2026-01-20 14:15:00+00:00,0.12544003129005432,0.12544003129005432,0.12527181208133698,0.12527769804000854,5611776
2026-01-20 14:30:00+00:00,0.12527617812156677,0.12607426941394806,0.12513677775859833,0.12607426941394806,20159104
2026-01-20 14:45:00+00:00,0.1262291818857193,0.12631791830062866,0.12576445937156677,0.12578712403774261,31314560
2026-01-20 15:00:00+00:00,0.12574030458927155,0.12574030458927155,0.12482631951570511,0.1252039521932602,30761600
2026-01-20 15:15:00+00:00,0.12517471611499786,0.12549255788326263,0.12504205107688904,0.1252380609512329,17775616
2026-01-20 15:30:00+00:00,0.12523041665554047,0.12523041665554047,0.12489829212427139,0.12489993125200272,3533184
2026-01-20 15:45:00+00:00,0.12488319724798203,0.12488384544849396,0.12462511658668518,0.1246630921959877,10499200
2026-01-20 16:00:00+00:00,0.12475569546222687,0.12522254884243011,0.12475569546222687,0.12510794401168823,4078208
2026-01-20 16:15:00+00:00,0.12510715425014496,0.12536971271038055,0.12463075667619705,0.12463075667619705,5496448
2026-01-20 16:30:00+00:00,0.12463073432445526,0.12463073432445526,0.12378229200839996,0.12378229200839996,17620992
2026-01-20 16:45:00+00:00,0.12372419983148575,0.12388934940099716,0.12349887192249298,0.12384487688541412,13344896
2026-01-20 17:00:00+00:00,0.12384046614170074,0.12441679835319519,0.12379518151283264,0.124414823949337,6145664
2026-01-20 17:15:00+00:00,0.1244053915143013,0.1244053915143013,0.12402379512786865,0.12403324246406555,8175744
2026-01-20 17:30:00+00:00,0.1240072026848793,0.1240072026848793,0.12365119159221649,0.12371671199798584,10411264
2026-01-20 17:45:00+00:00,0.12372148782014847,0.12385120987892151,0.123558409512043,0.12384150922298431,14144384
2026-01-20 18:00:00+00:00,0.12382569909095764,0.12404637783765793,0.12381169945001602,0.12404637783765793,10729984
2026-01-20 18:15:00+00:00,0.12403491884469986,0.12405078113079071,0.12376607954502106,0.12389754503965378,5604992
2026-01-20 18:30:00+00:00,0.12387868016958237,0.12387868016958237,0.12357831746339798,0.12357831746339798,3166080
2026-01-20 18:45:00+00:00,0.12358090281486511,0.1235942617058754,0.12347950786352158,0.12359284609556198,2741504
2026-01-20 19:00:00+00:00,0.12359114736318588,0.12402627617120743,0.12359114736318588,0.12382529675960541,4381312
2026-01-20 19:15:00+00:00,0.12384652346372604,0.12384652346372604,0.12366995960474014,0.12369520962238312,0
2026-01-20 19:30:00+00:00,0.12367847561836243,0.12370392680168152,0.12344560772180557,0.12369632720947266,1910528
2026-01-20 19:45:00+00:00,0.12370018661022186,0.12389673292636871,0.12368220835924149,0.12384890764951706,1350784
2026-01-20 20:00:00+00:00,0.1238487958908081,0.1238487958908081,0.12343719601631165,0.12358459085226059,1571328
2026-01-20 20:15:00+00:00,0.12355494499206543,0.12408261746168137,0.12354295700788498,0.1240750104188919,742272
2026-01-20 20:30:00+00:00,0.12408282607793808,0.12412670254707336,0.12395282834768295,0.12395452708005905,1708416
2026-01-20 20:45:00+00:00,0.12394304573535919,0.12407384812831879,0.12390787154436111,0.12404593080282211,6604672
2026-01-20 21:00:00+00:00,0.12402455508708954,0.12405329942703247,0.12395694106817245,0.12401323020458221,1640320
2026-01-20 21:15:00+00:00,0.12401072680950165,0.12401072680950165,0.12375117838382721,0.12375117838382721,0
2026-01-20 21:30:00+00:00,0.12372297793626785,0.12372297793626785,0.12359758466482162,0.12365028262138367,1371008
2026-01-20 21:45:00+00:00,0.12366098910570145,0.12372063100337982,0.12362664192914963,0.12372063100337982,602624
2026-01-20 22:00:00+00:00,0.12373063713312149,0.12392030656337738,0.12373063713312149,0.12390626221895218,0
2026-01-20 22:15:00+00:00,0.12392938137054443,0.12409864366054535,0.12392938137054443,0.12401159852743149,0
2026-01-20 22:30:00+00:00,0.12396164983510971,0.12396164983510971,0.12323985993862152,0.12346381694078445,51707904
2026-01-20 22:45:00+00:00,0.12354496866464615,0.12371431291103363,0.12343213707208633,0.12356771528720856,14386304
2026-01-20 23:00:00+00:00,0.12355507165193558,0.12355507165193558,0.12334750592708588,0.12353292852640152,0
2026-01-20 23:15:00+00:00,0.12352660298347473,0.12352660298347473,0.12317050248384476,0.12317327409982681,5290496
2026-01-20 23:30:00+00:00,0.12317172437906265,0.12336356937885284,0.12317172437906265,0.12336356937885284,264704
2026-01-20 23:45:00+00:00,0.12336356937885284,0.12336356937885284,0.12323595583438873,0.1232668086886406,646784
2026-01-21 00:00:00+00:00,0.12325609475374222,0.12351621687412262,0.12325609475374222,0.1234394982457161,2276096
2026-01-21 00:15:00+00:00,0.1234138086438179,0.1234138086438179,0.12325926125049591,0.12337333709001541,3772416
2026-01-21 00:30:00+00:00,0.12341807782649994,0.12431148439645767,0.12341807782649994,0.12419681251049042,13354368
2026-01-21 00:45:00+00:00,0.1242038756608963,0.12497199326753616,0.1242038756608963,0.12497199326753616,27661824
2026-01-21 01:00:00+00:00,0.12496821582317352,0.1254604309797287,0.12496821582317352,0.1254604309797287,11023488
2026-01-21 01:15:00+00:00,0.12544959783554077,0.1254560947418213,0.12516774237155914,0.1251722276210785,4953472
2026-01-21 01:30:00+00:00,0.12519796192646027,0.12559190392494202,0.12519796192646027,0.12546226382255554,6341760
2026-01-21 01:45:00+00:00,0.1254628598690033,0.12553337216377258,0.12536774575710297,0.12552426755428314,4825344
2026-01-21 02:00:00+00:00,0.12553758919239044,0.12621507048606873,0.12553758919239044,0.1262030154466629,9649152
2026-01-21 02:15:00+00:00,0.12621361017227173,0.12627281248569489,0.12610593438148499,0.12610593438148499,4626304
2026-01-21 02:30:00+00:00,0.12602707743644714,0.12602707743644714,0.12575773894786835,0.12583087384700775,3989376
2026-01-21 02:45:00+00:00,0.12586820125579834,0.12589788436889648,0.12575049698352814,0.12575049698352814,0
2026-01-21 03:00:00+00:00,0.12575136125087738,0.12584684789180756,0.12566415965557098,0.12567539513111115,717568
2026-01-21 03:15:00+00:00,0.1256830096244812,0.1257309466600418,0.12566930055618286,0.12569659948349,3595008
2026-01-21 03:30:00+00:00,0.12570184469223022,0.12570184469223022,0.12551581859588623,0.12553128600120544,165760
2026-01-21 03:45:00+00:00,0.12556548416614532,0.12562324106693268,0.12541262805461884,0.12541262805461884,333824
2026-01-21 04:00:00+00:00,0.12541262805461884,0.12542195618152618,0.12524764239788055,0.12524889409542084,2646016
2026-01-21 04:15:00+00:00,0.1252446323633194,0.12551958858966827,0.12522859871387482,0.12551958858966827,161408
2026-01-21 04:30:00+00:00,0.12552836537361145,0.12554863095283508,0.12542669475078583,0.12543438374996185,0
2026-01-21 04:45:00+00:00,0.12545450031757355,0.12552355229854584,0.1252887099981308,0.1252887099981308,117504
2026-01-21 05:00:00+00:00,0.1252812147140503,0.12535034120082855,0.12523725628852844,0.12535034120082855,0
2026-01-21 05:15:00+00:00,0.12534506618976593,0.12534847855567932,0.12527582049369812,0.12527582049369812,0
2026-01-21 05:30:00+00:00,0.12528041005134583,0.12584839761257172,0.12528041005134583,0.12584839761257172,670592
2026-01-21 05:45:00+00:00,0.12585686147212982,0.1261535882949829,0.12585686147212982,0.12588590383529663,9943680
2026-01-21 06:00:00+00:00,0.12589702010154724,0.12589702010154724,0.125558540225029,0.12560780346393585,10792064
2026-01-21 06:15:00+00:00,0.1256159245967865,0.12564276158809662,0.12556910514831543,0.12561748921871185,0
2026-01-21 06:30:00+00:00,0.12561820447444916,0.12563234567642212,0.12525255978107452,0.12525880336761475,1673216
2026-01-21 06:45:00+00:00,0.12524819374084473,0.12524819374084473,0.12511573731899261,0.12515190243721008,0
2026-01-21 07:00:00+00:00,0.12515577673912048,0.1254933774471283,0.12515194714069366,0.12537220120429993,0
2026-01-21 07:15:00+00:00,0.1253020018339157,0.12533678114414215,0.12524721026420593,0.12533247470855713,674688
2026-01-21 07:30:00+00:00,0.12539458274841309,0.12539458274841309,0.12480894476175308,0.1248142272233963,2645760
2026-01-21 07:45:00+00:00,0.12481826543807983,0.12481826543807983,0.12473965436220169,0.12473965436220169,68736
2026-01-21 08:00:00+00:00,0.1247517317533493,0.12482642382383347,0.1247517317533493,0.12480705231428146,0
2026-01-21 08:15:00+00:00,0.12478844821453094,0.12478844821453094,0.12455350905656815,0.12455350905656815,0
2026-01-21 08:30:00+00:00,0.12455067038536072,0.12455067038536072,0.12395224720239639,0.12399508059024811,0
2026-01-21 08:45:00+00:00,0.1240006610751152,0.12411858886480331,0.123947873711586,0.12411731481552124,0
2026-01-21 09:00:00+00:00,0.12412311136722565,0.12416946887969971,0.1240924745798111,0.12413404881954193,0
2026-01-21 09:15:00+00:00,0.12413270771503448,0.12438248097896576,0.12412180751562119,0.12438248097896576,0
2026-01-21 09:30:00+00:00,0.12438607215881348,0.1245345026254654,0.12437961250543594,0.12453164905309677,0
2026-01-21 09:45:00+00:00,0.12453307956457138,0.12457509338855743,0.1243586614727974,0.1243586614727974,0
2026-01-21 10:00:00+00:00,0.12437276542186737,0.12472403794527054,0.12436507642269135,0.12460944056510925,0
2026-01-21 10:15:00+00:00,0.1246199905872345,0.12467702478170395,0.1245151162147522,0.1245151162147522,0
2026-01-21 10:30:00+00:00,0.12452132254838943,0.12452132254838943,0.12436077743768692,0.12445326149463654,483328
2026-01-21 10:45:00+00:00,0.12445124983787537,0.12445124983787537,0.12425703555345535,0.12425703555345535,0
2026-01-21 11:00:00+00:00,0.12425427883863449,0.12425427883863449,0.1239682137966156,0.1240512952208519,0
2026-01-21 11:15:00+00:00,0.12412627786397934,0.1242670789361,0.12411513924598694,0.12425310909748077,0
2026-01-21 11:30:00+00:00,0.12424767017364502,0.12424767017364502,0.12405561655759811,0.12405897676944733,477568
2026-01-21 11:45:00+00:00,0.12405373901128769,0.12405373901128769,0.1234399825334549,0.1234399825334549,8650240
2026-01-21 12:00:00+00:00,0.12343494594097137,0.12343494594097137,0.12251855432987213,0.12251855432987213,31361408
2026-01-21 12:15:00+00:00,0.12243575602769852,0.12243575602769852,0.12171342968940735,0.12171342968940735,25636352
2026-01-21 12:30:00+00:00,0.12172367423772812,0.12226562947034836,0.12161437422037125,0.12226562947034836,15724800
2026-01-21 12:45:00+00:00,0.12226562947034836,0.12259519100189209,0.12226562947034836,0.12259519100189209,4236800
2026-01-21 13:00:00+00:00,0.12259938567876816,0.12314403802156448,0.12259938567876816,0.12314403802156448,0
2026-01-21 13:15:00+00:00,0.12313247472047806,0.12314553558826447,0.1229654997587204,0.12298164516687393,634368
2026-01-21 13:30:00+00:00,0.12297887355089188,0.12303347885608673,0.12283641844987869,0.12283641844987869,460032
2026-01-21 13:45:00+00:00,0.12283488363027573,0.12283488363027573,0.12245086580514908,0.12271738797426224,2243200
2026-01-21 14:00:00+00:00,0.12268707156181335,0.1245800331234932,0.12254952639341354,0.1245800331234932,33228416
2026-01-21 14:15:00+00:00,0.12459781020879745,0.1253490000963211,0.12459781020879745,0.12508684396743774,18988800
2026-01-21 14:30:00+00:00,0.12512965500354767,0.1255538910627365,0.12512965500354767,0.12543629109859467,12711936
2026-01-21 14:45:00+00:00,0.12540856003761292,0.12571026384830475,0.12534941732883453,0.12571026384830475,0
2026-01-21 15:00:00+00:00,0.12569355964660645,0.1257668286561966,0.12557733058929443,0.1256585419178009,0
2026-01-21 15:15:00+00:00,0.12568844854831696,0.12622588872909546,0.12568844854831696,0.12582531571388245,6287360
2026-01-21 15:30:00+00:00,0.12576711177825928,0.12576711177825928,0.12521058320999146,0.1254151463508606,1863040
2026-01-21 15:45:00+00:00,0.12546208500862122,0.1263541281223297,0.12546208500862122,0.12634551525115967,4280832
2026-01-21 16:00:00+00:00,0.12633633613586426,0.12633633613586426,0.12558092176914215,0.12558092176914215,0
2026-01-21 16:15:00+00:00,0.1254955530166626,0.1254955530166626,0.12427253276109695,0.12452775985002518,5745536
2026-01-21 16:30:00+00:00,0.12452322244644165,0.12463261932134628,0.12250851839780807,0.12250851839780807,11396736
2026-01-21 16:45:00+00:00,0.12225189805030823,0.12240324914455414,0.12111735343933105,0.12111735343933105,46295552
2026-01-21 17:00:00+00:00,0.12112120538949966,0.12192162126302719,0.12100803107023239,0.12121189385652542,23055360
2026-01-21 17:15:00+00:00,0.12106282263994217,0.12146268039941788,0.12074612826108932,0.12141655385494232,19269888
2026-01-21 17:30:00+00:00,0.12141768634319305,0.12168275564908981,0.12120238691568375,0.12166822701692581,7684224
2026-01-21 17:45:00+00:00,0.12165457755327225,0.12176907062530518,0.12157043814659119,0.12176907062530518,0
2026-01-21 18:00:00+00:00,0.12177502363920212,0.12246649712324142,0.12175100296735764,0.12246649712324142,0
2026-01-21 18:15:00+00:00,0.12245089560747147,0.12280391156673431,0.12242025136947632,0.12242463231086731,7300608
2026-01-21 18:30:00+00:00,0.12243179976940155,0.12260834872722626,0.1223795935511589,0.12260449677705765,5228800
2026-01-21 18:45:00+00:00,0.12262282520532608,0.12343090027570724,0.122592031955719,0.12337370216846466,7795968
2026-01-21 19:00:00+00:00,0.12345342338085175,0.1236000508069992,0.12324497103691101,0.12353268265724182,11724672
2026-01-21 19:15:00+00:00,0.12351246178150177,0.12390012294054031,0.12331990897655487,0.12390012294054031,6903552
2026-01-21 19:30:00+00:00,0.125510111451149,0.1271386593580246,0.125510111451149,0.1271386593580246,64541184
2026-01-21 19:45:00+00:00,0.1271594613790512,0.1279139667749405,0.1271594613790512,0.1279139667749405,36076288
2026-01-21 20:00:00+00:00,0.12793751060962677,0.1280258297920227,0.1273530125617981,0.12735456228256226,11607168
2026-01-21 20:15:00+00:00,0.1273401379585266,0.1273401379585266,0.12671571969985962,0.1267288476228714,7278976
2026-01-21 20:30:00+00:00,0.12672218680381775,0.12689845263957977,0.1266760379076004,0.12677688896656036,7792768
2026-01-21 20:45:00+00:00,0.12677937746047974,0.12757495045661926,0.12677937746047974,0.12757495045661926,5644416
2026-01-21 21:00:00+00:00,0.12759768962860107,0.1279342621564865,0.12759768962860107,0.12778240442276,5923712
2026-01-21 21:15:00+00:00,0.12778206169605255,0.12831594049930573,0.1277247667312622,0.12790729105472565,9452928
2026-01-21 21:30:00+00:00,0.12787173688411713,0.1279594600200653,0.1277271807193756,0.1279594600200653,1857024
2026-01-21 21:45:00+00:00,0.12795183062553406,0.12809167802333832,0.12795183062553406,0.12804241478443146,1604352
2026-01-21 22:00:00+00:00,0.12801781296730042,0.12852497398853302,0.12800252437591553,0.1284734159708023,6937088
2026-01-21 22:15:00+00:00,0.128452330827713,0.128452330827713,0.12769368290901184,0.12769368290901184,5163136
2026-01-21 22:30:00+00:00,0.12767936289310455,0.12767936289310455,0.12726324796676636,0.12726324796676636,0
2026-01-21 22:45:00+00:00,0.1272696554660797,0.12737096846103668,0.1272079199552536,0.12736257910728455,0
2026-01-21 23:00:00+00:00,0.12735515832901,0.1274721324443817,0.12727104127407074,0.1274721324443817,0
2026-01-21 23:15:00+00:00,0.12748262286186218,0.12751945853233337,0.12692783772945404,0.12697017192840576,5099008
2026-01-21 23:30:00+00:00,0.1270855814218521,0.12728311121463776,0.12687751650810242,0.12687751650810242,21789184
2026-01-21 23:45:00+00:00,0.12686625123023987,0.12686625123023987,0.12633100152015686,0.12648135423660278,12835584
2026-01-22 00:00:00+00:00,0.12646596133708954,0.12684695422649384,0.12646596133708954,0.12684695422649384,2041216
2026-01-22 00:15:00+00:00,0.12683333456516266,0.12685802578926086,0.1267298460006714,0.12685269117355347,0
2026-01-22 00:30:00+00:00,0.12684331834316254,0.12725062668323517,0.12683822214603424,0.12724559009075165,587648
2026-01-22 00:45:00+00:00,0.12723760306835175,0.1272687166929245,0.1271003931760788,0.12724396586418152,0
2026-01-22 01:00:00+00:00,0.1272432506084442,0.1272432506084442,0.12698781490325928,0.12699992954730988,0
2026-01-22 01:15:00+00:00,0.12700246274471283,0.12746736407279968,0.12700246274471283,0.12746314704418182,35712
2026-01-22 01:30:00+00:00,0.1274642050266266,0.12751545011997223,0.12735681235790253,0.12737976014614105,0
2026-01-22 01:45:00+00:00,0.1273811310529709,0.12758667767047882,0.1273811310529709,0.1275293081998825,640768
2026-01-22 02:00:00+00:00,0.1275310516357422,0.12773466110229492,0.1275310516357422,0.12758712470531464,0
2026-01-22 02:15:00+00:00,0.12754331529140472,0.1277095377445221,0.12754331529140472,0.1276870220899582,0
2026-01-22 02:30:00+00:00,0.1275959610939026,0.1275959610939026,0.12723776698112488,0.1272672712802887,0
2026-01-22 02:45:00+00:00,0.12726262211799622,0.12733446061611176,0.12707524001598358,0.12707524001598358,265344
2026-01-22 03:00:00+00:00,0.12707620859146118,0.1273484081029892,0.12705299258232117,0.1273484081029892,563200
2026-01-22 03:15:00+00:00,0.1273697316646576,0.1273697316646576,0.1270643174648285,0.1270643174648285,177920
2026-01-22 03:30:00+00:00,0.12704738974571228,0.12704738974571228,0.12659390270709991,0.1266654133796692,2693888
2026-01-22 03:45:00+00:00,0.12667199969291687,0.1267663985490799,0.12667199969291687,0.1267663985490799,0
2026-01-22 04:00:00+00:00,0.12679383158683777,0.12715616822242737,0.12679383158683777,0.12709438800811768,2368128
2026-01-22 04:15:00+00:00,0.12705489993095398,0.12705489993095398,0.12690122425556183,0.1269969642162323,4505984
2026-01-22 04:30:00+00:00,0.12699830532073975,0.12715402245521545,0.12697455286979675,0.12715288996696472,799232
2026-01-22 04:45:00+00:00,0.12716181576251984,0.12720152735710144,0.12716181576251984,0.12717369198799133,602880
2026-01-22 05:00:00+00:00,0.12716548144817352,0.12716548144817352,0.12710809707641602,0.12710809707641602,704896
2026-01-22 05:15:00+00:00,0.12711000442504883,0.12711000442504883,0.12686015665531158,0.12686190009117126,0
2026-01-22 05:30:00+00:00,0.126860573887825,0.1268850713968277,0.12681004405021667,0.12682278454303741,0
2026-01-22 05:45:00+00:00,0.12682358920574188,0.12693941593170166,0.12676677107810974,0.12676677107810974,0
2026-01-22 06:00:00+00:00,0.12679076194763184,0.12699228525161743,0.12669309973716736,0.12669309973716736,0
2026-01-22 06:15:00+00:00,0.1267058253288269,0.12681575119495392,0.12651100754737854,0.12651100754737854,3684864
2026-01-22 06:30:00+00:00,0.12648750841617584,0.12674790620803833,0.12640663981437683,0.12674614787101746,0
2026-01-22 06:45:00+00:00,0.12675198912620544,0.1267964243888855,0.12661905586719513,0.12663623690605164,0
2026-01-22 07:00:00+00:00,0.12662681937217712,0.12664929032325745,0.12650269269943237,0.12650664150714874,3708672
2026-01-22 07:15:00+00:00,0.12641744315624237,0.12641744315624237,0.1260003298521042,0.12603306770324707,2123904
2026-01-22 07:30:00+00:00,0.12604311108589172,0.1263469010591507,0.12604311108589172,0.12630079686641693,0
2026-01-22 07:45:00+00:00,0.1263342946767807,0.1263342946767807,0.12606725096702576,0.12606725096702576,0
2026-01-22 08:00:00+00:00,0.1260281205177307,0.12632152438163757,0.1260281205177307,0.12615476548671722,93824
2026-01-22 08:15:00+00:00,0.12615831196308136,0.12615831196308136,0.1259661763906479,0.12596766650676727,420992
2026-01-22 08:30:00+00:00,0.12587544322013855,0.12587828934192657,0.1257525086402893,0.1257525086402893,0
2026-01-22 08:45:00+00:00,0.1257496029138565,0.12623131275177002,0.12569843232631683,0.12623131275177002,215936
2026-01-22 09:00:00+00:00,0.12629784643650055,0.12655799090862274,0.12623640894889832,0.12655799090862274,649088
2026-01-22 09:15:00+00:00,0.12654972076416016,0.12661559879779816,0.12652820348739624,0.1265953779220581,1929728
2026-01-22 09:30:00+00:00,0.12659385800361633,0.12697722017765045,0.12659385800361633,0.12697722017765045,4037632
2026-01-22 09:45:00+00:00,0.12698747217655182,0.12698747217655182,0.12685643136501312,0.12685643136501312,63616
2026-01-22 10:00:00+00:00,0.12685728073120117,0.12686781585216522,0.12671157717704773,0.1267165243625641,0
2026-01-22 10:15:00+00:00,0.12670858204364777,0.12670858204364777,0.12650878727436066,0.1265583038330078,5548544
2026-01-22 10:30:00+00:00,0.12655167281627655,0.12655167281627655,0.12646563351154327,0.12651313841342926,650624
2026-01-22 10:45:00+00:00,0.12653471529483795,0.12658868730068207,0.12649843096733093,0.12651920318603516,1064192
2026-01-22 11:00:00+00:00,0.1265234500169754,0.1265234500169754,0.12635943293571472,0.12637749314308167,0
2026-01-22 11:15:00+00:00,0.12638604640960693,0.12638604640960693,0.12577465176582336,0.12577901780605316,5575680
2026-01-22 11:30:00+00:00,0.1257820725440979,0.12587840855121613,0.1257622241973877,0.12577952444553375,5197184
2026-01-22 11:45:00+00:00,0.1257820725440979,0.12581510841846466,0.1257563829421997,0.12575943768024445,1323520
2026-01-22 12:00:00+00:00,0.12575861811637878,0.1258029043674469,0.12573403120040894,0.1257963627576828,0
2026-01-22 12:15:00+00:00,0.12579140067100525,0.12580151855945587,0.1256280392408371,0.1256280392408371,0
2026-01-22 12:30:00+00:00,0.12565699219703674,0.12576287984848022,0.12564265727996826,0.12564265727996826,0
2026-01-22 12:45:00+00:00,0.12566356360912323,0.12566356360912323,0.12557289004325867,0.12557508051395416,0
2026-01-22 13:00:00+00:00,0.1255604773759842,0.125602126121521,0.12546813488006592,0.1254759132862091,0
2026-01-22 13:15:00+00:00,0.12547647953033447,0.1257895827293396,0.12547647953033447,0.1257895827293396,1959808
2026-01-22 13:30:00+00:00,0.12578903138637543,0.12594188749790192,0.12525345385074615,0.12525345385074615,5656576
2026-01-22 13:45:00+00:00,0.12525255978107452,0.12533164024353027,0.12513728439807892,0.1253117471933365,3689728
2026-01-22 14:00:00+00:00,0.1253199279308319,0.12533466517925262,0.1252075731754303,0.12533119320869446,0
2026-01-22 14:15:00+00:00,0.12533462047576904,0.12540730834007263,0.12491451948881149,0.12491451948881149,0
2026-01-22 14:30:00+00:00,0.12491914629936218,0.12506531178951263,0.12467949837446213,0.12490502744913101,722816
2026-01-22 14:45:00+00:00,0.12489666789770126,0.12489666789770126,0.12415333092212677,0.12420289218425751,2929024
2026-01-22 15:00:00+00:00,0.1242082267999649,0.1242082267999649,0.12404598295688629,0.12406900525093079,0
2026-01-22 15:15:00+00:00,0.1242138147354126,0.12421394884586334,0.12359452992677689,0.12359452992677689,2154496
2026-01-22 15:30:00+00:00,0.12360767275094986,0.12398375570774078,0.12330227345228195,0.12398375570774078,1867520
2026-01-22 15:45:00+00:00,0.12400762736797333,0.12460348755121231,0.12400762736797333,0.12411992251873016,3070208
2026-01-22 16:00:00+00:00,0.12414126098155975,0.12450962513685226,0.12414126098155975,0.12439945340156555,1253120
2026-01-22 16:15:00+00:00,0.12438644468784332,0.12476995587348938,0.12415868788957596,0.12476995587348938,130304
2026-01-22 16:30:00+00:00,0.12472812831401825,0.12472812831401825,0.12450918555259705,0.12471914291381836,0
2026-01-22 16:45:00+00:00,0.12507228553295135,0.12530525028705597,0.12503798305988312,0.12503798305988312,0
2026-01-22 17:00:00+00:00,0.1250319629907608,0.12519147992134094,0.1250319629907608,0.12513315677642822,0
2026-01-22 17:15:00+00:00,0.1251329928636551,0.1251329928636551,0.12468413263559341,0.12468413263559341,0
2026-01-22 17:30:00+00:00,0.12469509243965149,0.12470061331987381,0.12456575036048889,0.1245846152305603,0
2026-01-22 17:45:00+00:00,0.1246071308851242,0.12516722083091736,0.1246071308851242,0.1251298040151596,0
2026-01-22 18:00:00+00:00,0.1251482218503952,0.1251482218503952,0.12483817338943481,0.12483817338943481,0
2026-01-22 18:15:00+00:00,0.12482002377510071,0.12509170174598694,0.12475870549678802,0.1247970312833786,342016
2026-01-22 18:30:00+00:00,0.12479634582996368,0.12497066706418991,0.12477798014879227,0.12477798014879227,0
2026-01-22 18:45:00+00:00,0.1247725859284401,0.1247725859284401,0.12420066446065903,0.12420066446065903,0
2026-01-22 19:00:00+00:00,0.12419556826353073,0.12435608357191086,0.12405236065387726,0.12435608357191086,0
2026-01-22 19:15:00+00:00,0.12434481829404831,0.12434481829404831,0.12424694001674652,0.12431032210588455,0
2026-01-22 19:30:00+00:00,0.1243223175406456,0.12488431483507156,0.1243223175406456,0.12487003207206726,0
2026-01-22 19:45:00+00:00,0.12489056587219238,0.12492235004901886,0.12473645061254501,0.1247369647026062,0
2026-01-22 20:00:00+00:00,0.12472853809595108,0.12472853809595108,0.1245221346616745,0.1245221346616745,0
2026-01-22 20:15:00+00:00,0.12454917281866074,0.1246718093752861,0.12399657815694809,0.12399657815694809,0
2026-01-22 20:30:00+00:00,0.12397405505180359,0.12397405505180359,0.12372402101755142,0.12373656779527664,3851072
2026-01-22 20:45:00+00:00,0.12372930347919464,0.1239326000213623,0.12372930347919464,0.12392880767583847,0
2026-01-22 21:00:00+00:00,0.12397878617048264,0.12414583563804626,0.12392611056566238,0.12414583563804626,0
2026-01-22 21:15:00+00:00,0.12414015084505081,0.12440166622400284,0.12413085252046585,0.12432870268821716,0
2026-01-22 21:30:00+00:00,0.12432710081338882,0.12432710081338882,0.12411562353372574,0.12411562353372574,0
2026-01-22 21:45:00+00:00,0.12408610433340073,0.12408610433340073,0.12392823398113251,0.12395501136779785,411520
2026-01-22 22:00:00+00:00,0.12395607680082321,0.12398871034383774,0.12388518452644348,0.12398871034383774,0
2026-01-22 22:15:00+00:00,0.12396207451820374,0.12404122948646545,0.12390600144863129,0.12403006851673126,0
2026-01-22 22:30:00+00:00,0.12402298301458359,0.12402298301458359,0.12379355728626251,0.12392426282167435,0
2026-01-22 22:45:00+00:00,0.12392988055944443,0.12416975200176239,0.12392988055944443,0.12415701150894165,3233728
2026-01-22 23:00:00+00:00,0.12413691729307175,0.12414506822824478,0.1237572655081749,0.12394724041223526,206016
2026-01-22 23:15:00+00:00,0.12395595014095306,0.12419722974300385,0.12395595014095306,0.12418518215417862,0
2026-01-22 23:30:00+00:00,0.12419179826974869,0.12426877021789551,0.12409058958292007,0.12409058958292007,0
2026-01-22 23:45:00+00:00,0.12409058213233948,0.1242014542222023,0.12405822426080704,0.1242014542222023,0
2026-01-23 00:00:00+00:00,0.12420658022165298,0.12425169348716736,0.12417037039995193,0.12425169348716736,0
2026-01-23 00:15:00+00:00,0.12425697594881058,0.12432608753442764,0.12422110885381699,0.12422110885381699,0
2026-01-23 00:30:00+00:00,0.12421906739473343,0.12423254549503326,0.12404695898294449,0.12422960996627808,0
2026-01-23 00:45:00+00:00,0.12422457337379456,0.1244051605463028,0.12419545650482178,0.12438982725143433,0
2026-01-23 01:00:00+00:00,0.12433867156505585,0.12445607781410217,0.12433867156505585,0.12444625794887543,2015296
2026-01-23 01:15:00+00:00,0.12444265186786652,0.12458927184343338,0.1244422122836113,0.12458927184343338,0
2026-01-23 01:30:00+00:00,0.12473151832818985,0.12501488626003265,0.12473151832818985,0.1248990148305893,10727872
2026-01-23 01:45:00+00:00,0.12490081787109375,0.12517376244068146,0.12490081787109375,0.12517374753952026,3094464
2026-01-23 02:00:00+00:00,0.12519222497940063,0.12519222497940063,0.1250034123659134,0.12502720952033997,785536
2026-01-23 02:15:00+00:00,0.12502670288085938,0.12503278255462646,0.124871164560318,0.12487461417913437,0
2026-01-23 02:30:00+00:00,0.12487597018480301,0.12497662752866745,0.12487597018480301,0.12497662752866745,0
2026-01-23 02:45:00+00:00,0.12496288120746613,0.12496288120746613,0.1246723160147667,0.1246723160147667,912256
2026-01-23 03:00:00+00:00,0.12468189001083374,0.12499736249446869,0.12464504688978195,0.12499679625034332,1262144
2026-01-23 03:15:00+00:00,0.12500928342342377,0.12546207010746002,0.12500928342342377,0.12544123828411102,8265984
2026-01-23 03:30:00+00:00,0.1254396289587021,0.12549430131912231,0.1253753900527954,0.12539397180080414,0
2026-01-23 03:45:00+00:00,0.12539991736412048,0.12540771067142487,0.1253538429737091,0.12535622715950012,2980672
2026-01-23 04:00:00+00:00,0.12536132335662842,0.12538114190101624,0.12528719007968903,0.12538017332553864,5138304
2026-01-23 04:15:00+00:00,0.12538017332553864,0.12555739283561707,0.12538017332553864,0.12555739283561707,497920
2026-01-23 04:30:00+00:00,0.12555719912052155,0.12556111812591553,0.125486820936203,0.12556111812591553,2210944
2026-01-23 04:45:00+00:00,0.12556518614292145,0.12574011087417603,0.12556518614292145,0.12571856379508972,3645952
2026-01-23 05:00:00+00:00,0.12571366131305695,0.12571366131305695,0.12549130618572235,0.12549130618572235,0
2026-01-23 05:15:00+00:00,0.1254970282316208,0.1255028247833252,0.1253279447555542,0.12533508241176605,819840
2026-01-23 05:30:00+00:00,0.12534388899803162,0.12536095082759857,0.12526968121528625,0.12529872357845306,864640
2026-01-23 05:45:00+00:00,0.12529690563678741,0.12529690563678741,0.1250750869512558,0.12509655952453613,1004672
2026-01-23 06:00:00+00:00,0.12510637938976288,0.12556135654449463,0.12510637938976288,0.12556135654449463,1469568
2026-01-23 06:15:00+00:00,0.12556013464927673,0.12567980587482452,0.12531690299510956,0.12531690299510956,400192
2026-01-23 06:30:00+00:00,0.1251726895570755,0.12536267936229706,0.12504583597183228,0.1253604292869568,2473856
2026-01-23 06:45:00+00:00,0.12536509335041046,0.12538449466228485,0.12498820573091507,0.12498820573091507,12111744
2026-01-23 07:00:00+00:00,0.12498333305120468,0.12501785159111023,0.12486771494150162,0.12487751245498657,2363904
2026-01-23 07:15:00+00:00,0.12488684803247452,0.12509483098983765,0.12488684803247452,0.1250677853822708,0
2026-01-23 07:30:00+00:00,0.12506608664989471,0.12514854967594147,0.12506608664989471,0.12509790062904358,0
2026-01-23 07:45:00+00:00,0.12509793043136597,0.12509793043136597,0.12489934265613556,0.12494860589504242,398208
2026-01-23 08:00:00+00:00,0.12495523691177368,0.12506785988807678,0.12491682916879654,0.12506785988807678,0
2026-01-23 08:15:00+00:00,0.12507618963718414,0.12508173286914825,0.12492677569389343,0.12492677569389343,0
2026-01-23 08:30:00+00:00,0.12492452561855316,0.12492452561855316,0.12449360638856888,0.12451577186584473,6081536
2026-01-23 08:45:00+00:00,0.12450574338436127,0.12451860308647156,0.12422067672014236,0.12425873428583145,3081920
2026-01-23 09:00:00+00:00,0.12428081035614014,0.12480949610471725,0.12428081035614014,0.12480949610471725,3365504
2026-01-23 09:15:00+00:00,0.1248079314827919,0.1248079314827919,0.12462223321199417,0.12462223321199417,966016
2026-01-23 09:30:00+00:00,0.12462027370929718,0.1246865913271904,0.1244521364569664,0.12468653172254562,233088
2026-01-23 09:45:00+00:00,0.12467324733734131,0.12467324733734131,0.12461644411087036,0.12465273588895798,2638592
2026-01-23 10:00:00+00:00,0.12465458363294601,0.12481380999088287,0.12465458363294601,0.12478175014257431,498176
2026-01-23 10:15:00+00:00,0.1248013973236084,0.12501753866672516,0.1248013973236084,0.12484508007764816,141056
2026-01-23 10:30:00+00:00,0.12484366446733475,0.12484366446733475,0.12467475980520248,0.12473646551370621,0
2026-01-23 10:45:00+00:00,0.12475045770406723,0.1248636320233345,0.12475045770406723,0.12484616786241531,1090816
2026-01-23 11:00:00+00:00,0.12484662979841232,0.12514863908290863,0.12483996897935867,0.12514863908290863,2002048
2026-01-23 11:15:00+00:00,0.12514358758926392,0.125166654586792,0.12507326900959015,0.12509667873382568,0
2026-01-23 11:30:00+00:00,0.12509877979755402,0.1252191662788391,0.12507785856723785,0.12520964443683624,0
2026-01-23 11:45:00+00:00,0.12520959973335266,0.12520959973335266,0.12504571676254272,0.12504571676254272,665472
2026-01-23 12:00:00+00:00,0.125053271651268,0.12513704597949982,0.1250343769788742,0.12509725987911224,0
2026-01-23 12:15:00+00:00,0.1250981241464615,0.1250981241464615,0.1249205693602562,0.12502126395702362,48960
2026-01-23 12:30:00+00:00,0.12501706182956696,0.12501706182956696,0.12488430738449097,0.12492974102497101,0
2026-01-23 12:45:00+00:00,0.12492746859788895,0.1250569373369217,0.12492746859788895,0.12500526010990143,36544
2026-01-23 13:00:00+00:00,0.1250014752149582,0.12500180304050446,0.12487871944904327,0.12488792836666107,0
2026-01-23 13:15:00+00:00,0.12489233911037445,0.12494327127933502,0.12489233911037445,0.12489302456378937,0
2026-01-23 13:30:00+00:00,0.12488646805286407,0.12488646805286407,0.12456534057855606,0.12456534057855606,0
2026-01-23 13:45:00+00:00,0.12456315010786057,0.12464595586061478,0.12444377690553665,0.12444377690553665,0
2026-01-23 14:00:00+00:00,0.12444683164358139,0.12444683164358139,0.12415877729654312,0.1241680309176445,1782720
2026-01-23 14:15:00+00:00,0.12416341155767441,0.12416341155767441,0.12383740395307541,0.12388313561677933,5501760
2026-01-23 14:30:00+00:00,0.12390271574258804,0.12404853850603104,0.12249674648046494,0.12270902842283249,25352320
2026-01-23 14:45:00+00:00,0.12254787981510162,0.12273111939430237,0.12220253050327301,0.12268421053886414,1684800
2026-01-23 15:00:00+00:00,0.12268891930580139,0.12315831333398819,0.12268891930580139,0.12310510873794556,586560
2026-01-23 15:15:00+00:00,0.1230645552277565,0.12347032129764557,0.12271919846534729,0.12347032129764557,5687360
2026-01-23 15:30:00+00:00,0.12344919890165329,0.12369952350854874,0.12333788722753525,0.12369952350854874,1486848
2026-01-23 15:45:00+00:00,0.12370086461305618,0.12439098209142685,0.12370086461305618,0.12439098209142685,5422720
2026-01-23 16:00:00+00:00,0.12442445755004883,0.12486228346824646,0.12442445755004883,0.12486228346824646,0
2026-01-23 16:15:00+00:00,0.12487811595201492,0.12487950176000595,0.12452470511198044,0.12452470511198044,229952
2026-01-23 16:30:00+00:00,0.12452695518732071,0.12585601210594177,0.12438766658306122,0.12585601210594177,12246912
2026-01-23 16:45:00+00:00,0.12589101493358612,0.1260707676410675,0.12568458914756775,0.12568458914756775,520192
2026-01-23 17:00:00+00:00,0.12569330632686615,0.12569330632686615,0.12504877150058746,0.125054731965065,275200
2026-01-23 17:15:00+00:00,0.1250411421060562,0.1265847086906433,0.1250411421060562,0.12655796110630035,19226944
2026-01-23 17:30:00+00:00,0.12656278908252716,0.12729761004447937,0.12656278908252716,0.12699493765830994,32432192
2026-01-23 17:45:00+00:00,0.12699447572231293,0.12707459926605225,0.12631730735301971,0.12631730735301971,4149504
2026-01-23 18:00:00+00:00,0.1263066828250885,0.12680330872535706,0.12620297074317932,0.12664873898029327,4877312
2026-01-23 18:15:00+00:00,0.12656529247760773,0.126656174659729,0.12642790377140045,0.12655982375144958,2044864
2026-01-23 18:30:00+00:00,0.12654909491539001,0.1268247663974762,0.12652620673179626,0.12653429806232452,1501760
2026-01-23 18:45:00+00:00,0.1265462189912796,0.1265462189912796,0.12633079290390015,0.12640920281410217,1094016
2026-01-23 19:00:00+00:00,0.1263325959444046,0.1263325959444046,0.1256917268037796,0.1257709562778473,8753536
2026-01-23 19:15:00+00:00,0.12576565146446228,0.12576565146446228,0.12495392560958862,0.1250499188899994,19848576
2026-01-23 19:30:00+00:00,0.12478772550821304,0.12478772550821304,0.12455818057060242,0.12463010847568512,15723520
2026-01-23 19:45:00+00:00,0.12463606148958206,0.12468221783638,0.12447352707386017,0.12452849745750427,1709632
2026-01-23 20:00:00+00:00,0.12452314049005508,0.12475879490375519,0.12452314049005508,0.12475879490375519,1596864
2026-01-23 20:15:00+00:00,0.12475632131099701,0.12477151304483414,0.12448886781930923,0.12448886781930923,0
2026-01-23 20:30:00+00:00,0.12446265667676926,0.12446265667676926,0.12328989058732986,0.12349438667297363,4848448
2026-01-23 20:45:00+00:00,0.12348758429288864,0.12372523546218872,0.12347736209630966,0.12372523546218872,2474560
2026-01-23 21:00:00+00:00,0.12367250770330429,0.1241784542798996,0.12361877411603928,0.1241784542798996,2576384
2026-01-23 21:15:00+00:00,0.12417754530906677,0.12432931363582611,0.12412835657596588,0.12429460883140564,1327872
2026-01-23 21:30:00+00:00,0.12428576499223709,0.12428576499223709,0.1241253986954689,0.1241253986954689,250048
2026-01-23 21:45:00+00:00,0.12414047867059708,0.1242092177271843,0.12414047867059708,0.12416499853134155,544768
2026-01-23 22:00:00+00:00,0.12416017800569534,0.12456043064594269,0.12410049885511398,0.12452998012304306,640384
2026-01-23 22:15:00+00:00,0.12453010678291321,0.12461124360561371,0.1244359239935875,0.12461124360561371,247296
2026-01-23 22:30:00+00:00,0.12461154907941818,0.12484241276979446,0.12461154907941818,0.12483973056077957,3102848
2026-01-23 22:45:00+00:00,0.12482178956270218,0.12485717236995697,0.12471742928028107,0.12485717236995697,856704
2026-01-23 23:00:00+00:00,0.12485997378826141,0.12485997378826141,0.12445224821567535,0.12448977679014206,1929536
2026-01-23 23:15:00+00:00,0.12447968870401382,0.12456228584051132,0.12441786378622055,0.12449028342962265,244160
2026-01-23 23:30:00+00:00,0.12447578459978104,0.12452240288257599,0.12440141290426254,0.12452240288257599,2636800
2026-01-23 23:45:00+00:00,0.12451643496751785,0.12465481460094452,0.12451643496751785,0.12465481460094452,439360
2026-01-24 00:00:00+00:00,0.12464123964309692,0.12464123964309692,0.12439434230327606,0.12439434230327606,0
2026-01-24 00:15:00+00:00,0.12440255284309387,0.12450999766588211,0.12436578422784805,0.12449587136507034,0
2026-01-24 00:30:00+00:00,0.12449157983064651,0.12463893741369247,0.12446017563343048,0.124515101313591,0
2026-01-24 00:45:00+00:00,0.12451693415641785,0.12451693415641785,0.12434419244527817,0.12434419244527817,0
2026-01-24 01:00:00+00:00,0.12426029145717621,0.1243225634098053,0.12422958761453629,0.12422958761453629,0
2026-01-24 01:15:00+00:00,0.12422306835651398,0.12430526316165924,0.12422306835651398,0.12427553534507751,0
2026-01-24 01:30:00+00:00,0.1242774948477745,0.1242774948477745,0.12407706677913666,0.12407741695642471,0
2026-01-24 01:45:00+00:00,0.12407920509576797,0.12408516556024551,0.12402885407209396,0.12405657768249512,0
2026-01-24 02:00:00+00:00,0.124069444835186,0.12424014508724213,0.124069444835186,0.12424014508724213,0
2026-01-24 02:15:00+00:00,0.12424241006374359,0.12428288906812668,0.12422897666692734,0.12427724897861481,0
2026-01-24 02:30:00+00:00,0.12427835166454315,0.12427835166454315,0.12420974671840668,0.12426410615444183,0
2026-01-24 02:45:00+00:00,0.12426574528217316,0.12426574528217316,0.12416385114192963,0.12416855245828629,0
2026-01-24 03:00:00+00:00,0.12416618317365646,0.12458057701587677,0.12415847182273865,0.12458057701587677,729600
2026-01-24 03:15:00+00:00,0.12458372861146927,0.1245972067117691,0.12444274127483368,0.12452297657728195,0
2026-01-24 03:30:00+00:00,0.1245478168129921,0.12458516657352448,0.12446077913045883,0.12446712702512741,472832
2026-01-24 03:45:00+00:00,0.1244690865278244,0.1244690865278244,0.12429258227348328,0.12429258227348328,327104
2026-01-24 04:00:00+00:00,0.12428984045982361,0.12451228499412537,0.12426870316267014,0.12451228499412537,0
2026-01-24 04:15:00+00:00,0.12451738119125366,0.12461131066083908,0.12445718795061111,0.12445718795061111,0
2026-01-24 04:30:00+00:00,0.1244591474533081,0.12446828931570053,0.12439786642789841,0.12446828931570053,0
2026-01-24 04:45:00+00:00,0.12446459382772446,0.12448135763406754,0.12439851462841034,0.12439851462841034,0
2026-01-24 05:00:00+00:00,0.12439292669296265,0.12440196424722672,0.12428150326013565,0.12428150326013565,1172672
2026-01-24 05:15:00+00:00,0.12427984178066254,0.12435626238584518,0.12425576150417328,0.12432348728179932,556224
2026-01-24 05:30:00+00:00,0.12432477623224258,0.1243579164147377,0.12427598237991333,0.12427598237991333,332096
2026-01-24 05:45:00+00:00,0.1242804154753685,0.12429599463939667,0.12423744797706604,0.12428194284439087,0
2026-01-24 06:00:00+00:00,0.12429771572351456,0.12436103075742722,0.12429708242416382,0.12435396760702133,0
2026-01-24 06:15:00+00:00,0.12436399608850479,0.1243707686662674,0.12420817464590073,0.12420976161956787,0
2026-01-24 06:30:00+00:00,0.12421055138111115,0.12429064512252808,0.12421055138111115,0.12429064512252808,0
2026-01-24 06:45:00+00:00,0.12428823858499527,0.12430515140295029,0.12426139414310455,0.12427672743797302,0
2026-01-24 07:00:00+00:00,0.12427579611539841,0.12427721917629242,0.12423240393400192,0.12424059212207794,0
2026-01-24 07:15:00+00:00,0.12423692643642426,0.12423692643642426,0.1239839717745781,0.1239839717745781,890880
2026-01-24 07:30:00+00:00,0.12397153675556183,0.12397153675556183,0.12390261888504028,0.12392012774944305,0
2026-01-24 07:45:00+00:00,0.12392716109752655,0.12404534220695496,0.12392716109752655,0.12403178960084915,606080
2026-01-24 08:00:00+00:00,0.1240338385105133,0.1240338385105133,0.12398962676525116,0.12402258813381195,1218688
2026-01-24 08:15:00+00:00,0.1240239366889,0.12414906173944473,0.1240239366889,0.12414857000112534,0
2026-01-24 08:30:00+00:00,0.12413051724433899,0.12434440106153488,0.12413051724433899,0.12434440106153488,0
2026-01-24 08:45:00+00:00,0.12434307485818863,0.12446112930774689,0.12434307485818863,0.12446112930774689,0
2026-01-24 09:00:00+00:00,0.12445781379938126,0.12447155267000198,0.1243324726819992,0.12441190332174301,0
2026-01-24 09:15:00+00:00,0.12439528852701187,0.12439528852701187,0.12434758991003036,0.12435545772314072,0
2026-01-24 09:30:00+00:00,0.12435518205165863,0.12439478933811188,0.12433217465877533,0.12439190596342087,0
2026-01-24 09:45:00+00:00,0.12439568340778351,0.12440391629934311,0.12431581318378448,0.12431619316339493,0
2026-01-24 10:00:00+00:00,0.12431565672159195,0.12431906163692474,0.12426824122667313,0.12426824122667313,0
2026-01-24 10:15:00+00:00,0.12428290396928787,0.12428676337003708,0.12422991544008255,0.12428676337003708,67840
2026-01-24 10:30:00+00:00,0.12428052723407745,0.12438022345304489,0.12428052723407745,0.12437927722930908,501888
2026-01-24 10:45:00+00:00,0.12438050657510757,0.12458924949169159,0.12438050657510757,0.12458650022745132,320000
2026-01-24 11:00:00+00:00,0.12458436191082001,0.12458436191082001,0.12452370673418045,0.12453187257051468,0
2026-01-24 11:15:00+00:00,0.12456182390451431,0.12460754066705704,0.12455975264310837,0.12456519901752472,676032
2026-01-24 11:30:00+00:00,0.12454671412706375,0.1246359795331955,0.12454671412706375,0.1246359795331955,0
2026-01-24 11:45:00+00:00,0.1246459111571312,0.12468718737363815,0.12449779361486435,0.12449779361486435,0
2026-01-24 12:00:00+00:00,0.12449190020561218,0.12449190020561218,0.12437134981155396,0.12437134981155396,0
2026-01-24 12:15:00+00:00,0.12435490638017654,0.12438356876373291,0.12430626899003983,0.12437968701124191,438720
2026-01-24 12:30:00+00:00,0.12438631057739258,0.12451823055744171,0.12438631057739258,0.12445484846830368,908736
2026-01-24 12:45:00+00:00,0.12444979697465897,0.12444979697465897,0.12438000738620758,0.12438932806253433,1874816
2026-01-24 13:00:00+00:00,0.12438907474279404,0.1243918240070343,0.1243136078119278,0.1243136078119278,1084672
2026-01-24 13:15:00+00:00,0.12430038303136826,0.12430038303136826,0.12421077489852905,0.12421314418315887,288256
2026-01-24 13:30:00+00:00,0.12421392649412155,0.1242235079407692,0.12420986592769623,0.12421882897615433,0
2026-01-24 13:45:00+00:00,0.12422004342079163,0.124355249106884,0.12422004342079163,0.12428577989339828,476672
2026-01-24 14:00:00+00:00,0.12426473945379257,0.12426473945379257,0.12394508719444275,0.12396357208490372,2382144
2026-01-24 14:15:00+00:00,0.12395188212394714,0.12399338185787201,0.12388001382350922,0.12388001382350922,0
2026-01-24 14:30:00+00:00,0.12387207895517349,0.12394235283136368,0.12385501712560654,0.1239420473575592,0
2026-01-24 14:45:00+00:00,0.1239398866891861,0.1239672303199768,0.12392792850732803,0.12392835319042206,0
2026-01-24 15:00:00+00:00,0.12393025308847427,0.12400936335325241,0.12393025308847427,0.1239917129278183,0
2026-01-24 15:15:00+00:00,0.12400338798761368,0.12404775619506836,0.1239287331700325,0.1239287331700325,0
2026-01-24 15:30:00+00:00,0.12392082810401917,0.12392082810401917,0.12364053726196289,0.12364053726196289,0
2026-01-24 15:45:00+00:00,0.12363477796316147,0.12363477796316147,0.1234850063920021,0.12351071089506149,0
2026-01-24 16:00:00+00:00,0.12351109832525253,0.12351109832525253,0.12326089292764664,0.12326089292764664,0
2026-01-24 16:15:00+00:00,0.1231793612241745,0.1232108399271965,0.12301439791917801,0.1232108399271965,7016320
2026-01-24 16:30:00+00:00,0.12321347743272781,0.1233312264084816,0.12321347743272781,0.12332718074321747,0
2026-01-24 16:45:00+00:00,0.12331872433423996,0.12372978776693344,0.12331872433423996,0.12372346967458725,181504
2026-01-24 17:00:00+00:00,0.12372739613056183,0.12373893707990646,0.12359656393527985,0.12371696531772614,0
2026-01-24 17:15:00+00:00,0.12370878458023071,0.12390836328268051,0.12370878458023071,0.12389959394931793,0
2026-01-24 17:30:00+00:00,0.12390224635601044,0.12391610443592072,0.12381448596715927,0.1238790825009346,0
2026-01-24 17:45:00+00:00,0.1238713189959526,0.12388566136360168,0.12381900101900101,0.12388566136360168,0
2026-01-24 18:00:00+00:00,0.1239442378282547,0.1239442378282547,0.12388712167739868,0.12388712167739868,0
2026-01-24 18:15:00+00:00,0.12388265132904053,0.12388304620981216,0.1238538846373558,0.1238614171743393,0
2026-01-24 18:30:00+00:00,0.12386804819107056,0.12399045377969742,0.12386804819107056,0.12397917360067368,0
2026-01-24 18:45:00+00:00,0.12397142499685287,0.12397142499685287,0.12387168407440186,0.12389334291219711,0
2026-01-24 19:00:00+00:00,0.12389273196458817,0.12389273196458817,0.12381593883037567,0.12381593883037567,0
2026-01-24 19:15:00+00:00,0.12381023168563843,0.12383189052343369,0.12375999987125397,0.12383189052343369,0
2026-01-24 19:30:00+00:00,0.12386705726385117,0.12395946681499481,0.12386705726385117,0.12395564466714859,0
2026-01-24 19:45:00+00:00,0.12396004050970078,0.12399198114871979,0.12395598739385605,0.12395598739385605,318976
2026-01-24 20:00:00+00:00,0.12395678460597992,0.1241438090801239,0.12395678460597992,0.1241438090801239,0
2026-01-24 20:15:00+00:00,0.12414445728063583,0.12428831309080124,0.12414445728063583,0.1242264062166214,0
2026-01-24 20:30:00+00:00,0.12419618666172028,0.12419842183589935,0.12412072718143463,0.12412072718143463,0
2026-01-24 20:45:00+00:00,0.12408538162708282,0.12408538162708282,0.12404599785804749,0.12405193597078323,0
2026-01-24 21:00:00+00:00,0.12404635548591614,0.12404635548591614,0.12393847107887268,0.12393847107887268,0
2026-01-24 21:15:00+00:00,0.12395136803388596,0.12405779957771301,0.12395136803388596,0.1240517795085907,402048
2026-01-24 21:30:00+00:00,0.12404987961053848,0.1240510642528534,0.124020054936409,0.12403660267591476,0
2026-01-24 21:45:00+00:00,0.12404187768697739,0.12413201481103897,0.12404187768697739,0.12413201481103897,773792
2026-01-24 22:00:00+00:00,0.12413140386343002,0.12426058948040009,0.12413140386343002,0.12426058948040009,0
2026-01-24 22:15:00+00:00,0.12425195425748825,0.12446567416191101,0.12425195425748825,0.12444283813238144,847520
2026-01-24 22:30:00+00:00,0.12443757057189941,0.12443757057189941,0.12434235960245132,0.12434235960245132,0
2026-01-24 22:45:00+00:00,0.12434325367212296,0.12443576753139496,0.12433895468711853,0.12437175214290619,262784
2026-01-24 23:00:00+00:00,0.12438493221998215,0.12441956251859665,0.12433174252510071,0.12435799837112427,0
2026-01-24 23:15:00+00:00,0.12436015903949738,0.12436015903949738,0.12426301836967468,0.12426301836967468,0
2026-01-24 23:30:00+00:00,0.12426698207855225,0.12426698207855225,0.12412803620100021,0.12412803620100021,0
2026-01-24 23:45:00+00:00,0.12413598597049713,0.12413598597049713,0.1240893080830574,0.12409866601228714,22880
2026-01-25 00:00:00+00:00,0.12409409135580063,0.12413634359836578,0.12407875061035156,0.12412155419588089,0
2026-01-25 00:15:00+00:00,0.12411440163850784,0.12411440163850784,0.1238560825586319,0.1238560825586319,5913472
2026-01-25 00:30:00+00:00,0.12385723739862442,0.12390688061714172,0.12382035702466965,0.12384812533855438,8788352
2026-01-25 00:45:00+00:00,0.12385411560535431,0.12399138510227203,0.12385411560535431,0.12399138510227203,1245344
2026-01-25 01:00:00+00:00,0.12399230152368546,0.1240222156047821,0.12397182732820511,0.12397182732820511,542208
2026-01-25 01:15:00+00:00,0.12396833300590515,0.12396833300590515,0.123676598072052,0.123676598072052,1084320
2026-01-25 01:30:00+00:00,0.12365050613880157,0.12365050613880157,0.12352561950683594,0.12352561950683594,2901472
2026-01-25 01:45:00+00:00,0.12351904809474945,0.12355997413396835,0.12347554415464401,0.12348321825265884,5168448
2026-01-25 02:00:00+00:00,0.12348897010087967,0.12372124940156937,0.12348897010087967,0.12370020151138306,895296
2026-01-25 02:15:00+00:00,0.12369952350854874,0.1237117275595665,0.12363943457603455,0.12363943457603455,571968
2026-01-25 02:30:00+00:00,0.12363725900650024,0.12367184460163116,0.1235976293683052,0.12366772443056107,779008
2026-01-25 02:45:00+00:00,0.12366025894880295,0.12374474853277206,0.12362584471702576,0.12371844798326492,0
2026-01-25 03:00:00+00:00,0.12372066080570221,0.12372066080570221,0.12364233285188675,0.12364233285188675,0
2026-01-25 03:15:00+00:00,0.12363885343074799,0.12363885343074799,0.12328389286994934,0.12328499555587769,1360544
2026-01-25 03:30:00+00:00,0.1232847347855568,0.1232847347855568,0.12302040308713913,0.12305223941802979,4793216
2026-01-25 03:45:00+00:00,0.1230551153421402,0.12315837293863297,0.12298166751861572,0.12315746396780014,3597088
2026-01-25 04:00:00+00:00,0.12314029783010483,0.12323077023029327,0.1231217309832573,0.12315615266561508,1635488
2026-01-25 04:15:00+00:00,0.12314620614051819,0.12314620614051819,0.12305997312068939,0.12309758365154266,0
2026-01-25 04:30:00+00:00,0.12310052663087845,0.12337196618318558,0.12310052663087845,0.12332898378372192,981376
2026-01-25 04:45:00+00:00,0.1233317106962204,0.1233317106962204,0.12323568761348724,0.12323568761348724,311648
2026-01-25 05:00:00+00:00,0.12323307991027832,0.12323307991027832,0.12317568063735962,0.12318263202905655,3552
2026-01-25 05:15:00+00:00,0.12318480014801025,0.12323066592216492,0.12318170815706253,0.12323066592216492,0
2026-01-25 05:30:00+00:00,0.12323937565088272,0.12327400594949722,0.12312939763069153,0.12312939763069153,1703648
2026-01-25 05:45:00+00:00,0.12312953919172287,0.12324754148721695,0.12311136722564697,0.12324754148721695,339808
2026-01-25 06:00:00+00:00,0.12324579060077667,0.12324579060077667,0.12287437170743942,0.12287437170743942,1917600
2026-01-25 06:15:00+00:00,0.12288109958171844,0.12300834059715271,0.12286849319934845,0.1229894757270813,2789184
2026-01-25 06:30:00+00:00,0.12298815697431564,0.12307915091514587,0.12295511364936829,0.12306175380945206,3567200
2026-01-25 06:45:00+00:00,0.12307050079107285,0.12310289591550827,0.12296679615974426,0.12296679615974426,611904
2026-01-25 07:00:00+00:00,0.12297346442937851,0.12297920882701874,0.12281560152769089,0.12282641977071762,1025408
2026-01-25 07:15:00+00:00,0.1228167936205864,0.1228167936205864,0.12257923185825348,0.12272188812494278,1679488
2026-01-25 07:30:00+00:00,0.12272682040929794,0.12286156415939331,0.12272682040929794,0.12285784631967545,1052000
2026-01-25 07:45:00+00:00,0.12285591661930084,0.12285591661930084,0.12274351716041565,0.12274738401174545,0
2026-01-25 08:00:00+00:00,0.12274947762489319,0.12288295477628708,0.12274947762489319,0.12287864834070206,47872
2026-01-25 08:15:00+00:00,0.12284572422504425,0.12284572422504425,0.1227509006857872,0.12282787263393402,1118560
2026-01-25 08:30:00+00:00,0.12282483279705048,0.12282483279705048,0.12244945764541626,0.12244945764541626,6016224
2026-01-25 08:45:00+00:00,0.12246575206518173,0.12256045639514923,0.12238885462284088,0.1225510910153389,2637760
2026-01-25 09:00:00+00:00,0.12254053354263306,0.12254053354263306,0.12245918810367584,0.12250997126102448,1907936
2026-01-25 09:15:00+00:00,0.12254606187343597,0.12260442972183228,0.12253855168819427,0.12260442972183228,2246944
2026-01-25 09:30:00+00:00,0.12263371050357819,0.1229342520236969,0.12263371050357819,0.1229342520236969,4039360
2026-01-25 09:45:00+00:00,0.12293588370084763,0.12312767654657364,0.12293588370084763,0.12299367785453796,6886048
2026-01-25 10:00:00+00:00,0.12299126386642456,0.12302152812480927,0.12291698157787323,0.12296886742115021,4881056
2026-01-25 10:15:00+00:00,0.12296994030475616,0.12324447184801102,0.12296994030475616,0.12324447184801102,2493792
2026-01-25 10:30:00+00:00,0.12325840443372726,0.12341749668121338,0.12325840443372726,0.12341656535863876,4546368
2026-01-25 10:45:00+00:00,0.12341558188199997,0.12341558188199997,0.1232810914516449,0.12330450117588043,1074912
2026-01-25 11:00:00+00:00,0.12330382317304611,0.12330382317304611,0.12309245765209198,0.12311219424009323,350176
2026-01-25 11:15:00+00:00,0.12311052531003952,0.12332483381032944,0.12311052531003952,0.12332483381032944,522304
2026-01-25 11:30:00+00:00,0.12332641333341599,0.12332641333341599,0.12314509600400925,0.12314984202384949,919040
2026-01-25 11:45:00+00:00,0.12313789874315262,0.12314155697822571,0.12305781990289688,0.1231081560254097,1025344
2026-01-25 12:00:00+00:00,0.12310763448476791,0.12311011552810669,0.12301797419786453,0.12305988371372223,1104928
2026-01-25 12:15:00+00:00,0.12306399643421173,0.12310287356376648,0.1228727400302887,0.1228727400302887,1706624
2026-01-25 12:30:00+00:00,0.12286590039730072,0.12286590039730072,0.12272533774375916,0.12281183898448944,181728
2026-01-25 12:45:00+00:00,0.12281546741724014,0.12298914790153503,0.12281546741724014,0.12298914790153503,1929888
2026-01-25 13:00:00+00:00,0.12298907339572906,0.12313851714134216,0.12298907339572906,0.12306142598390579,90368
2026-01-25 13:15:00+00:00,0.12305425107479095,0.12311400473117828,0.1229783445596695,0.1229783445596695,209472
2026-01-25 13:30:00+00:00,0.12297321110963821,0.12297321110963821,0.12281671911478043,0.12293235212564468,1959968
2026-01-25 13:45:00+00:00,0.12293052673339844,0.12308360636234283,0.12293052673339844,0.12306352704763412,803616
2026-01-25 14:00:00+00:00,0.12306474894285202,0.1230655089020729,0.12271460145711899,0.12271460145711899,0
2026-01-25 14:15:00+00:00,0.12265948951244354,0.12265948951244354,0.12206895649433136,0.12206895649433136,5100032
2026-01-25 14:30:00+00:00,0.1221756860613823,0.1221756860613823,0.12190332263708115,0.12195689976215363,6228192
2026-01-25 14:45:00+00:00,0.12195876240730286,0.12195876240730286,0.12180359661579132,0.12188321352005005,6381600
2026-01-25 15:00:00+00:00,0.12189006060361862,0.12208964675664902,0.12189006060361862,0.12208964675664902,2181600
2026-01-25 15:15:00+00:00,0.12208876013755798,0.12224350869655609,0.12206225842237473,0.12224350869655609,12655232
2026-01-25 15:30:00+00:00,0.12224428355693817,0.12248636782169342,0.12224428355693817,0.12245145440101624,5000288
2026-01-25 15:45:00+00:00,0.12244906276464462,0.12244906276464462,0.12214411050081253,0.12214411050081253,6415712
2026-01-25 16:00:00+00:00,0.12214800715446472,0.12214800715446472,0.12081507593393326,0.12081507593393326,37621696
2026-01-25 16:15:00+00:00,0.12084288150072098,0.12084288150072098,0.12001821398735046,0.12022219598293304,53883840
2026-01-25 16:30:00+00:00,0.12023549526929855,0.12055045366287231,0.12021426856517792,0.12035705149173737,29468736
2026-01-25 16:45:00+00:00,0.12032020837068558,0.12062475830316544,0.12028045952320099,0.12061740458011627,10541248
2026-01-25 17:00:00+00:00,0.12061787396669388,0.12084005773067474,0.12061787396669388,0.12070252001285553,7535744
2026-01-25 17:15:00+00:00,0.12069614976644516,0.12069614976644516,0.12041257321834564,0.12041587382555008,6276288
2026-01-25 17:30:00+00:00,0.12041948735713959,0.12069675326347351,0.12040579319000244,0.12069675326347351,2490496
2026-01-25 17:45:00+00:00,0.1207214742898941,0.12092072516679764,0.1206887736916542,0.1206887736916542,5372032
2026-01-25 18:00:00+00:00,0.12068697065114975,0.12068697065114975,0.12045884132385254,0.12046702206134796,11861760
2026-01-25 18:15:00+00:00,0.12046553939580917,0.12048882246017456,0.1201990395784378,0.1201990395784378,29484480
2026-01-25 18:30:00+00:00,0.12020456045866013,0.12020456045866013,0.1196865513920784,0.1196865513920784,21846272
2026-01-25 18:45:00+00:00,0.11963942646980286,0.12006141245365143,0.11953315883874893,0.12006141245365143,21549888
2026-01-25 19:00:00+00:00,0.12005574256181717,0.12013359367847443,0.11994365602731705,0.12009018659591675,19298816
2026-01-25 19:15:00+00:00,0.11992558091878891,0.11992558091878891,0.11889970302581787,0.11889970302581787,30246784
2026-01-25 19:30:00+00:00,0.11886558681726456,0.1192588061094284,0.11862603574991226,0.1192588061094284,24240448
2026-01-25 19:45:00+00:00,0.1192408874630928,0.1192408874630928,0.118370421230793,0.11849630624055862,38753664
2026-01-25 20:00:00+00:00,0.11851117014884949,0.11899370700120926,0.11851117014884949,0.1189420074224472,22254208
2026-01-25 20:15:00+00:00,0.11866298317909241,0.11866298317909241,0.11840452253818512,0.11840452253818512,17158208
2026-01-25 20:30:00+00:00,0.11840809136629105,0.11840809136629105,0.11787981539964676,0.11789360642433167,19677184
2026-01-25 20:45:00+00:00,0.11788863688707352,0.11828383803367615,0.11783739179372787,0.11828383803367615,15569792
2026-01-25 21:00:00+00:00,0.11834108084440231,0.11890127509832382,0.11834108084440231,0.11879543960094452,17659712
2026-01-25 21:15:00+00:00,0.11883605271577835,0.11909058690071106,0.11883605271577835,0.119084432721138,14492416
2026-01-25 21:30:00+00:00,0.11909271776676178,0.11920346319675446,0.11875639110803604,0.11903297901153564,9303744
2026-01-25 21:45:00+00:00,0.11903324723243713,0.11946187913417816,0.11903324723243713,0.11946187913417816,11502208
2026-01-25 22:00:00+00:00,0.1194564551115036,0.11947337538003922,0.11900632828474045,0.11900632828474045,7703616
2026-01-25 22:15:00+00:00,0.11901965737342834,0.11906678229570389,0.11858883500099182,0.11858883500099182,7792192
2026-01-25 22:30:00+00:00,0.11859357357025146,0.11891674995422363,0.118558868765831,0.1188698261976242,11671744
2026-01-25 22:45:00+00:00,0.11888111382722855,0.11897686868906021,0.11868949979543686,0.11884117126464844,7371392
2026-01-25 23:00:00+00:00,0.11887271702289581,0.11920361965894699,0.11881674826145172,0.11920032650232315,8848000
2026-01-25 23:15:00+00:00,0.11916490644216537,0.11932197958230972,0.11915627121925354,0.11918056756258011,11680256
2026-01-25 23:30:00+00:00,0.11918027698993683,0.11918027698993683,0.11885596811771393,0.1188914105296135,4491584
2026-01-25 23:45:00+00:00,0.11891575157642365,0.11934147030115128,0.11891575157642365,0.11928699910640717,10019840
2026-01-26 00:00:00+00:00,0.11930159479379654,0.1197003722190857,0.11927928775548935,0.11969735473394394,12918400
2026-01-26 00:15:00+00:00,0.11971711367368698,0.12032115459442139,0.11971711367368698,0.1202048659324646,6058368
2026-01-26 00:30:00+00:00,0.12020957469940186,0.12020957469940186,0.11986582726240158,0.11986582726240158,0
2026-01-26 00:45:00+00:00,0.11986545473337173,0.12053986638784409,0.11976777762174606,0.12053986638784409,11722944
2026-01-26 01:00:00+00:00,0.12055061757564545,0.12203744798898697,0.12055061757564545,0.12203744798898697,21236544
2026-01-26 01:15:00+00:00,0.12195874750614166,0.12221860885620117,0.12190303951501846,0.12197660654783249,19648384
2026-01-26 01:30:00+00:00,0.12195629626512527,0.12220397591590881,0.12195629626512527,0.12208712100982666,14802816
2026-01-26 01:45:00+00:00,0.12209402024745941,0.12250874936580658,0.12209402024745941,0.12246888875961304,14845056
2026-01-26 02:00:00+00:00,0.12247347831726074,0.12247347831726074,0.12173395603895187,0.12174020707607269,14289792
2026-01-26 02:15:00+00:00,0.12174632400274277,0.12215806543827057,0.12169429659843445,0.12215708941221237,7541504
2026-01-26 02:30:00+00:00,0.1221643015742302,0.12226683646440506,0.12188178300857544,0.12188178300857544,4763776
2026-01-26 02:45:00+00:00,0.12187723070383072,0.12187723070383072,0.12169428914785385,0.12169428914785385,8655872
2026-01-26 03:00:00+00:00,0.12169849872589111,0.12196914106607437,0.12168661504983902,0.12192228436470032,3331968
2026-01-26 03:15:00+00:00,0.12193843722343445,0.12195218354463577,0.12167982012033463,0.12167982012033463,708352
2026-01-26 03:30:00+00:00,0.12167315930128098,0.12167315930128098,0.12136748433113098,0.12139829993247986,3030016
2026-01-26 03:45:00+00:00,0.1214066669344902,0.12142474204301834,0.12100104987621307,0.12101053446531296,2543360
2026-01-26 04:00:00+00:00,0.12102241814136505,0.12154063582420349,0.12102241814136505,0.12154063582420349,4809216
2026-01-26 04:15:00+00:00,0.1215464174747467,0.12240608781576157,0.1215464174747467,0.12240608781576157,9905280
2026-01-26 04:30:00+00:00,0.12239114195108414,0.12240928411483765,0.12204809486865997,0.12204809486865997,9375104
2026-01-26 04:45:00+00:00,0.12202825397253036,0.12202825397253036,0.12193723022937775,0.12193920463323593,4536448
2026-01-26 05:00:00+00:00,0.12194109708070755,0.1219450980424881,0.12172831594944,0.12172933667898178,2704512
2026-01-26 05:15:00+00:00,0.12171778082847595,0.12171778082847595,0.12162446975708008,0.12162446975708008,2854144
2026-01-26 05:30:00+00:00,0.12161695957183838,0.12161695957183838,0.12146291881799698,0.12146291881799698,2546176
2026-01-26 05:45:00+00:00,0.1214749664068222,0.12157902866601944,0.1214749664068222,0.12153301388025284,4168704
2026-01-26 06:00:00+00:00,0.12152621150016785,0.12152621150016785,0.12138967961072922,0.12138967961072922,352256
2026-01-26 06:15:00+00:00,0.12135781347751617,0.12135781347751617,0.1212618350982666,0.12129870802164078,2456448
2026-01-26 06:30:00+00:00,0.12129203230142593,0.12135019898414612,0.12126560509204865,0.12126832455396652,5058432
2026-01-26 06:45:00+00:00,0.1212690994143486,0.12154064327478409,0.1212690994143486,0.1214003935456276,13042176
2026-01-26 07:00:00+00:00,0.1214694008231163,0.12157175689935684,0.12145677953958511,0.12157175689935684,8991360
2026-01-26 07:15:00+00:00,0.121574267745018,0.12162772566080093,0.12154291570186615,0.12156336009502411,2710784
2026-01-26 07:30:00+00:00,0.12156477570533752,0.12170632928609848,0.12149239331483841,0.12169366329908371,4491520
2026-01-26 07:45:00+00:00,0.12167154997587204,0.12167154997587204,0.12146763503551483,0.12158901244401932,2968576
2026-01-26 08:00:00+00:00,0.12159029394388199,0.12166514992713928,0.12152139097452164,0.12152139097452164,3123072
2026-01-26 08:15:00+00:00,0.1215105876326561,0.12203589081764221,0.12135449051856995,0.12203589081764221,16957312
2026-01-26 08:30:00+00:00,0.12202589958906174,0.12206272035837173,0.12170474231243134,0.12170474231243134,6038528
2026-01-26 08:45:00+00:00,0.12170673161745071,0.12175162136554718,0.1216026246547699,0.1216026246547699,162304
2026-01-26 09:00:00+00:00,0.1216089054942131,0.12162663042545319,0.12124749273061752,0.12124749273061752,3047680
2026-01-26 09:15:00+00:00,0.1212279349565506,0.1212279349565506,0.12104237079620361,0.12104538828134537,4717696
2026-01-26 09:30:00+00:00,0.12104333937168121,0.12104333937168121,0.12076263874769211,0.1208139955997467,6180736
2026-01-26 09:45:00+00:00,0.12082953006029129,0.12084079533815384,0.12060859799385071,0.12061445415019989,2237952
2026-01-26 10:00:00+00:00,0.12061408907175064,0.12105848640203476,0.12061408907175064,0.12104012817144394,431360
2026-01-26 10:15:00+00:00,0.12104205042123795,0.12111265957355499,0.12099545449018478,0.12111265957355499,1546496
2026-01-26 10:30:00+00:00,0.12111134082078934,0.12121613323688507,0.12111134082078934,0.12117423117160797,1248384
2026-01-26 10:45:00+00:00,0.12117201089859009,0.12117201089859009,0.12113890051841736,0.12114463746547699,248320
2026-01-26 11:00:00+00:00,0.12114107608795166,0.12138581275939941,0.12114107608795166,0.12137842178344727,312576
2026-01-26 11:15:00+00:00,0.12138201296329498,0.12138201296329498,0.12096226215362549,0.12096226215362549,15574528
2026-01-26 11:30:00+00:00,0.12093603610992432,0.12093603610992432,0.12068954110145569,0.12068954110145569,29467264
2026-01-26 11:45:00+00:00,0.12069731950759888,0.12081825733184814,0.12069731950759888,0.12081825733184814,4939392
2026-01-26 12:00:00+00:00,0.1208115816116333,0.12135002017021179,0.1208115816116333,0.12120531499385834,7735552
2026-01-26 12:15:00+00:00,0.12123239040374756,0.12128598242998123,0.12115899473428726,0.12116026133298874,5441408
2026-01-26 12:30:00+00:00,0.12116210907697678,0.12116646766662598,0.12102031707763672,0.12102056294679642,3507072
2026-01-26 12:45:00+00:00,0.12102091312408447,0.12117050588130951,0.12100780755281448,0.12117050588130951,563072
2026-01-26 13:00:00+00:00,0.12118173390626907,0.12125684320926666,0.12118173390626907,0.12122535705566406,1241600
2026-01-26 13:15:00+00:00,0.12125775963068008,0.12167719006538391,0.12125775963068008,0.12166880071163177,11351168
2026-01-26 13:30:00+00:00,0.12166770547628403,0.12174020707607269,0.12154112756252289,0.12154112756252289,5114752
2026-01-26 13:45:00+00:00,0.12154590338468552,0.12157855927944183,0.12151242792606354,0.12157855927944183,2513280
2026-01-26 14:00:00+00:00,0.12157661467790604,0.1216747909784317,0.12141440063714981,0.1214197427034378,3917440
2026-01-26 14:15:00+00:00,0.12141834944486618,0.12141834944486618,0.1212509274482727,0.12127294391393661,3857792
2026-01-26 14:30:00+00:00,0.12127330154180527,0.12269635498523712,0.12119732797145844,0.12269528955221176,37234944
2026-01-26 14:45:00+00:00,0.12257128208875656,0.12257128208875656,0.1221526637673378,0.12233666330575943,24569088
2026-01-26 15:00:00+00:00,0.12254118919372559,0.12323180586099625,0.12230677902698517,0.12323180586099625,24621056
2026-01-26 15:15:00+00:00,0.12325586378574371,0.1235080435872078,0.12302979081869125,0.12303788959980011,12201216
2026-01-26 15:30:00+00:00,0.12303515523672104,0.12303515523672104,0.12209632992744446,0.12209632992744446,13747712
2026-01-26 15:45:00+00:00,0.12207815051078796,0.12209348380565643,0.12180373072624207,0.12209043651819229,9896064
2026-01-26 16:00:00+00:00,0.12209263443946838,0.12245509028434753,0.12209263443946838,0.12245509028434753,0
2026-01-26 16:15:00+00:00,0.12247321754693985,0.12285630404949188,0.12232448160648346,0.12283618748188019,0
2026-01-26 16:30:00+00:00,0.12276671826839447,0.12276671826839447,0.12234122306108475,0.12235303223133087,0
2026-01-26 16:45:00+00:00,0.12232816219329834,0.12293349951505661,0.12218652665615082,0.12275739759206772,4515712
2026-01-26 17:00:00+00:00,0.12273991852998734,0.12278210371732712,0.1222839280962944,0.1222839280962944,946432
2026-01-26 17:15:00+00:00,0.12226803600788116,0.12226803600788116,0.12188050895929337,0.12190084159374237,12489344
2026-01-26 17:30:00+00:00,0.12186278402805328,0.12207111716270447,0.12156402319669724,0.12206310033798218,8612992
2026-01-26 17:45:00+00:00,0.1220654770731926,0.12223633378744125,0.12203077971935272,0.12222850322723389,38528
2026-01-26 18:00:00+00:00,0.122227743268013,0.12226107716560364,0.12217072397470474,0.12222084403038025,1603456
2026-01-26 18:15:00+00:00,0.12222830951213837,0.12264323979616165,0.12222830951213837,0.12264323979616165,0
2026-01-26 18:30:00+00:00,0.12264097481966019,0.12318312376737595,0.12264097481966019,0.12273518741130829,0
2026-01-26 18:45:00+00:00,0.12273380905389786,0.12275196611881256,0.12255838513374329,0.12261644005775452,0
2026-01-26 19:00:00+00:00,0.12263141572475433,0.12291756272315979,0.12263141572475433,0.1227913424372673,0
2026-01-26 19:15:00+00:00,0.12277310341596603,0.12277310341596603,0.12247742712497711,0.12247742712497711,0
2026-01-26 19:30:00+00:00,0.12247268110513687,0.12260526418685913,0.12236087024211884,0.1225988045334816,0
2026-01-26 19:45:00+00:00,0.12258914858102798,0.12258914858102798,0.12225185334682465,0.12225867062807083,0
2026-01-26 20:00:00+00:00,0.1222587451338768,0.122297503054142,0.12215740978717804,0.12215740978717804,0
2026-01-26 20:15:00+00:00,0.12215981632471085,0.12215981632471085,0.12189327925443649,0.12195952981710434,0
2026-01-26 20:30:00+00:00,0.1219596341252327,0.1219596341252327,0.12178793549537659,0.1217910572886467,0
2026-01-26 20:45:00+00:00,0.12179316580295563,0.12182517349720001,0.12158801406621933,0.12160004675388336,0
2026-01-26 21:00:00+00:00,0.1215939000248909,0.12166767567396164,0.12151765078306198,0.12166767567396164,0
2026-01-26 21:15:00+00:00,0.12169650197029114,0.12191657721996307,0.12169650197029114,0.12191657721996307,0
2026-01-26 21:30:00+00:00,0.12191605567932129,0.12256792187690735,0.12191605567932129,0.1225515753030777,6723456
2026-01-26 21:45:00+00:00,0.12258347868919373,0.12263284623622894,0.12245539575815201,0.12245957553386688,5713408
2026-01-26 22:00:00+00:00,0.12245897948741913,0.12264133244752884,0.12243710458278656,0.12263323366641998,1324416
2026-01-26 22:15:00+00:00,0.12262807786464691,0.12262807786464691,0.12244372069835663,0.12247636169195175,1577344
2026-01-26 22:30:00+00:00,0.12247121334075928,0.12253494560718536,0.12240046262741089,0.12253494560718536,8536832
2026-01-26 22:45:00+00:00,0.12253013253211975,0.12258841097354889,0.1225036084651947,0.1225036084651947,564864
2026-01-26 23:00:00+00:00,0.12242187559604645,0.12242196500301361,0.12221828103065491,0.12225152552127838,0
2026-01-26 23:15:00+00:00,0.12226295471191406,0.12234227359294891,0.12226295471191406,0.12232837826013565,0
2026-01-26 23:30:00+00:00,0.12234358489513397,0.12267035245895386,0.12234358489513397,0.12259886413812637,265856
2026-01-26 23:45:00+00:00,0.12257690727710724,0.12257690727710724,0.12232879549264908,0.12233071774244308,0
2026-01-27 00:00:00+00:00,0.12226878106594086,0.12226878106594086,0.12201613932847977,0.12201613932847977,0
2026-01-27 00:15:00+00:00,0.12199457734823227,0.12220495194196701,0.12199457734823227,0.12220114469528198,481536
2026-01-27 00:30:00+00:00,0.1221863254904747,0.1221863254904747,0.12203336507081985,0.12208383530378342,0
2026-01-27 00:45:00+00:00,0.12208042293787003,0.12214658409357071,0.12205038219690323,0.12212516367435455,0
2026-01-27 01:00:00+00:00,0.12212976813316345,0.12212976813316345,0.12189584970474243,0.12191270291805267,0
2026-01-27 01:15:00+00:00,0.1219194307923317,0.12224814295768738,0.1219194307923317,0.12223886698484421,0
2026-01-27 01:30:00+00:00,0.12225282192230225,0.12242251634597778,0.12225282192230225,0.12239301204681396,1120128
2026-01-27 01:45:00+00:00,0.12239687144756317,0.12250180542469025,0.1223694235086441,0.1223694235086441,1043712
2026-01-27 02:00:00+00:00,0.12236659228801727,0.12289717048406601,0.12236659228801727,0.12275782227516174,101760
2026-01-27 02:15:00+00:00,0.12276454269886017,0.12284167110919952,0.12265260517597198,0.12265260517597198,0
2026-01-27 02:30:00+00:00,0.12266061455011368,0.1229175552725792,0.12262500822544098,0.12290254980325699,0
2026-01-27 02:45:00+00:00,0.12289208173751831,0.12299290299415588,0.12283721566200256,0.12299290299415588,0
2026-01-27 03:00:00+00:00,0.12299516052007675,0.12309280037879944,0.12290274351835251,0.12290274351835251,0
2026-01-27 03:15:00+00:00,0.12288352102041245,0.12288352102041245,0.12267836928367615,0.12275046110153198,2512960
2026-01-27 03:30:00+00:00,0.12275215238332748,0.12282595783472061,0.12271487712860107,0.12278734147548676,0
2026-01-27 03:45:00+00:00,0.12279052287340164,0.12281221151351929,0.12265313416719437,0.12265852838754654,0
2026-01-27 04:00:00+00:00,0.12265707552433014,0.12303544580936432,0.12265707552433014,0.12302027642726898,1676800
2026-01-27 04:15:00+00:00,0.12302833795547485,0.12305371463298798,0.1227857694029808,0.1227857694029808,94208
2026-01-27 04:30:00+00:00,0.12279289960861206,0.12279289960861206,0.12270193547010422,0.12270193547010422,0
2026-01-27 04:45:00+00:00,0.1226993203163147,0.1226993203163147,0.12254822999238968,0.1226390153169632,258560
2026-01-27 05:00:00+00:00,0.12263888865709305,0.12269818037748337,0.12263888865709305,0.12264557927846909,0
2026-01-27 05:15:00+00:00,0.12264419347047806,0.12264419347047806,0.12243380397558212,0.1225193440914154,982912
2026-01-27 05:30:00+00:00,0.12251459807157516,0.12255891412496567,0.12250761687755585,0.12251779437065125,5250624
2026-01-27 05:45:00+00:00,0.12251947075128555,0.12255097180604935,0.12246730923652649,0.12246730923652649,0
2026-01-27 06:00:00+00:00,0.12246319651603699,0.12249406427145004,0.1223364993929863,0.1223364993929863,0
2026-01-27 06:15:00+00:00,0.12233775854110718,0.12233775854110718,0.12223106622695923,0.12231886386871338,5916928
2026-01-27 06:30:00+00:00,0.12232459336519241,0.12232459336519241,0.12208559364080429,0.12208559364080429,1786880
2026-01-27 06:45:00+00:00,0.12207801640033722,0.12207801640033722,0.12198152393102646,0.12202138453722,0
2026-01-27 07:00:00+00:00,0.1220240592956543,0.12224914878606796,0.1220240592956543,0.12224914878606796,0
2026-01-27 07:15:00+00:00,0.12225016206502914,0.12229175120592117,0.1221703588962555,0.12217852473258972,0
2026-01-27 07:30:00+00:00,0.12223267555236816,0.12226598709821701,0.12222954630851746,0.12224894762039185,0
2026-01-27 07:45:00+00:00,0.12223953753709793,0.12223953753709793,0.12200462818145752,0.12200462818145752,284544
2026-01-27 08:00:00+00:00,0.12201383709907532,0.1222449317574501,0.12201383709907532,0.12220192700624466,22208
2026-01-27 08:15:00+00:00,0.12220557779073715,0.12221816927194595,0.12210311740636826,0.12210727483034134,0
2026-01-27 08:30:00+00:00,0.12210354208946228,0.12210917472839355,0.1220671534538269,0.12208094447851181,0
2026-01-27 08:45:00+00:00,0.12207857519388199,0.12214139103889465,0.12203501909971237,0.12213467061519623,307904
2026-01-27 09:00:00+00:00,0.12213638424873352,0.12213638424873352,0.12176744639873505,0.12176744639873505,0
2026-01-27 09:15:00+00:00,0.12176384031772614,0.12185879051685333,0.12175409495830536,0.12185879051685333,5877760
2026-01-27 09:30:00+00:00,0.12185703963041306,0.12200840562582016,0.12185703963041306,0.12200840562582016,0
2026-01-27 09:45:00+00:00,0.1220259740948677,0.12209094315767288,0.12193071097135544,0.12193071097135544,354496
2026-01-27 10:00:00+00:00,0.1219266951084137,0.1219266951084137,0.12185633182525635,0.12185866385698318,5953472
2026-01-27 10:15:00+00:00,0.12184891104698181,0.12189708650112152,0.12183082103729248,0.12187077850103378,1463616
2026-01-27 10:30:00+00:00,0.12184099853038788,0.12184099853038788,0.12169888615608215,0.12169888615608215,595072
2026-01-27 10:45:00+00:00,0.12169675529003143,0.12170927971601486,0.12167954444885254,0.12169815599918365,3270912
2026-01-27 11:00:00+00:00,0.12172829359769821,0.12174572795629501,0.12166979163885117,0.12166979163885117,159232
2026-01-27 11:15:00+00:00,0.12168268114328384,0.12168743461370468,0.1215767189860344,0.12158332020044327,121792
2026-01-27 11:30:00+00:00,0.12158651649951935,0.12187709659337997,0.12158651649951935,0.12187709659337997,0
2026-01-27 11:45:00+00:00,0.12188618630170822,0.12242553383111954,0.12188618630170822,0.12233157455921173,25730560
2026-01-27 12:00:00+00:00,0.12232385575771332,0.12234322726726532,0.1222953274846077,0.12234322726726532,0
2026-01-27 12:15:00+00:00,0.12234731018543243,0.12259138375520706,0.12234731018543243,0.12240757048130035,905856
2026-01-27 12:30:00+00:00,0.1224062442779541,0.1224062442779541,0.12209314852952957,0.12209314852952957,1967168
2026-01-27 12:45:00+00:00,0.12209490686655045,0.12209490686655045,0.12194890528917313,0.12194890528917313,1280640
2026-01-27 13:00:00+00:00,0.12195423245429993,0.12203976511955261,0.12195423245429993,0.12202474474906921,246464
2026-01-27 13:15:00+00:00,0.12203077226877213,0.12203077226877213,0.12178730219602585,0.12178730219602585,0
2026-01-27 13:30:00+00:00,0.12178539484739304,0.12189462035894394,0.12173452228307724,0.12185534089803696,1452416
2026-01-27 13:45:00+00:00,0.12184902280569077,0.12184902280569077,0.12143918871879578,0.12143918871879578,4789248
2026-01-27 14:00:00+00:00,0.12145079672336578,0.1219586580991745,0.12144559621810913,0.1219586580991745,0
2026-01-27 14:15:00+00:00,0.12197770923376083,0.12237882614135742,0.12197770923376083,0.1223638728260994,3279104
2026-01-27 14:30:00+00:00,0.12235552817583084,0.12235552817583084,0.12175533175468445,0.12175533175468445,0
2026-01-27 14:45:00+00:00,0.12173310667276382,0.12179150432348251,0.12163756042718887,0.12179150432348251,0
2026-01-27 15:00:00+00:00,0.1217796802520752,0.12223860621452332,0.1217433512210846,0.12223860621452332,0
2026-01-27 15:15:00+00:00,0.12222906202077866,0.12222906202077866,0.12188349664211273,0.12188349664211273,0
2026-01-27 15:30:00+00:00,0.12187178432941437,0.12201952189207077,0.12169218808412552,0.12201383709907532,0
2026-01-27 15:45:00+00:00,0.121987484395504,0.1225765123963356,0.1219717487692833,0.1225765123963356,0
2026-01-27 16:00:00+00:00,0.12258544564247131,0.1249227300286293,0.12258544564247131,0.12491026520729065,57685696
2026-01-27 16:15:00+00:00,0.12491269409656525,0.12507522106170654,0.12491269409656525,0.12498874962329865,26782528
2026-01-27 16:30:00+00:00,0.12498258054256439,0.1251605600118637,0.12465029954910278,0.125101238489151,23009920
2026-01-27 16:45:00+00:00,0.12509845197200775,0.12509845197200775,0.12471765279769897,0.1247311532497406,1830976
2026-01-27 17:00:00+00:00,0.12474873661994934,0.12475194036960602,0.12330449372529984,0.12330449372529984,12106304
2026-01-27 17:15:00+00:00,0.12329592555761337,0.12329592555761337,0.12220828980207443,0.12248657643795013,20218880
2026-01-27 17:30:00+00:00,0.12248530238866806,0.12255862355232239,0.12202480435371399,0.12202480435371399,4162112
2026-01-27 17:45:00+00:00,0.12200465798377991,0.12200465798377991,0.12180215120315552,0.12193049490451813,9451328
2026-01-27 18:00:00+00:00,0.12193882465362549,0.12246014177799225,0.12193882465362549,0.12234598398208618,6541632
2026-01-27 18:15:00+00:00,0.12233734130859375,0.12248428910970688,0.12233734130859375,0.12238185852766037,1764480
2026-01-27 18:30:00+00:00,0.12237846851348877,0.12254303693771362,0.12227379530668259,0.12254031002521515,184320
2026-01-27 18:45:00+00:00,0.12253639101982117,0.1240306869149208,0.12253639101982117,0.1240306869149208,8080640
2026-01-27 19:00:00+00:00,0.12396862357854843,0.12406761944293976,0.12377358973026276,0.12391484528779984,8256064
2026-01-27 19:15:00+00:00,0.12391135841608047,0.1243053451180458,0.12391135841608047,0.1242498978972435,2509056
2026-01-27 19:30:00+00:00,0.12425575405359268,0.12425575405359268,0.12386025488376617,0.12396099418401718,6002432
2026-01-27 19:45:00+00:00,0.12401074171066284,0.12431754916906357,0.12401074171066284,0.12423405796289444,5890752
2026-01-27 20:00:00+00:00,0.12422958016395569,0.12475627660751343,0.12420562654733658,0.12475627660751343,6011008
2026-01-27 20:15:00+00:00,0.1247594952583313,0.12577499449253082,0.1247594952583313,0.12567569315433502,18865472
2026-01-27 20:30:00+00:00,0.1256815493106842,0.1256815493106842,0.12499793618917465,0.12499793618917465,11083392
2026-01-27 20:45:00+00:00,0.12497547268867493,0.12555284798145294,0.12492656707763672,0.12555284798145294,14021376
2026-01-27 21:00:00+00:00,0.12560227513313293,0.1258310079574585,0.12560227513313293,0.1258184015750885,7136448
2026-01-27 21:15:00+00:00,0.12576650083065033,0.12576650083065033,0.12551553547382355,0.12551553547382355,2990080
2026-01-27 21:30:00+00:00,0.12548545002937317,0.12548545002937317,0.125132218003273,0.12513647973537445,3853632
2026-01-27 21:45:00+00:00,0.1251300573348999,0.1251608431339264,0.1250477284193039,0.1251366138458252,0
2026-01-27 22:00:00+00:00,0.12513864040374756,0.125804141163826,0.12513864040374756,0.1257881373167038,847552
2026-01-27 22:15:00+00:00,0.1257864236831665,0.12583516538143158,0.12556718289852142,0.12556719779968262,11489088
2026-01-27 22:30:00+00:00,0.1255776584148407,0.12622396647930145,0.1255490630865097,0.12622396647930145,3462784
2026-01-27 22:45:00+00:00,0.12620909512043,0.12625782191753387,0.1261477768421173,0.1261477768421173,2822272
2026-01-27 23:00:00+00:00,0.12614575028419495,0.12614575028419495,0.12592755258083344,0.12601731717586517,2267008
2026-01-27 23:15:00+00:00,0.12601687014102936,0.12611627578735352,0.1259908676147461,0.12609590590000153,12733888
2026-01-27 23:30:00+00:00,0.12608526647090912,0.1261981725692749,0.1260659098625183,0.12619131803512573,17796608
2026-01-27 23:45:00+00:00,0.12620678544044495,0.12626639008522034,0.12600357830524445,0.12601132690906525,3322112
2026-01-28 00:00:00+00:00,0.12601444125175476,0.12608709931373596,0.12598104774951935,0.12598486244678497,0
2026-01-28 00:15:00+00:00,0.12599453330039978,0.1260601133108139,0.12592017650604248,0.12594684958457947,606208
2026-01-28 00:30:00+00:00,0.1259283870458603,0.1259283870458603,0.12545163929462433,0.12545163929462433,7307648
2026-01-28 00:45:00+00:00,0.12545111775398254,0.12555991113185883,0.12537243962287903,0.1255580484867096,7233280
2026-01-28 01:00:00+00:00,0.1255633682012558,0.12565304338932037,0.12537220120429993,0.12537220120429993,3367296
2026-01-28 01:15:00+00:00,0.12536859512329102,0.12536859512329102,0.1250351518392563,0.12503647804260254,823296
2026-01-28 01:30:00+00:00,0.12503859400749207,0.12505008280277252,0.12492392212152481,0.12492474168539047,4766208
2026-01-28 01:45:00+00:00,0.12491796165704727,0.1250753253698349,0.12491796165704727,0.1250692903995514,1171840
2026-01-28 02:00:00+00:00,0.1250685751438141,0.1250685751438141,0.12467902153730392,0.12467902153730392,0
2026-01-28 02:15:00+00:00,0.12467935681343079,0.12479738146066666,0.12456624209880829,0.12479738146066666,773760
2026-01-28 02:30:00+00:00,0.12479571253061295,0.12479571253061295,0.12460405379533768,0.12461705505847931,664832
2026-01-28 02:45:00+00:00,0.12461196631193161,0.12470826506614685,0.12453871220350266,0.12470826506614685,2705408
2026-01-28 03:00:00+00:00,0.12472335249185562,0.12473905086517334,0.12448727339506149,0.12449486553668976,2612224
2026-01-28 03:15:00+00:00,0.12449882924556732,0.12449882924556732,0.12426899373531342,0.12428037822246552,8450560
2026-01-28 03:30:00+00:00,0.12422570586204529,0.12437855452299118,0.12420321255922318,0.12433820217847824,8161024
2026-01-28 03:45:00+00:00,0.12434892356395721,0.12445050477981567,0.12433110177516937,0.12443505972623825,1648000
2026-01-28 04:00:00+00:00,0.12442700564861298,0.12442700564861298,0.1242012158036232,0.1242012158036232,309504
2026-01-28 04:15:00+00:00,0.12419789284467697,0.12419789284467697,0.12393014878034592,0.12393014878034592,5090816
2026-01-28 04:30:00+00:00,0.12388872355222702,0.12410645186901093,0.12388872355222702,0.12409711629152298,3883520
2026-01-28 04:45:00+00:00,0.12409448623657227,0.12412835657596588,0.12405922263860703,0.12412835657596588,0
2026-01-28 05:00:00+00:00,0.12413443624973297,0.1244862973690033,0.12413443624973297,0.12441063672304153,1540224
2026-01-28 05:15:00+00:00,0.12439561635255814,0.12439561635255814,0.12425895780324936,0.12426229566335678,948352
2026-01-28 05:30:00+00:00,0.12436315417289734,0.1250820904970169,0.12436315417289734,0.12506908178329468,11959168
2026-01-28 05:45:00+00:00,0.12503831088542938,0.1251341849565506,0.1249983161687851,0.1250561624765396,8265984
2026-01-28 06:00:00+00:00,0.12506352365016937,0.1252538561820984,0.12506352365016937,0.12520341575145721,2345088
2026-01-28 06:15:00+00:00,0.12519657611846924,0.12520577013492584,0.12499114871025085,0.12502779066562653,1163392
2026-01-28 06:30:00+00:00,0.12504082918167114,0.12515553832054138,0.12498340755701065,0.12498340755701065,0
2026-01-28 06:45:00+00:00,0.12492088973522186,0.12577567994594574,0.12492088973522186,0.12577567994594574,5186944
2026-01-28 07:00:00+00:00,0.12576457858085632,0.12577934563159943,0.12543652951717377,0.12543652951717377,1424384
2026-01-28 07:15:00+00:00,0.12544900178909302,0.12553995847702026,0.12538816034793854,0.12553995847702026,1278976
2026-01-28 07:30:00+00:00,0.12554018199443817,0.12554018199443817,0.12526924908161163,0.12535156309604645,935168
2026-01-28 07:45:00+00:00,0.12534908950328827,0.12540213763713837,0.12527944147586823,0.12528115510940552,2921472
2026-01-28 08:00:00+00:00,0.12528672814369202,0.12556974589824677,0.12528672814369202,0.12556222081184387,1331328
2026-01-28 08:15:00+00:00,0.1255778670310974,0.12569908797740936,0.12556441128253937,0.12556901574134827,609792
2026-01-28 08:30:00+00:00,0.12552323937416077,0.12552323937416077,0.1253950446844101,0.1254797726869583,2059648
2026-01-28 08:45:00+00:00,0.12546545267105103,0.1255519539117813,0.12546081840991974,0.12546470761299133,1055232
2026-01-28 09:00:00+00:00,0.12547767162322998,0.12560471892356873,0.1254672259092331,0.12559689581394196,384000
2026-01-28 09:15:00+00:00,0.1255735158920288,0.1255735158920288,0.12546518445014954,0.12556910514831543,144896
2026-01-28 09:30:00+00:00,0.12557218968868256,0.12675036489963531,0.12557218968868256,0.1267315298318863,16619648
2026-01-28 09:45:00+00:00,0.12672746181488037,0.12702052295207977,0.12672746181488037,0.12695805728435516,8669056
2026-01-28 10:00:00+00:00,0.1269637495279312,0.12716448307037354,0.12693263590335846,0.12708780169487,24937216
2026-01-28 10:15:00+00:00,0.12710663676261902,0.12724769115447998,0.12672366201877594,0.12672366201877594,23742592
2026-01-28 10:30:00+00:00,0.12668298184871674,0.12668298184871674,0.12639711797237396,0.12652350962162018,23639168
2026-01-28 10:45:00+00:00,0.12652435898780823,0.12652507424354553,0.12638001143932343,0.12638041377067566,1031168
2026-01-28 11:00:00+00:00,0.12637661397457123,0.12637661397457123,0.12625163793563843,0.12625163793563843,1422208
2026-01-28 11:15:00+00:00,0.12625016272068024,0.1262723058462143,0.12622761726379395,0.1262480616569519,921088
2026-01-28 11:30:00+00:00,0.12624679505825043,0.12625783681869507,0.12605753540992737,0.1262536346912384,3266688
2026-01-28 11:45:00+00:00,0.12627220153808594,0.12694376707077026,0.1262715458869934,0.12692806124687195,0
2026-01-28 12:00:00+00:00,0.1269308626651764,0.12696953117847443,0.1266370564699173,0.1266370564699173,16176384
2026-01-28 12:15:00+00:00,0.1266317367553711,0.1266317367553711,0.12628790736198425,0.12631133198738098,1180928
2026-01-28 12:30:00+00:00,0.12630091607570648,0.12630091607570648,0.12621119618415833,0.1262328326702118,524928
2026-01-28 12:45:00+00:00,0.12622083723545074,0.12622083723545074,0.1260043978691101,0.12620384991168976,7017728
2026-01-28 13:00:00+00:00,0.12620027363300323,0.12634779512882233,0.12620027363300323,0.1263432502746582,2939008
2026-01-28 13:15:00+00:00,0.1263318806886673,0.1263483613729477,0.12612661719322205,0.12614735960960388,2323584
2026-01-28 13:30:00+00:00,0.12615498900413513,0.12627139687538147,0.12611523270606995,0.12612882256507874,9906304
2026-01-28 13:45:00+00:00,0.12613855302333832,0.12628450989723206,0.12592823803424835,0.12592823803424835,13952000
2026-01-28 14:00:00+00:00,0.12594033777713776,0.12594033777713776,0.12557797133922577,0.12557797133922577,3881728
2026-01-28 14:15:00+00:00,0.125577911734581,0.125577911734581,0.12515681982040405,0.12521836161613464,2456448
2026-01-28 14:30:00+00:00,0.12523618340492249,0.12554165720939636,0.12523618340492249,0.12525500357151031,6530816
2026-01-28 14:45:00+00:00,0.1252409666776657,0.12527090311050415,0.12500368058681488,0.1251409947872162,6597888
2026-01-28 15:00:00+00:00,0.12513458728790283,0.12526844441890717,0.12463390827178955,0.12463390827178955,265216
2026-01-28 15:15:00+00:00,0.1245594471693039,0.1245594471693039,0.12400766462087631,0.12422128021717072,18975744
2026-01-28 15:30:00+00:00,0.12420529127120972,0.12444211542606354,0.12417720258235931,0.12444211542606354,2568960
2026-01-28 15:45:00+00:00,0.12444539368152618,0.12451004981994629,0.12438390403985977,0.12448591738939285,2096896
2026-01-28 16:00:00+00:00,0.12447643280029297,0.12448155879974365,0.12424008548259735,0.12426400184631348,0
2026-01-28 16:15:00+00:00,0.12423553317785263,0.1244804635643959,0.12416650354862213,0.1244804635643959,0
2026-01-28 16:30:00+00:00,0.12490109354257584,0.12490109354257584,0.1243012323975563,0.1243012323975563,0
2026-01-28 16:45:00+00:00,0.12431833148002625,0.12452155351638794,0.12423987686634064,0.12447171658277512,1654016
2026-01-28 17:00:00+00:00,0.12445909529924393,0.12455340474843979,0.12440759688615799,0.12455340474843979,0
2026-01-28 17:15:00+00:00,0.1245385929942131,0.1245385929942131,0.12426941841840744,0.12426941841840744,0
2026-01-28 17:30:00+00:00,0.12427789717912674,0.12442435324192047,0.12378979474306107,0.12442435324192047,871808
2026-01-28 17:45:00+00:00,0.12448350340127945,0.12536954879760742,0.12448350340127945,0.12521350383758545,7060480
2026-01-28 18:00:00+00:00,0.1250193864107132,0.1250193864107132,0.12452246248722076,0.12460492551326752,3454976
2026-01-28 18:15:00+00:00,0.1246020495891571,0.12482479214668274,0.1246020495891571,0.12462762743234634,1356544
2026-01-28 18:30:00+00:00,0.12444283813238144,0.1245700865983963,0.12440440058708191,0.12442035228013992,0
2026-01-28 18:45:00+00:00,0.12442657351493835,0.12444417178630829,0.1243814006447792,0.12443108856678009,0
2026-01-28 19:00:00+00:00,0.12442421913146973,0.12492132186889648,0.12442421913146973,0.12488584220409393,3291776
2026-01-28 19:15:00+00:00,0.12479701638221741,0.1249663382768631,0.12479701638221741,0.1249663382768631,3037696
2026-01-28 19:30:00+00:00,0.1249389573931694,0.1249389573931694,0.12458664178848267,0.12458664178848267,6934144
2026-01-28 19:45:00+00:00,0.12458149343729019,0.1253487467765808,0.12457430362701416,0.1253487467765808,3495552
2026-01-28 20:00:00+00:00,0.12523318827152252,0.12540635466575623,0.12523318827152252,0.1253439486026764,0
2026-01-28 20:15:00+00:00,0.12534509599208832,0.12547536194324493,0.12534284591674805,0.12547536194324493,0
2026-01-28 20:30:00+00:00,0.1257418543100357,0.1257418543100357,0.1252233237028122,0.1252233237028122,7743744
2026-01-28 20:45:00+00:00,0.12519417703151703,0.12519417703151703,0.12491808086633682,0.12504518032073975,0
2026-01-28 21:00:00+00:00,0.12501080334186554,0.1250395029783249,0.12444335967302322,0.1250395029783249,8374656
2026-01-28 21:15:00+00:00,0.1250331997871399,0.12522625923156738,0.1250331997871399,0.12506797909736633,2018176
2026-01-28 21:30:00+00:00,0.12500232458114624,0.1250886470079422,0.1248314380645752,0.12508219480514526,0
2026-01-28 21:45:00+00:00,0.1250845044851303,0.12541243433952332,0.1250845044851303,0.12539899349212646,36096
2026-01-28 22:00:00+00:00,0.12534494698047638,0.12534494698047638,0.12506374716758728,0.12506374716758728,0
2026-01-28 22:15:00+00:00,0.12505894899368286,0.12505894899368286,0.12464217096567154,0.1249346062541008,0
2026-01-28 22:30:00+00:00,0.12510688602924347,0.12539225816726685,0.12510688602924347,0.1253654658794403,0
2026-01-28 22:45:00+00:00,0.12534353137016296,0.12541496753692627,0.12529286742210388,0.12533411383628845,0
2026-01-28 23:00:00+00:00,0.12533064186573029,0.1253570318222046,0.12508602440357208,0.1251162886619568,0
2026-01-28 23:15:00+00:00,0.125099778175354,0.1253027319908142,0.125099778175354,0.12514451146125793,273408
2026-01-28 23:30:00+00:00,0.12513640522956848,0.12513640522956848,0.12484285980463028,0.12487265467643738,1593984
2026-01-28 23:45:00+00:00,0.12488870322704315,0.1250203400850296,0.12480322271585464,0.12490855902433395,1852544
2026-01-29 00:00:00+00:00,0.12486390024423599,0.12486390024423599,0.12463617324829102,0.12463617324829102,970816
2026-01-29 00:15:00+00:00,0.12461091578006744,0.12461091578006744,0.1243806779384613,0.12439971417188644,889984
2026-01-29 00:30:00+00:00,0.12433864176273346,0.12433864176273346,0.1242031529545784,0.12423772364854813,600704
2026-01-29 00:45:00+00:00,0.1242392510175705,0.1242581158876419,0.124075748026371,0.12425623089075089,3793152
2026-01-29 01:00:00+00:00,0.12426818162202835,0.12450914829969406,0.12426818162202835,0.12442605197429657,0
2026-01-29 01:15:00+00:00,0.12433537095785141,0.12433537095785141,0.12362699955701828,0.12366271764039993,4600960
2026-01-29 01:30:00+00:00,0.12375202775001526,0.1237676665186882,0.1236499547958374,0.12365148216485977,4539584
2026-01-29 01:45:00+00:00,0.12364193052053452,0.12365270406007767,0.12319592386484146,0.12319592386484146,5944000
2026-01-29 02:00:00+00:00,0.12318005412817001,0.12353672087192535,0.12317848950624466,0.1235118955373764,7793664
2026-01-29 02:15:00+00:00,0.12352489680051804,0.12353609502315521,0.12332078814506531,0.12349564582109451,2426752
2026-01-29 02:30:00+00:00,0.12348538637161255,0.12348538637161255,0.12244420498609543,0.12244420498609543,35874944
2026-01-29 02:45:00+00:00,0.12243115901947021,0.12243115901947021,0.12194281071424484,0.12206427752971649,11916160
2026-01-29 03:00:00+00:00,0.12204719334840775,0.12263577431440353,0.12204719334840775,0.12263577431440353,2744704
2026-01-29 03:15:00+00:00,0.12265099585056305,0.12265099585056305,0.12218483537435532,0.12218483537435532,439296
2026-01-29 03:30:00+00:00,0.12217157334089279,0.12217157334089279,0.12199869006872177,0.12206120789051056,0
2026-01-29 03:45:00+00:00,0.1220707893371582,0.12218575924634933,0.12206385284662247,0.12215381860733032,1700224
2026-01-29 04:00:00+00:00,0.12213005870580673,0.12213005870580673,0.1216932013630867,0.1216932013630867,603904
2026-01-29 04:15:00+00:00,0.12166166305541992,0.12166166305541992,0.12134113162755966,0.12148737907409668,8156928
2026-01-29 04:30:00+00:00,0.12149662524461746,0.12171898782253265,0.12149662524461746,0.12171811610460281,245248
2026-01-29 04:45:00+00:00,0.12172248959541321,0.1218724176287651,0.12172248959541321,0.12180409580469131,2129792
2026-01-29 05:00:00+00:00,0.12179674953222275,0.1218651756644249,0.12171164155006409,0.1217249259352684,2946432
2026-01-29 05:15:00+00:00,0.12173883616924286,0.12192124873399734,0.12173883616924286,0.12190858274698257,0
2026-01-29 05:30:00+00:00,0.12191743403673172,0.12198056280612946,0.12181704491376877,0.1218399778008461,3330048
2026-01-29 05:45:00+00:00,0.12182963639497757,0.12182963639497757,0.12170019000768661,0.12170536816120148,0
2026-01-29 06:00:00+00:00,0.12168238312005997,0.12170840799808502,0.12163059413433075,0.12163156270980835,244736
2026-01-29 06:15:00+00:00,0.12163900583982468,0.12173884361982346,0.12163900583982468,0.12172087281942368,0
2026-01-29 06:30:00+00:00,0.1217224970459938,0.12188781797885895,0.1217224970459938,0.1217612698674202,1130496
2026-01-29 06:45:00+00:00,0.12176403403282166,0.12181597948074341,0.12171272188425064,0.12181597948074341,246912
2026-01-29 07:00:00+00:00,0.12186165899038315,0.12203793972730637,0.12186165899038315,0.12194313108921051,0
2026-01-29 07:15:00+00:00,0.12194366753101349,0.12194366753101349,0.12181296944618225,0.12188714742660522,28544
2026-01-29 07:30:00+00:00,0.12185238301753998,0.12188291549682617,0.1217845007777214,0.12186179310083389,75136
2026-01-29 07:45:00+00:00,0.12186761945486069,0.1219506487250328,0.12186761945486069,0.12193427979946136,1124096
2026-01-29 08:00:00+00:00,0.12189806252717972,0.12189806252717972,0.12159926444292068,0.12159926444292068,2006144
2026-01-29 08:15:00+00:00,0.12156761437654495,0.12159732729196548,0.12151634693145752,0.12158836424350739,4291840
2026-01-29 08:30:00+00:00,0.12170026451349258,0.12199316173791885,0.12161783874034882,0.12161783874034882,8390144
2026-01-29 08:45:00+00:00,0.12163256853818893,0.121645987033844,0.12154794484376907,0.12160664051771164,960640
2026-01-29 09:00:00+00:00,0.12159953266382217,0.12167666107416153,0.12157228589057922,0.12157228589057922,0
2026-01-29 09:15:00+00:00,0.12157228589057922,0.12157228589057922,0.12150347977876663,0.12152282893657684,172928
2026-01-29 09:30:00+00:00,0.1215066909790039,0.12165148556232452,0.1215066909790039,0.12165148556232452,246656
2026-01-29 09:45:00+00:00,0.12165113538503647,0.12165205925703049,0.12155817449092865,0.12155817449092865,0
2026-01-29 10:00:00+00:00,0.12153954803943634,0.12153954803943634,0.12139856815338135,0.12140242755413055,0
2026-01-29 10:15:00+00:00,0.12140077352523804,0.12141801416873932,0.12098726630210876,0.12099538743495941,9242368
2026-01-29 10:30:00+00:00,0.12097780406475067,0.12097780406475067,0.12067204713821411,0.12072973698377609,14708416
2026-01-29 10:45:00+00:00,0.12074331939220428,0.12091682851314545,0.12073271721601486,0.12091561406850815,1919616
2026-01-29 11:00:00+00:00,0.12091455608606339,0.12105080485343933,0.12088190019130707,0.12100036442279816,3751936
2026-01-29 11:15:00+00:00,0.12100597470998764,0.12100597470998764,0.1207665279507637,0.12076714634895325,5521920
2026-01-29 11:30:00+00:00,0.12076837569475174,0.1209610104560852,0.12074688822031021,0.1209610104560852,1025664
2026-01-29 11:45:00+00:00,0.12093105912208557,0.12101466953754425,0.1208726167678833,0.12101466953754425,0
2026-01-29 12:00:00+00:00,0.12095963954925537,0.12095963954925537,0.12085053324699402,0.12085803598165512,0
2026-01-29 12:15:00+00:00,0.12084734439849854,0.12085188925266266,0.1208292543888092,0.12083248049020767,0
2026-01-29 12:30:00+00:00,0.1208304613828659,0.1208304613828659,0.12049757689237595,0.12050486356019974,1776448
2026-01-29 12:45:00+00:00,0.1205177828669548,0.12055981159210205,0.12050411105155945,0.12055615335702896,811072
2026-01-29 13:00:00+00:00,0.12055469304323196,0.1207788735628128,0.12055469304323196,0.12077336013317108,0
2026-01-29 13:15:00+00:00,0.12078049033880234,0.12084431946277618,0.12073761969804764,0.12084431946277618,0
2026-01-29 13:30:00+00:00,0.12084949016571045,0.1208825632929802,0.12084949016571045,0.1208825632929802,58880
2026-01-29 13:45:00+00:00,0.12085020542144775,0.12085293233394623,0.12074130028486252,0.12075263261795044,0
2026-01-29 14:00:00+00:00,0.12076091766357422,0.1208563894033432,0.12076091766357422,0.12080438435077667,0
2026-01-29 14:15:00+00:00,0.12080460041761398,0.12080460041761398,0.12054892629384995,0.12054892629384995,0
2026-01-29 14:30:00+00:00,0.12055565416812897,0.12055565416812897,0.11970358341932297,0.11970358341932297,16289856
2026-01-29 14:45:00+00:00,0.11948546022176743,0.11958741396665573,0.11898274719715118,0.11898274719715118,27602816
2026-01-29 15:00:00+00:00,0.1189657673239708,0.1189657673239708,0.11663324385881424,0.1167251244187355,128972288
2026-01-29 15:15:00+00:00,0.1167389377951622,0.1167389377951622,0.11604942381381989,0.11666099727153778,62137984
2026-01-29 15:30:00+00:00,0.11664824187755585,0.11664824187755585,0.11560352146625519,0.11560828983783722,62266240
2026-01-29 15:45:00+00:00,0.11564470827579498,0.1161985769867897,0.11544796824455261,0.1161985769867897,57903488
2026-01-29 16:00:00+00:00,0.11619538068771362,0.11619538068771362,0.11542563140392303,0.11569517850875854,34503552
2026-01-29 16:15:00+00:00,0.11574012786149979,0.11603820323944092,0.11560424417257309,0.11560424417257309,28356352
2026-01-29 16:30:00+00:00,0.11562205106019974,0.11630260199308395,0.11557554453611374,0.11629463732242584,24269568
2026-01-29 16:45:00+00:00,0.11632199585437775,0.11678659915924072,0.11632199585437775,0.11678659915924072,12006784
2026-01-29 17:00:00+00:00,0.11681172251701355,0.11781778186559677,0.11681172251701355,0.11781778186559677,22507392
2026-01-29 17:15:00+00:00,0.11786530166864395,0.11851870268583298,0.11781053245067596,0.11787579208612442,25596160
2026-01-29 17:30:00+00:00,0.11785747855901718,0.11785747855901718,0.11713472753763199,0.11713472753763199,2741120
2026-01-29 17:45:00+00:00,0.11701174825429916,0.11701174825429916,0.11668402701616287,0.1166926771402359,5443072
2026-01-29 18:00:00+00:00,0.11666886508464813,0.11666886508464813,0.11651036888360977,0.11651501059532166,1947264
2026-01-29 18:15:00+00:00,0.11650604009628296,0.11650604009628296,0.1155361607670784,0.1155361607670784,31810816
2026-01-29 18:30:00+00:00,0.11553312838077545,0.11562778055667877,0.1153159812092781,0.11560109257698059,50247040
2026-01-29 18:45:00+00:00,0.1155572310090065,0.1155572310090065,0.11455771327018738,0.11455771327018738,30865280
2026-01-29 19:00:00+00:00,0.11454663425683975,0.1148374006152153,0.11449161171913147,0.11466804146766663,10775808
2026-01-29 19:15:00+00:00,0.11469268053770065,0.11491502076387405,0.11463382840156555,0.11478114128112793,11088640
2026-01-29 19:30:00+00:00,0.11481960862874985,0.11552024632692337,0.11481960862874985,0.11547762900590897,17902976
2026-01-29 19:45:00+00:00,0.11555907130241394,0.11555907130241394,0.1154649630188942,0.11549565196037292,2976000
2026-01-29 20:00:00+00:00,0.11546845734119415,0.11552100628614426,0.11536084115505219,0.11543183773756027,2398080
2026-01-29 20:15:00+00:00,0.11542768031358719,0.11574802547693253,0.11542768031358719,0.11571677774190903,2915712
2026-01-29 20:30:00+00:00,0.1156887412071228,0.1156887412071228,0.11557576060295105,0.11567511409521103,1979904
2026-01-29 20:45:00+00:00,0.11569378525018692,0.11602707952260971,0.11569378525018692,0.11602545529603958,6188288
2026-01-29 21:00:00+00:00,0.11603988707065582,0.11643993854522705,0.11603988707065582,0.11643993854522705,2928640
2026-01-29 21:15:00+00:00,0.11645079404115677,0.11645079404115677,0.11630696058273315,0.11632859706878662,535552
2026-01-29 21:30:00+00:00,0.1163729578256607,0.11645201593637466,0.1163027286529541,0.11645201593637466,3591040
2026-01-29 21:45:00+00:00,0.11657123267650604,0.11671455204486847,0.11656385660171509,0.11656644195318222,3680768
2026-01-29 22:00:00+00:00,0.11657053977251053,0.11696039885282516,0.11657053977251053,0.11689188331365585,6210048
2026-01-29 22:15:00+00:00,0.116847924888134,0.116847924888134,0.11660829186439514,0.11664793640375137,2680448
2026-01-29 22:30:00+00:00,0.11678455770015717,0.11688753962516785,0.11675053089857101,0.11675053089857101,5380224
2026-01-29 22:45:00+00:00,0.1167883649468422,0.11691595613956451,0.11673418432474136,0.11691595613956451,2255616
2026-01-29 23:00:00+00:00,0.11690764129161835,0.11690764129161835,0.11660600453615189,0.11660600453615189,4481152
2026-01-29 23:15:00+00:00,0.11660244315862656,0.11680422723293304,0.11660244315862656,0.11680422723293304,2926336
2026-01-29 23:30:00+00:00,0.11676277220249176,0.11697907000780106,0.11676277220249176,0.11692449450492859,850688
2026-01-29 23:45:00+00:00,0.11706341058015823,0.1171221062541008,0.11706341058015823,0.1170981228351593,1878528
2026-01-30 00:00:00+00:00,0.11709862947463989,0.11747188866138458,0.11709862947463989,0.1173178181052208,161280
2026-01-30 00:15:00+00:00,0.11731243878602982,0.11731243878602982,0.11706412583589554,0.11707904934883118,0
2026-01-30 00:30:00+00:00,0.11707933992147446,0.11709854006767273,0.11698081344366074,0.11702270805835724,3770368
2026-01-30 00:45:00+00:00,0.11693120002746582,0.11700692027807236,0.11687149107456207,0.11688268184661865,639232
2026-01-30 01:00:00+00:00,0.11687865108251572,0.11687865108251572,0.1167871505022049,0.11683976650238037,2961024
2026-01-30 01:15:00+00:00,0.11684252321720123,0.11698072403669357,0.11672370880842209,0.11698072403669357,5165440
2026-01-30 01:30:00+00:00,0.11695490032434464,0.11695490032434464,0.11504902690649033,0.11504902690649033,64573312
2026-01-30 01:45:00+00:00,0.11388979107141495,0.11514357477426529,0.11388979107141495,0.11514357477426529,120872832
2026-01-30 02:00:00+00:00,0.11514048278331757,0.1152421087026596,0.11462903022766113,0.11468964070081711,8589312
2026-01-30 02:15:00+00:00,0.11466681212186813,0.11469703167676926,0.11349768191576004,0.11350543051958084,28181376
2026-01-30 02:30:00+00:00,0.11351508647203445,0.11483938992023468,0.11322978138923645,0.11483938992023468,8673664
2026-01-30 02:45:00+00:00,0.11486536264419556,0.11486536264419556,0.11427365988492966,0.11428000777959824,1755520
2026-01-30 03:00:00+00:00,0.11429468542337418,0.11462830007076263,0.11422252655029297,0.11460386961698532,8672128
2026-01-30 03:15:00+00:00,0.11458800733089447,0.11477232724428177,0.11458800733089447,0.1146717369556427,440064
2026-01-30 03:30:00+00:00,0.11465903371572495,0.11465903371572495,0.11425550282001495,0.11425915360450745,13044224
2026-01-30 03:45:00+00:00,0.1142721101641655,0.1142721101641655,0.1140681803226471,0.11410398781299591,5423872
2026-01-30 04:00:00+00:00,0.11409871280193329,0.11449725180864334,0.11409871280193329,0.11448192596435547,3535232
2026-01-30 04:15:00+00:00,0.11449319124221802,0.11505070328712463,0.11449319124221802,0.11504383385181427,2910464
2026-01-30 04:30:00+00:00,0.11505116522312164,0.11517396569252014,0.11485069990158081,0.11485069990158081,2976128
2026-01-30 04:45:00+00:00,0.11485424637794495,0.11491342633962631,0.11485424637794495,0.11490553617477417,1550592
2026-01-30 05:00:00+00:00,0.1147971823811531,0.11482105404138565,0.11466796696186066,0.11466796696186066,0
2026-01-30 05:15:00+00:00,0.11466242372989655,0.11475371569395065,0.114583820104599,0.11475371569395065,4402944
2026-01-30 05:30:00+00:00,0.11477213352918625,0.11498158425092697,0.11477213352918625,0.11478732526302338,1314816
2026-01-30 05:45:00+00:00,0.11476371437311172,0.11479218304157257,0.11468838155269623,0.11476727575063705,4462336
2026-01-30 06:00:00+00:00,0.11475741863250732,0.11475741863250732,0.11407777667045593,0.11407777667045593,11853952
2026-01-30 06:15:00+00:00,0.11406934261322021,0.11406934261322021,0.11350791901350021,0.11350791901350021,10123264
2026-01-30 06:30:00+00:00,0.11351078748703003,0.11351078748703003,0.11279046535491943,0.11279046535491943,16516992
2026-01-30 06:45:00+00:00,0.11278132349252701,0.11297988146543503,0.11249293386936188,0.11290149390697479,20617728
2026-01-30 07:00:00+00:00,0.11290545761585236,0.11395417153835297,0.11290072649717331,0.11395417153835297,21554304
2026-01-30 07:15:00+00:00,0.11398877948522568,0.11452183127403259,0.11398877948522568,0.11445531994104385,20883456
2026-01-30 07:30:00+00:00,0.11444399505853653,0.11444399505853653,0.113814577460289,0.113814577460289,10520448
2026-01-30 07:45:00+00:00,0.11384265869855881,0.11438563466072083,0.11384265869855881,0.11436960101127625,6744704
2026-01-30 08:00:00+00:00,0.11437493562698364,0.11437493562698364,0.11428970098495483,0.11433693021535873,1296000
2026-01-30 08:15:00+00:00,0.11434272676706314,0.11442355066537857,0.11431371420621872,0.11431445181369781,624256
2026-01-30 08:30:00+00:00,0.11430931836366653,0.11430931836366653,0.11354469507932663,0.11354469507932663,33536
2026-01-30 08:45:00+00:00,0.11361030489206314,0.11393342167139053,0.11361030489206314,0.11393342167139053,5142016
2026-01-30 09:00:00+00:00,0.1139124408364296,0.11399713903665543,0.1138879656791687,0.11391770094633102,834816
2026-01-30 09:15:00+00:00,0.11391927301883698,0.11391927301883698,0.11340130865573883,0.11340130865573883,5389440
2026-01-30 09:30:00+00:00,0.1133970096707344,0.11383215337991714,0.1133970096707344,0.11383215337991714,713088
2026-01-30 09:45:00+00:00,0.11382674425840378,0.11382674425840378,0.11322328448295593,0.11335030943155289,8282624
2026-01-30 10:00:00+00:00,0.11335790902376175,0.11335790902376175,0.11314287036657333,0.1132345125079155,2691456
2026-01-30 10:15:00+00:00,0.11324918270111084,0.1136249303817749,0.11324286460876465,0.11359843611717224,109824
2026-01-30 10:30:00+00:00,0.11359434574842453,0.11359434574842453,0.1134028509259224,0.1134028509259224,0
2026-01-30 10:45:00+00:00,0.11340049654245377,0.11372211575508118,0.11340049654245377,0.11368668079376221,1148672
2026-01-30 11:00:00+00:00,0.1136966198682785,0.11391597241163254,0.1136966198682785,0.11391597241163254,0
2026-01-30 11:15:00+00:00,0.11391555517911911,0.11398037523031235,0.11390234529972076,0.11391288787126541,0
2026-01-30 11:30:00+00:00,0.11392783373594284,0.11417112499475479,0.11392783373594284,0.11416475474834442,2042240
2026-01-30 11:45:00+00:00,0.11414311081171036,0.11538450419902802,0.1141287237405777,0.11527259647846222,16187904
2026-01-30 12:00:00+00:00,0.11539102345705032,0.11539102345705032,0.11507564038038254,0.11507564038038254,8362496
2026-01-30 12:15:00+00:00,0.11507663130760193,0.11507663130760193,0.11478140950202942,0.11478421837091446,3059840
2026-01-30 12:30:00+00:00,0.1147851049900055,0.11479789018630981,0.114726223051548,0.11479789018630981,2001920
2026-01-30 12:45:00+00:00,0.11478623747825623,0.11478623747825623,0.11465463042259216,0.11466062813997269,1592704
2026-01-30 13:00:00+00:00,0.11468179523944855,0.11476463079452515,0.11431913077831268,0.11444927752017975,6049408
2026-01-30 13:15:00+00:00,0.11444932222366333,0.1144503727555275,0.11439287662506104,0.11440874636173248,4357248
2026-01-30 13:30:00+00:00,0.11441701650619507,0.11462177336215973,0.11423137784004211,0.11442229151725769,26299136
2026-01-30 13:45:00+00:00,0.11445340514183044,0.11450541764497757,0.11423157155513763,0.11425457149744034,7342848
2026-01-30 14:00:00+00:00,0.11426728218793869,0.11521243304014206,0.11426728218793869,0.1151939406991005,6026368
2026-01-30 14:15:00+00:00,0.11518416553735733,0.11518416553735733,0.11504665017127991,0.1150987446308136,1492224
2026-01-30 14:30:00+00:00,0.1150890365242958,0.1156364306807518,0.1150890365242958,0.1156364306807518,163200
2026-01-30 14:45:00+00:00,0.11564610153436661,0.11608408391475677,0.11527451872825623,0.11530137062072754,26442240
2026-01-30 15:00:00+00:00,0.11531618982553482,0.11613208055496216,0.11531618982553482,0.11605741083621979,0
2026-01-30 15:15:00+00:00,0.115717813372612,0.11583441495895386,0.11483263224363327,0.11483263224363327,0
2026-01-30 15:30:00+00:00,0.11441008001565933,0.11586610972881317,0.114348866045475,0.11586610972881317,0
2026-01-30 15:45:00+00:00,0.11590895056724548,0.11590895056724548,0.11572065949440002,0.11572065949440002,0
2026-01-30 16:00:00+00:00,0.11576874554157257,0.11611419916152954,0.11574293673038483,0.11611419916152954,0
2026-01-30 16:15:00+00:00,0.11615944653749466,0.11621043086051941,0.11570736765861511,0.11596809327602386,0
2026-01-30 16:30:00+00:00,0.11620718240737915,0.11675121635198593,0.1161680594086647,0.11675121635198593,272768
2026-01-30 16:45:00+00:00,0.11673196405172348,0.11673196405172348,0.11600860953330994,0.11600860953330994,0
2026-01-30 17:00:00+00:00,0.11603279411792755,0.1160554513335228,0.11565173417329788,0.11571608483791351,0
2026-01-30 17:15:00+00:00,0.11571581661701202,0.11687332391738892,0.11570663750171661,0.11687332391738892,0
2026-01-30 17:30:00+00:00,0.1168660819530487,0.1168660819530487,0.11631868034601212,0.11632554233074188,0
2026-01-30 17:45:00+00:00,0.11634553223848343,0.11649584770202637,0.116306833922863,0.116306833922863,0
2026-01-30 18:00:00+00:00,0.11619791388511658,0.1163468211889267,0.1157551184296608,0.1157560870051384,1006976
2026-01-30 18:15:00+00:00,0.11576256155967712,0.11576256155967712,0.11362844705581665,0.11434942483901978,4405760
2026-01-30 18:30:00+00:00,0.11441311985254288,0.11509917676448822,0.11441311985254288,0.11509917676448822,0
2026-01-30 18:45:00+00:00,0.11537511646747589,0.11734480410814285,0.11537511646747589,0.11734480410814285,22785536
2026-01-30 19:00:00+00:00,0.1174275353550911,0.11787601560354233,0.1174275353550911,0.11758408695459366,3382528
2026-01-30 19:15:00+00:00,0.11762143671512604,0.11834608018398285,0.11762143671512604,0.11833159625530243,2739456
2026-01-30 19:30:00+00:00,0.11828910559415817,0.11832452565431595,0.1178569421172142,0.11786388605833054,0
2026-01-30 19:45:00+00:00,0.11785677820444107,0.11799775809049606,0.11771360784769058,0.1179216057062149,683648
2026-01-30 20:00:00+00:00,0.1178799718618393,0.1178799718618393,0.1170138269662857,0.1170588955283165,2377984
2026-01-30 20:15:00+00:00,0.1170467734336853,0.11718321591615677,0.11658231168985367,0.11658231168985367,8409216
2026-01-30 20:30:00+00:00,0.11662652343511581,0.11662652343511581,0.11573024839162827,0.11584415286779404,22839424
2026-01-30 20:45:00+00:00,0.11587589234113693,0.11597687751054764,0.11565543711185455,0.11574675887823105,5772416
2026-01-30 21:00:00+00:00,0.11576066166162491,0.11604464799165726,0.11573956906795502,0.11598202586174011,0
2026-01-30 21:15:00+00:00,0.11596032977104187,0.11650990694761276,0.11596032977104187,0.11631889641284943,7113856
2026-01-30 21:30:00+00:00,0.11630325764417648,0.11630325764417648,0.11587249487638474,0.11588214337825775,234368
2026-01-30 21:45:00+00:00,0.11587439477443695,0.11629150807857513,0.11587439477443695,0.11629150807857513,4462720
2026-01-30 22:00:00+00:00,0.11630885303020477,0.11632716655731201,0.11613930016756058,0.11613930016756058,0
2026-01-30 22:15:00+00:00,0.11612985283136368,0.11612985283136368,0.11549054086208344,0.11549054086208344,236416
2026-01-30 22:30:00+00:00,0.115486279129982,0.11595259606838226,0.115481436252594,0.11592289060354233,834304
2026-01-30 22:45:00+00:00,0.11592067778110504,0.11600756645202637,0.1158963292837143,0.11590192466974258,0
2026-01-30 23:00:00+00:00,0.11593140661716461,0.11596906185150146,0.11567658931016922,0.11567658931016922,0
2026-01-30 23:15:00+00:00,0.11566635221242905,0.11566997319459915,0.11554069072008133,0.11555688083171844,102272
2026-01-30 23:30:00+00:00,0.11552612483501434,0.11552612483501434,0.11528202891349792,0.11544117331504822,0
2026-01-30 23:45:00+00:00,0.11547071486711502,0.11576110869646072,0.11547071486711502,0.11566594988107681,324864
2026-01-31 00:00:00+00:00,0.11566100269556046,0.11566100269556046,0.11543542146682739,0.11543861776590347,48128
2026-01-31 00:15:00+00:00,0.11542826145887375,0.11549355089664459,0.11539360880851746,0.11549355089664459,345856
2026-01-31 00:30:00+00:00,0.11549162864685059,0.11558119207620621,0.11545814573764801,0.11557301878929138,0
2026-01-31 00:45:00+00:00,0.11555942893028259,0.11555942893028259,0.1152360662817955,0.1152360662817955,0
2026-01-31 01:00:00+00:00,0.11524298787117004,0.11558554321527481,0.11521866917610168,0.11558309942483902,0
2026-01-31 01:15:00+00:00,0.11558697372674942,0.11564064025878906,0.11556398123502731,0.11562133580446243,0
2026-01-31 01:30:00+00:00,0.11561500281095505,0.11561500281095505,0.11533640325069427,0.11537905782461166,0
2026-01-31 01:45:00+00:00,0.11538252234458923,0.11548811197280884,0.1153365895152092,0.11548740416765213,0
2026-01-31 02:00:00+00:00,0.1154777929186821,0.1154777929186821,0.11503273248672485,0.11503469198942184,0
2026-01-31 02:15:00+00:00,0.11504577100276947,0.11504577100276947,0.11488290876150131,0.11489538103342056,0
2026-01-31 02:30:00+00:00,0.11488620936870575,0.11522358655929565,0.11479286104440689,0.11522358655929565,0
2026-01-31 02:45:00+00:00,0.11522054672241211,0.11529099196195602,0.11522054672241211,0.11527260392904282,0
2026-01-31 03:00:00+00:00,0.11526931077241898,0.11527032405138016,0.11519259959459305,0.11519259959459305,0
2026-01-31 03:15:00+00:00,0.11520469188690186,0.11527527868747711,0.11520469188690186,0.11526747792959213,0
2026-01-31 03:30:00+00:00,0.11527660489082336,0.11527660489082336,0.11519698798656464,0.11521288007497787,0
2026-01-31 03:45:00+00:00,0.11521843075752258,0.11521843075752258,0.11500168591737747,0.11500168591737747,130560
2026-01-31 04:00:00+00:00,0.11500174552202225,0.1152443215250969,0.1149911880493164,0.11523428559303284,0
2026-01-31 04:15:00+00:00,0.11523673683404922,0.11523673683404922,0.11509684473276138,0.11511973291635513,0
2026-01-31 04:30:00+00:00,0.1150977686047554,0.1150977686047554,0.11489345133304596,0.11490801721811295,0
2026-01-31 04:45:00+00:00,0.11489157378673553,0.11489157378673553,0.11465741693973541,0.11466434597969055,943872
2026-01-31 05:00:00+00:00,0.11465713381767273,0.11465713381767273,0.11435505002737045,0.11435510963201523,7367296
2026-01-31 05:15:00+00:00,0.11438032984733582,0.11452234536409378,0.11438032984733582,0.11452234536409378,1512960
2026-01-31 05:30:00+00:00,0.11451099067926407,0.1145397499203682,0.11446589231491089,0.11451734602451324,0
2026-01-31 05:45:00+00:00,0.11451242119073868,0.11451242119073868,0.11444053798913956,0.11444053798913956,116224
2026-01-31 06:00:00+00:00,0.11445064842700958,0.1145046129822731,0.11436519771814346,0.11436519771814346,0
2026-01-31 06:15:00+00:00,0.11436397582292557,0.11436397582292557,0.11394187062978745,0.11394187062978745,1982464
2026-01-31 06:30:00+00:00,0.1135621890425682,0.1135621890425682,0.11336378008127213,0.11336719244718552,8767488
2026-01-31 06:45:00+00:00,0.11337825655937195,0.11369101703166962,0.11337825655937195,0.11369101703166962,0
2026-01-31 07:00:00+00:00,0.11368977278470993,0.11376600712537766,0.11361673474311829,0.1136171743273735,0
2026-01-31 07:15:00+00:00,0.11361322551965714,0.11361322551965714,0.11343466490507126,0.11349897086620331,0
2026-01-31 07:30:00+00:00,0.11348123848438263,0.11348123848438263,0.11233670264482498,0.11236187070608139,7599232
2026-01-31 07:45:00+00:00,0.11236955225467682,0.11259255558252335,0.11236955225467682,0.11258772760629654,3380096
2026-01-31 08:00:00+00:00,0.1125822365283966,0.11276260018348694,0.1125822365283966,0.11259045451879501,2385408
2026-01-31 08:15:00+00:00,0.11259521543979645,0.11259521543979645,0.11213913559913635,0.11213913559913635,18058624
2026-01-31 08:30:00+00:00,0.11215393990278244,0.11215393990278244,0.11103505641222,0.11103505641222,41136768
2026-01-31 08:45:00+00:00,0.11106878519058228,0.11146300286054611,0.11071804165840149,0.11144137382507324,26548480
2026-01-31 09:00:00+00:00,0.11144007742404938,0.1117108017206192,0.11143331229686737,0.1117108017206192,5143680
2026-01-31 09:15:00+00:00,0.11172320693731308,0.11178786307573318,0.11145841330289841,0.11145841330289841,949504
2026-01-31 09:30:00+00:00,0.11147431284189224,0.11225413531064987,0.11147431284189224,0.11199512332677841,12663808
2026-01-31 09:45:00+00:00,0.11198654770851135,0.11198654770851135,0.11181028932332993,0.11198028922080994,972032
2026-01-31 10:00:00+00:00,0.11196164041757584,0.11196164041757584,0.1116071492433548,0.11161357909440994,0
2026-01-31 10:15:00+00:00,0.11161496490240097,0.11188814789056778,0.11161496490240097,0.11188686639070511,0
2026-01-31 10:30:00+00:00,0.11190573126077652,0.11218667775392532,0.11190573126077652,0.11209283024072647,4320000
2026-01-31 10:45:00+00:00,0.11209513992071152,0.11209513992071152,0.11197759956121445,0.11197759956121445,48384
2026-01-31 11:00:00+00:00,0.11197252571582794,0.11197252571582794,0.11147461831569672,0.11147461831569672,0
2026-01-31 11:15:00+00:00,0.11145581305027008,0.11179941892623901,0.11139500886201859,0.11179941892623901,847616
2026-01-31 11:30:00+00:00,0.11179541796445847,0.1119164377450943,0.11179541796445847,0.1119164377450943,0
2026-01-31 11:45:00+00:00,0.11190435290336609,0.11190435290336609,0.11166784167289734,0.11167768388986588,330368
2026-01-31 12:00:00+00:00,0.11168403923511505,0.11168403923511505,0.11137983202934265,0.11137983202934265,0
2026-01-31 12:15:00+00:00,0.1113828718662262,0.11153028905391693,0.11129024624824524,0.11153028905391693,2626432
2026-01-31 12:30:00+00:00,0.1115332767367363,0.11156656593084335,0.1114002987742424,0.11144597083330154,2050944
2026-01-31 12:45:00+00:00,0.11144258826971054,0.11146446317434311,0.11116303503513336,0.11127156019210815,3969536
2026-01-31 13:00:00+00:00,0.11125857383012772,0.11125857383012772,0.11107198148965836,0.11107198148965836,0
2026-01-31 13:15:00+00:00,0.1110609695315361,0.11106907576322556,0.11082038283348083,0.11082038283348083,5907200
2026-01-31 13:30:00+00:00,0.11082468926906586,0.11082468926906586,0.11042653024196625,0.11044565588235855,5077376
2026-01-31 13:45:00+00:00,0.11046728491783142,0.11065296828746796,0.11046728491783142,0.11063551157712936,4414592
2026-01-31 14:00:00+00:00,0.11063174158334732,0.11083023250102997,0.1101045310497284,0.1101052388548851,30906240
2026-01-31 14:15:00+00:00,0.11006193608045578,0.11006193608045578,0.10743607580661774,0.10743607580661774,109891840
2026-01-31 14:30:00+00:00,0.1074158251285553,0.1074158251285553,0.10619430243968964,0.10620327293872833,107486336
2026-01-31 14:45:00+00:00,0.10619286447763443,0.10687556117773056,0.10619286447763443,0.10687556117773056,28922112
2026-01-31 15:00:00+00:00,0.10685843974351883,0.10761240869760513,0.10682462155818939,0.10754050314426422,18441344
2026-01-31 15:15:00+00:00,0.1075425073504448,0.10755051672458649,0.1070154532790184,0.10704950243234634,9289856
2026-01-31 15:30:00+00:00,0.10728318989276886,0.10744202136993408,0.10716260969638824,0.10720041394233704,1862656
2026-01-31 15:45:00+00:00,0.1072152629494667,0.10726308822631836,0.10691691935062408,0.10692562162876129,3740928
2026-01-31 16:00:00+00:00,0.10691650956869125,0.10691650956869125,0.10642333328723907,0.10672763735055923,11291136
2026-01-31 16:15:00+00:00,0.10669944435358047,0.10767710953950882,0.1065153181552887,0.10725562274456024,48765696
2026-01-31 16:30:00+00:00,0.1072462946176529,0.1072462946176529,0.10634122788906097,0.10634122788906097,12956800
2026-01-31 16:45:00+00:00,0.10632798820734024,0.10632798820734024,0.10521729290485382,0.10521729290485382,50510464
2026-01-31 17:00:00+00:00,0.10524717718362808,0.10525579005479813,0.10236179083585739,0.1028151661157608,153804800
2026-01-31 17:15:00+00:00,0.10284124314785004,0.10284124314785004,0.10187579691410065,0.10196179151535034,149353472
2026-01-31 17:30:00+00:00,0.10199446231126785,0.10205379873514175,0.10164909809827805,0.10164909809827805,52109824
2026-01-31 17:45:00+00:00,0.10167908668518066,0.10189204663038254,0.10143140703439713,0.10189204663038254,29379072
2026-01-31 18:00:00+00:00,0.10191719979047775,0.10224670171737671,0.10191719979047775,0.10224279761314392,10820608
2026-01-31 18:15:00+00:00,0.10217928886413574,0.10217928886413574,0.10154574364423752,0.10179733484983444,10619392
2026-01-31 18:30:00+00:00,0.101761095225811,0.10190244019031525,0.10021248459815979,0.10021316260099411,44596096
2026-01-31 18:45:00+00:00,0.09999676793813705,0.10197658091783524,0.09999676793813705,0.10120251774787903,218950528
2026-01-31 19:00:00+00:00,0.10125806927680969,0.1017017811536789,0.10125806927680969,0.1016639918088913,44099840
2026-01-31 19:15:00+00:00,0.10174055397510529,0.10250914841890335,0.10174055397510529,0.10250914841890335,52705024
2026-01-31 19:30:00+00:00,0.10253096371889114,0.10260549932718277,0.10147344321012497,0.10155545920133591,30796544
2026-01-31 19:45:00+00:00,0.10150176286697388,0.10196596384048462,0.10146405547857285,0.10196596384048462,18900480
2026-01-31 20:00:00+00:00,0.10193751007318497,0.10193751007318497,0.10161429643630981,0.10161429643630981,2684672
2026-01-31 20:15:00+00:00,0.10161169618368149,0.10166367888450623,0.1012021154165268,0.1012021154165268,7092224
2026-01-31 20:30:00+00:00,0.10118399560451508,0.10118399560451508,0.1007547676563263,0.10102658718824387,0
2026-01-31 20:45:00+00:00,0.10100764781236649,0.10157141834497452,0.10100764781236649,0.10157141834497452,2505216
2026-01-31 21:00:00+00:00,0.10156597197055817,0.10174290090799332,0.10143886506557465,0.10147884488105774,2080512
2026-01-31 21:15:00+00:00,0.10147179663181305,0.10169243812561035,0.10128947347402573,0.10169243812561035,9527808
2026-01-31 21:30:00+00:00,0.1017221212387085,0.102287657558918,0.1017221212387085,0.10227908939123154,18913024
2026-01-31 21:45:00+00:00,0.10230398923158646,0.10267792642116547,0.10230398923158646,0.1025804877281189,18110464
2026-01-31 22:00:00+00:00,0.1025581806898117,0.10264720767736435,0.10214785486459732,0.10214785486459732,9682432
2026-01-31 22:15:00+00:00,0.10214660316705704,0.10214660316705704,0.10184186697006226,0.10189401358366013,4297984
2026-01-31 22:30:00+00:00,0.10196243971586227,0.10213565826416016,0.10195156931877136,0.10195156931877136,8918016
2026-01-31 22:45:00+00:00,0.10194315761327744,0.1022326797246933,0.10188490897417068,0.10219272971153259,5965056
2026-01-31 23:00:00+00:00,0.10218754410743713,0.1028342992067337,0.10218754410743713,0.10262271761894226,6253056
2026-01-31 23:15:00+00:00,0.1026344895362854,0.10431773215532303,0.1026197224855423,0.10422816127538681,39815168
2026-01-31 23:30:00+00:00,0.1042741984128952,0.1042761281132698,0.10402685403823853,0.10402685403823853,15090176
2026-01-31 23:45:00+00:00,0.10405337810516357,0.1041012704372406,0.10376568138599396,0.1041012704372406,8935936
2026-02-01 00:00:00+00:00,0.10410763323307037,0.10462640970945358,0.10408047586679459,0.10460273176431656,15517952
2026-02-01 00:15:00+00:00,0.10468848049640656,0.1049785166978836,0.10468848049640656,0.1049785166978836,20108288
2026-02-01 00:30:00+00:00,0.10495663434267044,0.10497095435857773,0.1045929566025734,0.1045929566025734,12385536
2026-02-01 00:45:00+00:00,0.10458637028932571,0.10490894317626953,0.1045549064874649,0.10485731810331345,7195904
2026-02-01 01:00:00+00:00,0.10485455393791199,0.10485455393791199,0.1041153147816658,0.1041170284152031,3723008
2026-02-01 01:15:00+00:00,0.10410750657320023,0.10410750657320023,0.10376685112714767,0.10407989472150803,11048192
2026-02-01 01:30:00+00:00,0.10415905714035034,0.1046622022986412,0.10415905714035034,0.10437403619289398,6926336
2026-02-01 01:45:00+00:00,0.10436246544122696,0.10480226576328278,0.10433617979288101,0.10480226576328278,8286720
2026-02-01 02:00:00+00:00,0.10479635000228882,0.10525256395339966,0.10475758463144302,0.10525256395339966,6227456
2026-02-01 02:15:00+00:00,0.1052975207567215,0.1053570955991745,0.10477270185947418,0.10477277636528015,2782208
2026-02-01 02:30:00+00:00,0.10478347539901733,0.10512389987707138,0.10478347539901733,0.10509686917066574,3641600
2026-02-01 02:45:00+00:00,0.1050988957285881,0.1052534282207489,0.10507506877183914,0.10518454015254974,5462016
2026-02-01 03:00:00+00:00,0.10518724471330643,0.10518724471330643,0.10495975613594055,0.10505100339651108,1338880
2026-02-01 03:15:00+00:00,0.10506515204906464,0.10506515204906464,0.10483021289110184,0.10487794131040573,2450432
2026-02-01 03:30:00+00:00,0.10487358272075653,0.10487358272075653,0.1046176552772522,0.10470174252986908,6584320
2026-02-01 03:45:00+00:00,0.10468359291553497,0.10481557250022888,0.10465510934591293,0.10478471219539642,1638400
2026-02-01 04:00:00+00:00,0.10478751361370087,0.10518477857112885,0.10478751361370087,0.10518249869346619,5246464
2026-02-01 04:15:00+00:00,0.10515574365854263,0.10529347509145737,0.10511782765388489,0.10511782765388489,7133440
2026-02-01 04:30:00+00:00,0.10511364042758942,0.10513581335544586,0.10499633103609085,0.10511353611946106,3416064
2026-02-01 04:45:00+00:00,0.10512244701385498,0.10523068159818649,0.10512244701385498,0.10516364872455597,5337600
2026-02-01 05:00:00+00:00,0.10515467822551727,0.10515467822551727,0.10476511716842651,0.10478374361991882,931328
2026-02-01 05:15:00+00:00,0.10479418933391571,0.10520755499601364,0.10479418933391571,0.10520755499601364,3874304
2026-02-01 05:30:00+00:00,0.10520796477794647,0.10524030029773712,0.10490823537111282,0.10490823537111282,1239808
2026-02-01 05:45:00+00:00,0.10491453856229782,0.10491453856229782,0.10459388792514801,0.10459388792514801,1370112
2026-02-01 06:00:00+00:00,0.10459490865468979,0.1052853912115097,0.10459490865468979,0.1052853912115097,4440576
2026-02-01 06:15:00+00:00,0.10530874133110046,0.10543841868638992,0.10530243068933487,0.10530243068933487,2464512
2026-02-01 06:30:00+00:00,0.10530024766921997,0.1053086668252945,0.10486532747745514,0.10501547902822495,213504
2026-02-01 06:45:00+00:00,0.1050131544470787,0.1050131544470787,0.10489831119775772,0.1049852967262268,0
2026-02-01 07:00:00+00:00,0.10498230159282684,0.10498230159282684,0.10469254851341248,0.10469742119312286,2320128
2026-02-01 07:15:00+00:00,0.10469838976860046,0.10469838976860046,0.1045905128121376,0.10467537492513657,4249856
2026-02-01 07:30:00+00:00,0.10472685843706131,0.10608721524477005,0.10472685843706131,0.10608618706464767,5435392
2026-02-01 07:45:00+00:00,0.10611968487501144,0.1061224564909935,0.10569506138563156,0.10569636523723602,2330112
2026-02-01 08:00:00+00:00,0.10570601373910904,0.10570601373910904,0.10558421164751053,0.10558421164751053,123392
2026-02-01 08:15:00+00:00,0.10558623820543289,0.10558623820543289,0.10533875226974487,0.10536444932222366,0
2026-02-01 08:30:00+00:00,0.10538668185472488,0.10627992451190948,0.10538668185472488,0.1062716543674469,0
2026-02-01 08:45:00+00:00,0.10628572851419449,0.10629589110612869,0.10590478777885437,0.10590478777885437,0
2026-02-01 09:00:00+00:00,0.10590778291225433,0.10598994791507721,0.1058264821767807,0.10597067326307297,0
2026-02-01 09:15:00+00:00,0.10596276819705963,0.10596276819705963,0.10547713190317154,0.1054869294166565,0
2026-02-01 09:30:00+00:00,0.10548868030309677,0.10594101995229721,0.10548766702413559,0.10594101995229721,0
2026-02-01 09:45:00+00:00,0.1059674471616745,0.10617494583129883,0.1059674471616745,0.10617494583129883,1216768
2026-02-01 10:00:00+00:00,0.10614269226789474,0.10628949850797653,0.10610946267843246,0.10619146376848221,1375232
2026-02-01 10:15:00+00:00,0.10619817674160004,0.10619817674160004,0.10599327832460403,0.10602909326553345,0
2026-02-01 10:30:00+00:00,0.10603135824203491,0.10605631023645401,0.10502386093139648,0.10504254698753357,8328960
2026-02-01 10:45:00+00:00,0.1050361692905426,0.1050361692905426,0.10470703989267349,0.10471045970916748,8102656
2026-02-01 11:00:00+00:00,0.10471134632825851,0.10491495579481125,0.1047038659453392,0.1049148365855217,5140992
2026-02-01 11:15:00+00:00,0.10494040697813034,0.1049690991640091,0.10480557382106781,0.10480557382106781,562688
2026-02-01 11:30:00+00:00,0.10479141026735306,0.10574806481599808,0.10477304458618164,0.10574806481599808,13278208
2026-02-01 11:45:00+00:00,0.10573726147413254,0.10589545965194702,0.10573726147413254,0.10578235238790512,5302272
2026-02-01 12:00:00+00:00,0.10577703267335892,0.10580292344093323,0.10559135675430298,0.10565170645713806,0
2026-02-01 12:15:00+00:00,0.10564721375703812,0.10564721375703812,0.10541801154613495,0.10542904585599899,5426432
2026-02-01 12:30:00+00:00,0.10545291006565094,0.10597006976604462,0.10545291006565094,0.10590550303459167,2044160
2026-02-01 12:45:00+00:00,0.1058734804391861,0.10590323805809021,0.10569698363542557,0.10570525377988815,1683456
2026-02-01 13:00:00+00:00,0.1056961715221405,0.10652516782283783,0.1056961715221405,0.10649634897708893,3841024
2026-02-01 13:15:00+00:00,0.10649512708187103,0.1065182089805603,0.1062287911772728,0.1062287911772728,0
2026-02-01 13:30:00+00:00,0.1062292531132698,0.10623390227556229,0.10596472769975662,0.10596472769975662,0
2026-02-01 13:45:00+00:00,0.1059664860367775,0.10597017407417297,0.10544215142726898,0.10545286536216736,831744
2026-02-01 14:00:00+00:00,0.10552317649126053,0.10575215518474579,0.1055135503411293,0.105716273188591,0
2026-02-01 14:15:00+00:00,0.10569149255752563,0.10569149255752563,0.10510408133268356,0.10510408133268356,0
2026-02-01 14:30:00+00:00,0.10508724302053452,0.10508724302053452,0.1043052077293396,0.10456698387861252,0
2026-02-01 14:45:00+00:00,0.10460618883371353,0.10562832653522491,0.10460618883371353,0.10556404292583466,4742656
2026-02-01 15:00:00+00:00,0.10549081861972809,0.10549081861972809,0.10464375466108322,0.10464375466108322,0
2026-02-01 15:15:00+00:00,0.1046358272433281,0.1046358272433281,0.10330165177583694,0.10330165177583694,4465408
2026-02-01 15:30:00+00:00,0.10313881933689117,0.1033812016248703,0.102837473154068,0.10335979610681534,24728320
2026-02-01 15:45:00+00:00,0.10333161801099777,0.1041187196969986,0.10330379754304886,0.10401922464370728,9796608
2026-02-01 16:00:00+00:00,0.10399948805570602,0.10408234596252441,0.10367223620414734,0.10387413203716278,1219072
2026-02-01 16:15:00+00:00,0.10390450805425644,0.10467153042554855,0.10338515043258667,0.10466424375772476,0
2026-02-01 16:30:00+00:00,0.10462915897369385,0.10467234253883362,0.10378045588731766,0.10378045588731766,0
2026-02-01 16:45:00+00:00,0.10379628092050552,0.10391229391098022,0.10348835587501526,0.10388662666082382,0
2026-02-01 17:00:00+00:00,0.10391081869602203,0.10393461585044861,0.10388892143964767,0.10392354428768158,0
2026-02-01 17:15:00+00:00,0.10392425954341888,0.10392425954341888,0.10323822498321533,0.10329306870698929,0
2026-02-01 17:30:00+00:00,0.10349404066801071,0.10359039157629013,0.10307314246892929,0.10357992351055145,0
2026-02-01 17:45:00+00:00,0.10357096046209335,0.10389085859060287,0.10352716594934464,0.10375808924436569,0
2026-02-01 18:00:00+00:00,0.10383375734090805,0.10558640956878662,0.10383375734090805,0.10558640956878662,3974272
2026-02-01 18:15:00+00:00,0.10559891164302826,0.10580900311470032,0.10544908046722412,0.10548292845487595,0
2026-02-01 18:30:00+00:00,0.10546540468931198,0.10553215444087982,0.10543449223041534,0.10552238672971725,0
2026-02-01 18:45:00+00:00,0.10553336143493652,0.10553336143493652,0.1050519049167633,0.10512027144432068,0
2026-02-01 19:00:00+00:00,0.10519848018884659,0.10531187802553177,0.10494503378868103,0.10500037670135498,0
2026-02-01 19:15:00+00:00,0.10499012470245361,0.10499012470245361,0.10475689172744751,0.10493061691522598,0
2026-02-01 19:30:00+00:00,0.10490556806325912,0.10499434918165207,0.10469641536474228,0.10469641536474228,0
2026-02-01 19:45:00+00:00,0.10467537492513657,0.10467537492513657,0.10372082144021988,0.10375731438398361,0
2026-02-01 20:00:00+00:00,0.10380182415246964,0.10422777384519577,0.10380182415246964,0.10418590903282166,0
2026-02-01 20:15:00+00:00,0.10415787994861603,0.10420898348093033,0.10358960181474686,0.10358960181474686,0
2026-02-01 20:30:00+00:00,0.10356909036636353,0.1051897257566452,0.10347693413496017,0.10512956976890564,6843008
2026-02-01 20:45:00+00:00,0.10513502359390259,0.10513945668935776,0.10447446256875992,0.10447446256875992,122496
2026-02-01 21:00:00+00:00,0.10448536276817322,0.10452128201723099,0.10372436046600342,0.10372436046600342,2318464
2026-02-01 21:15:00+00:00,0.10371799021959305,0.10378526151180267,0.10352762788534164,0.10363288968801498,0
2026-02-01 21:30:00+00:00,0.10365059226751328,0.10421142727136612,0.10365059226751328,0.10414240509271622,0
2026-02-01 21:45:00+00:00,0.10409385710954666,0.10409385710954666,0.1035432294011116,0.10355614125728607,0
2026-02-01 22:00:00+00:00,0.10371056199073792,0.10502017289400101,0.10369109362363815,0.10502017289400101,4891136
2026-02-01 22:15:00+00:00,0.10495124012231827,0.10505335032939911,0.10418175905942917,0.10428331792354584,6995968
2026-02-01 22:30:00+00:00,0.10430052131414413,0.1050168126821518,0.10430052131414413,0.1049450933933258,3083008
2026-02-01 22:45:00+00:00,0.10493239760398865,0.10498803853988647,0.10469505935907364,0.10472441464662552,0
2026-02-01 23:00:00+00:00,0.10468722879886627,0.10468722879886627,0.10170035064220428,0.10223272442817688,50100096
2026-02-01 23:15:00+00:00,0.10221788287162781,0.10420916974544525,0.10221788287162781,0.10418102890253067,26102912
2026-02-01 23:30:00+00:00,0.10422810912132263,0.10489067435264587,0.10415827482938766,0.1048467606306076,18773888
2026-02-01 23:45:00+00:00,0.10484296083450317,0.10484296083450317,0.10438211262226105,0.10438211262226105,5541376
2026-02-02 00:00:00+00:00,0.1043304055929184,0.10488981753587723,0.10401783883571625,0.10488981753587723,7001216
2026-02-02 00:15:00+00:00,0.10485132783651352,0.10569211840629578,0.10485132783651352,0.10558754205703735,7206656
2026-02-02 00:30:00+00:00,0.10559700429439545,0.10559700429439545,0.10540366172790527,0.10546332597732544,2374784
2026-02-02 00:45:00+00:00,0.10546988248825073,0.10557524114847183,0.10516790300607681,0.10516968369483948,3753088
2026-02-02 01:00:00+00:00,0.10516155511140823,0.10528568923473358,0.10370703786611557,0.10370703786611557,209408
2026-02-02 01:15:00+00:00,0.10374774783849716,0.10567626357078552,0.10361229628324509,0.10567626357078552,42129408
2026-02-02 01:30:00+00:00,0.10569470375776291,0.10577244311571121,0.10553786158561707,0.10555513203144073,15687424
2026-02-02 01:45:00+00:00,0.10553812235593796,0.10553812235593796,0.10513146221637726,0.10513146221637726,2065536
2026-02-02 02:00:00+00:00,0.10513615608215332,0.10513615608215332,0.10454387962818146,0.10454387962818146,1721728
2026-02-02 02:15:00+00:00,0.10455320030450821,0.10479645431041718,0.10455320030450821,0.10478191822767258,6555648
2026-02-02 02:30:00+00:00,0.10479239374399185,0.1047951951622963,0.10412484407424927,0.10412484407424927,4101632
2026-02-02 02:45:00+00:00,0.10410624742507935,0.10410624742507935,0.1038094311952591,0.10381630063056946,3279104
2026-02-02 03:00:00+00:00,0.10380591452121735,0.10380591452121735,0.10317663848400116,0.10318922996520996,6384000
2026-02-02 03:15:00+00:00,0.10302973538637161,0.10302973538637161,0.10055117309093475,0.10055117309093475,58869120
2026-02-02 03:30:00+00:00,0.10045748949050903,0.10047305375337601,0.0999746322631836,0.10029058903455734,54691200
2026-02-02 03:45:00+00:00,0.10027571022510529,0.10301420092582703,0.10027571022510529,0.10301420092582703,62568576
2026-02-02 04:00:00+00:00,0.10302543640136719,0.10312941670417786,0.10209576785564423,0.10210085660219193,25789056
2026-02-02 04:15:00+00:00,0.1020912453532219,0.1042470932006836,0.1020912453532219,0.10420024394989014,31759360
2026-02-02 04:30:00+00:00,0.10426030308008194,0.10464344918727875,0.10426030308008194,0.10433240979909897,20158848
2026-02-02 04:45:00+00:00,0.10431891679763794,0.10431891679763794,0.10347213596105576,0.10347213596105576,4848512
2026-02-02 05:00:00+00:00,0.10346195846796036,0.10346195846796036,0.10200553387403488,0.10200553387403488,3391104
2026-02-02 05:15:00+00:00,0.10200966894626617,0.10200966894626617,0.10079774260520935,0.10079774260520935,17187584
2026-02-02 05:30:00+00:00,0.1008249968290329,0.10094431787729263,0.10025767982006073,0.1005074679851532,28255616
2026-02-02 05:45:00+00:00,0.100437231361866,0.10100696980953217,0.10035965591669083,0.10065115988254547,32906880
2026-02-02 06:00:00+00:00,0.10066928714513779,0.10088212788105011,0.10037896782159805,0.10079623758792877,24616704
2026-02-02 06:15:00+00:00,0.10085143148899078,0.10185520350933075,0.10084237158298492,0.10134144127368927,21755776
2026-02-02 06:30:00+00:00,0.10135305672883987,0.10142647475004196,0.0997372716665268,0.10142647475004196,44437120
2026-02-02 06:45:00+00:00,0.10131438076496124,0.10311048477888107,0.10131438076496124,0.1027507558465004,73444992
2026-02-02 07:00:00+00:00,0.10271667689085007,0.10374290496110916,0.10271667689085007,0.1031770408153534,28167680
2026-02-02 07:15:00+00:00,0.10312540084123611,0.10330697149038315,0.10291226208209991,0.10298395156860352,5371776
2026-02-02 07:30:00+00:00,0.10297715663909912,0.10337013006210327,0.10297715663909912,0.10337013006210327,4844544
2026-02-02 07:45:00+00:00,0.10336773097515106,0.1035042330622673,0.10322114080190659,0.10322114080190659,10882944
2026-02-02 08:00:00+00:00,0.10320065915584564,0.10379860550165176,0.10311295837163925,0.10379860550165176,9420032
2026-02-02 08:15:00+00:00,0.10378699004650116,0.10390207171440125,0.10364831984043121,0.10364831984043121,11488512
2026-02-02 08:30:00+00:00,0.10363861918449402,0.10399820655584335,0.10363861918449402,0.10385631024837494,7233536
2026-02-02 08:45:00+00:00,0.10389173030853271,0.10398047417402267,0.10380511730909348,0.1039707139134407,2245888
2026-02-02 09:00:00+00:00,0.10393009334802628,0.10393009334802628,0.10335341095924377,0.10336042195558548,6073216
2026-02-02 09:15:00+00:00,0.10333431512117386,0.10365922749042511,0.10323210060596466,0.10363193601369858,9669632
2026-02-02 09:30:00+00:00,0.10374651104211807,0.10427506268024445,0.10374651104211807,0.1042146161198616,28586624
2026-02-02 09:45:00+00:00,0.10423403233289719,0.10475348681211472,0.10423403233289719,0.10455544292926788,21164288
2026-02-02 10:00:00+00:00,0.10455087572336197,0.10467138141393661,0.10449491441249847,0.10467138141393661,4849408
2026-02-02 10:15:00+00:00,0.10465466231107712,0.10467302054166794,0.10449806600809097,0.1045955941081047,17210368
2026-02-02 10:30:00+00:00,0.10460080951452255,0.10494270920753479,0.1044420525431633,0.10448316484689713,32071680
2026-02-02 10:45:00+00:00,0.10446720570325851,0.10470371693372726,0.10446720570325851,0.10467882454395294,0
2026-02-02 11:00:00+00:00,0.10468749701976776,0.10499141365289688,0.10468749701976776,0.10495122522115707,1960448
2026-02-02 11:15:00+00:00,0.10495645552873611,0.10499905794858932,0.10484789311885834,0.10492346435785294,2551552
2026-02-02 11:30:00+00:00,0.10493616759777069,0.10521974414587021,0.10493616759777069,0.1051250547170639,2606592
2026-02-02 11:45:00+00:00,0.10513177514076233,0.10515470057725906,0.10495109111070633,0.10495109111070633,4512256
2026-02-02 12:00:00+00:00,0.1048957109451294,0.10525642335414886,0.1048957109451294,0.10525550693273544,3998720
2026-02-02 12:15:00+00:00,0.10526557266712189,0.10592690855264664,0.10526557266712189,0.10592690855264664,10341888
2026-02-02 12:30:00+00:00,0.10594353079795837,0.10594406723976135,0.1057659313082695,0.10578465461730957,6221312
2026-02-02 12:45:00+00:00,0.10577373951673508,0.10602115094661713,0.1057235449552536,0.10602115094661713,3774720
2026-02-02 13:00:00+00:00,0.10600970685482025,0.10600970685482025,0.10578861087560654,0.10587695240974426,1749248
2026-02-02 13:15:00+00:00,0.10588723421096802,0.10642635822296143,0.10588723421096802,0.1063157320022583,7656448
2026-02-02 13:30:00+00:00,0.10631419718265533,0.10636991262435913,0.10612045973539352,0.10636991262435913,4686848
2026-02-02 13:45:00+00:00,0.10635785758495331,0.10655098408460617,0.10635785758495331,0.10655098408460617,62208
2026-02-02 14:00:00+00:00,0.10655418038368225,0.10656312853097916,0.10596628487110138,0.10596628487110138,3591424
2026-02-02 14:15:00+00:00,0.105950728058815,0.10656429827213287,0.10587631165981293,0.10656429827213287,6155008
2026-02-02 14:30:00+00:00,0.10664785653352737,0.10806901007890701,0.10664785653352737,0.10802308470010757,27296000
2026-02-02 14:45:00+00:00,0.10800398886203766,0.10800398886203766,0.10764746367931366,0.10764746367931366,2013184
2026-02-02 15:00:00+00:00,0.10757468640804291,0.10807304084300995,0.10748720169067383,0.10806602239608765,3781632
2026-02-02 15:15:00+00:00,0.10819163918495178,0.10908711701631546,0.10819163918495178,0.10891423374414444,12327424
2026-02-02 15:30:00+00:00,0.10898146033287048,0.11002488434314728,0.10886068642139435,0.1098957285284996,5837824
2026-02-02 15:45:00+00:00,0.10991586744785309,0.10991586744785309,0.10928373783826828,0.1093127503991127,2656512
2026-02-02 16:00:00+00:00,0.10931923240423203,0.10950808227062225,0.10923898220062256,0.10945101827383041,0
2026-02-02 16:15:00+00:00,0.10941483825445175,0.1098216250538826,0.10933970659971237,0.10938159376382828,0
2026-02-02 16:30:00+00:00,0.10946197807788849,0.10962431877851486,0.10906742513179779,0.10909321159124374,0
2026-02-02 16:45:00+00:00,0.10909168422222137,0.10909168422222137,0.10845480114221573,0.10846345871686935,4371968
2026-02-02 17:00:00+00:00,0.10846081376075745,0.10901109874248505,0.10846081376075745,0.10890223830938339,270080
2026-02-02 17:15:00+00:00,0.10890518873929977,0.10894927382469177,0.10884274542331696,0.10884274542331696,0
2026-02-02 17:30:00+00:00,0.1088438332080841,0.10887482762336731,0.1083415076136589,0.10837703198194504,11264
2026-02-02 17:45:00+00:00,0.10837680846452713,0.10843475908041,0.10819994658231735,0.10840162634849548,1985792
2026-02-02 18:00:00+00:00,0.10840583592653275,0.10855153203010559,0.10835028439760208,0.10835028439760208,0
2026-02-02 18:15:00+00:00,0.10836109519004822,0.10840637981891632,0.10802992433309555,0.10802992433309555,1329664
2026-02-02 18:30:00+00:00,0.1080099418759346,0.10862591862678528,0.10794486105442047,0.10852621495723724,7593216
2026-02-02 18:45:00+00:00,0.10851267725229263,0.10851267725229263,0.10826116800308228,0.10826238989830017,224256
2026-02-02 19:00:00+00:00,0.1082637831568718,0.1083567813038826,0.10812430083751678,0.1083567813038826,3324416
2026-02-02 19:15:00+00:00,0.10836242884397507,0.10838496685028076,0.108155757188797,0.10815735161304474,270592
2026-02-02 19:30:00+00:00,0.10816875845193863,0.10816875845193863,0.10793541371822357,0.10795751214027405,0
2026-02-02 19:45:00+00:00,0.10798181593418121,0.10805945098400116,0.10788708180189133,0.10795701295137405,0
2026-02-02 20:00:00+00:00,0.1079196184873581,0.1079196184873581,0.10757872462272644,0.10760233551263809,7952640
2026-02-02 20:15:00+00:00,0.10758545249700546,0.10762416571378708,0.10749755799770355,0.10756072402000427,0
2026-02-02 20:30:00+00:00,0.10753742605447769,0.10753742605447769,0.10711485147476196,0.10718754678964615,0
2026-02-02 20:45:00+00:00,0.1071930080652237,0.10740559548139572,0.10708296298980713,0.10740362852811813,1154048
2026-02-02 21:00:00+00:00,0.10740051418542862,0.10802453011274338,0.10740051418542862,0.10801766067743301,995072
2026-02-02 21:15:00+00:00,0.10802583396434784,0.10802583396434784,0.10778443515300751,0.10780395567417145,0
2026-02-02 21:30:00+00:00,0.10780198127031326,0.10813664644956589,0.10780198127031326,0.10812884569168091,0
2026-02-02 21:45:00+00:00,0.10811074078083038,0.10821694135665894,0.10809654742479324,0.10817575454711914,1353984
2026-02-02 22:00:00+00:00,0.10817068070173264,0.10842903703451157,0.10817068070173264,0.10842903703451157,0
2026-02-02 22:15:00+00:00,0.10842867195606232,0.10842867195606232,0.1082470640540123,0.10828752815723419,0
2026-02-02 22:30:00+00:00,0.10828609764575958,0.10850528627634048,0.1082543358206749,0.10850528627634048,0
2026-02-02 22:45:00+00:00,0.10850720852613449,0.1085481271147728,0.1083478033542633,0.10838066786527634,0
2026-02-02 23:00:00+00:00,0.10840814560651779,0.10845834761857986,0.10831261426210403,0.10832986980676651,0
2026-02-02 23:15:00+00:00,0.10832535475492477,0.10832535475492477,0.10801567137241364,0.10801567137241364,0
2026-02-02 23:30:00+00:00,0.1080234944820404,0.10820648074150085,0.10797226428985596,0.10816134512424469,0
2026-02-02 23:45:00+00:00,0.1081615760922432,0.1081615760922432,0.1078619435429573,0.1078619435429573,0
2026-02-03 00:00:00+00:00,0.1078597903251648,0.1078597903251648,0.10749363154172897,0.10749524086713791,0
2026-02-03 00:15:00+00:00,0.10751660913228989,0.10779685527086258,0.10751660913228989,0.10779685527086258,0
2026-02-03 00:30:00+00:00,0.10781175643205643,0.10788034647703171,0.10770513117313385,0.10778610408306122,0
2026-02-03 00:45:00+00:00,0.10777967423200607,0.10802049189805984,0.10777967423200607,0.10802049189805984,81024
2026-02-03 01:00:00+00:00,0.10802872478961945,0.10806620866060257,0.10765520483255386,0.10766346752643585,0
2026-02-03 01:15:00+00:00,0.10765356570482254,0.10766208171844482,0.10740024596452713,0.10763048380613327,0
2026-02-03 01:30:00+00:00,0.1076340600848198,0.1076340600848198,0.10746870934963226,0.10762294381856918,0
2026-02-03 01:45:00+00:00,0.10763576626777649,0.10776842385530472,0.10763576626777649,0.10774797946214676,0
2026-02-03 02:00:00+00:00,0.10774499177932739,0.10776485502719879,0.10718736052513123,0.10719756782054901,0
2026-02-03 02:15:00+00:00,0.10718736052513123,0.10733053088188171,0.10713794082403183,0.10713794082403183,0
2026-02-03 02:30:00+00:00,0.10713344067335129,0.10713344067335129,0.10681018233299255,0.10681792348623276,4176384
2026-02-03 02:45:00+00:00,0.10681197792291641,0.10681197792291641,0.10619030147790909,0.10619030147790909,8862080
2026-02-03 03:00:00+00:00,0.10602931678295135,0.10612552613019943,0.1059269830584526,0.10611363500356674,28019072
2026-02-03 03:15:00+00:00,0.10611309856176376,0.10611309856176376,0.10587584227323532,0.10610982775688171,0
2026-02-03 03:30:00+00:00,0.10612190514802933,0.10711878538131714,0.10612190514802933,0.10711878538131714,0
2026-02-03 03:45:00+00:00,0.10709615051746368,0.10744641721248627,0.10699447989463806,0.10744641721248627,0
2026-02-03 04:00:00+00:00,0.10740883648395538,0.10740883648395538,0.10697997361421585,0.10722392052412033,0
2026-02-03 04:15:00+00:00,0.10722512751817703,0.10730680823326111,0.10722512751817703,0.1072322204709053,0
2026-02-03 04:30:00+00:00,0.1072184219956398,0.10794652253389359,0.10716412216424942,0.10794652253389359,379520
2026-02-03 04:45:00+00:00,0.1079535260796547,0.10809436440467834,0.10786676406860352,0.10786676406860352,0
2026-02-03 05:00:00+00:00,0.10785984247922897,0.10785984247922897,0.10730306804180145,0.10730700939893723,0
2026-02-03 05:15:00+00:00,0.1073039099574089,0.1073039099574089,0.10698886215686798,0.10709274560213089,0
2026-02-03 05:30:00+00:00,0.10709638148546219,0.10713019222021103,0.10708042979240417,0.10708648711442947,0
2026-02-03 05:45:00+00:00,0.10708235204219818,0.10708235204219818,0.10676650702953339,0.10676650702953339,0
2026-02-03 06:00:00+00:00,0.10675925761461258,0.10675925761461258,0.10623762756586075,0.10623762756586075,0
2026-02-03 06:15:00+00:00,0.10623103380203247,0.10640335828065872,0.1061277687549591,0.10640335828065872,0
2026-02-03 06:30:00+00:00,0.10646849125623703,0.10675296187400818,0.10646849125623703,0.10666176676750183,0
2026-02-03 06:45:00+00:00,0.10662489384412766,0.10684887319803238,0.10654028505086899,0.10678774863481522,0
2026-02-03 07:00:00+00:00,0.10678479820489883,0.10694953054189682,0.1066478043794632,0.10694953054189682,0
2026-02-03 07:15:00+00:00,0.10694049298763275,0.1070663258433342,0.10687292367219925,0.1070663258433342,3946368
2026-02-03 07:30:00+00:00,0.1070626899600029,0.10836753994226456,0.1070626899600029,0.10821247100830078,15617024
2026-02-03 07:45:00+00:00,0.10823029279708862,0.10826365649700165,0.10813844203948975,0.10817913711071014,0
2026-02-03 08:00:00+00:00,0.10817285627126694,0.10822141170501709,0.10796526819467545,0.1081777811050415,528896
2026-02-03 08:15:00+00:00,0.10813126713037491,0.10865805298089981,0.10803525149822235,0.10865805298089981,3131264
2026-02-03 08:30:00+00:00,0.10865805298089981,0.10865805298089981,0.10831578820943832,0.10860427469015121,1200768
2026-02-03 08:45:00+00:00,0.10860341042280197,0.10881374776363373,0.10787558555603027,0.10788130015134811,14831104
2026-02-03 09:00:00+00:00,0.10788164287805557,0.10813260823488235,0.10771594196557999,0.10771594196557999,0
2026-02-03 09:15:00+00:00,0.10760265588760376,0.10760265588760376,0.10674659162759781,0.10674659162759781,14925568
2026-02-03 09:30:00+00:00,0.10674609243869781,0.10708450525999069,0.10652561485767365,0.10708450525999069,0
2026-02-03 09:45:00+00:00,0.10707028210163116,0.10713497549295425,0.10696205496788025,0.10703899711370468,0
2026-02-03 10:00:00+00:00,0.10703878849744797,0.10739465802907944,0.10699837654829025,0.10733617842197418,0
2026-02-03 10:15:00+00:00,0.10733111947774887,0.10734466463327408,0.10718615353107452,0.10732308030128479,0
2026-02-03 10:30:00+00:00,0.10731836408376694,0.10731836408376694,0.10674051940441132,0.10674051940441132,0
2026-02-03 10:45:00+00:00,0.10674256086349487,0.10674256086349487,0.10666476935148239,0.10671643912792206,0
2026-02-03 11:00:00+00:00,0.10672279447317123,0.10683030635118484,0.10672279447317123,0.10679683089256287,0
2026-02-03 11:15:00+00:00,0.10679955035448074,0.10683446377515793,0.10662517696619034,0.10662517696619034,0
2026-02-03 11:30:00+00:00,0.10662021487951279,0.10681654512882233,0.10658380389213562,0.10672575235366821,1412864
2026-02-03 11:45:00+00:00,0.10672175884246826,0.10673269629478455,0.10664106905460358,0.10670594871044159,0
2026-02-03 12:00:00+00:00,0.10670088231563568,0.10670088231563568,0.1063757985830307,0.10659150034189224,1832192
2026-02-03 12:15:00+00:00,0.10665033012628555,0.10713070631027222,0.10665033012628555,0.10713070631027222,3256448
2026-02-03 12:30:00+00:00,0.10723429918289185,0.1078546866774559,0.10723429918289185,0.1078389436006546,11013760
2026-02-03 12:45:00+00:00,0.10783593356609344,0.10806769132614136,0.10776840150356293,0.10796923190355301,7240192
2026-02-03 13:00:00+00:00,0.1079619973897934,0.1079619973897934,0.10765741020441055,0.10772129893302917,1808256
2026-02-03 13:15:00+00:00,0.10772179067134857,0.10772179067134857,0.10756009072065353,0.10764618217945099,232448
2026-02-03 13:30:00+00:00,0.1076861172914505,0.10776866227388382,0.10762269049882889,0.10771531611680984,0
2026-02-03 13:45:00+00:00,0.1077059805393219,0.10795663297176361,0.10760948061943054,0.10795663297176361,0
2026-02-03 14:00:00+00:00,0.10794277489185333,0.1083245500922203,0.10794277489185333,0.10808859765529633,0
2026-02-03 14:15:00+00:00,0.10810086876153946,0.10811682790517807,0.10773809999227524,0.10804181545972824,0
2026-02-03 14:30:00+00:00,0.10806102305650711,0.10807687044143677,0.10694826394319534,0.10694826394319534,0
2026-02-03 14:45:00+00:00,0.10698875039815903,0.10725250095129013,0.10595991462469101,0.10595991462469101,4953856
2026-02-03 15:00:00+00:00,0.10597250610589981,0.10656234622001648,0.1057836189866066,0.10616016387939453,2930176
2026-02-03 15:15:00+00:00,0.10611286014318466,0.10755840688943863,0.10586029291152954,0.10754324495792389,27555328
2026-02-03 15:30:00+00:00,0.10753791034221649,0.10832764208316803,0.10753791034221649,0.10782572627067566,36986368
2026-02-03 15:45:00+00:00,0.1078522577881813,0.10977806150913239,0.10778243094682693,0.10974651575088501,49940608
2026-02-03 16:00:00+00:00,0.10971948504447937,0.10998934507369995,0.10840976238250732,0.10842685401439667,30724352
2026-02-03 16:15:00+00:00,0.10844843834638596,0.10846736282110214,0.10716960579156876,0.10716960579156876,38177024
2026-02-03 16:30:00+00:00,0.10708998888731003,0.10708998888731003,0.10648006200790405,0.10654062032699585,17352320
2026-02-03 16:45:00+00:00,0.10651425272226334,0.10651425272226334,0.10619475692510605,0.10642603784799576,8815872
2026-02-03 17:00:00+00:00,0.10639634728431702,0.1064903661608696,0.10578729212284088,0.10578729212284088,6507136
2026-02-03 17:15:00+00:00,0.10577738285064697,0.10577738285064697,0.10484378039836884,0.10548451542854309,31895680
2026-02-03 17:30:00+00:00,0.10549147427082062,0.10554412007331848,0.10488621145486832,0.10488621145486832,11657344
2026-02-03 17:45:00+00:00,0.10485261678695679,0.10505210608243942,0.10437627136707306,0.10437627136707306,15757696
2026-02-03 18:00:00+00:00,0.10428787767887115,0.1047072634100914,0.10428787767887115,0.1044526919722557,24365440
2026-02-03 18:15:00+00:00,0.1044335588812828,0.1044335588812828,0.103029265999794,0.10303976386785507,40924032
2026-02-03 18:30:00+00:00,0.10301075875759125,0.10329146683216095,0.10290922969579697,0.10311901569366455,18112768
2026-02-03 18:45:00+00:00,0.10316039621829987,0.10316039621829987,0.1023527979850769,0.10251326858997345,38174336
2026-02-03 19:00:00+00:00,0.1025012880563736,0.10424752533435822,0.10240069776773453,0.10424752533435822,36134912
2026-02-03 19:15:00+00:00,0.10451139509677887,0.10594519972801208,0.10451139509677887,0.1053556352853775,47650304
2026-02-03 19:30:00+00:00,0.1053754985332489,0.1064802035689354,0.1053754985332489,0.10639625787734985,30126592
2026-02-03 19:45:00+00:00,0.10639331489801407,0.10639331489801407,0.1060728058218956,0.10636977851390839,21478400
2026-02-03 20:00:00+00:00,0.10636935383081436,0.10636935383081436,0.1052941083908081,0.1053633838891983,2116608
2026-02-03 20:15:00+00:00,0.10532208532094955,0.10688088834285736,0.1052352786064148,0.10688088834285736,24249600
2026-02-03 20:30:00+00:00,0.10687058418989182,0.10917175561189651,0.10687058418989182,0.10914963483810425,99720064
2026-02-03 20:45:00+00:00,0.1091032549738884,0.1091032549738884,0.1089438870549202,0.10901914536952972,21516928
2026-02-03 21:00:00+00:00,0.10908228904008865,0.10928084701299667,0.10906889289617538,0.10908620059490204,19474560
2026-02-03 21:15:00+00:00,0.10908947885036469,0.10908947885036469,0.1083270013332367,0.10845452547073364,18412928
2026-02-03 21:30:00+00:00,0.10844686627388,0.10844686627388,0.10785285383462906,0.10785483568906784,16876288
2026-02-03 21:45:00+00:00,0.10785012692213058,0.10786332190036774,0.107538141310215,0.10760649293661118,0
2026-02-03 22:00:00+00:00,0.10760951787233353,0.10760951787233353,0.10681253671646118,0.10681253671646118,6918528
2026-02-03 22:15:00+00:00,0.1068037748336792,0.10690097510814667,0.10644778609275818,0.10690097510814667,9425408
2026-02-03 22:30:00+00:00,0.10690134018659592,0.10709681361913681,0.10690134018659592,0.10699456185102463,5885824
2026-02-03 22:45:00+00:00,0.10700985044240952,0.10700985044240952,0.10609758645296097,0.10611310601234436,6300032
2026-02-03 23:00:00+00:00,0.10611548274755478,0.10616845637559891,0.10566654801368713,0.10600707679986954,8331648
2026-02-03 23:15:00+00:00,0.10603328794240952,0.10611550509929657,0.10578016936779022,0.10594591498374939,1242240
2026-02-03 23:30:00+00:00,0.10592584311962128,0.10597222298383713,0.10572346299886703,0.10596635937690735,630912
2026-02-03 23:45:00+00:00,0.10595525801181793,0.10595525801181793,0.1055673211812973,0.10563255101442337,9212672
2026-02-04 00:00:00+00:00,0.10576533526182175,0.10576533526182175,0.10551190376281738,0.10551190376281738,2147200
2026-02-04 00:15:00+00:00,0.10550615191459656,0.10598601400852203,0.10550615191459656,0.1059785932302475,2571008
2026-02-04 00:30:00+00:00,0.10599265992641449,0.10666587948799133,0.10599265992641449,0.10662569105625153,4616832
2026-02-04 00:45:00+00:00,0.1066131442785263,0.10672308504581451,0.1065126284956932,0.1065126284956932,1749504
2026-02-04 01:00:00+00:00,0.10650268197059631,0.10752218961715698,0.10650228708982468,0.10752218961715698,6602368
2026-02-04 01:15:00+00:00,0.10756326466798782,0.10789407044649124,0.10756326466798782,0.107621930539608,2691712
2026-02-04 01:30:00+00:00,0.10760234296321869,0.1078038141131401,0.10755550116300583,0.10779420286417007,2658560
2026-02-04 01:45:00+00:00,0.10777723789215088,0.10777723789215088,0.10740139335393906,0.10772307217121124,20230016
2026-02-04 02:00:00+00:00,0.10771539807319641,0.10771539807319641,0.10745508968830109,0.10745508968830109,1834752
2026-02-04 02:15:00+00:00,0.10744694620370865,0.10749415308237076,0.10730371624231339,0.10739054530858994,5929728
2026-02-04 02:30:00+00:00,0.1073952317237854,0.1073952317237854,0.10681166499853134,0.10681307315826416,2329728
2026-02-04 02:45:00+00:00,0.10683668404817581,0.10691680014133453,0.10674687474966049,0.10688836127519608,624256
2026-02-04 03:00:00+00:00,0.10687483847141266,0.10825511813163757,0.10687483847141266,0.10824324935674667,0
2026-02-04 03:15:00+00:00,0.1082630529999733,0.10829467326402664,0.10789765417575836,0.10796836018562317,0
2026-02-04 03:30:00+00:00,0.1079692468047142,0.10909608006477356,0.10787957161664963,0.10901357233524323,8423808
2026-02-04 03:45:00+00:00,0.10899650305509567,0.10899650305509567,0.10872753709554672,0.10886558890342712,3389312
2026-02-04 04:00:00+00:00,0.10885385423898697,0.1088828518986702,0.10871858149766922,0.10885502398014069,1231616
2026-02-04 04:15:00+00:00,0.10883011668920517,0.10883262753486633,0.10862281173467636,0.10862281173467636,158848
2026-02-04 04:30:00+00:00,0.10862907022237778,0.10865236073732376,0.10851221531629562,0.10854797065258026,1821440
2026-02-04 04:45:00+00:00,0.10854792594909668,0.10854792594909668,0.10827941447496414,0.10827941447496414,507520
2026-02-04 05:00:00+00:00,0.1082846149802208,0.10839685797691345,0.1082846149802208,0.10839685797691345,1241728
2026-02-04 05:15:00+00:00,0.10837843269109726,0.10837843269109726,0.10821647942066193,0.10821647942066193,2115840
2026-02-04 05:30:00+00:00,0.1082148551940918,0.1082148551940918,0.10784325003623962,0.10785013437271118,4790144
2026-02-04 05:45:00+00:00,0.10784198343753815,0.10784198343753815,0.10741478949785233,0.10747820883989334,3683200
2026-02-04 06:00:00+00:00,0.10749885439872742,0.108095683157444,0.10749885439872742,0.108095683157444,459520
2026-02-04 06:15:00+00:00,0.1080980896949768,0.10810429602861404,0.10782842338085175,0.10798166692256927,5043456
2026-02-04 06:30:00+00:00,0.10792649537324905,0.10828454047441483,0.10781353712081909,0.10828454047441483,34478848
2026-02-04 06:45:00+00:00,0.10828417539596558,0.10845217108726501,0.10828417539596558,0.10838259756565094,9754752
2026-02-04 07:00:00+00:00,0.10838627815246582,0.10838627815246582,0.10787474364042282,0.10800337046384811,19072
2026-02-04 07:15:00+00:00,0.10801225155591965,0.1082359328866005,0.10801225155591965,0.10818762332201004,2585472
2026-02-04 07:30:00+00:00,0.108220674097538,0.10866015404462814,0.108220674097538,0.10866015404462814,0
2026-02-04 07:45:00+00:00,0.10865070670843124,0.10865070670843124,0.10834379494190216,0.10834379494190216,1007104
2026-02-04 08:00:00+00:00,0.10834082216024399,0.10834082216024399,0.10805068910121918,0.10806918889284134,0
2026-02-04 08:15:00+00:00,0.10806512087583542,0.1082841157913208,0.1079278215765953,0.10795804113149643,0
2026-02-04 08:30:00+00:00,0.1079505980014801,0.10816318541765213,0.1078784167766571,0.10816318541765213,0
2026-02-04 08:45:00+00:00,0.10818430036306381,0.10845284163951874,0.10818430036306381,0.10838423669338226,0
2026-02-04 09:00:00+00:00,0.10838644206523895,0.10838644206523895,0.10805380344390869,0.10805380344390869,1048064
2026-02-04 09:15:00+00:00,0.10804945975542068,0.10804945975542068,0.1076839417219162,0.1076839417219162,0
2026-02-04 09:30:00+00:00,0.10768808424472809,0.1077304407954216,0.10758116841316223,0.10761801898479462,0
2026-02-04 09:45:00+00:00,0.10760818421840668,0.10772289335727692,0.10751696676015854,0.10771465301513672,2354432
2026-02-04 10:00:00+00:00,0.10771626979112625,0.10771626979112625,0.10758709162473679,0.10759874433279037,1267968
2026-02-04 10:15:00+00:00,0.10760471224784851,0.10786668211221695,0.10760471224784851,0.10781653225421906,8857856
2026-02-04 10:30:00+00:00,0.10782217979431152,0.1078374981880188,0.10762394964694977,0.10762683302164078,926592
2026-02-04 10:45:00+00:00,0.1076124757528305,0.10761399567127228,0.10757571458816528,0.10760961472988129,1236864
2026-02-04 11:00:00+00:00,0.10760799795389175,0.10760799795389175,0.10644247382879257,0.10644247382879257,20131712
2026-02-04 11:15:00+00:00,0.10645312070846558,0.10702250152826309,0.10643760114908218,0.10702250152826309,13194496
2026-02-04 11:30:00+00:00,0.10704385489225388,0.10719451308250427,0.10703843832015991,0.10708057135343552,3829632
2026-02-04 11:45:00+00:00,0.10708295553922653,0.10723262280225754,0.10708295553922653,0.10719635337591171,5257728
2026-02-04 12:00:00+00:00,0.10719849914312363,0.10730934888124466,0.10719849914312363,0.10730934888124466,0
2026-02-04 12:15:00+00:00,0.10731358826160431,0.10752533376216888,0.10731358826160431,0.10732875019311905,0
2026-02-04 12:30:00+00:00,0.10720720142126083,0.10721095651388168,0.10716437548398972,0.10716437548398972,2765824
2026-02-04 12:45:00+00:00,0.10716035962104797,0.10716407746076584,0.10709422081708908,0.10715749114751816,0
2026-02-04 13:00:00+00:00,0.1071881502866745,0.10725300014019012,0.10718344151973724,0.10720466822385788,0
2026-02-04 13:15:00+00:00,0.1072024255990982,0.10721565783023834,0.10678485780954361,0.10678527504205704,5360384
2026-02-04 13:30:00+00:00,0.10677593946456909,0.10677593946456909,0.10618986189365387,0.10618986189365387,10469632
2026-02-04 13:45:00+00:00,0.10619445145130157,0.10621150583028793,0.10586029291152954,0.10586029291152954,18048384
2026-02-04 14:00:00+00:00,0.1057126373052597,0.10594306886196136,0.1057126373052597,0.10584745556116104,10636544
2026-02-04 14:15:00+00:00,0.10585294663906097,0.10585944354534149,0.10564542561769485,0.10564542561769485,1566208
2026-02-04 14:30:00+00:00,0.10566160082817078,0.10573726892471313,0.1050880029797554,0.10546752065420151,17474432
2026-02-04 14:45:00+00:00,0.10539819300174713,0.10560547560453415,0.1044536903500557,0.1044536903500557,2996224
2026-02-04 15:00:00+00:00,0.10440512001514435,0.10470091551542282,0.10397408157587051,0.10469835251569748,25910400
2026-02-04 15:15:00+00:00,0.10465080291032791,0.10471148788928986,0.10430940985679626,0.10440025478601456,1821952
2026-02-04 15:30:00+00:00,0.10441911965608597,0.10441911965608597,0.10328687727451324,0.10384564101696014,8870400
2026-02-04 15:45:00+00:00,0.10373692214488983,0.10373692214488983,0.10309357196092606,0.10324731469154358,0
2026-02-04 16:00:00+00:00,0.10323318839073181,0.10342124849557877,0.10321659594774246,0.10341278463602066,0
2026-02-04 16:15:00+00:00,0.1033538430929184,0.1035032793879509,0.1028309315443039,0.10300199687480927,1333376
2026-02-04 16:30:00+00:00,0.10305658727884293,0.10305658727884293,0.10223270952701569,0.10229693353176117,7165568
2026-02-04 16:45:00+00:00,0.10227707028388977,0.1029982939362526,0.10207010805606842,0.1029982939362526,18657408
2026-02-04 17:00:00+00:00,0.10299542546272278,0.10299542546272278,0.10270777344703674,0.10288241505622864,3317120
2026-02-04 17:15:00+00:00,0.10291256755590439,0.10329384356737137,0.10215279459953308,0.10215279459953308,0
2026-02-04 17:30:00+00:00,0.1021394357085228,0.10240703821182251,0.10173174738883972,0.10214264690876007,21873536
2026-02-04 17:45:00+00:00,0.1022193506360054,0.10250821709632874,0.10211316496133804,0.10248502343893051,1077632
2026-02-04 18:00:00+00:00,0.102491594851017,0.10262007266283035,0.102132648229599,0.10219552367925644,4314624
2026-02-04 18:15:00+00:00,0.10218530893325806,0.10218530893325806,0.1016223356127739,0.10204313695430756,0
2026-02-04 18:30:00+00:00,0.10225638002157211,0.10415089875459671,0.10225638002157211,0.10415089875459671,23785728
2026-02-04 18:45:00+00:00,0.10418430715799332,0.10418430715799332,0.10361288487911224,0.10366612672805786,0
2026-02-04 19:00:00+00:00,0.10363585501909256,0.10396291315555573,0.10353431105613708,0.10376651585102081,0
2026-02-04 19:15:00+00:00,0.10377617180347443,0.10394478589296341,0.10359639674425125,0.10360227525234222,0
2026-02-04 19:30:00+00:00,0.10360409319400787,0.104010671377182,0.10351483523845673,0.104010671377182,0
2026-02-04 19:45:00+00:00,0.10401031374931335,0.10514231771230698,0.10401031374931335,0.10514231771230698,8122240
2026-02-04 20:00:00+00:00,0.10508645325899124,0.10508645325899124,0.10452719032764435,0.10452719032764435,1467136
2026-02-04 20:15:00+00:00,0.10452717542648315,0.10475752502679825,0.10444701462984085,0.10466930270195007,0
2026-02-04 20:30:00+00:00,0.10466127097606659,0.10466127097606659,0.10441306978464127,0.10449407994747162,0
2026-02-04 20:45:00+00:00,0.10447436571121216,0.10447436571121216,0.1043134480714798,0.10433993488550186,0
2026-02-04 21:00:00+00:00,0.10432716459035873,0.10434165596961975,0.1039266437292099,0.1039266437292099,0
2026-02-04 21:15:00+00:00,0.1039227619767189,0.1039227619767189,0.10308705270290375,0.1031431183218956,2390528
2026-02-04 21:30:00+00:00,0.10315676778554916,0.10341676324605942,0.10315676778554916,0.1033591628074646,0
2026-02-04 21:45:00+00:00,0.10315225273370743,0.10315225273370743,0.1022978350520134,0.10257143527269363,2789120
2026-02-04 22:00:00+00:00,0.10260028392076492,0.10281973332166672,0.10146075487136841,0.10151097178459167,6213888
2026-02-04 22:15:00+00:00,0.10156277567148209,0.1042201817035675,0.10156277567148209,0.1042201817035675,20534144
2026-02-04 22:30:00+00:00,0.10421909391880035,0.10438555479049683,0.1035677045583725,0.1035677045583725,8874880
2026-02-04 22:45:00+00:00,0.10346473008394241,0.10346473008394241,0.10284369438886642,0.10284740477800369,978560
2026-02-04 23:00:00+00:00,0.10285361111164093,0.10285457968711853,0.1025562584400177,0.10285457968711853,0
2026-02-04 23:15:00+00:00,0.1028633788228035,0.10384237766265869,0.1028633788228035,0.10384237766265869,22222976
2026-02-04 23:30:00+00:00,0.1038460060954094,0.10411851108074188,0.1038460060954094,0.1040085107088089,11441664
2026-02-04 23:45:00+00:00,0.10397625714540482,0.1041288748383522,0.10377047955989838,0.10377047955989838,0
2026-02-05 00:00:00+00:00,0.10371991246938705,0.10371991246938705,0.10339687764644623,0.10339687764644623,0
2026-02-05 00:15:00+00:00,0.10338477045297623,0.10366074740886688,0.10325732827186584,0.10366074740886688,3344384
2026-02-05 00:30:00+00:00,0.1036703959107399,0.10374251008033752,0.1032785177230835,0.10350357741117477,0
2026-02-05 00:45:00+00:00,0.10345444828271866,0.10366567969322205,0.10343407839536667,0.10354898869991302,1033856
2026-02-05 01:00:00+00:00,0.10354232788085938,0.10410167276859283,0.10343100875616074,0.10410167276859283,1985152
2026-02-05 01:15:00+00:00,0.10410499572753906,0.10410499572753906,0.10283328592777252,0.10298603773117065,4026752
2026-02-05 01:30:00+00:00,0.10356851667165756,0.10428118705749512,0.10349901765584946,0.10352353006601334,28811136
2026-02-05 01:45:00+00:00,0.1035548746585846,0.10370450466871262,0.10338243842124939,0.10340892523527145,0
2026-02-05 02:00:00+00:00,0.10339134186506271,0.1034521758556366,0.10322735458612442,0.10330942273139954,10285568
2026-02-05 02:15:00+00:00,0.10328932106494904,0.1033749207854271,0.10306581854820251,0.10322924703359604,22072064
2026-02-05 02:30:00+00:00,0.10323819518089294,0.10379179567098618,0.10323819518089294,0.10369404405355453,19398784
2026-02-05 02:45:00+00:00,0.10372723639011383,0.10381507873535156,0.10290620476007462,0.10290620476007462,17911168
2026-02-05 03:00:00+00:00,0.10276016592979431,0.10301991552114487,0.10240358114242554,0.10292312502861023,11599872
2026-02-05 03:15:00+00:00,0.10293026268482208,0.10312936455011368,0.10246725380420685,0.10301121324300766,6942464
2026-02-05 03:30:00+00:00,0.10300988703966141,0.10300988703966141,0.10264245420694351,0.10279518365859985,0
2026-02-05 03:45:00+00:00,0.10277581959962845,0.10277581959962845,0.10247472673654556,0.10247472673654556,3101312
2026-02-05 04:00:00+00:00,0.10246725380420685,0.10248225182294846,0.10209865123033524,0.10239764302968979,10519552
2026-02-05 04:15:00+00:00,0.10222125053405762,0.10240564495325089,0.10193493217229843,0.10211043059825897,20287744
2026-02-05 04:30:00+00:00,0.10210155695676804,0.10244552791118622,0.10171686857938766,0.10243070125579834,13930112
2026-02-05 04:45:00+00:00,0.10250426828861237,0.10262813419103622,0.10201787948608398,0.10202852636575699,12036480
2026-02-05 05:00:00+00:00,0.10203053802251816,0.1020689606666565,0.10158108174800873,0.10177242755889893,13082240
2026-02-05 05:15:00+00:00,0.10183010250329971,0.10192864388227463,0.10102514922618866,0.10104053467512131,28369664
2026-02-05 05:30:00+00:00,0.10117296129465103,0.10307715088129044,0.10117296129465103,0.10307715088129044,38254208
2026-02-05 05:45:00+00:00,0.10306151956319809,0.10306151956319809,0.10223224014043808,0.10223224014043808,25524480
2026-02-05 06:00:00+00:00,0.10222213715314865,0.10222213715314865,0.10117869079113007,0.10130521655082703,18619648
2026-02-05 06:15:00+00:00,0.10130950808525085,0.10137998312711716,0.10093895345926285,0.10093895345926285,7407488
2026-02-05 06:30:00+00:00,0.10093919187784195,0.10141345113515854,0.10093919187784195,0.10139818489551544,1419776
2026-02-05 06:45:00+00:00,0.1013810783624649,0.1013810783624649,0.10082829743623734,0.10101369023323059,6077056
2026-02-05 07:00:00+00:00,0.10101450234651566,0.1020994707942009,0.10094990581274033,0.10172438621520996,29130496
2026-02-05 07:15:00+00:00,0.10170091688632965,0.10229243338108063,0.10167451947927475,0.10229243338108063,7362560
2026-02-05 07:30:00+00:00,0.10227367281913757,0.10227367281913757,0.10168343037366867,0.10168785601854324,3105024
2026-02-05 07:45:00+00:00,0.10167880356311798,0.10167880356311798,0.10122168064117432,0.10122168064117432,1681792
2026-02-05 08:00:00+00:00,0.10121767967939377,0.10132662951946259,0.10114000737667084,0.10122562199831009,5312128
2026-02-05 08:15:00+00:00,0.10121946781873703,0.1013815626502037,0.10105202347040176,0.1013815626502037,9158784
2026-02-05 08:30:00+00:00,0.10137801617383957,0.10230125486850739,0.10137801617383957,0.10215891152620316,10512512
2026-02-05 08:45:00+00:00,0.102164126932621,0.102164126932621,0.10182506591081619,0.10187992453575134,4273664
2026-02-05 09:00:00+00:00,0.1018693745136261,0.10236016660928726,0.10178474336862564,0.10236016660928726,10901632
2026-02-05 09:15:00+00:00,0.10233248770236969,0.1025555208325386,0.1021781861782074,0.1021781861782074,8952448
2026-02-05 09:30:00+00:00,0.10219672322273254,0.10219843685626984,0.10170251876115799,0.10170251876115799,2412032
2026-02-05 09:45:00+00:00,0.10169228166341782,0.10169228166341782,0.10153993219137192,0.10153993219137192,168320
2026-02-05 10:00:00+00:00,0.10154041647911072,0.10154041647911072,0.10060954093933105,0.10062326490879059,7868160
2026-02-05 10:15:00+00:00,0.10069065541028976,0.10130173712968826,0.10069065541028976,0.10123899579048157,990464
2026-02-05 10:30:00+00:00,0.10124160349369049,0.10125889629125595,0.10047665983438492,0.10047665983438492,1449216
2026-02-05 10:45:00+00:00,0.10045026987791061,0.10045026987791061,0.09922309964895248,0.0992383286356926,36711424
2026-02-05 11:00:00+00:00,0.09928075969219208,0.09945829212665558,0.09914751350879669,0.09914751350879669,0
2026-02-05 11:15:00+00:00,0.09910168498754501,0.09910168498754501,0.09767959266901016,0.09767959266901016,30374016
2026-02-05 11:30:00+00:00,0.0976690724492073,0.09932909905910492,0.09759833663702011,0.0993039608001709,42732160
2026-02-05 11:45:00+00:00,0.09929162263870239,0.09929162263870239,0.09837154299020767,0.09838418662548065,13510144
2026-02-05 12:00:00+00:00,0.09842023253440857,0.09871096163988113,0.09842023253440857,0.09860332310199738,17461504
2026-02-05 12:15:00+00:00,0.09856214374303818,0.09856214374303818,0.09774856269359589,0.09824509173631668,27454848
2026-02-05 12:30:00+00:00,0.09821411222219467,0.09845075756311417,0.09821411222219467,0.09834408760070801,9578496
2026-02-05 12:45:00+00:00,0.0983719602227211,0.09843012690544128,0.09816780686378479,0.09841933101415634,23463424
2026-02-05 13:00:00+00:00,0.09838517755270004,0.0988558977842331,0.09834814071655273,0.09877973049879074,19018240
2026-02-05 13:15:00+00:00,0.09865539520978928,0.09865539520978928,0.09803908318281174,0.09803908318281174,9086720
2026-02-05 13:30:00+00:00,0.09799940139055252,0.09839850664138794,0.09799940139055252,0.09812198579311371,9075712
2026-02-05 13:45:00+00:00,0.09811077266931534,0.09822987020015717,0.09800928831100464,0.09822987020015717,0
2026-02-05 14:00:00+00:00,0.09822303056716919,0.09881018102169037,0.09822303056716919,0.09852447360754013,2233344
2026-02-05 14:15:00+00:00,0.0985269695520401,0.09901639074087143,0.09840766340494156,0.09901639074087143,2766080
2026-02-05 14:30:00+00:00,0.09901290386915207,0.09995269030332565,0.09901290386915207,0.09966136515140533,2613248
2026-02-05 14:45:00+00:00,0.09965162724256516,0.09978636354207993,0.0987064316868782,0.0987064316868782,549888
2026-02-05 15:00:00+00:00,0.09868564456701279,0.09868564456701279,0.09613059461116791,0.09613059461116791,12790784
2026-02-05 15:15:00+00:00,0.09609822928905487,0.09609822928905487,0.09387416392564774,0.09387416392564774,108963584
2026-02-05 15:30:00+00:00,0.0936293676495552,0.0946459099650383,0.09294015169143677,0.09463952481746674,103752448
2026-02-05 15:45:00+00:00,0.0946599468588829,0.09514013677835464,0.09425397217273712,0.09434287995100021,49292288
2026-02-05 16:00:00+00:00,0.09433110803365707,0.09433110803365707,0.09326817840337753,0.09341765940189362,29213184
2026-02-05 16:15:00+00:00,0.09339496493339539,0.09476817399263382,0.09326595813035965,0.09476817399263382,28879104
2026-02-05 16:30:00+00:00,0.09472871571779251,0.09488464146852493,0.09385456889867783,0.09385456889867783,16419328
2026-02-05 16:45:00+00:00,0.09376513957977295,0.0947863981127739,0.09332459419965744,0.09415927529335022,16128768
2026-02-05 17:00:00+00:00,0.09414386004209518,0.09422218054533005,0.09226568788290024,0.0922919362783432,9215232
2026-02-05 17:15:00+00:00,0.0923418179154396,0.09348614513874054,0.09137813001871109,0.09346233308315277,47149056
2026-02-05 17:30:00+00:00,0.09354600310325623,0.09361205995082855,0.09254864603281021,0.09297524392604828,14702080
2026-02-05 17:45:00+00:00,0.09294891357421875,0.09294891357421875,0.09205690026283264,0.09205690026283264,4823040
2026-02-05 18:00:00+00:00,0.09203014522790909,0.09203014522790909,0.09173047542572021,0.09190303087234497,1164800
2026-02-05 18:15:00+00:00,0.09191469848155975,0.09200010448694229,0.09089270234107971,0.09099985659122467,17276928
2026-02-05 18:30:00+00:00,0.09106960892677307,0.09111294895410538,0.09067793190479279,0.09094485640525818,2140160
2026-02-05 18:45:00+00:00,0.09099037200212479,0.09223739057779312,0.09082847833633423,0.09223739057779312,21387008
2026-02-05 19:00:00+00:00,0.09227444231510162,0.09227444231510162,0.0918431505560875,0.09209974855184555,8627968
2026-02-05 19:15:00+00:00,0.09208153933286667,0.09220785647630692,0.09166306257247925,0.09166306257247925,5972736
2026-02-05 19:30:00+00:00,0.09165733307600021,0.09209667891263962,0.09165733307600021,0.09166193008422852,7722240
2026-02-05 19:45:00+00:00,0.09165214002132416,0.09165214002132416,0.09089207649230957,0.09089207649230957,0
2026-02-05 20:00:00+00:00,0.09091544151306152,0.0914173275232315,0.09091544151306152,0.09108727425336838,4663296
2026-02-05 20:15:00+00:00,0.0910818949341774,0.0910818949341774,0.08850207924842834,0.08882220089435577,109856768
2026-02-05 20:30:00+00:00,0.08872536569833755,0.0902002677321434,0.08854375034570694,0.0902002677321434,107326208
2026-02-05 20:45:00+00:00,0.09015783667564392,0.09015783667564392,0.08846183121204376,0.08887109905481339,55165440
2026-02-05 21:00:00+00:00,0.08880142867565155,0.09025123715400696,0.08880142867565155,0.08931788057088852,85756160
2026-02-05 21:15:00+00:00,0.08920413255691528,0.08983422070741653,0.0879659578204155,0.08920630812644958,34964736
2026-02-05 21:30:00+00:00,0.08943209052085876,0.08988621830940247,0.08895860612392426,0.08905351161956787,30081024
2026-02-05 21:45:00+00:00,0.08889830857515335,0.08889830857515335,0.08795999735593796,0.08798857778310776,17448960
2026-02-05 22:00:00+00:00,0.08803381025791168,0.08890163153409958,0.08803381025791168,0.0888376533985138,20907008
2026-02-05 22:15:00+00:00,0.08882320672273636,0.08882320672273636,0.08736135065555573,0.08819494396448135,23467008
2026-02-05 22:30:00+00:00,0.08825641125440598,0.08987142890691757,0.08825641125440598,0.08955810964107513,42052864
2026-02-05 22:45:00+00:00,0.08956495672464371,0.089930459856987,0.08948513865470886,0.08977144956588745,18135040
2026-02-05 23:00:00+00:00,0.08971312642097473,0.09089776873588562,0.08952290564775467,0.09089776873588562,29447936
2026-02-05 23:15:00+00:00,0.09090069681406021,0.09090069681406021,0.08986109495162964,0.08989620208740234,0
2026-02-05 23:30:00+00:00,0.08992789685726166,0.09020250290632248,0.08877865225076675,0.08877865225076675,12826880
2026-02-05 23:45:00+00:00,0.08876919746398926,0.08886034041643143,0.08826521039009094,0.0883183553814888,17951232
2026-02-06 00:00:00+00:00,0.08832518756389618,0.08836951851844788,0.08537395298480988,0.08537395298480988,94040320
2026-02-06 00:15:00+00:00,0.0850318968296051,0.0850318968296051,0.0815725326538086,0.08311783522367477,402758656
2026-02-06 00:30:00+00:00,0.08321433514356613,0.08699999004602432,0.08321433514356613,0.0866059958934784,115408896
2026-02-06 00:45:00+00:00,0.0866466760635376,0.08817491680383682,0.0866466760635376,0.08746330440044403,75593472
2026-02-06 01:00:00+00:00,0.08746698498725891,0.08897285908460617,0.08746698498725891,0.088935986161232,56488704
2026-02-06 01:15:00+00:00,0.08890293538570404,0.0891188383102417,0.08872755616903305,0.0888637900352478,23595776
2026-02-06 01:30:00+00:00,0.08884231001138687,0.08925516903400421,0.08871939033269882,0.08919546008110046,8909568
2026-02-06 01:45:00+00:00,0.08920326828956604,0.09062639623880386,0.08920326828956604,0.09060090035200119,42141952
2026-02-06 02:00:00+00:00,0.09059161692857742,0.09073519706726074,0.09007733315229416,0.09007733315229416,12369920
2026-02-06 02:15:00+00:00,0.09005232900381088,0.09005232900381088,0.08888629078865051,0.08895424008369446,5028352
2026-02-06 02:30:00+00:00,0.08896798640489578,0.08996926248073578,0.08896798640489578,0.08996926248073578,13888256
2026-02-06 02:45:00+00:00,0.08995291590690613,0.08995291590690613,0.08899998664855957,0.08899998664855957,0
2026-02-06 03:00:00+00:00,0.08905798196792603,0.08970529586076736,0.08905798196792603,0.08935414254665375,2430208
2026-02-06 03:15:00+00:00,0.08936061710119247,0.0896872952580452,0.08936061710119247,0.08952343463897705,2008064
2026-02-06 03:30:00+00:00,0.08956480026245117,0.09001617133617401,0.08956480026245117,0.08969012647867203,6260992
2026-02-06 03:45:00+00:00,0.0896793082356453,0.0896793082356453,0.08942363411188126,0.0896192416548729,10578432
2026-02-06 04:00:00+00:00,0.08965110033750534,0.08978839963674545,0.08959464728832245,0.0897696241736412,0
2026-02-06 04:15:00+00:00,0.08975492417812347,0.09105603396892548,0.08975492417812347,0.09103395789861679,8673536
2026-02-06 04:30:00+00:00,0.09105167537927628,0.09105167537927628,0.0904311016201973,0.09044956415891647,389120
2026-02-06 04:45:00+00:00,0.09048263728618622,0.09082435816526413,0.09048263728618622,0.09074844419956207,486912
2026-02-06 05:00:00+00:00,0.09075130522251129,0.09146291017532349,0.09075130522251129,0.09138219058513641,240640
2026-02-06 05:15:00+00:00,0.09137780219316483,0.0915028527379036,0.09105343371629715,0.0911182388663292,0
2026-02-06 05:30:00+00:00,0.09112139791250229,0.09208262711763382,0.09112139791250229,0.09208125621080399,0
2026-02-06 05:45:00+00:00,0.0921039879322052,0.09318963438272476,0.0920528993010521,0.09299644827842712,17221120
2026-02-06 06:00:00+00:00,0.09300999343395233,0.0932019054889679,0.09294421970844269,0.09297425299882889,2352128
2026-02-06 06:15:00+00:00,0.09295938163995743,0.09296225011348724,0.09224598854780197,0.09225881099700928,7093760
2026-02-06 06:30:00+00:00,0.09225380420684814,0.09228121489286423,0.09183038771152496,0.09205547720193863,5439744
2026-02-06 06:45:00+00:00,0.09194260090589523,0.09194260090589523,0.09145598113536835,0.09145598113536835,14370816
2026-02-06 07:00:00+00:00,0.09139829128980637,0.09139829128980637,0.09054435044527054,0.09054435044527054,0
2026-02-06 07:15:00+00:00,0.09064102917909622,0.09085545688867569,0.09051544219255447,0.09059157967567444,13538304
2026-02-06 07:30:00+00:00,0.09063783288002014,0.09126124531030655,0.09063783288002014,0.09123741090297699,13722112
2026-02-06 07:45:00+00:00,0.091219462454319,0.091219462454319,0.09064127504825592,0.09064127504825592,5562880
2026-02-06 08:00:00+00:00,0.09063972532749176,0.09109414368867874,0.09053928405046463,0.09109414368867874,11514368
2026-02-06 08:15:00+00:00,0.09108246862888336,0.09108246862888336,0.0905948281288147,0.09075567126274109,13046784
2026-02-06 08:30:00+00:00,0.0907178521156311,0.0907178521156311,0.09042542427778244,0.09042542427778244,3175424
2026-02-06 08:45:00+00:00,0.09042956680059433,0.09078408777713776,0.09039710462093353,0.0906902402639389,12322816
2026-02-06 09:00:00+00:00,0.09072032570838928,0.09072032570838928,0.09065451472997665,0.0906902328133583,0
2026-02-06 09:15:00+00:00,0.09072060883045197,0.09134438633918762,0.09072060883045197,0.09134438633918762,17385984
2026-02-06 09:30:00+00:00,0.09134327620267868,0.09241063892841339,0.09134327620267868,0.09215889126062393,18197248
2026-02-06 09:45:00+00:00,0.09221319854259491,0.09273210912942886,0.09221319854259491,0.09261839091777802,12379904
2026-02-06 10:00:00+00:00,0.09261471033096313,0.09261471033096313,0.0923217386007309,0.0923217386007309,0
2026-02-06 10:15:00+00:00,0.09234961122274399,0.09307747334241867,0.09234961122274399,0.09305465221405029,15062784
2026-02-06 10:30:00+00:00,0.09306268393993378,0.09339901059865952,0.09299296885728836,0.09339901059865952,14449920
2026-02-06 10:45:00+00:00,0.09340006113052368,0.09358981996774673,0.0933682918548584,0.09358445554971695,0
2026-02-06 11:00:00+00:00,0.09359293431043625,0.09359293431043625,0.09335856884717941,0.09349003434181213,0
2026-02-06 11:15:00+00:00,0.09350602328777313,0.09353091567754745,0.09332501888275146,0.09332501888275146,0
2026-02-06 11:30:00+00:00,0.09333347529172897,0.093985915184021,0.09333347529172897,0.09379110485315323,0
2026-02-06 11:45:00+00:00,0.09378597885370255,0.09386883676052094,0.09367228299379349,0.09382259845733643,0
2026-02-06 12:00:00+00:00,0.09379947185516357,0.09379947185516357,0.09314857423305511,0.09315019100904465,0
2026-02-06 12:15:00+00:00,0.09315785765647888,0.09328554570674896,0.09308288991451263,0.09328554570674896,0
2026-02-06 12:30:00+00:00,0.09327906370162964,0.09327906370162964,0.09310726076364517,0.0931583046913147,0
2026-02-06 12:45:00+00:00,0.09315542131662369,0.09331365674734116,0.0931384265422821,0.0933125838637352,0
2026-02-06 13:00:00+00:00,0.09332682937383652,0.09382887184619904,0.09331880509853363,0.0938091054558754,763648
2026-02-06 13:15:00+00:00,0.09383463114500046,0.0947670042514801,0.09383463114500046,0.09449726343154907,12390144
2026-02-06 13:30:00+00:00,0.09449456632137299,0.09512687474489212,0.09429150819778442,0.09512687474489212,12755968
2026-02-06 13:45:00+00:00,0.09514517337083817,0.09516624361276627,0.09500391036272049,0.09500391036272049,36791296
2026-02-06 14:00:00+00:00,0.09501289576292038,0.09501289576292038,0.09404904395341873,0.09410631656646729,2488576
2026-02-06 14:15:00+00:00,0.09411788731813431,0.09421089291572571,0.09393347799777985,0.09405092149972916,1271808
2026-02-06 14:30:00+00:00,0.09406488388776779,0.09588348120450974,0.09406488388776779,0.09555184096097946,25769216
2026-02-06 14:45:00+00:00,0.09610266238451004,0.09633985906839371,0.09589625149965286,0.09593243151903152,16489216
2026-02-06 15:00:00+00:00,0.0961507186293602,0.0964268147945404,0.0961507186293602,0.09633650630712509,0
2026-02-06 15:15:00+00:00,0.09628915041685104,0.09628915041685104,0.09571661055088043,0.09571661055088043,0
2026-02-06 15:30:00+00:00,0.09574557840824127,0.09633392840623856,0.09574557840824127,0.0963229387998581,0
2026-02-06 15:45:00+00:00,0.09631240367889404,0.09669996052980423,0.0962422788143158,0.09649471938610077,0
2026-02-06 16:00:00+00:00,0.09647397696971893,0.0978948175907135,0.09638501703739166,0.0978948175907135,7457536
2026-02-06 16:15:00+00:00,0.09790090471506119,0.0989055410027504,0.09790090471506119,0.0989055410027504,18578432
2026-02-06 16:30:00+00:00,0.09890628606081009,0.0995294377207756,0.09890628606081009,0.09943578392267227,2890240
2026-02-06 16:45:00+00:00,0.09946176409721375,0.09992070496082306,0.09931306540966034,0.09932310879230499,1842688
2026-02-06 17:00:00+00:00,0.09933380037546158,0.09936550259590149,0.09889637678861618,0.09934185445308685,0
2026-02-06 17:15:00+00:00,0.0993180125951767,0.1003277376294136,0.09926778078079224,0.1003277376294136,1317376
2026-02-06 17:30:00+00:00,0.10032635182142258,0.10141477733850479,0.10032635182142258,0.10134211927652359,18922752
2026-02-06 17:45:00+00:00,0.10130049288272858,0.10130065679550171,0.1004384458065033,0.1004384458065033,6495488
2026-02-06 18:00:00+00:00,0.10043507069349289,0.10043507069349289,0.09871883690357208,0.09879914671182632,25266688
2026-02-06 18:15:00+00:00,0.09879960864782333,0.0988665223121643,0.098378986120224,0.0984860360622406,0
2026-02-06 18:30:00+00:00,0.09854178875684738,0.09952794760465622,0.09854178875684738,0.09952794760465622,0
2026-02-06 18:45:00+00:00,0.09953004121780396,0.09967677295207977,0.09915976971387863,0.09915976971387863,0
2026-02-06 19:00:00+00:00,0.09917537868022919,0.09941169619560242,0.09898222982883453,0.09898222982883453,0
2026-02-06 19:15:00+00:00,0.09898211807012558,0.09898211807012558,0.09837685525417328,0.09896537661552429,4147968
2026-02-06 19:30:00+00:00,0.09896140545606613,0.09896140545606613,0.0986328125,0.0986328125,0
2026-02-06 19:45:00+00:00,0.09863773733377457,0.0987958088517189,0.09847283363342285,0.09875722229480743,9959168
2026-02-06 20:00:00+00:00,0.09875617176294327,0.09880119562149048,0.0984327644109726,0.0984327644109726,0
2026-02-06 20:15:00+00:00,0.09844603389501572,0.09844603389501572,0.09836548566818237,0.09843699634075165,0
2026-02-06 20:30:00+00:00,0.09846480935811996,0.09923820942640305,0.09846480935811996,0.09884816408157349,0
2026-02-06 20:45:00+00:00,0.09887827187776566,0.09891296178102493,0.09855391085147858,0.09856539964675903,0
2026-02-06 21:00:00+00:00,0.09859508275985718,0.09877929091453552,0.09847617894411087,0.09854454547166824,0
2026-02-06 21:15:00+00:00,0.09855088591575623,0.09909386187791824,0.09855088591575623,0.09909386187791824,0
2026-02-06 21:30:00+00:00,0.09907020628452301,0.09907020628452301,0.09856153279542923,0.09856153279542923,0
2026-02-06 21:45:00+00:00,0.0985644981265068,0.09869523346424103,0.09848316758871078,0.09869523346424103,0
2026-02-06 22:00:00+00:00,0.09869859367609024,0.0991968885064125,0.09868495911359787,0.0991968885064125,0
2026-02-06 22:15:00+00:00,0.09915081411600113,0.09915081411600113,0.09901856631040573,0.09911834448575974,0
2026-02-06 22:30:00+00:00,0.09910281747579575,0.09949291497468948,0.09906744211912155,0.09928133338689804,0
2026-02-06 22:45:00+00:00,0.09926784038543701,0.09945254027843475,0.09916811436414719,0.09942140430212021,0
2026-02-06 23:00:00+00:00,0.09942127764225006,0.09954925626516342,0.09916351735591888,0.09916351735591888,0
2026-02-06 23:15:00+00:00,0.09915199875831604,0.09915199875831604,0.0985863134264946,0.09863783419132233,447232
2026-02-06 23:30:00+00:00,0.09864278882741928,0.0989067330956459,0.09864278882741928,0.09877099096775055,386304
2026-02-06 23:45:00+00:00,0.09873996675014496,0.09873996675014496,0.09848704189062119,0.09848704189062119,0
2026-02-07 00:00:00+00:00,0.09847959131002426,0.09847959131002426,0.09773556143045425,0.0978311151266098,0
2026-02-07 00:15:00+00:00,0.09783041477203369,0.0980953499674797,0.09783041477203369,0.09798114746809006,0
2026-02-07 00:30:00+00:00,0.09801334887742996,0.09801334887742996,0.09768165647983551,0.09769002348184586,0
2026-02-07 00:45:00+00:00,0.09768582135438919,0.09804967790842056,0.09757371991872787,0.09783775359392166,0
2026-02-07 01:00:00+00:00,0.09783844649791718,0.09783844649791718,0.0975782722234726,0.0975782722234726,0
2026-02-07 01:15:00+00:00,0.09753312915563583,0.09776357561349869,0.0974511057138443,0.09776357561349869,0
2026-02-07 01:30:00+00:00,0.09775996208190918,0.09808559715747833,0.09775996208190918,0.09804430603981018,0
2026-02-07 01:45:00+00:00,0.09803815186023712,0.0986066609621048,0.09803815186023712,0.0986066609621048,0
2026-02-07 02:00:00+00:00,0.0985996201634407,0.0985996201634407,0.09830432385206223,0.09832032024860382,0
2026-02-07 02:15:00+00:00,0.09827171266078949,0.09834947437047958,0.09821732342243195,0.09834947437047958,0
2026-02-07 02:30:00+00:00,0.09833317995071411,0.09833317995071411,0.09816870838403702,0.09816920012235641,0
2026-02-07 02:45:00+00:00,0.09816141426563263,0.09816141426563263,0.09788063913583755,0.09793463349342346,0
2026-02-07 03:00:00+00:00,0.09794030338525772,0.09865782409906387,0.09794030338525772,0.09865782409906387,0
2026-02-07 03:15:00+00:00,0.09863942861557007,0.09880674630403519,0.098629429936409,0.09879790991544724,0
2026-02-07 03:30:00+00:00,0.09877985715866089,0.09877985715866089,0.09861897677183151,0.09861897677183151,0
2026-02-07 03:45:00+00:00,0.09865568578243256,0.09866458177566528,0.09852084517478943,0.09853996336460114,0
2026-02-07 04:00:00+00:00,0.09854736924171448,0.09875430911779404,0.09854736924171448,0.0986889973282814,2749440
2026-02-07 04:15:00+00:00,0.09870360046625137,0.09901347756385803,0.09850647300481796,0.09850647300481796,11761664
2026-02-07 04:30:00+00:00,0.09832648187875748,0.09850551933050156,0.0981174111366272,0.0981174111366272,5016192
2026-02-07 04:45:00+00:00,0.09801562130451202,0.09801562130451202,0.09790614992380142,0.09792087972164154,2103808
2026-02-07 05:00:00+00:00,0.09795472025871277,0.09849773347377777,0.09795472025871277,0.09843119978904724,0
2026-02-07 05:15:00+00:00,0.09844045341014862,0.09870143234729767,0.09843702614307404,0.0985848531126976,516352
2026-02-07 05:30:00+00:00,0.09852838516235352,0.09852838516235352,0.09832387417554855,0.09841621667146683,812032
2026-02-07 05:45:00+00:00,0.09840939193964005,0.09840939193964005,0.09817986935377121,0.09820038825273514,0
2026-02-07 06:00:00+00:00,0.09821060299873352,0.09857091307640076,0.09821060299873352,0.09855996072292328,0
2026-02-07 06:15:00+00:00,0.09855525940656662,0.09855525940656662,0.09840686619281769,0.09848466515541077,0
2026-02-07 06:30:00+00:00,0.09847022593021393,0.09861572831869125,0.09847022593021393,0.09853574633598328,4757632
2026-02-07 06:45:00+00:00,0.0985315591096878,0.0985315591096878,0.09734655916690826,0.09734655916690826,1360640
2026-02-07 07:00:00+00:00,0.09726348519325256,0.09726348519325256,0.09628249704837799,0.09628671407699585,9933568
2026-02-07 07:15:00+00:00,0.09582889825105667,0.09582889825105667,0.09512659162282944,0.09566689282655716,31540992
2026-02-07 07:30:00+00:00,0.09567688405513763,0.09626104682683945,0.09556511789560318,0.09626104682683945,11880576
2026-02-07 07:45:00+00:00,0.09627706557512283,0.09627706557512283,0.0959111675620079,0.0959111675620079,2147328
2026-02-07 08:00:00+00:00,0.09591581672430038,0.09607739001512527,0.09574185311794281,0.09606008976697922,3258368
2026-02-07 08:15:00+00:00,0.09606851637363434,0.09610048681497574,0.09585819393396378,0.09608142822980881,203648
2026-02-07 08:30:00+00:00,0.09605542570352554,0.09606754779815674,0.0959039032459259,0.0959039032459259,2056704
2026-02-07 08:45:00+00:00,0.09590296447277069,0.09600455313920975,0.09585004299879074,0.0959388017654419,66176
2026-02-07 09:00:00+00:00,0.09593761712312698,0.09605077654123306,0.0958818644285202,0.09605077654123306,1152640
2026-02-07 09:15:00+00:00,0.09609107673168182,0.09609107673168182,0.09588274359703064,0.09588897228240967,439296
2026-02-07 09:30:00+00:00,0.09588366001844406,0.09588366001844406,0.09530344605445862,0.09531862288713455,391808
2026-02-07 09:45:00+00:00,0.09530828148126602,0.09535960853099823,0.09522753208875656,0.09535960853099823,238464
2026-02-07 10:00:00+00:00,0.09536229074001312,0.0954161211848259,0.09526596963405609,0.09526890516281128,549248
2026-02-07 10:15:00+00:00,0.09524752199649811,0.0953233391046524,0.09516442567110062,0.09527670592069626,33280
2026-02-07 10:30:00+00:00,0.09529567509889603,0.09529567509889603,0.09497779607772827,0.09526766836643219,5982336
2026-02-07 10:45:00+00:00,0.09526760131120682,0.09529829025268555,0.09523452073335648,0.09529829025268555,256000
