Datetime,open,high,low,close,volume
2025-12-11 00:00:00+00:00,3324.526611328125,3327.0576171875,3322.3212890625,3323.344482421875,26859520
2025-12-11 00:15:00+00:00,3324.327392578125,3324.327392578125,3314.839111328125,3314.839111328125,19726336
2025-12-11 00:30:00+00:00,3310.3603515625,3310.3603515625,3280.607421875,3282.044921875,896471040
2025-12-11 00:45:00+00:00,3282.2060546875,3282.2060546875,3264.577392578125,3279.1552734375,698490880
2025-12-11 01:00:00+00:00,3279.135986328125,3279.135986328125,3263.234619140625,3263.234619140625,572416000
2025-12-11 01:15:00+00:00,3260.70556640625,3263.954833984375,3247.714599609375,3263.954833984375,785393664
2025-12-11 01:30:00+00:00,3266.735595703125,3273.028076171875,3265.68896484375,3266.3564453125,559429632
2025-12-11 01:45:00+00:00,3266.59716796875,3266.59716796875,3255.132080078125,3255.69580078125,414078976
2025-12-11 02:00:00+00:00,3255.70947265625,3255.70947265625,3230.60986328125,3230.60986328125,400353280
2025-12-11 02:15:00+00:00,3231.348876953125,3233.718017578125,3215.06005859375,3224.086669921875,689262592
2025-12-11 02:30:00+00:00,3221.224365234375,3227.639404296875,3214.0771484375,3227.639404296875,290512896
2025-12-11 02:45:00+00:00,3223.458984375,3223.458984375,3210.282958984375,3210.282958984375,895139840
2025-12-11 03:00:00+00:00,3211.410888671875,3211.410888671875,3173.457763671875,3179.3828125,240779264
2025-12-11 03:15:00+00:00,3175.30712890625,3191.12060546875,3173.497314453125,3177.066162109375,776450048
2025-12-11 03:30:00+00:00,3178.94189453125,3185.773193359375,3177.580810546875,3180.935791015625,601741312
2025-12-11 03:45:00+00:00,3182.12060546875,3191.49658203125,3180.877685546875,3191.49658203125,184985600
2025-12-11 04:00:00+00:00,3188.34423828125,3202.3212890625,3183.6552734375,3202.3212890625,289814528
2025-12-11 04:15:00+00:00,3197.369873046875,3197.369873046875,3191.06396484375,3192.48828125,518733824
2025-12-11 04:30:00+00:00,3195.267333984375,3197.85400390625,3190.39453125,3197.85400390625,995602432
2025-12-11 04:45:00+00:00,3196.552734375,3215.967041015625,3192.535888671875,3215.967041015625,194549760
2025-12-11 05:00:00+00:00,3215.45703125,3215.45703125,3198.7197265625,3198.7197265625,414777344
2025-12-11 05:15:00+00:00,3196.35009765625,3208.13232421875,3196.35009765625,3206.506103515625,494886912
2025-12-11 05:30:00+00:00,3207.20458984375,3208.8125,3204.767578125,3207.8046875,142950400
2025-12-11 05:45:00+00:00,3208.654296875,3214.802490234375,3208.654296875,3214.044921875,59998208
2025-12-11 06:00:00+00:00,3214.32177734375,3214.447021484375,3208.626708984375,3209.2802734375,0
2025-12-11 06:15:00+00:00,3209.020263671875,3209.13818359375,3197.482177734375,3198.094482421875,174022656
2025-12-11 06:30:00+00:00,3198.787841796875,3213.437744140625,3198.787841796875,3202.653564453125,220172288
2025-12-11 06:45:00+00:00,3202.611083984375,3204.298828125,3200.667724609375,3203.038818359375,976474112
2025-12-11 07:00:00+00:00,3204.4560546875,3204.4560546875,3201.1591796875,3203.5654296875,36208640
2025-12-11 07:15:00+00:00,3203.968017578125,3205.890625,3197.43310546875,3199.698974609375,435093504
2025-12-11 07:30:00+00:00,3200.7119140625,3205.015380859375,3200.7119140625,3201.9599609375,38690816
2025-12-11 07:45:00+00:00,3201.93115234375,3203.654541015625,3200.649169921875,3201.47802734375,27369472
2025-12-11 08:00:00+00:00,3200.626708984375,3201.070068359375,3187.356689453125,3192.033203125,53370880
2025-12-11 08:15:00+00:00,3188.999267578125,3195.563720703125,3188.999267578125,3195.416015625,439537664
2025-12-11 08:30:00+00:00,3190.0244140625,3190.0244140625,3182.857177734375,3187.216796875,389943296
2025-12-11 08:45:00+00:00,3187.51611328125,3197.90478515625,3187.348388671875,3196.509521484375,206684160
2025-12-11 09:00:00+00:00,3197.88134765625,3205.10693359375,3197.88134765625,3203.921630859375,593801216
2025-12-11 09:15:00+00:00,3203.921630859375,3212.028564453125,3203.921630859375,3208.99609375,1044357120
2025-12-11 09:30:00+00:00,3211.004150390625,3211.907470703125,3206.14697265625,3207.502197265625,218943488
2025-12-11 09:45:00+00:00,3201.9140625,3204.379150390625,3196.847900390625,3197.19580078125,216047616
2025-12-11 10:00:00+00:00,3199.49169921875,3203.31884765625,3198.624755859375,3198.624755859375,557512704
2025-12-11 10:15:00+00:00,3201.440673828125,3201.440673828125,3192.2255859375,3197.046875,0
2025-12-11 10:30:00+00:00,3194.933349609375,3194.933349609375,3190.697265625,3190.697265625,0
2025-12-11 10:45:00+00:00,3190.573486328125,3198.549072265625,3190.573486328125,3198.549072265625,0
2025-12-11 11:00:00+00:00,3197.67919921875,3201.614990234375,3194.9033203125,3197.604248046875,5601280
2025-12-11 11:15:00+00:00,3196.970458984375,3199.669677734375,3196.534423828125,3197.9091796875,271181824
2025-12-11 11:30:00+00:00,3197.06640625,3198.62060546875,3196.530029296875,3198.226806640625,0
2025-12-11 11:45:00+00:00,3198.03955078125,3198.125244140625,3196.099609375,3196.67431640625,0
2025-12-11 12:00:00+00:00,3195.60498046875,3195.60498046875,3189.50830078125,3191.542236328125,437215232
2025-12-11 12:15:00+00:00,3191.418212890625,3201.68994140625,3191.418212890625,3199.209228515625,340377600
2025-12-11 12:30:00+00:00,3199.8701171875,3207.19384765625,3199.8701171875,3201.8310546875,334139392
2025-12-11 12:45:00+00:00,3205.06787109375,3206.014892578125,3199.528076171875,3199.528076171875,0
2025-12-11 13:00:00+00:00,3199.790771484375,3203.77197265625,3199.790771484375,3201.021484375,0
2025-12-11 13:15:00+00:00,3200.1416015625,3202.2109375,3196.965087890625,3202.2109375,51980288
2025-12-11 13:30:00+00:00,3199.767333984375,3200.343994140625,3191.6875,3195.94873046875,532574208
2025-12-11 13:45:00+00:00,3194.815673828125,3196.638671875,3191.0634765625,3192.023681640625,432195584
2025-12-11 14:00:00+00:00,3192.10205078125,3192.8662109375,3190.562744140625,3192.2568359375,51513344
2025-12-11 14:15:00+00:00,3193.42041015625,3195.823486328125,3190.280029296875,3190.280029296875,338655232
2025-12-11 14:30:00+00:00,3172.70068359375,3194.164306640625,3172.70068359375,3193.408447265625,359454720
2025-12-11 14:45:00+00:00,3187.6708984375,3188.64111328125,3149.30419921875,3166.3857421875,755886080
2025-12-11 15:00:00+00:00,3158.604736328125,3183.405029296875,3158.604736328125,3183.405029296875,1646626816
2025-12-11 15:15:00+00:00,3182.85400390625,3203.703369140625,3175.700439453125,3197.789794921875,426156032
2025-12-11 15:30:00+00:00,3186.981689453125,3186.981689453125,3167.239501953125,3172.044677734375,951656448
2025-12-11 15:45:00+00:00,3171.46240234375,3182.968505859375,3171.05029296875,3180.151123046875,1170274304
2025-12-11 16:00:00+00:00,3181.75341796875,3181.75341796875,3160.2060546875,3160.2060546875,338880512
2025-12-11 16:15:00+00:00,3159.65234375,3173.306640625,3157.756103515625,3169.8759765625,268369920
2025-12-11 16:30:00+00:00,3172.579833984375,3190.64453125,3162.847900390625,3190.64453125,708124672
2025-12-11 16:45:00+00:00,3189.153564453125,3192.83447265625,3173.212158203125,3173.212158203125,223823872
2025-12-11 17:00:00+00:00,3174.52880859375,3176.92333984375,3171.373046875,3176.92333984375,663627776
2025-12-11 17:15:00+00:00,3178.06591796875,3199.284912109375,3178.06591796875,3197.134765625,234414080
2025-12-11 17:30:00+00:00,3195.75244140625,3202.35888671875,3189.592041015625,3189.592041015625,379750400
2025-12-11 17:45:00+00:00,3185.98388671875,3188.516357421875,3183.6806640625,3183.6806640625,56541184
2025-12-11 18:00:00+00:00,3183.18359375,3197.333984375,3181.61474609375,3196.474609375,345942016
2025-12-11 18:15:00+00:00,3195.913818359375,3201.16357421875,3194.946533203125,3201.16357421875,306092032
2025-12-11 18:30:00+00:00,3200.1201171875,3223.836181640625,3198.11328125,3223.836181640625,249913344
2025-12-11 18:45:00+00:00,3230.880859375,3233.2197265625,3199.3837890625,3199.3837890625,928040960
2025-12-11 19:00:00+00:00,3208.524658203125,3214.362060546875,3193.072265625,3195.5927734375,0
2025-12-11 19:15:00+00:00,3199.470947265625,3212.475341796875,3199.470947265625,3209.389892578125,313917440
2025-12-11 19:30:00+00:00,3211.88330078125,3227.810791015625,3211.88330078125,3215.10302734375,212439040
2025-12-11 19:45:00+00:00,3216.34228515625,3220.228271484375,3194.225341796875,3194.64892578125,83429376
2025-12-11 20:00:00+00:00,3195.472412109375,3217.5546875,3195.472412109375,3217.5546875,109973504
2025-12-11 20:15:00+00:00,3216.783203125,3217.447021484375,3199.5361328125,3202.783203125,246779904
2025-12-11 20:30:00+00:00,3202.9560546875,3222.416259765625,3202.9560546875,3216.41748046875,461824000
2025-12-11 20:45:00+00:00,3216.041748046875,3226.1240234375,3212.389404296875,3226.05029296875,160137216
2025-12-11 21:00:00+00:00,3222.197998046875,3241.0751953125,3218.78076171875,3239.543212890625,571017216
2025-12-11 21:15:00+00:00,3240.74169921875,3258.186767578125,3240.74169921875,3246.83984375,701171712
2025-12-11 21:30:00+00:00,3248.753662109375,3270.73681640625,3248.753662109375,3258.48974609375,282834944
2025-12-11 21:45:00+00:00,3265.301025390625,3269.15771484375,3250.107177734375,3250.107177734375,157362176
2025-12-11 22:00:00+00:00,3250.228271484375,3256.419189453125,3250.228271484375,3255.3583984375,364154880
2025-12-11 22:15:00+00:00,3262.756591796875,3262.756591796875,3235.201416015625,3236.848876953125,160538624
2025-12-11 22:30:00+00:00,3235.021240234375,3248.126220703125,3235.021240234375,3237.1826171875,230481920
2025-12-11 22:45:00+00:00,3238.719482421875,3241.33447265625,3232.774658203125,3241.33447265625,282464256
2025-12-11 23:00:00+00:00,3240.170166015625,3243.263916015625,3230.620361328125,3231.430908203125,336551936
2025-12-11 23:15:00+00:00,3229.576904296875,3237.461181640625,3229.529052734375,3232.38330078125,295589888
2025-12-11 23:30:00+00:00,3231.035400390625,3241.630859375,3231.035400390625,3241.630859375,117977088
2025-12-11 23:45:00+00:00,3241.510498046875,3242.204833984375,3235.8125,3236.83154296875,618999808
2025-12-12 00:00:00+00:00,3237.53662109375,3238.8623046875,3231.1123046875,3231.1123046875,53176320
2025-12-12 00:15:00+00:00,3231.235107421875,3243.8818359375,3231.235107421875,3236.32568359375,314198016
2025-12-12 00:30:00+00:00,3237.134033203125,3237.241943359375,3233.308837890625,3234.050537109375,177737728
2025-12-12 00:45:00+00:00,3231.56298828125,3232.0078125,3201.95263671875,3201.95263671875,0
2025-12-12 01:00:00+00:00,3188.593505859375,3212.552490234375,3188.593505859375,3210.170166015625,399548416
2025-12-12 01:15:00+00:00,3218.818115234375,3234.749755859375,3218.818115234375,3231.1982421875,453476352
2025-12-12 01:30:00+00:00,3233.55126953125,3244.413330078125,3232.4443359375,3242.748779296875,3520512
2025-12-12 01:45:00+00:00,3237.10791015625,3239.022705078125,3231.36669921875,3232.734375,238223360
2025-12-12 02:00:00+00:00,3235.26171875,3252.111083984375,3229.5673828125,3252.111083984375,626989056
2025-12-12 02:15:00+00:00,3248.676513671875,3252.32421875,3247.84765625,3251.685546875,137529344
2025-12-12 02:30:00+00:00,3249.347412109375,3251.386962890625,3247.137451171875,3249.6181640625,141185024
2025-12-12 02:45:00+00:00,3250.171142578125,3265.37255859375,3249.1279296875,3258.979248046875,42426368
2025-12-12 03:00:00+00:00,3259.39453125,3263.294677734375,3255.977294921875,3255.977294921875,0
2025-12-12 03:15:00+00:00,3253.2099609375,3253.2099609375,3240.53369140625,3241.796142578125,66347008
2025-12-12 03:30:00+00:00,3242.98388671875,3249.114013671875,3242.83154296875,3248.343017578125,0
2025-12-12 03:45:00+00:00,3248.807373046875,3250.118896484375,3247.02294921875,3247.02294921875,297498624
2025-12-12 04:00:00+00:00,3247.084716796875,3248.136962890625,3245.260986328125,3245.260986328125,157556736
2025-12-12 04:15:00+00:00,3245.142578125,3245.190673828125,3242.818603515625,3243.79541015625,0
2025-12-12 04:30:00+00:00,3243.710693359375,3243.710693359375,3242.4833984375,3243.344482421875,0
2025-12-12 04:45:00+00:00,3244.295654296875,3250.549072265625,3244.295654296875,3248.579833984375,226603008
2025-12-12 05:00:00+00:00,3248.158447265625,3251.38916015625,3243.9033203125,3243.9033203125,350300160
2025-12-12 05:15:00+00:00,3242.71337890625,3243.409912109375,3234.79541015625,3234.79541015625,92123136
2025-12-12 05:30:00+00:00,3235.501953125,3244.508056640625,3235.501953125,3244.508056640625,369045504
2025-12-12 05:45:00+00:00,3244.4873046875,3249.260009765625,3244.4873046875,3247.919921875,279617536
2025-12-12 06:00:00+00:00,3248.30859375,3261.368896484375,3248.145751953125,3261.079345703125,1322891264
2025-12-12 06:15:00+00:00,3263.9755859375,3264.3984375,3258.669677734375,3258.669677734375,261693440
2025-12-12 06:30:00+00:00,3258.386962890625,3258.386962890625,3255.879638671875,3257.309814453125,3194880
2025-12-12 06:45:00+00:00,3256.46533203125,3257.239990234375,3251.23193359375,3254.0361328125,245628928
2025-12-12 07:00:00+00:00,3254.036376953125,3254.036376953125,3251.513427734375,3254.001953125,0
2025-12-12 07:15:00+00:00,3253.328369140625,3255.1123046875,3251.671875,3255.1123046875,325363712
2025-12-12 07:30:00+00:00,3255.07421875,3257.327880859375,3246.073486328125,3251.134033203125,589133824
2025-12-12 07:45:00+00:00,3251.517578125,3251.94873046875,3248.080810546875,3248.080810546875,227414016
2025-12-12 08:00:00+00:00,3246.255615234375,3250.103515625,3245.108642578125,3250.103515625,0
2025-12-12 08:15:00+00:00,3249.658935546875,3249.71875,3240.963623046875,3240.963623046875,0
2025-12-12 08:30:00+00:00,3238.569091796875,3240.24853515625,3236.562255859375,3240.24853515625,528873472
2025-12-12 08:45:00+00:00,3240.01416015625,3246.3271484375,3238.60693359375,3244.049072265625,0
2025-12-12 09:00:00+00:00,3247.474365234375,3248.84228515625,3241.181884765625,3245.470703125,106534912
2025-12-12 09:15:00+00:00,3246.376953125,3249.333251953125,3242.81103515625,3242.81103515625,482234368
2025-12-12 09:30:00+00:00,3238.533203125,3242.8349609375,3238.533203125,3242.8349609375,192794624
2025-12-12 09:45:00+00:00,3242.73681640625,3253.91650390625,3241.96142578125,3253.91650390625,298192896
2025-12-12 10:00:00+00:00,3253.136962890625,3254.928955078125,3252.1884765625,3253.04150390625,35770368
2025-12-12 10:15:00+00:00,3253.014404296875,3253.25537109375,3246.84228515625,3248.854248046875,193454080
2025-12-12 10:30:00+00:00,3248.91650390625,3248.96435546875,3243.810302734375,3245.37060546875,253814784
2025-12-12 10:45:00+00:00,3245.27734375,3248.01171875,3245.09375,3246.406494140625,396402688
2025-12-12 11:00:00+00:00,3245.667724609375,3245.667724609375,3240.20556640625,3240.20556640625,0
2025-12-12 11:15:00+00:00,3238.720703125,3238.720703125,3230.275146484375,3234.6318359375,996976640
2025-12-12 11:30:00+00:00,3234.194091796875,3241.400390625,3234.194091796875,3241.400390625,66785280
2025-12-12 11:45:00+00:00,3240.33349609375,3240.902587890625,3238.663330078125,3240.902587890625,49641472
2025-12-12 12:00:00+00:00,3243.036865234375,3243.036865234375,3236.89794921875,3238.057861328125,0
2025-12-12 12:15:00+00:00,3238.546142578125,3241.275390625,3236.52685546875,3236.52685546875,6119424
2025-12-12 12:30:00+00:00,3236.421875,3239.361083984375,3235.599365234375,3237.109375,1986560
2025-12-12 12:45:00+00:00,3236.612060546875,3247.606689453125,3236.612060546875,3247.606689453125,659664896
2025-12-12 13:00:00+00:00,3248.4052734375,3248.4052734375,3245.29150390625,3247.061279296875,208111616
2025-12-12 13:15:00+00:00,3246.548095703125,3250.969482421875,3242.34228515625,3242.34228515625,231708672
2025-12-12 13:30:00+00:00,3243.66943359375,3245.576416015625,3241.572021484375,3241.572021484375,372140032
2025-12-12 13:45:00+00:00,3239.9453125,3243.79541015625,3239.9453125,3240.78271484375,84041728
2025-12-12 14:00:00+00:00,3241.955078125,3241.955078125,3237.05126953125,3237.76611328125,0
2025-12-12 14:15:00+00:00,3237.32763671875,3237.961669921875,3227.52294921875,3227.89013671875,339724288
2025-12-12 14:30:00+00:00,3221.5908203125,3245.8125,3221.5908203125,3231.1865234375,452900864
2025-12-12 14:45:00+00:00,3230.126953125,3236.315185546875,3223.896728515625,3236.223876953125,0
2025-12-12 15:00:00+00:00,3224.106689453125,3225.6376953125,3204.96875,3211.373291015625,781985792
2025-12-12 15:15:00+00:00,3207.68212890625,3207.68212890625,3164.927978515625,3164.927978515625,198494208
2025-12-12 15:30:00+00:00,3156.058837890625,3156.058837890625,3095.768798828125,3104.6767578125,1889542144
2025-12-12 15:45:00+00:00,3105.577392578125,3116.860595703125,3066.207275390625,3066.207275390625,1158666240
2025-12-12 16:00:00+00:00,3072.9990234375,3082.35693359375,3064.076416015625,3075.330810546875,1365970944
2025-12-12 16:15:00+00:00,3072.935546875,3084.807861328125,3053.87109375,3084.286865234375,1101367296
2025-12-12 16:30:00+00:00,3085.529541015625,3085.529541015625,3051.628662109375,3055.4931640625,973592576
2025-12-12 16:45:00+00:00,3055.485107421875,3074.966064453125,3055.485107421875,3065.14501953125,616316928
2025-12-12 17:00:00+00:00,3072.176513671875,3095.541015625,3069.16796875,3088.04052734375,678393856
2025-12-12 17:15:00+00:00,3093.14453125,3098.907470703125,3070.105224609375,3070.105224609375,60733440
2025-12-12 17:30:00+00:00,3066.41259765625,3074.835693359375,3066.41259765625,3071.067626953125,721506304
2025-12-12 17:45:00+00:00,3072.9091796875,3077.287109375,3067.398681640625,3067.398681640625,69679104
2025-12-12 18:00:00+00:00,3066.43701171875,3088.21044921875,3066.43701171875,3087.73193359375,0
2025-12-12 18:15:00+00:00,3086.9873046875,3091.34619140625,3075.525390625,3088.42724609375,822585344
2025-12-12 18:30:00+00:00,3089.556396484375,3097.976318359375,3087.74951171875,3097.976318359375,328546304
2025-12-12 18:45:00+00:00,3090.64892578125,3096.178955078125,3083.844482421875,3083.844482421875,0
2025-12-12 19:00:00+00:00,3081.17919921875,3081.17919921875,3070.32763671875,3070.32763671875,332169216
2025-12-12 19:15:00+00:00,3072.328125,3081.1982421875,3071.052978515625,3073.88134765625,1047697408
2025-12-12 19:30:00+00:00,3073.83935546875,3075.86328125,3069.22802734375,3069.22802734375,416620544
2025-12-12 19:45:00+00:00,3068.375,3073.390625,3065.85107421875,3070.733642578125,56469504
2025-12-12 20:00:00+00:00,3074.052001953125,3075.229248046875,3070.68359375,3070.68359375,57182208
2025-12-12 20:15:00+00:00,3072.358642578125,3081.013916015625,3072.358642578125,3072.966552734375,27379712
2025-12-12 20:30:00+00:00,3074.779296875,3075.674560546875,3068.9921875,3075.674560546875,191315968
2025-12-12 20:45:00+00:00,3078.2578125,3085.347412109375,3077.683837890625,3077.9365234375,0
2025-12-12 21:00:00+00:00,3082.064453125,3087.85986328125,3078.14453125,3087.30859375,0
2025-12-12 21:15:00+00:00,3085.34130859375,3085.34130859375,3081.8486328125,3083.886474609375,53336064
2025-12-12 21:30:00+00:00,3086.962158203125,3089.580322265625,3086.962158203125,3088.3779296875,55613440
2025-12-12 21:45:00+00:00,3087.983154296875,3089.947509765625,3083.261962890625,3083.669677734375,0
2025-12-12 22:00:00+00:00,3082.15576171875,3090.695068359375,3082.15576171875,3090.695068359375,0
2025-12-12 22:15:00+00:00,3089.3916015625,3094.20068359375,3088.51025390625,3094.20068359375,0
2025-12-12 22:30:00+00:00,3093.86962890625,3094.202880859375,3090.94482421875,3090.94482421875,168312832
2025-12-12 22:45:00+00:00,3091.855224609375,3092.587890625,3089.576171875,3092.587890625,152160256
2025-12-12 23:00:00+00:00,3093.468505859375,3096.40234375,3093.468505859375,3096.13037109375,196300800
2025-12-12 23:15:00+00:00,3094.9716796875,3094.9716796875,3091.15478515625,3091.247314453125,0
2025-12-12 23:30:00+00:00,3090.345947265625,3090.345947265625,3086.24072265625,3087.720703125,0
2025-12-12 23:45:00+00:00,3088.1416015625,3088.1416015625,3083.76025390625,3083.76025390625,0
2025-12-13 00:00:00+00:00,3086.50048828125,3093.791748046875,3086.50048828125,3092.52587890625,595134464
2025-12-13 00:15:00+00:00,3091.8671875,3091.8671875,3088.8408203125,3088.8408203125,0
2025-12-13 00:30:00+00:00,3087.23779296875,3087.260498046875,3085.94384765625,3086.035400390625,20938752
2025-12-13 00:45:00+00:00,3086.369873046875,3086.72509765625,3085.128662109375,3086.72509765625,0
2025-12-13 01:00:00+00:00,3086.73095703125,3090.1728515625,3086.265869140625,3090.1728515625,0
2025-12-13 01:15:00+00:00,3090.166748046875,3090.339599609375,3089.274169921875,3089.274169921875,0
2025-12-13 01:30:00+00:00,3089.808349609375,3089.99560546875,3084.076416015625,3084.076416015625,0
2025-12-13 01:45:00+00:00,3081.397216796875,3083.322265625,3080.07861328125,3083.322265625,624850944
2025-12-13 02:00:00+00:00,3085.002197265625,3088.439208984375,3085.002197265625,3087.20654296875,146407424
2025-12-13 02:15:00+00:00,3087.988525390625,3089.350830078125,3087.988525390625,3088.162109375,0
2025-12-13 02:30:00+00:00,3088.324462890625,3088.324462890625,3086.132568359375,3087.507080078125,107038720
2025-12-13 02:45:00+00:00,3087.201416015625,3087.23046875,3085.251708984375,3085.422607421875,0
2025-12-13 03:00:00+00:00,3085.37890625,3088.78173828125,3085.325439453125,3088.6962890625,0
2025-12-13 03:15:00+00:00,3090.2783203125,3091.735595703125,3090.2783203125,3090.79638671875,0
2025-12-13 03:30:00+00:00,3089.70458984375,3093.160400390625,3089.70458984375,3092.49609375,1923072
2025-12-13 03:45:00+00:00,3091.9345703125,3092.426513671875,3089.718505859375,3089.718505859375,0
2025-12-13 04:00:00+00:00,3090.5966796875,3090.5966796875,3089.42626953125,3089.42626953125,168570880
2025-12-13 04:15:00+00:00,3089.45654296875,3091.48876953125,3089.283935546875,3091.099853515625,6893568
2025-12-13 04:30:00+00:00,3089.527099609375,3092.072998046875,3087.725341796875,3091.445556640625,53006336
2025-12-13 04:45:00+00:00,3091.264404296875,3092.50048828125,3090.96484375,3091.013427734375,130979840
2025-12-13 05:00:00+00:00,3090.832763671875,3091.566650390625,3090.719970703125,3090.86376953125,0
2025-12-13 05:15:00+00:00,3090.877685546875,3090.970458984375,3089.1396484375,3089.81103515625,0
2025-12-13 05:30:00+00:00,3089.1904296875,3089.3125,3086.84375,3086.84375,87259136
2025-12-13 05:45:00+00:00,3086.83837890625,3089.306884765625,3086.30224609375,3089.306884765625,3024896
2025-12-13 06:00:00+00:00,3089.429931640625,3089.469482421875,3087.3564453125,3087.626953125,0
2025-12-13 06:15:00+00:00,3088.02197265625,3088.07421875,3086.37060546875,3086.579833984375,0
2025-12-13 06:30:00+00:00,3087.055419921875,3091.8349609375,3086.631591796875,3091.8349609375,142329856
2025-12-13 06:45:00+00:00,3090.56201171875,3095.136474609375,3090.56201171875,3094.7265625,0
2025-12-13 07:00:00+00:00,3094.227783203125,3094.533203125,3094.134033203125,3094.2451171875,32557056
2025-12-13 07:15:00+00:00,3091.971923828125,3095.04833984375,3091.370361328125,3094.82568359375,12027904
2025-12-13 07:30:00+00:00,3094.595703125,3095.091064453125,3093.73095703125,3094.502197265625,0
2025-12-13 07:45:00+00:00,3094.638916015625,3095.216796875,3093.8017578125,3095.202880859375,36079616
2025-12-13 08:00:00+00:00,3095.09765625,3095.979736328125,3095.09765625,3095.76708984375,0
2025-12-13 08:15:00+00:00,3102.92822265625,3126.040771484375,3102.92822265625,3124.643310546875,318406656
2025-12-13 08:30:00+00:00,3122.994873046875,3122.994873046875,3111.82177734375,3111.82177734375,609669120
2025-12-13 08:45:00+00:00,3112.322509765625,3118.13720703125,3112.322509765625,3115.841796875,29241344
2025-12-13 09:00:00+00:00,3116.500244140625,3121.09814453125,3116.500244140625,3121.09814453125,137242624
2025-12-13 09:15:00+00:00,3120.77392578125,3120.77392578125,3114.093505859375,3114.093505859375,50124800
2025-12-13 09:30:00+00:00,3114.978271484375,3118.915771484375,3114.8076171875,3117.946533203125,124254208
2025-12-13 09:45:00+00:00,3117.349609375,3121.507568359375,3117.00732421875,3120.022216796875,225796096
2025-12-13 10:00:00+00:00,3118.8701171875,3120.70703125,3118.540283203125,3120.188232421875,142467072
2025-12-13 10:15:00+00:00,3121.24072265625,3129.98095703125,3121.24072265625,3128.800048828125,144916480
2025-12-13 10:30:00+00:00,3128.68017578125,3134.7060546875,3128.289306640625,3133.358642578125,55732224
2025-12-13 10:45:00+00:00,3133.10302734375,3133.10302734375,3126.478271484375,3127.29052734375,204718080
2025-12-13 11:00:00+00:00,3127.999267578125,3128.552490234375,3125.02783203125,3128.552490234375,225431552
2025-12-13 11:15:00+00:00,3126.569580078125,3127.22607421875,3125.409912109375,3125.874267578125,0
2025-12-13 11:30:00+00:00,3124.95849609375,3124.95849609375,3119.32421875,3119.32421875,0
2025-12-13 11:45:00+00:00,3119.72216796875,3121.80859375,3118.04296875,3119.970458984375,156360704
2025-12-13 12:00:00+00:00,3119.95654296875,3126.41015625,3119.95654296875,3125.0556640625,0
2025-12-13 12:15:00+00:00,3123.8681640625,3123.8681640625,3117.7958984375,3117.7958984375,133044224
2025-12-13 12:30:00+00:00,3119.240966796875,3119.240966796875,3115.069091796875,3115.069091796875,269051904
2025-12-13 12:45:00+00:00,3111.66015625,3115.149169921875,3111.66015625,3115.149169921875,126298112
2025-12-13 13:00:00+00:00,3117.173095703125,3118.48974609375,3111.62353515625,3111.62353515625,337938432
2025-12-13 13:15:00+00:00,3111.533203125,3113.51171875,3101.484130859375,3101.484130859375,196878336
2025-12-13 13:30:00+00:00,3099.587646484375,3106.7763671875,3097.585693359375,3106.7763671875,53174272
2025-12-13 13:45:00+00:00,3106.662353515625,3110.283203125,3105.903564453125,3110.202880859375,44529664
2025-12-13 14:00:00+00:00,3112.278564453125,3112.50390625,3108.30810546875,3112.4560546875,295084032
2025-12-13 14:15:00+00:00,3115.783447265625,3115.942138671875,3100.11767578125,3100.11767578125,0
2025-12-13 14:30:00+00:00,3098.00927734375,3110.84521484375,3098.00927734375,3108.6806640625,39680000
2025-12-13 14:45:00+00:00,3108.83544921875,3115.129638671875,3108.83544921875,3112.646240234375,372465664
2025-12-13 15:00:00+00:00,3113.630126953125,3122.39453125,3113.398681640625,3118.98876953125,0
2025-12-13 15:15:00+00:00,3118.998779296875,3120.773193359375,3116.578125,3117.39892578125,0
2025-12-13 15:30:00+00:00,3118.19677734375,3119.3544921875,3113.866455078125,3113.866455078125,0
2025-12-13 15:45:00+00:00,3113.609375,3113.609375,3107.4736328125,3111.19775390625,0
2025-12-13 16:00:00+00:00,3111.19775390625,3116.76611328125,3110.95166015625,3110.95166015625,0
2025-12-13 16:15:00+00:00,3111.15234375,3111.15234375,3104.18408203125,3104.21923828125,0
2025-12-13 16:30:00+00:00,3105.048828125,3107.810546875,3102.278564453125,3104.599609375,348829696
2025-12-13 16:45:00+00:00,3104.135498046875,3108.030517578125,3104.135498046875,3106.3232421875,230665216
2025-12-13 17:00:00+00:00,3106.18505859375,3106.18505859375,3100.0146484375,3102.458984375,0
2025-12-13 17:15:00+00:00,3102.31787109375,3103.442138671875,3099.165771484375,3099.165771484375,0
2025-12-13 17:30:00+00:00,3098.884033203125,3104.170166015625,3098.322998046875,3103.79638671875,0
2025-12-13 17:45:00+00:00,3103.693115234375,3103.693115234375,3100.557861328125,3100.974365234375,62775296
2025-12-13 18:00:00+00:00,3101.44287109375,3108.88037109375,3101.44287109375,3107.876708984375,0
2025-12-13 18:15:00+00:00,3110.09619140625,3110.09619140625,3107.8447265625,3108.21728515625,0
2025-12-13 18:30:00+00:00,3107.616943359375,3108.7353515625,3107.02734375,3107.504638671875,0
2025-12-13 18:45:00+00:00,3108.15380859375,3108.15380859375,3101.3818359375,3101.3818359375,0
2025-12-13 19:00:00+00:00,3102.345458984375,3105.927490234375,3101.668212890625,3105.83203125,0
2025-12-13 19:15:00+00:00,3106.3525390625,3107.288818359375,3105.4697265625,3105.6611328125,0
2025-12-13 19:30:00+00:00,3105.768310546875,3110.6162109375,3105.428466796875,3110.586669921875,3336192
2025-12-13 19:45:00+00:00,3111.178955078125,3112.146728515625,3108.7685546875,3109.46728515625,0
2025-12-13 20:00:00+00:00,3109.886474609375,3110.357421875,3107.767822265625,3107.767822265625,0
2025-12-13 20:15:00+00:00,3107.046875,3108.997314453125,3107.046875,3108.7216796875,4466688
2025-12-13 20:30:00+00:00,3109.487548828125,3109.502685546875,3107.516845703125,3108.822509765625,0
2025-12-13 20:45:00+00:00,3107.500732421875,3109.015869140625,3103.813720703125,3103.813720703125,445329408
2025-12-13 21:00:00+00:00,3104.661865234375,3105.2841796875,3101.00244140625,3101.00244140625,26346496
2025-12-13 21:15:00+00:00,3101.22021484375,3103.82763671875,3101.22021484375,3102.12158203125,453774336
2025-12-13 21:30:00+00:00,3102.3662109375,3106.436767578125,3084.852783203125,3106.436767578125,132744192
2025-12-13 21:45:00+00:00,3106.874755859375,3113.896240234375,3102.6484375,3112.694091796875,103506944
2025-12-13 22:00:00+00:00,3113.287353515625,3118.479736328125,3112.625,3112.80126953125,123340800
2025-12-13 22:15:00+00:00,3106.66357421875,3111.26318359375,3106.66357421875,3108.44873046875,57331712
2025-12-13 22:30:00+00:00,3108.743896484375,3115.635498046875,3108.68994140625,3115.635498046875,23977984
2025-12-13 22:45:00+00:00,3115.57470703125,3117.132080078125,3112.085205078125,3112.491943359375,62946304
2025-12-13 23:00:00+00:00,3114.351318359375,3114.633544921875,3112.176025390625,3114.240234375,123994112
2025-12-13 23:15:00+00:00,3114.1142578125,3115.22412109375,3112.66796875,3113.413818359375,60933120
2025-12-13 23:30:00+00:00,3113.927978515625,3115.949951171875,3113.18017578125,3114.76708984375,0
2025-12-13 23:45:00+00:00,3115.632080078125,3117.992431640625,3115.111083984375,3116.415771484375,82583552
2025-12-14 00:00:00+00:00,3115.77880859375,3115.77880859375,3106.76318359375,3109.45263671875,86490112
2025-12-14 00:15:00+00:00,3111.081787109375,3113.81494140625,3108.862548828125,3111.894775390625,99080192
2025-12-14 00:30:00+00:00,3111.17822265625,3118.814697265625,3111.17822265625,3118.025634765625,135845888
2025-12-14 00:45:00+00:00,3118.968017578125,3120.697021484375,3118.32373046875,3118.32373046875,55664640
2025-12-14 01:00:00+00:00,3119.919189453125,3121.789306640625,3118.717529296875,3121.789306640625,22335488
2025-12-14 01:15:00+00:00,3122.26123046875,3128.072021484375,3122.26123046875,3128.072021484375,32980992
2025-12-14 01:30:00+00:00,3128.37841796875,3128.37841796875,3119.702880859375,3120.53369140625,92285952
2025-12-14 01:45:00+00:00,3117.563232421875,3119.959716796875,3117.41650390625,3119.53759765625,0
2025-12-14 02:00:00+00:00,3120.678955078125,3124.3486328125,3120.196533203125,3123.978759765625,68380672
2025-12-14 02:15:00+00:00,3123.308349609375,3125.624267578125,3122.306396484375,3125.624267578125,27564032
2025-12-14 02:30:00+00:00,3124.81494140625,3125.763916015625,3117.553955078125,3120.142578125,30795776
2025-12-14 02:45:00+00:00,3120.98681640625,3123.214599609375,3120.327392578125,3123.214599609375,112986112
2025-12-14 03:00:00+00:00,3123.447998046875,3125.6376953125,3123.107421875,3124.07080078125,19589120
2025-12-14 03:15:00+00:00,3123.885009765625,3124.0048828125,3121.985107421875,3122.21728515625,657408
2025-12-14 03:30:00+00:00,3121.82666015625,3121.82666015625,3119.29541015625,3120.62158203125,16869376
2025-12-14 03:45:00+00:00,3120.72802734375,3120.7861328125,3119.0380859375,3119.804931640625,15310848
2025-12-14 04:00:00+00:00,3119.473388671875,3121.787353515625,3119.254638671875,3121.787353515625,0
2025-12-14 04:15:00+00:00,3121.664794921875,3121.984375,3119.71875,3119.71875,31028224
2025-12-14 04:30:00+00:00,3120.2421875,3120.7900390625,3111.8095703125,3111.8095703125,2296832
2025-12-14 04:45:00+00:00,3110.06884765625,3112.10107421875,3109.95556640625,3111.044677734375,806213632
2025-12-14 05:00:00+00:00,3110.857421875,3113.205810546875,3109.336181640625,3110.435546875,28321792
2025-12-14 05:15:00+00:00,3110.23388671875,3110.23388671875,3106.501220703125,3107.401611328125,65700864
2025-12-14 05:30:00+00:00,3107.656005859375,3113.474609375,3107.656005859375,3113.172607421875,24545280
2025-12-14 05:45:00+00:00,3113.408203125,3114.916015625,3112.4873046875,3112.4873046875,73274368
2025-12-14 06:00:00+00:00,3112.552734375,3112.747314453125,3110.447021484375,3111.86083984375,5481472
2025-12-14 06:15:00+00:00,3111.756103515625,3113.4697265625,3108.456298828125,3108.456298828125,2454528
2025-12-14 06:30:00+00:00,3108.43994140625,3112.189697265625,3107.155517578125,3111.9501953125,152111104
2025-12-14 06:45:00+00:00,3112.316650390625,3112.628173828125,3110.3388671875,3110.545654296875,11684864
2025-12-14 07:00:00+00:00,3111.0888671875,3112.05712890625,3110.239013671875,3111.78076171875,10479616
2025-12-14 07:15:00+00:00,3111.60205078125,3111.60205078125,3110.693603515625,3110.89794921875,0
2025-12-14 07:30:00+00:00,3110.768310546875,3111.358642578125,3109.837158203125,3111.257568359375,13596672
2025-12-14 07:45:00+00:00,3111.36572265625,3117.0029296875,3111.07421875,3115.837158203125,32756736
2025-12-14 08:00:00+00:00,3115.81494140625,3118.763427734375,3115.81494140625,3118.19384765625,33309696
2025-12-14 08:15:00+00:00,3117.856201171875,3118.94775390625,3116.345947265625,3118.06298828125,0
2025-12-14 08:30:00+00:00,3118.568603515625,3119.88232421875,3116.748046875,3117.017578125,0
2025-12-14 08:45:00+00:00,3116.876953125,3116.96923828125,3112.5244140625,3112.5244140625,25597952
2025-12-14 09:00:00+00:00,3111.603515625,3113.187255859375,3111.603515625,3112.6142578125,7323648
2025-12-14 09:15:00+00:00,3112.121337890625,3113.372802734375,3111.274658203125,3112.30517578125,9806848
2025-12-14 09:30:00+00:00,3111.90966796875,3112.961181640625,3109.0927734375,3112.02978515625,58279936
2025-12-14 09:45:00+00:00,3111.41162109375,3111.41162109375,3109.66796875,3109.6884765625,0
2025-12-14 10:00:00+00:00,3109.650390625,3110.925048828125,3100.2890625,3100.2890625,34870272
2025-12-14 10:15:00+00:00,3100.461181640625,3111.492431640625,3099.939208984375,3110.575927734375,15670272
2025-12-14 10:30:00+00:00,3107.3056640625,3107.3056640625,3104.127197265625,3105.461181640625,250048512
2025-12-14 10:45:00+00:00,3106.221923828125,3108.511474609375,3105.75537109375,3108.2314453125,96572416
2025-12-14 11:00:00+00:00,3106.2919921875,3108.2041015625,3101.840576171875,3103.02392578125,606792704
2025-12-14 11:15:00+00:00,3102.814453125,3102.814453125,3095.553955078125,3095.553955078125,325803008
2025-12-14 11:30:00+00:00,3091.784423828125,3094.654296875,3078.27197265625,3078.27197265625,273334272
2025-12-14 11:45:00+00:00,3066.79296875,3086.133056640625,3059.04150390625,3085.380126953125,611946496
2025-12-14 12:00:00+00:00,3085.739990234375,3091.0029296875,3073.953369140625,3086.23388671875,154534912
2025-12-14 12:15:00+00:00,3090.31982421875,3101.642822265625,3090.31982421875,3099.95458984375,818186240
2025-12-14 12:30:00+00:00,3098.619384765625,3106.099609375,3098.619384765625,3106.099609375,66448384
2025-12-14 12:45:00+00:00,3104.209228515625,3107.742431640625,3099.6337890625,3099.6337890625,72825856
2025-12-14 13:00:00+00:00,3095.710205078125,3095.710205078125,3083.668212890625,3092.6005859375,74077184
2025-12-14 13:15:00+00:00,3091.9794921875,3093.23095703125,3087.927978515625,3092.717041015625,169410560
2025-12-14 13:30:00+00:00,3092.5712890625,3094.395751953125,3089.251953125,3089.71337890625,13647872
2025-12-14 13:45:00+00:00,3090.54052734375,3097.07763671875,3088.92138671875,3097.07763671875,12198912
2025-12-14 14:00:00+00:00,3100.179931640625,3105.320556640625,3099.33935546875,3101.6064453125,165291008
2025-12-14 14:15:00+00:00,3099.482177734375,3099.482177734375,3093.702880859375,3093.702880859375,69610496
2025-12-14 14:30:00+00:00,3094.732666015625,3094.732666015625,3078.729248046875,3078.729248046875,136401920
2025-12-14 14:45:00+00:00,3078.165771484375,3086.24609375,3076.392578125,3086.24609375,162402304
2025-12-14 15:00:00+00:00,3084.945068359375,3084.945068359375,3074.46630859375,3075.736572265625,154500096
2025-12-14 15:15:00+00:00,3076.67333984375,3083.107666015625,3075.806396484375,3075.946533203125,23813120
2025-12-14 15:30:00+00:00,3078.40966796875,3086.6376953125,3077.38525390625,3086.6376953125,187992064
2025-12-14 15:45:00+00:00,3085.334716796875,3085.608154296875,3082.685546875,3085.00146484375,132746240
2025-12-14 16:00:00+00:00,3084.634521484375,3084.634521484375,3079.98046875,3081.31884765625,26825728
2025-12-14 16:15:00+00:00,3082.0537109375,3104.49853515625,3082.0537109375,3100.700439453125,0
2025-12-14 16:30:00+00:00,3100.898681640625,3101.82763671875,3088.802734375,3088.802734375,309558272
2025-12-14 16:45:00+00:00,3086.371337890625,3095.907958984375,3086.371337890625,3091.1162109375,279958528
2025-12-14 17:00:00+00:00,3098.318359375,3100.968017578125,3088.723388671875,3088.723388671875,154587136
2025-12-14 17:15:00+00:00,3080.175048828125,3088.583984375,3078.81005859375,3082.570068359375,105777152
2025-12-14 17:30:00+00:00,3082.499267578125,3083.64501953125,3076.96240234375,3083.6025390625,26655744
2025-12-14 17:45:00+00:00,3082.6337890625,3088.4140625,3080.030029296875,3086.27734375,525820928
2025-12-14 18:00:00+00:00,3085.283447265625,3091.576904296875,3083.4736328125,3091.29296875,94726144
2025-12-14 18:15:00+00:00,3090.9765625,3096.352783203125,3085.868896484375,3087.560546875,183832576
2025-12-14 18:30:00+00:00,3087.72021484375,3096.89990234375,3087.72021484375,3094.705078125,213945344
2025-12-14 18:45:00+00:00,3094.686767578125,3104.09423828125,3092.746826171875,3104.09423828125,488747008
2025-12-14 19:00:00+00:00,3103.268798828125,3103.268798828125,3090.75537109375,3094.514892578125,122303488
2025-12-14 19:15:00+00:00,3094.1650390625,3096.269775390625,3089.1689453125,3096.269775390625,332207104
2025-12-14 19:30:00+00:00,3096.857666015625,3098.100341796875,3088.9736328125,3092.54931640625,231693312
2025-12-14 19:45:00+00:00,3092.108642578125,3094.467529296875,3089.772705078125,3091.444091796875,455571456
2025-12-14 20:00:00+00:00,3094.5546875,3094.75439453125,3069.792724609375,3082.656494140625,271951872
2025-12-14 20:15:00+00:00,3095.0615234375,3096.264892578125,3090.87939453125,3090.87939453125,453480448
2025-12-14 20:30:00+00:00,3089.90087890625,3092.33837890625,3088.538818359375,3092.33837890625,101817344
2025-12-14 20:45:00+00:00,3092.8427734375,3093.230224609375,3084.273681640625,3084.273681640625,16727040
2025-12-14 21:00:00+00:00,3083.945556640625,3084.37890625,3080.64990234375,3084.37890625,44759040
2025-12-14 21:15:00+00:00,3084.962890625,3090.0986328125,3084.962890625,3087.78271484375,60313600
2025-12-14 21:30:00+00:00,3087.296630859375,3087.296630859375,3080.44384765625,3080.44384765625,37433344
2025-12-14 21:45:00+00:00,3082.37158203125,3082.37158203125,3078.904296875,3082.303955078125,128303104
2025-12-14 22:00:00+00:00,3082.2099609375,3087.74853515625,3078.05908203125,3078.05908203125,233323520
2025-12-14 22:15:00+00:00,3078.78662109375,3084.6005859375,3074.216064453125,3074.216064453125,245169152
2025-12-14 22:30:00+00:00,3074.8056640625,3074.8056640625,3057.946533203125,3064.0419921875,266219520
2025-12-14 22:45:00+00:00,3064.45068359375,3070.7607421875,3058.278076171875,3070.7607421875,176866304
2025-12-14 23:00:00+00:00,3073.93896484375,3080.616943359375,3064.765869140625,3066.906005859375,196916224
2025-12-14 23:15:00+00:00,3066.796630859375,3070.012939453125,3058.60107421875,3062.91552734375,244601856
2025-12-14 23:30:00+00:00,3062.730224609375,3064.00830078125,3034.692626953125,3058.3564453125,664104960
2025-12-14 23:45:00+00:00,3056.911376953125,3067.574951171875,3054.42333984375,3059.845458984375,196284416
2025-12-15 00:00:00+00:00,3062.03076171875,3082.742431640625,3060.108154296875,3060.108154296875,169562112
2025-12-15 00:15:00+00:00,3060.2265625,3077.560546875,3059.345458984375,3075.352294921875,1181594624
2025-12-15 00:30:00+00:00,3074.39501953125,3079.90234375,3058.43603515625,3059.742919921875,250116096
2025-12-15 00:45:00+00:00,3061.779541015625,3076.29736328125,3060.429443359375,3075.90478515625,509116416
2025-12-15 01:00:00+00:00,3075.10791015625,3076.420166015625,3067.623779296875,3074.850830078125,249952256
2025-12-15 01:15:00+00:00,3075.427734375,3079.41748046875,3072.7646484375,3076.704833984375,310317056
2025-12-15 01:30:00+00:00,3076.787109375,3115.68359375,3076.647705078125,3108.646728515625,151374848
2025-12-15 01:45:00+00:00,3104.969970703125,3116.98876953125,3104.142578125,3111.84228515625,554678272
2025-12-15 02:00:00+00:00,3110.7333984375,3126.188232421875,3109.656982421875,3122.129638671875,496219136
2025-12-15 02:15:00+00:00,3122.099365234375,3147.748779296875,3122.099365234375,3130.841064453125,588453888
2025-12-15 02:30:00+00:00,3133.73046875,3136.342041015625,3118.6240234375,3118.6240234375,214390784
2025-12-15 02:45:00+00:00,3121.23779296875,3124.642578125,3118.09716796875,3121.8662109375,347889664
2025-12-15 03:00:00+00:00,3119.00927734375,3124.978759765625,3118.262939453125,3120.006103515625,137930752
2025-12-15 03:15:00+00:00,3120.937255859375,3125.149169921875,3120.0107421875,3120.0107421875,203649024
2025-12-15 03:30:00+00:00,3118.703125,3118.703125,3111.643310546875,3114.2744140625,295127040
2025-12-15 03:45:00+00:00,3115.45849609375,3116.220703125,3111.6552734375,3112.11962890625,76046336
2025-12-15 04:00:00+00:00,3109.419677734375,3115.979248046875,3109.419677734375,3114.13525390625,1187510272
2025-12-15 04:15:00+00:00,3114.411865234375,3117.18701171875,3106.02490234375,3106.84912109375,139782144
2025-12-15 04:30:00+00:00,3108.3408203125,3120.77099609375,3107.99169921875,3120.226318359375,374202368
2025-12-15 04:45:00+00:00,3121.292236328125,3125.404541015625,3120.67919921875,3125.2060546875,427538432
2025-12-15 05:00:00+00:00,3123.91357421875,3124.3623046875,3121.900146484375,3122.146484375,185010176
2025-12-15 05:15:00+00:00,3122.203125,3123.557373046875,3121.36767578125,3122.8994140625,4007936
2025-12-15 05:30:00+00:00,3122.556884765625,3122.556884765625,3118.097412109375,3119.42041015625,223135744
2025-12-15 05:45:00+00:00,3118.2880859375,3120.680419921875,3116.3779296875,3119.753662109375,10057728
2025-12-15 06:00:00+00:00,3119.839111328125,3120.54736328125,3116.27001953125,3118.941650390625,71753728
2025-12-15 06:15:00+00:00,3117.4755859375,3121.25732421875,3117.32568359375,3121.25732421875,182130688
2025-12-15 06:30:00+00:00,3120.509033203125,3128.79931640625,3120.509033203125,3128.768798828125,20500480
2025-12-15 06:45:00+00:00,3128.362548828125,3142.78125,3128.362548828125,3137.595703125,492394496
2025-12-15 07:00:00+00:00,3137.667236328125,3140.49365234375,3126.455078125,3127.600341796875,336670720
2025-12-15 07:15:00+00:00,3128.4384765625,3130.774658203125,3128.4384765625,3128.562255859375,223856640
2025-12-15 07:30:00+00:00,3128.4794921875,3130.180908203125,3124.38330078125,3125.09228515625,48732160
2025-12-15 07:45:00+00:00,3124.77587890625,3129.7783203125,3124.476318359375,3129.625244140625,150198272
2025-12-15 08:00:00+00:00,3129.2275390625,3132.806884765625,3126.422607421875,3128.7216796875,291272704
2025-12-15 08:15:00+00:00,3128.957275390625,3142.0029296875,3128.957275390625,3142.0029296875,53276672
2025-12-15 08:30:00+00:00,3140.609619140625,3141.6220703125,3138.654296875,3141.05078125,307910656
2025-12-15 08:45:00+00:00,3141.102294921875,3143.14404296875,3140.258056640625,3140.456787109375,28928000
2025-12-15 09:00:00+00:00,3141.347900390625,3147.322509765625,3141.347900390625,3143.52001953125,76599296
2025-12-15 09:15:00+00:00,3145.55029296875,3148.967041015625,3144.659423828125,3146.498046875,77729792
2025-12-15 09:30:00+00:00,3147.049072265625,3147.88818359375,3145.9267578125,3147.3623046875,41025536
2025-12-15 09:45:00+00:00,3146.759521484375,3157.88232421875,3144.88134765625,3153.935302734375,844929024
2025-12-15 10:00:00+00:00,3154.014892578125,3156.69677734375,3152.699951171875,3156.69677734375,323174400
2025-12-15 10:15:00+00:00,3157.25048828125,3172.0458984375,3154.6982421875,3172.0458984375,0
2025-12-15 10:30:00+00:00,3170.369140625,3175.1181640625,3160.06201171875,3160.06201171875,695744512
2025-12-15 10:45:00+00:00,3158.926513671875,3158.926513671875,3155.60986328125,3158.367919921875,264228864
2025-12-15 11:00:00+00:00,3158.402587890625,3162.065673828125,3158.402587890625,3159.33154296875,0
2025-12-15 11:15:00+00:00,3157.817626953125,3159.67236328125,3156.91796875,3159.255615234375,54153216
2025-12-15 11:30:00+00:00,3159.527099609375,3159.527099609375,3147.60205078125,3148.995361328125,0
2025-12-15 11:45:00+00:00,3148.186279296875,3156.916259765625,3148.186279296875,3156.67822265625,0
2025-12-15 12:00:00+00:00,3156.6337890625,3156.6337890625,3148.939453125,3148.939453125,763949056
2025-12-15 12:15:00+00:00,3149.115966796875,3153.9287109375,3149.115966796875,3150.2744140625,520720384
2025-12-15 12:30:00+00:00,3149.63671875,3153.874267578125,3149.63671875,3153.236328125,48138240
2025-12-15 12:45:00+00:00,3152.79541015625,3157.877197265625,3150.862060546875,3157.72705078125,0
2025-12-15 13:00:00+00:00,3156.649169921875,3156.649169921875,3139.44580078125,3141.6337890625,574875648
2025-12-15 13:15:00+00:00,3142.87646484375,3142.87646484375,3133.583740234375,3138.46435546875,124686336
2025-12-15 13:30:00+00:00,3138.00439453125,3139.03125,3130.663330078125,3138.1943359375,291084288
2025-12-15 13:45:00+00:00,3137.314697265625,3139.995849609375,3133.573486328125,3133.573486328125,146532352
2025-12-15 14:00:00+00:00,3132.98291015625,3137.944580078125,3132.98291015625,3135.75244140625,685854720
2025-12-15 14:15:00+00:00,3137.364990234375,3144.4248046875,3128.5771484375,3130.997802734375,31979520
2025-12-15 14:30:00+00:00,3130.805419921875,3145.499267578125,3118.403564453125,3127.814453125,917821440
2025-12-15 14:45:00+00:00,3125.363037109375,3125.363037109375,3041.839599609375,3053.501953125,141412352
2025-12-15 15:00:00+00:00,3051.198486328125,3054.5087890625,3022.5390625,3037.804931640625,2463590400
2025-12-15 15:15:00+00:00,3035.819580078125,3035.819580078125,2993.999267578125,3001.386962890625,1515286528
2025-12-15 15:30:00+00:00,3002.8974609375,3011.0908203125,2989.497314453125,3002.96728515625,584187904
2025-12-15 15:45:00+00:00,3010.020751953125,3024.064453125,2998.207763671875,3005.4951171875,615073792
2025-12-15 16:00:00+00:00,3011.001708984375,3014.509765625,3002.234619140625,3004.671630859375,267999232
2025-12-15 16:15:00+00:00,3005.603271484375,3012.734130859375,3005.603271484375,3009.780517578125,1067794432
2025-12-15 16:30:00+00:00,3006.330322265625,3006.330322265625,2969.281982421875,2974.15771484375,203460608
2025-12-15 16:45:00+00:00,2978.70068359375,2990.052734375,2970.98876953125,2982.13134765625,1865070592
2025-12-15 17:00:00+00:00,2988.470703125,2990.886474609375,2974.281005859375,2974.281005859375,150599680
2025-12-15 17:15:00+00:00,2974.924072265625,2981.612060546875,2970.479248046875,2975.63525390625,394956800
2025-12-15 17:30:00+00:00,2974.661376953125,2974.9443359375,2953.114990234375,2958.82177734375,928382976
2025-12-15 17:45:00+00:00,2956.05419921875,2956.05419921875,2934.41015625,2934.41015625,468828160
2025-12-15 18:00:00+00:00,2934.180419921875,2942.762451171875,2928.642333984375,2937.034423828125,587929600
2025-12-15 18:15:00+00:00,2938.93115234375,2939.207763671875,2925.60107421875,2932.26904296875,545454080
2025-12-15 18:30:00+00:00,2929.138427734375,2929.138427734375,2906.865234375,2915.653564453125,445315072
2025-12-15 18:45:00+00:00,2916.80224609375,2937.370849609375,2916.80224609375,2937.370849609375,74192896
2025-12-15 19:00:00+00:00,2938.7373046875,2962.225830078125,2931.491455078125,2931.491455078125,564938752
2025-12-15 19:15:00+00:00,2933.835205078125,2953.15185546875,2933.835205078125,2948.552734375,554270720
2025-12-15 19:30:00+00:00,2946.418701171875,2953.43310546875,2946.418701171875,2947.1259765625,200153088
2025-12-15 19:45:00+00:00,2943.8603515625,2944.23681640625,2937.4423828125,2943.849365234375,1025447936
2025-12-15 20:00:00+00:00,2941.25,2941.25,2924.49462890625,2924.753662109375,464205824
2025-12-15 20:15:00+00:00,2925.548828125,2928.158203125,2918.768310546875,2926.51123046875,417382400
2025-12-15 20:30:00+00:00,2924.66015625,2944.478759765625,2922.675048828125,2939.65380859375,265736192
2025-12-15 20:45:00+00:00,2937.860107421875,2937.860107421875,2929.69287109375,2930.490478515625,388141056
2025-12-15 21:00:00+00:00,2930.548828125,2930.548828125,2921.4970703125,2923.929443359375,84621312
2025-12-15 21:15:00+00:00,2923.1875,2943.99951171875,2923.1875,2943.99951171875,138762240
2025-12-15 21:30:00+00:00,2943.970947265625,2946.045166015625,2937.83056640625,2938.383544921875,1433323520
2025-12-15 21:45:00+00:00,2938.47705078125,2943.828125,2938.47705078125,2943.828125,180531200
2025-12-15 22:00:00+00:00,2945.035400390625,2945.035400390625,2940.372314453125,2942.100341796875,335581184
2025-12-15 22:15:00+00:00,2941.2431640625,2941.88427734375,2936.776123046875,2940.1640625,22837248
2025-12-15 22:30:00+00:00,2940.45703125,2941.090087890625,2938.57373046875,2939.81005859375,97296384
2025-12-15 22:45:00+00:00,2940.685302734375,2947.885009765625,2939.229248046875,2947.885009765625,29411328
2025-12-15 23:00:00+00:00,2951.625244140625,2967.909912109375,2951.625244140625,2967.909912109375,664578048
2025-12-15 23:15:00+00:00,2968.135009765625,2968.135009765625,2956.73779296875,2957.52001953125,311863296
2025-12-15 23:30:00+00:00,2958.05712890625,2964.373291015625,2958.05712890625,2964.373291015625,0
2025-12-15 23:45:00+00:00,2965.19140625,2965.19140625,2961.16845703125,2964.2216796875,180142080
2025-12-16 00:00:00+00:00,2964.31201171875,2972.0986328125,2960.60205078125,2968.827392578125,19720192
2025-12-16 00:15:00+00:00,2969.208251953125,2976.627197265625,2969.208251953125,2974.71337890625,0
2025-12-16 00:30:00+00:00,2972.1748046875,2972.1748046875,2957.92724609375,2961.486083984375,45139968
2025-12-16 00:45:00+00:00,2962.07861328125,2962.07861328125,2945.362060546875,2945.362060546875,129026048
2025-12-16 01:00:00+00:00,2942.3994140625,2957.200439453125,2940.348876953125,2956.117431640625,869414912
2025-12-16 01:15:00+00:00,2955.5537109375,2958.533447265625,2947.5810546875,2948.946533203125,254294016
2025-12-16 01:30:00+00:00,2949.034912109375,2953.911865234375,2937.744384765625,2940.92578125,134836224
2025-12-16 01:45:00+00:00,2946.02001953125,2947.3056640625,2944.465087890625,2946.838134765625,185225216
2025-12-16 02:00:00+00:00,2947.469482421875,2947.799560546875,2940.91796875,2947.75830078125,240556032
2025-12-16 02:15:00+00:00,2947.356201171875,2964.012939453125,2943.28662109375,2964.012939453125,181688320
2025-12-16 02:30:00+00:00,2963.984130859375,2963.984130859375,2955.05859375,2958.099365234375,425119744
2025-12-16 02:45:00+00:00,2954.649658203125,2955.626953125,2943.642333984375,2945.640869140625,978991104
2025-12-16 03:00:00+00:00,2946.322509765625,2949.3212890625,2931.74609375,2931.74609375,151959552
2025-12-16 03:15:00+00:00,2930.347900390625,2935.827392578125,2930.347900390625,2935.827392578125,196339712
2025-12-16 03:30:00+00:00,2939.1435546875,2939.1435546875,2923.702392578125,2935.82470703125,391737344
2025-12-16 03:45:00+00:00,2933.862060546875,2937.63232421875,2932.178955078125,2936.011962890625,264353792
2025-12-16 04:00:00+00:00,2936.011962890625,2936.011962890625,2930.43994140625,2930.43994140625,201629696
2025-12-16 04:15:00+00:00,2929.77587890625,2929.77587890625,2919.197021484375,2919.197021484375,323477504
2025-12-16 04:30:00+00:00,2920.259033203125,2921.06396484375,2904.599609375,2914.13720703125,348960768
2025-12-16 04:45:00+00:00,2911.26904296875,2916.924560546875,2890.01171875,2916.924560546875,985186304
2025-12-16 05:00:00+00:00,2917.257080078125,2923.7568359375,2917.257080078125,2920.21923828125,376354816
2025-12-16 05:15:00+00:00,2917.54345703125,2922.940185546875,2916.6484375,2918.29052734375,342992896
2025-12-16 05:30:00+00:00,2916.998779296875,2924.4404296875,2914.870849609375,2923.858154296875,119037952
2025-12-16 05:45:00+00:00,2922.734130859375,2926.70068359375,2918.657470703125,2923.98681640625,145336320
2025-12-16 06:00:00+00:00,2923.259033203125,2936.2841796875,2923.259033203125,2933.572509765625,39782400
2025-12-16 06:15:00+00:00,2935.792724609375,2941.93505859375,2934.047607421875,2941.261962890625,291241984
2025-12-16 06:30:00+00:00,2941.85009765625,2941.93798828125,2939.342041015625,2940.21728515625,0
2025-12-16 06:45:00+00:00,2941.3349609375,2948.611572265625,2941.3349609375,2948.611572265625,649488384
2025-12-16 07:00:00+00:00,2945.376953125,2946.868408203125,2940.021484375,2940.3056640625,125689856
2025-12-16 07:15:00+00:00,2937.837890625,2937.837890625,2929.72509765625,2930.95654296875,35438592
2025-12-16 07:30:00+00:00,2931.113037109375,2932.473388671875,2920.67822265625,2920.67822265625,248645632
2025-12-16 07:45:00+00:00,2922.88525390625,2926.328857421875,2922.88525390625,2924.55712890625,325423104
2025-12-16 08:00:00+00:00,2923.7841796875,2932.588623046875,2923.7841796875,2932.588623046875,106700800
2025-12-16 08:15:00+00:00,2931.302978515625,2931.302978515625,2923.17626953125,2926.216796875,109811712
2025-12-16 08:30:00+00:00,2928.80615234375,2932.371337890625,2925.618408203125,2932.371337890625,43485184
2025-12-16 08:45:00+00:00,2933.83740234375,2937.47607421875,2927.836181640625,2928.45947265625,156635136
2025-12-16 09:00:00+00:00,2930.35693359375,2930.35693359375,2928.88720703125,2930.13671875,90486784
2025-12-16 09:15:00+00:00,2929.79638671875,2929.79638671875,2925.087890625,2927.91162109375,22224896
2025-12-16 09:30:00+00:00,2927.927490234375,2933.343505859375,2926.48046875,2929.73974609375,255617024
2025-12-16 09:45:00+00:00,2931.18603515625,2932.174072265625,2925.001220703125,2925.512451171875,0
2025-12-16 10:00:00+00:00,2926.05615234375,2928.742919921875,2924.097900390625,2928.742919921875,7675904
2025-12-16 10:15:00+00:00,2928.606201171875,2931.85107421875,2928.166015625,2929.41455078125,0
2025-12-16 10:30:00+00:00,2928.52880859375,2959.520263671875,2928.52880859375,2959.520263671875,0
2025-12-16 10:45:00+00:00,2959.323486328125,2961.9697265625,2944.14208984375,2949.212158203125,473083904
2025-12-16 11:00:00+00:00,2941.681640625,2945.51904296875,2940.670654296875,2944.498291015625,330065920
2025-12-16 11:15:00+00:00,2947.0908203125,2956.361083984375,2947.0908203125,2956.361083984375,219273216
2025-12-16 11:30:00+00:00,2956.99658203125,2960.2685546875,2951.77197265625,2954.02099609375,35360768
2025-12-16 11:45:00+00:00,2953.353271484375,2957.768798828125,2950.9404296875,2956.968994140625,227067904
2025-12-16 12:00:00+00:00,2956.774658203125,2962.630615234375,2955.77880859375,2962.630615234375,319229952
2025-12-16 12:15:00+00:00,2958.7568359375,2959.73779296875,2950.140380859375,2950.66796875,8712192
2025-12-16 12:30:00+00:00,2950.0263671875,2953.277099609375,2947.963134765625,2950.756591796875,38017024
2025-12-16 12:45:00+00:00,2953.133544921875,2957.616455078125,2950.27099609375,2952.00341796875,67569664
2025-12-16 13:00:00+00:00,2952.387451171875,2952.387451171875,2948.376220703125,2951.45849609375,3897344
2025-12-16 13:15:00+00:00,2953.297119140625,2959.56005859375,2950.868896484375,2959.56005859375,83869696
2025-12-16 13:30:00+00:00,2969.788330078125,2969.788330078125,2934.261962890625,2941.814697265625,782358528
2025-12-16 13:45:00+00:00,2931.37548828125,2936.6884765625,2918.224609375,2918.224609375,386797568
2025-12-16 14:00:00+00:00,2914.939208984375,2927.271484375,2895.5556640625,2919.516357421875,390803456
2025-12-16 14:15:00+00:00,2922.903564453125,2938.482666015625,2921.16357421875,2930.0419921875,360214528
2025-12-16 14:30:00+00:00,2933.376953125,2943.193359375,2930.973388671875,2933.2099609375,447072256
2025-12-16 14:45:00+00:00,2935.405029296875,2950.72607421875,2923.549560546875,2939.184814453125,394186752
2025-12-16 15:00:00+00:00,2940.645751953125,2944.0791015625,2927.22509765625,2935.779052734375,0
2025-12-16 15:15:00+00:00,2937.9501953125,2937.9501953125,2917.592041015625,2922.39599609375,90753024
2025-12-16 15:30:00+00:00,2926.0791015625,2938.68017578125,2925.49072265625,2933.021484375,16826368
2025-12-16 15:45:00+00:00,2938.89306640625,2972.3740234375,2938.89306640625,2965.499755859375,350515200
2025-12-16 16:00:00+00:00,2962.292724609375,2962.292724609375,2945.59912109375,2945.59912109375,243668992
2025-12-16 16:15:00+00:00,2945.965087890625,2954.7685546875,2942.77294921875,2952.115966796875,0
2025-12-16 16:30:00+00:00,2948.501953125,2948.501953125,2926.569580078125,2928.601318359375,0
2025-12-16 16:45:00+00:00,2932.807373046875,2941.790771484375,2931.07666015625,2941.790771484375,405706752
2025-12-16 17:00:00+00:00,2938.55712890625,2950.43603515625,2937.383056640625,2948.33349609375,198318080
2025-12-16 17:15:00+00:00,2951.392578125,2951.392578125,2928.03125,2929.189697265625,0
2025-12-16 17:30:00+00:00,2930.5869140625,2938.794189453125,2922.959228515625,2922.959228515625,43223040
2025-12-16 17:45:00+00:00,2927.015625,2928.134765625,2921.924560546875,2921.924560546875,48078848
2025-12-16 18:00:00+00:00,2919.0732421875,2931.876708984375,2915.2802734375,2931.876708984375,0
2025-12-16 18:15:00+00:00,2931.05859375,2931.687744140625,2925.23779296875,2928.631591796875,110362624
2025-12-16 18:30:00+00:00,2929.291259765625,2950.54833984375,2929.291259765625,2949.553466796875,229797888
2025-12-16 18:45:00+00:00,2951.035888671875,2965.53125,2951.035888671875,2951.362060546875,679247872
2025-12-16 19:00:00+00:00,2951.2880859375,2951.2880859375,2925.203857421875,2925.203857421875,0
2025-12-16 19:15:00+00:00,2922.42041015625,2930.148193359375,2921.26220703125,2927.064453125,172736512
2025-12-16 19:30:00+00:00,2929.255615234375,2941.580810546875,2929.255615234375,2941.580810546875,27285504
2025-12-16 19:45:00+00:00,2943.71533203125,2955.56591796875,2943.71533203125,2946.047119140625,158373888
2025-12-16 20:00:00+00:00,2945.511962890625,2951.5068359375,2943.864013671875,2948.20556640625,83300352
2025-12-16 20:15:00+00:00,2948.853271484375,2952.4296875,2943.114990234375,2950.240234375,0
2025-12-16 20:30:00+00:00,2950.759765625,2961.3623046875,2950.2548828125,2960.669189453125,491884544
2025-12-16 20:45:00+00:00,2960.86865234375,2961.1201171875,2949.015380859375,2949.601806640625,452782080
2025-12-16 21:00:00+00:00,2948.211181640625,2948.211181640625,2938.718505859375,2940.70361328125,121475072
2025-12-16 21:15:00+00:00,2942.07470703125,2946.733154296875,2940.83837890625,2946.733154296875,167389184
2025-12-16 21:30:00+00:00,2947.79833984375,2957.881103515625,2947.79833984375,2956.7109375,51939328
2025-12-16 21:45:00+00:00,2955.2978515625,2955.6533203125,2950.569091796875,2950.706298828125,159668224
2025-12-16 22:00:00+00:00,2950.633544921875,2954.822265625,2950.633544921875,2952.244140625,0
2025-12-16 22:15:00+00:00,2945.89453125,2953.31298828125,2945.89453125,2953.31298828125,160966656
2025-12-16 22:30:00+00:00,2956.5791015625,2956.997314453125,2954.666259765625,2956.997314453125,227330048
2025-12-16 22:45:00+00:00,2957.171630859375,2957.171630859375,2952.870849609375,2953.079833984375,195403776
2025-12-16 23:00:00+00:00,2953.756103515625,2954.300537109375,2949.2890625,2950.658447265625,0
2025-12-16 23:15:00+00:00,2951.247314453125,2955.6494140625,2950.90380859375,2950.90380859375,0
2025-12-16 23:30:00+00:00,2952.90087890625,2959.943359375,2952.471923828125,2959.943359375,0
2025-12-16 23:45:00+00:00,2961.12353515625,2964.480224609375,2960.021240234375,2964.03759765625,26157056
2025-12-17 00:00:00+00:00,2962.631103515625,2962.631103515625,2952.596923828125,2952.596923828125,0
2025-12-17 00:15:00+00:00,2951.1845703125,2953.190673828125,2949.48193359375,2952.25732421875,0
2025-12-17 00:30:00+00:00,2950.66259765625,2950.66259765625,2945.371337890625,2945.371337890625,140744704
2025-12-17 00:45:00+00:00,2944.935302734375,2950.698486328125,2944.935302734375,2949.511474609375,0
2025-12-17 01:00:00+00:00,2949.87939453125,2955.274169921875,2949.87939453125,2954.65771484375,0
2025-12-17 01:15:00+00:00,2953.708251953125,2971.470947265625,2953.708251953125,2960.978515625,131201024
2025-12-17 01:30:00+00:00,2963.76318359375,2965.54443359375,2956.5751953125,2956.5751953125,157538304
2025-12-17 01:45:00+00:00,2955.171875,2957.906005859375,2949.455322265625,2951.830078125,163047424
2025-12-17 02:00:00+00:00,2952.994140625,2952.994140625,2944.155517578125,2944.155517578125,162220032
2025-12-17 02:15:00+00:00,2942.220947265625,2948.16650390625,2940.563720703125,2948.16650390625,229017600
2025-12-17 02:30:00+00:00,2947.53125,2953.57421875,2944.448974609375,2953.57421875,0
2025-12-17 02:45:00+00:00,2954.751708984375,2964.384521484375,2954.751708984375,2958.7509765625,26990592
2025-12-17 03:00:00+00:00,2958.962158203125,2960.74462890625,2956.142578125,2956.142578125,74856448
2025-12-17 03:15:00+00:00,2955.883544921875,2956.650634765625,2952.765380859375,2952.765380859375,146702336
2025-12-17 03:30:00+00:00,2950.957763671875,2950.957763671875,2945.7255859375,2949.359619140625,110866432
2025-12-17 03:45:00+00:00,2948.302734375,2948.982421875,2945.267578125,2946.284423828125,0
2025-12-17 04:00:00+00:00,2947.340576171875,2950.101806640625,2947.340576171875,2947.967529296875,99244032
2025-12-17 04:15:00+00:00,2947.703857421875,2947.703857421875,2935.422119140625,2940.10546875,0
2025-12-17 04:30:00+00:00,2939.407958984375,2939.4677734375,2929.01513671875,2930.39453125,239319040
2025-12-17 04:45:00+00:00,2930.078369140625,2932.599365234375,2928.32373046875,2932.177978515625,0
2025-12-17 05:00:00+00:00,2931.645751953125,2935.005615234375,2917.71484375,2934.89501953125,0
2025-12-17 05:15:00+00:00,2933.298095703125,2933.298095703125,2915.16748046875,2919.2373046875,225710080
2025-12-17 05:30:00+00:00,2921.53173828125,2925.53369140625,2917.87060546875,2925.23828125,513220608
2025-12-17 05:45:00+00:00,2926.00830078125,2933.27392578125,2924.904052734375,2929.70361328125,174884864
2025-12-17 06:00:00+00:00,2929.758544921875,2940.962646484375,2929.758544921875,2939.857666015625,168435712
2025-12-17 06:15:00+00:00,2940.22998046875,2941.59716796875,2937.75390625,2940.6796875,161222656
2025-12-17 06:30:00+00:00,2940.81103515625,2942.23828125,2935.968017578125,2935.968017578125,4544512
2025-12-17 06:45:00+00:00,2935.74560546875,2935.858642578125,2933.927490234375,2935.56494140625,152997888
2025-12-17 07:00:00+00:00,2935.659912109375,2941.175048828125,2935.13818359375,2936.050537109375,28160000
2025-12-17 07:15:00+00:00,2935.353515625,2937.58203125,2932.575927734375,2936.911865234375,11724800
2025-12-17 07:30:00+00:00,2937.329833984375,2950.190673828125,2937.329833984375,2949.721435546875,496859136
2025-12-17 07:45:00+00:00,2948.680419921875,2948.680419921875,2945.978515625,2947.23974609375,198828032
2025-12-17 08:00:00+00:00,2947.1044921875,2947.1044921875,2940.518310546875,2941.947998046875,0
2025-12-17 08:15:00+00:00,2942.386962890625,2942.48876953125,2929.906005859375,2929.906005859375,113502208
2025-12-17 08:30:00+00:00,2930.086669921875,2930.879150390625,2923.451416015625,2924.82177734375,207347712
2025-12-17 08:45:00+00:00,2925.580078125,2926.406005859375,2922.6357421875,2923.665771484375,7116800
2025-12-17 09:00:00+00:00,2924.553466796875,2926.652099609375,2920.673828125,2925.655517578125,190287872
2025-12-17 09:15:00+00:00,2926.7431640625,2931.505126953125,2919.859130859375,2920.4365234375,10289152
2025-12-17 09:30:00+00:00,2920.4462890625,2925.63720703125,2919.822509765625,2925.63720703125,147304448
2025-12-17 09:45:00+00:00,2926.671630859375,2926.671630859375,2924.281494140625,2924.281494140625,0
2025-12-17 10:00:00+00:00,2923.0810546875,2925.539306640625,2913.865478515625,2925.539306640625,45017088
2025-12-17 10:15:00+00:00,2925.8974609375,2925.8974609375,2920.969970703125,2921.8857421875,120754176
2025-12-17 10:30:00+00:00,2920.037841796875,2923.89697265625,2915.385009765625,2922.579345703125,144816128
2025-12-17 10:45:00+00:00,2923.117431640625,2924.820068359375,2915.887451171875,2918.578369140625,0
2025-12-17 11:00:00+00:00,2919.069580078125,2928.677978515625,2918.047119140625,2928.677978515625,75874304
2025-12-17 11:15:00+00:00,2928.712158203125,2928.712158203125,2926.7861328125,2927.2841796875,177829888
2025-12-17 11:30:00+00:00,2927.33203125,2932.13330078125,2926.825439453125,2930.999755859375,106168320
2025-12-17 11:45:00+00:00,2930.300048828125,2931.57568359375,2926.347412109375,2927.415283203125,188573696
2025-12-17 12:00:00+00:00,2927.60302734375,2934.57373046875,2927.60302734375,2933.194091796875,44544000
2025-12-17 12:15:00+00:00,2932.911865234375,2932.911865234375,2923.801513671875,2923.801513671875,9596928
2025-12-17 12:30:00+00:00,2925.33642578125,2930.345458984375,2924.6162109375,2926.571044921875,167471104
2025-12-17 12:45:00+00:00,2920.41845703125,2927.169921875,2920.1142578125,2925.14599609375,76363776
2025-12-17 13:00:00+00:00,2925.048095703125,2932.36767578125,2924.0810546875,2928.750244140625,146784256
2025-12-17 13:15:00+00:00,2922.905517578125,2925.3662109375,2919.60302734375,2925.3662109375,103282688
2025-12-17 13:30:00+00:00,2924.94970703125,2929.04345703125,2924.94970703125,2928.41064453125,0
2025-12-17 13:45:00+00:00,2939.326416015625,2947.168212890625,2936.5859375,2947.168212890625,118069248
2025-12-17 14:00:00+00:00,2945.3310546875,2946.016845703125,2941.3330078125,2942.46630859375,0
2025-12-17 14:15:00+00:00,2940.544677734375,2947.037109375,2940.544677734375,2941.122314453125,0
2025-12-17 14:30:00+00:00,2941.431396484375,2947.399169921875,2925.466796875,2925.466796875,0
2025-12-17 14:45:00+00:00,2925.811279296875,2978.542724609375,2893.55322265625,2978.542724609375,499823616
2025-12-17 15:00:00+00:00,2984.328369140625,3021.396728515625,2984.328369140625,3015.414794921875,1878216704
2025-12-17 15:15:00+00:00,3022.093505859375,3024.725341796875,3006.6025390625,3011.787353515625,474478592
2025-12-17 15:30:00+00:00,3012.4951171875,3013.91455078125,2955.95458984375,2955.95458984375,559988736
2025-12-17 15:45:00+00:00,2950.719482421875,2950.719482421875,2903.1240234375,2903.1240234375,1015848960
2025-12-17 16:00:00+00:00,2903.493896484375,2923.729248046875,2898.685302734375,2898.685302734375,242065408
2025-12-17 16:15:00+00:00,2884.32421875,2884.32421875,2847.1484375,2848.033447265625,936962048
2025-12-17 16:30:00+00:00,2845.9189453125,2854.30224609375,2835.23486328125,2843.60302734375,776603648
2025-12-17 16:45:00+00:00,2848.126220703125,2858.326416015625,2843.501953125,2858.326416015625,151801856
2025-12-17 17:00:00+00:00,2867.567626953125,2867.567626953125,2845.5166015625,2857.0380859375,197701632
2025-12-17 17:15:00+00:00,2856.62890625,2876.074951171875,2856.62890625,2869.435546875,505329664
2025-12-17 17:30:00+00:00,2866.455810546875,2866.704833984375,2853.53564453125,2853.53564453125,40126464
2025-12-17 17:45:00+00:00,2847.108642578125,2854.99609375,2846.41748046875,2849.715576171875,274931712
2025-12-17 18:00:00+00:00,2846.862548828125,2858.9306640625,2846.862548828125,2852.901611328125,38533120
2025-12-17 18:15:00+00:00,2851.431396484375,2857.160400390625,2846.63623046875,2848.515625,60782592
2025-12-17 18:30:00+00:00,2849.00048828125,2849.6240234375,2819.71435546875,2819.71435546875,81485824
2025-12-17 18:45:00+00:00,2825.80908203125,2825.80908203125,2807.69775390625,2807.69775390625,1054062592
2025-12-17 19:00:00+00:00,2811.439208984375,2811.79345703125,2792.779541015625,2795.7158203125,327260160
2025-12-17 19:15:00+00:00,2800.134765625,2814.123291015625,2799.558349609375,2807.92138671875,339382272
2025-12-17 19:30:00+00:00,2807.505859375,2811.491943359375,2797.074951171875,2803.94580078125,106291200
2025-12-17 19:45:00+00:00,2810.42041015625,2818.63623046875,2810.42041015625,2817.488525390625,317159424
2025-12-17 20:00:00+00:00,2818.65185546875,2818.65185546875,2806.797607421875,2806.797607421875,378427392
2025-12-17 20:15:00+00:00,2807.73828125,2832.229736328125,2807.73828125,2829.729248046875,710760448
2025-12-17 20:30:00+00:00,2830.37109375,2830.37109375,2819.01513671875,2825.43505859375,303167488
2025-12-17 20:45:00+00:00,2826.677490234375,2827.649169921875,2816.102783203125,2817.05224609375,525084672
2025-12-17 21:00:00+00:00,2818.740966796875,2827.131103515625,2818.740966796875,2826.9130859375,330194944
2025-12-17 21:15:00+00:00,2825.90576171875,2825.90576171875,2816.072265625,2818.924072265625,57184256
2025-12-17 21:30:00+00:00,2819.23876953125,2820.542724609375,2813.04443359375,2814.69384765625,29382656
2025-12-17 21:45:00+00:00,2817.08251953125,2819.924560546875,2815.125732421875,2818.875,141522944
2025-12-17 22:00:00+00:00,2818.02783203125,2825.222900390625,2813.795166015625,2825.222900390625,239497216
2025-12-17 22:15:00+00:00,2823.93212890625,2834.943359375,2821.4072265625,2834.943359375,318464000
2025-12-17 22:30:00+00:00,2831.1337890625,2832.486572265625,2826.075439453125,2828.224853515625,133539840
2025-12-17 22:45:00+00:00,2829.01123046875,2836.22998046875,2826.0732421875,2834.62353515625,49920000
2025-12-17 23:00:00+00:00,2834.388916015625,2834.388916015625,2822.134521484375,2822.134521484375,236677120
2025-12-17 23:15:00+00:00,2820.96337890625,2823.97607421875,2818.3603515625,2822.4765625,61259776
2025-12-17 23:30:00+00:00,2824.22021484375,2828.53076171875,2821.951904296875,2828.53076171875,107597824
2025-12-17 23:45:00+00:00,2827.726318359375,2829.790283203125,2826.9921875,2828.8994140625,226043904
2025-12-18 00:00:00+00:00,2832.8203125,2833.34765625,2826.671875,2830.65283203125,48752640
2025-12-18 00:15:00+00:00,2831.041748046875,2832.880859375,2827.2568359375,2830.09619140625,455712768
2025-12-18 00:30:00+00:00,2833.802734375,2836.117431640625,2831.9775390625,2832.62548828125,17940480
2025-12-18 00:45:00+00:00,2831.9296875,2836.690673828125,2831.890625,2834.904052734375,421191680
2025-12-18 01:00:00+00:00,2835.001708984375,2835.001708984375,2822.574951171875,2825.775146484375,0
2025-12-18 01:15:00+00:00,2827.609130859375,2829.96630859375,2824.703369140625,2826.479248046875,325517312
2025-12-18 01:30:00+00:00,2825.517578125,2829.000244140625,2824.056884765625,2828.359130859375,148271104
2025-12-18 01:45:00+00:00,2828.656494140625,2831.22216796875,2823.239013671875,2826.49609375,110671872
2025-12-18 02:00:00+00:00,2826.374755859375,2836.026611328125,2822.00927734375,2836.026611328125,48775168
2025-12-18 02:15:00+00:00,2834.033447265625,2842.494384765625,2829.1494140625,2834.07470703125,46979072
2025-12-18 02:30:00+00:00,2833.999755859375,2841.181884765625,2833.999755859375,2839.01025390625,225513472
2025-12-18 02:45:00+00:00,2839.940673828125,2841.9306640625,2835.498779296875,2836.04736328125,227221504
2025-12-18 03:00:00+00:00,2833.419677734375,2836.383544921875,2832.824462890625,2836.383544921875,567478272
2025-12-18 03:15:00+00:00,2836.383544921875,2836.383544921875,2827.409423828125,2828.5576171875,89417728
2025-12-18 03:30:00+00:00,2827.692626953125,2829.986083984375,2823.24853515625,2828.767822265625,323921920
2025-12-18 03:45:00+00:00,2828.0810546875,2830.93408203125,2827.876708984375,2830.112060546875,217565184
2025-12-18 04:00:00+00:00,2831.447509765625,2838.350830078125,2831.1787109375,2831.8486328125,53893120
2025-12-18 04:15:00+00:00,2832.2080078125,2838.57568359375,2832.2080078125,2836.185302734375,57796608
2025-12-18 04:30:00+00:00,2836.6044921875,2839.3486328125,2836.6044921875,2839.3486328125,67432448
2025-12-18 04:45:00+00:00,2838.865966796875,2838.865966796875,2836.637451171875,2837.102783203125,205873152
2025-12-18 05:00:00+00:00,2836.9072265625,2836.9072265625,2830.76953125,2830.76953125,206592000
2025-12-18 05:15:00+00:00,2828.419677734375,2828.419677734375,2825.703857421875,2827.095947265625,189091840
2025-12-18 05:30:00+00:00,2826.769287109375,2832.338134765625,2824.52734375,2830.899169921875,5378048
2025-12-18 05:45:00+00:00,2830.396484375,2830.396484375,2824.19287109375,2824.48291015625,230467584
2025-12-18 06:00:00+00:00,2824.497314453125,2829.623046875,2823.52734375,2829.623046875,0
2025-12-18 06:15:00+00:00,2829.66552734375,2829.953125,2825.18603515625,2826.83349609375,196796416
2025-12-18 06:30:00+00:00,2826.595947265625,2829.963623046875,2825.820068359375,2829.2841796875,27234304
2025-12-18 06:45:00+00:00,2828.578369140625,2829.787109375,2826.61376953125,2829.787109375,30058496
2025-12-18 07:00:00+00:00,2831.638916015625,2834.7451171875,2828.709228515625,2834.158203125,241715200
2025-12-18 07:15:00+00:00,2835.18505859375,2836.72119140625,2835.00830078125,2836.554443359375,258766848
2025-12-18 07:30:00+00:00,2836.91162109375,2837.642333984375,2833.406982421875,2834.127197265625,0
2025-12-18 07:45:00+00:00,2834.58251953125,2834.9541015625,2832.918701171875,2834.10888671875,14757888
2025-12-18 08:00:00+00:00,2834.5986328125,2837.7470703125,2834.5986328125,2836.8876953125,244344832
2025-12-18 08:15:00+00:00,2839.0634765625,2847.390625,2839.0634765625,2842.6376953125,47937536
2025-12-18 08:30:00+00:00,2844.916015625,2847.26123046875,2844.916015625,2846.0419921875,328744960
2025-12-18 08:45:00+00:00,2844.51416015625,2844.52685546875,2839.903076171875,2840.474365234375,20318208
2025-12-18 09:00:00+00:00,2840.49169921875,2840.49169921875,2834.971435546875,2838.912109375,39303168
2025-12-18 09:15:00+00:00,2837.043212890625,2845.8408203125,2837.043212890625,2844.618408203125,24059904
2025-12-18 09:30:00+00:00,2844.806640625,2851.504150390625,2844.806640625,2851.504150390625,10457088
2025-12-18 09:45:00+00:00,2854.845947265625,2855.13623046875,2852.02978515625,2852.02978515625,274647040
2025-12-18 10:00:00+00:00,2851.598876953125,2855.713623046875,2850.504638671875,2854.50048828125,0
2025-12-18 10:15:00+00:00,2853.32177734375,2857.6025390625,2852.310302734375,2857.6025390625,214796288
2025-12-18 10:30:00+00:00,2857.7744140625,2860.159912109375,2855.83447265625,2855.83447265625,18673664
2025-12-18 10:45:00+00:00,2857.37109375,2858.6982421875,2856.57666015625,2856.57666015625,47075328
2025-12-18 11:00:00+00:00,2857.5830078125,2857.5830078125,2852.91650390625,2852.91650390625,256618496
2025-12-18 11:15:00+00:00,2849.82373046875,2853.22900390625,2849.82373046875,2853.22900390625,213581824
2025-12-18 11:30:00+00:00,2853.606689453125,2855.379638671875,2851.33837890625,2853.0732421875,78073856
2025-12-18 11:45:00+00:00,2853.13916015625,2857.392333984375,2852.91650390625,2857.33740234375,208203776
2025-12-18 12:00:00+00:00,2858.2998046875,2858.482666015625,2854.013916015625,2854.013916015625,12156928
2025-12-18 12:15:00+00:00,2853.224365234375,2858.039306640625,2853.224365234375,2856.69384765625,206315520
2025-12-18 12:30:00+00:00,2859.16455078125,2872.21435546875,2859.16455078125,2870.6572265625,321304576
2025-12-18 12:45:00+00:00,2870.926513671875,2872.314453125,2866.048828125,2869.744873046875,21315584
2025-12-18 13:00:00+00:00,2872.591064453125,2904.2373046875,2872.591064453125,2904.2373046875,47097856
2025-12-18 13:15:00+00:00,2902.58984375,2902.58984375,2889.417724609375,2890.370361328125,439715840
2025-12-18 13:30:00+00:00,2889.282470703125,2936.989501953125,2889.282470703125,2936.989501953125,949880832
2025-12-18 13:45:00+00:00,2934.953369140625,2971.052734375,2934.953369140625,2962.4521484375,987938816
2025-12-18 14:00:00+00:00,2968.873046875,2984.060546875,2943.918701171875,2943.918701171875,690233344
2025-12-18 14:15:00+00:00,2935.93505859375,2970.607177734375,2935.93505859375,2961.0546875,763228160
2025-12-18 14:30:00+00:00,2961.318115234375,2970.070556640625,2943.380126953125,2943.380126953125,995674112
2025-12-18 14:45:00+00:00,2929.171875,2952.028564453125,2929.171875,2950.174072265625,289871872
2025-12-18 15:00:00+00:00,2949.6142578125,2962.867919921875,2936.284912109375,2936.284912109375,0
2025-12-18 15:15:00+00:00,2936.21826171875,2970.165283203125,2936.21826171875,2970.165283203125,550977536
2025-12-18 15:30:00+00:00,2963.56982421875,2993.499755859375,2959.275390625,2984.32421875,347285504
2025-12-18 15:45:00+00:00,2975.497314453125,2975.497314453125,2960.86181640625,2962.066650390625,144674816
2025-12-18 16:00:00+00:00,2963.20263671875,2963.32373046875,2957.650146484375,2957.985107421875,0
2025-12-18 16:15:00+00:00,2951.8896484375,2951.8896484375,2929.687255859375,2929.687255859375,0
2025-12-18 16:30:00+00:00,2934.18994140625,2951.63330078125,2934.172607421875,2948.497802734375,150181888
2025-12-18 16:45:00+00:00,2949.294677734375,2952.28515625,2941.979248046875,2942.713623046875,135591936
2025-12-18 17:00:00+00:00,2939.188232421875,2939.188232421875,2861.0244140625,2861.0244140625,347088896
2025-12-18 17:15:00+00:00,2855.325439453125,2855.325439453125,2800.765869140625,2822.17822265625,1085421568
2025-12-18 17:30:00+00:00,2812.306396484375,2842.591796875,2812.306396484375,2839.557373046875,582301696
2025-12-18 17:45:00+00:00,2840.5,2845.5830078125,2831.66455078125,2836.9755859375,849582080
2025-12-18 18:00:00+00:00,2843.950439453125,2860.120361328125,2835.068603515625,2860.120361328125,120043520
2025-12-18 18:15:00+00:00,2856.9677734375,2856.9677734375,2838.037353515625,2838.037353515625,338272256
2025-12-18 18:30:00+00:00,2844.305908203125,2848.61669921875,2836.68896484375,2845.6337890625,292855808
2025-12-18 18:45:00+00:00,2844.681640625,2844.681640625,2822.5546875,2827.206298828125,604815360
2025-12-18 19:00:00+00:00,2824.719970703125,2829.12939453125,2813.660400390625,2819.597900390625,13883392
2025-12-18 19:15:00+00:00,2816.6533203125,2824.04736328125,2814.568603515625,2822.761962890625,212928512
2025-12-18 19:30:00+00:00,2827.628662109375,2827.628662109375,2799.77880859375,2799.77880859375,51681280
2025-12-18 19:45:00+00:00,2793.714111328125,2793.714111328125,2779.464599609375,2783.97412109375,1043279872
2025-12-18 20:00:00+00:00,2781.794921875,2808.04638671875,2781.794921875,2808.04638671875,78065664
2025-12-18 20:15:00+00:00,2804.1259765625,2804.848388671875,2792.476318359375,2792.476318359375,600969216
2025-12-18 20:30:00+00:00,2788.267578125,2794.235107421875,2781.052734375,2792.296630859375,140990464
2025-12-18 20:45:00+00:00,2792.05615234375,2792.944091796875,2779.95654296875,2781.085205078125,990558208
2025-12-18 21:00:00+00:00,2806.09326171875,2806.851806640625,2799.7783203125,2803.088134765625,1108099072
2025-12-18 21:15:00+00:00,2804.387451171875,2812.053466796875,2803.42041015625,2812.053466796875,127129600
2025-12-18 21:30:00+00:00,2821.14990234375,2828.850830078125,2813.0732421875,2813.0732421875,336658432
2025-12-18 21:45:00+00:00,2815.8701171875,2827.700927734375,2815.8701171875,2827.700927734375,414636032
2025-12-18 22:00:00+00:00,2826.845703125,2833.080810546875,2826.406005859375,2827.300537109375,348706816
2025-12-18 22:15:00+00:00,2821.236572265625,2824.751708984375,2820.64013671875,2821.83642578125,47630336
2025-12-18 22:30:00+00:00,2825.6650390625,2828.510009765625,2824.05078125,2824.275390625,311523328
2025-12-18 22:45:00+00:00,2824.2548828125,2829.19970703125,2821.2080078125,2827.13916015625,115701760
2025-12-18 23:00:00+00:00,2827.347900390625,2830.7080078125,2824.870361328125,2830.40234375,18388992
2025-12-18 23:15:00+00:00,2831.48779296875,2831.48779296875,2824.114501953125,2824.46484375,28659712
2025-12-18 23:30:00+00:00,2825.568359375,2830.190185546875,2824.508544921875,2824.508544921875,114350080
2025-12-18 23:45:00+00:00,2824.90185546875,2826.42041015625,2823.451416015625,2826.42041015625,26753024
2025-12-19 00:00:00+00:00,2826.9697265625,2836.665283203125,2825.734130859375,2828.728515625,679553024
2025-12-19 00:15:00+00:00,2827.353759765625,2830.552490234375,2823.502685546875,2823.502685546875,0
2025-12-19 00:30:00+00:00,2822.868408203125,2822.868408203125,2814.316162109375,2814.316162109375,603271168
2025-12-19 00:45:00+00:00,2816.07763671875,2828.61669921875,2815.26318359375,2828.61669921875,126586880
2025-12-19 01:00:00+00:00,2828.945068359375,2828.945068359375,2823.441162109375,2825.063720703125,271128576
2025-12-19 01:15:00+00:00,2825.408447265625,2830.83642578125,2823.8427734375,2824.455322265625,41824256
2025-12-19 01:30:00+00:00,2822.6748046875,2824.111572265625,2817.127197265625,2819.051513671875,235614208
2025-12-19 01:45:00+00:00,2819.29833984375,2823.34228515625,2811.689208984375,2821.326904296875,106682368
2025-12-19 02:00:00+00:00,2820.4853515625,2820.4853515625,2811.685791015625,2818.74609375,68030464
2025-12-19 02:15:00+00:00,2818.016845703125,2826.799560546875,2815.958740234375,2826.799560546875,297158656
2025-12-19 02:30:00+00:00,2826.964599609375,2831.765380859375,2825.48095703125,2828.917236328125,301078528
2025-12-19 02:45:00+00:00,2828.52587890625,2838.714111328125,2828.52587890625,2834.67822265625,377372672
2025-12-19 03:00:00+00:00,2833.322265625,2869.395751953125,2833.322265625,2869.395751953125,237408256
2025-12-19 03:15:00+00:00,2866.662109375,2902.6162109375,2853.817626953125,2900.103515625,936921088
2025-12-19 03:30:00+00:00,2911.032958984375,2928.42236328125,2887.614990234375,2901.440673828125,485548032
2025-12-19 03:45:00+00:00,2907.999267578125,2921.63818359375,2903.906494140625,2905.312744140625,1473605632
2025-12-19 04:00:00+00:00,2905.742919921875,2929.0654296875,2905.742919921875,2925.993896484375,583680000
2025-12-19 04:15:00+00:00,2927.12841796875,2927.12841796875,2917.741943359375,2924.29248046875,296114176
2025-12-19 04:30:00+00:00,2922.140380859375,2925.635009765625,2917.721923828125,2917.865966796875,302327808
2025-12-19 04:45:00+00:00,2917.832275390625,2921.47216796875,2917.832275390625,2920.142822265625,1089159168
2025-12-19 05:00:00+00:00,2919.695556640625,2920.48046875,2909.593505859375,2920.48046875,0
2025-12-19 05:15:00+00:00,2925.32666015625,2925.32666015625,2912.21826171875,2913.735107421875,362176512
2025-12-19 05:30:00+00:00,2914.566162109375,2921.681640625,2911.24267578125,2919.83056640625,616452096
2025-12-19 05:45:00+00:00,2918.252685546875,2924.302978515625,2918.11767578125,2920.470703125,380416000
2025-12-19 06:00:00+00:00,2919.751708984375,2920.6630859375,2917.740234375,2918.55078125,70377472
2025-12-19 06:15:00+00:00,2918.587158203125,2920.633544921875,2915.001708984375,2920.633544921875,277475328
2025-12-19 06:30:00+00:00,2921.093505859375,2923.33203125,2918.77978515625,2923.33203125,57141248
2025-12-19 06:45:00+00:00,2925.458740234375,2942.03515625,2924.275390625,2941.7431640625,1025828864
2025-12-19 07:00:00+00:00,2944.845458984375,2979.240234375,2944.845458984375,2974.392333984375,716443648
2025-12-19 07:15:00+00:00,2967.37060546875,2967.37060546875,2953.386962890625,2953.386962890625,1372413952
2025-12-19 07:30:00+00:00,2954.000244140625,2954.000244140625,2947.278076171875,2947.802001953125,303480832
2025-12-19 07:45:00+00:00,2948.291015625,2950.771240234375,2948.291015625,2948.78515625,132771840
2025-12-19 08:00:00+00:00,2949.79833984375,2960.56640625,2949.64453125,2951.921630859375,53981184
2025-12-19 08:15:00+00:00,2952.80322265625,2954.374755859375,2943.144287109375,2943.144287109375,311214080
2025-12-19 08:30:00+00:00,2939.66796875,2948.130126953125,2938.38232421875,2946.515380859375,488550400
2025-12-19 08:45:00+00:00,2946.923583984375,2951.760009765625,2946.923583984375,2950.51123046875,277180416
2025-12-19 09:00:00+00:00,2949.720703125,2951.49462890625,2945.234619140625,2950.757568359375,339103744
2025-12-19 09:15:00+00:00,2949.225830078125,2953.356201171875,2947.601318359375,2953.356201171875,58601472
2025-12-19 09:30:00+00:00,2953.888671875,2953.888671875,2948.498291015625,2949.765625,67153920
2025-12-19 09:45:00+00:00,2951.011962890625,2953.25439453125,2949.653564453125,2952.03857421875,296972288
2025-12-19 10:00:00+00:00,2953.616455078125,2959.81884765625,2950.164306640625,2953.46533203125,337842176
2025-12-19 10:15:00+00:00,2955.29931640625,2956.154052734375,2951.58935546875,2952.822509765625,1063112704
2025-12-19 10:30:00+00:00,2950.777587890625,2950.965576171875,2948.47998046875,2949.52490234375,49311744
2025-12-19 10:45:00+00:00,2950.38623046875,2953.807373046875,2950.38623046875,2953.807373046875,89690112
2025-12-19 11:00:00+00:00,2952.557861328125,2959.36572265625,2949.447998046875,2959.36572265625,335405056
2025-12-19 11:15:00+00:00,2958.2236328125,2960.948486328125,2954.4833984375,2960.948486328125,398929920
2025-12-19 11:30:00+00:00,2962.13916015625,2968.13525390625,2961.447998046875,2967.96728515625,273440768
2025-12-19 11:45:00+00:00,2968.572265625,2968.572265625,2963.337890625,2963.337890625,39469056
2025-12-19 12:00:00+00:00,2963.230712890625,2963.650634765625,2945.703125,2958.826416015625,769560576
2025-12-19 12:15:00+00:00,2963.88671875,2963.88671875,2954.548583984375,2956.34228515625,430501888
2025-12-19 12:30:00+00:00,2956.074951171875,2958.08544921875,2951.793701171875,2956.718994140625,300720128
2025-12-19 12:45:00+00:00,2956.65185546875,2961.6103515625,2954.761962890625,2955.535888671875,335618048
2025-12-19 13:00:00+00:00,2954.5029296875,2960.388916015625,2954.5029296875,2959.51416015625,317308928
2025-12-19 13:15:00+00:00,2960.7080078125,2965.1787109375,2957.488525390625,2964.198486328125,319750144
2025-12-19 13:30:00+00:00,2964.44775390625,2964.607666015625,2954.689208984375,2962.11572265625,0
2025-12-19 13:45:00+00:00,2962.088623046875,2962.088623046875,2958.002197265625,2960.039306640625,0
2025-12-19 14:00:00+00:00,2960.025634765625,2975.608154296875,2956.843994140625,2975.608154296875,0
2025-12-19 14:15:00+00:00,2974.760498046875,2975.423828125,2955.263916015625,2962.03271484375,0
2025-12-19 14:30:00+00:00,2958.346923828125,2968.31103515625,2945.231689453125,2960.468505859375,493471744
2025-12-19 14:45:00+00:00,2984.3056640625,2984.3056640625,2964.164306640625,2973.180908203125,115312640
2025-12-19 15:00:00+00:00,2976.5908203125,2985.727294921875,2968.197021484375,2983.59326171875,291088384
2025-12-19 15:15:00+00:00,2986.40478515625,3013.0830078125,2961.10498046875,2964.025390625,1280043008
2025-12-19 15:30:00+00:00,2965.066650390625,2977.822021484375,2956.4560546875,2967.474365234375,822962176
2025-12-19 15:45:00+00:00,2969.890380859375,2969.890380859375,2959.974609375,2962.5654296875,1007486976
2025-12-19 16:00:00+00:00,2964.433837890625,2985.4873046875,2964.296875,2982.886962890625,893104128
2025-12-19 16:15:00+00:00,2984.482421875,2984.482421875,2976.317626953125,2982.849365234375,311085056
2025-12-19 16:30:00+00:00,2982.684814453125,2997.333984375,2982.34765625,2982.34765625,20244480
2025-12-19 16:45:00+00:00,2981.4091796875,2981.4091796875,2960.53125,2963.638671875,787404800
2025-12-19 17:00:00+00:00,2964.02685546875,2986.878173828125,2964.02685546875,2984.664306640625,319387648
2025-12-19 17:15:00+00:00,2982.987548828125,2984.322998046875,2977.583251953125,2979.933349609375,0
2025-12-19 17:30:00+00:00,2970.93359375,2973.34130859375,2956.42333984375,2966.791015625,215857152
2025-12-19 17:45:00+00:00,2961.52392578125,2970.6044921875,2953.8544921875,2965.199462890625,999114752
2025-12-19 18:00:00+00:00,2938.761474609375,2949.994873046875,2938.761474609375,2946.38818359375,254644224
2025-12-19 18:15:00+00:00,2948.750244140625,2969.437255859375,2948.750244140625,2967.21142578125,4057088
2025-12-19 18:30:00+00:00,2966.913818359375,2967.385498046875,2953.56103515625,2953.56103515625,553678848
2025-12-19 18:45:00+00:00,2954.865478515625,2970.48828125,2951.55029296875,2966.32177734375,740771840
2025-12-19 19:00:00+00:00,2964.306640625,2971.702880859375,2964.306640625,2970.6279296875,207464448
2025-12-19 19:15:00+00:00,2972.555908203125,2983.293701171875,2971.03076171875,2977.337646484375,0
2025-12-19 19:30:00+00:00,2977.70263671875,2992.531005859375,2976.998046875,2989.166015625,543805440
2025-12-19 19:45:00+00:00,2990.4033203125,2992.54150390625,2983.836669921875,2985.691650390625,0
2025-12-19 20:00:00+00:00,2983.189453125,2986.744873046875,2977.46240234375,2979.23291015625,0
2025-12-19 20:15:00+00:00,2979.876220703125,2992.023681640625,2979.063720703125,2986.53515625,214792192
2025-12-19 20:30:00+00:00,2987.517333984375,2998.1455078125,2985.934814453125,2993.828857421875,121925632
2025-12-19 20:45:00+00:00,2991.5556640625,2996.27490234375,2989.423828125,2989.663818359375,57014272
2025-12-19 21:00:00+00:00,2991.41259765625,2991.41259765625,2984.658935546875,2985.645751953125,25509888
2025-12-19 21:15:00+00:00,2983.83203125,2987.288330078125,2982.49755859375,2982.742919921875,0
2025-12-19 21:30:00+00:00,2981.359619140625,2983.151123046875,2980.41162109375,2981.544677734375,0
2025-12-19 21:45:00+00:00,2979.539306640625,2981.101318359375,2975.08447265625,2975.08447265625,19746816
2025-12-19 22:00:00+00:00,2974.351318359375,2988.13330078125,2974.351318359375,2985.370849609375,11433984
2025-12-19 22:15:00+00:00,2984.91455078125,2991.08056640625,2984.91455078125,2989.15087890625,186888192
2025-12-19 22:30:00+00:00,2989.86376953125,2991.192138671875,2987.355224609375,2991.02294921875,1689600
2025-12-19 22:45:00+00:00,2990.14111328125,2990.14111328125,2985.17822265625,2985.910400390625,6033408
2025-12-19 23:00:00+00:00,2986.363525390625,2986.363525390625,2981.115966796875,2982.611572265625,1650688
2025-12-19 23:15:00+00:00,2982.12158203125,2985.12890625,2981.59423828125,2983.892578125,19312640
2025-12-19 23:30:00+00:00,2983.919677734375,2983.919677734375,2978.888671875,2982.1298828125,165769216
2025-12-19 23:45:00+00:00,2981.26025390625,2981.26025390625,2976.936279296875,2977.831787109375,567484416
2025-12-20 00:00:00+00:00,2977.785400390625,2978.5146484375,2971.24072265625,2974.039794921875,236214272
2025-12-20 00:15:00+00:00,2974.90966796875,2976.4189453125,2974.020751953125,2976.08984375,0
2025-12-20 00:30:00+00:00,2977.961669921875,2977.961669921875,2974.31689453125,2974.31689453125,4012032
2025-12-20 00:45:00+00:00,2974.21435546875,2975.969970703125,2971.62646484375,2973.4130859375,0
2025-12-20 01:00:00+00:00,2973.331298828125,2977.716796875,2973.11669921875,2977.674560546875,0
2025-12-20 01:15:00+00:00,2977.8916015625,2979.843505859375,2976.299072265625,2979.7861328125,63948800
2025-12-20 01:30:00+00:00,2978.630126953125,2978.630126953125,2974.553955078125,2974.553955078125,170317824
2025-12-20 01:45:00+00:00,2974.617431640625,2977.20947265625,2974.617431640625,2975.222900390625,0
2025-12-20 02:00:00+00:00,2975.246826171875,2975.246826171875,2973.784423828125,2974.92138671875,0
2025-12-20 02:15:00+00:00,2974.92041015625,2978.957763671875,2974.92041015625,2977.27587890625,0
2025-12-20 02:30:00+00:00,2977.07861328125,2984.20947265625,2977.07861328125,2984.20947265625,122124288
2025-12-20 02:45:00+00:00,2984.991455078125,2984.991455078125,2981.36572265625,2981.7490234375,204734464
2025-12-20 03:00:00+00:00,2981.900390625,2983.551025390625,2981.2880859375,2982.18505859375,0
2025-12-20 03:15:00+00:00,2981.3984375,2988.46630859375,2981.3984375,2988.46630859375,305618944
2025-12-20 03:30:00+00:00,2988.66357421875,2991.899169921875,2988.66357421875,2991.098388671875,0
2025-12-20 03:45:00+00:00,2990.552001953125,2990.552001953125,2987.333740234375,2987.524658203125,0
2025-12-20 04:00:00+00:00,2988.09619140625,2988.5,2981.857421875,2982.563720703125,0
2025-12-20 04:15:00+00:00,2980.339599609375,2983.81982421875,2980.339599609375,2983.449951171875,0
2025-12-20 04:30:00+00:00,2984.4619140625,2985.572021484375,2984.4619140625,2984.667236328125,169908224
2025-12-20 04:45:00+00:00,2984.14013671875,2984.548583984375,2981.874755859375,2982.425537109375,0
2025-12-20 05:00:00+00:00,2982.33203125,2983.09130859375,2982.056884765625,2982.58837890625,111239168
2025-12-20 05:15:00+00:00,2983.082275390625,2986.508544921875,2983.080810546875,2986.1650390625,134946816
2025-12-20 05:30:00+00:00,2986.71630859375,2987.385498046875,2983.852294921875,2984.42626953125,0
2025-12-20 05:45:00+00:00,2982.962890625,2984.547607421875,2980.879150390625,2980.879150390625,100161536
2025-12-20 06:00:00+00:00,2979.920166015625,2982.43701171875,2979.920166015625,2982.43701171875,10125312
2025-12-20 06:15:00+00:00,2982.435546875,2983.567626953125,2982.2890625,2982.59130859375,0
2025-12-20 06:30:00+00:00,2982.7734375,2983.101806640625,2981.68701171875,2981.709716796875,5154816
2025-12-20 06:45:00+00:00,2981.3720703125,2981.3720703125,2978.8564453125,2979.5146484375,0
2025-12-20 07:00:00+00:00,2979.455078125,2980.194091796875,2975.11279296875,2975.11279296875,0
2025-12-20 07:15:00+00:00,2975.259033203125,2978.8212890625,2974.037353515625,2978.8212890625,0
2025-12-20 07:30:00+00:00,2978.166259765625,2981.752197265625,2978.166259765625,2980.4033203125,0
2025-12-20 07:45:00+00:00,2979.34423828125,2981.6953125,2978.9130859375,2981.6953125,0
2025-12-20 08:00:00+00:00,2980.51220703125,2984.67236328125,2980.51220703125,2983.026611328125,82540544
2025-12-20 08:15:00+00:00,2982.255126953125,2987.694580078125,2982.255126953125,2987.07568359375,0
2025-12-20 08:30:00+00:00,2987.18896484375,2987.18896484375,2984.664794921875,2984.896728515625,1957888
2025-12-20 08:45:00+00:00,2984.079345703125,2984.079345703125,2981.14453125,2981.6669921875,87758848
2025-12-20 09:00:00+00:00,2981.1611328125,2983.87548828125,2981.040283203125,2982.297607421875,0
2025-12-20 09:15:00+00:00,2982.77685546875,2984.091796875,2982.614013671875,2982.614013671875,5275648
2025-12-20 09:30:00+00:00,2982.921142578125,2985.16943359375,2982.921142578125,2984.707763671875,0
2025-12-20 09:45:00+00:00,2984.504638671875,2984.567138671875,2982.482666015625,2982.482666015625,0
2025-12-20 10:00:00+00:00,2981.610595703125,2981.883056640625,2980.848388671875,2981.849365234375,0
2025-12-20 10:15:00+00:00,2981.806884765625,2981.806884765625,2975.676513671875,2975.676513671875,181368832
2025-12-20 10:30:00+00:00,2977.38525390625,2977.38525390625,2974.1015625,2975.22119140625,0
2025-12-20 10:45:00+00:00,2978.698486328125,2978.698486328125,2976.450439453125,2977.652587890625,36710400
2025-12-20 11:00:00+00:00,2977.52197265625,2977.52197265625,2975.398193359375,2976.16455078125,0
2025-12-20 11:15:00+00:00,2975.94482421875,2986.6943359375,2975.94482421875,2986.49658203125,14180352
2025-12-20 11:30:00+00:00,2986.158935546875,2986.17431640625,2983.50537109375,2983.50537109375,95229952
2025-12-20 11:45:00+00:00,2983.896240234375,2985.638427734375,2983.86669921875,2985.638427734375,0
2025-12-20 12:00:00+00:00,2985.49365234375,2991.30712890625,2985.4912109375,2990.38916015625,0
2025-12-20 12:15:00+00:00,2990.03369140625,2990.0517578125,2987.8466796875,2987.855224609375,0
2025-12-20 12:30:00+00:00,2987.4638671875,2987.4638671875,2986.33056640625,2986.53369140625,86577152
2025-12-20 12:45:00+00:00,2986.571533203125,2987.995849609375,2986.571533203125,2987.566650390625,0
2025-12-20 13:00:00+00:00,2987.92578125,2989.469482421875,2976.010498046875,2976.29150390625,160456704
2025-12-20 13:15:00+00:00,2976.16064453125,2976.16064453125,2969.752685546875,2970.99853515625,406176768
2025-12-20 13:30:00+00:00,2970.19677734375,2976.009033203125,2970.19677734375,2975.8056640625,20029440
2025-12-20 13:45:00+00:00,2977.09326171875,2980.43408203125,2977.09326171875,2979.568115234375,9955328
2025-12-20 14:00:00+00:00,2978.484130859375,2978.484130859375,2969.084228515625,2971.356689453125,0
2025-12-20 14:15:00+00:00,2971.04248046875,2974.377197265625,2971.04248046875,2974.253173828125,0
2025-12-20 14:30:00+00:00,2974.31201171875,2975.91845703125,2974.211669921875,2975.91845703125,0
2025-12-20 14:45:00+00:00,2976.750244140625,2979.07080078125,2976.71484375,2978.775146484375,0
2025-12-20 15:00:00+00:00,2978.822265625,2978.84814453125,2975.00830078125,2976.72021484375,0
2025-12-20 15:15:00+00:00,2977.14208984375,2977.14208984375,2968.6865234375,2971.066650390625,0
2025-12-20 15:30:00+00:00,2972.34765625,2975.4033203125,2972.34765625,2975.195556640625,0
2025-12-20 15:45:00+00:00,2975.12548828125,2976.012451171875,2975.11767578125,2975.836181640625,0
2025-12-20 16:00:00+00:00,2976.400146484375,2977.480224609375,2975.943359375,2977.461181640625,0
2025-12-20 16:15:00+00:00,2977.352783203125,2977.6435546875,2975.905029296875,2975.905029296875,26468352
2025-12-20 16:30:00+00:00,2974.59619140625,2974.69873046875,2973.37109375,2973.700927734375,33163264
2025-12-20 16:45:00+00:00,2975.03125,2977.712158203125,2975.03125,2977.4365234375,0
2025-12-20 17:00:00+00:00,2978.4296875,2978.4296875,2974.064208984375,2976.413818359375,0
2025-12-20 17:15:00+00:00,2976.66162109375,2979.42919921875,2976.64599609375,2978.01416015625,112053248
2025-12-20 17:30:00+00:00,2977.9365234375,2978.140380859375,2975.8984375,2976.59765625,0
2025-12-20 17:45:00+00:00,2976.189453125,2977.89599609375,2976.189453125,2976.827392578125,172124160
2025-12-20 18:00:00+00:00,2976.7314453125,2978.2421875,2974.903076171875,2975.02099609375,0
2025-12-20 18:15:00+00:00,2975.075439453125,2976.023681640625,2974.967041015625,2975.56396484375,0
2025-12-20 18:30:00+00:00,2975.648681640625,2975.73876953125,2973.98291015625,2973.98291015625,0
2025-12-20 18:45:00+00:00,2973.735595703125,2978.093017578125,2973.735595703125,2976.8798828125,0
2025-12-20 19:00:00+00:00,2976.595947265625,2979.05419921875,2974.865234375,2979.05419921875,0
2025-12-20 19:15:00+00:00,2978.730224609375,2978.730224609375,2976.0576171875,2977.578125,31030272
2025-12-20 19:30:00+00:00,2977.84033203125,2977.84033203125,2976.861572265625,2977.604736328125,0
2025-12-20 19:45:00+00:00,2977.5830078125,2977.818115234375,2976.89501953125,2977.252685546875,0
2025-12-20 20:00:00+00:00,2976.85498046875,2978.74951171875,2976.5361328125,2978.74951171875,0
2025-12-20 20:15:00+00:00,2978.64501953125,2979.86279296875,2978.611572265625,2979.86279296875,14944256
2025-12-20 20:30:00+00:00,2979.46533203125,2981.896240234375,2978.6728515625,2981.36669921875,6070272
2025-12-20 20:45:00+00:00,2981.4052734375,2983.822265625,2981.06591796875,2983.4140625,0
2025-12-20 21:00:00+00:00,2983.2978515625,2983.939208984375,2982.140380859375,2982.8779296875,0
2025-12-20 21:15:00+00:00,2982.86181640625,2983.727294921875,2981.302490234375,2981.378173828125,66048
2025-12-20 21:30:00+00:00,2981.35009765625,2982.49267578125,2981.35009765625,2981.495361328125,0
2025-12-20 21:45:00+00:00,2981.2080078125,2981.2080078125,2978.493408203125,2978.493408203125,5179392
2025-12-20 22:00:00+00:00,2978.808349609375,2978.808349609375,2975.111083984375,2975.111083984375,0
2025-12-20 22:15:00+00:00,2975.272705078125,2975.324462890625,2973.4697265625,2973.4697265625,72649728
2025-12-20 22:30:00+00:00,2973.40869140625,2976.899658203125,2973.40869140625,2976.899658203125,11278336
2025-12-20 22:45:00+00:00,2976.10009765625,2979.159912109375,2975.716064453125,2979.159912109375,42688000
2025-12-20 23:00:00+00:00,2977.44921875,2977.44921875,2974.741455078125,2975.73583984375,0
2025-12-20 23:15:00+00:00,2975.533935546875,2977.178466796875,2974.3056640625,2975.045654296875,0
2025-12-20 23:30:00+00:00,2974.8369140625,2975.424560546875,2973.65966796875,2973.65966796875,185636352
2025-12-20 23:45:00+00:00,2975.117431640625,2977.480712890625,2974.844482421875,2977.480712890625,7049216
2025-12-21 00:00:00+00:00,2977.10302734375,2977.10302734375,2974.9619140625,2976.020751953125,0
2025-12-21 00:15:00+00:00,2976.038818359375,2979.679443359375,2976.038818359375,2979.679443359375,60711936
2025-12-21 00:30:00+00:00,2979.576904296875,2979.954345703125,2976.5546875,2977.03271484375,27992064
2025-12-21 00:45:00+00:00,2977.51220703125,2978.308837890625,2977.207763671875,2977.765869140625,1718784
2025-12-21 01:00:00+00:00,2979.040771484375,2979.040771484375,2974.0966796875,2974.0966796875,20119040
2025-12-21 01:15:00+00:00,2974.521240234375,2975.4287109375,2974.406982421875,2974.68798828125,89802240
2025-12-21 01:30:00+00:00,2973.938232421875,2973.938232421875,2963.599609375,2963.599609375,86047744
2025-12-21 01:45:00+00:00,2964.9453125,2970.105224609375,2964.841796875,2967.7783203125,205093888
2025-12-21 02:00:00+00:00,2967.227294921875,2972.049072265625,2967.227294921875,2970.057373046875,206759424
2025-12-21 02:15:00+00:00,2970.359619140625,2970.359619140625,2963.685546875,2963.685546875,28103168
2025-12-21 02:30:00+00:00,2966.97021484375,2968.621337890625,2963.584228515625,2965.277587890625,33911296
2025-12-21 02:45:00+00:00,2964.4306640625,2965.086181640625,2962.879150390625,2964.169677734375,47621632
2025-12-21 03:00:00+00:00,2964.278564453125,2969.990966796875,2964.278564453125,2968.325439453125,175384064
2025-12-21 03:15:00+00:00,2968.968505859375,2973.89794921875,2968.968505859375,2971.3486328125,30676480
2025-12-21 03:30:00+00:00,2971.468994140625,2972.23193359375,2970.15380859375,2970.936767578125,37563904
2025-12-21 03:45:00+00:00,2971.036865234375,2972.250732421875,2971.036865234375,2972.1953125,0
2025-12-21 04:00:00+00:00,2971.86328125,2975.8681640625,2971.21337890625,2975.73193359375,12597760
2025-12-21 04:15:00+00:00,2975.124267578125,2977.222412109375,2975.124267578125,2977.222412109375,0
2025-12-21 04:30:00+00:00,2976.524169921875,2977.358642578125,2975.546142578125,2975.546142578125,22067200
2025-12-21 04:45:00+00:00,2975.282470703125,2975.282470703125,2974.07373046875,2974.374755859375,0
2025-12-21 05:00:00+00:00,2974.325439453125,2974.795654296875,2973.939453125,2973.96875,4151296
2025-12-21 05:15:00+00:00,2977.49169921875,2977.49169921875,2975.049560546875,2975.406494140625,19791360
2025-12-21 05:30:00+00:00,2975.3125,2975.3125,2973.6123046875,2973.6123046875,0
2025-12-21 05:45:00+00:00,2973.56689453125,2973.56689453125,2972.359619140625,2973.120361328125,0
2025-12-21 06:00:00+00:00,2972.71826171875,2974.945068359375,2972.71826171875,2974.601806640625,3789824
2025-12-21 06:15:00+00:00,2974.748046875,2975.932373046875,2974.501708984375,2975.1259765625,19469312
2025-12-21 06:30:00+00:00,2975.185302734375,2975.8291015625,2974.29296875,2974.689453125,34266112
2025-12-21 06:45:00+00:00,2974.68115234375,2975.196044921875,2974.33154296875,2975.196044921875,0
2025-12-21 07:00:00+00:00,2975.09716796875,2975.63916015625,2974.88671875,2975.177490234375,2350592
2025-12-21 07:15:00+00:00,2974.870849609375,2976.731201171875,2974.870849609375,2976.728271484375,0
2025-12-21 07:30:00+00:00,2976.951904296875,2977.312744140625,2976.07763671875,2976.07763671875,0
2025-12-21 07:45:00+00:00,2976.02392578125,2980.417236328125,2976.02392578125,2980.037841796875,0
2025-12-21 08:00:00+00:00,2980.08642578125,2980.7529296875,2977.25341796875,2977.9296875,463486464
2025-12-21 08:15:00+00:00,2978.037353515625,2983.101318359375,2978.037353515625,2983.101318359375,124928
2025-12-21 08:30:00+00:00,2983.43359375,2994.1865234375,2983.43359375,2993.18603515625,119535616
2025-12-21 08:45:00+00:00,2994.227783203125,2994.227783203125,2990.30517578125,2991.261962890625,151454720
2025-12-21 09:00:00+00:00,2993.207275390625,2994.53369140625,2986.607666015625,2990.537109375,229422080
2025-12-21 09:15:00+00:00,2990.64208984375,2995.156494140625,2989.677978515625,2993.1259765625,44194816
2025-12-21 09:30:00+00:00,2992.958740234375,2999.546142578125,2992.958740234375,2996.859375,117322752
2025-12-21 09:45:00+00:00,2997.045166015625,3009.80712890625,2995.789306640625,3001.458984375,220807680
2025-12-21 10:00:00+00:00,3005.48876953125,3005.815673828125,2998.590087890625,3000.837890625,249418752
2025-12-21 10:15:00+00:00,3000.73876953125,3003.67919921875,3000.628662109375,3001.49658203125,111868928
2025-12-21 10:30:00+00:00,3000.785400390625,3001.23583984375,2996.154052734375,2998.02734375,76019200
2025-12-21 10:45:00+00:00,2997.753662109375,2997.753662109375,2994.519775390625,2995.26611328125,145128448
2025-12-21 11:00:00+00:00,2995.35595703125,2996.084716796875,2994.06982421875,2994.750244140625,268108800
2025-12-21 11:15:00+00:00,2994.485107421875,2999.142822265625,2993.79296875,2997.378173828125,5865984
2025-12-21 11:30:00+00:00,2997.174072265625,2997.491455078125,2995.769775390625,2996.15625,15420416
2025-12-21 11:45:00+00:00,2995.689208984375,2995.979248046875,2995.016845703125,2995.50927734375,39050240
2025-12-21 12:00:00+00:00,2995.52783203125,3000.595947265625,2995.52783203125,3000.595947265625,26113024
2025-12-21 12:15:00+00:00,3000.01708984375,3003.970947265625,2999.842529296875,2999.86962890625,0
2025-12-21 12:30:00+00:00,2999.140625,3000.044189453125,2985.93603515625,2986.322265625,58459136
2025-12-21 12:45:00+00:00,2986.5419921875,2988.220947265625,2986.533203125,2988.220947265625,151480320
2025-12-21 13:00:00+00:00,2989.4931640625,2989.4931640625,2967.06201171875,2976.025390625,133224448
2025-12-21 13:15:00+00:00,2973.56396484375,2973.56396484375,2966.35595703125,2966.42578125,37710336
2025-12-21 13:30:00+00:00,2966.420654296875,2966.420654296875,2952.884521484375,2955.42919921875,256128000
2025-12-21 13:45:00+00:00,2955.80126953125,2957.0634765625,2945.78662109375,2949.05419921875,176523264
2025-12-21 14:00:00+00:00,2950.09765625,2974.46728515625,2950.09765625,2961.0849609375,371430400
2025-12-21 14:15:00+00:00,2959.960205078125,2966.01904296875,2959.960205078125,2961.008544921875,265455616
2025-12-21 14:30:00+00:00,2963.048828125,2967.659423828125,2957.819580078125,2966.555908203125,290479104
2025-12-21 14:45:00+00:00,2967.023193359375,2970.31689453125,2965.81494140625,2969.415771484375,29722624
2025-12-21 15:00:00+00:00,2969.46240234375,2969.46240234375,2964.78125,2968.083740234375,94976000
2025-12-21 15:15:00+00:00,2966.6123046875,2966.75732421875,2963.5380859375,2964.65283203125,69747712
2025-12-21 15:30:00+00:00,2964.7978515625,2971.6220703125,2964.7978515625,2968.1298828125,283745280
2025-12-21 15:45:00+00:00,2968.231201171875,2977.43408203125,2967.29638671875,2974.081298828125,122988544
2025-12-21 16:00:00+00:00,2973.601806640625,2976.4140625,2973.01220703125,2974.92041015625,106843136
2025-12-21 16:15:00+00:00,2973.011962890625,2981.4443359375,2969.5087890625,2976.6630859375,104937472
2025-12-21 16:30:00+00:00,2977.476806640625,2977.476806640625,2974.78515625,2975.579833984375,57270272
2025-12-21 16:45:00+00:00,2975.43994140625,2983.25048828125,2975.43994140625,2983.18017578125,38989824
2025-12-21 17:00:00+00:00,2985.15576171875,2985.28173828125,2982.558349609375,2983.6982421875,98592768
2025-12-21 17:15:00+00:00,2983.49365234375,2985.962646484375,2977.349365234375,2977.349365234375,10614784
2025-12-21 17:30:00+00:00,2978.122314453125,2985.482666015625,2978.06591796875,2985.090087890625,88982528
2025-12-21 17:45:00+00:00,2985.18310546875,2985.18310546875,2981.79736328125,2982.283935546875,264518656
2025-12-21 18:00:00+00:00,2983.347412109375,2983.347412109375,2969.27392578125,2969.27392578125,0
2025-12-21 18:15:00+00:00,2969.63427734375,2976.52001953125,2969.63427734375,2976.52001953125,218860544
2025-12-21 18:30:00+00:00,2977.30810546875,2983.54150390625,2977.30810546875,2983.54150390625,158524416
2025-12-21 18:45:00+00:00,2983.330078125,2985.873046875,2983.296142578125,2985.873046875,34086912
2025-12-21 19:00:00+00:00,2994.08251953125,2994.907958984375,2989.839599609375,2989.839599609375,66961408
2025-12-21 19:15:00+00:00,2989.51904296875,2990.727783203125,2989.484619140625,2989.876953125,90882048
2025-12-21 19:30:00+00:00,2990.3232421875,2990.3232421875,2981.433349609375,2988.110595703125,86876160
2025-12-21 19:45:00+00:00,2987.73828125,2993.21923828125,2986.446044921875,2991.44970703125,38945792
2025-12-21 20:00:00+00:00,2990.647216796875,2992.754150390625,2990.636474609375,2991.34765625,138508288
2025-12-21 20:15:00+00:00,2990.82373046875,2991.591552734375,2987.7470703125,2989.703125,113200128
2025-12-21 20:30:00+00:00,2989.0771484375,2992.5244140625,2989.0771484375,2991.808349609375,242829312
2025-12-21 20:45:00+00:00,2991.455322265625,2991.455322265625,2985.952880859375,2986.025634765625,48637952
2025-12-21 21:00:00+00:00,2986.223388671875,2988.03515625,2985.1279296875,2987.96728515625,10844160
2025-12-21 21:15:00+00:00,2988.040771484375,2989.879638671875,2987.6318359375,2987.6318359375,89239552
2025-12-21 21:30:00+00:00,2987.15087890625,2987.15087890625,2980.882080078125,2980.882080078125,25044992
2025-12-21 21:45:00+00:00,2978.872314453125,2978.872314453125,2971.3935546875,2972.307373046875,133835776
2025-12-21 22:00:00+00:00,2971.524658203125,2982.837158203125,2971.524658203125,2982.837158203125,42449920
2025-12-21 22:15:00+00:00,2984.705322265625,2987.239501953125,2981.552978515625,2986.891357421875,26635264
2025-12-21 22:30:00+00:00,2986.663818359375,2990.700439453125,2986.663818359375,2990.700439453125,127636480
2025-12-21 22:45:00+00:00,2989.516357421875,2993.7626953125,2989.41943359375,2993.7626953125,167375872
2025-12-21 23:00:00+00:00,2994.77734375,3007.16162109375,2994.77734375,2999.18212890625,165264384
2025-12-21 23:15:00+00:00,2998.98291015625,3005.867431640625,2998.98291015625,3001.07177734375,181314560
2025-12-21 23:30:00+00:00,2998.94775390625,3003.556884765625,2992.78564453125,3000.7041015625,79941632
2025-12-21 23:45:00+00:00,2999.9482421875,3003.74072265625,2999.9482421875,3002.174560546875,171400192
2025-12-22 00:00:00+00:00,3001.30322265625,3021.022216796875,3001.30322265625,3021.022216796875,188571648
2025-12-22 00:15:00+00:00,3048.628173828125,3056.98095703125,3017.578857421875,3028.4013671875,565764096
2025-12-22 00:30:00+00:00,3029.69921875,3034.724365234375,3021.639404296875,3030.372802734375,381571072
2025-12-22 00:45:00+00:00,3031.441162109375,3034.578125,3028.53125,3029.139404296875,58194944
2025-12-22 01:00:00+00:00,3024.317626953125,3031.280029296875,3024.317626953125,3029.896484375,976763904
2025-12-22 01:15:00+00:00,3029.47021484375,3039.281005859375,3029.47021484375,3037.058837890625,50400256
2025-12-22 01:30:00+00:00,3035.392333984375,3045.63330078125,3035.392333984375,3043.578857421875,170498048
2025-12-22 01:45:00+00:00,3042.841064453125,3042.841064453125,3019.176513671875,3021.741455078125,66653184
2025-12-22 02:00:00+00:00,3020.926513671875,3020.926513671875,2990.019775390625,2997.796630859375,909340672
2025-12-22 02:15:00+00:00,2994.52978515625,3005.080322265625,2992.519287109375,3001.672607421875,529555456
2025-12-22 02:30:00+00:00,2999.262451171875,3012.35107421875,2999.262451171875,3004.911865234375,48438272
2025-12-22 02:45:00+00:00,3005.50439453125,3012.03515625,3005.50439453125,3009.758056640625,229522432
2025-12-22 03:00:00+00:00,3009.5361328125,3018.818359375,3003.16650390625,3015.84423828125,18108416
2025-12-22 03:15:00+00:00,3014.489990234375,3025.29248046875,3014.451904296875,3024.55322265625,290984960
2025-12-22 03:30:00+00:00,3025.31103515625,3028.980712890625,3020.850830078125,3023.1259765625,472536064
2025-12-22 03:45:00+00:00,3021.35791015625,3023.044921875,3018.447265625,3020.6689453125,181330944
2025-12-22 04:00:00+00:00,3021.1337890625,3024.48046875,3019.811767578125,3021.96533203125,102379520
2025-12-22 04:15:00+00:00,3021.438232421875,3035.74658203125,3021.438232421875,3035.74658203125,78310400
2025-12-22 04:30:00+00:00,3034.530517578125,3037.17529296875,3028.610595703125,3036.110107421875,238217216
2025-12-22 04:45:00+00:00,3036.946533203125,3040.459228515625,3035.02197265625,3038.37939453125,129248256
2025-12-22 05:00:00+00:00,3038.894775390625,3039.103759765625,3032.903564453125,3034.290771484375,86317056
2025-12-22 05:15:00+00:00,3034.3564453125,3034.68896484375,3028.584716796875,3028.825927734375,20745216
2025-12-22 05:30:00+00:00,3026.7431640625,3034.9111328125,3025.966552734375,3031.698486328125,290189312
2025-12-22 05:45:00+00:00,3030.663330078125,3034.441650390625,3028.257080078125,3028.257080078125,445881344
2025-12-22 06:00:00+00:00,3027.452880859375,3028.201904296875,3023.536376953125,3023.536376953125,19651584
2025-12-22 06:15:00+00:00,3024.666259765625,3031.61767578125,3022.813720703125,3023.59033203125,200973312
2025-12-22 06:30:00+00:00,3024.0380859375,3028.04345703125,3024.0380859375,3028.04345703125,262558720
2025-12-22 06:45:00+00:00,3028.89599609375,3028.89599609375,3025.544921875,3025.677978515625,278723584
2025-12-22 07:00:00+00:00,3024.43896484375,3033.09521484375,3024.43896484375,3031.748779296875,111518720
2025-12-22 07:15:00+00:00,3031.698486328125,3031.698486328125,3029.674560546875,3031.212890625,45594624
2025-12-22 07:30:00+00:00,3030.416748046875,3031.696533203125,3027.937744140625,3029.24609375,64186368
2025-12-22 07:45:00+00:00,3029.9580078125,3029.9580078125,3026.6181640625,3028.952880859375,291033088
2025-12-22 08:00:00+00:00,3028.9921875,3033.083251953125,3028.32861328125,3029.00048828125,36578304
2025-12-22 08:15:00+00:00,3029.99267578125,3052.687744140625,3029.99267578125,3052.687744140625,344433664
2025-12-22 08:30:00+00:00,3049.8203125,3049.8203125,3042.127197265625,3042.697265625,171958272
2025-12-22 08:45:00+00:00,3041.392578125,3041.392578125,3026.15380859375,3026.685546875,0
2025-12-22 09:00:00+00:00,3026.464111328125,3031.71923828125,3026.464111328125,3030.170166015625,259542016
2025-12-22 09:15:00+00:00,3028.96630859375,3037.085205078125,3028.96630859375,3037.085205078125,35186688
2025-12-22 09:30:00+00:00,3036.3134765625,3040.53857421875,3033.25927734375,3033.263671875,186403840
2025-12-22 09:45:00+00:00,3033.888916015625,3037.824462890625,3032.305419921875,3037.099853515625,0
2025-12-22 10:00:00+00:00,3039.614013671875,3040.173095703125,3032.3193359375,3033.322265625,0
2025-12-22 10:15:00+00:00,3036.54443359375,3039.025390625,3034.682861328125,3036.48291015625,122412032
2025-12-22 10:30:00+00:00,3035.57568359375,3039.947265625,3035.57568359375,3039.552490234375,0
2025-12-22 10:45:00+00:00,3040.218994140625,3043.1767578125,3039.60986328125,3040.643310546875,113233920
2025-12-22 11:00:00+00:00,3039.74560546875,3042.642822265625,3039.74560546875,3041.076416015625,191363072
2025-12-22 11:15:00+00:00,3041.01513671875,3044.28271484375,3036.699462890625,3043.68212890625,60814336
2025-12-22 11:30:00+00:00,3043.836181640625,3047.911376953125,3043.239501953125,3044.031982421875,260029440
2025-12-22 11:45:00+00:00,3045.397705078125,3051.58740234375,3045.397705078125,3050.439697265625,221717504
2025-12-22 12:00:00+00:00,3048.397705078125,3052.082275390625,3046.6806640625,3050.79345703125,39546880
2025-12-22 12:15:00+00:00,3049.795654296875,3057.579833984375,3049.795654296875,3054.1943359375,113231872
2025-12-22 12:30:00+00:00,3054.464111328125,3062.913330078125,3054.333251953125,3054.333251953125,272131072
2025-12-22 12:45:00+00:00,3052.36962890625,3059.109130859375,3052.36962890625,3058.827880859375,535796736
2025-12-22 13:00:00+00:00,3057.684814453125,3059.86328125,3054.552734375,3054.9990234375,0
2025-12-22 13:15:00+00:00,3054.995361328125,3062.53955078125,3051.527587890625,3061.021728515625,26281984
2025-12-22 13:30:00+00:00,3061.594970703125,3061.594970703125,3054.165283203125,3054.25341796875,0
2025-12-22 13:45:00+00:00,3049.2255859375,3056.636962890625,3049.2255859375,3056.636962890625,0
2025-12-22 14:00:00+00:00,3056.1328125,3061.258544921875,3055.92529296875,3057.363037109375,231712768
2025-12-22 14:15:00+00:00,3057.625244140625,3064.844970703125,3057.625244140625,3060.7568359375,116691968
2025-12-22 14:30:00+00:00,3058.901123046875,3064.034912109375,3035.4541015625,3038.2138671875,250742784
2025-12-22 14:45:00+00:00,3047.0966796875,3065.736572265625,3044.555419921875,3060.69384765625,643639296
2025-12-22 15:00:00+00:00,3060.848388671875,3067.830322265625,3042.215087890625,3042.215087890625,97542144
2025-12-22 15:15:00+00:00,3040.7392578125,3047.27392578125,3032.450439453125,3038.8828125,387525632
2025-12-22 15:30:00+00:00,3042.537353515625,3042.537353515625,3024.0595703125,3031.35888671875,460319744
2025-12-22 15:45:00+00:00,3035.8271484375,3055.00537109375,3032.814697265625,3051.194091796875,361328640
2025-12-22 16:00:00+00:00,3051.131103515625,3054.1826171875,3047.8359375,3052.941162109375,544904192
2025-12-22 16:15:00+00:00,3050.92578125,3056.803955078125,3050.92578125,3056.803955078125,58779648
2025-12-22 16:30:00+00:00,3056.469970703125,3056.469970703125,3040.06640625,3042.9228515625,234389504
2025-12-22 16:45:00+00:00,3041.73486328125,3045.39111328125,3040.31787109375,3041.59814453125,102891520
2025-12-22 17:00:00+00:00,3041.055419921875,3041.055419921875,3026.306396484375,3031.267333984375,215113728
2025-12-22 17:15:00+00:00,3031.707275390625,3033.959228515625,3028.0947265625,3032.7939453125,183419904
2025-12-22 17:30:00+00:00,3032.329345703125,3034.60693359375,3026.78271484375,3032.11572265625,685812736
2025-12-22 17:45:00+00:00,3025.52294921875,3031.666259765625,3025.52294921875,3030.95263671875,382617600
2025-12-22 18:00:00+00:00,3032.152099609375,3033.92138671875,3028.376220703125,3033.5146484375,0
2025-12-22 18:15:00+00:00,3032.322021484375,3036.552490234375,3026.0654296875,3030.6748046875,60475392
2025-12-22 18:30:00+00:00,3031.349365234375,3031.349365234375,3027.909423828125,3030.0791015625,64034816
2025-12-22 18:45:00+00:00,3028.01513671875,3028.6123046875,3013.02734375,3013.02734375,11139072
2025-12-22 19:00:00+00:00,3015.129638671875,3015.129638671875,2996.646728515625,3001.520751953125,294432768
2025-12-22 19:15:00+00:00,2999.445556640625,3004.786865234375,2987.93505859375,2989.03857421875,517910528
2025-12-22 19:30:00+00:00,2988.562744140625,2992.402587890625,2982.4658203125,2987.908447265625,642881536
2025-12-22 19:45:00+00:00,2986.526123046875,2987.863037109375,2975.088623046875,2978.859619140625,219226112
2025-12-22 20:00:00+00:00,2979.85498046875,2983.991943359375,2978.166259765625,2979.14013671875,256262144
2025-12-22 20:15:00+00:00,2978.97265625,2978.97265625,2965.698486328125,2972.735595703125,125153280
2025-12-22 20:30:00+00:00,2970.935546875,2975.802734375,2970.287841796875,2973.904296875,275752960
2025-12-22 20:45:00+00:00,2978.708740234375,2982.32177734375,2972.489013671875,2981.097900390625,222898176
2025-12-22 21:00:00+00:00,2975.822265625,2986.0,2975.822265625,2984.85546875,209881088
2025-12-22 21:15:00+00:00,2984.9267578125,2991.725341796875,2984.19189453125,2991.572998046875,69081088
2025-12-22 21:30:00+00:00,2991.860107421875,2995.331298828125,2989.5263671875,2995.331298828125,168656896
2025-12-22 21:45:00+00:00,2993.840576171875,2993.840576171875,2984.351318359375,2986.259521484375,196192256
2025-12-22 22:00:00+00:00,2987.190673828125,2987.190673828125,2981.189208984375,2983.072265625,222085120
2025-12-22 22:15:00+00:00,2981.550537109375,2991.87255859375,2981.550537109375,2990.68896484375,431765504
2025-12-22 22:30:00+00:00,2990.520751953125,2992.744384765625,2989.220458984375,2992.744384765625,175052800
2025-12-22 22:45:00+00:00,2992.091064453125,3011.141357421875,2992.091064453125,3008.123046875,66560000
2025-12-22 23:00:00+00:00,3007.86572265625,3007.86572265625,3003.934814453125,3007.699462890625,311994368
2025-12-22 23:15:00+00:00,3008.6103515625,3009.5703125,3003.55078125,3009.5703125,63838208
2025-12-22 23:30:00+00:00,3008.751708984375,3008.90380859375,3003.190185546875,3004.138916015625,135219200
2025-12-22 23:45:00+00:00,3003.784912109375,3006.5771484375,3001.8935546875,3006.140869140625,13621248
2025-12-23 00:00:00+00:00,3007.12939453125,3007.32373046875,3003.92041015625,3005.91748046875,0
2025-12-23 00:15:00+00:00,3007.1943359375,3020.056396484375,3007.018798828125,3020.056396484375,0
2025-12-23 00:30:00+00:00,3018.351318359375,3030.005615234375,3017.0810546875,3021.59521484375,47949824
2025-12-23 00:45:00+00:00,3020.898681640625,3027.728271484375,3020.898681640625,3026.31298828125,406554624
2025-12-23 01:00:00+00:00,3026.43603515625,3030.121337890625,3023.249267578125,3025.62744140625,55277568
2025-12-23 01:15:00+00:00,3023.355224609375,3024.62451171875,3018.614013671875,3018.980712890625,0
2025-12-23 01:30:00+00:00,3019.400634765625,3024.25146484375,3017.679443359375,3017.679443359375,324323328
2025-12-23 01:45:00+00:00,3017.025390625,3020.22509765625,3016.20947265625,3016.9619140625,662216704
2025-12-23 02:00:00+00:00,3016.53076171875,3020.406494140625,3011.42138671875,3016.81494140625,0
2025-12-23 02:15:00+00:00,3017.70458984375,3021.673828125,3011.861572265625,3013.262451171875,94281728
2025-12-23 02:30:00+00:00,3011.9853515625,3013.641357421875,2992.140869140625,2994.37255859375,132958208
2025-12-23 02:45:00+00:00,2989.140869140625,2997.164794921875,2989.140869140625,2990.09228515625,361768960
2025-12-23 03:00:00+00:00,2989.72900390625,2989.72900390625,2976.84521484375,2987.23876953125,190246912
2025-12-23 03:15:00+00:00,2988.050537109375,2993.3701171875,2988.050537109375,2992.56005859375,338233344
2025-12-23 03:30:00+00:00,2992.42041015625,2996.196044921875,2991.60107421875,2995.467529296875,0
2025-12-23 03:45:00+00:00,2994.25537109375,2994.25537109375,2992.13525390625,2992.5576171875,194875392
2025-12-23 04:00:00+00:00,2990.572998046875,2995.82958984375,2986.108642578125,2994.9306640625,181137408
2025-12-23 04:15:00+00:00,2994.3583984375,2996.133056640625,2993.3115234375,2993.3115234375,17098752
2025-12-23 04:30:00+00:00,2993.39453125,2993.39453125,2986.93798828125,2987.65185546875,100042752
2025-12-23 04:45:00+00:00,2987.68408203125,2988.2177734375,2982.86962890625,2982.86962890625,30148608
2025-12-23 05:00:00+00:00,2982.853271484375,2982.853271484375,2977.433349609375,2979.663330078125,158402560
2025-12-23 05:15:00+00:00,2978.130615234375,2981.797607421875,2976.97900390625,2980.917236328125,63875072
2025-12-23 05:30:00+00:00,2980.529541015625,2980.529541015625,2965.93701171875,2972.488525390625,845445120
2025-12-23 05:45:00+00:00,2972.3359375,2974.22314453125,2970.463623046875,2974.22314453125,116494336
2025-12-23 06:00:00+00:00,2970.916015625,2975.673095703125,2968.60888671875,2968.60888671875,420417536
2025-12-23 06:15:00+00:00,2968.806396484375,2968.806396484375,2945.626953125,2951.384521484375,875014144
2025-12-23 06:30:00+00:00,2951.292236328125,2957.124755859375,2951.005859375,2957.124755859375,371204096
2025-12-23 06:45:00+00:00,2957.67138671875,2961.236083984375,2954.357177734375,2958.77587890625,223188992
2025-12-23 07:00:00+00:00,2958.2822265625,2962.706787109375,2956.9755859375,2957.27734375,289699840
2025-12-23 07:15:00+00:00,2955.89013671875,2962.973388671875,2955.724609375,2962.973388671875,109701120
2025-12-23 07:30:00+00:00,2964.041259765625,2966.61083984375,2962.81787109375,2964.0908203125,131762176
2025-12-23 07:45:00+00:00,2963.389892578125,2966.39404296875,2962.860107421875,2963.038818359375,66883584
2025-12-23 08:00:00+00:00,2962.727294921875,2966.488037109375,2961.108154296875,2962.99072265625,10987520
2025-12-23 08:15:00+00:00,2964.474853515625,2967.21240234375,2964.474853515625,2966.017333984375,112947200
2025-12-23 08:30:00+00:00,2966.208740234375,2969.181640625,2966.208740234375,2967.077392578125,0
2025-12-23 08:45:00+00:00,2966.97265625,2966.97265625,2959.197509765625,2960.0,346716160
2025-12-23 09:00:00+00:00,2960.151123046875,2963.505126953125,2960.151123046875,2961.197265625,231424
2025-12-23 09:15:00+00:00,2960.28564453125,2960.3037109375,2951.7060546875,2955.61962890625,35739648
2025-12-23 09:30:00+00:00,2956.49267578125,2960.60791015625,2954.916748046875,2960.60791015625,29454336
2025-12-23 09:45:00+00:00,2960.8251953125,2963.56689453125,2960.618896484375,2962.8115234375,311558144
2025-12-23 10:00:00+00:00,2962.24609375,2967.8359375,2962.24609375,2964.229248046875,183926784
2025-12-23 10:15:00+00:00,2963.945068359375,2967.729248046875,2963.42236328125,2966.708984375,0
2025-12-23 10:30:00+00:00,2966.609619140625,2966.609619140625,2964.23486328125,2966.218505859375,210171904
2025-12-23 10:45:00+00:00,2965.356689453125,2968.5361328125,2964.7509765625,2965.499267578125,78403584
2025-12-23 11:00:00+00:00,2965.470458984375,2967.133544921875,2964.241455078125,2966.56396484375,0
2025-12-23 11:15:00+00:00,2966.500732421875,2972.550048828125,2966.2763671875,2969.2451171875,451145728
2025-12-23 11:30:00+00:00,2968.9150390625,2969.81103515625,2967.33251953125,2969.81103515625,141291520
2025-12-23 11:45:00+00:00,2971.105712890625,2972.09130859375,2969.6904296875,2972.09130859375,0
2025-12-23 12:00:00+00:00,2971.932373046875,2971.932373046875,2968.525390625,2968.822021484375,14280704
2025-12-23 12:15:00+00:00,2967.052001953125,2967.052001953125,2956.679931640625,2956.679931640625,114864128
2025-12-23 12:30:00+00:00,2957.259033203125,2961.325439453125,2957.259033203125,2961.325439453125,7112704
2025-12-23 12:45:00+00:00,2960.73583984375,2961.61181640625,2956.14697265625,2956.14697265625,219840512
2025-12-23 13:00:00+00:00,2955.62939453125,2958.444091796875,2953.847900390625,2958.444091796875,104013824
2025-12-23 13:15:00+00:00,2958.73876953125,2958.888916015625,2952.70361328125,2953.55078125,0
2025-12-23 13:30:00+00:00,2959.906005859375,2959.913330078125,2935.115234375,2945.194580078125,327645184
2025-12-23 13:45:00+00:00,2948.27685546875,2948.27685546875,2938.330810546875,2943.0498046875,410357760
2025-12-23 14:00:00+00:00,2940.23876953125,2947.626708984375,2940.23876953125,2947.236328125,59557888
2025-12-23 14:15:00+00:00,2945.5185546875,2945.5185546875,2935.3828125,2941.733154296875,65841152
2025-12-23 14:30:00+00:00,2942.935546875,2948.26025390625,2931.575927734375,2938.112060546875,298149888
2025-12-23 14:45:00+00:00,2939.1162109375,2939.1162109375,2906.182373046875,2909.028076171875,145479680
2025-12-23 15:00:00+00:00,2915.27001953125,2921.75830078125,2909.23876953125,2912.113525390625,336400384
2025-12-23 15:15:00+00:00,2912.423095703125,2926.047607421875,2912.423095703125,2922.01611328125,0
2025-12-23 15:30:00+00:00,2921.66455078125,2928.211181640625,2920.1572265625,2920.95703125,133384192
2025-12-23 15:45:00+00:00,2918.89404296875,2926.46875,2918.89404296875,2926.46875,130818048
2025-12-23 16:00:00+00:00,2927.092529296875,2943.456787109375,2924.75390625,2940.3740234375,312551424
2025-12-23 16:15:00+00:00,2942.101318359375,2961.94677734375,2942.101318359375,2956.589111328125,342753280
2025-12-23 16:30:00+00:00,2954.959716796875,2955.146240234375,2948.005126953125,2954.740966796875,56315904
2025-12-23 16:45:00+00:00,2951.894775390625,2962.389404296875,2951.400390625,2957.37109375,57937920
2025-12-23 17:00:00+00:00,2956.19384765625,2959.92138671875,2951.2802734375,2951.2802734375,297445376
2025-12-23 17:15:00+00:00,2947.69091796875,2952.0908203125,2942.867919921875,2944.010986328125,5480448
2025-12-23 17:30:00+00:00,2942.9248046875,2946.03955078125,2933.95556640625,2934.727783203125,241707008
2025-12-23 17:45:00+00:00,2936.486083984375,2936.486083984375,2917.459228515625,2918.42578125,21557248
2025-12-23 18:00:00+00:00,2909.705322265625,2929.09765625,2909.705322265625,2929.09765625,593192960
2025-12-23 18:15:00+00:00,2930.623291015625,2941.749755859375,2930.623291015625,2938.31787109375,606285824
2025-12-23 18:30:00+00:00,2938.72119140625,2948.32568359375,2938.72119140625,2947.117431640625,269584384
2025-12-23 18:45:00+00:00,2948.963134765625,2948.963134765625,2941.895751953125,2946.8466796875,210382848
2025-12-23 19:00:00+00:00,2946.108642578125,2951.3642578125,2940.2724609375,2941.984130859375,0
2025-12-23 19:15:00+00:00,2941.411865234375,2945.27294921875,2933.824951171875,2933.824951171875,7585792
2025-12-23 19:30:00+00:00,2933.06884765625,2939.267578125,2931.380615234375,2938.923828125,142004224
2025-12-23 19:45:00+00:00,2939.178466796875,2941.097412109375,2935.2109375,2940.939208984375,13570048
2025-12-23 20:00:00+00:00,2942.3359375,2947.781005859375,2941.024658203125,2946.7900390625,13654016
2025-12-23 20:15:00+00:00,2947.467529296875,2957.826904296875,2947.467529296875,2955.831298828125,367558656
2025-12-23 20:30:00+00:00,2955.02587890625,2976.88671875,2952.173583984375,2976.077392578125,133085184
2025-12-23 20:45:00+00:00,2979.241943359375,2983.5849609375,2967.838134765625,2967.838134765625,478205952
2025-12-23 21:00:00+00:00,2966.39892578125,2969.4296875,2959.716064453125,2960.210205078125,183347200
2025-12-23 21:15:00+00:00,2965.7412109375,2970.22900390625,2963.74951171875,2968.896484375,511019008
2025-12-23 21:30:00+00:00,2969.723388671875,2971.345947265625,2965.886474609375,2966.41552734375,36188160
2025-12-23 21:45:00+00:00,2970.444580078125,2973.32275390625,2969.113525390625,2972.0830078125,184596480
2025-12-23 22:00:00+00:00,2972.526611328125,2977.7158203125,2961.3330078125,2961.3330078125,78399488
2025-12-23 22:15:00+00:00,2959.96630859375,2964.52197265625,2958.150634765625,2960.466796875,262426624
2025-12-23 22:30:00+00:00,2959.047119140625,2963.65087890625,2954.245361328125,2963.65087890625,299655168
2025-12-23 22:45:00+00:00,2961.375,2963.678466796875,2954.68115234375,2956.595703125,124186624
2025-12-23 23:00:00+00:00,2959.310546875,2959.310546875,2953.679443359375,2955.85009765625,98627584
2025-12-23 23:15:00+00:00,2957.84521484375,2959.05517578125,2955.0771484375,2959.05517578125,74323968
2025-12-23 23:30:00+00:00,2962.38232421875,2967.4609375,2962.38232421875,2967.4609375,362586112
2025-12-23 23:45:00+00:00,2970.52587890625,2970.52587890625,2963.078125,2964.407958984375,141074432
2025-12-24 00:00:00+00:00,2962.77001953125,2966.4091796875,2959.140869140625,2959.140869140625,10971136
2025-12-24 00:15:00+00:00,2959.343505859375,2960.229736328125,2956.30712890625,2957.640380859375,0
2025-12-24 00:30:00+00:00,2957.23681640625,2965.32080078125,2955.406494140625,2963.597900390625,122208256
2025-12-24 00:45:00+00:00,2965.152099609375,2971.070068359375,2962.208984375,2969.968994140625,209659904
2025-12-24 01:00:00+00:00,2974.4990234375,2974.4990234375,2968.81982421875,2970.753173828125,148611072
2025-12-24 01:15:00+00:00,2970.440185546875,2970.440185546875,2967.459228515625,2969.815185546875,148666368
2025-12-24 01:30:00+00:00,2968.87939453125,2969.730712890625,2961.45263671875,2961.45263671875,10006528
2025-12-24 01:45:00+00:00,2961.602783203125,2964.769775390625,2959.806640625,2964.336669921875,592193536
2025-12-24 02:00:00+00:00,2964.164306640625,2964.164306640625,2948.30419921875,2948.30419921875,511283200
2025-12-24 02:15:00+00:00,2948.232421875,2950.0478515625,2943.3701171875,2943.3701171875,192360448
2025-12-24 02:30:00+00:00,2944.817626953125,2944.817626953125,2932.9306640625,2933.24462890625,151300096
2025-12-24 02:45:00+00:00,2927.36767578125,2936.4091796875,2926.201171875,2935.697509765625,0
2025-12-24 03:00:00+00:00,2934.07373046875,2934.07373046875,2922.182861328125,2927.11083984375,0
2025-12-24 03:15:00+00:00,2926.30859375,2936.942626953125,2925.220458984375,2934.94482421875,231641088
2025-12-24 03:30:00+00:00,2935.13232421875,2942.115478515625,2935.13232421875,2941.2275390625,180396032
2025-12-24 03:45:00+00:00,2941.168212890625,2945.791015625,2941.168212890625,2943.884765625,786401280
2025-12-24 04:00:00+00:00,2944.167724609375,2954.9384765625,2944.167724609375,2952.211669921875,35129344
2025-12-24 04:15:00+00:00,2952.269287109375,2952.269287109375,2942.95849609375,2942.95849609375,11657216
2025-12-24 04:30:00+00:00,2942.107666015625,2944.000244140625,2939.022216796875,2943.218994140625,213528576
2025-12-24 04:45:00+00:00,2941.8232421875,2942.677490234375,2934.244873046875,2934.769287109375,0
2025-12-24 05:00:00+00:00,2934.46875,2938.7998046875,2932.030029296875,2933.3486328125,108265472
2025-12-24 05:15:00+00:00,2932.871337890625,2938.210205078125,2929.94873046875,2936.2998046875,227633152
2025-12-24 05:30:00+00:00,2934.4091796875,2934.64453125,2923.504638671875,2923.8876953125,13174784
2025-12-24 05:45:00+00:00,2922.98779296875,2928.083984375,2917.389892578125,2927.510498046875,35043328
2025-12-24 06:00:00+00:00,2927.194091796875,2928.609375,2922.528076171875,2924.549560546875,435755008
2025-12-24 06:15:00+00:00,2924.180908203125,2934.869384765625,2923.483642578125,2930.91845703125,0
2025-12-24 06:30:00+00:00,2931.94287109375,2934.015380859375,2928.992919921875,2933.319580078125,2252800
2025-12-24 06:45:00+00:00,2933.3095703125,2934.125732421875,2929.867919921875,2930.25341796875,85807104
2025-12-24 07:00:00+00:00,2931.592529296875,2934.527099609375,2931.592529296875,2933.8759765625,17100800
2025-12-24 07:15:00+00:00,2934.130126953125,2935.224609375,2930.411865234375,2931.391357421875,18339840
2025-12-24 07:30:00+00:00,2931.095947265625,2940.873046875,2931.095947265625,2939.564697265625,0
2025-12-24 07:45:00+00:00,2939.3681640625,2939.7236328125,2932.99951171875,2932.99951171875,209199104
2025-12-24 08:00:00+00:00,2931.085693359375,2934.083984375,2930.73193359375,2933.37890625,523048960
2025-12-24 08:15:00+00:00,2932.16015625,2936.784912109375,2928.43896484375,2929.81689453125,60026880
2025-12-24 08:30:00+00:00,2932.242919921875,2933.215087890625,2922.319091796875,2926.9228515625,313067520
2025-12-24 08:45:00+00:00,2929.24951171875,2929.558837890625,2921.3447265625,2921.3447265625,0
2025-12-24 09:00:00+00:00,2920.395751953125,2927.462646484375,2920.395751953125,2926.6005859375,146036736
2025-12-24 09:15:00+00:00,2927.940673828125,2928.230224609375,2921.184814453125,2921.184814453125,26296320
2025-12-24 09:30:00+00:00,2921.31396484375,2921.569091796875,2915.5234375,2919.896728515625,47300608
2025-12-24 09:45:00+00:00,2918.658203125,2923.037841796875,2917.90478515625,2918.016357421875,184205312
2025-12-24 10:00:00+00:00,2917.66064453125,2926.283203125,2917.66064453125,2925.41845703125,43094016
2025-12-24 10:15:00+00:00,2925.7890625,2927.776123046875,2925.40185546875,2926.049072265625,480759808
2025-12-24 10:30:00+00:00,2928.14794921875,2931.98681640625,2928.14794921875,2930.162841796875,583550976
2025-12-24 10:45:00+00:00,2929.7880859375,2930.379150390625,2926.897705078125,2926.897705078125,64964608
2025-12-24 11:00:00+00:00,2927.887939453125,2933.856201171875,2927.887939453125,2933.84765625,31678464
2025-12-24 11:15:00+00:00,2932.522216796875,2932.522216796875,2930.969970703125,2930.969970703125,153180160
2025-12-24 11:30:00+00:00,2930.238037109375,2931.11083984375,2928.091064453125,2928.80712890625,45611008
2025-12-24 11:45:00+00:00,2928.974609375,2929.664306640625,2923.97216796875,2923.97216796875,29827072
2025-12-24 12:00:00+00:00,2923.8251953125,2927.336669921875,2922.4736328125,2927.336669921875,24260608
2025-12-24 12:15:00+00:00,2927.743408203125,2931.11376953125,2927.743408203125,2930.328369140625,144562176
2025-12-24 12:30:00+00:00,2930.08984375,2934.59814453125,2929.969970703125,2934.3818359375,9629696
2025-12-24 12:45:00+00:00,2934.747802734375,2936.767333984375,2930.97509765625,2935.78369140625,0
2025-12-24 13:00:00+00:00,2934.019775390625,2935.266357421875,2929.2275390625,2929.2275390625,133568512
2025-12-24 13:15:00+00:00,2929.37255859375,2929.991455078125,2928.02880859375,2929.567138671875,148762624
2025-12-24 13:30:00+00:00,2930.327392578125,2930.62158203125,2924.546875,2927.688720703125,0
2025-12-24 13:45:00+00:00,2926.67236328125,2930.8828125,2926.494384765625,2929.66162109375,0
2025-12-24 14:00:00+00:00,2929.345458984375,2934.0595703125,2929.345458984375,2933.2421875,0
2025-12-24 14:15:00+00:00,2932.462646484375,2932.462646484375,2926.782958984375,2926.782958984375,0
2025-12-24 14:30:00+00:00,2926.68994140625,2928.0498046875,2888.988037109375,2910.33740234375,245929984
2025-12-24 14:45:00+00:00,2906.960205078125,2919.439453125,2902.115234375,2910.096435546875,171833344
2025-12-24 15:00:00+00:00,2917.489990234375,2918.293212890625,2909.939697265625,2914.24169921875,308097024
2025-12-24 15:15:00+00:00,2911.702392578125,2915.537841796875,2903.53466796875,2913.384033203125,50802688
2025-12-24 15:30:00+00:00,2910.859619140625,2924.807373046875,2910.859619140625,2923.53515625,357281792
2025-12-24 15:45:00+00:00,2924.503173828125,2924.91796875,2920.18212890625,2920.428955078125,133015552
2025-12-24 16:00:00+00:00,2922.875732421875,2931.46142578125,2922.875732421875,2930.5966796875,0
2025-12-24 16:15:00+00:00,2928.6005859375,2930.2685546875,2920.197998046875,2920.197998046875,15431680
2025-12-24 16:30:00+00:00,2922.85107421875,2945.6650390625,2922.85107421875,2940.8017578125,199512064
2025-12-24 16:45:00+00:00,2942.294921875,2942.294921875,2933.804931640625,2936.624267578125,178812928
2025-12-24 17:00:00+00:00,2939.201171875,2942.73779296875,2938.13037109375,2942.20361328125,110872576
2025-12-24 17:15:00+00:00,2940.2265625,2943.76171875,2939.74267578125,2943.470703125,0
2025-12-24 17:30:00+00:00,2943.790771484375,2948.174560546875,2937.04248046875,2938.419921875,79984640
2025-12-24 17:45:00+00:00,2939.600830078125,2942.159912109375,2934.593994140625,2934.86767578125,191338496
2025-12-24 18:00:00+00:00,2935.253662109375,2938.7724609375,2932.61279296875,2932.61279296875,0
2025-12-24 18:15:00+00:00,2932.54052734375,2936.407958984375,2929.645751953125,2935.400146484375,75359232
2025-12-24 18:30:00+00:00,2935.57275390625,2940.64013671875,2934.814208984375,2940.64013671875,0
2025-12-24 18:45:00+00:00,2941.88720703125,2942.265380859375,2939.72509765625,2939.904541015625,0
2025-12-24 19:00:00+00:00,2939.522216796875,2941.14892578125,2937.646240234375,2937.646240234375,0
2025-12-24 19:15:00+00:00,2937.83544921875,2938.133544921875,2936.50146484375,2937.4384765625,3159040
2025-12-24 19:30:00+00:00,2938.69677734375,2941.445068359375,2938.69677734375,2940.6142578125,148261888
2025-12-24 19:45:00+00:00,2941.438720703125,2944.5517578125,2941.252197265625,2944.109375,0
2025-12-24 20:00:00+00:00,2944.77392578125,2948.79345703125,2943.9697265625,2947.342529296875,0
2025-12-24 20:15:00+00:00,2946.428955078125,2947.707763671875,2944.35693359375,2944.35693359375,81366016
2025-12-24 20:30:00+00:00,2944.505126953125,2945.269287109375,2942.85791015625,2944.297119140625,2594816
2025-12-24 20:45:00+00:00,2944.544189453125,2944.544189453125,2940.71533203125,2940.71533203125,0
2025-12-24 21:00:00+00:00,2942.667724609375,2944.9970703125,2942.3662109375,2944.577392578125,69534720
2025-12-24 21:15:00+00:00,2944.593994140625,2945.909912109375,2943.45068359375,2945.909912109375,9774080
2025-12-24 21:30:00+00:00,2945.33447265625,2950.369873046875,2945.14453125,2950.26611328125,445800448
2025-12-24 21:45:00+00:00,2949.149658203125,2949.149658203125,2946.30908203125,2946.30908203125,118925312
2025-12-24 22:00:00+00:00,2948.301025390625,2955.899169921875,2948.301025390625,2950.942138671875,0
2025-12-24 22:15:00+00:00,2950.9443359375,2953.001708984375,2948.619873046875,2948.619873046875,22882304
2025-12-24 22:30:00+00:00,2948.692626953125,2959.65478515625,2948.692626953125,2957.192626953125,0
2025-12-24 22:45:00+00:00,2957.201904296875,2958.47021484375,2956.101318359375,2957.55029296875,0
2025-12-24 23:00:00+00:00,2957.780517578125,2957.780517578125,2951.5263671875,2953.009765625,0
2025-12-24 23:15:00+00:00,2953.05712890625,2953.05712890625,2946.183349609375,2946.183349609375,21824512
2025-12-24 23:30:00+00:00,2946.303466796875,2948.21044921875,2945.36767578125,2945.36767578125,14303232
2025-12-24 23:45:00+00:00,2945.479736328125,2947.220703125,2945.3740234375,2945.6787109375,42791936
2025-12-25 00:00:00+00:00,2945.400634765625,2945.400634765625,2940.252197265625,2940.252197265625,15149056
2025-12-25 00:15:00+00:00,2941.97265625,2946.343017578125,2941.97265625,2942.869384765625,30294016
2025-12-25 00:30:00+00:00,2941.630859375,2945.531494140625,2941.4208984375,2941.4208984375,12606464
2025-12-25 00:45:00+00:00,2941.0009765625,2942.63916015625,2936.795654296875,2936.795654296875,126123008
2025-12-25 01:00:00+00:00,2937.33203125,2941.490478515625,2937.33203125,2941.490478515625,2401280
2025-12-25 01:15:00+00:00,2941.9833984375,2944.73828125,2941.075927734375,2944.33935546875,83221504
2025-12-25 01:30:00+00:00,2944.294189453125,2944.97021484375,2941.132568359375,2944.97021484375,112825344
2025-12-25 01:45:00+00:00,2946.279296875,2948.6259765625,2945.803466796875,2946.78369140625,65260544
2025-12-25 02:00:00+00:00,2946.80859375,2947.481689453125,2942.445556640625,2946.29052734375,195708928
2025-12-25 02:15:00+00:00,2946.41357421875,2946.752197265625,2944.890869140625,2945.147705078125,24541184
2025-12-25 02:30:00+00:00,2945.201904296875,2954.274169921875,2945.201904296875,2953.82958984375,7371776
2025-12-25 02:45:00+00:00,2954.559814453125,2954.559814453125,2951.4150390625,2951.417236328125,0
2025-12-25 03:00:00+00:00,2950.914306640625,2951.199951171875,2947.82421875,2948.8740234375,0
2025-12-25 03:15:00+00:00,2948.6337890625,2948.6337890625,2946.89306640625,2947.44775390625,4671488
2025-12-25 03:30:00+00:00,2947.008056640625,2947.008056640625,2943.19482421875,2943.356201171875,77404160
2025-12-25 03:45:00+00:00,2943.374755859375,2945.437255859375,2942.619140625,2945.437255859375,284672
2025-12-25 04:00:00+00:00,2945.302490234375,2945.818115234375,2941.905517578125,2942.335693359375,93509632
2025-12-25 04:15:00+00:00,2942.779541015625,2944.106201171875,2942.21533203125,2942.21533203125,10757120
2025-12-25 04:30:00+00:00,2941.59814453125,2942.913818359375,2941.59814453125,2942.913818359375,4211712
2025-12-25 04:45:00+00:00,2942.50439453125,2943.679443359375,2942.1015625,2943.414794921875,0
2025-12-25 05:00:00+00:00,2943.491455078125,2943.491455078125,2938.9013671875,2938.9013671875,2475008
2025-12-25 05:15:00+00:00,2937.99853515625,2940.576171875,2937.99853515625,2940.3818359375,0
2025-12-25 05:30:00+00:00,2940.28173828125,2940.985107421875,2938.76904296875,2939.99072265625,0
2025-12-25 05:45:00+00:00,2940.069091796875,2942.225830078125,2940.069091796875,2940.173828125,0
2025-12-25 06:00:00+00:00,2940.532958984375,2940.532958984375,2936.951171875,2936.951171875,20064256
2025-12-25 06:15:00+00:00,2936.47509765625,2938.45751953125,2936.47509765625,2937.6748046875,15338496
2025-12-25 06:30:00+00:00,2937.24365234375,2939.532958984375,2937.24365234375,2938.42529296875,65994752
2025-12-25 06:45:00+00:00,2939.11669921875,2941.34033203125,2939.11669921875,2941.34033203125,44056576
2025-12-25 07:00:00+00:00,2941.237548828125,2941.237548828125,2939.736328125,2940.009521484375,46349312
2025-12-25 07:15:00+00:00,2939.796630859375,2939.796630859375,2938.592041015625,2938.677490234375,7891968
2025-12-25 07:30:00+00:00,2938.37158203125,2938.795166015625,2937.6328125,2938.795166015625,10241024
2025-12-25 07:45:00+00:00,2938.53369140625,2940.876220703125,2938.518798828125,2940.42236328125,0
2025-12-25 08:00:00+00:00,2940.282958984375,2943.490234375,2937.529052734375,2937.529052734375,14292992
2025-12-25 08:15:00+00:00,2928.267333984375,2928.288818359375,2917.80859375,2921.280517578125,145421312
2025-12-25 08:30:00+00:00,2921.514892578125,2925.797607421875,2920.480224609375,2925.452880859375,88176640
2025-12-25 08:45:00+00:00,2925.4150390625,2929.725830078125,2924.20068359375,2927.821044921875,8321024
2025-12-25 09:00:00+00:00,2928.3427734375,2928.3427734375,2925.044921875,2925.2099609375,0
2025-12-25 09:15:00+00:00,2925.56005859375,2928.679931640625,2925.15380859375,2927.33203125,61777920
2025-12-25 09:30:00+00:00,2927.31201171875,2927.31201171875,2924.5986328125,2924.815185546875,0
2025-12-25 09:45:00+00:00,2925.48095703125,2927.370849609375,2925.48095703125,2926.842041015625,26433536
2025-12-25 10:00:00+00:00,2926.563720703125,2926.565185546875,2920.4814453125,2920.755859375,239123456
2025-12-25 10:15:00+00:00,2918.270751953125,2920.607421875,2916.58642578125,2919.00732421875,106542080
2025-12-25 10:30:00+00:00,2919.0654296875,2919.916748046875,2912.80078125,2912.80078125,44255232
2025-12-25 10:45:00+00:00,2914.9609375,2918.34326171875,2914.9609375,2918.34326171875,41707520
2025-12-25 11:00:00+00:00,2919.037353515625,2924.028076171875,2919.037353515625,2922.405517578125,68857856
2025-12-25 11:15:00+00:00,2922.40234375,2926.189453125,2921.9892578125,2926.189453125,0
2025-12-25 11:30:00+00:00,2925.695556640625,2926.11376953125,2922.394775390625,2922.394775390625,6931456
2025-12-25 11:45:00+00:00,2922.8193359375,2923.841796875,2922.243408203125,2923.493408203125,0
2025-12-25 12:00:00+00:00,2923.1162109375,2925.171630859375,2923.1162109375,2924.0625,2235392
2025-12-25 12:15:00+00:00,2923.109130859375,2925.608642578125,2923.109130859375,2925.608642578125,39706624
2025-12-25 12:30:00+00:00,2925.790771484375,2927.365478515625,2925.263916015625,2925.263916015625,15411200
2025-12-25 12:45:00+00:00,2925.156982421875,2926.78076171875,2925.082275390625,2926.78076171875,0
2025-12-25 13:00:00+00:00,2926.5380859375,2926.5380859375,2923.77294921875,2924.030517578125,52962304
2025-12-25 13:15:00+00:00,2924.356689453125,2924.5341796875,2920.146728515625,2922.432861328125,270017536
2025-12-25 13:30:00+00:00,2922.671142578125,2926.299072265625,2920.69482421875,2926.299072265625,13105152
2025-12-25 13:45:00+00:00,2928.84521484375,2932.103271484375,2927.991455078125,2930.49365234375,189646848
2025-12-25 14:00:00+00:00,2929.374267578125,2934.8583984375,2929.374267578125,2933.280029296875,36251648
2025-12-25 14:15:00+00:00,2932.3486328125,2932.78466796875,2922.47314453125,2922.47314453125,37464064
2025-12-25 14:30:00+00:00,2923.043212890625,2927.18603515625,2923.043212890625,2927.18603515625,0
2025-12-25 14:45:00+00:00,2927.2080078125,2933.23486328125,2927.2080078125,2931.951904296875,168096768
2025-12-25 15:00:00+00:00,2931.6435546875,2933.8330078125,2931.267333984375,2933.8330078125,0
2025-12-25 15:15:00+00:00,2934.668701171875,2947.265869140625,2933.632568359375,2947.265869140625,7072768
2025-12-25 15:30:00+00:00,2949.27587890625,2960.716796875,2945.291015625,2960.716796875,109000704
2025-12-25 15:45:00+00:00,2965.514404296875,2967.554931640625,2958.63525390625,2959.54443359375,958236672
2025-12-25 16:00:00+00:00,2958.15234375,2960.97607421875,2954.17138671875,2955.77783203125,70426624
2025-12-25 16:15:00+00:00,2959.060546875,2963.882080078125,2959.060546875,2962.168701171875,146964480
2025-12-25 16:30:00+00:00,2963.14501953125,2963.14501953125,2955.34033203125,2958.5302734375,0
2025-12-25 16:45:00+00:00,2958.728271484375,2958.728271484375,2944.5224609375,2947.75146484375,111806464
2025-12-25 17:00:00+00:00,2946.68408203125,2949.187744140625,2943.222412109375,2946.7431640625,130978816
2025-12-25 17:15:00+00:00,2946.004638671875,2947.502685546875,2942.90576171875,2946.531982421875,75193344
2025-12-25 17:30:00+00:00,2945.616455078125,2947.216064453125,2944.971435546875,2945.61865234375,53650432
2025-12-25 17:45:00+00:00,2946.165283203125,2951.685302734375,2944.983642578125,2951.457763671875,16681984
2025-12-25 18:00:00+00:00,2952.88427734375,2956.90673828125,2952.88427734375,2955.317626953125,138308608
2025-12-25 18:15:00+00:00,2955.481201171875,2955.481201171875,2950.703369140625,2951.69287109375,20567040
2025-12-25 18:30:00+00:00,2951.97900390625,2961.546630859375,2950.78515625,2961.546630859375,69196800
2025-12-25 18:45:00+00:00,2959.211181640625,2960.2373046875,2956.921630859375,2957.193359375,122694656
2025-12-25 19:00:00+00:00,2957.0771484375,2957.121826171875,2952.379638671875,2953.24462890625,19537920
2025-12-25 19:15:00+00:00,2952.15185546875,2952.15185546875,2947.9736328125,2951.605712890625,80184320
2025-12-25 19:30:00+00:00,2951.648193359375,2954.707275390625,2950.876220703125,2954.707275390625,15015936
2025-12-25 19:45:00+00:00,2956.08056640625,2956.08056640625,2953.021240234375,2954.782470703125,23864320
2025-12-25 20:00:00+00:00,2954.6796875,2954.6796875,2951.57421875,2954.17919921875,44564480
2025-12-25 20:15:00+00:00,2953.017333984375,2953.48974609375,2944.3779296875,2944.3779296875,7326720
2025-12-25 20:30:00+00:00,2944.703857421875,2947.44677734375,2944.058837890625,2946.351806640625,51149824
2025-12-25 20:45:00+00:00,2946.18994140625,2948.5810546875,2946.18994140625,2948.217041015625,2566144
2025-12-25 21:00:00+00:00,2948.657958984375,2951.144775390625,2946.635009765625,2951.144775390625,0
2025-12-25 21:15:00+00:00,2950.6513671875,2950.6513671875,2948.89453125,2948.89453125,68661248
2025-12-25 21:30:00+00:00,2949.52392578125,2949.64306640625,2948.41796875,2948.41796875,6219776
2025-12-25 21:45:00+00:00,2947.683837890625,2947.75341796875,2944.02392578125,2945.012939453125,5403648
2025-12-25 22:00:00+00:00,2945.056640625,2946.590576171875,2941.0478515625,2941.28662109375,0
2025-12-25 22:15:00+00:00,2938.70068359375,2941.552734375,2938.70068359375,2939.870361328125,44447744
2025-12-25 22:30:00+00:00,2938.394287109375,2939.9169921875,2930.612060546875,2930.8359375,0
2025-12-25 22:45:00+00:00,2925.016845703125,2925.374267578125,2912.44580078125,2920.345947265625,214584320
2025-12-25 23:00:00+00:00,2916.663818359375,2924.2119140625,2913.60986328125,2924.2119140625,213688320
2025-12-25 23:15:00+00:00,2921.871826171875,2924.33984375,2919.118896484375,2920.447998046875,77906944
2025-12-25 23:30:00+00:00,2915.0576171875,2915.0576171875,2893.991943359375,2897.327880859375,194241536
2025-12-25 23:45:00+00:00,2897.733154296875,2905.32958984375,2891.742919921875,2901.83984375,485353472
2025-12-26 00:00:00+00:00,2902.605712890625,2907.01123046875,2897.63037109375,2900.541015625,124179456
2025-12-26 00:15:00+00:00,2903.804931640625,2909.409423828125,2897.663818359375,2898.44580078125,30072832
2025-12-26 00:30:00+00:00,2900.961669921875,2904.21142578125,2895.61083984375,2895.61083984375,205680640
2025-12-26 00:45:00+00:00,2895.8212890625,2899.992919921875,2895.8212890625,2899.992919921875,111664128
2025-12-26 01:00:00+00:00,2901.2392578125,2909.197998046875,2901.2392578125,2908.397216796875,70280192
2025-12-26 01:15:00+00:00,2909.30908203125,2917.963623046875,2909.30908203125,2917.504638671875,107998208
2025-12-26 01:30:00+00:00,2916.595703125,2918.396240234375,2916.12060546875,2917.668701171875,45530112
2025-12-26 01:45:00+00:00,2918.59130859375,2920.55419921875,2917.71484375,2917.71484375,71822336
2025-12-26 02:00:00+00:00,2917.4453125,2943.619384765625,2917.4453125,2943.619384765625,44547072
2025-12-26 02:15:00+00:00,2950.625732421875,2988.683837890625,2950.625732421875,2983.051513671875,1037387776
2025-12-26 02:30:00+00:00,2978.720947265625,2987.48974609375,2977.744384765625,2977.753662109375,651200512
2025-12-26 02:45:00+00:00,2976.12744140625,2976.12744140625,2968.86279296875,2970.001708984375,314535936
2025-12-26 03:00:00+00:00,2970.614990234375,2972.354736328125,2965.239013671875,2965.239013671875,221238272
2025-12-26 03:15:00+00:00,2965.42529296875,2965.508544921875,2956.952392578125,2959.0712890625,160555008
2025-12-26 03:30:00+00:00,2961.04248046875,2962.298095703125,2958.81494140625,2959.66357421875,216453120
2025-12-26 03:45:00+00:00,2960.91796875,2965.390380859375,2960.7275390625,2963.148193359375,209603584
2025-12-26 04:00:00+00:00,2959.957275390625,2959.957275390625,2951.184326171875,2956.05908203125,127112192
2025-12-26 04:15:00+00:00,2956.40380859375,2957.5986328125,2954.819091796875,2955.18701171875,240700416
2025-12-26 04:30:00+00:00,2956.864990234375,2965.322509765625,2956.864990234375,2965.322509765625,33763328
2025-12-26 04:45:00+00:00,2967.052734375,2970.19189453125,2967.052734375,2969.0009765625,207783936
2025-12-26 05:00:00+00:00,2969.10693359375,2969.732177734375,2967.245849609375,2968.5810546875,9105408
2025-12-26 05:15:00+00:00,2968.64111328125,2968.64111328125,2965.90185546875,2966.14453125,129654784
2025-12-26 05:30:00+00:00,2966.977783203125,2967.92822265625,2965.41162109375,2967.92822265625,534051840
2025-12-26 05:45:00+00:00,2968.296875,2971.49169921875,2967.65771484375,2971.49169921875,43763712
2025-12-26 06:00:00+00:00,2970.52490234375,2975.44091796875,2970.52490234375,2975.44091796875,197429248
2025-12-26 06:15:00+00:00,2976.419189453125,2977.69580078125,2974.728271484375,2974.873046875,135989248
2025-12-26 06:30:00+00:00,2974.3134765625,2978.92431640625,2972.439453125,2978.01904296875,46103552
2025-12-26 06:45:00+00:00,2978.385009765625,2978.385009765625,2973.7705078125,2975.894287109375,955640832
2025-12-26 07:00:00+00:00,2974.2099609375,2981.65380859375,2974.2099609375,2981.65380859375,26437632
2025-12-26 07:15:00+00:00,2981.852294921875,2988.9990234375,2980.900634765625,2984.4638671875,316007424
2025-12-26 07:30:00+00:00,2984.717529296875,2984.717529296875,2965.077392578125,2965.077392578125,224768000
2025-12-26 07:45:00+00:00,2965.3681640625,2965.3681640625,2954.01806640625,2954.01806640625,810856448
2025-12-26 08:00:00+00:00,2954.796630859375,2964.7177734375,2954.796630859375,2959.442626953125,301635584
2025-12-26 08:15:00+00:00,2960.8095703125,2962.83984375,2959.154541015625,2959.8369140625,48343040
2025-12-26 08:30:00+00:00,2961.371337890625,2961.371337890625,2956.2841796875,2957.5869140625,126308352
2025-12-26 08:45:00+00:00,2957.235107421875,2961.66064453125,2956.779296875,2961.66064453125,11568128
2025-12-26 09:00:00+00:00,2962.149658203125,2963.470703125,2962.149658203125,2962.266845703125,157648896
2025-12-26 09:15:00+00:00,2961.773193359375,2967.30224609375,2961.773193359375,2965.016845703125,36163584
2025-12-26 09:30:00+00:00,2964.887939453125,2968.021728515625,2964.824951171875,2967.331787109375,29684736
2025-12-26 09:45:00+00:00,2968.5869140625,2972.546875,2968.584228515625,2971.152099609375,132820992
2025-12-26 10:00:00+00:00,2971.204345703125,2972.285888671875,2966.835693359375,2969.552978515625,3910656
2025-12-26 10:15:00+00:00,2969.58056640625,2971.40771484375,2965.822998046875,2971.40771484375,30804992
2025-12-26 10:30:00+00:00,2971.373046875,2971.373046875,2967.574462890625,2968.53564453125,0
2025-12-26 10:45:00+00:00,2968.62646484375,2970.896728515625,2968.62646484375,2970.2802734375,28976128
2025-12-26 11:00:00+00:00,2969.94677734375,2969.94677734375,2967.44921875,2967.8193359375,157086720
2025-12-26 11:15:00+00:00,2967.490478515625,2967.490478515625,2961.684814453125,2962.906005859375,30058496
2025-12-26 11:30:00+00:00,2963.4306640625,2966.68212890625,2963.4306640625,2965.0458984375,153128960
2025-12-26 11:45:00+00:00,2965.532470703125,2965.532470703125,2963.0859375,2963.53662109375,22819840
2025-12-26 12:00:00+00:00,2963.25,2967.136474609375,2963.25,2966.919677734375,28407808
2025-12-26 12:15:00+00:00,2967.187744140625,2968.7421875,2966.815673828125,2968.430419921875,176719872
2025-12-26 12:30:00+00:00,2968.239501953125,2970.43115234375,2967.28173828125,2970.357666015625,32697344
2025-12-26 12:45:00+00:00,2970.25390625,2971.061279296875,2968.394775390625,2970.522216796875,46936064
2025-12-26 13:00:00+00:00,2970.455810546875,2975.660400390625,2970.19970703125,2975.660400390625,93158400
2025-12-26 13:15:00+00:00,2975.14111328125,2975.8154296875,2972.81494140625,2975.595703125,29937664
2025-12-26 13:30:00+00:00,2975.452392578125,2981.14892578125,2975.067626953125,2979.643798828125,24519680
2025-12-26 13:45:00+00:00,2978.809814453125,2983.40087890625,2978.809814453125,2983.252685546875,164968448
2025-12-26 14:00:00+00:00,2979.7314453125,2982.671142578125,2979.25341796875,2980.122314453125,57060352
2025-12-26 14:15:00+00:00,2980.160888671875,2982.147216796875,2978.83447265625,2978.83447265625,0
2025-12-26 14:30:00+00:00,2976.462158203125,2976.462158203125,2955.295166015625,2955.295166015625,361825280
2025-12-26 14:45:00+00:00,2955.074462890625,2955.074462890625,2911.13720703125,2916.15234375,1029275648
2025-12-26 15:00:00+00:00,2915.676513671875,2915.676513671875,2896.208984375,2904.9296875,1388564480
2025-12-26 15:15:00+00:00,2903.219970703125,2915.46826171875,2903.219970703125,2914.519287109375,1052733440
2025-12-26 15:30:00+00:00,2916.266845703125,2923.35498046875,2913.260009765625,2913.260009765625,399470592
2025-12-26 15:45:00+00:00,2914.311279296875,2921.296875,2913.4248046875,2917.00830078125,0
2025-12-26 16:00:00+00:00,2920.76513671875,2925.679443359375,2918.49267578125,2918.49267578125,66009088
2025-12-26 16:15:00+00:00,2918.477783203125,2923.685791015625,2918.39599609375,2920.137939453125,171089920
2025-12-26 16:30:00+00:00,2920.636474609375,2922.3046875,2916.927490234375,2919.6591796875,13166592
2025-12-26 16:45:00+00:00,2918.134033203125,2918.9033203125,2905.45263671875,2906.25341796875,156635136
2025-12-26 17:00:00+00:00,2906.5888671875,2915.00732421875,2906.5888671875,2913.3583984375,60000256
2025-12-26 17:15:00+00:00,2913.701416015625,2929.250732421875,2913.701416015625,2929.250732421875,0
2025-12-26 17:30:00+00:00,2928.89208984375,2929.80908203125,2921.563720703125,2925.83203125,230195200
2025-12-26 17:45:00+00:00,2923.111328125,2923.533203125,2915.8818359375,2917.623291015625,31279104
2025-12-26 18:00:00+00:00,2918.57470703125,2923.890380859375,2918.57470703125,2923.890380859375,167413760
2025-12-26 18:15:00+00:00,2923.046630859375,2923.046630859375,2917.81201171875,2917.81201171875,821248
2025-12-26 18:30:00+00:00,2918.313720703125,2923.214111328125,2918.313720703125,2923.214111328125,11098112
2025-12-26 18:45:00+00:00,2923.640625,2925.13623046875,2920.02734375,2920.9365234375,27381760
2025-12-26 19:00:00+00:00,2920.82861328125,2923.12548828125,2919.586669921875,2921.05615234375,174516224
2025-12-26 19:15:00+00:00,2920.7216796875,2921.826171875,2916.433349609375,2919.970458984375,39854080
2025-12-26 19:30:00+00:00,2919.820068359375,2923.914306640625,2919.820068359375,2923.5302734375,38055936
2025-12-26 19:45:00+00:00,2924.022216796875,2926.566650390625,2922.07568359375,2923.395751953125,3311616
2025-12-26 20:00:00+00:00,2923.74658203125,2925.121826171875,2920.6806640625,2922.218505859375,77670400
2025-12-26 20:15:00+00:00,2923.905029296875,2927.012939453125,2923.673095703125,2926.724365234375,0
2025-12-26 20:30:00+00:00,2926.58935546875,2928.86865234375,2925.0888671875,2928.662109375,179189760
2025-12-26 20:45:00+00:00,2931.019287109375,2934.810546875,2930.647705078125,2931.252197265625,93337600
2025-12-26 21:00:00+00:00,2929.4970703125,2932.032958984375,2928.18603515625,2931.0966796875,41897984
2025-12-26 21:15:00+00:00,2931.49169921875,2932.087890625,2930.34814453125,2930.34814453125,203313152
2025-12-26 21:30:00+00:00,2930.599853515625,2930.599853515625,2926.124755859375,2926.124755859375,184444928
2025-12-26 21:45:00+00:00,2926.111083984375,2928.1806640625,2924.911865234375,2924.911865234375,25802752
2025-12-26 22:00:00+00:00,2922.99365234375,2926.2607421875,2922.99365234375,2925.4521484375,149219328
2025-12-26 22:15:00+00:00,2923.211669921875,2925.54736328125,2919.490966796875,2922.20947265625,167806976
2025-12-26 22:30:00+00:00,2921.48828125,2925.27294921875,2921.48828125,2924.552734375,800266240
2025-12-26 22:45:00+00:00,2923.652587890625,2928.29638671875,2923.188720703125,2926.706298828125,0
2025-12-26 23:00:00+00:00,2930.308349609375,2931.06640625,2927.967041015625,2928.196044921875,0
2025-12-26 23:15:00+00:00,2927.847412109375,2928.73583984375,2926.35595703125,2926.447998046875,2818048
2025-12-26 23:30:00+00:00,2926.094970703125,2927.388916015625,2925.207275390625,2925.207275390625,0
2025-12-26 23:45:00+00:00,2925.34814453125,2926.773681640625,2924.693603515625,2926.571533203125,0
2025-12-27 00:00:00+00:00,2927.0751953125,2928.49267578125,2926.5361328125,2927.843505859375,0
2025-12-27 00:15:00+00:00,2926.057861328125,2926.718994140625,2922.40478515625,2923.40576171875,4474880
2025-12-27 00:30:00+00:00,2922.714599609375,2926.34033203125,2922.714599609375,2926.051513671875,0
2025-12-27 00:45:00+00:00,2927.2744140625,2927.2744140625,2925.488037109375,2925.488037109375,4929536
2025-12-27 01:00:00+00:00,2925.91259765625,2925.91259765625,2924.4296875,2924.640380859375,0
2025-12-27 01:15:00+00:00,2924.606201171875,2924.606201171875,2921.23779296875,2922.69287109375,0
2025-12-27 01:30:00+00:00,2922.710693359375,2926.64111328125,2922.710693359375,2925.83203125,139683840
2025-12-27 01:45:00+00:00,2925.88916015625,2926.297119140625,2924.36376953125,2925.86767578125,13856768
2025-12-27 02:00:00+00:00,2926.05126953125,2926.05126953125,2922.597900390625,2923.7119140625,0
2025-12-27 02:15:00+00:00,2923.732421875,2924.245361328125,2923.116943359375,2924.245361328125,0
2025-12-27 02:30:00+00:00,2925.117431640625,2926.537109375,2925.017822265625,2926.537109375,0
2025-12-27 02:45:00+00:00,2926.73291015625,2927.12890625,2925.934814453125,2925.934814453125,50245632
2025-12-27 03:00:00+00:00,2926.109619140625,2926.35595703125,2923.322265625,2924.136474609375,0
2025-12-27 03:15:00+00:00,2923.868408203125,2927.944091796875,2923.868408203125,2927.0537109375,83098624
2025-12-27 03:30:00+00:00,2926.923583984375,2930.521240234375,2926.923583984375,2929.253662109375,727275520
2025-12-27 03:45:00+00:00,2929.159912109375,2930.939453125,2929.159912109375,2930.939453125,4785152
2025-12-27 04:00:00+00:00,2931.12353515625,2931.12353515625,2927.595947265625,2928.788330078125,0
2025-12-27 04:15:00+00:00,2928.777099609375,2928.831787109375,2927.85546875,2928.020751953125,4256768
2025-12-27 04:30:00+00:00,2927.8974609375,2927.8974609375,2926.232177734375,2927.778564453125,0
2025-12-27 04:45:00+00:00,2927.87451171875,2928.203369140625,2927.06201171875,2927.06201171875,0
2025-12-27 05:00:00+00:00,2928.447509765625,2928.70361328125,2927.537353515625,2927.7822265625,0
2025-12-27 05:15:00+00:00,2927.414794921875,2927.5234375,2926.538330078125,2927.3369140625,15205376
2025-12-27 05:30:00+00:00,2927.1376953125,2928.871826171875,2927.1376953125,2928.6875,0
2025-12-27 05:45:00+00:00,2929.020263671875,2929.799072265625,2928.805419921875,2929.055419921875,125986816
2025-12-27 06:00:00+00:00,2928.84619140625,2928.84619140625,2926.691162109375,2927.523193359375,25152512
2025-12-27 06:15:00+00:00,2927.144287109375,2927.144287109375,2926.35302734375,2926.8193359375,35827712
2025-12-27 06:30:00+00:00,2926.728271484375,2928.470458984375,2926.298828125,2928.2646484375,0
2025-12-27 06:45:00+00:00,2928.1533203125,2928.1533203125,2926.6416015625,2927.471923828125,0
2025-12-27 07:00:00+00:00,2928.313232421875,2930.08544921875,2928.313232421875,2930.08544921875,4976640
2025-12-27 07:15:00+00:00,2930.3720703125,2935.115966796875,2930.26123046875,2933.302001953125,0
2025-12-27 07:30:00+00:00,2933.351318359375,2933.899658203125,2930.657470703125,2930.74853515625,94769152
2025-12-27 07:45:00+00:00,2930.58154296875,2931.1611328125,2930.58154296875,2930.83837890625,0
2025-12-27 08:00:00+00:00,2931.20458984375,2933.697021484375,2931.107666015625,2931.983154296875,0
2025-12-27 08:15:00+00:00,2932.663818359375,2934.7607421875,2932.6162109375,2933.892822265625,0
2025-12-27 08:30:00+00:00,2933.83349609375,2934.704833984375,2933.39013671875,2933.692626953125,0
2025-12-27 08:45:00+00:00,2933.4169921875,2933.4169921875,2932.25537109375,2932.50244140625,25525248
2025-12-27 09:00:00+00:00,2932.370849609375,2934.170166015625,2932.370849609375,2934.170166015625,0
2025-12-27 09:15:00+00:00,2934.2919921875,2935.374755859375,2930.337890625,2930.337890625,21021696
2025-12-27 09:30:00+00:00,2931.0830078125,2933.752197265625,2931.0830078125,2932.88232421875,40712192
2025-12-27 09:45:00+00:00,2932.9814453125,2934.96630859375,2932.104248046875,2934.2373046875,0
2025-12-27 10:00:00+00:00,2933.275146484375,2933.275146484375,2931.169677734375,2931.169677734375,24037376
2025-12-27 10:15:00+00:00,2930.51123046875,2931.934326171875,2929.771728515625,2931.3125,17640448
2025-12-27 10:30:00+00:00,2929.82568359375,2929.82568359375,2919.765869140625,2921.27734375,29523968
2025-12-27 10:45:00+00:00,2922.563720703125,2925.223388671875,2921.94189453125,2925.223388671875,215411712
2025-12-27 11:00:00+00:00,2925.20166015625,2925.591064453125,2921.82275390625,2924.29638671875,21360640
2025-12-27 11:15:00+00:00,2924.620361328125,2926.4755859375,2923.401611328125,2925.7080078125,22852608
2025-12-27 11:30:00+00:00,2925.98388671875,2928.03564453125,2925.98388671875,2927.376220703125,11743232
2025-12-27 11:45:00+00:00,2927.318115234375,2930.67236328125,2926.951171875,2929.788330078125,12169216
2025-12-27 12:00:00+00:00,2930.82666015625,2930.926025390625,2928.346923828125,2928.346923828125,112434176
2025-12-27 12:15:00+00:00,2927.822265625,2929.481689453125,2927.822265625,2929.2431640625,68056064
2025-12-27 12:30:00+00:00,2929.421630859375,2931.195068359375,2929.311279296875,2931.195068359375,44396544
2025-12-27 12:45:00+00:00,2931.667724609375,2931.849365234375,2929.919677734375,2930.188720703125,0
2025-12-27 13:00:00+00:00,2930.502685546875,2930.502685546875,2927.29443359375,2928.129150390625,0
2025-12-27 13:15:00+00:00,2928.21142578125,2928.21142578125,2925.865234375,2925.961181640625,0
2025-12-27 13:30:00+00:00,2925.644775390625,2930.68115234375,2924.697265625,2930.68115234375,17001472
2025-12-27 13:45:00+00:00,2930.2275390625,2930.2275390625,2928.5,2928.5,0
2025-12-27 14:00:00+00:00,2927.99658203125,2927.99658203125,2925.938232421875,2927.2236328125,81525760
2025-12-27 14:15:00+00:00,2926.77392578125,2926.93798828125,2924.911376953125,2925.30517578125,7794688
2025-12-27 14:30:00+00:00,2925.29150390625,2928.05810546875,2925.29150390625,2927.31103515625,0
2025-12-27 14:45:00+00:00,2928.30712890625,2929.0693359375,2927.325927734375,2928.117431640625,0
2025-12-27 15:00:00+00:00,2927.221435546875,2928.30908203125,2925.943603515625,2927.0009765625,0
2025-12-27 15:15:00+00:00,2927.165283203125,2927.2822265625,2925.88232421875,2925.97802734375,0
2025-12-27 15:30:00+00:00,2926.333740234375,2928.3369140625,2926.333740234375,2927.28857421875,0
2025-12-27 15:45:00+00:00,2927.531005859375,2927.531005859375,2925.23974609375,2925.680419921875,0
2025-12-27 16:00:00+00:00,2925.25439453125,2926.123046875,2924.60205078125,2924.836669921875,0
2025-12-27 16:15:00+00:00,2924.519775390625,2924.519775390625,2919.33056640625,2919.33056640625,0
2025-12-27 16:30:00+00:00,2919.8115234375,2922.220458984375,2919.8115234375,2921.358642578125,51950080
2025-12-27 16:45:00+00:00,2921.21875,2921.397216796875,2917.271240234375,2917.72412109375,25705984
2025-12-27 17:00:00+00:00,2918.78759765625,2920.531005859375,2918.78759765625,2919.978759765625,500736
2025-12-27 17:15:00+00:00,2921.60595703125,2924.4951171875,2921.328369140625,2924.233642578125,5627392
2025-12-27 17:30:00+00:00,2924.375244140625,2924.375244140625,2923.606689453125,2923.619384765625,0
2025-12-27 17:45:00+00:00,2923.9677734375,2926.581787109375,2923.9677734375,2926.48583984375,8747008
2025-12-27 18:00:00+00:00,2926.4716796875,2926.4716796875,2924.80029296875,2924.80029296875,0
2025-12-27 18:15:00+00:00,2924.718017578125,2926.002197265625,2924.569580078125,2926.002197265625,442063360
2025-12-27 18:30:00+00:00,2925.70068359375,2925.70068359375,2924.910400390625,2924.978515625,9358848
2025-12-27 18:45:00+00:00,2924.33642578125,2924.638427734375,2923.43701171875,2923.918701171875,0
2025-12-27 19:00:00+00:00,2923.940673828125,2925.54931640625,2923.940673828125,2925.421142578125,8742400
2025-12-27 19:15:00+00:00,2925.76611328125,2925.922119140625,2925.025146484375,2925.615478515625,0
2025-12-27 19:30:00+00:00,2925.6826171875,2926.926025390625,2925.603515625,2926.17431640625,19561984
2025-12-27 19:45:00+00:00,2926.5625,2928.42724609375,2926.5625,2928.1318359375,9946112
2025-12-27 20:00:00+00:00,2928.574951171875,2930.988037109375,2928.506103515625,2930.340087890625,26112512
2025-12-27 20:15:00+00:00,2930.56591796875,2930.62451171875,2928.989013671875,2929.7578125,8658432
2025-12-27 20:30:00+00:00,2929.652587890625,2929.849609375,2928.60498046875,2928.834716796875,5471232
2025-12-27 20:45:00+00:00,2928.53125,2928.537109375,2927.36279296875,2927.36279296875,0
2025-12-27 21:00:00+00:00,2927.385498046875,2929.137451171875,2926.84716796875,2929.137451171875,5213696
2025-12-27 21:15:00+00:00,2929.708984375,2930.033935546875,2929.195068359375,2929.54638671875,0
2025-12-27 21:30:00+00:00,2929.74658203125,2931.45361328125,2929.703857421875,2931.271728515625,0
2025-12-27 21:45:00+00:00,2931.13525390625,2932.53271484375,2930.857177734375,2932.53271484375,19247616
2025-12-27 22:00:00+00:00,2933.847412109375,2933.847412109375,2929.12744140625,2933.545166015625,26073600
2025-12-27 22:15:00+00:00,2943.562744140625,2948.37744140625,2939.093505859375,2939.818603515625,178947072
2025-12-27 22:30:00+00:00,2937.385009765625,2937.385009765625,2929.688720703125,2930.846923828125,119707136
2025-12-27 22:45:00+00:00,2929.6328125,2934.7919921875,2929.58203125,2934.7919921875,26933760
2025-12-27 23:00:00+00:00,2931.701416015625,2934.755615234375,2931.701416015625,2933.9462890625,1630720
2025-12-27 23:15:00+00:00,2935.4296875,2939.542724609375,2935.4296875,2938.989013671875,63750144
2025-12-27 23:30:00+00:00,2938.944580078125,2939.747314453125,2937.944091796875,2937.963134765625,42252288
2025-12-27 23:45:00+00:00,2937.74658203125,2953.38232421875,2937.74658203125,2948.61865234375,219541504
2025-12-28 00:00:00+00:00,2946.760986328125,2948.3076171875,2945.130126953125,2946.58935546875,11181568
2025-12-28 00:15:00+00:00,2945.212158203125,2945.8369140625,2944.837158203125,2945.068359375,55212032
2025-12-28 00:30:00+00:00,2942.603515625,2946.47265625,2942.22607421875,2945.548828125,109569536
2025-12-28 00:45:00+00:00,2945.510986328125,2947.561279296875,2943.35205078125,2943.35205078125,41912320
2025-12-28 01:00:00+00:00,2943.5537109375,2947.358154296875,2943.5537109375,2944.789794921875,61464576
2025-12-28 01:15:00+00:00,2944.85498046875,2944.85498046875,2940.784912109375,2942.3564453125,46060032
2025-12-28 01:30:00+00:00,2942.658447265625,2944.09521484375,2941.2470703125,2944.063232421875,54179840
2025-12-28 01:45:00+00:00,2943.091552734375,2943.091552734375,2941.3115234375,2942.013916015625,73361408
2025-12-28 02:00:00+00:00,2941.95947265625,2942.146484375,2941.030029296875,2941.784423828125,7110144
2025-12-28 02:15:00+00:00,2942.044921875,2944.901611328125,2942.044921875,2944.901611328125,12229632
2025-12-28 02:30:00+00:00,2944.841064453125,2947.619140625,2944.711181640625,2945.98681640625,54764544
2025-12-28 02:45:00+00:00,2945.956787109375,2946.09619140625,2944.61865234375,2945.314697265625,12244992
2025-12-28 03:00:00+00:00,2945.2431640625,2945.86962890625,2942.67529296875,2943.169921875,11469824
2025-12-28 03:15:00+00:00,2941.686279296875,2942.126708984375,2940.737548828125,2940.737548828125,255837184
2025-12-28 03:30:00+00:00,2940.177001953125,2941.7763671875,2940.177001953125,2941.722900390625,468462592
2025-12-28 03:45:00+00:00,2941.853759765625,2942.286865234375,2941.630859375,2941.87646484375,5940736
2025-12-28 04:00:00+00:00,2941.6953125,2942.85791015625,2939.79931640625,2942.85791015625,4839936
2025-12-28 04:15:00+00:00,2943.73974609375,2943.73974609375,2941.681884765625,2941.755615234375,31513088
2025-12-28 04:30:00+00:00,2942.004150390625,2942.020751953125,2936.986572265625,2937.086669921875,44049920
2025-12-28 04:45:00+00:00,2937.493896484375,2937.9541015625,2936.79541015625,2937.255615234375,27059200
2025-12-28 05:00:00+00:00,2937.0322265625,2937.0322265625,2933.38525390625,2936.1103515625,41934336
2025-12-28 05:15:00+00:00,2935.97265625,2936.1435546875,2933.553466796875,2933.6328125,86996992
2025-12-28 05:30:00+00:00,2931.161865234375,2933.256591796875,2928.93603515625,2932.8017578125,43548160
2025-12-28 05:45:00+00:00,2934.44921875,2937.819091796875,2931.74658203125,2932.613037109375,53612544
2025-12-28 06:00:00+00:00,2932.56787109375,2937.03125,2932.56787109375,2936.27734375,283062784
2025-12-28 06:15:00+00:00,2937.390869140625,2937.453125,2936.129150390625,2936.129150390625,93094912
2025-12-28 06:30:00+00:00,2936.912353515625,2940.283447265625,2936.912353515625,2940.283447265625,4230144
2025-12-28 06:45:00+00:00,2940.051513671875,2940.883056640625,2938.659423828125,2940.883056640625,59748864
2025-12-28 07:00:00+00:00,2940.3046875,2940.3046875,2938.763916015625,2939.087890625,35919360
2025-12-28 07:15:00+00:00,2939.4375,2939.4375,2936.21728515625,2936.21728515625,27107840
2025-12-28 07:30:00+00:00,2936.39453125,2936.614013671875,2934.9326171875,2935.025390625,1940992
2025-12-28 07:45:00+00:00,2935.0107421875,2936.674072265625,2934.947509765625,2936.674072265625,13155328
2025-12-28 08:00:00+00:00,2936.422119140625,2940.5126953125,2936.422119140625,2939.332275390625,26099712
2025-12-28 08:15:00+00:00,2939.285400390625,2939.489501953125,2938.101318359375,2938.31640625,7368704
2025-12-28 08:30:00+00:00,2938.40771484375,2943.2265625,2937.0322265625,2941.836181640625,26255872
2025-12-28 08:45:00+00:00,2939.77294921875,2940.03466796875,2937.56005859375,2938.64208984375,60646912
2025-12-28 09:00:00+00:00,2938.2646484375,2940.411376953125,2936.8623046875,2940.411376953125,73761280
2025-12-28 09:15:00+00:00,2940.427001953125,2941.201171875,2939.5908203125,2940.958740234375,0
2025-12-28 09:30:00+00:00,2940.85986328125,2940.8818359375,2932.114990234375,2932.13134765625,0
2025-12-28 09:45:00+00:00,2932.53466796875,2934.766357421875,2931.61962890625,2934.766357421875,56508928
2025-12-28 10:00:00+00:00,2935.11181640625,2940.37841796875,2935.0673828125,2939.67822265625,14228480
2025-12-28 10:15:00+00:00,2939.4208984375,2940.02099609375,2937.732666015625,2940.02099609375,47924224
2025-12-28 10:30:00+00:00,2939.959228515625,2940.16552734375,2938.6591796875,2939.139892578125,0
2025-12-28 10:45:00+00:00,2939.012939453125,2941.386962890625,2939.012939453125,2941.386962890625,0
2025-12-28 11:00:00+00:00,2941.32958984375,2943.937744140625,2941.32958984375,2943.81982421875,0
2025-12-28 11:15:00+00:00,2944.392333984375,2944.392333984375,2942.318603515625,2942.429931640625,51409408
2025-12-28 11:30:00+00:00,2942.6435546875,2942.6435546875,2937.63525390625,2938.876220703125,67782656
2025-12-28 11:45:00+00:00,2939.152099609375,2942.63671875,2938.711181640625,2941.292236328125,44733952
2025-12-28 12:00:00+00:00,2941.855712890625,2941.943359375,2939.135986328125,2939.3037109375,21391872
2025-12-28 12:15:00+00:00,2939.5478515625,2940.3720703125,2938.36669921875,2939.99951171875,12763648
2025-12-28 12:30:00+00:00,2940.17138671875,2940.722412109375,2936.39990234375,2937.268798828125,53336576
2025-12-28 12:45:00+00:00,2937.754638671875,2938.703125,2936.68603515625,2936.797607421875,89499648
2025-12-28 13:00:00+00:00,2936.72021484375,2940.099853515625,2936.72021484375,2938.637451171875,106300416
2025-12-28 13:15:00+00:00,2938.10400390625,2940.7626953125,2937.901611328125,2940.526611328125,47489024
2025-12-28 13:30:00+00:00,2940.13232421875,2941.020263671875,2939.605224609375,2939.605224609375,17447424
2025-12-28 13:45:00+00:00,2939.59912109375,2939.60498046875,2937.4521484375,2937.566650390625,48008704
2025-12-28 14:00:00+00:00,2937.80810546875,2942.322509765625,2937.678466796875,2942.322509765625,89945088
2025-12-28 14:15:00+00:00,2941.428466796875,2943.778076171875,2941.428466796875,2943.1953125,78071808
2025-12-28 14:30:00+00:00,2943.333984375,2950.81494140625,2943.2421875,2948.125732421875,25088512
2025-12-28 14:45:00+00:00,2947.8798828125,2950.238525390625,2944.888916015625,2945.4130859375,265867264
2025-12-28 15:00:00+00:00,2944.199951171875,2954.6875,2944.199951171875,2953.92724609375,141493248
2025-12-28 15:15:00+00:00,2954.258544921875,2955.620361328125,2953.01123046875,2953.01123046875,68762624
2025-12-28 15:30:00+00:00,2952.46826171875,2952.46826171875,2948.530029296875,2951.043701171875,84072448
2025-12-28 15:45:00+00:00,2950.438232421875,2951.60693359375,2947.0234375,2947.0234375,18275840
2025-12-28 16:00:00+00:00,2947.21484375,2948.821533203125,2946.53173828125,2947.719482421875,33506304
2025-12-28 16:15:00+00:00,2948.322509765625,2951.19140625,2940.086181640625,2940.086181640625,40517120
2025-12-28 16:30:00+00:00,2940.121337890625,2942.498046875,2940.121337890625,2942.2548828125,63731200
2025-12-28 16:45:00+00:00,2941.91650390625,2943.0927734375,2940.7236328125,2940.73974609375,0
2025-12-28 17:00:00+00:00,2940.675537109375,2945.848388671875,2940.675537109375,2945.605712890625,44126208
2025-12-28 17:15:00+00:00,2945.77587890625,2948.200927734375,2945.77587890625,2946.8408203125,30320640
2025-12-28 17:30:00+00:00,2946.96240234375,2946.9716796875,2945.29833984375,2945.939453125,64046592
2025-12-28 17:45:00+00:00,2945.822509765625,2945.822509765625,2943.346923828125,2943.471923828125,75213312
2025-12-28 18:00:00+00:00,2943.437744140625,2943.884033203125,2940.018798828125,2940.665771484375,67941376
2025-12-28 18:15:00+00:00,2939.639404296875,2939.639404296875,2929.033935546875,2934.578125,235704832
2025-12-28 18:30:00+00:00,2934.683837890625,2935.354736328125,2934.333984375,2934.702392578125,183460864
2025-12-28 18:45:00+00:00,2934.35400390625,2934.35400390625,2928.690185546875,2929.767333984375,50066432
2025-12-28 19:00:00+00:00,2929.609619140625,2935.183837890625,2926.763916015625,2933.88330078125,393231360
2025-12-28 19:15:00+00:00,2933.593994140625,2934.455078125,2931.0869140625,2931.169189453125,347686912
2025-12-28 19:30:00+00:00,2929.21142578125,2934.279052734375,2929.21142578125,2934.0859375,73364480
2025-12-28 19:45:00+00:00,2932.3466796875,2932.81103515625,2930.738037109375,2930.9375,39473152
2025-12-28 20:00:00+00:00,2931.3857421875,2933.960205078125,2929.282470703125,2929.282470703125,64491520
2025-12-28 20:15:00+00:00,2930.8271484375,2933.011962890625,2930.8271484375,2932.14794921875,29705216
2025-12-28 20:30:00+00:00,2932.181640625,2933.67138671875,2932.061767578125,2933.596923828125,0
2025-12-28 20:45:00+00:00,2933.654052734375,2935.12353515625,2930.4716796875,2930.4716796875,24345600
2025-12-28 21:00:00+00:00,2930.592529296875,2933.4921875,2928.575927734375,2930.47900390625,93617152
2025-12-28 21:15:00+00:00,2930.53759765625,2931.82958984375,2928.027587890625,2931.650634765625,77462528
2025-12-28 21:30:00+00:00,2931.4990234375,2934.875,2931.4990234375,2934.875,42725376
2025-12-28 21:45:00+00:00,2934.99853515625,2936.543701171875,2934.99853515625,2935.057861328125,4865024
2025-12-28 22:00:00+00:00,2935.240966796875,2935.60009765625,2934.16064453125,2934.42138671875,0
2025-12-28 22:15:00+00:00,2935.475341796875,2939.692138671875,2934.689453125,2939.692138671875,0
2025-12-28 22:30:00+00:00,2939.421875,2941.8720703125,2937.529541015625,2941.8720703125,42322944
2025-12-28 22:45:00+00:00,2942.25439453125,2951.991943359375,2940.226318359375,2948.23876953125,17516544
2025-12-28 23:00:00+00:00,2947.842529296875,2947.842529296875,2940.854248046875,2940.854248046875,178286592
2025-12-28 23:15:00+00:00,2939.487548828125,2944.546142578125,2939.487548828125,2941.09326171875,15127552
2025-12-28 23:30:00+00:00,2941.87646484375,2946.937744140625,2941.193359375,2946.937744140625,340523008
2025-12-28 23:45:00+00:00,2947.232666015625,2950.7314453125,2946.810302734375,2948.63623046875,15535104
2025-12-29 00:00:00+00:00,2948.4560546875,2948.4560546875,2944.65771484375,2946.10400390625,31130624
2025-12-29 00:15:00+00:00,2946.16552734375,2953.416259765625,2943.145751953125,2953.416259765625,55329792
2025-12-29 00:30:00+00:00,2963.209716796875,2968.7099609375,2963.209716796875,2967.826904296875,415755264
2025-12-29 00:45:00+00:00,2966.3115234375,2971.434814453125,2964.5537109375,2964.69140625,262055936
2025-12-29 01:00:00+00:00,2964.2861328125,2964.2861328125,2955.915283203125,2960.199462890625,175382528
2025-12-29 01:15:00+00:00,2959.992431640625,2959.992431640625,2952.68115234375,2959.48046875,114196480
2025-12-29 01:30:00+00:00,2958.403564453125,2979.733642578125,2956.674072265625,2976.253173828125,190670848
2025-12-29 01:45:00+00:00,2974.682373046875,2981.789306640625,2974.682373046875,2977.811279296875,380233728
2025-12-29 02:00:00+00:00,2978.8095703125,3007.849609375,2978.8095703125,3007.849609375,1139891200
2025-12-29 02:15:00+00:00,3011.787353515625,3011.787353515625,2997.38623046875,3000.5791015625,338215936
2025-12-29 02:30:00+00:00,3005.928955078125,3005.928955078125,2997.52587890625,2997.8505859375,292510720
2025-12-29 02:45:00+00:00,2997.755859375,3003.871337890625,2997.755859375,2999.949951171875,290960384
2025-12-29 03:00:00+00:00,3000.26708984375,3010.1005859375,3000.26708984375,3010.1005859375,129837056
2025-12-29 03:15:00+00:00,3009.072509765625,3009.1083984375,3004.140869140625,3008.517578125,641137664
2025-12-29 03:30:00+00:00,3008.07421875,3032.674560546875,3007.683349609375,3028.159423828125,586921984
2025-12-29 03:45:00+00:00,3033.748046875,3041.04296875,3032.6328125,3041.04296875,933096448
2025-12-29 04:00:00+00:00,3040.34228515625,3042.667236328125,3038.61767578125,3039.9697265625,417518592
2025-12-29 04:15:00+00:00,3044.236572265625,3051.922119140625,3040.3994140625,3040.907958984375,532339712
2025-12-29 04:30:00+00:00,3042.134033203125,3049.22900390625,3039.972412109375,3045.2685546875,848808960
2025-12-29 04:45:00+00:00,3043.982666015625,3043.982666015625,3037.253173828125,3038.344482421875,328958976
2025-12-29 05:00:00+00:00,3036.838623046875,3038.623291015625,3032.250244140625,3038.623291015625,211497984
2025-12-29 05:15:00+00:00,3039.6943359375,3039.6943359375,3034.044921875,3034.044921875,214767616
2025-12-29 05:30:00+00:00,3033.403076171875,3039.850830078125,3032.84423828125,3038.338134765625,48846848
2025-12-29 05:45:00+00:00,3040.782470703125,3041.16259765625,3034.610107421875,3035.4111328125,401801216
2025-12-29 06:00:00+00:00,3034.10693359375,3037.420654296875,3031.767578125,3037.420654296875,247368704
2025-12-29 06:15:00+00:00,3036.65966796875,3040.9814453125,3034.604248046875,3034.604248046875,115656704
2025-12-29 06:30:00+00:00,3034.320068359375,3035.66357421875,3032.16650390625,3033.89208984375,873963520
2025-12-29 06:45:00+00:00,3033.866943359375,3033.866943359375,3029.8408203125,3031.279052734375,223651840
2025-12-29 07:00:00+00:00,3031.7900390625,3033.7109375,3013.697021484375,3016.298583984375,412541952
2025-12-29 07:15:00+00:00,3017.643798828125,3017.643798828125,3009.983642578125,3012.0634765625,227817472
2025-12-29 07:30:00+00:00,3010.8642578125,3017.337890625,3010.8642578125,3014.4267578125,226490368
2025-12-29 07:45:00+00:00,3013.02880859375,3016.966796875,3012.69580078125,3016.01708984375,86538240
2025-12-29 08:00:00+00:00,3016.051025390625,3017.8603515625,3010.475830078125,3017.8603515625,135837696
2025-12-29 08:15:00+00:00,3018.213623046875,3020.8330078125,3018.213623046875,3020.049560546875,115156992
2025-12-29 08:30:00+00:00,3019.83056640625,3019.83056640625,3013.40380859375,3015.493408203125,189755392
2025-12-29 08:45:00+00:00,3015.6611328125,3016.158447265625,3010.440673828125,3011.628173828125,860248064
2025-12-29 09:00:00+00:00,3011.146728515625,3011.5712890625,3005.906494140625,3007.495849609375,1161844736
2025-12-29 09:15:00+00:00,3007.51953125,3010.42431640625,3004.046142578125,3004.046142578125,87861248
2025-12-29 09:30:00+00:00,3004.114013671875,3004.114013671875,2968.216064453125,2968.216064453125,634818560
2025-12-29 09:45:00+00:00,2968.011962890625,2972.48779296875,2958.030517578125,2971.322998046875,1557948416
2025-12-29 10:00:00+00:00,2972.22998046875,2977.826904296875,2968.18603515625,2975.61572265625,338997248
2025-12-29 10:15:00+00:00,2972.40087890625,2972.40087890625,2968.188720703125,2969.48388671875,134807552
2025-12-29 10:30:00+00:00,2970.55615234375,2970.940673828125,2968.66015625,2969.7724609375,197906432
2025-12-29 10:45:00+00:00,2969.762939453125,2969.762939453125,2960.046142578125,2962.388916015625,124416000
2025-12-29 11:00:00+00:00,2960.858642578125,2961.1318359375,2957.003662109375,2961.1318359375,208693248
2025-12-29 11:15:00+00:00,2960.657958984375,2963.015380859375,2960.226806640625,2962.283935546875,46833664
2025-12-29 11:30:00+00:00,2961.619384765625,2961.63134765625,2957.378173828125,2961.63134765625,101081088
2025-12-29 11:45:00+00:00,2960.4892578125,2960.913818359375,2957.8681640625,2958.995849609375,259833856
2025-12-29 12:00:00+00:00,2956.95458984375,2956.95458984375,2916.5234375,2916.5234375,457893888
2025-12-29 12:15:00+00:00,2915.9404296875,2930.811279296875,2910.289794921875,2930.811279296875,763721728
2025-12-29 12:30:00+00:00,2924.65869140625,2932.83642578125,2924.65869140625,2928.5986328125,701487104
2025-12-29 12:45:00+00:00,2925.179931640625,2927.877197265625,2924.972900390625,2926.84326171875,227338240
2025-12-29 13:00:00+00:00,2926.358154296875,2932.328857421875,2926.358154296875,2930.061767578125,23044096
2025-12-29 13:15:00+00:00,2931.383544921875,2932.0205078125,2927.884765625,2927.884765625,209684480
2025-12-29 13:30:00+00:00,2927.281494140625,2928.85205078125,2923.900390625,2923.900390625,201584640
2025-12-29 13:45:00+00:00,2925.726318359375,2927.08349609375,2920.51171875,2923.3046875,128821248
2025-12-29 14:00:00+00:00,2923.763671875,2923.763671875,2915.273681640625,2919.26611328125,259522560
2025-12-29 14:15:00+00:00,2922.73486328125,2928.246826171875,2920.572265625,2928.246826171875,318593024
2025-12-29 14:30:00+00:00,2926.4052734375,2958.77392578125,2926.4052734375,2951.92529296875,1474535424
2025-12-29 14:45:00+00:00,2953.994384765625,2955.689208984375,2924.34228515625,2924.34228515625,700758016
2025-12-29 15:00:00+00:00,2922.672119140625,2938.5458984375,2920.846923828125,2938.5458984375,650577920
2025-12-29 15:15:00+00:00,2941.656982421875,2943.09814453125,2928.1396484375,2938.098388671875,169154560
2025-12-29 15:30:00+00:00,2938.8017578125,2940.636962890625,2933.965576171875,2937.417236328125,745674752
2025-12-29 15:45:00+00:00,2938.76904296875,2940.231201171875,2930.559814453125,2934.919921875,157671424
2025-12-29 16:00:00+00:00,2933.897705078125,2937.64208984375,2931.091064453125,2937.64208984375,1395464192
2025-12-29 16:15:00+00:00,2937.054443359375,2937.054443359375,2923.329833984375,2925.462646484375,209608704
2025-12-29 16:30:00+00:00,2925.65869140625,2933.18505859375,2925.65869140625,2930.9228515625,1389410304
2025-12-29 16:45:00+00:00,2930.801513671875,2938.198974609375,2930.801513671875,2934.29345703125,68050944
2025-12-29 17:00:00+00:00,2933.848388671875,2937.97314453125,2932.12255859375,2932.12255859375,221345792
2025-12-29 17:15:00+00:00,2931.847900390625,2934.123779296875,2925.81103515625,2925.81103515625,267800576
2025-12-29 17:30:00+00:00,2928.574951171875,2931.394775390625,2928.574951171875,2930.897705078125,317304832
2025-12-29 17:45:00+00:00,2930.559814453125,2939.280517578125,2930.559814453125,2939.280517578125,296798208
2025-12-29 18:00:00+00:00,2939.927490234375,2941.900146484375,2932.2939453125,2934.011962890625,82704384
2025-12-29 18:15:00+00:00,2936.301513671875,2937.6279296875,2932.82568359375,2932.82568359375,425564160
2025-12-29 18:30:00+00:00,2932.239013671875,2934.152099609375,2928.733154296875,2930.26611328125,0
2025-12-29 18:45:00+00:00,2928.888427734375,2928.9013671875,2913.961669921875,2915.38720703125,142907392
2025-12-29 19:00:00+00:00,2915.303466796875,2935.009765625,2914.99462890625,2930.93359375,224690176
2025-12-29 19:15:00+00:00,2931.45068359375,2933.9267578125,2930.17919921875,2933.251953125,293722112
2025-12-29 19:30:00+00:00,2933.28173828125,2935.622314453125,2927.731689453125,2931.8466796875,11177984
2025-12-29 19:45:00+00:00,2932.17333984375,2935.061279296875,2929.19140625,2929.19140625,326150144
2025-12-29 20:00:00+00:00,2929.212646484375,2933.416015625,2928.087890625,2931.33740234375,268451840
2025-12-29 20:15:00+00:00,2935.693115234375,2937.6357421875,2929.373779296875,2930.864990234375,151861248
2025-12-29 20:30:00+00:00,2929.6357421875,2931.53466796875,2925.319091796875,2925.437255859375,67612672
2025-12-29 20:45:00+00:00,2925.631591796875,2928.33154296875,2923.000732421875,2928.07958984375,225712128
2025-12-29 21:00:00+00:00,2928.072021484375,2930.203125,2926.999267578125,2929.900390625,269486080
2025-12-29 21:15:00+00:00,2932.16064453125,2933.5703125,2928.3759765625,2930.28955078125,59318272
2025-12-29 21:30:00+00:00,2929.90283203125,2934.672607421875,2929.353759765625,2934.672607421875,195913728
2025-12-29 21:45:00+00:00,2935.340087890625,2935.340087890625,2932.629638671875,2934.429443359375,75747328
2025-12-29 22:00:00+00:00,2934.323486328125,2934.323486328125,2928.495361328125,2928.70166015625,32081920
2025-12-29 22:15:00+00:00,2929.52734375,2935.13134765625,2929.52734375,2933.888427734375,274444288
2025-12-29 22:30:00+00:00,2933.72314453125,2938.47705078125,2933.72314453125,2936.43017578125,285396992
2025-12-29 22:45:00+00:00,2938.1650390625,2938.1650390625,2935.124267578125,2935.423095703125,34082816
2025-12-29 23:00:00+00:00,2934.73095703125,2937.564453125,2932.767822265625,2937.564453125,0
2025-12-29 23:15:00+00:00,2936.84228515625,2940.642333984375,2936.84228515625,2937.8662109375,12310528
2025-12-29 23:30:00+00:00,2931.701904296875,2933.21240234375,2929.676025390625,2930.650634765625,0
2025-12-29 23:45:00+00:00,2931.01708984375,2934.6474609375,2930.425048828125,2934.636962890625,228890624
2025-12-30 00:00:00+00:00,2934.388916015625,2937.656494140625,2932.9521484375,2935.539794921875,1227335680
2025-12-30 00:15:00+00:00,2935.51953125,2936.6376953125,2934.8603515625,2935.257568359375,3008512
2025-12-30 00:30:00+00:00,2934.42919921875,2934.42919921875,2929.248046875,2931.653076171875,0
2025-12-30 00:45:00+00:00,2931.847900390625,2935.404052734375,2931.847900390625,2933.583984375,86044672
2025-12-30 01:00:00+00:00,2934.179443359375,2934.179443359375,2930.10009765625,2933.6435546875,0
2025-12-30 01:15:00+00:00,2931.901123046875,2933.862548828125,2928.83740234375,2928.83740234375,63037440
2025-12-30 01:30:00+00:00,2928.816162109375,2930.59521484375,2922.975341796875,2930.474365234375,150648832
2025-12-30 01:45:00+00:00,2930.489013671875,2934.307373046875,2930.489013671875,2932.244384765625,0
2025-12-30 02:00:00+00:00,2932.90869140625,2932.90869140625,2928.22216796875,2930.15625,0
2025-12-30 02:15:00+00:00,2930.8798828125,2935.653564453125,2929.56640625,2930.3544921875,0
2025-12-30 02:30:00+00:00,2930.037109375,2930.037109375,2922.435302734375,2925.5078125,1232347136
2025-12-30 02:45:00+00:00,2927.025634765625,2927.025634765625,2921.438720703125,2924.29248046875,163801088
2025-12-30 03:00:00+00:00,2924.574462890625,2924.59716796875,2921.112060546875,2922.18505859375,0
2025-12-30 03:15:00+00:00,2921.4677734375,2940.007080078125,2916.40966796875,2936.551025390625,263798784
2025-12-30 03:30:00+00:00,2936.824951171875,2937.25537109375,2933.90625,2935.627197265625,316243968
2025-12-30 03:45:00+00:00,2936.72705078125,2950.742919921875,2936.72705078125,2949.9794921875,0
2025-12-30 04:00:00+00:00,2948.54443359375,2949.99658203125,2943.211669921875,2944.52880859375,0
2025-12-30 04:15:00+00:00,2944.34326171875,2953.741943359375,2944.34326171875,2953.282470703125,0
2025-12-30 04:30:00+00:00,2952.62255859375,2953.2724609375,2951.741455078125,2952.053466796875,125825024
2025-12-30 04:45:00+00:00,2951.835693359375,2951.835693359375,2943.580078125,2943.580078125,154501120
2025-12-30 05:00:00+00:00,2943.097412109375,2943.589111328125,2940.82763671875,2943.294677734375,96253952
2025-12-30 05:15:00+00:00,2943.78515625,2943.78515625,2937.474853515625,2940.146728515625,25866240
2025-12-30 05:30:00+00:00,2940.1396484375,2940.1396484375,2933.962646484375,2934.995849609375,83877888
2025-12-30 05:45:00+00:00,2935.28173828125,2938.377197265625,2934.736083984375,2937.604248046875,0
2025-12-30 06:00:00+00:00,2937.7509765625,2942.023193359375,2937.376220703125,2942.023193359375,0
2025-12-30 06:15:00+00:00,2943.379150390625,2946.41748046875,2941.46337890625,2941.58203125,41431040
2025-12-30 06:30:00+00:00,2941.840576171875,2946.707763671875,2941.758056640625,2946.707763671875,4419584
2025-12-30 06:45:00+00:00,2944.5576171875,2945.5009765625,2941.1044921875,2941.52490234375,0
2025-12-30 07:00:00+00:00,2942.047607421875,2946.713134765625,2941.5166015625,2946.713134765625,0
2025-12-30 07:15:00+00:00,2950.47998046875,2950.47998046875,2942.5546875,2943.544189453125,114266112
2025-12-30 07:30:00+00:00,2943.41748046875,2947.698974609375,2943.26123046875,2947.698974609375,0
2025-12-30 07:45:00+00:00,2947.2294921875,2948.390869140625,2947.03173828125,2947.96533203125,38645760
2025-12-30 08:00:00+00:00,2947.714599609375,2994.99560546875,2947.051513671875,2994.99560546875,361193472
2025-12-30 08:15:00+00:00,2994.418701171875,2994.418701171875,2973.82373046875,2974.5966796875,446539776
2025-12-30 08:30:00+00:00,2972.439208984375,2980.99560546875,2971.006591796875,2979.55322265625,351449088
2025-12-30 08:45:00+00:00,2977.69677734375,2979.892333984375,2973.728515625,2975.139892578125,87212032
2025-12-30 09:00:00+00:00,2974.255126953125,2977.457275390625,2972.253173828125,2973.674072265625,10473472
2025-12-30 09:15:00+00:00,2973.583984375,2973.583984375,2968.056396484375,2970.01123046875,146087936
2025-12-30 09:30:00+00:00,2970.234619140625,2974.28466796875,2970.234619140625,2973.600830078125,0
2025-12-30 09:45:00+00:00,2975.23095703125,2982.299072265625,2974.611572265625,2982.0927734375,0
2025-12-30 10:00:00+00:00,2981.791748046875,2983.774169921875,2979.354736328125,2980.2548828125,860092416
2025-12-30 10:15:00+00:00,2979.10546875,2980.638427734375,2975.662109375,2976.95263671875,0
2025-12-30 10:30:00+00:00,2977.408935546875,2978.222412109375,2974.18115234375,2978.222412109375,151887872
2025-12-30 10:45:00+00:00,2979.403564453125,2979.64208984375,2971.29150390625,2972.693115234375,0
2025-12-30 11:00:00+00:00,2972.75439453125,2974.3486328125,2971.278076171875,2974.3486328125,813846528
2025-12-30 11:15:00+00:00,2974.158203125,2974.158203125,2972.056640625,2973.371826171875,12544000
2025-12-30 11:30:00+00:00,2973.099853515625,2976.90869140625,2972.43994140625,2974.912353515625,139651072
2025-12-30 11:45:00+00:00,2975.34521484375,2979.89599609375,2971.025634765625,2973.38427734375,48818176
2025-12-30 12:00:00+00:00,2976.15771484375,2979.6142578125,2976.15771484375,2979.6142578125,0
2025-12-30 12:15:00+00:00,2979.166748046875,2981.49560546875,2979.166748046875,2979.66552734375,0
2025-12-30 12:30:00+00:00,2979.224853515625,2981.0751953125,2975.365234375,2975.365234375,0
2025-12-30 12:45:00+00:00,2974.970703125,2975.6240234375,2973.59619140625,2975.562744140625,0
2025-12-30 13:00:00+00:00,2976.643798828125,2982.4736328125,2975.915283203125,2979.8642578125,18806784
2025-12-30 13:15:00+00:00,2979.15380859375,2985.473876953125,2978.662841796875,2984.9267578125,118560768
2025-12-30 13:30:00+00:00,2984.89697265625,2986.7783203125,2980.677734375,2984.6259765625,192827392
2025-12-30 13:45:00+00:00,2985.2724609375,2986.186279296875,2984.567138671875,2984.80419921875,12873728
2025-12-30 14:00:00+00:00,2984.3701171875,2984.3701171875,2962.81689453125,2972.781982421875,347361280
2025-12-30 14:15:00+00:00,2970.426513671875,2978.8271484375,2970.426513671875,2972.278564453125,96323584
2025-12-30 14:30:00+00:00,2967.902099609375,2972.930908203125,2958.763427734375,2966.40966796875,8847360
2025-12-30 14:45:00+00:00,2968.323486328125,2997.321533203125,2968.323486328125,2992.672119140625,213387264
2025-12-30 15:00:00+00:00,2994.911865234375,2994.911865234375,2971.771484375,2973.178466796875,136112128
2025-12-30 15:15:00+00:00,2972.07470703125,2979.32373046875,2968.28955078125,2979.32373046875,216862720
2025-12-30 15:30:00+00:00,2975.717529296875,2981.03857421875,2975.51171875,2977.075927734375,64952320
2025-12-30 15:45:00+00:00,2981.001953125,2991.001220703125,2979.0712890625,2988.70166015625,257409024
2025-12-30 16:00:00+00:00,2987.11279296875,2987.7705078125,2977.58935546875,2977.58935546875,235620352
2025-12-30 16:15:00+00:00,2977.689208984375,2989.73046875,2977.689208984375,2989.648681640625,309561344
2025-12-30 16:30:00+00:00,2988.179931640625,2988.26953125,2972.356689453125,2975.44384765625,20709376
2025-12-30 16:45:00+00:00,2975.522705078125,2980.150146484375,2974.138916015625,2980.150146484375,214345728
2025-12-30 17:00:00+00:00,2980.30322265625,2982.716552734375,2979.63671875,2982.409912109375,827248640
2025-12-30 17:15:00+00:00,2978.047119140625,2979.9736328125,2973.402587890625,2977.892333984375,87179264
2025-12-30 17:30:00+00:00,2978.30615234375,2981.885986328125,2977.330810546875,2978.164794921875,116664320
2025-12-30 17:45:00+00:00,2978.130615234375,2978.130615234375,2966.508544921875,2975.11083984375,965720064
2025-12-30 18:00:00+00:00,2973.907470703125,2975.263427734375,2969.204345703125,2969.204345703125,179726336
2025-12-30 18:15:00+00:00,2970.708251953125,2973.466064453125,2969.099365234375,2971.03173828125,88668160
2025-12-30 18:30:00+00:00,2972.037109375,2974.111328125,2970.57373046875,2970.57373046875,19296256
2025-12-30 18:45:00+00:00,2971.24951171875,2971.24951171875,2960.051513671875,2968.821044921875,101124096
2025-12-30 19:00:00+00:00,2969.2998046875,2969.2998046875,2947.873291015625,2952.551025390625,52299776
2025-12-30 19:15:00+00:00,2952.911376953125,2966.339599609375,2952.911376953125,2966.339599609375,125122560
2025-12-30 19:30:00+00:00,2967.076904296875,2971.107666015625,2964.7705078125,2964.962646484375,220622848
2025-12-30 19:45:00+00:00,2964.734619140625,2970.037109375,2964.734619140625,2969.270263671875,39178240
2025-12-30 20:00:00+00:00,2968.732421875,2969.578369140625,2965.62451171875,2968.2255859375,0
2025-12-30 20:15:00+00:00,2967.29052734375,2969.768798828125,2965.39599609375,2965.39599609375,0
2025-12-30 20:30:00+00:00,2965.597412109375,2966.197265625,2962.9638671875,2963.653076171875,14852096
2025-12-30 20:45:00+00:00,2963.381591796875,2963.381591796875,2954.4130859375,2954.4130859375,62177280
2025-12-30 21:00:00+00:00,2955.2666015625,2959.32373046875,2953.735107421875,2957.2412109375,135362560
2025-12-30 21:15:00+00:00,2957.8798828125,2961.84033203125,2957.8798828125,2959.908935546875,26974208
2025-12-30 21:30:00+00:00,2960.403076171875,2961.702392578125,2959.746826171875,2960.31103515625,0
2025-12-30 21:45:00+00:00,2960.788330078125,2965.23828125,2960.788330078125,2964.32421875,10080256
2025-12-30 22:00:00+00:00,2964.59814453125,2967.26220703125,2964.568603515625,2967.12451171875,178196480
2025-12-30 22:15:00+00:00,2968.397705078125,2968.397705078125,2966.3369140625,2967.0654296875,18780160
2025-12-30 22:30:00+00:00,2967.423095703125,2968.064453125,2962.261962890625,2962.816162109375,0
2025-12-30 22:45:00+00:00,2963.120361328125,2965.51318359375,2962.51611328125,2965.51318359375,128188416
2025-12-30 23:00:00+00:00,2965.5478515625,2968.930419921875,2965.5478515625,2968.930419921875,56010752
2025-12-30 23:15:00+00:00,2968.625244140625,2971.118896484375,2966.9638671875,2968.995849609375,142579712
2025-12-30 23:30:00+00:00,2970.498291015625,2970.498291015625,2968.17236328125,2968.17236328125,12867584
2025-12-30 23:45:00+00:00,2968.175537109375,2971.07470703125,2967.244873046875,2971.07470703125,23803904
2025-12-31 00:00:00+00:00,2970.641845703125,2970.641845703125,2962.495849609375,2963.3583984375,57178112
2025-12-31 00:15:00+00:00,2963.33740234375,2965.6962890625,2960.516357421875,2965.6962890625,51795968
2025-12-31 00:30:00+00:00,2965.662109375,2965.843017578125,2962.075439453125,2965.739501953125,30558208
2025-12-31 00:45:00+00:00,2965.692626953125,2965.692626953125,2962.418701171875,2962.7763671875,471040
2025-12-31 01:00:00+00:00,2962.17529296875,2965.004638671875,2959.941650390625,2965.004638671875,31901696
2025-12-31 01:15:00+00:00,2965.168212890625,2978.1689453125,2965.168212890625,2975.650146484375,182325248
2025-12-31 01:30:00+00:00,2975.61669921875,2980.311767578125,2975.61669921875,2978.82666015625,1158328320
2025-12-31 01:45:00+00:00,2978.73779296875,2979.804931640625,2976.203125,2977.18701171875,37525504
2025-12-31 02:00:00+00:00,2974.7587890625,2977.92041015625,2974.7587890625,2977.92041015625,0
2025-12-31 02:15:00+00:00,2978.37939453125,2978.37939453125,2976.109130859375,2976.109130859375,41582592
2025-12-31 02:30:00+00:00,2976.52490234375,2978.826416015625,2974.97021484375,2974.97021484375,129234944
2025-12-31 02:45:00+00:00,2975.18017578125,2979.1708984375,2971.643798828125,2979.1708984375,0
2025-12-31 03:00:00+00:00,2978.316162109375,2979.9072265625,2977.6484375,2978.504150390625,107601920
2025-12-31 03:15:00+00:00,2977.528564453125,2977.528564453125,2971.512939453125,2971.512939453125,9383936
2025-12-31 03:30:00+00:00,2971.830078125,2971.8515625,2964.066650390625,2965.029296875,478261248
2025-12-31 03:45:00+00:00,2965.719970703125,2967.396728515625,2965.433837890625,2966.845458984375,34387968
2025-12-31 04:00:00+00:00,2966.978271484375,2968.697021484375,2966.716064453125,2968.630859375,0
2025-12-31 04:15:00+00:00,2968.5166015625,2971.336181640625,2967.0830078125,2967.906494140625,182673408
2025-12-31 04:30:00+00:00,2968.083984375,2968.805908203125,2967.64794921875,2968.149169921875,0
2025-12-31 04:45:00+00:00,2968.13623046875,2969.371337890625,2965.254150390625,2965.254150390625,10455040
2025-12-31 05:00:00+00:00,2966.06787109375,2970.21484375,2966.06787109375,2969.79345703125,967538688
2025-12-31 05:15:00+00:00,2970.006591796875,2972.97412109375,2970.006591796875,2972.953125,35287040
2025-12-31 05:30:00+00:00,2975.015380859375,2975.516357421875,2973.54296875,2975.516357421875,116156416
2025-12-31 05:45:00+00:00,2975.25439453125,2975.25439453125,2971.67333984375,2971.939697265625,3493888
2025-12-31 06:00:00+00:00,2971.729736328125,2973.9423828125,2971.729736328125,2973.825927734375,90933248
2025-12-31 06:15:00+00:00,2973.74951171875,2974.48095703125,2972.30517578125,2974.17431640625,0
2025-12-31 06:30:00+00:00,2973.60498046875,2974.669921875,2971.8056640625,2972.1748046875,55502848
2025-12-31 06:45:00+00:00,2971.8349609375,2972.614013671875,2971.775634765625,2971.85400390625,29165568
2025-12-31 07:00:00+00:00,2971.784423828125,2971.784423828125,2970.439453125,2971.022216796875,6678528
2025-12-31 07:15:00+00:00,2971.2607421875,2972.405517578125,2968.28857421875,2972.405517578125,0
2025-12-31 07:30:00+00:00,2971.9736328125,2972.71484375,2970.040771484375,2972.2578125,32702464
2025-12-31 07:45:00+00:00,2971.893310546875,2973.06201171875,2971.797119140625,2973.005615234375,0
2025-12-31 08:00:00+00:00,2972.94873046875,2975.54248046875,2972.94873046875,2973.205810546875,0
2025-12-31 08:15:00+00:00,2973.8037109375,2973.8037109375,2972.035888671875,2972.714111328125,15707136
2025-12-31 08:30:00+00:00,2973.02734375,2973.02734375,2962.610595703125,2962.610595703125,0
2025-12-31 08:45:00+00:00,2963.62060546875,2965.532958984375,2962.7314453125,2965.532958984375,23648256
2025-12-31 09:00:00+00:00,2965.431884765625,2970.26220703125,2965.431884765625,2969.365478515625,62699520
2025-12-31 09:15:00+00:00,2970.125,2970.703857421875,2969.547119140625,2969.547119140625,0
2025-12-31 09:30:00+00:00,2969.962158203125,2971.481689453125,2969.256103515625,2971.259521484375,27935744
2025-12-31 09:45:00+00:00,2972.017578125,2973.783447265625,2972.017578125,2973.3974609375,0
2025-12-31 10:00:00+00:00,2973.170654296875,2976.044677734375,2973.141357421875,2975.541015625,7959552
2025-12-31 10:15:00+00:00,2975.701416015625,2977.538330078125,2973.432861328125,2974.416748046875,137532416
2025-12-31 10:30:00+00:00,2974.213623046875,2974.213623046875,2972.431640625,2974.018798828125,140744704
2025-12-31 10:45:00+00:00,2975.22802734375,2976.234130859375,2973.935302734375,2976.234130859375,0
2025-12-31 11:00:00+00:00,2977.31982421875,2984.587890625,2977.150634765625,2983.94189453125,148007936
2025-12-31 11:15:00+00:00,2982.880859375,2985.6640625,2981.739501953125,2985.6640625,236313600
2025-12-31 11:30:00+00:00,2987.557861328125,2994.926025390625,2986.375732421875,2994.926025390625,192719872
2025-12-31 11:45:00+00:00,2996.06298828125,2997.402587890625,2992.58740234375,2996.447509765625,1136742400
2025-12-31 12:00:00+00:00,2998.5517578125,2998.5517578125,2993.421875,2994.342041015625,146583552
2025-12-31 12:15:00+00:00,2993.77685546875,2996.958251953125,2993.77685546875,2994.247802734375,48498688
2025-12-31 12:30:00+00:00,2995.08837890625,2996.037841796875,2988.409912109375,2988.76318359375,99295232
2025-12-31 12:45:00+00:00,2987.795654296875,2987.795654296875,2982.001708984375,2984.39453125,1113906176
2025-12-31 13:00:00+00:00,2984.725341796875,2987.040283203125,2984.6611328125,2987.040283203125,59275264
2025-12-31 13:15:00+00:00,2986.84814453125,2992.861328125,2986.84814453125,2991.796142578125,23830528
2025-12-31 13:30:00+00:00,2991.440673828125,2991.440673828125,2985.182861328125,2987.806396484375,68390912
2025-12-31 13:45:00+00:00,2987.518310546875,2996.202392578125,2987.287109375,2993.206298828125,244572160
2025-12-31 14:00:00+00:00,2993.668212890625,3015.580322265625,2993.668212890625,3013.427001953125,59138048
2025-12-31 14:15:00+00:00,3013.10693359375,3013.10693359375,3006.065185546875,3008.0595703125,170416128
2025-12-31 14:30:00+00:00,3006.0751953125,3006.521728515625,2992.025390625,2992.025390625,107945984
2025-12-31 14:45:00+00:00,2993.856201171875,2993.856201171875,2982.08984375,2987.454833984375,0
2025-12-31 15:00:00+00:00,2989.386962890625,2989.386962890625,2972.323974609375,2977.37744140625,0
2025-12-31 15:15:00+00:00,2977.5126953125,2977.5126953125,2969.158447265625,2974.16748046875,869859328
2025-12-31 15:30:00+00:00,2972.452880859375,2979.6337890625,2966.333984375,2977.66796875,79900672
2025-12-31 15:45:00+00:00,2976.9580078125,2984.0458984375,2976.9580078125,2984.0458984375,152155136
2025-12-31 16:00:00+00:00,2981.96630859375,2982.7080078125,2977.334716796875,2982.7080078125,141388800
2025-12-31 16:15:00+00:00,2982.241943359375,2990.503173828125,2981.677001953125,2984.041748046875,17920000
2025-12-31 16:30:00+00:00,2983.5888671875,2983.5888671875,2960.617919921875,2961.29931640625,284784640
2025-12-31 16:45:00+00:00,2962.553466796875,2973.380126953125,2962.553466796875,2973.380126953125,175314944
2025-12-31 17:00:00+00:00,2972.533935546875,2972.533935546875,2966.0361328125,2966.0361328125,73961472
2025-12-31 17:15:00+00:00,2966.5234375,2974.751953125,2965.053955078125,2973.388427734375,33612800
2025-12-31 17:30:00+00:00,2971.921142578125,2973.698974609375,2968.979736328125,2970.06103515625,19332096
2025-12-31 17:45:00+00:00,2971.069580078125,2975.51904296875,2970.078369140625,2971.193603515625,31578112
2025-12-31 18:00:00+00:00,2971.876220703125,2981.438720703125,2970.041015625,2978.09765625,31253504
2025-12-31 18:15:00+00:00,2977.961181640625,2979.802978515625,2977.961181640625,2979.548828125,130967552
2025-12-31 18:30:00+00:00,2978.680419921875,2978.680419921875,2973.659423828125,2973.659423828125,36597760
2025-12-31 18:45:00+00:00,2974.9912109375,2975.193603515625,2968.65966796875,2970.682861328125,33498112
2025-12-31 19:00:00+00:00,2970.128173828125,2976.2451171875,2970.128173828125,2976.2451171875,688815104
2025-12-31 19:15:00+00:00,2975.345703125,2975.345703125,2970.084228515625,2972.61328125,0
2025-12-31 19:30:00+00:00,2972.46533203125,2972.65869140625,2969.1171875,2969.1171875,12272640
2025-12-31 19:45:00+00:00,2968.69091796875,2969.820068359375,2966.98779296875,2969.147216796875,23213056
2025-12-31 20:00:00+00:00,2967.474853515625,2967.767578125,2962.14990234375,2962.95361328125,36523008
2025-12-31 20:15:00+00:00,2964.918212890625,2966.625732421875,2964.021484375,2966.625732421875,196691968
2025-12-31 20:30:00+00:00,2966.88818359375,2969.831787109375,2959.880615234375,2961.930908203125,84955136
2025-12-31 20:45:00+00:00,2961.498779296875,2973.669677734375,2959.42822265625,2973.102783203125,340065280
2025-12-31 21:00:00+00:00,2971.420166015625,2975.661376953125,2970.64599609375,2972.916259765625,128471040
2025-12-31 21:15:00+00:00,2973.01806640625,2975.400390625,2972.708251953125,2975.39794921875,32399360
2025-12-31 21:30:00+00:00,2975.313720703125,2978.887451171875,2975.296875,2977.928466796875,62870528
2025-12-31 21:45:00+00:00,2977.918701171875,2978.773681640625,2976.72119140625,2976.82763671875,190979072
2025-12-31 22:00:00+00:00,2977.54345703125,2977.54345703125,2975.594970703125,2975.594970703125,0
2025-12-31 22:15:00+00:00,2976.056396484375,2978.61962890625,2975.59375,2978.47119140625,17312768
2025-12-31 22:30:00+00:00,2978.79296875,2978.79296875,2973.10498046875,2973.10498046875,26996736
2025-12-31 22:45:00+00:00,2972.10546875,2972.75146484375,2971.34375,2971.34375,7772160
2025-12-31 23:00:00+00:00,2971.826171875,2971.826171875,2969.526611328125,2970.017578125,0
2025-12-31 23:15:00+00:00,2969.737060546875,2971.291015625,2969.381591796875,2970.497802734375,9608192
2025-12-31 23:30:00+00:00,2970.587890625,2970.61279296875,2967.2294921875,2968.17529296875,8138752
2025-12-31 23:45:00+00:00,2968.35986328125,2968.880859375,2966.180419921875,2966.67724609375,3309568
2026-01-01 00:00:00+00:00,2967.069091796875,2974.286376953125,2967.069091796875,2972.25244140625,157570048
2026-01-01 00:15:00+00:00,2971.894775390625,2974.833251953125,2971.894775390625,2974.833251953125,7810048
2026-01-01 00:30:00+00:00,2974.728515625,2975.036376953125,2973.990478515625,2974.8779296875,4362240
2026-01-01 00:45:00+00:00,2974.91015625,2977.404052734375,2974.53173828125,2975.56787109375,19772416
2026-01-01 01:00:00+00:00,2975.2802734375,2981.52099609375,2975.2802734375,2980.536865234375,0
2026-01-01 01:15:00+00:00,2980.746337890625,2983.691650390625,2978.243408203125,2978.243408203125,79450112
2026-01-01 01:30:00+00:00,2977.18896484375,2980.6708984375,2975.347412109375,2980.6708984375,32694272
2026-01-01 01:45:00+00:00,2981.37255859375,2982.43994140625,2980.432373046875,2980.531005859375,2030592
2026-01-01 02:00:00+00:00,2980.129150390625,2981.576171875,2978.796630859375,2980.061767578125,112237568
2026-01-01 02:15:00+00:00,2980.291748046875,2982.489501953125,2978.66357421875,2979.207763671875,0
2026-01-01 02:30:00+00:00,2979.3427734375,2981.61328125,2977.482666015625,2978.27978515625,57116672
2026-01-01 02:45:00+00:00,2978.183837890625,2978.389404296875,2976.55810546875,2978.314697265625,35580928
2026-01-01 03:00:00+00:00,2977.30712890625,2978.222900390625,2976.90966796875,2978.1123046875,0
2026-01-01 03:15:00+00:00,2978.65380859375,2980.474853515625,2977.448974609375,2978.603515625,0
2026-01-01 03:30:00+00:00,2978.039306640625,2978.627685546875,2977.240234375,2978.242919921875,76026880
2026-01-01 03:45:00+00:00,2978.244384765625,2978.244384765625,2974.9326171875,2975.044677734375,94216192
2026-01-01 04:00:00+00:00,2975.43017578125,2975.59716796875,2971.858642578125,2971.858642578125,732160
2026-01-01 04:15:00+00:00,2971.52880859375,2972.742431640625,2969.6650390625,2972.5986328125,33227776
2026-01-01 04:30:00+00:00,2972.68994140625,2973.7529296875,2970.71875,2970.71875,186901504
2026-01-01 04:45:00+00:00,2968.6025390625,2970.5966796875,2968.6025390625,2970.44873046875,162207744
2026-01-01 05:00:00+00:00,2970.8291015625,2974.99755859375,2970.8291015625,2974.40380859375,1649664
2026-01-01 05:15:00+00:00,2974.37744140625,2977.053955078125,2974.37744140625,2977.053955078125,77020160
2026-01-01 05:30:00+00:00,2976.59716796875,2978.38134765625,2976.59716796875,2977.00732421875,49522688
2026-01-01 05:45:00+00:00,2976.953125,2978.233642578125,2976.953125,2976.9990234375,10091520
2026-01-01 06:00:00+00:00,2976.934814453125,2976.95166015625,2973.93017578125,2974.6044921875,7748608
2026-01-01 06:15:00+00:00,2975.078369140625,2975.658935546875,2973.919921875,2974.15576171875,19055616
2026-01-01 06:30:00+00:00,2974.078857421875,2974.44921875,2973.293701171875,2973.927001953125,5830656
2026-01-01 06:45:00+00:00,2973.439697265625,2973.77734375,2971.58544921875,2971.58544921875,66640896
2026-01-01 07:00:00+00:00,2971.456298828125,2974.893310546875,2971.456298828125,2973.283203125,42377216
2026-01-01 07:15:00+00:00,2973.4541015625,2974.8662109375,2973.231201171875,2973.310546875,13914112
2026-01-01 07:30:00+00:00,2973.009521484375,2975.9912109375,2973.009521484375,2975.32373046875,6864896
2026-01-01 07:45:00+00:00,2975.353515625,2975.642333984375,2972.930419921875,2972.983154296875,22861824
2026-01-01 08:00:00+00:00,2973.185546875,2976.410888671875,2973.185546875,2976.076416015625,0
2026-01-01 08:15:00+00:00,2975.513671875,2977.326416015625,2975.513671875,2976.51708984375,0
2026-01-01 08:30:00+00:00,2976.580078125,2977.98583984375,2975.724853515625,2975.724853515625,20100096
2026-01-01 08:45:00+00:00,2976.265380859375,2976.580322265625,2976.088134765625,2976.521484375,7275520
2026-01-01 09:00:00+00:00,2977.7255859375,2980.128662109375,2977.537353515625,2980.128662109375,127156224
2026-01-01 09:15:00+00:00,2979.98193359375,2982.12744140625,2979.68896484375,2980.021728515625,32918528
2026-01-01 09:30:00+00:00,2979.580810546875,2980.189453125,2978.504150390625,2980.189453125,987136
2026-01-01 09:45:00+00:00,2980.52978515625,2980.52978515625,2979.12353515625,2979.12353515625,1459200
2026-01-01 10:00:00+00:00,2979.25341796875,2980.462158203125,2979.25341796875,2980.44970703125,0
2026-01-01 10:15:00+00:00,2980.925537109375,2980.925537109375,2977.938720703125,2978.34619140625,4647936
2026-01-01 10:30:00+00:00,2978.280029296875,2978.566650390625,2977.93408203125,2977.93408203125,11331584
2026-01-01 10:45:00+00:00,2977.989990234375,2979.83203125,2977.904541015625,2979.83203125,0
2026-01-01 11:00:00+00:00,2980.160888671875,2981.918212890625,2980.13916015625,2981.918212890625,0
2026-01-01 11:15:00+00:00,2981.916259765625,2985.680419921875,2981.916259765625,2983.575439453125,49659904
2026-01-01 11:30:00+00:00,2982.94140625,2983.30712890625,2981.038818359375,2981.14208984375,0
2026-01-01 11:45:00+00:00,2981.4326171875,2984.69140625,2981.4326171875,2984.69140625,0
2026-01-01 12:00:00+00:00,2984.864501953125,2984.877197265625,2983.281494140625,2984.520751953125,0
2026-01-01 12:15:00+00:00,2984.011474609375,2984.011474609375,2980.321533203125,2981.130615234375,7133184
2026-01-01 12:30:00+00:00,2981.33251953125,2981.33251953125,2979.3701171875,2980.24462890625,0
2026-01-01 12:45:00+00:00,2980.371337890625,2983.050048828125,2980.175537109375,2983.050048828125,114690048
2026-01-01 13:00:00+00:00,2982.921630859375,2984.849853515625,2981.7841796875,2984.45947265625,11133952
2026-01-01 13:15:00+00:00,2984.631591796875,2984.631591796875,2980.601318359375,2980.601318359375,0
2026-01-01 13:30:00+00:00,2980.177734375,2981.395263671875,2978.957275390625,2981.29248046875,23895040
2026-01-01 13:45:00+00:00,2980.82177734375,2980.82177734375,2978.58642578125,2978.58642578125,2511872
2026-01-01 14:00:00+00:00,2978.619140625,2979.72998046875,2974.788330078125,2979.048583984375,0
2026-01-01 14:15:00+00:00,2977.96923828125,2978.75927734375,2976.136474609375,2976.136474609375,0
2026-01-01 14:30:00+00:00,2975.191650390625,2977.436767578125,2974.021240234375,2976.43798828125,0
2026-01-01 14:45:00+00:00,2976.9267578125,2982.26806640625,2976.9267578125,2981.101806640625,0
2026-01-01 15:00:00+00:00,2981.2705078125,2981.74267578125,2977.564453125,2977.67626953125,0
2026-01-01 15:15:00+00:00,2978.45849609375,2982.091552734375,2978.45849609375,2979.97412109375,20609024
2026-01-01 15:30:00+00:00,2980.271240234375,2985.50537109375,2980.271240234375,2985.00048828125,400963584
2026-01-01 15:45:00+00:00,2984.790283203125,2987.267578125,2984.33203125,2985.895263671875,0
2026-01-01 16:00:00+00:00,2985.900634765625,2985.900634765625,2981.830810546875,2981.830810546875,0
2026-01-01 16:15:00+00:00,2981.252197265625,2981.607421875,2977.407470703125,2980.8203125,16428032
2026-01-01 16:30:00+00:00,2980.862548828125,2982.26123046875,2978.415283203125,2978.415283203125,0
2026-01-01 16:45:00+00:00,2978.074462890625,2979.635498046875,2977.397705078125,2978.204345703125,0
2026-01-01 17:00:00+00:00,2978.396484375,2981.39501953125,2977.368896484375,2981.39501953125,46357504
2026-01-01 17:15:00+00:00,2981.320068359375,2986.4501953125,2981.320068359375,2986.4501953125,82809856
2026-01-01 17:30:00+00:00,2987.4189453125,2999.469970703125,2987.4189453125,2988.6748046875,172530688
2026-01-01 17:45:00+00:00,2987.700927734375,2990.289794921875,2984.576904296875,2985.53564453125,111233024
2026-01-01 18:00:00+00:00,2988.0009765625,2988.0009765625,2983.407470703125,2985.08447265625,13135872
2026-01-01 18:15:00+00:00,2983.32177734375,2986.889892578125,2983.17138671875,2984.0458984375,0
2026-01-01 18:30:00+00:00,2982.5126953125,2985.0712890625,2982.5126953125,2984.513671875,78612480
2026-01-01 18:45:00+00:00,2986.774658203125,2987.715576171875,2985.189453125,2985.534423828125,0
2026-01-01 19:00:00+00:00,2985.759033203125,2985.875,2983.537841796875,2983.537841796875,0
2026-01-01 19:15:00+00:00,2983.545166015625,2984.439208984375,2983.545166015625,2984.439208984375,24890368
2026-01-01 19:30:00+00:00,2984.513671875,2989.862548828125,2983.999755859375,2989.75634765625,0
2026-01-01 19:45:00+00:00,2989.310546875,2992.431640625,2989.183837890625,2990.382568359375,61594624
2026-01-01 20:00:00+00:00,2990.705322265625,2991.078369140625,2989.272705078125,2989.272705078125,8809472
2026-01-01 20:15:00+00:00,2988.603759765625,2989.101806640625,2987.543212890625,2987.746337890625,0
2026-01-01 20:30:00+00:00,2988.162841796875,2988.162841796875,2986.076171875,2986.429931640625,0
2026-01-01 20:45:00+00:00,2984.632080078125,2985.48046875,2984.093505859375,2985.07177734375,33002496
2026-01-01 21:00:00+00:00,2984.968994140625,2988.825927734375,2984.48095703125,2988.825927734375,0
2026-01-01 21:15:00+00:00,2988.22802734375,2988.681396484375,2987.10888671875,2988.681396484375,35201024
2026-01-01 21:30:00+00:00,2988.499267578125,2988.499267578125,2985.27734375,2985.5908203125,2723840
2026-01-01 21:45:00+00:00,2985.15380859375,2986.40771484375,2984.0712890625,2985.92041015625,0
2026-01-01 22:00:00+00:00,2985.8876953125,2989.16015625,2985.8876953125,2987.389404296875,16871424
2026-01-01 22:15:00+00:00,2987.635498046875,2988.92578125,2987.115234375,2988.92578125,65445888
2026-01-01 22:30:00+00:00,2988.912841796875,2990.345458984375,2983.97412109375,2987.74072265625,42747904
2026-01-01 22:45:00+00:00,2988.550048828125,2995.602783203125,2988.489501953125,2995.52783203125,1879040
2026-01-01 23:00:00+00:00,2994.762939453125,2998.0380859375,2989.56103515625,2993.427001953125,143687680
2026-01-01 23:15:00+00:00,2993.55419921875,3002.12646484375,2993.55419921875,3000.4970703125,580582400
2026-01-01 23:30:00+00:00,3000.935302734375,3005.450439453125,3000.935302734375,3004.4765625,153449472
2026-01-01 23:45:00+00:00,3005.2021484375,3005.5078125,2999.266357421875,3000.008544921875,88296448
2026-01-02 00:00:00+00:00,3000.24072265625,3001.395263671875,2994.286376953125,2995.525390625,16324608
2026-01-02 00:15:00+00:00,2996.326171875,2998.47998046875,2995.2822265625,2997.925537109375,101471232
2026-01-02 00:30:00+00:00,2998.507080078125,3003.932373046875,2994.10546875,2994.10546875,46025728
2026-01-02 00:45:00+00:00,2996.792236328125,3000.6611328125,2996.792236328125,3000.243408203125,134790144
2026-01-02 01:00:00+00:00,3001.5869140625,3003.68798828125,3000.319580078125,3003.432373046875,24892416
2026-01-02 01:15:00+00:00,3000.090087890625,3000.990478515625,2999.159912109375,2999.159912109375,17933312
2026-01-02 01:30:00+00:00,2998.748291015625,2999.072509765625,2995.1201171875,2997.20849609375,71411712
2026-01-02 01:45:00+00:00,2997.017578125,2999.86083984375,2996.286376953125,2999.454833984375,7723008
2026-01-02 02:00:00+00:00,2999.2841796875,2999.440673828125,2993.41796875,2994.281005859375,13444096
2026-01-02 02:15:00+00:00,2994.3759765625,2994.3759765625,2990.025390625,2991.794189453125,59566080
2026-01-02 02:30:00+00:00,2991.48974609375,2994.279052734375,2991.201171875,2993.547607421875,113677312
2026-01-02 02:45:00+00:00,2993.322021484375,2998.895263671875,2993.322021484375,2997.14306640625,169763840
2026-01-02 03:00:00+00:00,2998.2783203125,3008.216552734375,2996.913330078125,3008.216552734375,66405376
2026-01-02 03:15:00+00:00,3011.320068359375,3011.320068359375,3007.1220703125,3009.75439453125,190125056
2026-01-02 03:30:00+00:00,3010.068115234375,3027.68408203125,3010.068115234375,3019.59375,174145536
2026-01-02 03:45:00+00:00,3020.0390625,3025.766845703125,3015.828857421875,3015.828857421875,913601536
2026-01-02 04:00:00+00:00,3017.906494140625,3020.187744140625,3016.26806640625,3016.468017578125,105447424
2026-01-02 04:15:00+00:00,3016.898681640625,3016.898681640625,3011.662841796875,3011.662841796875,78347264
2026-01-02 04:30:00+00:00,3012.213623046875,3014.688232421875,3012.213623046875,3013.4677734375,46699520
2026-01-02 04:45:00+00:00,3012.17919921875,3012.5419921875,3007.662109375,3007.662109375,53613568
2026-01-02 05:00:00+00:00,3007.911376953125,3011.69384765625,3007.911376953125,3010.82861328125,0
2026-01-02 05:15:00+00:00,3011.17431640625,3014.297119140625,3006.291015625,3006.291015625,92611584
2026-01-02 05:30:00+00:00,3006.010009765625,3009.503173828125,3005.9150390625,3009.503173828125,78923776
2026-01-02 05:45:00+00:00,3010.21875,3013.64794921875,3010.02783203125,3012.938720703125,30005248
2026-01-02 06:00:00+00:00,3012.786376953125,3015.01318359375,3011.683837890625,3014.611572265625,70211584
2026-01-02 06:15:00+00:00,3013.80517578125,3019.39453125,3013.80517578125,3019.39453125,25962496
2026-01-02 06:30:00+00:00,3019.612060546875,3032.8916015625,3019.316162109375,3030.62060546875,320557056
2026-01-02 06:45:00+00:00,3031.484375,3031.484375,3023.801025390625,3023.801025390625,129091584
2026-01-02 07:00:00+00:00,3023.365966796875,3027.402587890625,3023.365966796875,3027.402587890625,21113856
2026-01-02 07:15:00+00:00,3027.2158203125,3027.2158203125,3020.512939453125,3020.512939453125,69716992
2026-01-02 07:30:00+00:00,3020.622314453125,3020.622314453125,3015.48681640625,3015.48681640625,75871232
2026-01-02 07:45:00+00:00,3015.4599609375,3016.02734375,3013.785888671875,3014.75830078125,41839616
2026-01-02 08:00:00+00:00,3014.35791015625,3023.97509765625,3012.660888671875,3023.97509765625,83415040
2026-01-02 08:15:00+00:00,3023.712158203125,3023.712158203125,3021.603759765625,3023.621826171875,129635328
2026-01-02 08:30:00+00:00,3022.907958984375,3024.884521484375,3019.929931640625,3024.76123046875,22951936
2026-01-02 08:45:00+00:00,3024.638427734375,3029.112548828125,3024.42138671875,3027.795654296875,189524992
2026-01-02 09:00:00+00:00,3028.412841796875,3039.75537109375,3028.020263671875,3036.349853515625,151397376
2026-01-02 09:15:00+00:00,3036.23974609375,3037.028564453125,3032.28662109375,3036.004150390625,188585984
2026-01-02 09:30:00+00:00,3036.534912109375,3037.45166015625,3033.796875,3037.45166015625,88984576
2026-01-02 09:45:00+00:00,3038.039794921875,3047.785888671875,3038.0283203125,3045.150390625,390327296
2026-01-02 10:00:00+00:00,3044.7880859375,3058.982421875,3043.415283203125,3056.196044921875,288390144
2026-01-02 10:15:00+00:00,3058.5283203125,3062.79248046875,3052.2177734375,3052.2177734375,557927424
2026-01-02 10:30:00+00:00,3051.563232421875,3058.334228515625,3051.563232421875,3056.88134765625,203644928
2026-01-02 10:45:00+00:00,3056.025634765625,3057.753662109375,3053.092529296875,3053.092529296875,102412288
2026-01-02 11:00:00+00:00,3053.634033203125,3053.634033203125,3043.601318359375,3043.9111328125,67217408
2026-01-02 11:15:00+00:00,3044.927978515625,3050.123291015625,3041.747314453125,3047.154541015625,321116160
2026-01-02 11:30:00+00:00,3044.192138671875,3048.071533203125,3042.90869140625,3042.90869140625,99620864
2026-01-02 11:45:00+00:00,3043.544921875,3044.51904296875,3041.692626953125,3044.208740234375,176014336
2026-01-02 12:00:00+00:00,3044.584716796875,3045.983642578125,3040.90283203125,3044.90185546875,40815616
2026-01-02 12:15:00+00:00,3044.509521484375,3049.3154296875,3043.721435546875,3046.11669921875,84288512
2026-01-02 12:30:00+00:00,3047.35986328125,3051.967529296875,3046.763671875,3051.874755859375,195954688
2026-01-02 12:45:00+00:00,3051.295166015625,3051.527099609375,3045.928955078125,3045.928955078125,63144960
2026-01-02 13:00:00+00:00,3045.618896484375,3050.478271484375,3044.5166015625,3046.892333984375,116997120
2026-01-02 13:15:00+00:00,3047.6279296875,3054.383544921875,3047.6279296875,3051.92529296875,105921536
2026-01-02 13:30:00+00:00,3050.867431640625,3050.867431640625,3045.963134765625,3049.052734375,166506496
2026-01-02 13:45:00+00:00,3048.21484375,3053.239013671875,3047.539306640625,3047.539306640625,28374016
2026-01-02 14:00:00+00:00,3047.4921875,3050.826171875,3040.002685546875,3040.002685546875,108681216
2026-01-02 14:15:00+00:00,3040.810302734375,3040.810302734375,3024.220458984375,3033.4013671875,405374976
2026-01-02 14:30:00+00:00,3032.982421875,3059.327880859375,3023.47119140625,3059.327880859375,452157440
2026-01-02 14:45:00+00:00,3052.397216796875,3098.28564453125,3049.02001953125,3081.55908203125,1866543104
2026-01-02 15:00:00+00:00,3080.52978515625,3088.20263671875,3070.81689453125,3072.865478515625,379258880
2026-01-02 15:15:00+00:00,3069.7392578125,3073.89111328125,3058.799072265625,3068.81103515625,1344837632
2026-01-02 15:30:00+00:00,3069.516845703125,3091.007568359375,3069.516845703125,3090.524658203125,344567808
2026-01-02 15:45:00+00:00,3093.327880859375,3093.327880859375,3079.854736328125,3079.854736328125,453855232
2026-01-02 16:00:00+00:00,3082.02490234375,3091.217529296875,3079.261962890625,3090.15283203125,324268032
2026-01-02 16:15:00+00:00,3112.770751953125,3112.770751953125,3099.04150390625,3100.10693359375,681228288
2026-01-02 16:30:00+00:00,3104.87841796875,3138.111083984375,3104.87841796875,3126.0693359375,656052224
2026-01-02 16:45:00+00:00,3123.59521484375,3130.61083984375,3116.413818359375,3130.61083984375,1507000320
2026-01-02 17:00:00+00:00,3130.438720703125,3141.224853515625,3130.438720703125,3141.224853515625,275722240
2026-01-02 17:15:00+00:00,3145.54052734375,3145.818359375,3130.012451171875,3130.07373046875,407054336
2026-01-02 17:30:00+00:00,3131.724609375,3131.724609375,3123.791259765625,3125.89111328125,214769664
2026-01-02 17:45:00+00:00,3127.28515625,3127.28515625,3114.210205078125,3119.615966796875,206897152
2026-01-02 18:00:00+00:00,3122.958251953125,3125.3369140625,3119.337158203125,3120.223388671875,245213184
2026-01-02 18:15:00+00:00,3121.748779296875,3129.978759765625,3121.336669921875,3122.471923828125,1295380480
2026-01-02 18:30:00+00:00,3122.73095703125,3122.73095703125,3109.983642578125,3111.057861328125,117923840
2026-01-02 18:45:00+00:00,3110.763671875,3115.052978515625,3096.44677734375,3108.193115234375,1491679232
2026-01-02 19:00:00+00:00,3108.26611328125,3116.2880859375,3108.26611328125,3116.2880859375,160239616
2026-01-02 19:15:00+00:00,3116.89453125,3121.032470703125,3114.764892578125,3119.509521484375,170450944
2026-01-02 19:30:00+00:00,3119.3173828125,3125.872802734375,3119.3173828125,3125.872802734375,248143872
2026-01-02 19:45:00+00:00,3124.74609375,3125.708984375,3121.86962890625,3121.933837890625,122494976
2026-01-02 20:00:00+00:00,3122.16845703125,3124.935546875,3118.9677734375,3123.936279296875,296810496
2026-01-02 20:15:00+00:00,3123.81298828125,3126.140869140625,3119.5859375,3121.019287109375,331919360
2026-01-02 20:30:00+00:00,3119.91357421875,3123.53173828125,3116.044189453125,3123.53173828125,114038784
2026-01-02 20:45:00+00:00,3121.765869140625,3121.765869140625,3111.003662109375,3117.00634765625,290662400
2026-01-02 21:00:00+00:00,3116.9833984375,3120.88818359375,3116.9833984375,3119.3828125,213934080
2026-01-02 21:15:00+00:00,3119.092529296875,3122.305419921875,3115.780029296875,3122.305419921875,11534336
2026-01-02 21:30:00+00:00,3123.2802734375,3125.361328125,3121.641845703125,3122.28125,102270976
2026-01-02 21:45:00+00:00,3123.450927734375,3129.713134765625,3122.465576171875,3128.767578125,196632576
2026-01-02 22:00:00+00:00,3128.9921875,3140.265380859375,3128.361328125,3131.810546875,240273408
2026-01-02 22:15:00+00:00,3132.2880859375,3138.13330078125,3132.2880859375,3133.79736328125,256557056
2026-01-02 22:30:00+00:00,3132.41748046875,3134.3408203125,3129.347900390625,3134.3408203125,219785216
2026-01-02 22:45:00+00:00,3136.612548828125,3139.370849609375,3132.243408203125,3132.243408203125,189841408
2026-01-02 23:00:00+00:00,3132.6767578125,3133.083251953125,3130.00537109375,3130.00537109375,182454272
2026-01-02 23:15:00+00:00,3129.403076171875,3130.757080078125,3124.299072265625,3125.198486328125,0
2026-01-02 23:30:00+00:00,3122.740234375,3125.89306640625,3121.87353515625,3125.22314453125,2916352
2026-01-02 23:45:00+00:00,3125.43505859375,3125.43505859375,3120.818359375,3123.247314453125,212316160
2026-01-03 00:00:00+00:00,3124.20361328125,3129.671142578125,3124.20361328125,3127.678466796875,117925888
2026-01-03 00:15:00+00:00,3127.971923828125,3129.607666015625,3122.768310546875,3128.351318359375,38799360
2026-01-03 00:30:00+00:00,3129.7900390625,3129.7900390625,3127.417724609375,3129.373046875,181540864
2026-01-03 00:45:00+00:00,3129.206787109375,3134.362060546875,3129.206787109375,3130.74267578125,43075584
2026-01-03 01:00:00+00:00,3130.395751953125,3130.45751953125,3127.500244140625,3130.031005859375,29419520
2026-01-03 01:15:00+00:00,3130.239013671875,3130.239013671875,3122.67236328125,3123.893310546875,151369728
2026-01-03 01:30:00+00:00,3123.87548828125,3128.979248046875,3123.87548828125,3128.03564453125,0
2026-01-03 01:45:00+00:00,3128.872802734375,3130.75634765625,3127.143310546875,3130.75634765625,15267840
2026-01-03 02:00:00+00:00,3129.345703125,3129.345703125,3119.757080078125,3120.8076171875,45987840
2026-01-03 02:15:00+00:00,3120.869384765625,3125.103515625,3120.237548828125,3124.936767578125,250720256
2026-01-03 02:30:00+00:00,3125.43212890625,3126.62158203125,3123.97216796875,3124.237060546875,98623488
2026-01-03 02:45:00+00:00,3124.44287109375,3127.930419921875,3124.44287109375,3125.3994140625,28282880
2026-01-03 03:00:00+00:00,3125.145751953125,3125.145751953125,3121.1865234375,3121.343017578125,0
2026-01-03 03:15:00+00:00,3125.15625,3125.251220703125,3119.43212890625,3119.500244140625,0
2026-01-03 03:30:00+00:00,3120.091552734375,3123.56982421875,3120.091552734375,3123.56982421875,0
2026-01-03 03:45:00+00:00,3123.81591796875,3125.885986328125,3123.267822265625,3124.680419921875,78807040
2026-01-03 04:00:00+00:00,3123.992431640625,3125.7236328125,3119.73681640625,3119.73681640625,0
2026-01-03 04:15:00+00:00,3119.859130859375,3121.650634765625,3119.859130859375,3121.650634765625,166813696
2026-01-03 04:30:00+00:00,3120.8759765625,3120.8759765625,3116.884765625,3117.423583984375,0
2026-01-03 04:45:00+00:00,3116.15234375,3117.31103515625,3114.994873046875,3115.5029296875,226977792
2026-01-03 05:00:00+00:00,3115.971435546875,3117.37890625,3115.947265625,3116.3486328125,83302400
2026-01-03 05:15:00+00:00,3114.77294921875,3114.77294921875,3111.212646484375,3111.212646484375,48490496
2026-01-03 05:30:00+00:00,3111.39990234375,3111.39990234375,3104.39794921875,3106.125732421875,183603200
2026-01-03 05:45:00+00:00,3105.88330078125,3111.31787109375,3105.505859375,3111.31787109375,44828672
2026-01-03 06:00:00+00:00,3110.3916015625,3114.891357421875,3110.130859375,3114.586669921875,121827328
2026-01-03 06:15:00+00:00,3114.3466796875,3114.607666015625,3108.416259765625,3108.416259765625,48420864
2026-01-03 06:30:00+00:00,3108.1083984375,3110.119384765625,3105.4521484375,3105.821533203125,0
2026-01-03 06:45:00+00:00,3103.58740234375,3103.58740234375,3098.923583984375,3100.793701171875,241422336
2026-01-03 07:00:00+00:00,3098.808349609375,3103.68994140625,3094.732421875,3094.732421875,62234624
2026-01-03 07:15:00+00:00,3094.3671875,3095.802734375,3077.4658203125,3083.6787109375,1347092480
2026-01-03 07:30:00+00:00,3081.225830078125,3092.86474609375,3081.225830078125,3092.117431640625,467806208
2026-01-03 07:45:00+00:00,3090.881591796875,3090.9892578125,3088.229248046875,3089.58984375,46379008
2026-01-03 08:00:00+00:00,3087.491943359375,3095.349853515625,3085.3955078125,3089.843994140625,11450368
2026-01-03 08:15:00+00:00,3089.832763671875,3101.5595703125,3089.832763671875,3101.5595703125,14538752
2026-01-03 08:30:00+00:00,3099.195068359375,3101.2431640625,3097.586181640625,3100.223388671875,349065216
2026-01-03 08:45:00+00:00,3100.223876953125,3100.56005859375,3094.9892578125,3094.9892578125,40331264
2026-01-03 09:00:00+00:00,3095.06298828125,3097.423828125,3094.676025390625,3095.465576171875,0
2026-01-03 09:15:00+00:00,3095.2421875,3099.107177734375,3092.338623046875,3099.107177734375,0
2026-01-03 09:30:00+00:00,3098.72412109375,3108.350341796875,3098.72412109375,3106.0263671875,244000768
2026-01-03 09:45:00+00:00,3106.665283203125,3107.36669921875,3100.7275390625,3101.658447265625,0
2026-01-03 10:00:00+00:00,3100.248046875,3100.248046875,3097.030029296875,3099.001708984375,0
2026-01-03 10:15:00+00:00,3097.61572265625,3100.030029296875,3097.61572265625,3099.607421875,0
2026-01-03 10:30:00+00:00,3099.5205078125,3104.16357421875,3098.963134765625,3102.671630859375,18282496
2026-01-03 10:45:00+00:00,3101.9541015625,3101.9541015625,3098.723876953125,3098.723876953125,1033590784
2026-01-03 11:00:00+00:00,3096.229248046875,3096.850830078125,3092.89794921875,3093.194091796875,0
2026-01-03 11:15:00+00:00,3093.14013671875,3095.238037109375,3092.566162109375,3094.146484375,0
2026-01-03 11:30:00+00:00,3093.9228515625,3096.74462890625,3092.086181640625,3096.208984375,119416832
2026-01-03 11:45:00+00:00,3096.77197265625,3098.06005859375,3095.48681640625,3097.7080078125,223105024
2026-01-03 12:00:00+00:00,3097.0478515625,3097.0478515625,3092.67626953125,3093.363037109375,69437440
2026-01-03 12:15:00+00:00,3093.340576171875,3098.423828125,3093.33544921875,3098.423828125,0
2026-01-03 12:30:00+00:00,3099.228271484375,3099.228271484375,3095.72021484375,3097.142333984375,112902144
2026-01-03 12:45:00+00:00,3098.849365234375,3102.737548828125,3098.849365234375,3102.368408203125,1312735232
2026-01-03 13:00:00+00:00,3103.6962890625,3104.56103515625,3099.65771484375,3099.65771484375,70678528
2026-01-03 13:15:00+00:00,3100.22216796875,3105.16650390625,3100.22216796875,3103.490966796875,0
2026-01-03 13:30:00+00:00,3102.595458984375,3105.369384765625,3102.48291015625,3103.066650390625,28299264
2026-01-03 13:45:00+00:00,3103.009765625,3103.009765625,3101.406494140625,3101.752685546875,0
2026-01-03 14:00:00+00:00,3101.525146484375,3104.322265625,3101.37548828125,3103.76953125,44550144
2026-01-03 14:15:00+00:00,3104.819580078125,3109.934326171875,3103.428466796875,3108.713623046875,0
2026-01-03 14:30:00+00:00,3109.51904296875,3109.80859375,3106.9873046875,3107.286376953125,36212736
2026-01-03 14:45:00+00:00,3106.767578125,3106.767578125,3102.354736328125,3103.59765625,0
2026-01-03 15:00:00+00:00,3104.643798828125,3104.643798828125,3099.259765625,3099.803955078125,0
2026-01-03 15:15:00+00:00,3100.2509765625,3103.560302734375,3100.194091796875,3103.560302734375,0
2026-01-03 15:30:00+00:00,3103.087646484375,3104.904052734375,3102.809326171875,3104.041015625,0
2026-01-03 15:45:00+00:00,3103.2939453125,3104.3828125,3100.09912109375,3100.09912109375,0
2026-01-03 16:00:00+00:00,3099.289306640625,3102.088134765625,3099.289306640625,3101.461181640625,0
2026-01-03 16:15:00+00:00,3101.406982421875,3103.208251953125,3097.943603515625,3101.837646484375,0
2026-01-03 16:30:00+00:00,3101.51708984375,3108.729248046875,3101.51708984375,3108.183349609375,0
2026-01-03 16:45:00+00:00,3108.277099609375,3109.503662109375,3105.861328125,3105.861328125,0
2026-01-03 17:00:00+00:00,3105.894775390625,3107.10400390625,3104.03759765625,3104.192626953125,0
2026-01-03 17:15:00+00:00,3104.2802734375,3107.3037109375,3104.2802734375,3105.955078125,0
2026-01-03 17:30:00+00:00,3106.068115234375,3108.110595703125,3106.068115234375,3108.110595703125,0
2026-01-03 17:45:00+00:00,3108.309814453125,3108.309814453125,3106.038330078125,3106.65771484375,0
2026-01-03 18:00:00+00:00,3106.63623046875,3106.63623046875,3103.759521484375,3104.782958984375,0
2026-01-03 18:15:00+00:00,3104.89306640625,3115.3671875,3104.89306640625,3113.955810546875,0
2026-01-03 18:30:00+00:00,3114.600341796875,3114.600341796875,3111.888916015625,3112.027587890625,0
2026-01-03 18:45:00+00:00,3113.09814453125,3113.7138671875,3111.74951171875,3113.670166015625,0
2026-01-03 19:00:00+00:00,3114.214111328125,3114.214111328125,3109.331787109375,3109.331787109375,0
2026-01-03 19:15:00+00:00,3109.406494140625,3110.384765625,3108.7685546875,3110.384765625,0
2026-01-03 19:30:00+00:00,3110.865234375,3112.566162109375,3110.1962890625,3112.566162109375,57534464
2026-01-03 19:45:00+00:00,3112.322998046875,3112.322998046875,3110.4970703125,3110.53662109375,0
2026-01-03 20:00:00+00:00,3110.99951171875,3111.51025390625,3105.773681640625,3106.267333984375,0
2026-01-03 20:15:00+00:00,3106.485107421875,3108.5576171875,3106.485107421875,3108.5576171875,54176768
2026-01-03 20:30:00+00:00,3108.47021484375,3113.053955078125,3108.46533203125,3113.053955078125,0
2026-01-03 20:45:00+00:00,3114.36962890625,3115.09130859375,3113.297119140625,3113.6044921875,62257152
2026-01-03 21:00:00+00:00,3113.68798828125,3113.68798828125,3111.669921875,3112.47705078125,0
2026-01-03 21:15:00+00:00,3112.93359375,3119.999267578125,3112.93359375,3118.918212890625,48250880
2026-01-03 21:30:00+00:00,3119.09814453125,3126.196533203125,3119.09814453125,3121.087158203125,571658240
2026-01-03 21:45:00+00:00,3119.23193359375,3119.23193359375,3117.23486328125,3119.1376953125,1597440
2026-01-03 22:00:00+00:00,3119.14013671875,3119.14013671875,3113.215087890625,3113.215087890625,0
2026-01-03 22:15:00+00:00,3115.73193359375,3121.538330078125,3115.73193359375,3120.214111328125,24351744
2026-01-03 22:30:00+00:00,3118.837646484375,3123.4453125,3118.574462890625,3121.60302734375,45873152
2026-01-03 22:45:00+00:00,3121.281494140625,3121.8779296875,3118.41064453125,3120.401611328125,0
2026-01-03 23:00:00+00:00,3121.59130859375,3123.070556640625,3119.765380859375,3120.60546875,30809088
2026-01-03 23:15:00+00:00,3122.78662109375,3127.07666015625,3122.78662109375,3125.638427734375,9791488
2026-01-03 23:30:00+00:00,3127.18505859375,3127.574951171875,3124.808837890625,3125.516845703125,105632768
2026-01-03 23:45:00+00:00,3125.2236328125,3126.1357421875,3124.30224609375,3126.132080078125,2357248
2026-01-04 00:00:00+00:00,3126.65185546875,3149.00048828125,3126.65185546875,3149.00048828125,296964096
2026-01-04 00:15:00+00:00,3146.465576171875,3146.465576171875,3139.604736328125,3143.028076171875,254962688
2026-01-04 00:30:00+00:00,3138.79638671875,3148.984375,3138.79638671875,3145.664306640625,195732480
2026-01-04 00:45:00+00:00,3144.215576171875,3159.73974609375,3144.215576171875,3157.856201171875,188264448
2026-01-04 01:00:00+00:00,3156.180419921875,3159.329833984375,3155.0244140625,3155.33251953125,132286464
2026-01-04 01:15:00+00:00,3156.019775390625,3156.019775390625,3147.161865234375,3147.449951171875,164423680
2026-01-04 01:30:00+00:00,3146.7626953125,3148.932373046875,3144.003662109375,3144.003662109375,166917120
2026-01-04 01:45:00+00:00,3145.553955078125,3149.4287109375,3141.442626953125,3148.8818359375,23736320
2026-01-04 02:00:00+00:00,3148.918701171875,3148.918701171875,3139.56298828125,3139.56298828125,47915008
2026-01-04 02:15:00+00:00,3142.488525390625,3145.0703125,3142.206787109375,3145.0703125,140419072
2026-01-04 02:30:00+00:00,3145.340087890625,3147.21923828125,3141.61865234375,3141.61865234375,105494528
2026-01-04 02:45:00+00:00,3141.372314453125,3141.372314453125,3136.865234375,3138.71630859375,41690112
2026-01-04 03:00:00+00:00,3139.57861328125,3146.140380859375,3139.57861328125,3146.140380859375,88806400
2026-01-04 03:15:00+00:00,3147.977294921875,3147.977294921875,3143.8994140625,3143.8994140625,65423360
2026-01-04 03:30:00+00:00,3141.00732421875,3146.03271484375,3141.00732421875,3146.03271484375,45605888
2026-01-04 03:45:00+00:00,3146.322265625,3148.8955078125,3146.322265625,3147.560791015625,128333824
2026-01-04 04:00:00+00:00,3146.342529296875,3147.010986328125,3144.781982421875,3145.64794921875,11297792
2026-01-04 04:15:00+00:00,3147.679443359375,3153.075927734375,3147.679443359375,3149.526123046875,141064192
2026-01-04 04:30:00+00:00,3148.756103515625,3153.833251953125,3148.756103515625,3151.458740234375,612086784
2026-01-04 04:45:00+00:00,3151.76806640625,3151.76806640625,3146.61376953125,3147.239501953125,90217472
2026-01-04 05:00:00+00:00,3146.705810546875,3147.10595703125,3144.291259765625,3146.30517578125,1123328
2026-01-04 05:15:00+00:00,3145.690185546875,3149.169921875,3145.690185546875,3149.169921875,10063872
2026-01-04 05:30:00+00:00,3149.470703125,3149.86376953125,3145.04833984375,3145.410888671875,0
2026-01-04 05:45:00+00:00,3145.598388671875,3149.134521484375,3145.598388671875,3148.76220703125,691464192
2026-01-04 06:00:00+00:00,3149.06201171875,3155.475830078125,3148.822265625,3154.437255859375,26815488
2026-01-04 06:15:00+00:00,3153.679931640625,3157.632568359375,3149.83349609375,3149.83349609375,249700352
2026-01-04 06:30:00+00:00,3148.509765625,3149.281005859375,3140.865234375,3140.865234375,91651072
2026-01-04 06:45:00+00:00,3141.977783203125,3144.228271484375,3139.539306640625,3139.539306640625,67961856
2026-01-04 07:00:00+00:00,3138.894287109375,3143.703857421875,3138.894287109375,3143.5517578125,0
2026-01-04 07:15:00+00:00,3142.830810546875,3142.830810546875,3135.144775390625,3136.910888671875,9031680
2026-01-04 07:30:00+00:00,3138.591796875,3142.049560546875,3136.150390625,3142.049560546875,0
2026-01-04 07:45:00+00:00,3140.6943359375,3141.606201171875,3139.56103515625,3140.08203125,52116480
2026-01-04 08:00:00+00:00,3139.960693359375,3139.960693359375,3128.68212890625,3132.851806640625,108737536
2026-01-04 08:15:00+00:00,3132.23193359375,3135.641845703125,3131.458251953125,3132.2734375,0
2026-01-04 08:30:00+00:00,3132.727783203125,3135.962646484375,3132.727783203125,3135.8779296875,23027712
2026-01-04 08:45:00+00:00,3136.6640625,3137.5556640625,3135.880859375,3136.906005859375,81498112
2026-01-04 09:00:00+00:00,3137.21728515625,3137.37890625,3134.0908203125,3134.0908203125,19506176
2026-01-04 09:15:00+00:00,3135.740966796875,3144.084716796875,3135.740966796875,3136.739501953125,725962752
2026-01-04 09:30:00+00:00,3135.793701171875,3141.594482421875,3135.793701171875,3141.594482421875,106891264
2026-01-04 09:45:00+00:00,3141.489501953125,3143.079345703125,3140.0283203125,3142.4306640625,40420352
2026-01-04 10:00:00+00:00,3142.47314453125,3145.518310546875,3142.47314453125,3145.518310546875,12078080
2026-01-04 10:15:00+00:00,3145.218505859375,3145.218505859375,3141.662353515625,3142.455078125,146808832
2026-01-04 10:30:00+00:00,3141.901123046875,3143.925537109375,3141.5205078125,3143.607177734375,64790528
2026-01-04 10:45:00+00:00,3144.503662109375,3145.651611328125,3144.255126953125,3144.255126953125,128795648
2026-01-04 11:00:00+00:00,3144.20068359375,3144.20068359375,3139.3779296875,3140.896728515625,12590080
2026-01-04 11:15:00+00:00,3140.459716796875,3140.459716796875,3138.135986328125,3138.892578125,146445312
2026-01-04 11:30:00+00:00,3138.687255859375,3138.7998046875,3135.156982421875,3136.572265625,36776960
2026-01-04 11:45:00+00:00,3136.780517578125,3137.544921875,3134.21630859375,3136.73291015625,48631808
2026-01-04 12:00:00+00:00,3137.92333984375,3137.92333984375,3134.139892578125,3135.54833984375,11632640
2026-01-04 12:15:00+00:00,3136.1650390625,3142.53271484375,3136.1650390625,3142.53271484375,68767744
2026-01-04 12:30:00+00:00,3142.651123046875,3143.95361328125,3135.083984375,3135.340576171875,762577920
2026-01-04 12:45:00+00:00,3134.303955078125,3135.133056640625,3133.762451171875,3134.92431640625,46219264
2026-01-04 13:00:00+00:00,3134.302978515625,3137.442626953125,3133.41357421875,3137.3798828125,201728
2026-01-04 13:15:00+00:00,3135.596435546875,3136.725830078125,3132.00048828125,3136.1591796875,122780672
2026-01-04 13:30:00+00:00,3136.831298828125,3138.176513671875,3135.46728515625,3136.279052734375,26890240
2026-01-04 13:45:00+00:00,3136.662353515625,3138.672119140625,3136.155517578125,3138.672119140625,29100032
2026-01-04 14:00:00+00:00,3138.76806640625,3141.345703125,3136.387939453125,3141.345703125,23042048
2026-01-04 14:15:00+00:00,3140.747802734375,3140.747802734375,3135.561279296875,3135.587646484375,784184320
2026-01-04 14:30:00+00:00,3135.71630859375,3135.71630859375,3131.152587890625,3133.426025390625,96768000
2026-01-04 14:45:00+00:00,3131.273681640625,3136.79736328125,3131.273681640625,3135.900634765625,30720000
2026-01-04 15:00:00+00:00,3135.83447265625,3137.419921875,3135.10693359375,3137.362060546875,6881280
2026-01-04 15:15:00+00:00,3137.25439453125,3137.25439453125,3133.9326171875,3134.5341796875,31475712
2026-01-04 15:30:00+00:00,3134.78662109375,3134.9765625,3128.530517578125,3130.243896484375,52505600
2026-01-04 15:45:00+00:00,3129.690673828125,3132.9951171875,3120.826416015625,3132.9951171875,145435648
2026-01-04 16:00:00+00:00,3133.567138671875,3136.9375,3131.811279296875,3132.808837890625,166815744
2026-01-04 16:15:00+00:00,3131.87890625,3133.000244140625,3131.031982421875,3131.09326171875,55141376
2026-01-04 16:30:00+00:00,3131.072021484375,3136.863525390625,3131.072021484375,3134.220458984375,34373632
2026-01-04 16:45:00+00:00,3134.57666015625,3137.522216796875,3134.57666015625,3137.522216796875,24008704
2026-01-04 17:00:00+00:00,3137.598876953125,3140.63720703125,3137.598876953125,3137.913818359375,47959040
2026-01-04 17:15:00+00:00,3135.869384765625,3138.3115234375,3134.968017578125,3135.849365234375,21498880
2026-01-04 17:30:00+00:00,3135.976806640625,3139.70263671875,3135.976806640625,3137.17138671875,121584640
2026-01-04 17:45:00+00:00,3136.91943359375,3138.97998046875,3135.9140625,3135.954833984375,63213568
2026-01-04 18:00:00+00:00,3136.093505859375,3136.093505859375,3130.41748046875,3130.41748046875,106580992
2026-01-04 18:15:00+00:00,3130.887939453125,3130.887939453125,3126.16015625,3128.559326171875,2682880
2026-01-04 18:30:00+00:00,3127.915283203125,3129.656005859375,3122.28125,3129.656005859375,39017472
2026-01-04 18:45:00+00:00,3131.709716796875,3132.90576171875,3130.9697265625,3132.873046875,123157504
2026-01-04 19:00:00+00:00,3133.005859375,3133.019775390625,3119.7265625,3123.678955078125,45255680
2026-01-04 19:15:00+00:00,3126.975830078125,3131.343994140625,3126.5107421875,3129.094970703125,155963392
2026-01-04 19:30:00+00:00,3129.373046875,3131.50927734375,3127.28125,3128.363525390625,69415936
2026-01-04 19:45:00+00:00,3127.178955078125,3132.774658203125,3127.178955078125,3131.67919921875,162663424
2026-01-04 20:00:00+00:00,3131.4794921875,3136.977294921875,3129.765869140625,3136.977294921875,143845376
2026-01-04 20:15:00+00:00,3136.18994140625,3138.76220703125,3135.8291015625,3138.76220703125,974454784
2026-01-04 20:30:00+00:00,3138.79296875,3139.755859375,3136.244384765625,3138.733154296875,101560320
2026-01-04 20:45:00+00:00,3138.07373046875,3140.166259765625,3137.133056640625,3139.14306640625,43716608
2026-01-04 21:00:00+00:00,3139.244384765625,3152.72314453125,3138.26904296875,3152.72314453125,27676672
2026-01-04 21:15:00+00:00,3148.5380859375,3148.5380859375,3143.29248046875,3144.0517578125,370455552
2026-01-04 21:30:00+00:00,3141.271240234375,3144.493896484375,3137.32666015625,3138.157958984375,26407936
2026-01-04 21:45:00+00:00,3137.539794921875,3142.66845703125,3136.556884765625,3142.140380859375,47729664
2026-01-04 22:00:00+00:00,3142.607177734375,3147.979248046875,3137.274658203125,3137.274658203125,124867584
2026-01-04 22:15:00+00:00,3135.416259765625,3140.6923828125,3135.416259765625,3139.70361328125,47655936
2026-01-04 22:30:00+00:00,3139.75146484375,3140.1796875,3135.7783203125,3136.80712890625,72610816
2026-01-04 22:45:00+00:00,3135.8271484375,3138.3154296875,3135.79150390625,3136.595703125,27176960
2026-01-04 23:00:00+00:00,3137.873046875,3149.556640625,3137.873046875,3139.875,164368384
2026-01-04 23:15:00+00:00,3136.970703125,3145.52880859375,3136.970703125,3140.849609375,51224576
2026-01-04 23:30:00+00:00,3141.164794921875,3141.318115234375,3137.6357421875,3137.94091796875,108185600
2026-01-04 23:45:00+00:00,3137.906005859375,3140.0205078125,3133.858154296875,3140.0205078125,78940160
2026-01-05 00:00:00+00:00,3143.287841796875,3155.667236328125,3143.287841796875,3152.980712890625,16735232
2026-01-05 00:15:00+00:00,3155.868896484375,3156.442626953125,3144.703857421875,3149.47802734375,89628672
2026-01-05 00:30:00+00:00,3150.298583984375,3151.94580078125,3145.165771484375,3151.94580078125,41495552
2026-01-05 00:45:00+00:00,3152.928955078125,3168.264892578125,3152.928955078125,3167.741943359375,346644480
2026-01-05 01:00:00+00:00,3166.0009765625,3188.2880859375,3163.00537109375,3186.016357421875,205930496
2026-01-05 01:15:00+00:00,3188.628173828125,3188.628173828125,3178.412109375,3182.81591796875,425654272
2026-01-05 01:30:00+00:00,3184.036865234375,3207.77734375,3180.4892578125,3207.189453125,533667840
2026-01-05 01:45:00+00:00,3209.056640625,3209.37890625,3196.2490234375,3196.2490234375,339955712
2026-01-05 02:00:00+00:00,3196.97705078125,3202.236328125,3186.1005859375,3191.697265625,414455808
2026-01-05 02:15:00+00:00,3190.890380859375,3194.498779296875,3185.033935546875,3185.788818359375,132349952
2026-01-05 02:30:00+00:00,3184.0302734375,3190.18701171875,3184.0302734375,3185.24267578125,78192640
2026-01-05 02:45:00+00:00,3186.7216796875,3193.266845703125,3186.7216796875,3191.404296875,343597056
2026-01-05 03:00:00+00:00,3191.414306640625,3193.936279296875,3186.85302734375,3186.85302734375,47092736
2026-01-05 03:15:00+00:00,3187.02197265625,3188.431640625,3184.705078125,3188.305908203125,169881600
2026-01-05 03:30:00+00:00,3188.521240234375,3192.766357421875,3185.683349609375,3185.683349609375,134729728
2026-01-05 03:45:00+00:00,3185.62744140625,3186.6162109375,3184.06103515625,3184.06103515625,34153472
2026-01-05 04:00:00+00:00,3184.111328125,3185.91455078125,3175.7197265625,3175.7197265625,100289536
2026-01-05 04:15:00+00:00,3175.865478515625,3176.711181640625,3163.509521484375,3165.17626953125,73633792
2026-01-05 04:30:00+00:00,3161.787109375,3165.34619140625,3161.359130859375,3162.9140625,233695232
2026-01-05 04:45:00+00:00,3161.14306640625,3165.672119140625,3161.14306640625,3165.33935546875,214791168
2026-01-05 05:00:00+00:00,3165.412109375,3165.5107421875,3161.83544921875,3161.83544921875,11509760
2026-01-05 05:15:00+00:00,3162.186279296875,3164.806640625,3160.50927734375,3164.806640625,1195224064
2026-01-05 05:30:00+00:00,3164.994140625,3164.994140625,3158.356201171875,3158.4697265625,63008768
2026-01-05 05:45:00+00:00,3155.3701171875,3155.3701171875,3148.222900390625,3149.62939453125,286096384
2026-01-05 06:00:00+00:00,3148.057861328125,3154.435546875,3148.057861328125,3151.768798828125,133968896
2026-01-05 06:15:00+00:00,3151.27392578125,3152.94384765625,3144.28955078125,3144.28955078125,96611328
2026-01-05 06:30:00+00:00,3141.32177734375,3151.083740234375,3141.32177734375,3150.294189453125,143585280
2026-01-05 06:45:00+00:00,3154.007568359375,3156.71435546875,3152.236083984375,3156.71435546875,182141952
2026-01-05 07:00:00+00:00,3155.7333984375,3158.5712890625,3154.5087890625,3158.5712890625,24125440
2026-01-05 07:15:00+00:00,3159.224365234375,3160.33203125,3155.26318359375,3155.26318359375,0
2026-01-05 07:30:00+00:00,3155.568603515625,3157.827392578125,3155.568603515625,3157.827392578125,105135104
2026-01-05 07:45:00+00:00,3157.49365234375,3158.424560546875,3156.359130859375,3156.392333984375,211763200
2026-01-05 08:00:00+00:00,3155.8505859375,3160.79052734375,3155.65966796875,3160.79052734375,0
2026-01-05 08:15:00+00:00,3161.60107421875,3169.227294921875,3161.60107421875,3164.246826171875,195578880
2026-01-05 08:30:00+00:00,3166.021240234375,3166.21337890625,3159.021240234375,3159.021240234375,2031616
2026-01-05 08:45:00+00:00,3159.236572265625,3165.017333984375,3159.236572265625,3162.473876953125,276103168
2026-01-05 09:00:00+00:00,3162.0400390625,3162.0400390625,3154.068603515625,3154.43798828125,125125632
2026-01-05 09:15:00+00:00,3152.814453125,3161.030029296875,3152.814453125,3161.030029296875,179437568
2026-01-05 09:30:00+00:00,3160.61865234375,3166.6943359375,3160.252685546875,3165.447021484375,6799360
2026-01-05 09:45:00+00:00,3165.621337890625,3171.4287109375,3165.621337890625,3166.494384765625,275378176
2026-01-05 10:00:00+00:00,3167.925537109375,3171.84033203125,3165.6748046875,3171.68994140625,114719744
2026-01-05 10:15:00+00:00,3175.521728515625,3175.521728515625,3171.229736328125,3174.322509765625,94992384
2026-01-05 10:30:00+00:00,3171.83740234375,3175.6845703125,3165.34619140625,3165.34619140625,53733376
2026-01-05 10:45:00+00:00,3165.4072265625,3175.38037109375,3165.4072265625,3172.56103515625,225222656
2026-01-05 11:00:00+00:00,3170.22265625,3170.87109375,3168.359619140625,3169.1005859375,130709504
2026-01-05 11:15:00+00:00,3168.188232421875,3177.72119140625,3167.181884765625,3176.7177734375,219635712
2026-01-05 11:30:00+00:00,3171.5498046875,3175.782958984375,3171.505126953125,3175.782958984375,90687488
2026-01-05 11:45:00+00:00,3173.85888671875,3179.798828125,3173.85888671875,3179.798828125,91355136
2026-01-05 12:00:00+00:00,3178.64453125,3178.9453125,3175.5546875,3178.9453125,173066240
2026-01-05 12:15:00+00:00,3178.764404296875,3178.764404296875,3172.795166015625,3174.224853515625,21063680
2026-01-05 12:30:00+00:00,3172.71484375,3173.5615234375,3165.79443359375,3165.79443359375,158588928
2026-01-05 12:45:00+00:00,3166.325439453125,3169.081298828125,3166.325439453125,3168.712646484375,186773504
2026-01-05 13:00:00+00:00,3168.791259765625,3172.2158203125,3167.25390625,3170.52783203125,2109440
2026-01-05 13:15:00+00:00,3169.097412109375,3169.097412109375,3155.328125,3159.443603515625,254537728
2026-01-05 13:30:00+00:00,3158.708251953125,3158.708251953125,3142.9521484375,3147.056396484375,172593152
2026-01-05 13:45:00+00:00,3144.447265625,3152.47705078125,3144.447265625,3152.47705078125,409954304
2026-01-05 14:00:00+00:00,3154.434814453125,3156.162353515625,3149.169189453125,3149.775390625,17907712
2026-01-05 14:15:00+00:00,3149.78173828125,3152.99658203125,3149.06494140625,3149.90234375,1164347392
2026-01-05 14:30:00+00:00,3147.877685546875,3161.04345703125,3137.466064453125,3161.04345703125,355758080
2026-01-05 14:45:00+00:00,3168.70361328125,3172.70166015625,3154.643310546875,3165.548095703125,694454272
2026-01-05 15:00:00+00:00,3164.882080078125,3164.882080078125,3152.974365234375,3157.49072265625,607193088
2026-01-05 15:15:00+00:00,3159.296142578125,3171.987548828125,3157.815673828125,3162.46826171875,180799488
2026-01-05 15:30:00+00:00,3169.180908203125,3198.65087890625,3169.180908203125,3193.435546875,447950848
2026-01-05 15:45:00+00:00,3191.646240234375,3195.419921875,3186.81201171875,3191.71044921875,480479232
2026-01-05 16:00:00+00:00,3191.5791015625,3197.13525390625,3185.647216796875,3188.261962890625,145438720
2026-01-05 16:15:00+00:00,3189.1162109375,3189.1162109375,3173.684814453125,3182.2275390625,1754386432
2026-01-05 16:30:00+00:00,3178.5859375,3184.911865234375,3178.5859375,3181.904052734375,174288896
2026-01-05 16:45:00+00:00,3179.737548828125,3182.701904296875,3176.32470703125,3182.701904296875,304941056
2026-01-05 17:00:00+00:00,3182.538330078125,3184.87451171875,3180.32568359375,3182.888427734375,257069056
2026-01-05 17:15:00+00:00,3181.702880859375,3181.79150390625,3160.239501953125,3161.769775390625,79718400
2026-01-05 17:30:00+00:00,3168.8427734375,3187.764892578125,3168.8427734375,3185.833251953125,0
2026-01-05 17:45:00+00:00,3186.293212890625,3214.853759765625,3186.293212890625,3214.853759765625,1443559424
2026-01-05 18:00:00+00:00,3212.364990234375,3212.364990234375,3202.065673828125,3204.712890625,1807859712
2026-01-05 18:15:00+00:00,3207.087890625,3208.827392578125,3191.0810546875,3198.415771484375,656506880
2026-01-05 18:30:00+00:00,3200.1220703125,3201.88623046875,3194.527587890625,3200.390380859375,136275968
2026-01-05 18:45:00+00:00,3200.990478515625,3223.40771484375,3200.990478515625,3223.40771484375,1716940800
2026-01-05 19:00:00+00:00,3220.25537109375,3224.40673828125,3216.327392578125,3224.40673828125,420141056
2026-01-05 19:15:00+00:00,3222.281494140625,3224.87451171875,3217.237060546875,3224.30126953125,144078848
2026-01-05 19:30:00+00:00,3224.0751953125,3225.30322265625,3216.80810546875,3217.34521484375,81434624
2026-01-05 19:45:00+00:00,3218.986572265625,3222.6591796875,3215.63720703125,3220.554931640625,42409984
2026-01-05 20:00:00+00:00,3220.623046875,3239.36767578125,3220.623046875,3234.45751953125,425465856
2026-01-05 20:15:00+00:00,3236.893310546875,3253.11376953125,3231.956787109375,3253.11376953125,529858560
2026-01-05 20:30:00+00:00,3253.15771484375,3253.15771484375,3239.587158203125,3239.587158203125,563879936
2026-01-05 20:45:00+00:00,3243.01708984375,3246.089599609375,3235.73095703125,3239.557861328125,194250752
2026-01-05 21:00:00+00:00,3241.53857421875,3247.26513671875,3237.74609375,3237.74609375,310945792
2026-01-05 21:15:00+00:00,3236.233154296875,3243.376708984375,3236.233154296875,3236.282958984375,77955072
2026-01-05 21:30:00+00:00,3235.708740234375,3242.392333984375,3234.0283203125,3241.646728515625,285722624
2026-01-05 21:45:00+00:00,3240.575439453125,3243.69091796875,3237.431884765625,3237.4384765625,101189632
2026-01-05 22:00:00+00:00,3237.86572265625,3237.86572265625,3234.517578125,3234.517578125,179300352
2026-01-05 22:15:00+00:00,3236.030029296875,3246.080810546875,3236.030029296875,3243.3935546875,124618752
2026-01-05 22:30:00+00:00,3242.0732421875,3247.982421875,3241.232666015625,3246.168701171875,206727168
2026-01-05 22:45:00+00:00,3245.1962890625,3245.437744140625,3238.41455078125,3240.296630859375,248543232
2026-01-05 23:00:00+00:00,3239.9052734375,3239.9052734375,3233.646240234375,3234.136962890625,1661089792
2026-01-05 23:15:00+00:00,3233.013427734375,3237.31005859375,3230.055908203125,3230.055908203125,67989504
2026-01-05 23:30:00+00:00,3231.14697265625,3232.478759765625,3226.955322265625,3232.322509765625,219826176
2026-01-05 23:45:00+00:00,3231.090087890625,3231.090087890625,3227.2900390625,3227.2900390625,225685504
2026-01-06 00:00:00+00:00,3226.244384765625,3229.447265625,3218.478759765625,3218.478759765625,0
2026-01-06 00:15:00+00:00,3217.21337890625,3220.443603515625,3216.0166015625,3218.36083984375,0
2026-01-06 00:30:00+00:00,3220.38134765625,3220.38134765625,3204.193359375,3204.20654296875,61716480
2026-01-06 00:45:00+00:00,3206.579345703125,3215.7998046875,3205.148681640625,3215.7998046875,192712704
2026-01-06 01:00:00+00:00,3216.443359375,3223.431640625,3216.443359375,3223.431640625,257957888
2026-01-06 01:15:00+00:00,3224.00537109375,3234.448974609375,3222.63916015625,3233.75,254162944
2026-01-06 01:30:00+00:00,3244.398193359375,3244.398193359375,3229.79345703125,3229.79345703125,0
2026-01-06 01:45:00+00:00,3227.53564453125,3228.410888671875,3217.413330078125,3217.783447265625,364107776
2026-01-06 02:00:00+00:00,3217.96533203125,3222.604248046875,3215.010498046875,3216.908203125,0
2026-01-06 02:15:00+00:00,3217.53759765625,3220.481201171875,3215.270263671875,3219.48828125,0
2026-01-06 02:30:00+00:00,3218.800048828125,3219.74365234375,3210.192138671875,3214.124267578125,262825984
2026-01-06 02:45:00+00:00,3214.60498046875,3217.851318359375,3213.514404296875,3217.851318359375,3028992
2026-01-06 03:00:00+00:00,3216.886474609375,3220.239501953125,3214.338623046875,3216.653564453125,6182912
2026-01-06 03:15:00+00:00,3218.842529296875,3223.00048828125,3217.9052734375,3222.96875,158136320
2026-01-06 03:30:00+00:00,3223.5185546875,3230.3017578125,3223.5185546875,3227.117919921875,107821056
2026-01-06 03:45:00+00:00,3225.625,3226.819580078125,3222.9912109375,3223.963623046875,191305728
2026-01-06 04:00:00+00:00,3224.53759765625,3231.52392578125,3223.201416015625,3229.596923828125,0
2026-01-06 04:15:00+00:00,3230.44873046875,3231.944091796875,3225.384765625,3225.384765625,151216128
2026-01-06 04:30:00+00:00,3226.328369140625,3230.29150390625,3225.41259765625,3225.41259765625,75898880
2026-01-06 04:45:00+00:00,3225.118896484375,3225.118896484375,3222.992919921875,3224.73486328125,0
2026-01-06 05:00:00+00:00,3223.156494140625,3225.458984375,3223.156494140625,3225.26708984375,22097920
2026-01-06 05:15:00+00:00,3225.068603515625,3225.514404296875,3222.869384765625,3222.869384765625,61296640
2026-01-06 05:30:00+00:00,3223.085205078125,3224.7939453125,3217.51318359375,3219.022216796875,43655168
2026-01-06 05:45:00+00:00,3218.37939453125,3220.450439453125,3217.5107421875,3217.53515625,90320896
2026-01-06 06:00:00+00:00,3219.55859375,3223.10009765625,3219.55859375,3223.078125,54333440
2026-01-06 06:15:00+00:00,3222.722900390625,3222.722900390625,3217.977783203125,3222.652587890625,0
2026-01-06 06:30:00+00:00,3225.138671875,3235.420654296875,3225.138671875,3235.420654296875,98875392
2026-01-06 06:45:00+00:00,3246.33251953125,3249.63720703125,3242.6044921875,3242.6044921875,393068544
2026-01-06 07:00:00+00:00,3240.18896484375,3240.18896484375,3233.2197265625,3233.2197265625,31592448
2026-01-06 07:15:00+00:00,3232.758056640625,3233.662841796875,3222.111572265625,3222.111572265625,213106688
2026-01-06 07:30:00+00:00,3220.249267578125,3220.249267578125,3212.178466796875,3217.146484375,408256512
2026-01-06 07:45:00+00:00,3216.215087890625,3219.65234375,3212.48095703125,3218.2431640625,66519040
2026-01-06 08:00:00+00:00,3217.820556640625,3225.605224609375,3217.820556640625,3222.551025390625,251627520
2026-01-06 08:15:00+00:00,3220.603515625,3221.05908203125,3214.110595703125,3214.110595703125,183883776
2026-01-06 08:30:00+00:00,3217.195556640625,3219.025634765625,3215.105712890625,3219.025634765625,94222336
2026-01-06 08:45:00+00:00,3218.947509765625,3219.259033203125,3215.043212890625,3218.78955078125,0
2026-01-06 09:00:00+00:00,3218.496337890625,3224.8798828125,3218.496337890625,3221.8720703125,156805120
2026-01-06 09:15:00+00:00,3221.232421875,3226.58642578125,3221.232421875,3224.601318359375,0
2026-01-06 09:30:00+00:00,3224.71240234375,3224.71240234375,3216.8349609375,3219.55908203125,144572416
2026-01-06 09:45:00+00:00,3219.987060546875,3224.295166015625,3219.987060546875,3222.337158203125,209709056
2026-01-06 10:00:00+00:00,3221.826416015625,3227.669189453125,3220.645263671875,3227.655517578125,0
2026-01-06 10:15:00+00:00,3227.225341796875,3229.209716796875,3224.819091796875,3228.9169921875,22091776
2026-01-06 10:30:00+00:00,3227.988525390625,3228.5498046875,3226.436767578125,3227.4111328125,88737792
2026-01-06 10:45:00+00:00,3226.86669921875,3229.566650390625,3226.6962890625,3228.059814453125,5849088
2026-01-06 11:00:00+00:00,3226.93017578125,3237.351806640625,3226.93017578125,3237.351806640625,0
2026-01-06 11:15:00+00:00,3236.792236328125,3240.22265625,3233.389892578125,3238.708984375,48240640
2026-01-06 11:30:00+00:00,3240.34228515625,3240.34228515625,3237.593505859375,3238.42626953125,306362368
2026-01-06 11:45:00+00:00,3239.1875,3240.45849609375,3236.4814453125,3236.55517578125,13600768
2026-01-06 12:00:00+00:00,3237.33642578125,3240.3857421875,3235.54052734375,3240.125244140625,1348620288
2026-01-06 12:15:00+00:00,3240.239990234375,3240.4580078125,3237.875732421875,3240.2001953125,40161280
2026-01-06 12:30:00+00:00,3241.521240234375,3241.521240234375,3236.5537109375,3237.037109375,17530880
2026-01-06 12:45:00+00:00,3237.4970703125,3240.19287109375,3237.310791015625,3240.19287109375,8445952
2026-01-06 13:00:00+00:00,3235.813720703125,3235.813720703125,3230.65625,3233.385498046875,84492288
2026-01-06 13:15:00+00:00,3233.87158203125,3234.761474609375,3231.31640625,3233.389892578125,128768000
2026-01-06 13:30:00+00:00,3233.576904296875,3235.549072265625,3232.178955078125,3235.3564453125,108707840
2026-01-06 13:45:00+00:00,3234.731689453125,3235.38232421875,3230.517822265625,3235.38232421875,0
2026-01-06 14:00:00+00:00,3237.106689453125,3273.441650390625,3237.106689453125,3273.441650390625,397459456
2026-01-06 14:15:00+00:00,3273.648681640625,3300.8095703125,3273.648681640625,3300.621826171875,1455001600
2026-01-06 14:30:00+00:00,3301.78759765625,3301.78759765625,3288.873779296875,3290.039306640625,1766862848
2026-01-06 14:45:00+00:00,3289.09033203125,3289.84619140625,3266.65625,3274.787841796875,1300168704
2026-01-06 15:00:00+00:00,3277.163818359375,3287.3603515625,3274.1669921875,3277.058349609375,163751936
2026-01-06 15:15:00+00:00,3281.4775390625,3299.070068359375,3281.4775390625,3294.53125,1084645376
2026-01-06 15:30:00+00:00,3295.793701171875,3295.793701171875,3262.27587890625,3262.27587890625,72329216
2026-01-06 15:45:00+00:00,3269.2890625,3270.250732421875,3263.822265625,3266.28076171875,281679872
2026-01-06 16:00:00+00:00,3271.268798828125,3274.823974609375,3261.857666015625,3268.72509765625,134549504
2026-01-06 16:15:00+00:00,3266.27197265625,3267.173828125,3248.883544921875,3250.9921875,119269376
2026-01-06 16:30:00+00:00,3247.1181640625,3253.03955078125,3244.100830078125,3245.900634765625,351291392
2026-01-06 16:45:00+00:00,3237.822509765625,3248.19677734375,3235.3544921875,3247.845947265625,457424896
2026-01-06 17:00:00+00:00,3250.671630859375,3252.201904296875,3244.097412109375,3248.49365234375,405563392
2026-01-06 17:15:00+00:00,3246.29443359375,3250.1044921875,3239.447998046875,3250.1044921875,25251840
2026-01-06 17:30:00+00:00,3246.892333984375,3256.883544921875,3241.425537109375,3241.94384765625,152203264
2026-01-06 17:45:00+00:00,3238.371337890625,3238.371337890625,3194.434326171875,3194.434326171875,1481445376
2026-01-06 18:00:00+00:00,3193.476806640625,3216.410888671875,3193.476806640625,3215.3603515625,1617135616
2026-01-06 18:15:00+00:00,3215.10498046875,3221.335205078125,3213.492919921875,3221.335205078125,1374572544
2026-01-06 18:30:00+00:00,3218.140380859375,3224.306884765625,3217.332275390625,3218.217041015625,220469248
2026-01-06 18:45:00+00:00,3220.374267578125,3229.178466796875,3219.240478515625,3219.240478515625,84893696
2026-01-06 19:00:00+00:00,3217.2998046875,3224.099365234375,3213.817138671875,3224.099365234375,1015511040
2026-01-06 19:15:00+00:00,3225.35400390625,3226.902587890625,3222.662841796875,3225.634765625,205119488
2026-01-06 19:30:00+00:00,3223.42333984375,3224.615478515625,3221.275390625,3222.37646484375,22513664
2026-01-06 19:45:00+00:00,3221.8837890625,3224.143798828125,3219.357177734375,3220.803466796875,203395072
2026-01-06 20:00:00+00:00,3221.556640625,3233.9208984375,3221.556640625,3233.9208984375,0
2026-01-06 20:15:00+00:00,3233.253662109375,3240.471435546875,3233.253662109375,3239.115234375,0
2026-01-06 20:30:00+00:00,3238.462158203125,3247.24609375,3238.462158203125,3246.164794921875,312188928
2026-01-06 20:45:00+00:00,3244.34619140625,3245.670654296875,3241.7353515625,3241.7353515625,0
2026-01-06 21:00:00+00:00,3241.024658203125,3250.69287109375,3237.69921875,3250.69287109375,0
2026-01-06 21:15:00+00:00,3262.766357421875,3284.84765625,3262.766357421875,3279.2392578125,735299584
2026-01-06 21:30:00+00:00,3283.194580078125,3296.094482421875,3283.194580078125,3289.60107421875,278423552
2026-01-06 21:45:00+00:00,3290.411376953125,3290.411376953125,3271.974365234375,3275.384521484375,325685248
2026-01-06 22:00:00+00:00,3275.00048828125,3284.510498046875,3275.00048828125,3278.760009765625,264955904
2026-01-06 22:15:00+00:00,3276.35986328125,3276.35986328125,3268.213134765625,3271.41552734375,0
2026-01-06 22:30:00+00:00,3271.672119140625,3271.672119140625,3266.517822265625,3270.94287109375,291639296
2026-01-06 22:45:00+00:00,3268.92138671875,3277.25830078125,3268.731689453125,3277.25830078125,32782336
2026-01-06 23:00:00+00:00,3275.54638671875,3286.012451171875,3275.54638671875,3284.949951171875,268541952
2026-01-06 23:15:00+00:00,3286.650634765625,3289.512939453125,3280.703369140625,3285.726318359375,170952704
2026-01-06 23:30:00+00:00,3286.740966796875,3291.611328125,3286.740966796875,3288.832763671875,2932736
2026-01-06 23:45:00+00:00,3289.94384765625,3297.575439453125,3289.94384765625,3297.575439453125,1604882432
2026-01-07 00:00:00+00:00,3292.2646484375,3292.6435546875,3285.86767578125,3285.86767578125,0
2026-01-07 00:15:00+00:00,3285.86279296875,3287.19482421875,3280.62158203125,3280.62158203125,16343040
2026-01-07 00:30:00+00:00,3279.338623046875,3279.338623046875,3271.14892578125,3271.14892578125,1820672
2026-01-07 00:45:00+00:00,3272.12744140625,3273.135498046875,3263.868896484375,3263.868896484375,1516949504
2026-01-07 01:00:00+00:00,3256.200439453125,3269.447509765625,3256.200439453125,3268.536865234375,60073984
2026-01-07 01:15:00+00:00,3266.390625,3266.390625,3246.997802734375,3254.9091796875,12443648
2026-01-07 01:30:00+00:00,3254.19482421875,3254.19482421875,3245.444580078125,3246.216552734375,83668992
2026-01-07 01:45:00+00:00,3244.314453125,3244.314453125,3238.55859375,3243.206298828125,214530048
2026-01-07 02:00:00+00:00,3243.776123046875,3249.89990234375,3238.64990234375,3245.48974609375,304504832
2026-01-07 02:15:00+00:00,3250.457275390625,3251.325927734375,3245.580810546875,3250.12890625,255272960
2026-01-07 02:30:00+00:00,3246.845703125,3259.9462890625,3246.314208984375,3259.9462890625,59912192
2026-01-07 02:45:00+00:00,3260.630859375,3269.65576171875,3260.630859375,3267.56689453125,588699648
2026-01-07 03:00:00+00:00,3268.0302734375,3273.21826171875,3267.4912109375,3270.901611328125,260884480
2026-01-07 03:15:00+00:00,3269.66796875,3277.96435546875,3269.66796875,3274.89990234375,39340032
2026-01-07 03:30:00+00:00,3273.72802734375,3273.91015625,3264.450439453125,3265.176513671875,201332736
2026-01-07 03:45:00+00:00,3264.980224609375,3266.239501953125,3263.56884765625,3264.334716796875,12703744
2026-01-07 04:00:00+00:00,3264.212646484375,3268.595458984375,3259.980224609375,3259.980224609375,17311744
2026-01-07 04:15:00+00:00,3260.89208984375,3263.751953125,3259.025146484375,3261.1337890625,250480640
2026-01-07 04:30:00+00:00,3260.754150390625,3260.8681640625,3253.978759765625,3257.0732421875,23691264
2026-01-07 04:45:00+00:00,3259.977294921875,3259.977294921875,3254.71630859375,3255.65185546875,47695872
2026-01-07 05:00:00+00:00,3253.1640625,3253.1640625,3249.546142578125,3251.41552734375,156332032
2026-01-07 05:15:00+00:00,3253.123779296875,3256.41650390625,3250.235595703125,3250.235595703125,255002624
2026-01-07 05:30:00+00:00,3252.6875,3258.635009765625,3252.6875,3255.206787109375,199233536
2026-01-07 05:45:00+00:00,3254.054931640625,3254.054931640625,3246.263427734375,3246.263427734375,1464727552
2026-01-07 06:00:00+00:00,3247.00830078125,3249.810546875,3246.375,3249.809814453125,0
2026-01-07 06:15:00+00:00,3249.859130859375,3255.439697265625,3249.272705078125,3255.439697265625,0
2026-01-07 06:30:00+00:00,3254.935302734375,3256.91943359375,3248.958984375,3249.144775390625,1365733376
2026-01-07 06:45:00+00:00,3247.356201171875,3251.275634765625,3247.3330078125,3248.870361328125,0
2026-01-07 07:00:00+00:00,3250.103759765625,3253.7412109375,3250.103759765625,3253.2197265625,0
2026-01-07 07:15:00+00:00,3255.177001953125,3257.87353515625,3255.177001953125,3257.2392578125,1277683712
2026-01-07 07:30:00+00:00,3257.431884765625,3258.392333984375,3254.71826171875,3257.649658203125,131196928
2026-01-07 07:45:00+00:00,3254.694580078125,3254.694580078125,3251.6865234375,3251.6865234375,0
2026-01-07 08:00:00+00:00,3253.79150390625,3257.508544921875,3253.05126953125,3255.234375,111378432
2026-01-07 08:15:00+00:00,3255.42822265625,3259.2294921875,3251.485595703125,3252.758544921875,12275712
2026-01-07 08:30:00+00:00,3252.97509765625,3255.440185546875,3251.27490234375,3251.27490234375,186859520
2026-01-07 08:45:00+00:00,3251.00146484375,3255.541259765625,3250.33203125,3253.8046875,13420544
2026-01-07 09:00:00+00:00,3247.587646484375,3251.181884765625,3233.541015625,3233.541015625,27297792
2026-01-07 09:15:00+00:00,3232.513916015625,3235.693115234375,3222.317626953125,3224.7958984375,1807235072
2026-01-07 09:30:00+00:00,3225.999755859375,3225.999755859375,3204.91845703125,3207.79248046875,1568397312
2026-01-07 09:45:00+00:00,3207.818603515625,3207.818603515625,3198.7138671875,3199.185302734375,706967552
2026-01-07 10:00:00+00:00,3195.4375,3206.997802734375,3195.4375,3206.997802734375,151877632
2026-01-07 10:15:00+00:00,3207.519287109375,3208.193359375,3205.537109375,3207.802490234375,280680448
2026-01-07 10:30:00+00:00,3208.137939453125,3217.769287109375,3208.137939453125,3212.55615234375,247162880
2026-01-07 10:45:00+00:00,3211.862548828125,3218.338134765625,3211.862548828125,3216.072998046875,106874880
2026-01-07 11:00:00+00:00,3215.472900390625,3221.455810546875,3215.472900390625,3219.449951171875,48377856
2026-01-07 11:15:00+00:00,3221.462158203125,3223.960205078125,3220.957763671875,3223.533203125,279582720
2026-01-07 11:30:00+00:00,3223.495361328125,3224.843994140625,3220.7998046875,3224.7705078125,0
2026-01-07 11:45:00+00:00,3223.768798828125,3223.768798828125,3217.548583984375,3218.352783203125,216150016
2026-01-07 12:00:00+00:00,3218.363525390625,3218.919677734375,3211.1591796875,3217.03369140625,9611264
2026-01-07 12:15:00+00:00,3214.265625,3216.84912109375,3212.001220703125,3214.080078125,205373440
2026-01-07 12:30:00+00:00,3214.08203125,3215.84814453125,3211.430908203125,3211.430908203125,24817664
2026-01-07 12:45:00+00:00,3211.53076171875,3214.4267578125,3211.28466796875,3211.509521484375,81647616
2026-01-07 13:00:00+00:00,3211.5927734375,3213.6669921875,3202.151611328125,3202.151611328125,0
2026-01-07 13:15:00+00:00,3203.7255859375,3224.26318359375,3203.7255859375,3222.574951171875,1366294528
2026-01-07 13:30:00+00:00,3222.694580078125,3222.694580078125,3213.9541015625,3215.916259765625,264925184
2026-01-07 13:45:00+00:00,3215.6103515625,3215.6103515625,3208.864990234375,3208.943359375,1376733184
2026-01-07 14:00:00+00:00,3208.094970703125,3208.094970703125,3189.49853515625,3189.49853515625,204670976
2026-01-07 14:15:00+00:00,3193.01416015625,3194.141357421875,3187.2919921875,3190.512939453125,0
2026-01-07 14:30:00+00:00,3190.969482421875,3197.9443359375,3176.63330078125,3196.510986328125,45619200
2026-01-07 14:45:00+00:00,3189.10205078125,3196.1611328125,3187.456787109375,3189.0029296875,0
2026-01-07 15:00:00+00:00,3183.855224609375,3183.855224609375,3161.85546875,3166.687255859375,309846016
2026-01-07 15:15:00+00:00,3162.198486328125,3162.198486328125,3148.697021484375,3157.204833984375,1323427840
2026-01-07 15:30:00+00:00,3158.3447265625,3162.80859375,3154.67529296875,3160.80615234375,265863168
2026-01-07 15:45:00+00:00,3159.71630859375,3168.0498046875,3158.994384765625,3161.763916015625,140763136
2026-01-07 16:00:00+00:00,3163.972412109375,3169.711669921875,3163.8203125,3169.711669921875,0
2026-01-07 16:15:00+00:00,3169.980224609375,3174.44775390625,3165.468017578125,3165.468017578125,0
2026-01-07 16:30:00+00:00,3165.65673828125,3165.65673828125,3150.885009765625,3160.765380859375,0
2026-01-07 16:45:00+00:00,3164.5068359375,3165.27734375,3155.0693359375,3155.96044921875,90806272
2026-01-07 17:00:00+00:00,3155.2568359375,3158.20947265625,3149.9521484375,3156.55419921875,4511744
2026-01-07 17:15:00+00:00,3155.026611328125,3164.549560546875,3154.800048828125,3164.549560546875,181809152
2026-01-07 17:30:00+00:00,3166.26318359375,3167.717529296875,3160.333740234375,3160.527099609375,204423168
2026-01-07 17:45:00+00:00,3159.69580078125,3160.347412109375,3146.0458984375,3150.594970703125,0
2026-01-07 18:00:00+00:00,3149.802001953125,3151.308837890625,3146.674560546875,3151.308837890625,637057024
2026-01-07 18:15:00+00:00,3150.94384765625,3150.94384765625,3140.058837890625,3148.973876953125,88440832
2026-01-07 18:30:00+00:00,3150.4541015625,3160.597900390625,3150.4541015625,3156.063720703125,342362112
2026-01-07 18:45:00+00:00,3150.826416015625,3152.703857421875,3135.863037109375,3139.7490234375,1918976
2026-01-07 19:00:00+00:00,3143.9189453125,3152.139892578125,3135.728759765625,3135.728759765625,266532864
2026-01-07 19:15:00+00:00,3137.44384765625,3137.44384765625,3130.520751953125,3131.423828125,1316761600
2026-01-07 19:30:00+00:00,3139.455078125,3144.378173828125,3138.916015625,3140.41015625,143923200
2026-01-07 19:45:00+00:00,3140.494384765625,3147.37890625,3140.494384765625,3144.63720703125,120186880
2026-01-07 20:00:00+00:00,3143.422119140625,3147.478271484375,3137.620361328125,3137.620361328125,0
2026-01-07 20:15:00+00:00,3133.66943359375,3135.753173828125,3127.4541015625,3131.14599609375,96296960
2026-01-07 20:30:00+00:00,3130.654541015625,3137.1298828125,3130.654541015625,3135.626708984375,177864704
2026-01-07 20:45:00+00:00,3134.4208984375,3137.383056640625,3134.216552734375,3136.9423828125,160407552
2026-01-07 21:00:00+00:00,3138.703857421875,3142.089111328125,3136.502197265625,3142.089111328125,27326464
2026-01-07 21:15:00+00:00,3141.41259765625,3143.183837890625,3139.798583984375,3141.969482421875,0
2026-01-07 21:30:00+00:00,3143.181396484375,3146.6318359375,3142.35595703125,3146.6318359375,61628416
2026-01-07 21:45:00+00:00,3147.205078125,3147.8896484375,3146.063720703125,3147.8896484375,0
2026-01-07 22:00:00+00:00,3147.643310546875,3149.89990234375,3142.406494140625,3146.493896484375,0
2026-01-07 22:15:00+00:00,3142.069091796875,3152.30029296875,3141.4248046875,3152.30029296875,138465280
2026-01-07 22:30:00+00:00,3152.5341796875,3159.48681640625,3149.716796875,3149.716796875,33304576
2026-01-07 22:45:00+00:00,3148.67626953125,3152.424560546875,3144.83056640625,3150.067626953125,1055864832
2026-01-07 23:00:00+00:00,3147.61865234375,3147.61865234375,3141.69482421875,3144.685546875,146202624
2026-01-07 23:15:00+00:00,3160.39404296875,3174.484375,3160.39404296875,3170.746337890625,1287831552
2026-01-07 23:30:00+00:00,3167.986083984375,3169.5712890625,3160.61328125,3162.466552734375,944201728
2026-01-07 23:45:00+00:00,3161.980712890625,3167.15673828125,3160.381103515625,3167.15673828125,110481408
2026-01-08 00:00:00+00:00,3165.833251953125,3169.853271484375,3160.404541015625,3160.404541015625,2009088
2026-01-08 00:15:00+00:00,3157.985107421875,3158.248779296875,3155.6650390625,3156.7421875,174778368
2026-01-08 00:30:00+00:00,3156.381103515625,3163.18408203125,3154.708251953125,3163.18408203125,78471168
2026-01-08 00:45:00+00:00,3163.4443359375,3172.419677734375,3163.4443359375,3169.8701171875,137172992
2026-01-08 01:00:00+00:00,3168.128173828125,3170.64794921875,3166.773681640625,3170.64794921875,0
2026-01-08 01:15:00+00:00,3169.957275390625,3175.477783203125,3166.42578125,3175.477783203125,0
2026-01-08 01:30:00+00:00,3174.8759765625,3174.8759765625,3169.10107421875,3170.643310546875,763377664
2026-01-08 01:45:00+00:00,3170.85791015625,3174.392578125,3170.85791015625,3172.994384765625,125747200
2026-01-08 02:00:00+00:00,3172.859619140625,3174.765380859375,3168.979248046875,3174.765380859375,127021056
2026-01-08 02:15:00+00:00,3178.189697265625,3178.189697265625,3159.786376953125,3164.327880859375,79081472
2026-01-08 02:30:00+00:00,3164.517333984375,3164.517333984375,3151.779296875,3151.779296875,92397568
2026-01-08 02:45:00+00:00,3151.800048828125,3155.67138671875,3146.928466796875,3155.228271484375,123885568
2026-01-08 03:00:00+00:00,3156.0322265625,3161.889892578125,3154.067626953125,3159.92724609375,104284160
2026-01-08 03:15:00+00:00,3160.106201171875,3160.106201171875,3149.781982421875,3149.781982421875,287455232
2026-01-08 03:30:00+00:00,3150.2724609375,3151.550537109375,3141.336181640625,3141.336181640625,97040384
2026-01-08 03:45:00+00:00,3136.573486328125,3138.34912109375,3133.112060546875,3138.333984375,271167488
2026-01-08 04:00:00+00:00,3140.325439453125,3141.06494140625,3136.08544921875,3139.443359375,799440896
2026-01-08 04:15:00+00:00,3142.579833984375,3152.6904296875,3141.725341796875,3152.251953125,762007552
2026-01-08 04:30:00+00:00,3152.8818359375,3154.3134765625,3151.746337890625,3152.188720703125,134162432
2026-01-08 04:45:00+00:00,3151.621826171875,3152.996826171875,3149.87890625,3151.365234375,59144192
2026-01-08 05:00:00+00:00,3152.80615234375,3156.54345703125,3150.453857421875,3153.752197265625,0
2026-01-08 05:15:00+00:00,3153.447509765625,3156.303466796875,3151.037841796875,3151.037841796875,182601728
2026-01-08 05:30:00+00:00,3150.531494140625,3152.552978515625,3147.33984375,3147.33984375,834555904
2026-01-08 05:45:00+00:00,3145.07958984375,3145.07958984375,3139.017822265625,3139.45068359375,156252160
2026-01-08 06:00:00+00:00,3139.4892578125,3141.962646484375,3125.97216796875,3127.7841796875,315097088
2026-01-08 06:15:00+00:00,3126.72021484375,3126.72021484375,3114.622802734375,3114.622802734375,325853184
2026-01-08 06:30:00+00:00,3116.277587890625,3119.78955078125,3113.618896484375,3118.127685546875,461809664
2026-01-08 06:45:00+00:00,3117.88037109375,3117.88037109375,3105.690673828125,3105.690673828125,1275676672
2026-01-08 07:00:00+00:00,3103.15234375,3103.92333984375,3091.034912109375,3103.92333984375,579223552
2026-01-08 07:15:00+00:00,3106.497802734375,3116.79638671875,3105.78125,3116.43896484375,108752896
2026-01-08 07:30:00+00:00,3117.018798828125,3126.57666015625,3117.01318359375,3126.57666015625,1103482880
2026-01-08 07:45:00+00:00,3126.4296875,3126.889892578125,3122.298583984375,3124.7841796875,914923520
2026-01-08 08:00:00+00:00,3123.91064453125,3128.154052734375,3122.925048828125,3127.814453125,298252288
2026-01-08 08:15:00+00:00,3128.353271484375,3130.088623046875,3126.200927734375,3130.088623046875,49285120
2026-01-08 08:30:00+00:00,3130.06689453125,3130.06689453125,3120.691650390625,3121.459228515625,279156736
2026-01-08 08:45:00+00:00,3121.573486328125,3121.573486328125,3111.586181640625,3111.586181640625,229163008
2026-01-08 09:00:00+00:00,3112.124755859375,3119.07568359375,3109.51513671875,3117.416748046875,0
2026-01-08 09:15:00+00:00,3117.406005859375,3117.406005859375,3105.345703125,3105.345703125,61480960
2026-01-08 09:30:00+00:00,3103.72119140625,3109.16943359375,3102.821044921875,3107.98046875,0
2026-01-08 09:45:00+00:00,3109.335205078125,3113.264892578125,3107.8134765625,3107.8134765625,0
2026-01-08 10:00:00+00:00,3108.179931640625,3108.179931640625,3095.588623046875,3103.267578125,0
2026-01-08 10:15:00+00:00,3104.3603515625,3114.863037109375,3104.3603515625,3113.665283203125,1086523392
2026-01-08 10:30:00+00:00,3113.66162109375,3118.423828125,3113.66162109375,3114.0517578125,16779264
2026-01-08 10:45:00+00:00,3114.89599609375,3128.593505859375,3114.89599609375,3124.988525390625,913975296
2026-01-08 11:00:00+00:00,3125.699951171875,3126.559814453125,3119.12255859375,3119.380859375,1160357888
2026-01-08 11:15:00+00:00,3119.6982421875,3121.793701171875,3113.35888671875,3118.979736328125,175757312
2026-01-08 11:30:00+00:00,3118.61181640625,3118.61181640625,3109.311767578125,3112.976318359375,76212224
2026-01-08 11:45:00+00:00,3109.9677734375,3116.74609375,3109.9677734375,3114.342041015625,142843904
2026-01-08 12:00:00+00:00,3116.6494140625,3116.6494140625,3094.68115234375,3097.706298828125,171321344
2026-01-08 12:15:00+00:00,3099.05615234375,3102.78076171875,3099.05615234375,3101.771484375,288389120
2026-01-08 12:30:00+00:00,3102.57861328125,3103.668701171875,3087.3447265625,3093.71826171875,125001728
2026-01-08 12:45:00+00:00,3094.76123046875,3098.9775390625,3090.35400390625,3092.858642578125,166576128
2026-01-08 13:00:00+00:00,3092.0458984375,3094.9111328125,3091.65234375,3094.424560546875,222273536
2026-01-08 13:15:00+00:00,3092.2890625,3095.689453125,3090.775146484375,3094.731689453125,16660480
2026-01-08 13:30:00+00:00,3095.43359375,3097.488525390625,3088.4755859375,3094.97802734375,77017088
2026-01-08 13:45:00+00:00,3095.07470703125,3096.41748046875,3090.9375,3092.73876953125,150491136
2026-01-08 14:00:00+00:00,3092.96484375,3092.96484375,3081.042236328125,3089.0771484375,46514176
2026-01-08 14:15:00+00:00,3088.99365234375,3088.99365234375,3071.586181640625,3071.586181640625,313184256
2026-01-08 14:30:00+00:00,3075.9150390625,3078.827880859375,3058.99658203125,3058.99658203125,109776896
2026-01-08 14:45:00+00:00,3057.669677734375,3080.347412109375,3056.358642578125,3074.845458984375,104734720
2026-01-08 15:00:00+00:00,3074.2353515625,3085.535400390625,3065.785888671875,3082.642822265625,8636416
2026-01-08 15:15:00+00:00,3081.927734375,3100.434814453125,3081.927734375,3100.0830078125,85913600
2026-01-08 15:30:00+00:00,3100.571044921875,3105.457275390625,3088.62255859375,3099.71923828125,123125760
2026-01-08 15:45:00+00:00,3094.511962890625,3100.025390625,3086.41552734375,3100.025390625,291805184
2026-01-08 16:00:00+00:00,3101.252685546875,3104.102783203125,3094.556396484375,3098.805419921875,87967744
2026-01-08 16:15:00+00:00,3097.39208984375,3097.39208984375,3092.235595703125,3094.976806640625,213737472
2026-01-08 16:30:00+00:00,3098.15771484375,3108.915283203125,3087.708984375,3108.915283203125,162486272
2026-01-08 16:45:00+00:00,3107.32958984375,3115.09130859375,3107.32958984375,3115.018310546875,989241344
2026-01-08 17:00:00+00:00,3118.9140625,3124.262939453125,3118.90966796875,3121.7607421875,327092224
2026-01-08 17:15:00+00:00,3121.144775390625,3121.144775390625,3109.667724609375,3110.068115234375,6772736
2026-01-08 17:30:00+00:00,3109.73876953125,3119.56787109375,3109.73876953125,3118.882568359375,269268992
2026-01-08 17:45:00+00:00,3121.55078125,3134.232666015625,3121.55078125,3130.441162109375,222267392
2026-01-08 18:00:00+00:00,3131.78857421875,3131.78857421875,3122.13671875,3122.13671875,4612096
2026-01-08 18:15:00+00:00,3121.056884765625,3125.464599609375,3119.122802734375,3122.496826171875,160036864
2026-01-08 18:30:00+00:00,3122.494873046875,3125.11181640625,3116.388916015625,3118.794189453125,112902144
2026-01-08 18:45:00+00:00,3116.48291015625,3121.110107421875,3115.81103515625,3116.1474609375,829575168
2026-01-08 19:00:00+00:00,3117.662353515625,3124.4228515625,3113.86328125,3123.583251953125,46315520
2026-01-08 19:15:00+00:00,3121.533203125,3121.533203125,3109.1650390625,3113.40576171875,1530494976
2026-01-08 19:30:00+00:00,3114.090576171875,3122.163818359375,3114.090576171875,3116.23486328125,965300224
2026-01-08 19:45:00+00:00,3113.60546875,3116.35107421875,3104.258544921875,3107.18359375,38307840
2026-01-08 20:00:00+00:00,3108.362548828125,3108.362548828125,3087.34130859375,3093.7236328125,133691392
2026-01-08 20:15:00+00:00,3093.3857421875,3097.8818359375,3091.229736328125,3092.389404296875,0
2026-01-08 20:30:00+00:00,3091.844970703125,3101.131591796875,3091.844970703125,3099.425048828125,130439168
2026-01-08 20:45:00+00:00,3099.398681640625,3105.692138671875,3099.398681640625,3104.02734375,831553536
2026-01-08 21:00:00+00:00,3103.884521484375,3110.12158203125,3103.884521484375,3110.12158203125,16996352
2026-01-08 21:15:00+00:00,3110.176513671875,3110.453125,3104.844482421875,3105.95263671875,183633920
2026-01-08 21:30:00+00:00,3106.1279296875,3116.82666015625,3105.794677734375,3116.0068359375,66074624
2026-01-08 21:45:00+00:00,3114.5,3117.873779296875,3114.5,3117.873779296875,920776704
2026-01-08 22:00:00+00:00,3116.93896484375,3126.30419921875,3115.903076171875,3126.30419921875,23388160
2026-01-08 22:15:00+00:00,3124.2275390625,3124.2275390625,3118.302734375,3118.302734375,21458944
2026-01-08 22:30:00+00:00,3119.260498046875,3119.260498046875,3106.388916015625,3108.477294921875,164804608
2026-01-08 22:45:00+00:00,3109.052490234375,3116.033447265625,3109.052490234375,3115.511474609375,14184448
2026-01-08 23:00:00+00:00,3116.27734375,3119.158203125,3115.358642578125,3116.79541015625,207654912
2026-01-08 23:15:00+00:00,3115.785400390625,3118.718994140625,3115.531005859375,3115.531005859375,0
2026-01-08 23:30:00+00:00,3115.81640625,3116.139404296875,3107.337158203125,3108.509033203125,5890048
2026-01-08 23:45:00+00:00,3107.096435546875,3108.914794921875,3103.9755859375,3104.90087890625,25575424
2026-01-09 00:00:00+00:00,3104.1357421875,3110.370361328125,3103.57373046875,3109.87548828125,0
2026-01-09 00:15:00+00:00,3109.199951171875,3109.22509765625,3102.062255859375,3102.062255859375,162965504
2026-01-09 00:30:00+00:00,3102.648193359375,3111.22119140625,3102.648193359375,3110.569091796875,0
2026-01-09 00:45:00+00:00,3111.448486328125,3114.07373046875,3110.946044921875,3112.942626953125,146268160
2026-01-09 01:00:00+00:00,3112.8291015625,3114.3154296875,3112.120361328125,3112.887451171875,0
2026-01-09 01:15:00+00:00,3112.879638671875,3117.635986328125,3101.094482421875,3117.635986328125,32696320
2026-01-09 01:30:00+00:00,3136.2001953125,3136.2001953125,3082.30419921875,3094.502197265625,2781116416
2026-01-09 01:45:00+00:00,3095.072021484375,3102.37939453125,3095.072021484375,3102.37939453125,273833984
2026-01-09 02:00:00+00:00,3102.241943359375,3121.548095703125,3101.2587890625,3120.96484375,101068800
2026-01-09 02:15:00+00:00,3120.574462890625,3121.59033203125,3115.129150390625,3115.129150390625,254255104
2026-01-09 02:30:00+00:00,3114.815185546875,3115.60107421875,3110.529052734375,3112.045166015625,96141312
2026-01-09 02:45:00+00:00,3113.113037109375,3114.141357421875,3104.12744140625,3104.445556640625,183500800
2026-01-09 03:00:00+00:00,3105.32568359375,3113.06591796875,3104.19580078125,3112.468017578125,204601344
2026-01-09 03:15:00+00:00,3111.36865234375,3112.83544921875,3102.568359375,3103.111083984375,15794176
2026-01-09 03:30:00+00:00,3103.99658203125,3112.75634765625,3103.99658203125,3111.296142578125,0
2026-01-09 03:45:00+00:00,3111.361328125,3116.95751953125,3111.361328125,3116.037353515625,772040704
2026-01-09 04:00:00+00:00,3116.023681640625,3118.1748046875,3113.9755859375,3114.0009765625,3710976
2026-01-09 04:15:00+00:00,3113.391357421875,3119.26904296875,3112.98388671875,3119.26904296875,1638400
2026-01-09 04:30:00+00:00,3119.09716796875,3119.575439453125,3109.77880859375,3111.831298828125,46573568
2026-01-09 04:45:00+00:00,3111.29296875,3113.876953125,3111.29296875,3113.876953125,154101760
2026-01-09 05:00:00+00:00,3113.388671875,3116.613525390625,3113.388671875,3115.337890625,169801728
2026-01-09 05:15:00+00:00,3116.2958984375,3116.2958984375,3111.797119140625,3113.562744140625,0
2026-01-09 05:30:00+00:00,3113.93701171875,3114.48681640625,3110.4267578125,3112.333740234375,166914048
2026-01-09 05:45:00+00:00,3112.1650390625,3114.84033203125,3111.534423828125,3114.602783203125,0
2026-01-09 06:00:00+00:00,3114.880859375,3115.42138671875,3114.63916015625,3114.749267578125,0
2026-01-09 06:15:00+00:00,3114.86865234375,3117.777099609375,3114.7900390625,3115.324951171875,0
2026-01-09 06:30:00+00:00,3114.53076171875,3120.11279296875,3114.1142578125,3120.05908203125,483991552
2026-01-09 06:45:00+00:00,3120.0595703125,3120.263671875,3118.2724609375,3119.947021484375,105529344
2026-01-09 07:00:00+00:00,3119.711669921875,3119.711669921875,3114.70751953125,3115.401611328125,0
2026-01-09 07:15:00+00:00,3114.7333984375,3115.6552734375,3113.7421875,3113.7421875,0
2026-01-09 07:30:00+00:00,3114.1474609375,3114.5830078125,3110.637451171875,3112.305908203125,91490304
2026-01-09 07:45:00+00:00,3111.8681640625,3112.602783203125,3108.463623046875,3109.462158203125,0
2026-01-09 08:00:00+00:00,3108.008544921875,3109.302490234375,3100.08203125,3105.65087890625,211496960
2026-01-09 08:15:00+00:00,3105.1474609375,3110.616455078125,3105.1474609375,3108.114501953125,169224192
2026-01-09 08:30:00+00:00,3105.654541015625,3106.1416015625,3084.959228515625,3084.959228515625,38266880
2026-01-09 08:45:00+00:00,3083.640380859375,3083.77978515625,3066.177490234375,3077.174072265625,905035776
2026-01-09 09:00:00+00:00,3077.967529296875,3090.1181640625,3077.967529296875,3089.24853515625,298524672
2026-01-09 09:15:00+00:00,3089.18603515625,3096.1435546875,3085.9462890625,3094.638916015625,52510720
2026-01-09 09:30:00+00:00,3094.89794921875,3095.321533203125,3091.302490234375,3093.434814453125,738813952
2026-01-09 09:45:00+00:00,3092.467529296875,3092.49755859375,3088.24365234375,3088.24365234375,748406784
2026-01-09 10:00:00+00:00,3088.505859375,3092.874267578125,3085.292724609375,3092.798095703125,0
2026-01-09 10:15:00+00:00,3092.835205078125,3093.76171875,3091.39453125,3092.318115234375,105123840
2026-01-09 10:30:00+00:00,3091.540771484375,3095.3076171875,3090.4873046875,3094.1611328125,0
2026-01-09 10:45:00+00:00,3094.1796875,3094.867431640625,3093.555419921875,3093.94970703125,136988672
2026-01-09 11:00:00+00:00,3093.39404296875,3095.41748046875,3091.544677734375,3092.35205078125,0
2026-01-09 11:15:00+00:00,3095.017822265625,3099.7353515625,3094.9072265625,3097.651611328125,0
2026-01-09 11:30:00+00:00,3096.4208984375,3099.21142578125,3093.20947265625,3093.20947265625,114706432
2026-01-09 11:45:00+00:00,3094.061279296875,3094.061279296875,3085.7216796875,3086.2578125,86059008
2026-01-09 12:00:00+00:00,3086.466796875,3091.84912109375,3086.466796875,3086.783203125,25591808
2026-01-09 12:15:00+00:00,3086.838134765625,3086.838134765625,3079.5,3082.48095703125,0
2026-01-09 12:30:00+00:00,3082.64794921875,3085.127197265625,3081.40283203125,3083.51171875,119738368
2026-01-09 12:45:00+00:00,3082.295654296875,3085.1826171875,3080.854248046875,3080.854248046875,77635584
2026-01-09 13:00:00+00:00,3080.989013671875,3090.93701171875,3080.82763671875,3089.375,1830912
2026-01-09 13:15:00+00:00,3089.568359375,3097.79248046875,3089.568359375,3097.79248046875,153274368
2026-01-09 13:30:00+00:00,3096.595947265625,3103.30126953125,3090.835205078125,3094.617431640625,353554432
2026-01-09 13:45:00+00:00,3092.10888671875,3097.2646484375,3086.94140625,3095.7822265625,168163328
2026-01-09 14:00:00+00:00,3095.0517578125,3095.0517578125,3077.04736328125,3079.51904296875,0
2026-01-09 14:15:00+00:00,3078.67822265625,3091.235107421875,3078.67822265625,3091.235107421875,512118784
2026-01-09 14:30:00+00:00,3092.077392578125,3092.077392578125,3074.250732421875,3074.68017578125,2199552
2026-01-09 14:45:00+00:00,3072.918212890625,3072.918212890625,3062.210205078125,3071.538330078125,162361344
2026-01-09 15:00:00+00:00,3073.185546875,3076.4638671875,3059.055908203125,3075.238525390625,89145344
2026-01-09 15:15:00+00:00,3074.0849609375,3123.2802734375,3073.392333984375,3123.2802734375,0
2026-01-09 15:30:00+00:00,3128.833984375,3135.76708984375,3111.12646484375,3111.12646484375,786864128
2026-01-09 15:45:00+00:00,3115.90966796875,3120.936767578125,3095.729248046875,3104.735107421875,326922240
2026-01-09 16:00:00+00:00,3108.295166015625,3128.4599609375,3108.295166015625,3128.4599609375,59809792
2026-01-09 16:15:00+00:00,3138.6064453125,3138.6064453125,3122.912109375,3123.309814453125,592873472
2026-01-09 16:30:00+00:00,3123.462890625,3125.2333984375,3119.885986328125,3123.93505859375,148119552
2026-01-09 16:45:00+00:00,3125.050048828125,3132.537109375,3123.033935546875,3130.600830078125,789719040
2026-01-09 17:00:00+00:00,3129.895263671875,3129.895263671875,3117.1708984375,3117.1708984375,844388352
2026-01-09 17:15:00+00:00,3119.7587890625,3119.7587890625,3107.35498046875,3110.276123046875,151558144
2026-01-09 17:30:00+00:00,3109.09814453125,3109.5927734375,3104.72412109375,3104.72412109375,102367232
2026-01-09 17:45:00+00:00,3103.855224609375,3115.839599609375,3103.855224609375,3111.995849609375,551342080
2026-01-09 18:00:00+00:00,3111.9609375,3115.198974609375,3103.56689453125,3105.66064453125,0
2026-01-09 18:15:00+00:00,3105.086181640625,3105.086181640625,3082.045166015625,3082.178466796875,59598848
2026-01-09 18:30:00+00:00,3083.0576171875,3091.835205078125,3078.60595703125,3091.835205078125,238196736
2026-01-09 18:45:00+00:00,3090.2138671875,3093.687255859375,3085.12451171875,3092.549560546875,0
2026-01-09 19:00:00+00:00,3088.768310546875,3088.882568359375,3081.33349609375,3081.33349609375,151484416
2026-01-09 19:15:00+00:00,3081.52783203125,3081.52783203125,3070.88427734375,3072.3056640625,132333568
2026-01-09 19:30:00+00:00,3071.669189453125,3073.789306640625,3068.703125,3073.32568359375,322963456
2026-01-09 19:45:00+00:00,3070.59619140625,3083.758056640625,3070.59619140625,3078.688720703125,102404096
2026-01-09 20:00:00+00:00,3077.16552734375,3085.4931640625,3077.16552734375,3083.6025390625,88678400
2026-01-09 20:15:00+00:00,3083.72119140625,3084.087890625,3079.10791015625,3079.10791015625,123705344
2026-01-09 20:30:00+00:00,3080.298095703125,3086.3291015625,3078.2763671875,3078.2763671875,10002432
2026-01-09 20:45:00+00:00,3075.226806640625,3077.669921875,3068.219970703125,3068.219970703125,197613568
2026-01-09 21:00:00+00:00,3068.8271484375,3073.9892578125,3065.491455078125,3072.4072265625,25473024
2026-01-09 21:15:00+00:00,3073.099609375,3086.488525390625,3072.9033203125,3086.488525390625,702269440
2026-01-09 21:30:00+00:00,3085.382568359375,3087.601806640625,3078.523681640625,3078.523681640625,209367040
2026-01-09 21:45:00+00:00,3078.227294921875,3082.0361328125,3075.71435546875,3081.80908203125,0
2026-01-09 22:00:00+00:00,3081.16943359375,3084.47998046875,3073.77197265625,3073.77197265625,20224000
2026-01-09 22:15:00+00:00,3074.77978515625,3077.179931640625,3074.036865234375,3074.036865234375,173182976
2026-01-09 22:30:00+00:00,3078.7646484375,3082.5205078125,3078.7646484375,3080.21337890625,787505152
2026-01-09 22:45:00+00:00,3078.4814453125,3082.572509765625,3078.4814453125,3081.27685546875,3006464
2026-01-09 23:00:00+00:00,3082.20556640625,3085.43115234375,3080.467041015625,3083.867919921875,77471744
2026-01-09 23:15:00+00:00,3084.675537109375,3086.612060546875,3083.8759765625,3086.458740234375,7235584
2026-01-09 23:30:00+00:00,3086.252685546875,3088.3681640625,3085.7470703125,3086.1162109375,0
2026-01-09 23:45:00+00:00,3086.595947265625,3087.3642578125,3082.349365234375,3082.349365234375,0
2026-01-10 00:00:00+00:00,3082.780029296875,3085.359375,3082.71142578125,3082.71142578125,177317888
2026-01-10 00:15:00+00:00,3081.171875,3082.521728515625,3079.32666015625,3082.521728515625,15755264
2026-01-10 00:30:00+00:00,3083.166015625,3084.633056640625,3081.436279296875,3081.436279296875,263718912
2026-01-10 00:45:00+00:00,3081.570068359375,3081.570068359375,3078.47705078125,3079.271240234375,11560960
2026-01-10 01:00:00+00:00,3079.459716796875,3082.577880859375,3079.459716796875,3081.938720703125,11448320
2026-01-10 01:15:00+00:00,3082.856201171875,3085.269775390625,3082.856201171875,3084.855224609375,13305856
2026-01-10 01:30:00+00:00,3085.129150390625,3086.017822265625,3085.129150390625,3085.56103515625,0
2026-01-10 01:45:00+00:00,3085.558837890625,3086.598388671875,3083.894775390625,3085.787841796875,0
2026-01-10 02:00:00+00:00,3085.759033203125,3087.067138671875,3085.759033203125,3086.77392578125,111800320
2026-01-10 02:15:00+00:00,3087.333251953125,3089.040283203125,3086.429931640625,3087.037841796875,6197248
2026-01-10 02:30:00+00:00,3086.76904296875,3086.76904296875,3079.551025390625,3079.551025390625,3702784
2026-01-10 02:45:00+00:00,3079.518310546875,3083.271484375,3079.518310546875,3083.209228515625,553556992
2026-01-10 03:00:00+00:00,3083.565185546875,3083.565185546875,3076.924072265625,3077.206298828125,11495424
2026-01-10 03:15:00+00:00,3077.672607421875,3083.113525390625,3077.672607421875,3082.933349609375,107045888
2026-01-10 03:30:00+00:00,3083.08642578125,3083.318359375,3081.085693359375,3082.2734375,5054464
2026-01-10 03:45:00+00:00,3081.003173828125,3083.36474609375,3081.003173828125,3083.36474609375,3061760
2026-01-10 04:00:00+00:00,3082.56982421875,3083.052490234375,3077.825439453125,3078.751220703125,0
2026-01-10 04:15:00+00:00,3078.685546875,3078.852783203125,3078.068603515625,3078.207763671875,116643840
2026-01-10 04:30:00+00:00,3078.461181640625,3079.902099609375,3078.376953125,3079.607177734375,2720768
2026-01-10 04:45:00+00:00,3080.099365234375,3080.5634765625,3076.19921875,3076.19921875,35849216
2026-01-10 05:00:00+00:00,3077.48095703125,3080.645263671875,3075.899658203125,3080.0830078125,229607424
2026-01-10 05:15:00+00:00,3079.97119140625,3080.390625,3079.465576171875,3080.008056640625,552677376
2026-01-10 05:30:00+00:00,3080.357666015625,3083.084716796875,3080.01318359375,3083.05224609375,22681600
2026-01-10 05:45:00+00:00,3082.809326171875,3083.225830078125,3082.50146484375,3083.096923828125,137821184
2026-01-10 06:00:00+00:00,3082.54248046875,3083.463623046875,3082.54248046875,3083.369873046875,33545216
2026-01-10 06:15:00+00:00,3083.1494140625,3083.1494140625,3079.850830078125,3081.56982421875,0
2026-01-10 06:30:00+00:00,3082.23828125,3083.6181640625,3082.23828125,3082.925537109375,152072192
2026-01-10 06:45:00+00:00,3083.17138671875,3083.968017578125,3083.133056640625,3083.2138671875,2985984
2026-01-10 07:00:00+00:00,3083.251708984375,3088.72021484375,3083.18603515625,3088.40478515625,34117632
2026-01-10 07:15:00+00:00,3087.94677734375,3087.94677734375,3086.17041015625,3086.62646484375,21827584
2026-01-10 07:30:00+00:00,3087.8427734375,3088.216064453125,3085.840576171875,3085.951416015625,0
2026-01-10 07:45:00+00:00,3086.0361328125,3088.40087890625,3086.0361328125,3088.394775390625,159672320
2026-01-10 08:00:00+00:00,3088.72119140625,3088.72119140625,3086.365478515625,3086.365478515625,0
2026-01-10 08:15:00+00:00,3086.52734375,3086.622802734375,3085.170166015625,3085.904296875,17284096
2026-01-10 08:30:00+00:00,3085.347900390625,3085.347900390625,3083.4326171875,3084.835693359375,0
2026-01-10 08:45:00+00:00,3084.81640625,3085.568603515625,3084.579345703125,3085.568603515625,0
2026-01-10 09:00:00+00:00,3085.885009765625,3086.888916015625,3085.4609375,3085.4609375,0
2026-01-10 09:15:00+00:00,3085.5908203125,3088.384765625,3085.5908203125,3087.739501953125,0
2026-01-10 09:30:00+00:00,3087.797119140625,3088.958740234375,3087.165771484375,3088.794921875,42519552
2026-01-10 09:45:00+00:00,3088.984130859375,3093.62841796875,3088.984130859375,3091.360595703125,74801152
2026-01-10 10:00:00+00:00,3091.818603515625,3093.52197265625,3091.53125,3092.822998046875,15316992
2026-01-10 10:15:00+00:00,3093.787109375,3094.5283203125,3091.19189453125,3091.587646484375,27766784
2026-01-10 10:30:00+00:00,3091.60498046875,3095.341552734375,3090.76416015625,3095.341552734375,34649088
2026-01-10 10:45:00+00:00,3094.12255859375,3096.84033203125,3094.12255859375,3095.50634765625,512339968
2026-01-10 11:00:00+00:00,3098.706787109375,3098.706787109375,3095.154052734375,3095.797607421875,93779968
2026-01-10 11:15:00+00:00,3095.93798828125,3096.1259765625,3093.86669921875,3093.86669921875,0
2026-01-10 11:30:00+00:00,3094.389404296875,3094.71142578125,3092.49609375,3092.657470703125,2357248
2026-01-10 11:45:00+00:00,3092.373291015625,3092.845947265625,3091.44580078125,3092.845947265625,0
2026-01-10 12:00:00+00:00,3092.6796875,3095.08251953125,3092.6796875,3094.97509765625,1961984
2026-01-10 12:15:00+00:00,3095.134521484375,3098.868408203125,3093.2646484375,3093.2646484375,23145472
2026-01-10 12:30:00+00:00,3093.14208984375,3093.14208984375,3090.095703125,3092.8544921875,0
2026-01-10 12:45:00+00:00,3093.115478515625,3094.686279296875,3093.115478515625,3094.68115234375,0
2026-01-10 13:00:00+00:00,3094.93115234375,3094.98291015625,3093.44873046875,3093.44873046875,0
2026-01-10 13:15:00+00:00,3093.28369140625,3094.3974609375,3092.56591796875,3092.56591796875,408553472
2026-01-10 13:30:00+00:00,3092.54931640625,3094.107177734375,3092.54931640625,3093.8095703125,0
2026-01-10 13:45:00+00:00,3093.960205078125,3093.960205078125,3090.42333984375,3090.42333984375,0
2026-01-10 14:00:00+00:00,3090.82421875,3090.82421875,3086.5419921875,3089.028564453125,44226560
2026-01-10 14:15:00+00:00,3089.7529296875,3092.158203125,3088.964599609375,3090.777099609375,0
2026-01-10 14:30:00+00:00,3090.69091796875,3090.69091796875,3087.801025390625,3087.942138671875,0
2026-01-10 14:45:00+00:00,3087.559814453125,3088.3447265625,3087.14990234375,3087.784912109375,0
2026-01-10 15:00:00+00:00,3087.66455078125,3090.7060546875,3087.66455078125,3090.581787109375,0
2026-01-10 15:15:00+00:00,3090.5537109375,3090.661376953125,3088.822998046875,3089.166015625,0
2026-01-10 15:30:00+00:00,3089.280517578125,3091.867431640625,3089.0517578125,3091.867431640625,0
2026-01-10 15:45:00+00:00,3091.57421875,3091.8837890625,3090.541259765625,3091.57421875,3543040
2026-01-10 16:00:00+00:00,3091.71142578125,3092.906982421875,3091.188720703125,3091.270263671875,0
2026-01-10 16:15:00+00:00,3090.923828125,3090.923828125,3088.61083984375,3090.43359375,0
2026-01-10 16:30:00+00:00,3090.35595703125,3092.30419921875,3090.35595703125,3092.27099609375,56176640
2026-01-10 16:45:00+00:00,3092.386962890625,3092.386962890625,3091.153564453125,3091.415771484375,3773440
2026-01-10 17:00:00+00:00,3091.499755859375,3092.994873046875,3091.499755859375,3092.994873046875,44952576
2026-01-10 17:15:00+00:00,3094.39599609375,3094.59326171875,3093.854736328125,3093.854736328125,0
2026-01-10 17:30:00+00:00,3093.799072265625,3093.8203125,3092.6923828125,3092.70263671875,6646784
2026-01-10 17:45:00+00:00,3092.6171875,3092.6171875,3088.100830078125,3088.100830078125,0
2026-01-10 18:00:00+00:00,3088.80224609375,3089.80029296875,3087.312744140625,3087.782958984375,0
2026-01-10 18:15:00+00:00,3087.8173828125,3089.332763671875,3087.8173828125,3088.8837890625,0
2026-01-10 18:30:00+00:00,3089.720458984375,3089.836669921875,3088.592041015625,3089.36083984375,0
2026-01-10 18:45:00+00:00,3089.32861328125,3089.32861328125,3087.9970703125,3088.772216796875,0
2026-01-10 19:00:00+00:00,3088.660400390625,3089.79931640625,3088.5458984375,3088.83203125,0
2026-01-10 19:15:00+00:00,3088.957763671875,3088.957763671875,3087.884521484375,3087.98583984375,0
2026-01-10 19:30:00+00:00,3087.88330078125,3088.15234375,3087.087890625,3088.15234375,7045632
2026-01-10 19:45:00+00:00,3088.27783203125,3088.27783203125,3087.447021484375,3087.744140625,0
2026-01-10 20:00:00+00:00,3088.13818359375,3088.696533203125,3087.421142578125,3088.42431640625,0
2026-01-10 20:15:00+00:00,3088.55126953125,3088.55126953125,3087.40234375,3087.40234375,43948544
2026-01-10 20:30:00+00:00,3087.584716796875,3088.5234375,3085.61328125,3085.741943359375,36404224
2026-01-10 20:45:00+00:00,3085.195068359375,3086.31640625,3084.916259765625,3085.600830078125,0
2026-01-10 21:00:00+00:00,3085.529541015625,3085.590087890625,3082.031494140625,3083.654296875,0
2026-01-10 21:15:00+00:00,3083.487060546875,3085.672119140625,3083.428466796875,3085.468017578125,160013824
2026-01-10 21:30:00+00:00,3085.55712890625,3085.58642578125,3083.200927734375,3083.587158203125,118996480
2026-01-10 21:45:00+00:00,3083.099365234375,3083.099365234375,3081.755859375,3081.755859375,17071616
2026-01-10 22:00:00+00:00,3081.741943359375,3081.741943359375,3078.335205078125,3078.335205078125,31271424
2026-01-10 22:15:00+00:00,3078.16845703125,3078.16845703125,3075.20068359375,3076.8857421875,59659776
2026-01-10 22:30:00+00:00,3078.26806640625,3084.354248046875,3078.26806640625,3083.060546875,67963392
2026-01-10 22:45:00+00:00,3084.041748046875,3084.041748046875,3077.60107421875,3077.60107421875,228462080
2026-01-10 23:00:00+00:00,3076.957275390625,3081.29736328125,3076.873046875,3081.208984375,15991808
2026-01-10 23:15:00+00:00,3080.5009765625,3082.567626953125,3080.487060546875,3082.567626953125,16003584
2026-01-10 23:30:00+00:00,3082.35888671875,3083.817138671875,3081.41943359375,3083.20263671875,33112576
2026-01-10 23:45:00+00:00,3083.1279296875,3084.3486328125,3081.44775390625,3082.257568359375,3019264
2026-01-11 00:00:00+00:00,3082.353271484375,3083.286865234375,3080.976318359375,3083.286865234375,9413632
2026-01-11 00:15:00+00:00,3083.275634765625,3086.465087890625,3083.275634765625,3086.20263671875,47414272
2026-01-11 00:30:00+00:00,3086.20263671875,3086.6455078125,3084.587646484375,3084.61279296875,11107840
2026-01-11 00:45:00+00:00,3084.081787109375,3088.274169921875,3084.081787109375,3087.770751953125,6787584
2026-01-11 01:00:00+00:00,3087.833251953125,3088.880615234375,3087.090576171875,3087.139404296875,8326144
2026-01-11 01:15:00+00:00,3087.249267578125,3088.630615234375,3085.72607421875,3087.822509765625,16543744
2026-01-11 01:30:00+00:00,3087.90771484375,3088.0478515625,3085.668701171875,3087.802490234375,165590528
2026-01-11 01:45:00+00:00,3088.25390625,3090.596435546875,3088.25390625,3090.596435546875,46881280
2026-01-11 02:00:00+00:00,3090.78564453125,3092.194091796875,3089.542236328125,3092.194091796875,33228800
2026-01-11 02:15:00+00:00,3092.559814453125,3093.229736328125,3090.844482421875,3091.19140625,36125696
2026-01-11 02:30:00+00:00,3091.06201171875,3091.06201171875,3089.296142578125,3089.739501953125,6901248
2026-01-11 02:45:00+00:00,3090.21142578125,3091.312744140625,3088.636474609375,3089.2177734375,9018368
2026-01-11 03:00:00+00:00,3088.9443359375,3089.669189453125,3088.613525390625,3089.439453125,1520128
2026-01-11 03:15:00+00:00,3089.635009765625,3092.04931640625,3089.635009765625,3091.1728515625,6204928
2026-01-11 03:30:00+00:00,3090.95751953125,3091.83251953125,3090.5869140625,3091.83251953125,14632448
2026-01-11 03:45:00+00:00,3092.059814453125,3093.179931640625,3092.059814453125,3093.1064453125,28597760
2026-01-11 04:00:00+00:00,3092.894775390625,3093.9404296875,3092.21044921875,3092.274169921875,13108224
2026-01-11 04:15:00+00:00,3092.155029296875,3092.989013671875,3091.18212890625,3091.574462890625,29230592
2026-01-11 04:30:00+00:00,3091.541748046875,3094.494140625,3091.541748046875,3092.17041015625,47707648
2026-01-11 04:45:00+00:00,3091.662109375,3093.810791015625,3091.662109375,3093.810791015625,31719424
2026-01-11 05:00:00+00:00,3094.057373046875,3094.719970703125,3093.7275390625,3094.3564453125,0
2026-01-11 05:15:00+00:00,3094.458740234375,3094.458740234375,3092.802001953125,3093.42529296875,21105152
2026-01-11 05:30:00+00:00,3093.356201171875,3094.93701171875,3093.356201171875,3094.8193359375,23416832
2026-01-11 05:45:00+00:00,3095.89501953125,3097.163818359375,3094.45654296875,3094.983642578125,13581312
2026-01-11 06:00:00+00:00,3095.27978515625,3096.4111328125,3094.71533203125,3095.784423828125,83704320
2026-01-11 06:15:00+00:00,3095.874267578125,3095.874267578125,3088.146728515625,3089.6513671875,56735744
2026-01-11 06:30:00+00:00,3089.819091796875,3089.819091796875,3088.720458984375,3089.664306640625,49850880
2026-01-11 06:45:00+00:00,3090.03955078125,3093.713134765625,3090.03955078125,3093.713134765625,11691008
2026-01-11 07:00:00+00:00,3093.711181640625,3094.574462890625,3091.402099609375,3091.46142578125,26259968
2026-01-11 07:15:00+00:00,3091.40966796875,3092.428955078125,3090.89111328125,3090.89111328125,0
2026-01-11 07:30:00+00:00,3091.357421875,3091.376953125,3088.972900390625,3090.16162109375,22930944
2026-01-11 07:45:00+00:00,3090.48583984375,3090.9921875,3090.27001953125,3090.9921875,8903168
2026-01-11 08:00:00+00:00,3091.345458984375,3091.4814453125,3089.3271484375,3090.98974609375,31046144
2026-01-11 08:15:00+00:00,3090.97607421875,3093.662353515625,3090.97607421875,3093.21630859375,34254848
2026-01-11 08:30:00+00:00,3093.85986328125,3096.464111328125,3093.85986328125,3096.081787109375,26110464
2026-01-11 08:45:00+00:00,3096.199462890625,3102.738037109375,3095.222412109375,3099.843994140625,68538880
2026-01-11 09:00:00+00:00,3099.545654296875,3100.210205078125,3099.31787109375,3099.759033203125,82706944
2026-01-11 09:15:00+00:00,3099.4873046875,3101.663330078125,3099.46630859375,3101.27587890625,49180672
2026-01-11 09:30:00+00:00,3101.4287109375,3102.419189453125,3097.218017578125,3097.870361328125,67080704
2026-01-11 09:45:00+00:00,3098.081298828125,3100.88818359375,3098.081298828125,3100.671630859375,0
2026-01-11 10:00:00+00:00,3100.37744140625,3102.614501953125,3098.596923828125,3102.614501953125,56113664
2026-01-11 10:15:00+00:00,3103.75244140625,3103.75244140625,3100.742431640625,3101.0908203125,63632384
2026-01-11 10:30:00+00:00,3101.698974609375,3103.26025390625,3101.273193359375,3103.0322265625,19853824
2026-01-11 10:45:00+00:00,3101.60791015625,3103.2275390625,3100.994873046875,3103.22216796875,2296320
2026-01-11 11:00:00+00:00,3103.33203125,3103.389892578125,3100.425048828125,3100.425048828125,0
2026-01-11 11:15:00+00:00,3100.23046875,3101.50732421875,3099.9599609375,3101.50732421875,37318656
2026-01-11 11:30:00+00:00,3101.776611328125,3103.322509765625,3101.776611328125,3103.322509765625,14658048
2026-01-11 11:45:00+00:00,3102.63427734375,3102.63427734375,3100.307861328125,3100.307861328125,52931072
2026-01-11 12:00:00+00:00,3100.67333984375,3104.320556640625,3100.67333984375,3104.320556640625,34458624
2026-01-11 12:15:00+00:00,3104.201904296875,3106.001708984375,3103.5947265625,3105.34130859375,0
2026-01-11 12:30:00+00:00,3105.528564453125,3106.8310546875,3104.903564453125,3106.524169921875,55652352
2026-01-11 12:45:00+00:00,3107.333740234375,3111.41552734375,3107.333740234375,3110.514892578125,113517056
2026-01-11 13:00:00+00:00,3110.780029296875,3110.780029296875,3108.975341796875,3110.5400390625,73576960
2026-01-11 13:15:00+00:00,3110.834228515625,3111.502197265625,3106.751708984375,3107.65478515625,32599040
2026-01-11 13:30:00+00:00,3108.017578125,3108.017578125,3105.853271484375,3105.853271484375,130040832
2026-01-11 13:45:00+00:00,3103.546142578125,3107.354736328125,3103.546142578125,3106.173828125,334066688
2026-01-11 14:00:00+00:00,3105.49658203125,3109.9619140625,3105.49658203125,3109.9619140625,35009536
2026-01-11 14:15:00+00:00,3109.9453125,3111.130615234375,3109.172607421875,3111.130615234375,44084736
2026-01-11 14:30:00+00:00,3111.1220703125,3112.719482421875,3109.75732421875,3112.524169921875,25041920
2026-01-11 14:45:00+00:00,3111.5361328125,3121.305419921875,3109.41162109375,3121.305419921875,118176768
2026-01-11 15:00:00+00:00,3121.50048828125,3121.50048828125,3115.00390625,3115.453857421875,169933824
2026-01-11 15:15:00+00:00,3115.02734375,3119.3037109375,3114.282958984375,3117.792724609375,106992640
2026-01-11 15:30:00+00:00,3117.5361328125,3120.81591796875,3111.289306640625,3111.289306640625,133231616
2026-01-11 15:45:00+00:00,3112.188232421875,3113.384033203125,3107.787109375,3113.384033203125,30560768
2026-01-11 16:00:00+00:00,3113.722412109375,3116.43896484375,3113.392578125,3113.392578125,228377088
2026-01-11 16:15:00+00:00,3112.529296875,3116.188720703125,3112.15478515625,3116.188720703125,27323392
2026-01-11 16:30:00+00:00,3118.643798828125,3141.093994140625,3118.643798828125,3131.757080078125,528932352
2026-01-11 16:45:00+00:00,3131.806640625,3133.35009765625,3123.33349609375,3125.103271484375,286439424
2026-01-11 17:00:00+00:00,3125.241943359375,3128.57421875,3123.63818359375,3126.85009765625,116720640
2026-01-11 17:15:00+00:00,3127.0,3127.0,3123.75146484375,3126.8349609375,22988288
2026-01-11 17:30:00+00:00,3126.79345703125,3127.32421875,3116.129638671875,3119.87646484375,78327296
2026-01-11 17:45:00+00:00,3120.2421875,3122.4833984375,3118.571533203125,3122.4833984375,70166528
2026-01-11 18:00:00+00:00,3122.521728515625,3122.521728515625,3117.5595703125,3117.838134765625,31684608
2026-01-11 18:15:00+00:00,3117.474609375,3120.720703125,3117.474609375,3120.25146484375,43941888
2026-01-11 18:30:00+00:00,3121.038818359375,3121.038818359375,3116.306640625,3118.8759765625,13663232
2026-01-11 18:45:00+00:00,3118.995849609375,3126.479736328125,3118.995849609375,3124.607177734375,128098304
2026-01-11 19:00:00+00:00,3124.872802734375,3127.53759765625,3124.66015625,3127.53759765625,21101568
2026-01-11 19:15:00+00:00,3127.179443359375,3127.179443359375,3122.256103515625,3122.256103515625,101038080
2026-01-11 19:30:00+00:00,3123.270263671875,3123.607421875,3118.467529296875,3118.467529296875,25091072
2026-01-11 19:45:00+00:00,3118.329345703125,3121.13037109375,3115.541259765625,3120.594970703125,41381888
2026-01-11 20:00:00+00:00,3120.630615234375,3120.630615234375,3107.746337890625,3110.681640625,63670272
2026-01-11 20:15:00+00:00,3108.31494140625,3108.31494140625,3099.30712890625,3101.80419921875,218382336
2026-01-11 20:30:00+00:00,3100.671630859375,3105.74658203125,3099.8876953125,3102.831787109375,248058880
2026-01-11 20:45:00+00:00,3103.609130859375,3110.25390625,3103.609130859375,3110.252685546875,24912896
2026-01-11 21:00:00+00:00,3110.94287109375,3110.94287109375,3104.21240234375,3106.861572265625,104085504
2026-01-11 21:15:00+00:00,3107.593994140625,3111.558349609375,3107.593994140625,3108.588623046875,51662848
2026-01-11 21:30:00+00:00,3109.6337890625,3112.14501953125,3108.38232421875,3109.836181640625,26722304
2026-01-11 21:45:00+00:00,3109.540771484375,3118.8037109375,3109.540771484375,3117.10791015625,165379072
2026-01-11 22:00:00+00:00,3116.576416015625,3116.576416015625,3102.78369140625,3109.6494140625,379615232
2026-01-11 22:15:00+00:00,3107.490234375,3111.2353515625,3105.4990234375,3110.623779296875,107046912
2026-01-11 22:30:00+00:00,3109.4658203125,3111.19091796875,3106.903076171875,3111.19091796875,15200256
2026-01-11 22:45:00+00:00,3110.65673828125,3111.218994140625,3106.693115234375,3106.766845703125,31193088
2026-01-11 23:00:00+00:00,3105.291259765625,3105.291259765625,3090.65869140625,3102.4716796875,256195584
2026-01-11 23:15:00+00:00,3106.701904296875,3118.86181640625,3106.701904296875,3110.78466796875,340653056
2026-01-11 23:30:00+00:00,3108.7216796875,3115.7880859375,3107.269775390625,3115.7880859375,288140288
2026-01-11 23:45:00+00:00,3116.0390625,3119.264404296875,3113.826904296875,3118.01416015625,113382400
2026-01-12 00:00:00+00:00,3118.572265625,3118.572265625,3106.604736328125,3110.14599609375,105149440
2026-01-12 00:15:00+00:00,3110.655517578125,3120.55126953125,3110.049560546875,3117.449951171875,445932544
2026-01-12 00:30:00+00:00,3117.34765625,3117.741943359375,3101.44189453125,3101.44189453125,135661568
2026-01-12 00:45:00+00:00,3101.47802734375,3114.19091796875,3096.845947265625,3114.19091796875,575299584
2026-01-12 01:00:00+00:00,3114.346435546875,3130.85888671875,3114.346435546875,3122.4794921875,110018560
2026-01-12 01:15:00+00:00,3123.36962890625,3126.163818359375,3119.021484375,3124.323974609375,487471104
2026-01-12 01:30:00+00:00,3125.529052734375,3125.529052734375,3113.58544921875,3118.67822265625,410253312
2026-01-12 01:45:00+00:00,3119.73974609375,3124.550048828125,3119.73974609375,3120.4609375,89005056
2026-01-12 02:00:00+00:00,3120.5966796875,3131.87451171875,3120.5966796875,3131.87451171875,321652736
2026-01-12 02:15:00+00:00,3136.935302734375,3146.430419921875,3135.056884765625,3136.471923828125,371712000
2026-01-12 02:30:00+00:00,3141.5263671875,3146.5625,3138.603515625,3146.5625,159600640
2026-01-12 02:45:00+00:00,3145.194091796875,3162.83642578125,3145.194091796875,3155.760009765625,366792704
2026-01-12 03:00:00+00:00,3153.968994140625,3159.994140625,3151.261474609375,3159.994140625,320267264
2026-01-12 03:15:00+00:00,3159.994140625,3165.77294921875,3159.994140625,3162.462158203125,318231552
2026-01-12 03:30:00+00:00,3160.454345703125,3160.474365234375,3152.15283203125,3153.18359375,154173440
2026-01-12 03:45:00+00:00,3151.466796875,3152.15771484375,3147.87060546875,3147.87060546875,263163904
2026-01-12 04:00:00+00:00,3147.695068359375,3153.9013671875,3145.40625,3153.9013671875,198842368
2026-01-12 04:15:00+00:00,3154.591064453125,3155.463134765625,3150.847900390625,3150.847900390625,149780480
2026-01-12 04:30:00+00:00,3151.27978515625,3157.857177734375,3151.083740234375,3156.385009765625,81713152
2026-01-12 04:45:00+00:00,3155.69921875,3158.91748046875,3154.70849609375,3154.70849609375,18634752
2026-01-12 05:00:00+00:00,3154.877197265625,3156.8359375,3152.008056640625,3155.349365234375,133256192
2026-01-12 05:15:00+00:00,3154.656005859375,3161.515380859375,3153.364990234375,3161.515380859375,491574272
2026-01-12 05:30:00+00:00,3161.362548828125,3161.8779296875,3158.241943359375,3158.241943359375,66908160
2026-01-12 05:45:00+00:00,3154.624267578125,3155.278076171875,3153.615966796875,3154.66015625,35360768
2026-01-12 06:00:00+00:00,3154.408935546875,3160.27099609375,3152.60791015625,3158.274658203125,0
2026-01-12 06:15:00+00:00,3158.3486328125,3158.95166015625,3152.3330078125,3153.813232421875,99591168
2026-01-12 06:30:00+00:00,3153.9501953125,3153.9501953125,3149.14892578125,3153.558349609375,101580800
2026-01-12 06:45:00+00:00,3154.295166015625,3154.295166015625,3149.6376953125,3150.3076171875,140013568
2026-01-12 07:00:00+00:00,3150.6220703125,3155.762451171875,3148.80810546875,3154.222412109375,23288832
2026-01-12 07:15:00+00:00,3153.279052734375,3154.62939453125,3149.651123046875,3152.957275390625,490546176
2026-01-12 07:30:00+00:00,3153.184814453125,3153.184814453125,3138.68017578125,3138.68017578125,71760896
2026-01-12 07:45:00+00:00,3138.3095703125,3138.3095703125,3129.961669921875,3132.477294921875,729530368
2026-01-12 08:00:00+00:00,3131.487060546875,3139.576904296875,3130.7421875,3139.576904296875,73090048
2026-01-12 08:15:00+00:00,3137.521240234375,3141.560546875,3134.162353515625,3137.271240234375,263425024
2026-01-12 08:30:00+00:00,3136.464111328125,3136.464111328125,3106.576171875,3108.730712890625,261004288
2026-01-12 08:45:00+00:00,3106.1943359375,3113.615234375,3100.923583984375,3113.615234375,500593664
2026-01-12 09:00:00+00:00,3112.75048828125,3115.990966796875,3109.299560546875,3114.639404296875,644364288
2026-01-12 09:15:00+00:00,3114.6611328125,3117.86279296875,3113.62890625,3113.62890625,53662720
2026-01-12 09:30:00+00:00,3113.52734375,3118.923583984375,3113.52734375,3118.387939453125,173542400
2026-01-12 09:45:00+00:00,3117.651611328125,3117.78955078125,3112.7421875,3112.7421875,0
2026-01-12 10:00:00+00:00,3112.509033203125,3115.015869140625,3106.660888671875,3110.39404296875,35238912
2026-01-12 10:15:00+00:00,3110.511474609375,3111.850341796875,3107.791748046875,3110.197998046875,165220352
2026-01-12 10:30:00+00:00,3109.989501953125,3112.146728515625,3108.122314453125,3108.122314453125,59638784
2026-01-12 10:45:00+00:00,3107.69921875,3107.69921875,3101.3623046875,3101.480712890625,72111104
2026-01-12 11:00:00+00:00,3102.467041015625,3107.89453125,3102.467041015625,3107.89453125,315469824
2026-01-12 11:15:00+00:00,3108.326416015625,3116.351806640625,3107.051025390625,3114.040283203125,89120768
2026-01-12 11:30:00+00:00,3113.703125,3114.892822265625,3108.6806640625,3109.120361328125,144580608
2026-01-12 11:45:00+00:00,3109.53076171875,3112.493896484375,3109.53076171875,3112.355224609375,488887296
2026-01-12 12:00:00+00:00,3111.92919921875,3115.8828125,3111.31396484375,3114.722900390625,29435904
2026-01-12 12:15:00+00:00,3114.6669921875,3118.20068359375,3114.6669921875,3116.35107421875,167782400
2026-01-12 12:30:00+00:00,3115.583251953125,3115.671875,3109.298095703125,3112.0859375,170661888
2026-01-12 12:45:00+00:00,3112.24755859375,3114.976318359375,3111.485107421875,3113.703857421875,1435648
2026-01-12 13:00:00+00:00,3113.126708984375,3115.5390625,3106.203857421875,3106.654296875,35133440
2026-01-12 13:15:00+00:00,3103.33349609375,3107.79052734375,3103.33349609375,3106.567138671875,34322432
2026-01-12 13:30:00+00:00,3106.54443359375,3110.60400390625,3105.728271484375,3105.728271484375,21528576
2026-01-12 13:45:00+00:00,3106.669921875,3108.263671875,3103.808837890625,3106.49462890625,2215936
2026-01-12 14:00:00+00:00,3105.978271484375,3105.978271484375,3103.530517578125,3105.665283203125,29323264
2026-01-12 14:15:00+00:00,3105.539306640625,3105.855712890625,3070.50537109375,3073.714111328125,1030926336
2026-01-12 14:30:00+00:00,3074.183349609375,3108.3759765625,3074.183349609375,3098.419189453125,488931328
2026-01-12 14:45:00+00:00,3098.676513671875,3106.310791015625,3092.18505859375,3099.5205078125,1022586880
2026-01-12 15:00:00+00:00,3102.050048828125,3102.050048828125,3092.516357421875,3094.326416015625,217231360
2026-01-12 15:15:00+00:00,3096.000244140625,3118.816162109375,3096.000244140625,3114.739990234375,582574080
2026-01-12 15:30:00+00:00,3116.454833984375,3121.922119140625,3113.81298828125,3120.089599609375,107438080
2026-01-12 15:45:00+00:00,3121.944091796875,3126.197509765625,3119.857666015625,3126.194091796875,333617152
2026-01-12 16:00:00+00:00,3127.12353515625,3132.19921875,3125.339599609375,3128.251708984375,36446208
2026-01-12 16:15:00+00:00,3129.359375,3137.786376953125,3123.91015625,3137.786376953125,258420736
2026-01-12 16:30:00+00:00,3141.140869140625,3141.540283203125,3128.065673828125,3128.065673828125,25827328
2026-01-12 16:45:00+00:00,3129.078125,3132.00048828125,3123.61962890625,3128.67236328125,149721088
2026-01-12 17:00:00+00:00,3128.268310546875,3133.8974609375,3124.54443359375,3124.54443359375,542664704
2026-01-12 17:15:00+00:00,3125.353271484375,3127.262451171875,3110.78173828125,3111.014892578125,200771584
2026-01-12 17:30:00+00:00,3111.265625,3111.265625,3088.6220703125,3098.795166015625,839022592
2026-01-12 17:45:00+00:00,3096.056640625,3102.89404296875,3096.008056640625,3102.7177734375,410945536
2026-01-12 18:00:00+00:00,3102.3671875,3109.396484375,3097.64501953125,3109.396484375,127088640
2026-01-12 18:15:00+00:00,3108.03466796875,3114.7275390625,3107.74755859375,3114.7275390625,489807872
2026-01-12 18:30:00+00:00,3116.216796875,3116.216796875,3096.468017578125,3100.103515625,525496320
2026-01-12 18:45:00+00:00,3101.94580078125,3108.03076171875,3099.98291015625,3106.080810546875,57683968
2026-01-12 19:00:00+00:00,3105.6884765625,3107.465576171875,3096.436279296875,3106.019287109375,98979840
2026-01-12 19:15:00+00:00,3104.622314453125,3112.9521484375,3104.622314453125,3108.275390625,768223232
2026-01-12 19:30:00+00:00,3109.116943359375,3113.137451171875,3108.87646484375,3112.958740234375,91496448
2026-01-12 19:45:00+00:00,3113.03857421875,3118.80126953125,3111.078369140625,3118.69189453125,4632576
2026-01-12 20:00:00+00:00,3118.953125,3124.7880859375,3117.296142578125,3118.095703125,788285440
2026-01-12 20:15:00+00:00,3118.489501953125,3118.489501953125,3107.69775390625,3107.69775390625,0
2026-01-12 20:30:00+00:00,3109.146484375,3109.146484375,3100.450927734375,3101.18310546875,143603712
2026-01-12 20:45:00+00:00,3100.90576171875,3103.224609375,3098.487548828125,3099.43212890625,214056960
2026-01-12 21:00:00+00:00,3100.464599609375,3103.74267578125,3091.038330078125,3103.066162109375,48402432
2026-01-12 21:15:00+00:00,3102.431884765625,3102.431884765625,3097.174560546875,3097.962890625,773808128
2026-01-12 21:30:00+00:00,3096.696533203125,3098.130615234375,3094.034423828125,3096.4482421875,193843200
2026-01-12 21:45:00+00:00,3095.195068359375,3095.195068359375,3084.102783203125,3086.271240234375,19159040
2026-01-12 22:00:00+00:00,3089.178466796875,3102.96484375,3089.178466796875,3102.96484375,109664256
2026-01-12 22:15:00+00:00,3102.110595703125,3102.110595703125,3096.974853515625,3096.974853515625,151255040
2026-01-12 22:30:00+00:00,3094.8701171875,3101.873291015625,3094.8701171875,3101.873291015625,639879168
2026-01-12 22:45:00+00:00,3099.659423828125,3099.766845703125,3093.15869140625,3093.86572265625,23756800
2026-01-12 23:00:00+00:00,3092.5224609375,3095.033935546875,3085.720947265625,3087.517578125,25769984
2026-01-12 23:15:00+00:00,3088.456787109375,3094.187255859375,3087.398193359375,3094.187255859375,0
2026-01-12 23:30:00+00:00,3094.143310546875,3095.078857421875,3088.50341796875,3092.15771484375,166117376
2026-01-12 23:45:00+00:00,3092.41650390625,3092.41650390625,3090.210205078125,3091.560302734375,5158912
2026-01-13 00:00:00+00:00,3092.396240234375,3101.64013671875,3091.64306640625,3099.189208984375,40812544
2026-01-13 00:15:00+00:00,3098.473388671875,3101.78857421875,3097.084228515625,3101.275146484375,88045568
2026-01-13 00:30:00+00:00,3101.02685546875,3103.329833984375,3096.683349609375,3096.76513671875,0
2026-01-13 00:45:00+00:00,3098.20849609375,3106.035888671875,3098.20849609375,3105.563232421875,0
2026-01-13 01:00:00+00:00,3105.404296875,3109.363037109375,3104.298828125,3106.987060546875,0
2026-01-13 01:15:00+00:00,3107.114990234375,3107.114990234375,3098.140869140625,3099.686279296875,13670400
2026-01-13 01:30:00+00:00,3098.8564453125,3099.2880859375,3088.512939453125,3090.3095703125,162752512
2026-01-13 01:45:00+00:00,3090.15185546875,3095.069091796875,3090.15185546875,3093.115234375,649394176
2026-01-13 02:00:00+00:00,3094.138427734375,3103.821533203125,3094.138427734375,3100.4140625,1601536
2026-01-13 02:15:00+00:00,3100.819580078125,3102.39892578125,3099.6796875,3101.4775390625,0
2026-01-13 02:30:00+00:00,3101.089111328125,3101.5732421875,3097.557373046875,3097.557373046875,0
2026-01-13 02:45:00+00:00,3096.386474609375,3101.0419921875,3096.386474609375,3099.715576171875,0
2026-01-13 03:00:00+00:00,3097.8291015625,3105.528076171875,3097.8291015625,3105.528076171875,0
2026-01-13 03:15:00+00:00,3105.633544921875,3112.7578125,3104.58056640625,3110.54052734375,0
2026-01-13 03:30:00+00:00,3110.947265625,3112.55224609375,3108.463623046875,3111.166748046875,555288576
2026-01-13 03:45:00+00:00,3110.70751953125,3112.822265625,3108.340576171875,3112.822265625,0
2026-01-13 04:00:00+00:00,3112.5859375,3116.251708984375,3112.472412109375,3116.251708984375,0
2026-01-13 04:15:00+00:00,3116.431884765625,3116.89111328125,3110.4140625,3110.4140625,34500608
2026-01-13 04:30:00+00:00,3111.533935546875,3111.86474609375,3109.04296875,3111.86474609375,36327424
2026-01-13 04:45:00+00:00,3112.182373046875,3119.299072265625,3111.754150390625,3118.1962890625,472930304
2026-01-13 05:00:00+00:00,3118.334716796875,3128.33154296875,3118.334716796875,3128.33154296875,80969728
2026-01-13 05:15:00+00:00,3128.000732421875,3140.9169921875,3126.84375,3138.71923828125,637601792
2026-01-13 05:30:00+00:00,3137.631591796875,3137.631591796875,3130.322265625,3130.4033203125,464943104
2026-01-13 05:45:00+00:00,3132.0927734375,3133.465576171875,3126.349609375,3126.349609375,65052672
2026-01-13 06:00:00+00:00,3126.939208984375,3131.359619140625,3121.716796875,3124.15576171875,575694848
2026-01-13 06:15:00+00:00,3124.451416015625,3128.748779296875,3124.1923828125,3128.748779296875,193247232
2026-01-13 06:30:00+00:00,3127.154052734375,3131.0205078125,3127.154052734375,3129.343994140625,36231168
2026-01-13 06:45:00+00:00,3124.884765625,3133.143310546875,3124.884765625,3131.67822265625,91455488
2026-01-13 07:00:00+00:00,3131.189453125,3131.189453125,3127.114990234375,3127.17431640625,412016640
2026-01-13 07:15:00+00:00,3127.243896484375,3127.243896484375,3123.0224609375,3124.40185546875,268189696
2026-01-13 07:30:00+00:00,3124.8251953125,3124.8251953125,3121.95361328125,3122.062255859375,81842176
2026-01-13 07:45:00+00:00,3121.606201171875,3121.755126953125,3119.3662109375,3119.456787109375,203784192
2026-01-13 08:00:00+00:00,3120.7509765625,3125.4658203125,3119.9580078125,3124.641357421875,553201664
2026-01-13 08:15:00+00:00,3124.217529296875,3126.345458984375,3123.619140625,3123.664306640625,72683520
2026-01-13 08:30:00+00:00,3123.3837890625,3129.34716796875,3123.24560546875,3128.107177734375,83847168
2026-01-13 08:45:00+00:00,3128.5419921875,3133.701904296875,3128.2421875,3132.523193359375,34469888
2026-01-13 09:00:00+00:00,3132.61669921875,3138.783203125,3132.58740234375,3138.783203125,3348480
2026-01-13 09:15:00+00:00,3138.08837890625,3142.67626953125,3134.89404296875,3140.57421875,217565184
2026-01-13 09:30:00+00:00,3139.736328125,3141.406982421875,3128.247802734375,3129.665283203125,547395584
2026-01-13 09:45:00+00:00,3130.9306640625,3137.1328125,3130.8232421875,3134.86181640625,771129344
2026-01-13 10:00:00+00:00,3136.326171875,3137.628173828125,3134.509521484375,3135.9990234375,3110912
2026-01-13 10:15:00+00:00,3133.3935546875,3135.33251953125,3131.26513671875,3135.33251953125,30773248
2026-01-13 10:30:00+00:00,3136.767822265625,3136.767822265625,3129.01904296875,3129.01904296875,122789888
2026-01-13 10:45:00+00:00,3127.923095703125,3131.546142578125,3127.25,3131.546142578125,159848448
2026-01-13 11:00:00+00:00,3131.770263671875,3134.39990234375,3129.608154296875,3133.7314453125,4610048
2026-01-13 11:15:00+00:00,3133.54541015625,3134.62939453125,3131.3134765625,3133.83154296875,154392576
2026-01-13 11:30:00+00:00,3133.639892578125,3133.639892578125,3130.566650390625,3130.566650390625,199311360
2026-01-13 11:45:00+00:00,3130.306640625,3134.318603515625,3128.9296875,3130.64013671875,4757504
2026-01-13 12:00:00+00:00,3132.177490234375,3133.802978515625,3127.806884765625,3129.593017578125,112222208
2026-01-13 12:15:00+00:00,3127.756103515625,3132.41796875,3127.756103515625,3131.132568359375,37120000
2026-01-13 12:30:00+00:00,3130.983642578125,3133.58203125,3130.733154296875,3133.3642578125,60518400
2026-01-13 12:45:00+00:00,3132.571533203125,3132.571533203125,3130.09716796875,3131.343505859375,7448576
2026-01-13 13:00:00+00:00,3132.14013671875,3133.97265625,3127.895751953125,3133.613525390625,169302016
2026-01-13 13:15:00+00:00,3132.9033203125,3136.6806640625,3132.9033203125,3136.65771484375,69781504
2026-01-13 13:30:00+00:00,3137.92724609375,3153.9619140625,3137.025634765625,3141.937744140625,794744832
2026-01-13 13:45:00+00:00,3141.094970703125,3143.214599609375,3137.5,3138.9375,491479040
2026-01-13 14:00:00+00:00,3137.59912109375,3137.7236328125,3131.146240234375,3136.11083984375,116740096
2026-01-13 14:15:00+00:00,3137.187744140625,3151.416748046875,3137.187744140625,3151.416748046875,95397888
2026-01-13 14:30:00+00:00,3151.841064453125,3160.712890625,3146.308349609375,3158.438720703125,0
2026-01-13 14:45:00+00:00,3155.47314453125,3157.177001953125,3143.866943359375,3144.048095703125,242577408
2026-01-13 15:00:00+00:00,3143.450439453125,3145.8994140625,3132.797607421875,3143.238525390625,42735616
2026-01-13 15:15:00+00:00,3143.8955078125,3143.8955078125,3133.54150390625,3140.2392578125,749475840
2026-01-13 15:30:00+00:00,3140.415283203125,3162.99169921875,3140.415283203125,3157.85791015625,566753280
2026-01-13 15:45:00+00:00,3158.927490234375,3178.619140625,3151.649169921875,3178.212890625,165410816
2026-01-13 16:00:00+00:00,3189.079345703125,3190.27880859375,3177.617919921875,3177.617919921875,1193764864
2026-01-13 16:15:00+00:00,3176.597412109375,3180.85498046875,3171.130126953125,3171.130126953125,101341184
2026-01-13 16:30:00+00:00,3172.455810546875,3190.088134765625,3172.455810546875,3187.186767578125,235409408
2026-01-13 16:45:00+00:00,3185.872802734375,3190.701904296875,3182.723876953125,3182.723876953125,40081408
2026-01-13 17:00:00+00:00,3178.868408203125,3182.477294921875,3175.37060546875,3177.2021484375,36468736
2026-01-13 17:15:00+00:00,3179.64111328125,3183.60986328125,3174.065673828125,3183.60986328125,64557056
2026-01-13 17:30:00+00:00,3182.83349609375,3182.83349609375,3173.768798828125,3179.1923828125,1230776320
2026-01-13 17:45:00+00:00,3177.86328125,3185.042236328125,3177.86328125,3178.13818359375,90552320
2026-01-13 18:00:00+00:00,3177.151123046875,3186.275146484375,3177.151123046875,3186.275146484375,186961920
2026-01-13 18:15:00+00:00,3187.8095703125,3196.091064453125,3187.8095703125,3191.016845703125,262191104
2026-01-13 18:30:00+00:00,3190.9033203125,3195.898193359375,3189.97900390625,3194.684814453125,0
2026-01-13 18:45:00+00:00,3196.4853515625,3211.630859375,3196.4853515625,3198.866455078125,730363904
2026-01-13 19:00:00+00:00,3199.596923828125,3200.502685546875,3190.58984375,3193.7802734375,10477568
2026-01-13 19:15:00+00:00,3193.010009765625,3201.21142578125,3191.76416015625,3201.21142578125,173350912
2026-01-13 19:30:00+00:00,3201.480224609375,3210.408935546875,3201.480224609375,3206.497802734375,211816448
2026-01-13 19:45:00+00:00,3205.212890625,3214.162353515625,3205.01171875,3214.162353515625,311238656
2026-01-13 20:00:00+00:00,3214.899658203125,3215.265380859375,3209.97998046875,3214.191650390625,184178688
2026-01-13 20:15:00+00:00,3213.22509765625,3214.986572265625,3207.981689453125,3208.581787109375,159848448
2026-01-13 20:30:00+00:00,3205.359130859375,3205.359130859375,3191.107177734375,3194.236083984375,847159296
2026-01-13 20:45:00+00:00,3196.674560546875,3203.44775390625,3196.674560546875,3203.44775390625,818745344
2026-01-13 21:00:00+00:00,3203.091552734375,3210.926513671875,3203.091552734375,3206.414794921875,67313664
2026-01-13 21:15:00+00:00,3207.026611328125,3215.298828125,3205.982666015625,3212.007080078125,360054784
2026-01-13 21:30:00+00:00,3211.0390625,3214.888671875,3209.16796875,3209.16796875,138862592
2026-01-13 21:45:00+00:00,3209.37353515625,3210.631103515625,3207.633056640625,3209.12353515625,425984
2026-01-13 22:00:00+00:00,3209.667724609375,3346.696533203125,3209.667724609375,3324.03125,1476761600
2026-01-13 22:15:00+00:00,3320.616455078125,3329.181640625,3302.43212890625,3322.27880859375,1883422720
2026-01-13 22:30:00+00:00,3322.615478515625,3334.453125,3311.92919921875,3334.453125,816893952
2026-01-13 22:45:00+00:00,3331.719482421875,3339.702392578125,3327.304931640625,3328.763671875,603041792
2026-01-13 23:00:00+00:00,3326.779541015625,3340.406005859375,3326.779541015625,3333.76318359375,614905856
2026-01-13 23:15:00+00:00,3334.2373046875,3334.447021484375,3320.85205078125,3321.591552734375,427184128
2026-01-13 23:30:00+00:00,3323.20458984375,3326.0673828125,3314.375732421875,3322.199462890625,519366656
2026-01-13 23:45:00+00:00,3322.76025390625,3323.775390625,3316.097900390625,3322.9404296875,473446400
2026-01-14 00:00:00+00:00,3323.263671875,3330.982177734375,3323.263671875,3330.982177734375,1110208512
2026-01-14 00:15:00+00:00,3329.764892578125,3331.83740234375,3324.84521484375,3325.47021484375,252694528
2026-01-14 00:30:00+00:00,3325.54541015625,3325.54541015625,3315.632568359375,3319.58349609375,203778048
2026-01-14 00:45:00+00:00,3318.6142578125,3323.836181640625,3314.248291015625,3323.836181640625,424394752
2026-01-14 01:00:00+00:00,3322.611572265625,3331.153564453125,3320.349365234375,3331.153564453125,86999040
2026-01-14 01:15:00+00:00,3330.78125,3339.455078125,3327.504638671875,3334.61669921875,1176123392
2026-01-14 01:30:00+00:00,3334.286376953125,3339.046630859375,3324.48486328125,3324.48486328125,888918016
2026-01-14 01:45:00+00:00,3327.661865234375,3333.3125,3325.14990234375,3333.3125,466384896
2026-01-14 02:00:00+00:00,3334.2392578125,3353.076416015625,3332.32373046875,3346.675048828125,314556416
2026-01-14 02:15:00+00:00,3347.511474609375,3349.26318359375,3333.661376953125,3333.661376953125,444778496
2026-01-14 02:30:00+00:00,3333.028076171875,3335.939453125,3332.121826171875,3332.215087890625,417466368
2026-01-14 02:45:00+00:00,3333.19677734375,3333.35498046875,3319.72412109375,3323.0205078125,260431872
2026-01-14 03:00:00+00:00,3324.3525390625,3325.0478515625,3319.907958984375,3325.0478515625,97206272
2026-01-14 03:15:00+00:00,3323.182861328125,3326.01416015625,3321.698486328125,3322.1318359375,73836544
2026-01-14 03:30:00+00:00,3322.068359375,3336.39892578125,3322.068359375,3336.373291015625,1153296384
2026-01-14 03:45:00+00:00,3336.634521484375,3347.151611328125,3335.962890625,3347.151611328125,1529767936
2026-01-14 04:00:00+00:00,3350.321533203125,3353.72607421875,3340.817138671875,3342.40869140625,534237184
2026-01-14 04:15:00+00:00,3340.85400390625,3343.947021484375,3339.682861328125,3343.904296875,303261696
2026-01-14 04:30:00+00:00,3343.992431640625,3343.992431640625,3336.65185546875,3336.65185546875,345272320
2026-01-14 04:45:00+00:00,3336.38916015625,3337.561767578125,3335.028564453125,3336.825927734375,899457024
2026-01-14 05:00:00+00:00,3336.98583984375,3336.98583984375,3333.02001953125,3333.404052734375,25249792
2026-01-14 05:15:00+00:00,3333.8642578125,3335.157470703125,3324.91162109375,3324.91162109375,1726464
2026-01-14 05:30:00+00:00,3326.322998046875,3336.03564453125,3325.795166015625,3333.974365234375,220436480
2026-01-14 05:45:00+00:00,3331.44384765625,3335.20263671875,3328.589111328125,3328.727783203125,1147854848
2026-01-14 06:00:00+00:00,3328.762451171875,3328.762451171875,3322.459228515625,3327.620849609375,0
2026-01-14 06:15:00+00:00,3327.29833984375,3327.881591796875,3321.410400390625,3321.77099609375,408147968
2026-01-14 06:30:00+00:00,3321.462158203125,3330.00244140625,3321.462158203125,3330.00244140625,76105728
2026-01-14 06:45:00+00:00,3332.143310546875,3333.682861328125,3330.654296875,3331.81640625,320311296
2026-01-14 07:00:00+00:00,3332.021240234375,3339.485595703125,3332.021240234375,3332.123046875,339537920
2026-01-14 07:15:00+00:00,3331.860107421875,3335.90869140625,3329.85888671875,3329.85888671875,70516736
2026-01-14 07:30:00+00:00,3330.114501953125,3330.114501953125,3326.294677734375,3328.360107421875,310308864
2026-01-14 07:45:00+00:00,3328.724365234375,3335.78076171875,3328.724365234375,3333.45849609375,1110298624
2026-01-14 08:00:00+00:00,3333.4990234375,3338.996826171875,3333.4990234375,3338.8720703125,28770304
2026-01-14 08:15:00+00:00,3339.00146484375,3340.239990234375,3335.846435546875,3335.846435546875,802371584
2026-01-14 08:30:00+00:00,3335.49462890625,3335.49462890625,3325.834228515625,3325.886474609375,0
2026-01-14 08:45:00+00:00,3326.075927734375,3328.896240234375,3326.075927734375,3326.9052734375,194418688
2026-01-14 09:00:00+00:00,3326.349853515625,3330.058349609375,3326.349853515625,3330.058349609375,142452736
2026-01-14 09:15:00+00:00,3330.287109375,3331.209228515625,3328.31005859375,3329.195556640625,0
2026-01-14 09:30:00+00:00,3329.574951171875,3333.057861328125,3328.8798828125,3328.8798828125,0
2026-01-14 09:45:00+00:00,3328.526611328125,3329.0712890625,3323.477294921875,3325.782470703125,0
2026-01-14 10:00:00+00:00,3326.150634765625,3329.77197265625,3325.3837890625,3329.77197265625,0
2026-01-14 10:15:00+00:00,3329.930908203125,3330.967529296875,3307.594970703125,3310.925537109375,285317120
2026-01-14 10:30:00+00:00,3313.77783203125,3315.38134765625,3307.1572265625,3311.60009765625,552826880
2026-01-14 10:45:00+00:00,3311.252197265625,3316.94873046875,3311.252197265625,3312.41552734375,82612224
2026-01-14 11:00:00+00:00,3311.28271484375,3311.28271484375,3295.180419921875,3296.624267578125,494573568
2026-01-14 11:15:00+00:00,3296.80712890625,3296.80712890625,3290.697998046875,3296.483154296875,75788288
2026-01-14 11:30:00+00:00,3296.05615234375,3296.380859375,3286.163330078125,3287.214599609375,785788928
2026-01-14 11:45:00+00:00,3287.3896484375,3288.373291015625,3282.48046875,3282.48046875,190267392
2026-01-14 12:00:00+00:00,3283.47216796875,3294.11181640625,3281.7197265625,3293.87451171875,231497728
2026-01-14 12:15:00+00:00,3293.8896484375,3296.125244140625,3291.5234375,3292.810791015625,81731584
2026-01-14 12:30:00+00:00,3292.27490234375,3296.26806640625,3290.03466796875,3294.236328125,113004544
2026-01-14 12:45:00+00:00,3293.352294921875,3294.65478515625,3292.21923828125,3294.65478515625,31002624
2026-01-14 13:00:00+00:00,3294.587646484375,3294.9521484375,3288.999267578125,3293.60693359375,36532224
2026-01-14 13:15:00+00:00,3292.15234375,3303.56787109375,3292.06982421875,3303.56787109375,1069387776
2026-01-14 13:30:00+00:00,3304.23876953125,3304.23876953125,3298.862548828125,3301.013427734375,19849216
2026-01-14 13:45:00+00:00,3300.53515625,3300.80224609375,3295.736083984375,3300.42333984375,0
2026-01-14 14:00:00+00:00,3301.250244140625,3310.7119140625,3300.95361328125,3309.2001953125,42196992
2026-01-14 14:15:00+00:00,3309.97216796875,3322.571533203125,3309.6806640625,3315.15576171875,885555200
2026-01-14 14:30:00+00:00,3315.479736328125,3326.712158203125,3308.2802734375,3321.931640625,318894080
2026-01-14 14:45:00+00:00,3321.283203125,3354.71533203125,3321.283203125,3348.0380859375,2056935424
2026-01-14 15:00:00+00:00,3347.33447265625,3359.454833984375,3329.556884765625,3359.454833984375,147603456
2026-01-14 15:15:00+00:00,3359.92041015625,3359.92041015625,3351.593505859375,3352.462646484375,940408832
2026-01-14 15:30:00+00:00,3350.41796875,3355.57666015625,3336.474365234375,3336.474365234375,249483264
2026-01-14 15:45:00+00:00,3335.991455078125,3345.349609375,3335.29736328125,3344.540771484375,217505792
2026-01-14 16:00:00+00:00,3344.38037109375,3371.8525390625,3344.38037109375,3371.8525390625,349892608
2026-01-14 16:15:00+00:00,3368.7802734375,3373.64208984375,3363.096923828125,3372.75244140625,257970176
2026-01-14 16:30:00+00:00,3374.3095703125,3391.49755859375,3371.821044921875,3387.27734375,838877184
2026-01-14 16:45:00+00:00,3384.3720703125,3385.201171875,3364.819580078125,3368.241455078125,958717952
2026-01-14 17:00:00+00:00,3369.7021484375,3377.703369140625,3367.406005859375,3377.703369140625,765698048
2026-01-14 17:15:00+00:00,3378.15478515625,3379.2177734375,3370.791259765625,3373.970947265625,564797440
2026-01-14 17:30:00+00:00,3371.045166015625,3371.045166015625,3340.648681640625,3351.70849609375,137297920
2026-01-14 17:45:00+00:00,3353.9228515625,3360.293701171875,3339.24755859375,3341.46826171875,546770944
2026-01-14 18:00:00+00:00,3342.084228515625,3349.8701171875,3338.90478515625,3339.7841796875,768581632
2026-01-14 18:15:00+00:00,3339.339599609375,3346.61474609375,3333.91796875,3346.61474609375,316133376
2026-01-14 18:30:00+00:00,3350.39599609375,3350.39599609375,3320.936767578125,3325.494140625,238137344
2026-01-14 18:45:00+00:00,3321.18603515625,3340.9208984375,3316.77685546875,3340.9208984375,100175872
2026-01-14 19:00:00+00:00,3339.408447265625,3349.302490234375,3332.914794921875,3344.9140625,176652288
2026-01-14 19:15:00+00:00,3348.77001953125,3362.09765625,3348.77001953125,3362.09765625,580214784
2026-01-14 19:30:00+00:00,3389.095947265625,3389.095947265625,3363.00439453125,3369.447509765625,591847424
2026-01-14 19:45:00+00:00,3370.685791015625,3379.49609375,3362.77880859375,3364.776611328125,15220736
2026-01-14 20:00:00+00:00,3366.543701171875,3388.77197265625,3363.779541015625,3383.67822265625,379006976
2026-01-14 20:15:00+00:00,3381.481689453125,3381.481689453125,3363.504150390625,3363.504150390625,385761280
2026-01-14 20:30:00+00:00,3365.470458984375,3382.005126953125,3365.470458984375,3375.970703125,322998272
2026-01-14 20:45:00+00:00,3375.6103515625,3378.23876953125,3370.6572265625,3378.23876953125,37597184
2026-01-14 21:00:00+00:00,3382.112548828125,3382.112548828125,3371.110107421875,3371.185791015625,23252992
2026-01-14 21:15:00+00:00,3369.602783203125,3375.271484375,3367.7578125,3373.501708984375,22085632
2026-01-14 21:30:00+00:00,3372.710205078125,3377.47998046875,3371.311279296875,3371.311279296875,296038400
2026-01-14 21:45:00+00:00,3370.8935546875,3373.991943359375,3361.466552734375,3365.966796875,42004480
2026-01-14 22:00:00+00:00,3371.392822265625,3373.49951171875,3364.830810546875,3364.830810546875,0
2026-01-14 22:15:00+00:00,3366.6240234375,3368.771240234375,3361.444580078125,3362.355224609375,0
2026-01-14 22:30:00+00:00,3361.836669921875,3361.836669921875,3349.50634765625,3351.80810546875,0
2026-01-14 22:45:00+00:00,3352.887451171875,3359.029052734375,3348.345947265625,3350.15673828125,146149376
2026-01-14 23:00:00+00:00,3349.730712890625,3363.301025390625,3349.730712890625,3363.133056640625,0
2026-01-14 23:15:00+00:00,3363.050537109375,3367.3330078125,3356.375,3356.375,555497472
2026-01-14 23:30:00+00:00,3356.9658203125,3356.9658203125,3351.632568359375,3352.616943359375,395552768
2026-01-14 23:45:00+00:00,3354.01123046875,3357.736328125,3353.472900390625,3354.6728515625,106659840
2026-01-15 00:00:00+00:00,3354.8271484375,3354.8271484375,3344.93310546875,3348.36865234375,276199424
2026-01-15 00:15:00+00:00,3347.38037109375,3347.87744140625,3338.296875,3341.3515625,435849216
2026-01-15 00:30:00+00:00,3340.16943359375,3341.150146484375,3330.723876953125,3334.19921875,0
2026-01-15 00:45:00+00:00,3333.9755859375,3333.9755859375,3326.4169921875,3329.710693359375,918777856
2026-01-15 01:00:00+00:00,3330.309326171875,3341.498779296875,3330.309326171875,3335.780029296875,62107648
2026-01-15 01:15:00+00:00,3333.91162109375,3334.420166015625,3324.50244140625,3331.107177734375,270082048
2026-01-15 01:30:00+00:00,3329.27880859375,3330.867919921875,3320.203857421875,3327.421875,49932288
2026-01-15 01:45:00+00:00,3327.680908203125,3328.690673828125,3323.15234375,3323.15234375,246497280
2026-01-15 02:00:00+00:00,3325.100830078125,3330.87841796875,3322.33349609375,3322.33349609375,113264640
2026-01-15 02:15:00+00:00,3321.122802734375,3326.202392578125,3320.37158203125,3322.380859375,374212608
2026-01-15 02:30:00+00:00,3322.568603515625,3325.24951171875,3309.167236328125,3318.142333984375,302483456
2026-01-15 02:45:00+00:00,3316.953125,3316.953125,3309.7705078125,3312.302001953125,151877632
2026-01-15 03:00:00+00:00,3313.258056640625,3315.298095703125,3310.09130859375,3314.790771484375,75560960
2026-01-15 03:15:00+00:00,3315.45166015625,3318.31884765625,3295.07177734375,3297.89697265625,296628224
2026-01-15 03:30:00+00:00,3290.77880859375,3295.915771484375,3278.92138671875,3283.473388671875,224540672
2026-01-15 03:45:00+00:00,3283.791748046875,3286.70849609375,3280.95556640625,3286.70849609375,439916544
2026-01-15 04:00:00+00:00,3285.3779296875,3293.919189453125,3284.047119140625,3292.8974609375,187551744
2026-01-15 04:15:00+00:00,3292.90185546875,3303.19775390625,3292.45361328125,3298.091796875,51187712
2026-01-15 04:30:00+00:00,3299.12890625,3302.64697265625,3297.471923828125,3302.64697265625,495077376
2026-01-15 04:45:00+00:00,3304.636474609375,3306.750732421875,3302.476318359375,3302.476318359375,0
2026-01-15 05:00:00+00:00,3302.87451171875,3311.507568359375,3302.87451171875,3308.116455078125,22511616
2026-01-15 05:15:00+00:00,3308.6708984375,3311.78369140625,3307.248046875,3307.2578125,62795776
2026-01-15 05:30:00+00:00,3306.638671875,3309.336669921875,3303.340576171875,3309.336669921875,362571776
2026-01-15 05:45:00+00:00,3310.06005859375,3313.668212890625,3310.06005859375,3311.52392578125,264296448
2026-01-15 06:00:00+00:00,3311.378662109375,3315.444580078125,3311.378662109375,3314.64892578125,13363200
2026-01-15 06:15:00+00:00,3315.075927734375,3320.888427734375,3315.075927734375,3319.3046875,229298176
2026-01-15 06:30:00+00:00,3318.841552734375,3319.408203125,3311.6953125,3311.6953125,250769408
2026-01-15 06:45:00+00:00,3311.947265625,3315.8935546875,3310.953369140625,3315.8935546875,0
2026-01-15 07:00:00+00:00,3315.7568359375,3317.882080078125,3314.297607421875,3317.32568359375,0
2026-01-15 07:15:00+00:00,3316.83203125,3327.02099609375,3316.83203125,3325.626708984375,20635648
2026-01-15 07:30:00+00:00,3325.656005859375,3329.404052734375,3322.61767578125,3329.321533203125,103968768
2026-01-15 07:45:00+00:00,3329.271484375,3333.174072265625,3327.184326171875,3327.466552734375,30715904
2026-01-15 08:00:00+00:00,3328.045166015625,3329.355224609375,3322.7685546875,3323.396240234375,312600576
2026-01-15 08:15:00+00:00,3323.22412109375,3327.382080078125,3322.433837890625,3322.433837890625,277618688
2026-01-15 08:30:00+00:00,3321.6044921875,3324.733154296875,3320.2548828125,3324.733154296875,220837888
2026-01-15 08:45:00+00:00,3326.510986328125,3336.114990234375,3326.510986328125,3335.689453125,145002496
2026-01-15 09:00:00+00:00,3335.68701171875,3335.68701171875,3332.132568359375,3332.132568359375,0
2026-01-15 09:15:00+00:00,3331.06298828125,3345.190185546875,3330.1318359375,3345.190185546875,110637056
2026-01-15 09:30:00+00:00,3343.9921875,3367.012939453125,3340.516845703125,3367.012939453125,445540352
2026-01-15 09:45:00+00:00,3368.096923828125,3370.601318359375,3361.899658203125,3367.17333984375,1106153472
2026-01-15 10:00:00+00:00,3364.95166015625,3365.124755859375,3357.450927734375,3362.865234375,223995904
2026-01-15 10:15:00+00:00,3362.106689453125,3372.6865234375,3362.106689453125,3365.31494140625,719329280
2026-01-15 10:30:00+00:00,3364.759765625,3368.9716796875,3363.662841796875,3364.604248046875,185274368
2026-01-15 10:45:00+00:00,3365.730224609375,3367.66455078125,3363.141357421875,3363.36865234375,0
2026-01-15 11:00:00+00:00,3363.33544921875,3363.7919921875,3356.186279296875,3357.294189453125,0
2026-01-15 11:15:00+00:00,3357.28515625,3361.52197265625,3356.04150390625,3359.3017578125,156293120
2026-01-15 11:30:00+00:00,3359.618408203125,3359.82763671875,3347.335205078125,3349.59814453125,4730880
2026-01-15 11:45:00+00:00,3349.519287109375,3350.67138671875,3347.408203125,3349.6767578125,203782144
2026-01-15 12:00:00+00:00,3348.79638671875,3354.502685546875,3348.604248046875,3353.949462890625,0
2026-01-15 12:15:00+00:00,3353.702880859375,3354.213134765625,3343.987060546875,3346.1328125,6696960
2026-01-15 12:30:00+00:00,3345.14111328125,3355.004150390625,3344.04345703125,3355.004150390625,75331584
2026-01-15 12:45:00+00:00,3356.647705078125,3368.1640625,3356.647705078125,3368.1640625,73457664
2026-01-15 13:00:00+00:00,3368.348388671875,3368.578857421875,3360.122314453125,3360.122314453125,414361600
2026-01-15 13:15:00+00:00,3360.130126953125,3370.625244140625,3360.130126953125,3370.083740234375,69019648
2026-01-15 13:30:00+00:00,3370.0341796875,3370.0341796875,3357.959716796875,3368.74169921875,435011584
2026-01-15 13:45:00+00:00,3367.492919921875,3381.73095703125,3367.492919921875,3370.486572265625,526571520
2026-01-15 14:00:00+00:00,3369.9853515625,3379.90576171875,3369.9853515625,3379.90576171875,96692224
2026-01-15 14:15:00+00:00,3379.977783203125,3379.977783203125,3367.225341796875,3370.809814453125,0
2026-01-15 14:30:00+00:00,3366.44921875,3367.068115234375,3336.412841796875,3336.412841796875,225814528
2026-01-15 14:45:00+00:00,3333.602294921875,3353.947265625,3324.467529296875,3340.79736328125,278298624
2026-01-15 15:00:00+00:00,3341.322998046875,3353.060546875,3337.41064453125,3349.276123046875,0
2026-01-15 15:15:00+00:00,3348.341796875,3351.892578125,3328.20556640625,3330.343994140625,74608640
2026-01-15 15:30:00+00:00,3330.75927734375,3337.32763671875,3318.496826171875,3326.195068359375,100583424
2026-01-15 15:45:00+00:00,3324.86474609375,3327.88916015625,3286.486083984375,3316.739990234375,524083200
2026-01-15 16:00:00+00:00,3327.807373046875,3327.807373046875,3311.095947265625,3315.750244140625,634107904
2026-01-15 16:15:00+00:00,3315.076904296875,3324.64501953125,3314.18310546875,3314.18310546875,132274176
2026-01-15 16:30:00+00:00,3315.369873046875,3328.1416015625,3314.112060546875,3328.1416015625,0
2026-01-15 16:45:00+00:00,3326.90966796875,3332.88818359375,3324.04052734375,3332.88818359375,201197568
2026-01-15 17:00:00+00:00,3330.1865234375,3334.301025390625,3320.361083984375,3323.47998046875,89589760
2026-01-15 17:15:00+00:00,3320.253662109375,3325.74853515625,3316.305419921875,3325.74853515625,297684992
2026-01-15 17:30:00+00:00,3325.318359375,3331.8447265625,3325.318359375,3329.428466796875,0
2026-01-15 17:45:00+00:00,3329.419677734375,3330.275146484375,3301.75341796875,3304.694091796875,230502400
2026-01-15 18:00:00+00:00,3299.1123046875,3303.223876953125,3287.657470703125,3288.119873046875,247672832
2026-01-15 18:15:00+00:00,3295.644287109375,3300.527099609375,3288.471435546875,3300.527099609375,242470912
2026-01-15 18:30:00+00:00,3300.124755859375,3303.291259765625,3280.26953125,3286.032958984375,71948288
2026-01-15 18:45:00+00:00,3290.6328125,3292.08837890625,3280.596435546875,3285.79296875,280117248
2026-01-15 19:00:00+00:00,3286.40869140625,3293.1572265625,3277.814453125,3288.7666015625,0
2026-01-15 19:15:00+00:00,3289.5283203125,3295.933349609375,3284.747802734375,3285.204833984375,632606720
2026-01-15 19:30:00+00:00,3287.078125,3296.02880859375,3285.5771484375,3286.316162109375,546021376
2026-01-15 19:45:00+00:00,3287.29052734375,3296.336669921875,3287.29052734375,3292.256591796875,57413632
2026-01-15 20:00:00+00:00,3293.001953125,3304.005126953125,3293.001953125,3298.39208984375,186181632
2026-01-15 20:15:00+00:00,3298.424560546875,3298.424560546875,3287.48046875,3287.933837890625,2482176
2026-01-15 20:30:00+00:00,3285.0517578125,3291.592041015625,3283.0224609375,3283.0224609375,414724096
2026-01-15 20:45:00+00:00,3281.98486328125,3285.419189453125,3277.148681640625,3284.2412109375,45983744
2026-01-15 21:00:00+00:00,3285.48779296875,3293.9912109375,3283.848388671875,3291.269775390625,202874880
2026-01-15 21:15:00+00:00,3291.63623046875,3297.751220703125,3291.63623046875,3297.751220703125,424505344
2026-01-15 21:30:00+00:00,3297.7900390625,3298.68603515625,3295.494140625,3298.68603515625,1531904
2026-01-15 21:45:00+00:00,3298.990966796875,3303.406494140625,3297.994384765625,3298.0712890625,42770432
2026-01-15 22:00:00+00:00,3298.069580078125,3304.641845703125,3297.0029296875,3297.0029296875,0
2026-01-15 22:15:00+00:00,3298.563720703125,3306.9013671875,3296.61083984375,3306.9013671875,0
2026-01-15 22:30:00+00:00,3307.189208984375,3316.2158203125,3307.189208984375,3308.163818359375,413220864
2026-01-15 22:45:00+00:00,3308.504638671875,3309.5712890625,3303.46875,3305.22607421875,26736640
2026-01-15 23:00:00+00:00,3308.170166015625,3308.170166015625,3302.270751953125,3306.975830078125,0
2026-01-15 23:15:00+00:00,3309.70458984375,3314.220947265625,3309.52001953125,3314.220947265625,600365056
2026-01-15 23:30:00+00:00,3312.799072265625,3312.799072265625,3309.717041015625,3312.230224609375,195067904
2026-01-15 23:45:00+00:00,3312.35791015625,3320.035888671875,3312.35791015625,3316.51025390625,39688192
2026-01-16 00:00:00+00:00,3317.557373046875,3321.927734375,3317.009033203125,3317.009033203125,0
2026-01-16 00:15:00+00:00,3316.776611328125,3321.005615234375,3316.776611328125,3319.80859375,4622336
2026-01-16 00:30:00+00:00,3319.400146484375,3325.19482421875,3319.400146484375,3323.892578125,0
2026-01-16 00:45:00+00:00,3324.08203125,3324.08203125,3315.81103515625,3315.81103515625,0
2026-01-16 01:00:00+00:00,3315.886962890625,3316.29736328125,3302.091552734375,3303.9296875,0
2026-01-16 01:15:00+00:00,3304.35888671875,3309.3076171875,3304.35888671875,3309.3076171875,294209536
2026-01-16 01:30:00+00:00,3309.744873046875,3317.901123046875,3309.744873046875,3313.294677734375,90281984
2026-01-16 01:45:00+00:00,3312.745849609375,3317.098388671875,3312.745849609375,3313.74951171875,12181504
2026-01-16 02:00:00+00:00,3313.474609375,3313.474609375,3297.263427734375,3298.7099609375,50913280
2026-01-16 02:15:00+00:00,3299.306396484375,3305.743408203125,3292.7802734375,3305.743408203125,565352448
2026-01-16 02:30:00+00:00,3306.98876953125,3306.98876953125,3298.812744140625,3299.0283203125,21651456
2026-01-16 02:45:00+00:00,3299.118408203125,3302.005615234375,3299.046630859375,3301.388427734375,169037824
2026-01-16 03:00:00+00:00,3301.532958984375,3305.795654296875,3301.532958984375,3305.244384765625,0
2026-01-16 03:15:00+00:00,3305.334716796875,3305.334716796875,3301.577392578125,3303.75146484375,354072576
2026-01-16 03:30:00+00:00,3302.54052734375,3302.54052734375,3297.175048828125,3298.43701171875,160964608
2026-01-16 03:45:00+00:00,3297.920654296875,3297.9599609375,3294.90283203125,3294.90283203125,0
2026-01-16 04:00:00+00:00,3294.143310546875,3297.2001953125,3293.35546875,3297.2001953125,0
2026-01-16 04:15:00+00:00,3297.45556640625,3302.36669921875,3297.45556640625,3301.20703125,171116544
2026-01-16 04:30:00+00:00,3298.310546875,3298.310546875,3276.583251953125,3282.00048828125,407951360
2026-01-16 04:45:00+00:00,3281.71875,3283.51220703125,3280.511962890625,3281.786865234375,81065984
2026-01-16 05:00:00+00:00,3286.541748046875,3292.90576171875,3283.69970703125,3291.693603515625,30844928
2026-01-16 05:15:00+00:00,3291.477294921875,3292.136474609375,3288.20849609375,3289.63818359375,322525184
2026-01-16 05:30:00+00:00,3290.661376953125,3310.01611328125,3290.661376953125,3310.01611328125,0
2026-01-16 05:45:00+00:00,3309.977294921875,3311.426025390625,3307.806640625,3308.265625,385585152
2026-01-16 06:00:00+00:00,3308.051025390625,3309.4443359375,3303.108154296875,3303.52685546875,44861440
2026-01-16 06:15:00+00:00,3303.2998046875,3307.567138671875,3301.786376953125,3307.25537109375,0
2026-01-16 06:30:00+00:00,3306.9697265625,3313.990234375,3306.9033203125,3313.990234375,233277440
2026-01-16 06:45:00+00:00,3313.90478515625,3315.33154296875,3312.377685546875,3313.0703125,185776128
2026-01-16 07:00:00+00:00,3313.0234375,3313.693359375,3311.419189453125,3313.56298828125,75436032
2026-01-16 07:15:00+00:00,3314.309326171875,3314.309326171875,3307.673583984375,3307.673583984375,0
2026-01-16 07:30:00+00:00,3302.335205078125,3305.34326171875,3302.335205078125,3303.073486328125,188475392
2026-01-16 07:45:00+00:00,3303.040283203125,3308.354736328125,3303.040283203125,3308.354736328125,0
2026-01-16 08:00:00+00:00,3308.295654296875,3317.05615234375,3308.1708984375,3316.81396484375,58404864
2026-01-16 08:15:00+00:00,3317.074462890625,3317.074462890625,3314.443603515625,3315.48583984375,51853312
2026-01-16 08:30:00+00:00,3316.152099609375,3317.130126953125,3311.59033203125,3316.2529296875,24868864
2026-01-16 08:45:00+00:00,3316.162353515625,3316.162353515625,3312.12353515625,3312.12353515625,2181120
2026-01-16 09:00:00+00:00,3311.451171875,3314.2783203125,3311.451171875,3312.343994140625,6107136
2026-01-16 09:15:00+00:00,3312.035400390625,3312.035400390625,3307.57177734375,3309.101318359375,7653376
2026-01-16 09:30:00+00:00,3310.212646484375,3310.212646484375,3308.307373046875,3310.115966796875,103673856
2026-01-16 09:45:00+00:00,3309.361328125,3309.877685546875,3307.778564453125,3307.778564453125,0
2026-01-16 10:00:00+00:00,3306.789306640625,3306.865966796875,3301.634033203125,3304.66943359375,0
2026-01-16 10:15:00+00:00,3304.74560546875,3304.74560546875,3301.702392578125,3303.341064453125,118110208
2026-01-16 10:30:00+00:00,3303.180908203125,3303.180908203125,3294.835693359375,3294.835693359375,8544256
2026-01-16 10:45:00+00:00,3296.9814453125,3299.34716796875,3293.935546875,3295.94287109375,223473664
2026-01-16 11:00:00+00:00,3295.999267578125,3299.453857421875,3294.631591796875,3298.3994140625,13537280
2026-01-16 11:15:00+00:00,3297.416748046875,3299.749267578125,3294.134765625,3299.31103515625,176285696
2026-01-16 11:30:00+00:00,3298.12255859375,3304.034912109375,3298.12255859375,3299.36865234375,0
2026-01-16 11:45:00+00:00,3297.431640625,3302.85009765625,3297.431640625,3300.4013671875,63889408
2026-01-16 12:00:00+00:00,3300.78759765625,3304.3115234375,3300.308837890625,3304.164306640625,0
2026-01-16 12:15:00+00:00,3304.587158203125,3311.52001953125,3304.587158203125,3311.52001953125,21131264
2026-01-16 12:30:00+00:00,3310.943603515625,3312.510986328125,3306.842529296875,3310.1025390625,77545472
2026-01-16 12:45:00+00:00,3311.0009765625,3311.4384765625,3304.100830078125,3305.861572265625,0
2026-01-16 13:00:00+00:00,3307.026123046875,3307.141845703125,3303.798095703125,3306.940185546875,0
2026-01-16 13:15:00+00:00,3308.064208984375,3308.942626953125,3304.1328125,3307.474853515625,16482304
2026-01-16 13:30:00+00:00,3307.0703125,3307.176025390625,3296.965087890625,3304.2890625,455153664
2026-01-16 13:45:00+00:00,3303.156982421875,3306.869384765625,3303.156982421875,3306.869384765625,123942912
2026-01-16 14:00:00+00:00,3306.529296875,3310.538818359375,3302.266845703125,3302.266845703125,100352
2026-01-16 14:15:00+00:00,3302.305419921875,3308.994384765625,3301.4296875,3308.994384765625,8015872
2026-01-16 14:30:00+00:00,3311.10107421875,3311.10107421875,3292.97705078125,3294.663330078125,74782720
2026-01-16 14:45:00+00:00,3293.950927734375,3301.1484375,3292.852783203125,3292.852783203125,0
2026-01-16 15:00:00+00:00,3293.033447265625,3308.326416015625,3289.07421875,3307.133056640625,53803008
2026-01-16 15:15:00+00:00,3306.775146484375,3307.283447265625,3288.86474609375,3291.52880859375,261898240
2026-01-16 15:30:00+00:00,3290.440185546875,3290.440185546875,3261.36181640625,3261.603759765625,1030092800
2026-01-16 15:45:00+00:00,3266.821533203125,3266.821533203125,3253.92578125,3263.950927734375,175476736
2026-01-16 16:00:00+00:00,3262.860595703125,3270.099365234375,3260.9443359375,3266.812744140625,0
2026-01-16 16:15:00+00:00,3269.9697265625,3280.762939453125,3262.87646484375,3280.762939453125,656570368
2026-01-16 16:30:00+00:00,3278.381103515625,3281.862060546875,3271.670654296875,3281.862060546875,392865792
2026-01-16 16:45:00+00:00,3280.770263671875,3284.8740234375,3276.52685546875,3276.943359375,566609920
2026-01-16 17:00:00+00:00,3277.48779296875,3277.48779296875,3269.587890625,3269.587890625,7374848
2026-01-16 17:15:00+00:00,3274.143798828125,3275.213134765625,3265.990966796875,3271.718505859375,0
2026-01-16 17:30:00+00:00,3272.86962890625,3281.55419921875,3272.86962890625,3281.55419921875,49125376
2026-01-16 17:45:00+00:00,3282.277099609375,3282.277099609375,3275.883544921875,3280.21435546875,2228224
2026-01-16 18:00:00+00:00,3283.21044921875,3284.81396484375,3280.75927734375,3280.845703125,162560000
2026-01-16 18:15:00+00:00,3280.1591796875,3283.247802734375,3277.618896484375,3281.21435546875,0
2026-01-16 18:30:00+00:00,3282.032470703125,3283.42236328125,3281.316162109375,3282.093994140625,0
2026-01-16 18:45:00+00:00,3281.919189453125,3283.236328125,3277.41943359375,3278.709716796875,0
2026-01-16 19:00:00+00:00,3277.01220703125,3277.1328125,3274.57275390625,3275.012451171875,0
2026-01-16 19:15:00+00:00,3273.7841796875,3273.7841796875,3268.928466796875,3269.13037109375,0
2026-01-16 19:30:00+00:00,3270.84521484375,3275.348388671875,3270.84521484375,3271.565673828125,70776832
2026-01-16 19:45:00+00:00,3271.134765625,3273.73291015625,3270.03466796875,3273.367431640625,224378880
2026-01-16 20:00:00+00:00,3274.509521484375,3274.509521484375,3263.956298828125,3269.869384765625,0
2026-01-16 20:15:00+00:00,3271.029052734375,3281.75146484375,3270.75634765625,3281.75146484375,67608576
2026-01-16 20:30:00+00:00,3281.794189453125,3284.4619140625,3281.794189453125,3284.4619140625,187219968
2026-01-16 20:45:00+00:00,3285.81005859375,3290.055908203125,3283.267578125,3289.365478515625,242722816
2026-01-16 21:00:00+00:00,3292.45166015625,3297.244140625,3291.791748046875,3291.791748046875,385091584
2026-01-16 21:15:00+00:00,3287.82666015625,3291.2080078125,3287.82666015625,3291.2080078125,216483840
2026-01-16 21:30:00+00:00,3289.973876953125,3296.008056640625,3289.86669921875,3293.505126953125,112037888
2026-01-16 21:45:00+00:00,3293.740966796875,3295.18408203125,3292.729248046875,3292.729248046875,232790016
2026-01-16 22:00:00+00:00,3292.65283203125,3292.65283203125,3284.3359375,3284.3359375,40421376
2026-01-16 22:15:00+00:00,3285.87939453125,3289.080810546875,3285.87939453125,3289.080810546875,122675200
2026-01-16 22:30:00+00:00,3287.683349609375,3287.683349609375,3281.59375,3281.59375,0
2026-01-16 22:45:00+00:00,3284.501708984375,3291.63232421875,3284.501708984375,3291.0361328125,33452032
2026-01-16 23:00:00+00:00,3292.164306640625,3294.3134765625,3291.804931640625,3292.513916015625,13043712
2026-01-16 23:15:00+00:00,3294.1142578125,3297.966796875,3294.1142578125,3297.3134765625,439435264
2026-01-16 23:30:00+00:00,3296.936279296875,3297.406982421875,3293.43603515625,3294.28173828125,23267328
2026-01-16 23:45:00+00:00,3293.86376953125,3295.98095703125,3293.86376953125,3295.744384765625,199847936
2026-01-17 00:00:00+00:00,3294.87060546875,3295.07275390625,3290.7724609375,3291.503173828125,0
2026-01-17 00:15:00+00:00,3291.95361328125,3293.486572265625,3291.32666015625,3291.8212890625,28839936
2026-01-17 00:30:00+00:00,3291.227783203125,3291.51611328125,3289.381103515625,3291.51611328125,30556160
2026-01-17 00:45:00+00:00,3291.3916015625,3291.6328125,3290.23828125,3291.20654296875,113940480
2026-01-17 01:00:00+00:00,3291.112060546875,3292.961181640625,3290.2080078125,3291.919189453125,7266304
2026-01-17 01:15:00+00:00,3292.077880859375,3294.156982421875,3290.5634765625,3290.5634765625,152489984
2026-01-17 01:30:00+00:00,3291.412109375,3291.412109375,3287.12646484375,3287.12646484375,16490496
2026-01-17 01:45:00+00:00,3287.921630859375,3289.4765625,3287.271240234375,3289.1875,42993664
2026-01-17 02:00:00+00:00,3289.1328125,3289.484619140625,3284.794189453125,3285.54296875,0
2026-01-17 02:15:00+00:00,3285.515869140625,3286.30224609375,3283.285888671875,3283.959716796875,0
2026-01-17 02:30:00+00:00,3283.386962890625,3286.80712890625,3282.8017578125,3285.622802734375,60915712
2026-01-17 02:45:00+00:00,3285.613525390625,3290.408203125,3285.613525390625,3290.3251953125,4833280
2026-01-17 03:00:00+00:00,3290.550537109375,3290.645263671875,3288.677001953125,3289.31396484375,0
2026-01-17 03:15:00+00:00,3289.285400390625,3290.120849609375,3288.783203125,3288.783203125,0
2026-01-17 03:30:00+00:00,3289.04541015625,3289.048828125,3286.478759765625,3287.664306640625,0
2026-01-17 03:45:00+00:00,3288.427734375,3289.8544921875,3288.072021484375,3289.63330078125,30892032
2026-01-17 04:00:00+00:00,3288.68310546875,3288.68310546875,3285.905517578125,3286.084716796875,7692288
2026-01-17 04:15:00+00:00,3286.262451171875,3286.262451171875,3284.955322265625,3286.203857421875,1171456
2026-01-17 04:30:00+00:00,3286.662109375,3286.720458984375,3285.18115234375,3286.069091796875,0
2026-01-17 04:45:00+00:00,3287.263427734375,3290.92041015625,3287.263427734375,3290.92041015625,0
2026-01-17 05:00:00+00:00,3290.681640625,3290.94677734375,3290.1123046875,3290.224609375,2811904
2026-01-17 05:15:00+00:00,3289.35205078125,3289.76220703125,3288.5087890625,3289.5830078125,106674176
2026-01-17 05:30:00+00:00,3289.8662109375,3290.7880859375,3288.83642578125,3290.773193359375,0
2026-01-17 05:45:00+00:00,3292.11767578125,3292.33154296875,3289.946044921875,3289.986083984375,0
2026-01-17 06:00:00+00:00,3290.0859375,3290.0859375,3287.10546875,3287.57470703125,35469312
2026-01-17 06:15:00+00:00,3288.09423828125,3288.09423828125,3286.258544921875,3287.158203125,3053568
2026-01-17 06:30:00+00:00,3286.986083984375,3290.669189453125,3286.986083984375,3289.81396484375,1859584
2026-01-17 06:45:00+00:00,3289.00732421875,3289.7392578125,3288.144775390625,3289.614501953125,59068416
2026-01-17 07:00:00+00:00,3289.68408203125,3289.68408203125,3286.431884765625,3287.73486328125,0
2026-01-17 07:15:00+00:00,3288.251953125,3290.414306640625,3288.251953125,3289.98095703125,93253632
2026-01-17 07:30:00+00:00,3290.1474609375,3290.82568359375,3289.515380859375,3290.1357421875,0
2026-01-17 07:45:00+00:00,3290.10986328125,3290.10986328125,3288.529541015625,3289.87158203125,107436032
2026-01-17 08:00:00+00:00,3289.6943359375,3292.637451171875,3288.67333984375,3292.637451171875,0
2026-01-17 08:15:00+00:00,3292.170166015625,3292.811279296875,3291.5458984375,3292.811279296875,77723648
2026-01-17 08:30:00+00:00,3293.13818359375,3294.431396484375,3293.13818359375,3293.566650390625,0
2026-01-17 08:45:00+00:00,3293.53076171875,3294.715576171875,3293.53076171875,3294.62744140625,30572544
2026-01-17 09:00:00+00:00,3294.582763671875,3295.168212890625,3293.84423828125,3293.84423828125,3551232
2026-01-17 09:15:00+00:00,3293.103271484375,3294.27294921875,3292.40283203125,3294.27294921875,27944960
2026-01-17 09:30:00+00:00,3294.74951171875,3300.068603515625,3293.770263671875,3299.894287109375,29501440
2026-01-17 09:45:00+00:00,3299.806640625,3300.0458984375,3297.7060546875,3297.7060546875,235161600
2026-01-17 10:00:00+00:00,3297.56005859375,3298.533935546875,3296.4375,3297.998291015625,0
2026-01-17 10:15:00+00:00,3298.75830078125,3298.931396484375,3296.2177734375,3296.2275390625,0
2026-01-17 10:30:00+00:00,3296.197265625,3296.237548828125,3294.29052734375,3294.773681640625,0
2026-01-17 10:45:00+00:00,3294.51416015625,3294.93798828125,3294.23388671875,3294.93798828125,0
2026-01-17 11:00:00+00:00,3294.8291015625,3296.630615234375,3293.676025390625,3296.474853515625,38363136
2026-01-17 11:15:00+00:00,3296.60009765625,3298.769287109375,3296.60009765625,3298.713134765625,108050432
2026-01-17 11:30:00+00:00,3299.069580078125,3302.272705078125,3298.809814453125,3301.242919921875,49797120
2026-01-17 11:45:00+00:00,3300.792236328125,3301.468505859375,3299.470458984375,3301.244873046875,0
2026-01-17 12:00:00+00:00,3301.1865234375,3302.299560546875,3300.481689453125,3302.1220703125,0
2026-01-17 12:15:00+00:00,3302.766357421875,3303.46044921875,3299.4423828125,3300.236083984375,3710976
2026-01-17 12:30:00+00:00,3299.608154296875,3300.787841796875,3299.231201171875,3299.9892578125,0
2026-01-17 12:45:00+00:00,3301.462158203125,3301.60791015625,3300.789794921875,3301.46826171875,0
2026-01-17 13:00:00+00:00,3301.41357421875,3301.41357421875,3298.374267578125,3300.086181640625,0
2026-01-17 13:15:00+00:00,3299.726318359375,3301.736572265625,3299.726318359375,3301.375732421875,0
2026-01-17 13:30:00+00:00,3301.383544921875,3302.50439453125,3299.655517578125,3302.021240234375,0
2026-01-17 13:45:00+00:00,3302.1240234375,3302.8818359375,3301.6005859375,3302.428955078125,517523456
2026-01-17 14:00:00+00:00,3302.46240234375,3302.46240234375,3300.577392578125,3301.96826171875,90730496
2026-01-17 14:15:00+00:00,3305.3916015625,3307.224609375,3304.860107421875,3306.272705078125,0
2026-01-17 14:30:00+00:00,3306.986083984375,3308.816162109375,3306.04736328125,3307.196044921875,0
2026-01-17 14:45:00+00:00,3305.794189453125,3308.292236328125,3305.794189453125,3308.1611328125,0
2026-01-17 15:00:00+00:00,3309.530517578125,3313.767333984375,3308.277587890625,3312.739013671875,0
2026-01-17 15:15:00+00:00,3312.994384765625,3319.3115234375,3312.994384765625,3319.3115234375,162672640
2026-01-17 15:30:00+00:00,3318.123779296875,3326.240234375,3317.697998046875,3326.240234375,1026048
2026-01-17 15:45:00+00:00,3327.14794921875,3327.2470703125,3321.430419921875,3325.5322265625,0
2026-01-17 16:00:00+00:00,3324.941162109375,3324.941162109375,3322.612060546875,3324.86767578125,0
2026-01-17 16:15:00+00:00,3326.282958984375,3326.282958984375,3314.58837890625,3315.37158203125,0
2026-01-17 16:30:00+00:00,3318.958984375,3318.958984375,3312.17236328125,3316.746337890625,39933952
2026-01-17 16:45:00+00:00,3316.496826171875,3317.890869140625,3313.214111328125,3317.843505859375,0
2026-01-17 17:00:00+00:00,3317.828369140625,3323.328125,3316.55322265625,3322.56396484375,0
2026-01-17 17:15:00+00:00,3322.504150390625,3325.239013671875,3322.178466796875,3323.26708984375,0
2026-01-17 17:30:00+00:00,3323.700439453125,3323.700439453125,3320.635986328125,3320.635986328125,0
2026-01-17 17:45:00+00:00,3321.4697265625,3321.4697265625,3316.37744140625,3317.80078125,17744896
2026-01-17 18:00:00+00:00,3318.068603515625,3318.068603515625,3314.6484375,3315.49658203125,86732800
2026-01-17 18:15:00+00:00,3315.24365234375,3319.185791015625,3315.16259765625,3318.220458984375,37467136
2026-01-17 18:30:00+00:00,3318.068115234375,3318.7861328125,3317.423828125,3317.86181640625,0
2026-01-17 18:45:00+00:00,3317.880126953125,3317.880126953125,3317.02001953125,3317.02001953125,0
2026-01-17 19:00:00+00:00,3316.825927734375,3316.825927734375,3315.647705078125,3315.647705078125,63646720
2026-01-17 19:15:00+00:00,3315.953857421875,3315.953857421875,3313.659912109375,3315.325439453125,0
2026-01-17 19:30:00+00:00,3315.590576171875,3319.2734375,3315.27587890625,3317.423828125,0
2026-01-17 19:45:00+00:00,3317.183349609375,3317.183349609375,3313.858154296875,3315.2412109375,8120320
2026-01-17 20:00:00+00:00,3315.330078125,3315.681396484375,3313.99755859375,3315.10400390625,0
2026-01-17 20:15:00+00:00,3314.863037109375,3318.012451171875,3314.565673828125,3318.012451171875,0
2026-01-17 20:30:00+00:00,3317.154296875,3317.154296875,3314.83935546875,3315.867431640625,0
2026-01-17 20:45:00+00:00,3315.876953125,3316.9189453125,3315.876953125,3316.8125,0
2026-01-17 21:00:00+00:00,3316.38427734375,3316.38427734375,3315.231201171875,3315.62109375,0
2026-01-17 21:15:00+00:00,3315.084228515625,3315.084228515625,3311.728515625,3313.051025390625,0
2026-01-17 21:30:00+00:00,3312.67236328125,3312.67236328125,3308.5673828125,3309.85791015625,60460032
2026-01-17 21:45:00+00:00,3310.42431640625,3311.877685546875,3310.27880859375,3310.85986328125,641024
2026-01-17 22:00:00+00:00,3311.3798828125,3311.67138671875,3308.365966796875,3308.365966796875,0
2026-01-17 22:15:00+00:00,3309.02490234375,3309.98486328125,3306.875,3306.875,0
2026-01-17 22:30:00+00:00,3307.2333984375,3307.3505859375,3297.846435546875,3303.032958984375,41507840
2026-01-17 22:45:00+00:00,3300.71044921875,3304.6875,3298.43505859375,3304.6875,44497920
2026-01-17 23:00:00+00:00,3301.16650390625,3306.51953125,3301.16650390625,3306.2509765625,23432192
2026-01-17 23:15:00+00:00,3306.083984375,3306.361328125,3304.44140625,3304.44140625,0
2026-01-17 23:30:00+00:00,3304.37255859375,3307.69873046875,3304.37255859375,3307.51123046875,0
2026-01-17 23:45:00+00:00,3307.944091796875,3308.698486328125,3306.876220703125,3308.698486328125,77736960
2026-01-18 00:00:00+00:00,3309.15966796875,3312.265869140625,3305.697998046875,3311.13818359375,33747968
2026-01-18 00:15:00+00:00,3311.260986328125,3312.75341796875,3309.9951171875,3311.119384765625,55343104
2026-01-18 00:30:00+00:00,3310.80419921875,3312.028564453125,3306.64501953125,3306.64501953125,33970176
2026-01-18 00:45:00+00:00,3306.103271484375,3306.103271484375,3302.236328125,3303.572265625,71108608
2026-01-18 01:00:00+00:00,3303.23779296875,3303.23779296875,3298.41943359375,3300.007080078125,23050240
2026-01-18 01:15:00+00:00,3300.734375,3304.819580078125,3299.66455078125,3304.406005859375,42210304
2026-01-18 01:30:00+00:00,3304.63916015625,3304.9921875,3301.603759765625,3301.603759765625,89141248
2026-01-18 01:45:00+00:00,3300.414306640625,3300.414306640625,3296.29150390625,3299.79150390625,240900096
2026-01-18 02:00:00+00:00,3299.6767578125,3303.09619140625,3299.6767578125,3302.65234375,25372672
2026-01-18 02:15:00+00:00,3302.787841796875,3304.00830078125,3300.6044921875,3300.6044921875,11282432
2026-01-18 02:30:00+00:00,3300.426025390625,3300.426025390625,3296.135986328125,3300.06689453125,154972160
2026-01-18 02:45:00+00:00,3300.027099609375,3302.3349609375,3299.996337890625,3302.015625,140401664
2026-01-18 03:00:00+00:00,3301.89892578125,3304.2177734375,3301.89892578125,3304.2177734375,10023936
2026-01-18 03:15:00+00:00,3304.280517578125,3309.43310546875,3304.126708984375,3309.43310546875,54846464
2026-01-18 03:30:00+00:00,3309.91064453125,3316.25244140625,3309.91064453125,3314.2353515625,87874560
2026-01-18 03:45:00+00:00,3314.426025390625,3315.7890625,3314.306640625,3314.905517578125,10722304
2026-01-18 04:00:00+00:00,3313.778076171875,3316.183837890625,3312.384033203125,3314.3896484375,38150144
2026-01-18 04:15:00+00:00,3314.38134765625,3314.38134765625,3311.84033203125,3311.853759765625,186501120
2026-01-18 04:30:00+00:00,3311.87451171875,3311.87451171875,3309.15478515625,3311.260498046875,0
2026-01-18 04:45:00+00:00,3311.44384765625,3312.513671875,3310.6279296875,3310.89794921875,126425088
2026-01-18 05:00:00+00:00,3310.8193359375,3311.033203125,3309.904541015625,3310.949462890625,0
2026-01-18 05:15:00+00:00,3311.628662109375,3313.596435546875,3311.628662109375,3313.596435546875,24687616
2026-01-18 05:30:00+00:00,3313.4384765625,3313.810302734375,3311.429931640625,3313.810302734375,31793152
2026-01-18 05:45:00+00:00,3314.17822265625,3316.1923828125,3314.17822265625,3315.604736328125,167860224
2026-01-18 06:00:00+00:00,3314.401611328125,3316.004150390625,3314.232177734375,3316.004150390625,46729216
2026-01-18 06:15:00+00:00,3315.949462890625,3315.949462890625,3311.45068359375,3311.89501953125,19608576
2026-01-18 06:30:00+00:00,3311.879150390625,3314.210205078125,3310.818359375,3314.210205078125,72546304
2026-01-18 06:45:00+00:00,3313.69775390625,3313.763427734375,3312.277587890625,3313.763427734375,20814848
2026-01-18 07:00:00+00:00,3314.027099609375,3314.027099609375,3305.8173828125,3306.66552734375,38013952
2026-01-18 07:15:00+00:00,3306.796875,3309.640869140625,3305.496826171875,3309.62255859375,141156352
2026-01-18 07:30:00+00:00,3309.53125,3309.53125,3305.8486328125,3307.349365234375,66277376
2026-01-18 07:45:00+00:00,3307.61669921875,3308.18017578125,3306.197509765625,3306.2451171875,0
2026-01-18 08:00:00+00:00,3306.1513671875,3306.1513671875,3303.18212890625,3305.614013671875,80251904
2026-01-18 08:15:00+00:00,3305.60302734375,3309.012451171875,3304.972900390625,3309.012451171875,31950848
2026-01-18 08:30:00+00:00,3308.747314453125,3313.509521484375,3308.47412109375,3313.111328125,7027712
2026-01-18 08:45:00+00:00,3312.99560546875,3314.629638671875,3311.867919921875,3314.46923828125,51766272
2026-01-18 09:00:00+00:00,3314.226806640625,3316.25439453125,3313.9580078125,3315.764404296875,45651968
2026-01-18 09:15:00+00:00,3315.3359375,3320.260498046875,3315.3359375,3319.56201171875,159004672
2026-01-18 09:30:00+00:00,3320.811279296875,3322.881591796875,3320.402587890625,3320.402587890625,68434944
2026-01-18 09:45:00+00:00,3320.1513671875,3322.822265625,3320.140625,3322.822265625,29903872
2026-01-18 10:00:00+00:00,3322.118896484375,3322.353271484375,3317.556640625,3320.3388671875,74262528
2026-01-18 10:15:00+00:00,3320.042236328125,3320.042236328125,3319.2861328125,3319.439697265625,43472896
2026-01-18 10:30:00+00:00,3319.5234375,3322.185791015625,3319.510009765625,3322.185791015625,112003072
2026-01-18 10:45:00+00:00,3322.5673828125,3324.519775390625,3321.694091796875,3324.519775390625,63627264
2026-01-18 11:00:00+00:00,3324.34033203125,3324.34033203125,3320.009521484375,3320.354248046875,4017152
2026-01-18 11:15:00+00:00,3320.327880859375,3320.327880859375,3318.979736328125,3319.1748046875,57104384
2026-01-18 11:30:00+00:00,3318.508544921875,3319.23876953125,3318.174560546875,3319.23876953125,0
2026-01-18 11:45:00+00:00,3319.87548828125,3321.4296875,3318.758544921875,3320.80029296875,685056
2026-01-18 12:00:00+00:00,3320.85888671875,3321.134521484375,3318.64013671875,3318.64013671875,111690752
2026-01-18 12:15:00+00:00,3318.873779296875,3323.182861328125,3317.9560546875,3323.182861328125,13203456
2026-01-18 12:30:00+00:00,3322.882080078125,3324.43212890625,3322.12744140625,3323.990966796875,88884224
2026-01-18 12:45:00+00:00,3324.01513671875,3324.261474609375,3320.789306640625,3320.937744140625,3482624
2026-01-18 13:00:00+00:00,3321.36328125,3321.36328125,3317.638671875,3318.31396484375,48185344
2026-01-18 13:15:00+00:00,3318.8017578125,3318.819091796875,3313.777587890625,3315.3564453125,110041088
2026-01-18 13:30:00+00:00,3316.776611328125,3326.298828125,3315.70751953125,3326.298828125,30937088
2026-01-18 13:45:00+00:00,3327.10400390625,3327.71875,3324.05517578125,3324.561767578125,301832192
2026-01-18 14:00:00+00:00,3324.882568359375,3326.217529296875,3323.433349609375,3326.217529296875,6936576
2026-01-18 14:15:00+00:00,3329.13818359375,3341.473388671875,3329.13818359375,3337.94140625,299845632
2026-01-18 14:30:00+00:00,3337.11083984375,3340.17724609375,3330.080810546875,3330.080810546875,157178880
2026-01-18 14:45:00+00:00,3329.6982421875,3330.40576171875,3322.612060546875,3322.612060546875,174133248
2026-01-18 15:00:00+00:00,3323.817626953125,3326.064453125,3320.372314453125,3325.26611328125,16852992
2026-01-18 15:15:00+00:00,3325.2880859375,3331.554443359375,3323.857177734375,3331.554443359375,0
2026-01-18 15:30:00+00:00,3331.02490234375,3333.989013671875,3328.828125,3333.003173828125,0
2026-01-18 15:45:00+00:00,3332.23388671875,3332.771240234375,3330.80908203125,3332.771240234375,0
2026-01-18 16:00:00+00:00,3332.6591796875,3335.189697265625,3329.492919921875,3333.367431640625,0
2026-01-18 16:15:00+00:00,3333.0546875,3335.924560546875,3331.050537109375,3331.403076171875,0
2026-01-18 16:30:00+00:00,3331.435546875,3335.6435546875,3330.546142578125,3335.282470703125,0
2026-01-18 16:45:00+00:00,3335.277587890625,3336.35205078125,3333.668701171875,3334.073974609375,457857024
2026-01-18 17:00:00+00:00,3333.454345703125,3336.382080078125,3332.7265625,3333.96826171875,16075776
2026-01-18 17:15:00+00:00,3332.71337890625,3336.173095703125,3332.71337890625,3336.173095703125,4087808
2026-01-18 17:30:00+00:00,3335.599609375,3336.876708984375,3332.93017578125,3334.26123046875,13044736
2026-01-18 17:45:00+00:00,3334.124755859375,3336.86376953125,3333.362548828125,3336.844482421875,3968000
2026-01-18 18:00:00+00:00,3343.690673828125,3343.690673828125,3338.34326171875,3341.149658203125,32856064
2026-01-18 18:15:00+00:00,3341.488037109375,3359.7578125,3340.3583984375,3359.7578125,72591360
2026-01-18 18:30:00+00:00,3359.940673828125,3361.15185546875,3355.697021484375,3359.338623046875,432558080
2026-01-18 18:45:00+00:00,3358.951171875,3366.622314453125,3358.951171875,3362.475830078125,168749056
2026-01-18 19:00:00+00:00,3360.56982421875,3363.3798828125,3356.906005859375,3356.906005859375,110258176
2026-01-18 19:15:00+00:00,3355.50244140625,3355.50244140625,3350.79833984375,3352.83251953125,184041472
2026-01-18 19:30:00+00:00,3352.271240234375,3352.353759765625,3351.05419921875,3351.47412109375,26130432
2026-01-18 19:45:00+00:00,3350.256591796875,3350.256591796875,3344.672119140625,3344.921630859375,52948992
2026-01-18 20:00:00+00:00,3345.279296875,3347.26953125,3341.142578125,3341.871826171875,95256576
2026-01-18 20:15:00+00:00,3342.193603515625,3350.785888671875,3342.193603515625,3350.785888671875,12200960
2026-01-18 20:30:00+00:00,3350.87109375,3350.87109375,3339.046875,3341.563232421875,0
2026-01-18 20:45:00+00:00,3341.2958984375,3342.82666015625,3339.38134765625,3339.60107421875,101529600
2026-01-18 21:00:00+00:00,3339.988525390625,3339.988525390625,3336.228759765625,3339.8701171875,35314688
2026-01-18 21:15:00+00:00,3339.63916015625,3339.63916015625,3338.015625,3338.8896484375,17896448
2026-01-18 21:30:00+00:00,3338.85498046875,3342.724609375,3338.577880859375,3342.4072265625,41781248
2026-01-18 21:45:00+00:00,3342.4873046875,3343.877197265625,3338.648193359375,3340.423583984375,92156928
2026-01-18 22:00:00+00:00,3340.365966796875,3348.527099609375,3339.48681640625,3348.527099609375,99105792
2026-01-18 22:15:00+00:00,3352.918212890625,3352.918212890625,3346.3076171875,3346.3076171875,84551680
2026-01-18 22:30:00+00:00,3345.676513671875,3348.564697265625,3344.495849609375,3346.488037109375,0
2026-01-18 22:45:00+00:00,3346.407958984375,3349.382568359375,3346.407958984375,3348.71044921875,22055936
2026-01-18 23:00:00+00:00,3347.174072265625,3347.87548828125,3323.807861328125,3331.868408203125,255069184
2026-01-18 23:15:00+00:00,3328.88916015625,3335.147705078125,3312.550048828125,3312.550048828125,353458176
2026-01-18 23:30:00+00:00,3309.923095703125,3316.6572265625,3307.883544921875,3307.883544921875,377515008
2026-01-18 23:45:00+00:00,3310.188720703125,3310.188720703125,3280.012939453125,3280.012939453125,807283712
2026-01-19 00:00:00+00:00,3282.393798828125,3282.393798828125,3234.69970703125,3237.93310546875,1980730368
2026-01-19 00:15:00+00:00,3220.468994140625,3220.468994140625,3183.329833984375,3199.88232421875,2092972032
2026-01-19 00:30:00+00:00,3205.0634765625,3220.647216796875,3191.614013671875,3220.22021484375,837062656
2026-01-19 00:45:00+00:00,3219.8623046875,3219.8623046875,3211.415283203125,3211.415283203125,865148928
2026-01-19 01:00:00+00:00,3211.9990234375,3218.7578125,3210.9560546875,3214.98291015625,558561280
2026-01-19 01:15:00+00:00,3215.493408203125,3218.422607421875,3211.41162109375,3211.567138671875,277323776
2026-01-19 01:30:00+00:00,3209.21923828125,3213.349365234375,3206.06298828125,3207.005859375,461844480
2026-01-19 01:45:00+00:00,3207.821044921875,3207.821044921875,3195.149658203125,3204.53515625,232994816
2026-01-19 02:00:00+00:00,3205.262451171875,3205.3701171875,3195.7509765625,3197.4228515625,469774336
2026-01-19 02:15:00+00:00,3199.044921875,3213.53662109375,3198.823974609375,3208.911865234375,280414208
2026-01-19 02:30:00+00:00,3209.2158203125,3212.777587890625,3208.00048828125,3212.522705078125,258277376
2026-01-19 02:45:00+00:00,3212.144775390625,3212.144775390625,3203.588134765625,3204.02197265625,186832896
2026-01-19 03:00:00+00:00,3203.842041015625,3210.156005859375,3203.842041015625,3206.370849609375,86974464
2026-01-19 03:15:00+00:00,3206.0400390625,3210.1708984375,3197.70068359375,3204.43994140625,121733120
2026-01-19 03:30:00+00:00,3202.51318359375,3208.143798828125,3201.380859375,3208.143798828125,308901888
2026-01-19 03:45:00+00:00,3207.33642578125,3211.389404296875,3207.12890625,3210.94677734375,201953280
2026-01-19 04:00:00+00:00,3210.911376953125,3212.5087890625,3206.03369140625,3208.170166015625,297144320
2026-01-19 04:15:00+00:00,3207.424072265625,3210.590087890625,3204.738525390625,3210.590087890625,109223936
2026-01-19 04:30:00+00:00,3211.259521484375,3213.09521484375,3207.187255859375,3212.59130859375,589072384
2026-01-19 04:45:00+00:00,3212.45361328125,3215.2255859375,3211.82568359375,3212.194580078125,421748736
2026-01-19 05:00:00+00:00,3211.478759765625,3213.300537109375,3209.59375,3209.59375,233834496
2026-01-19 05:15:00+00:00,3202.8271484375,3202.8271484375,3196.078857421875,3196.3095703125,312817664
2026-01-19 05:30:00+00:00,3199.8369140625,3207.180908203125,3197.71875,3203.968017578125,428275712
2026-01-19 05:45:00+00:00,3203.099853515625,3203.853271484375,3201.12890625,3202.26708984375,165916672
2026-01-19 06:00:00+00:00,3202.014404296875,3202.788330078125,3195.690673828125,3196.75634765625,106330112
2026-01-19 06:15:00+00:00,3196.66162109375,3196.66162109375,3190.875,3195.892822265625,247867392
2026-01-19 06:30:00+00:00,3195.1484375,3197.593505859375,3189.789306640625,3191.449951171875,72613888
2026-01-19 06:45:00+00:00,3192.16748046875,3194.281005859375,3191.678466796875,3192.9228515625,391450624
2026-01-19 07:00:00+00:00,3194.010986328125,3197.662109375,3194.010986328125,3196.9794921875,36591616
2026-01-19 07:15:00+00:00,3198.4560546875,3201.297119140625,3198.4560546875,3199.1142578125,22048768
2026-01-19 07:30:00+00:00,3198.101318359375,3202.052978515625,3198.101318359375,3202.052978515625,130166784
2026-01-19 07:45:00+00:00,3202.569580078125,3207.04736328125,3202.569580078125,3206.5185546875,222504960
2026-01-19 08:00:00+00:00,3206.067138671875,3206.067138671875,3200.25439453125,3200.725341796875,95848448
2026-01-19 08:15:00+00:00,3197.561767578125,3218.822021484375,3197.561767578125,3212.961669921875,200648704
2026-01-19 08:30:00+00:00,3208.2900390625,3215.994140625,3208.2900390625,3212.80517578125,400654336
2026-01-19 08:45:00+00:00,3213.949951171875,3215.791748046875,3213.529052734375,3214.297119140625,79620096
2026-01-19 09:00:00+00:00,3213.151123046875,3213.151123046875,3208.9013671875,3209.1904296875,338823168
2026-01-19 09:15:00+00:00,3208.49853515625,3210.101806640625,3206.84228515625,3209.959228515625,42452992
2026-01-19 09:30:00+00:00,3209.185791015625,3209.75244140625,3205.622314453125,3206.350341796875,0
2026-01-19 09:45:00+00:00,3205.790283203125,3208.81396484375,3205.790283203125,3207.26123046875,39235584
2026-01-19 10:00:00+00:00,3207.283203125,3208.100830078125,3204.654052734375,3208.100830078125,120682496
2026-01-19 10:15:00+00:00,3207.901123046875,3212.84130859375,3207.901123046875,3208.74755859375,23984128
2026-01-19 10:30:00+00:00,3208.6533203125,3209.884521484375,3207.04150390625,3209.884521484375,212400128
2026-01-19 10:45:00+00:00,3209.900146484375,3213.950927734375,3209.900146484375,3213.175537109375,161837056
2026-01-19 11:00:00+00:00,3213.308837890625,3215.98486328125,3212.001220703125,3215.666259765625,291551232
2026-01-19 11:15:00+00:00,3218.240966796875,3227.06640625,3214.642333984375,3223.9931640625,708915200
2026-01-19 11:30:00+00:00,3223.564208984375,3226.9404296875,3223.421630859375,3225.082275390625,508551168
2026-01-19 11:45:00+00:00,3224.850341796875,3228.09130859375,3220.06640625,3222.0322265625,201025536
2026-01-19 12:00:00+00:00,3222.147216796875,3223.98583984375,3218.88427734375,3221.589599609375,432689152
2026-01-19 12:15:00+00:00,3222.49755859375,3225.0361328125,3222.3818359375,3225.0361328125,205764608
2026-01-19 12:30:00+00:00,3225.318359375,3232.4033203125,3225.318359375,3229.440185546875,336480256
2026-01-19 12:45:00+00:00,3227.79150390625,3228.208740234375,3221.494384765625,3222.927001953125,141201408
2026-01-19 13:00:00+00:00,3223.268310546875,3223.268310546875,3218.73828125,3222.209716796875,184023040
2026-01-19 13:15:00+00:00,3220.169189453125,3221.1337890625,3212.998291015625,3213.452880859375,215496704
2026-01-19 13:30:00+00:00,3212.883056640625,3218.77880859375,3212.883056640625,3218.15380859375,41728000
2026-01-19 13:45:00+00:00,3218.2958984375,3219.340087890625,3216.335205078125,3216.822509765625,791564288
2026-01-19 14:00:00+00:00,3216.735107421875,3216.982177734375,3207.72265625,3209.50146484375,130754560
2026-01-19 14:15:00+00:00,3209.900146484375,3213.0537109375,3207.70068359375,3208.454345703125,0
2026-01-19 14:30:00+00:00,3207.2646484375,3211.168701171875,3206.414306640625,3208.758544921875,0
2026-01-19 14:45:00+00:00,3208.4228515625,3212.24267578125,3207.633056640625,3211.11962890625,851990528
2026-01-19 15:00:00+00:00,3211.35302734375,3216.036865234375,3211.35302734375,3214.18017578125,46716928
2026-01-19 15:15:00+00:00,3217.514892578125,3218.689453125,3214.08056640625,3214.502685546875,24602624
2026-01-19 15:30:00+00:00,3210.853271484375,3214.125244140625,3209.781982421875,3211.4091796875,92362752
2026-01-19 15:45:00+00:00,3211.609375,3215.841552734375,3211.609375,3215.538330078125,77899776
2026-01-19 16:00:00+00:00,3214.530517578125,3216.7138671875,3212.16748046875,3213.97021484375,84981760
2026-01-19 16:15:00+00:00,3213.9677734375,3218.3623046875,3212.4501953125,3218.3623046875,85460992
2026-01-19 16:30:00+00:00,3217.5166015625,3219.44482421875,3215.766845703125,3216.147216796875,449466368
2026-01-19 16:45:00+00:00,3216.876953125,3223.208984375,3215.4658203125,3222.271484375,73955328
2026-01-19 17:00:00+00:00,3222.0576171875,3222.768798828125,3217.53271484375,3222.768798828125,139091968
2026-01-19 17:15:00+00:00,3222.208740234375,3223.737548828125,3219.50537109375,3221.727294921875,129034240
2026-01-19 17:30:00+00:00,3222.57763671875,3222.57763671875,3217.11083984375,3217.11083984375,36397056
2026-01-19 17:45:00+00:00,3218.319580078125,3218.319580078125,3216.427001953125,3218.1884765625,3674112
2026-01-19 18:00:00+00:00,3218.409423828125,3219.422119140625,3211.31494140625,3211.985107421875,0
2026-01-19 18:15:00+00:00,3211.7646484375,3213.66552734375,3209.58837890625,3209.58837890625,201410560
2026-01-19 18:30:00+00:00,3208.890625,3215.67822265625,3207.635498046875,3215.237060546875,0
2026-01-19 18:45:00+00:00,3215.185302734375,3215.185302734375,3210.975830078125,3213.193115234375,497410048
2026-01-19 19:00:00+00:00,3212.998046875,3218.87255859375,3212.998046875,3218.87255859375,352831488
2026-01-19 19:15:00+00:00,3218.98388671875,3222.380126953125,3216.986328125,3216.986328125,153272320
2026-01-19 19:30:00+00:00,3216.557861328125,3218.851806640625,3215.35595703125,3216.604736328125,17895424
2026-01-19 19:45:00+00:00,3216.926025390625,3218.179443359375,3216.265869140625,3218.0546875,170602496
2026-01-19 20:00:00+00:00,3217.97021484375,3222.42333984375,3217.97021484375,3219.287353515625,266559488
2026-01-19 20:15:00+00:00,3219.219970703125,3222.191162109375,3218.054443359375,3222.191162109375,28823552
2026-01-19 20:30:00+00:00,3221.3623046875,3221.3623046875,3215.336181640625,3217.18603515625,86708224
2026-01-19 20:45:00+00:00,3216.062744140625,3216.062744140625,3211.742431640625,3214.4091796875,35725312
2026-01-19 21:00:00+00:00,3213.37255859375,3218.1728515625,3212.36279296875,3212.36279296875,207775744
2026-01-19 21:15:00+00:00,3212.93310546875,3213.390625,3210.264892578125,3212.474609375,193734656
2026-01-19 21:30:00+00:00,3212.472412109375,3213.81201171875,3210.423583984375,3213.81201171875,7385088
2026-01-19 21:45:00+00:00,3214.193603515625,3214.35009765625,3210.677734375,3211.867919921875,18532352
2026-01-19 22:00:00+00:00,3211.4228515625,3212.387451171875,3192.258056640625,3192.258056640625,159322112
2026-01-19 22:15:00+00:00,3196.96923828125,3208.652587890625,3196.96923828125,3205.919921875,369563648
2026-01-19 22:30:00+00:00,3205.326416015625,3205.326416015625,3199.2783203125,3199.2783203125,101445632
2026-01-19 22:45:00+00:00,3199.2216796875,3199.2216796875,3190.940673828125,3190.940673828125,224612352
2026-01-19 23:00:00+00:00,3186.592529296875,3193.308837890625,3167.4404296875,3175.246337890625,144211968
2026-01-19 23:15:00+00:00,3174.566162109375,3180.553955078125,3166.9091796875,3180.553955078125,265256960
2026-01-19 23:30:00+00:00,3180.991455078125,3192.22509765625,3180.991455078125,3189.898681640625,502487040
2026-01-19 23:45:00+00:00,3188.691650390625,3190.2666015625,3185.192138671875,3185.94482421875,0
2026-01-20 00:00:00+00:00,3186.9599609375,3197.004638671875,3185.97021484375,3189.65234375,0
2026-01-20 00:15:00+00:00,3190.35205078125,3190.35205078125,3175.085693359375,3178.586669921875,0
2026-01-20 00:30:00+00:00,3179.71240234375,3189.65625,3179.71240234375,3189.65625,0
2026-01-20 00:45:00+00:00,3188.99755859375,3188.99755859375,3181.58154296875,3181.721923828125,0
2026-01-20 01:00:00+00:00,3182.39501953125,3186.986083984375,3175.94189453125,3176.489013671875,0
2026-01-20 01:15:00+00:00,3183.272705078125,3193.7158203125,3181.029052734375,3193.7158203125,102068224
2026-01-20 01:30:00+00:00,3195.56689453125,3195.71875,3187.78173828125,3187.78173828125,0
2026-01-20 01:45:00+00:00,3188.70751953125,3195.511474609375,3188.386474609375,3193.341552734375,0
2026-01-20 02:00:00+00:00,3191.055419921875,3191.055419921875,3182.645263671875,3183.4541015625,0
2026-01-20 02:15:00+00:00,3183.00927734375,3185.697998046875,3178.899658203125,3178.899658203125,254357504
2026-01-20 02:30:00+00:00,3182.356689453125,3189.331787109375,3182.356689453125,3189.331787109375,0
2026-01-20 02:45:00+00:00,3189.275390625,3196.1552734375,3189.275390625,3190.671142578125,146948096
2026-01-20 03:00:00+00:00,3191.0048828125,3191.0048828125,3182.6181640625,3184.1767578125,315617280
2026-01-20 03:15:00+00:00,3184.616943359375,3188.4072265625,3184.616943359375,3187.38232421875,110262272
2026-01-20 03:30:00+00:00,3186.6064453125,3186.6064453125,3183.255126953125,3185.008544921875,83111936
2026-01-20 03:45:00+00:00,3186.576416015625,3188.188720703125,3185.08251953125,3185.32421875,0
2026-01-20 04:00:00+00:00,3185.823974609375,3185.823974609375,3181.7578125,3181.7578125,0
2026-01-20 04:15:00+00:00,3181.716552734375,3182.1650390625,3180.0234375,3180.57568359375,0
2026-01-20 04:30:00+00:00,3183.266845703125,3186.506591796875,3179.125,3180.604248046875,50599936
2026-01-20 04:45:00+00:00,3180.6962890625,3181.9375,3168.8515625,3169.426025390625,10764288
2026-01-20 05:00:00+00:00,3169.916259765625,3169.916259765625,3153.760009765625,3153.760009765625,386826240
2026-01-20 05:15:00+00:00,3154.38134765625,3164.466064453125,3154.38134765625,3164.466064453125,130613248
2026-01-20 05:30:00+00:00,3164.49560546875,3168.3916015625,3161.619873046875,3162.86572265625,0
2026-01-20 05:45:00+00:00,3164.470947265625,3171.74169921875,3164.470947265625,3170.16748046875,116719616
2026-01-20 06:00:00+00:00,3168.8896484375,3168.8896484375,3163.53857421875,3163.53857421875,2007040
2026-01-20 06:15:00+00:00,3163.1083984375,3163.1083984375,3131.863525390625,3139.21923828125,594481152
2026-01-20 06:30:00+00:00,3139.366943359375,3139.366943359375,3118.296630859375,3125.84912109375,855701504
2026-01-20 06:45:00+00:00,3125.617431640625,3125.617431640625,3109.28369140625,3111.99267578125,220153856
2026-01-20 07:00:00+00:00,3113.439208984375,3119.60498046875,3112.261962890625,3117.63525390625,713392128
2026-01-20 07:15:00+00:00,3116.927734375,3120.740478515625,3115.81884765625,3120.740478515625,143443968
2026-01-20 07:30:00+00:00,3120.55419921875,3124.841552734375,3118.726318359375,3123.74072265625,174518272
2026-01-20 07:45:00+00:00,3123.9814453125,3126.979736328125,3121.391357421875,3121.391357421875,609058816
2026-01-20 08:00:00+00:00,3121.374267578125,3121.374267578125,3097.582763671875,3097.582763671875,455483392
2026-01-20 08:15:00+00:00,3104.1484375,3111.263427734375,3102.140869140625,3109.59228515625,352043008
2026-01-20 08:30:00+00:00,3108.76416015625,3108.76416015625,3085.685791015625,3090.4072265625,325025792
2026-01-20 08:45:00+00:00,3090.366455078125,3101.747802734375,3089.119140625,3101.747802734375,257261568
2026-01-20 09:00:00+00:00,3103.3623046875,3103.3623046875,3094.06591796875,3094.99853515625,518631424
2026-01-20 09:15:00+00:00,3095.951171875,3096.111572265625,3091.818603515625,3093.46142578125,393062400
2026-01-20 09:30:00+00:00,3094.117919921875,3094.117919921875,3088.674560546875,3090.953369140625,228247552
2026-01-20 09:45:00+00:00,3091.11181640625,3091.619140625,3087.76611328125,3090.81298828125,33503232
2026-01-20 10:00:00+00:00,3090.712646484375,3097.5302734375,3087.97802734375,3097.5302734375,145344512
2026-01-20 10:15:00+00:00,3098.94775390625,3103.739501953125,3097.6015625,3103.739501953125,16531456
2026-01-20 10:30:00+00:00,3104.60595703125,3104.60595703125,3098.3642578125,3098.56787109375,619122688
2026-01-20 10:45:00+00:00,3098.85302734375,3100.651611328125,3098.47314453125,3100.61279296875,0
2026-01-20 11:00:00+00:00,3100.157470703125,3106.292236328125,3100.157470703125,3104.458251953125,397219840
2026-01-20 11:15:00+00:00,3105.3193359375,3107.586669921875,3103.6611328125,3107.586669921875,59277312
2026-01-20 11:30:00+00:00,3106.14501953125,3107.692626953125,3101.769775390625,3103.8515625,0
2026-01-20 11:45:00+00:00,3104.2744140625,3109.629638671875,3104.15087890625,3107.2080078125,80662528
2026-01-20 12:00:00+00:00,3106.594970703125,3110.322265625,3105.6572265625,3110.322265625,0
2026-01-20 12:15:00+00:00,3110.15380859375,3110.831787109375,3100.29248046875,3103.742431640625,22812672
2026-01-20 12:30:00+00:00,3103.093017578125,3105.66357421875,3103.093017578125,3105.174560546875,0
2026-01-20 12:45:00+00:00,3105.029296875,3108.565185546875,3105.029296875,3108.41650390625,152453120
2026-01-20 13:00:00+00:00,3108.641845703125,3109.10546875,3091.598388671875,3091.598388671875,81750016
2026-01-20 13:15:00+00:00,3091.151123046875,3092.894775390625,3087.53857421875,3087.53857421875,556759040
2026-01-20 13:30:00+00:00,3085.912841796875,3090.35400390625,3082.97509765625,3085.25830078125,317429760
2026-01-20 13:45:00+00:00,3085.263671875,3085.68310546875,3075.242919921875,3076.6298828125,269568000
2026-01-20 14:00:00+00:00,3076.353271484375,3085.21533203125,3076.353271484375,3079.97705078125,32651264
2026-01-20 14:15:00+00:00,3080.14794921875,3080.14794921875,3058.164306640625,3066.3701171875,255215616
2026-01-20 14:30:00+00:00,3067.688232421875,3081.444091796875,3055.508056640625,3066.777587890625,1579616256
2026-01-20 14:45:00+00:00,3069.557373046875,3069.557373046875,3038.634765625,3046.293212890625,1132384256
2026-01-20 15:00:00+00:00,3044.842041015625,3046.04248046875,2998.335205078125,3016.889404296875,1049300992
2026-01-20 15:15:00+00:00,3014.849365234375,3030.611083984375,3003.174560546875,3027.925048828125,732977152
2026-01-20 15:30:00+00:00,3028.971435546875,3033.288330078125,3027.948486328125,3028.888427734375,1349855232
2026-01-20 15:45:00+00:00,3027.992919921875,3028.046875,3020.43505859375,3024.935302734375,203620352
2026-01-20 16:00:00+00:00,3029.68359375,3032.0078125,3022.191650390625,3030.441650390625,137623552
2026-01-20 16:15:00+00:00,3029.3291015625,3035.4677734375,3021.7353515625,3021.7353515625,261044224
2026-01-20 16:30:00+00:00,3022.68359375,3022.68359375,3000.861083984375,3000.861083984375,185647104
2026-01-20 16:45:00+00:00,3001.646240234375,3008.3359375,2998.384765625,3006.839111328125,581337088
2026-01-20 17:00:00+00:00,3006.336669921875,3018.1162109375,3006.336669921875,3017.14599609375,407826432
2026-01-20 17:15:00+00:00,3015.78662109375,3015.78662109375,3000.40673828125,3000.44580078125,888973312
2026-01-20 17:30:00+00:00,3000.800048828125,3000.800048828125,2984.223388671875,2994.581298828125,211189760
2026-01-20 17:45:00+00:00,2996.619384765625,3000.3603515625,2984.941162109375,2997.13623046875,480735232
2026-01-20 18:00:00+00:00,2997.332763671875,3003.94482421875,2995.227783203125,3003.94482421875,320665600
2026-01-20 18:15:00+00:00,3003.93359375,3003.93359375,2993.07470703125,2997.34423828125,655489024
2026-01-20 18:30:00+00:00,2995.206298828125,2995.206298828125,2989.317138671875,2989.815185546875,333703168
2026-01-20 18:45:00+00:00,2990.863037109375,2995.213134765625,2987.380126953125,2989.925537109375,109359104
2026-01-20 19:00:00+00:00,2989.702392578125,2997.97265625,2987.322998046875,2987.322998046875,299939840
2026-01-20 19:15:00+00:00,2991.65283203125,2996.60693359375,2989.931396484375,2989.931396484375,361732096
2026-01-20 19:30:00+00:00,2989.194580078125,2989.194580078125,2980.40966796875,2986.387939453125,340656128
2026-01-20 19:45:00+00:00,2986.231689453125,2994.33544921875,2984.2783203125,2991.9599609375,161763328
2026-01-20 20:00:00+00:00,2992.3818359375,2992.3818359375,2984.1904296875,2984.1904296875,141754368
2026-01-20 20:15:00+00:00,2982.5908203125,3000.656005859375,2982.5908203125,2999.099609375,1007394816
2026-01-20 20:30:00+00:00,2999.512451171875,2999.512451171875,2992.19970703125,2992.95068359375,166848512
2026-01-20 20:45:00+00:00,2992.87841796875,2999.372802734375,2991.915771484375,2996.720703125,306927616
2026-01-20 21:00:00+00:00,3001.27587890625,3001.830078125,2997.92236328125,3000.293212890625,337971200
2026-01-20 21:15:00+00:00,2998.593994140625,2998.593994140625,2992.906982421875,2994.068115234375,682723328
2026-01-20 21:30:00+00:00,2992.87158203125,2992.87158203125,2988.5732421875,2990.051025390625,336793600
2026-01-20 21:45:00+00:00,2990.340576171875,2991.331298828125,2986.6728515625,2990.805908203125,244989952
2026-01-20 22:00:00+00:00,2990.792724609375,2993.60888671875,2989.80810546875,2992.26708984375,186933248
2026-01-20 22:15:00+00:00,2992.374267578125,2993.036376953125,2981.56884765625,2981.56884765625,0
2026-01-20 22:30:00+00:00,2982.12841796875,2982.12841796875,2932.468994140625,2940.40576171875,357101568
2026-01-20 22:45:00+00:00,2943.777099609375,2947.613525390625,2937.7099609375,2946.0234375,1182547968
2026-01-20 23:00:00+00:00,2946.468017578125,2948.60791015625,2935.911865234375,2939.5498046875,126734336
2026-01-20 23:15:00+00:00,2939.6748046875,2940.762451171875,2929.947998046875,2938.6669921875,233607168
2026-01-20 23:30:00+00:00,2936.920654296875,2946.583740234375,2936.920654296875,2941.034912109375,319578112
2026-01-20 23:45:00+00:00,2941.94384765625,2941.94384765625,2932.17822265625,2936.596923828125,806606848
2026-01-21 00:00:00+00:00,2936.23193359375,2943.972412109375,2932.978271484375,2932.978271484375,168015872
2026-01-21 00:15:00+00:00,2932.17822265625,2933.986572265625,2921.62841796875,2933.986572265625,110974976
2026-01-21 00:30:00+00:00,2934.49365234375,2951.648681640625,2932.81201171875,2948.1259765625,206192640
2026-01-21 00:45:00+00:00,2948.608154296875,2964.739501953125,2948.608154296875,2958.314208984375,1880662016
2026-01-21 01:00:00+00:00,2956.637939453125,2965.63818359375,2952.949462890625,2964.113525390625,64077824
2026-01-21 01:15:00+00:00,2963.7724609375,2966.354248046875,2959.18505859375,2960.21826171875,303894528
2026-01-21 01:30:00+00:00,2964.22314453125,2968.330810546875,2962.44970703125,2964.989501953125,427786240
2026-01-21 01:45:00+00:00,2963.869873046875,2969.475830078125,2962.34375,2962.586181640625,140595200
2026-01-21 02:00:00+00:00,2961.79150390625,2970.264892578125,2961.79150390625,2968.43017578125,23820288
2026-01-21 02:15:00+00:00,2969.547607421875,2969.547607421875,2961.834716796875,2961.834716796875,108500992
2026-01-21 02:30:00+00:00,2959.929931640625,2964.70849609375,2955.110595703125,2960.12939453125,36896768
2026-01-21 02:45:00+00:00,2960.699951171875,2962.682861328125,2958.6953125,2958.6953125,366123008
2026-01-21 03:00:00+00:00,2958.001708984375,2965.735107421875,2958.001708984375,2963.343505859375,292478976
2026-01-21 03:15:00+00:00,2965.633056640625,2970.34912109375,2965.633056640625,2968.608154296875,993726464
2026-01-21 03:30:00+00:00,2968.155029296875,2975.915283203125,2966.796875,2975.915283203125,104650752
2026-01-21 03:45:00+00:00,2979.224365234375,2979.224365234375,2975.587158203125,2977.99609375,232304640
2026-01-21 04:00:00+00:00,2977.99609375,2981.134033203125,2973.3369140625,2973.3369140625,106625024
2026-01-21 04:15:00+00:00,2974.027099609375,2979.3017578125,2972.3759765625,2978.34033203125,31961088
2026-01-21 04:30:00+00:00,2978.35693359375,2979.27490234375,2974.38232421875,2979.27490234375,11835392
2026-01-21 04:45:00+00:00,2980.22265625,2981.18994140625,2977.603271484375,2977.78173828125,63479808
2026-01-21 05:00:00+00:00,2976.735107421875,2978.2646484375,2974.7890625,2977.621826171875,0
2026-01-21 05:15:00+00:00,2979.018798828125,2981.008544921875,2978.06689453125,2979.2158203125,142880768
2026-01-21 05:30:00+00:00,2979.45361328125,2992.833740234375,2979.45361328125,2992.728759765625,374597632
2026-01-21 05:45:00+00:00,2993.229736328125,2997.038818359375,2988.97265625,2988.97265625,203378688
2026-01-21 06:00:00+00:00,2989.97900390625,2989.97900390625,2986.301025390625,2988.7333984375,80109568
2026-01-21 06:15:00+00:00,2988.593994140625,2990.097412109375,2987.1962890625,2987.441650390625,0
2026-01-21 06:30:00+00:00,2987.99462890625,2987.99462890625,2979.07861328125,2980.25341796875,0
2026-01-21 06:45:00+00:00,2979.321533203125,2979.321533203125,2973.2998046875,2975.861572265625,135370752
2026-01-21 07:00:00+00:00,2976.939453125,2981.68798828125,2973.67529296875,2973.67529296875,0
2026-01-21 07:15:00+00:00,2971.578125,2977.27099609375,2971.578125,2976.976318359375,835305472
2026-01-21 07:30:00+00:00,2979.280029296875,2979.280029296875,2965.027099609375,2968.1142578125,84451328
2026-01-21 07:45:00+00:00,2967.9990234375,2969.791015625,2963.857666015625,2965.843994140625,137332736
2026-01-21 08:00:00+00:00,2967.681396484375,2967.681396484375,2962.074951171875,2966.695556640625,878858240
2026-01-21 08:15:00+00:00,2964.060302734375,2970.13232421875,2964.060302734375,2965.37158203125,59852800
2026-01-21 08:30:00+00:00,2963.900390625,2966.877197265625,2954.8583984375,2954.8583984375,174612480
2026-01-21 08:45:00+00:00,2955.15576171875,2963.240234375,2955.15576171875,2962.2548828125,0
2026-01-21 09:00:00+00:00,2962.036376953125,2965.739990234375,2962.036376953125,2965.181884765625,784019456
2026-01-21 09:15:00+00:00,2965.4140625,2968.893798828125,2965.4140625,2967.99365234375,17926144
2026-01-21 09:30:00+00:00,2967.708740234375,2970.813232421875,2966.682861328125,2966.682861328125,225945600
2026-01-21 09:45:00+00:00,2966.641357421875,2966.750732421875,2948.666259765625,2948.666259765625,18323456
2026-01-21 10:00:00+00:00,2950.542236328125,2960.396240234375,2950.372802734375,2958.41650390625,177391616
2026-01-21 10:15:00+00:00,2960.1376953125,2963.123779296875,2960.1376953125,2960.690185546875,594399232
2026-01-21 10:30:00+00:00,2961.706787109375,2966.224609375,2960.4365234375,2964.343017578125,52676608
2026-01-21 10:45:00+00:00,2964.505126953125,2964.505126953125,2960.945556640625,2961.5146484375,0
2026-01-21 11:00:00+00:00,2961.06787109375,2964.18359375,2957.521484375,2964.18359375,42946560
2026-01-21 11:15:00+00:00,2964.748291015625,2967.529296875,2964.335693359375,2965.679443359375,732076032
2026-01-21 11:30:00+00:00,2965.631103515625,2966.311767578125,2960.70361328125,2962.423828125,13500416
2026-01-21 11:45:00+00:00,2962.30859375,2962.622802734375,2940.113525390625,2940.113525390625,0
2026-01-21 12:00:00+00:00,2940.58837890625,2941.706787109375,2921.389892578125,2921.389892578125,1083195392
2026-01-21 12:15:00+00:00,2917.926025390625,2917.926025390625,2906.28759765625,2907.68994140625,886773760
2026-01-21 12:30:00+00:00,2908.624755859375,2917.546142578125,2902.169921875,2915.9716796875,1004251136
2026-01-21 12:45:00+00:00,2915.9716796875,2928.48681640625,2915.677734375,2927.639892578125,348100608
2026-01-21 13:00:00+00:00,2928.130126953125,2941.682861328125,2927.3349609375,2941.5068359375,52410368
2026-01-21 13:15:00+00:00,2939.625732421875,2939.676025390625,2928.1767578125,2929.926513671875,879661056
2026-01-21 13:30:00+00:00,2930.244873046875,2936.3994140625,2924.809326171875,2925.48388671875,191471616
2026-01-21 13:45:00+00:00,2924.51416015625,2931.88671875,2919.31884765625,2929.366943359375,62885888
2026-01-21 14:00:00+00:00,2927.20703125,2973.181884765625,2922.16845703125,2973.181884765625,917198848
2026-01-21 14:15:00+00:00,2972.22509765625,2976.116455078125,2964.045166015625,2964.419677734375,793602048
2026-01-21 14:30:00+00:00,2975.154541015625,2988.3828125,2974.9501953125,2975.8076171875,69289984
2026-01-21 14:45:00+00:00,2972.98974609375,2983.14892578125,2970.71044921875,2983.14892578125,800608256
2026-01-21 15:00:00+00:00,2978.689453125,2989.94189453125,2975.773681640625,2988.759765625,0
2026-01-21 15:15:00+00:00,2993.04345703125,3018.67431640625,2991.623046875,2991.623046875,166207488
2026-01-21 15:30:00+00:00,2990.599853515625,2994.783447265625,2980.37255859375,2988.2978515625,91539456
2026-01-21 15:45:00+00:00,2989.1279296875,3003.180908203125,2987.684326171875,3001.427490234375,1082726400
2026-01-21 16:00:00+00:00,2999.651611328125,3000.5361328125,2985.065673828125,2986.934326171875,107309056
2026-01-21 16:15:00+00:00,2980.942138671875,2982.5498046875,2950.98046875,2962.084716796875,0
2026-01-21 16:30:00+00:00,2960.697021484375,2960.697021484375,2903.1943359375,2903.1943359375,858886144
2026-01-21 16:45:00+00:00,2887.6201171875,2919.38134765625,2887.6201171875,2896.14599609375,1141899264
2026-01-21 17:00:00+00:00,2889.84375,2907.908203125,2889.84375,2891.349609375,1131167744
2026-01-21 17:15:00+00:00,2869.317626953125,2895.095703125,2867.264404296875,2889.777587890625,1654829056
2026-01-21 17:30:00+00:00,2890.58056640625,2896.269287109375,2877.43603515625,2896.269287109375,102068224
2026-01-21 17:45:00+00:00,2896.302978515625,2902.96630859375,2894.106689453125,2901.942138671875,764674048
2026-01-21 18:00:00+00:00,2901.609130859375,2909.169921875,2888.333251953125,2909.169921875,301365248
2026-01-21 18:15:00+00:00,2905.26318359375,2905.823486328125,2899.9921875,2901.171630859375,633186304
2026-01-21 18:30:00+00:00,2904.110595703125,2910.91650390625,2902.9189453125,2906.786376953125,330684416
2026-01-21 18:45:00+00:00,2908.087890625,2928.841796875,2908.087890625,2925.15673828125,63240192
2026-01-21 19:00:00+00:00,2924.443359375,2928.919677734375,2915.209716796875,2917.259765625,40558592
2026-01-21 19:15:00+00:00,2921.30224609375,2950.259033203125,2920.9814453125,2950.259033203125,581576704
2026-01-21 19:30:00+00:00,2980.408935546875,3032.698486328125,2980.408935546875,3032.698486328125,1645506560
2026-01-21 19:45:00+00:00,3031.97265625,3063.312255859375,3031.97265625,3054.079833984375,1189892096
2026-01-21 20:00:00+00:00,3052.4228515625,3052.4228515625,3019.918212890625,3026.021484375,285876224
2026-01-21 20:15:00+00:00,3027.607177734375,3027.607177734375,3002.861083984375,3011.392333984375,1054265344
2026-01-21 20:30:00+00:00,3009.38427734375,3023.0830078125,3008.918701171875,3015.663330078125,226828288
2026-01-21 20:45:00+00:00,3016.5732421875,3030.037109375,3016.5732421875,3029.564208984375,158236672
2026-01-21 21:00:00+00:00,3027.966552734375,3029.463623046875,3021.364501953125,3023.345458984375,208437248
2026-01-21 21:15:00+00:00,3024.18994140625,3037.91015625,3024.066650390625,3027.360107421875,105930752
2026-01-21 21:30:00+00:00,3026.78173828125,3037.16455078125,3026.78173828125,3037.16455078125,418562048
2026-01-21 21:45:00+00:00,3036.989501953125,3038.01806640625,3029.12890625,3031.85546875,125521920
2026-01-21 22:00:00+00:00,3029.866943359375,3041.713134765625,3028.828369140625,3033.782958984375,0
2026-01-21 22:15:00+00:00,3034.55029296875,3034.55029296875,3016.43017578125,3020.195556640625,307326976
2026-01-21 22:30:00+00:00,3019.2919921875,3019.786865234375,3012.1318359375,3013.30810546875,237977600
2026-01-21 22:45:00+00:00,3013.848876953125,3015.4189453125,3009.306396484375,3009.93896484375,195305472
2026-01-21 23:00:00+00:00,3008.771728515625,3017.804931640625,3008.42724609375,3017.804931640625,0
2026-01-21 23:15:00+00:00,3020.150390625,3020.150390625,3005.53173828125,3011.528076171875,31784960
2026-01-21 23:30:00+00:00,3011.47216796875,3011.47216796875,2984.1337890625,2984.1337890625,85106688
2026-01-21 23:45:00+00:00,2982.727294921875,2984.58056640625,2972.14306640625,2978.6962890625,87650304
2026-01-22 00:00:00+00:00,2979.63525390625,2994.506591796875,2979.63525390625,2994.506591796875,63610880
2026-01-22 00:15:00+00:00,2993.68603515625,3002.7216796875,2990.069091796875,3000.57080078125,261046272
2026-01-22 00:30:00+00:00,2999.850830078125,3005.929931640625,2999.850830078125,3005.052490234375,0
2026-01-22 00:45:00+00:00,3005.53955078125,3007.111572265625,3002.58984375,3002.58984375,542642176
2026-01-22 01:00:00+00:00,3002.677734375,3017.17041015625,3001.745849609375,3014.568359375,79552512
2026-01-22 01:15:00+00:00,3015.037841796875,3023.52001953125,3015.037841796875,3020.31591796875,248516608
2026-01-22 01:30:00+00:00,3020.74169921875,3021.102783203125,3012.57470703125,3015.898193359375,25952256
2026-01-22 01:45:00+00:00,3015.52001953125,3027.7177734375,3014.48486328125,3026.40576171875,11628544
2026-01-22 02:00:00+00:00,3025.89306640625,3028.74560546875,3022.974365234375,3027.681884765625,34848768
2026-01-22 02:15:00+00:00,3027.91015625,3034.338134765625,3027.91015625,3032.571044921875,305975296
2026-01-22 02:30:00+00:00,3031.9306640625,3031.9306640625,3022.3076171875,3025.630859375,480079872
2026-01-22 02:45:00+00:00,3024.49462890625,3024.49462890625,3013.79052734375,3015.783203125,184389632
2026-01-22 03:00:00+00:00,3015.4697265625,3026.958740234375,3015.4697265625,3024.917724609375,552257536
2026-01-22 03:15:00+00:00,3024.8681640625,3024.8681640625,3014.798828125,3015.471923828125,336891904
2026-01-22 03:30:00+00:00,3014.756591796875,3014.756591796875,3001.01513671875,3008.341552734375,589381632
2026-01-22 03:45:00+00:00,3008.287841796875,3011.087158203125,3007.8603515625,3011.087158203125,190689280
2026-01-22 04:00:00+00:00,3010.37451171875,3016.385009765625,3009.709228515625,3013.30712890625,8306688
2026-01-22 04:15:00+00:00,3012.28125,3014.8056640625,3008.999755859375,3014.8056640625,43577344
2026-01-22 04:30:00+00:00,3015.025634765625,3020.267333984375,3015.025634765625,3015.920654296875,280281088
2026-01-22 04:45:00+00:00,3017.33056640625,3021.137451171875,3015.147705078125,3021.137451171875,18948096
2026-01-22 05:00:00+00:00,3020.3173828125,3022.951416015625,3019.695556640625,3021.0361328125,40267776
2026-01-22 05:15:00+00:00,3021.275390625,3021.275390625,3015.57421875,3015.914306640625,294678528
2026-01-22 05:30:00+00:00,3015.022216796875,3016.70947265625,3012.404296875,3016.040283203125,0
2026-01-22 05:45:00+00:00,3016.673095703125,3017.680419921875,3013.29248046875,3013.295166015625,0
2026-01-22 06:00:00+00:00,3016.44384765625,3023.0380859375,3009.93408203125,3011.863525390625,424810496
2026-01-22 06:15:00+00:00,3015.10791015625,3015.10791015625,3007.290771484375,3007.53076171875,162912256
2026-01-22 06:30:00+00:00,3007.193359375,3016.705078125,3007.193359375,3015.375,140658688
2026-01-22 06:45:00+00:00,3015.615478515625,3019.712646484375,3015.615478515625,3017.115478515625,574482432
2026-01-22 07:00:00+00:00,3016.191162109375,3017.842529296875,3009.464599609375,3009.845947265625,103618560
2026-01-22 07:15:00+00:00,3009.284423828125,3009.284423828125,3004.695068359375,3007.2998046875,191191040
2026-01-22 07:30:00+00:00,3007.383544921875,3008.530517578125,3005.748779296875,3007.598876953125,0
2026-01-22 07:45:00+00:00,3007.560302734375,3007.560302734375,2998.20849609375,2998.20849609375,100798464
2026-01-22 08:00:00+00:00,2998.224365234375,3004.44921875,2993.986328125,2993.986328125,209266688
2026-01-22 08:15:00+00:00,2993.208984375,2999.38232421875,2993.208984375,2996.935791015625,265076736
2026-01-22 08:30:00+00:00,2992.315185546875,2996.916015625,2991.32470703125,2993.966796875,0
2026-01-22 08:45:00+00:00,2993.86279296875,3002.5205078125,2992.7275390625,3002.08642578125,339314688
2026-01-22 09:00:00+00:00,3001.905029296875,3007.303466796875,3000.917724609375,3007.303466796875,483676160
2026-01-22 09:15:00+00:00,3007.452880859375,3007.452880859375,3003.875,3004.2021484375,445167616
2026-01-22 09:30:00+00:00,3003.736328125,3012.89599609375,3003.23828125,3012.89599609375,13391872
2026-01-22 09:45:00+00:00,3013.04736328125,3013.04736328125,3011.271728515625,3011.42333984375,219824128
2026-01-22 10:00:00+00:00,3011.25439453125,3011.765380859375,3007.448974609375,3009.110107421875,394872832
2026-01-22 10:15:00+00:00,3008.30078125,3008.30078125,3003.315185546875,3004.482177734375,54192128
2026-01-22 10:30:00+00:00,3004.578125,3005.093505859375,2998.46728515625,2998.46728515625,17338368
2026-01-22 10:45:00+00:00,2999.5146484375,3001.306640625,2997.89501953125,3001.306640625,100231168
2026-01-22 11:00:00+00:00,3001.130126953125,3003.2783203125,2994.34326171875,2994.34326171875,41787392
2026-01-22 11:15:00+00:00,2994.31494140625,2997.121337890625,2986.238525390625,2986.27783203125,309968896
2026-01-22 11:30:00+00:00,2986.456298828125,2988.41357421875,2977.3857421875,2979.82080078125,720492544
2026-01-22 11:45:00+00:00,2981.301025390625,2984.348388671875,2980.9599609375,2983.9384765625,319062016
2026-01-22 12:00:00+00:00,2983.941162109375,2987.359130859375,2978.41943359375,2985.505615234375,1100607488
2026-01-22 12:15:00+00:00,2986.18896484375,2988.280517578125,2984.862060546875,2987.147705078125,0
2026-01-22 12:30:00+00:00,2987.325439453125,2993.553955078125,2987.325439453125,2988.968017578125,139337728
2026-01-22 12:45:00+00:00,2989.150634765625,2989.150634765625,2985.17724609375,2987.35205078125,0
2026-01-22 13:00:00+00:00,2989.048583984375,2991.533935546875,2987.54443359375,2988.886962890625,0
2026-01-22 13:15:00+00:00,2989.1083984375,2997.05712890625,2989.1083984375,2997.05712890625,175835136
2026-01-22 13:30:00+00:00,2996.873291015625,3003.057861328125,2962.738037109375,2962.738037109375,69988352
2026-01-22 13:45:00+00:00,2964.547607421875,2970.70263671875,2962.659423828125,2968.935302734375,1279805440
2026-01-22 14:00:00+00:00,2969.985595703125,2977.87158203125,2965.590087890625,2977.87158203125,0
2026-01-22 14:15:00+00:00,2977.5244140625,2977.5244140625,2964.43798828125,2968.34814453125,95145984
2026-01-22 14:30:00+00:00,2969.798583984375,2973.430419921875,2949.354736328125,2956.492919921875,146075648
2026-01-22 14:45:00+00:00,2959.5361328125,2959.5361328125,2936.975341796875,2938.2578125,227866624
2026-01-22 15:00:00+00:00,2938.9638671875,2948.382568359375,2938.61083984375,2943.01318359375,0
2026-01-22 15:15:00+00:00,2944.202392578125,2945.93408203125,2905.562744140625,2905.562744140625,364072960
2026-01-22 15:30:00+00:00,2910.44287109375,2931.469482421875,2906.16455078125,2931.469482421875,461844480
2026-01-22 15:45:00+00:00,2942.69091796875,2960.757080078125,2938.567138671875,2940.91845703125,286859264
2026-01-22 16:00:00+00:00,2941.138916015625,2945.791259765625,2935.013916015625,2937.171630859375,231077888
2026-01-22 16:15:00+00:00,2936.78271484375,2943.62255859375,2925.73828125,2941.658447265625,182829056
2026-01-22 16:30:00+00:00,2936.76220703125,2942.506591796875,2930.095703125,2938.62548828125,423528448
2026-01-22 16:45:00+00:00,2938.833984375,2952.752197265625,2938.833984375,2942.6845703125,0
2026-01-22 17:00:00+00:00,2943.70458984375,2951.149658203125,2942.078857421875,2943.5966796875,7936000
2026-01-22 17:15:00+00:00,2942.3017578125,2947.5185546875,2933.797119140625,2933.797119140625,288010240
2026-01-22 17:30:00+00:00,2935.51220703125,2943.436767578125,2935.51220703125,2941.6015625,52160512
2026-01-22 17:45:00+00:00,2942.71484375,2957.678466796875,2942.71484375,2957.593017578125,339935232
2026-01-22 18:00:00+00:00,2958.954345703125,2958.954345703125,2952.045654296875,2955.622802734375,0
2026-01-22 18:15:00+00:00,2955.182861328125,2965.281005859375,2955.182861328125,2957.989013671875,549390336
2026-01-22 18:30:00+00:00,2958.21337890625,2963.46630859375,2952.4794921875,2952.799560546875,162449408
2026-01-22 18:45:00+00:00,2951.061279296875,2952.63671875,2935.83203125,2935.83203125,406945792
2026-01-22 19:00:00+00:00,2936.43310546875,2942.517578125,2930.2314453125,2941.93408203125,0
2026-01-22 19:15:00+00:00,2940.71435546875,2946.385009765625,2938.32470703125,2942.498291015625,72638464
2026-01-22 19:30:00+00:00,2943.578857421875,2957.955078125,2943.578857421875,2955.969970703125,0
2026-01-22 19:45:00+00:00,2954.540771484375,2958.51953125,2946.50146484375,2951.595703125,0
2026-01-22 20:00:00+00:00,2951.38671875,2953.199951171875,2946.253173828125,2949.029296875,0
2026-01-22 20:15:00+00:00,2951.1806640625,2953.491455078125,2934.367431640625,2935.586181640625,0
2026-01-22 20:30:00+00:00,2935.4638671875,2938.34423828125,2929.087158203125,2930.537109375,406290432
2026-01-22 20:45:00+00:00,2931.28466796875,2937.08642578125,2931.28466796875,2936.1787109375,79239168
2026-01-22 21:00:00+00:00,2940.195068359375,2941.30078125,2932.438232421875,2939.07861328125,58398720
2026-01-22 21:15:00+00:00,2938.74755859375,2946.9970703125,2938.443115234375,2946.94970703125,6195200
2026-01-22 21:30:00+00:00,2946.65234375,2946.65234375,2943.838623046875,2944.01611328125,92102656
2026-01-22 21:45:00+00:00,2942.152587890625,2946.165283203125,2940.498046875,2942.28564453125,2557952
2026-01-22 22:00:00+00:00,2942.615234375,2953.580078125,2942.049560546875,2953.580078125,55449600
2026-01-22 22:15:00+00:00,2951.811767578125,2953.4677734375,2943.384521484375,2950.7197265625,109033472
2026-01-22 22:30:00+00:00,2949.908203125,2949.9140625,2942.9658203125,2947.4208984375,36536320
2026-01-22 22:45:00+00:00,2948.377197265625,2951.694580078125,2947.5986328125,2948.1484375,162881536
2026-01-22 23:00:00+00:00,2946.0908203125,2946.0908203125,2938.5302734375,2944.6572265625,329148416
2026-01-22 23:15:00+00:00,2944.716796875,2951.02197265625,2944.716796875,2948.00537109375,0
2026-01-22 23:30:00+00:00,2947.404541015625,2953.049072265625,2946.293212890625,2946.635498046875,96137216
2026-01-22 23:45:00+00:00,2947.06787109375,2949.58056640625,2947.06787109375,2949.58056640625,94779392
2026-01-23 00:00:00+00:00,2949.41748046875,2951.103515625,2946.630126953125,2949.798828125,0
2026-01-23 00:15:00+00:00,2949.678955078125,2953.054443359375,2948.462646484375,2949.5546875,13436928
2026-01-23 00:30:00+00:00,2949.0703125,2949.0703125,2945.209228515625,2946.36376953125,59189248
2026-01-23 00:45:00+00:00,2946.54541015625,2950.889892578125,2945.877685546875,2950.7861328125,185614336
2026-01-23 01:00:00+00:00,2950.105224609375,2955.11865234375,2950.105224609375,2951.1083984375,31168512
2026-01-23 01:15:00+00:00,2950.61962890625,2954.276123046875,2950.61962890625,2952.45068359375,307326976
2026-01-23 01:30:00+00:00,2956.17041015625,2962.919921875,2955.1767578125,2960.818359375,40071168
2026-01-23 01:45:00+00:00,2960.852783203125,2965.197265625,2959.996337890625,2964.78369140625,105379840
2026-01-23 02:00:00+00:00,2966.02197265625,2966.02197265625,2960.146240234375,2963.469482421875,377921536
2026-01-23 02:15:00+00:00,2964.769287109375,2964.769287109375,2956.94189453125,2956.94189453125,63057920
2026-01-23 02:30:00+00:00,2957.451416015625,2959.670166015625,2956.552490234375,2956.552490234375,134418432
2026-01-23 02:45:00+00:00,2955.6171875,2957.361328125,2951.21044921875,2951.331787109375,0
2026-01-23 03:00:00+00:00,2950.24365234375,2955.169677734375,2949.54296875,2954.929443359375,155805696
2026-01-23 03:15:00+00:00,2955.488037109375,2961.9345703125,2955.488037109375,2961.076904296875,143591424
2026-01-23 03:30:00+00:00,2960.888916015625,2960.888916015625,2955.780029296875,2957.604736328125,257286144
2026-01-23 03:45:00+00:00,2959.450439453125,2960.150146484375,2958.29541015625,2960.040283203125,0
2026-01-23 04:00:00+00:00,2960.37841796875,2965.17822265625,2959.85009765625,2965.17822265625,24936448
2026-01-23 04:15:00+00:00,2965.17822265625,2970.55419921875,2965.17822265625,2970.55419921875,329209856
2026-01-23 04:30:00+00:00,2969.775634765625,2975.88720703125,2967.48291015625,2975.88720703125,222724096
2026-01-23 04:45:00+00:00,2975.64990234375,2979.115234375,2975.64990234375,2977.571533203125,321757184
2026-01-23 05:00:00+00:00,2975.935791015625,2975.935791015625,2970.892333984375,2971.67578125,460212224
2026-01-23 05:15:00+00:00,2973.95849609375,2973.95849609375,2962.711669921875,2964.970947265625,18544640
2026-01-23 05:30:00+00:00,2966.032958984375,2968.8857421875,2965.108642578125,2967.81298828125,169713664
2026-01-23 05:45:00+00:00,2967.721923828125,2967.96337890625,2963.23388671875,2965.036865234375,21583872
2026-01-23 06:00:00+00:00,2965.509765625,2971.10791015625,2962.967041015625,2969.235595703125,68671488
2026-01-23 06:15:00+00:00,2968.5498046875,2969.330322265625,2940.16845703125,2940.16845703125,117317632
2026-01-23 06:30:00+00:00,2944.529296875,2950.324462890625,2940.326171875,2950.324462890625,108400640
2026-01-23 06:45:00+00:00,2951.59814453125,2951.59814453125,2935.650634765625,2936.41357421875,174753792
2026-01-23 07:00:00+00:00,2935.762451171875,2937.668212890625,2933.950927734375,2937.2880859375,189429760
2026-01-23 07:15:00+00:00,2937.707763671875,2945.3046875,2937.707763671875,2943.200927734375,28737536
2026-01-23 07:30:00+00:00,2943.458740234375,2946.84619140625,2942.388671875,2945.69482421875,358346752
2026-01-23 07:45:00+00:00,2945.1494140625,2945.804931640625,2940.250244140625,2945.063720703125,121221120
2026-01-23 08:00:00+00:00,2945.101318359375,2946.239013671875,2942.3037109375,2944.396484375,63318016
2026-01-23 08:15:00+00:00,2943.668212890625,2943.668212890625,2933.28369140625,2933.28369140625,12466176
2026-01-23 08:30:00+00:00,2933.810791015625,2934.806396484375,2919.328369140625,2929.689208984375,398770176
2026-01-23 08:45:00+00:00,2929.964599609375,2931.430419921875,2921.21240234375,2924.12060546875,83159040
2026-01-23 09:00:00+00:00,2924.073974609375,2930.154296875,2923.626220703125,2928.705810546875,186120192
2026-01-23 09:15:00+00:00,2925.0537109375,2926.703369140625,2920.751708984375,2924.8681640625,251887616
2026-01-23 09:30:00+00:00,2925.0947265625,2925.0947265625,2918.000244140625,2921.689453125,31621120
2026-01-23 09:45:00+00:00,2920.521484375,2920.521484375,2912.80224609375,2917.021240234375,202553344
2026-01-23 10:00:00+00:00,2917.2626953125,2920.255615234375,2913.49755859375,2919.0166015625,226029568
2026-01-23 10:15:00+00:00,2920.792236328125,2924.607421875,2918.511474609375,2922.291259765625,18190336
2026-01-23 10:30:00+00:00,2922.564208984375,2926.4716796875,2919.81689453125,2926.4716796875,117110784
2026-01-23 10:45:00+00:00,2926.266845703125,2929.830078125,2925.929931640625,2926.905517578125,275537920
2026-01-23 11:00:00+00:00,2927.2080078125,2935.921142578125,2925.741943359375,2935.921142578125,53882880
2026-01-23 11:15:00+00:00,2935.159912109375,2935.159912109375,2930.3603515625,2933.292724609375,150988800
2026-01-23 11:30:00+00:00,2933.758056640625,2941.50244140625,2933.758056640625,2939.509521484375,0
2026-01-23 11:45:00+00:00,2939.5625,2940.07568359375,2935.152587890625,2935.152587890625,129167360
2026-01-23 12:00:00+00:00,2936.7255859375,2936.7255859375,2933.21240234375,2934.9296875,0
2026-01-23 12:15:00+00:00,2933.7939453125,2935.3525390625,2930.204345703125,2934.83056640625,116019200
2026-01-23 12:30:00+00:00,2934.25146484375,2934.4833984375,2926.768798828125,2928.975341796875,61519872
2026-01-23 12:45:00+00:00,2929.510986328125,2934.94873046875,2928.87939453125,2932.373291015625,40947712
2026-01-23 13:00:00+00:00,2931.497314453125,2935.9287109375,2931.38671875,2935.9287109375,4694016
2026-01-23 13:15:00+00:00,2936.228515625,2939.054931640625,2934.666015625,2938.261474609375,47212544
2026-01-23 13:30:00+00:00,2934.958984375,2934.958984375,2925.483154296875,2929.819580078125,0
2026-01-23 13:45:00+00:00,2930.956787109375,2933.574951171875,2926.5244140625,2926.5244140625,0
2026-01-23 14:00:00+00:00,2927.04150390625,2931.908447265625,2923.702392578125,2931.253173828125,0
2026-01-23 14:15:00+00:00,2930.899658203125,2934.638427734375,2929.164794921875,2934.638427734375,150814720
2026-01-23 14:30:00+00:00,2936.903076171875,2937.105224609375,2893.209228515625,2901.431884765625,307576832
2026-01-23 14:45:00+00:00,2903.4130859375,2918.169677734375,2896.94775390625,2913.327880859375,93663232
2026-01-23 15:00:00+00:00,2912.574951171875,2917.7216796875,2909.206298828125,2909.206298828125,0
2026-01-23 15:15:00+00:00,2905.5556640625,2933.49560546875,2901.669921875,2924.474853515625,173539328
2026-01-23 15:30:00+00:00,2922.587646484375,2935.26416015625,2922.399169921875,2931.31494140625,0
2026-01-23 15:45:00+00:00,2931.948486328125,2955.408447265625,2931.948486328125,2946.415283203125,205627392
2026-01-23 16:00:00+00:00,2948.543212890625,2958.565673828125,2946.97509765625,2951.346435546875,120420352
2026-01-23 16:15:00+00:00,2952.366943359375,2952.366943359375,2939.537353515625,2939.537353515625,0
2026-01-23 16:30:00+00:00,2941.537841796875,2971.05712890625,2940.150390625,2967.337646484375,450363392
2026-01-23 16:45:00+00:00,2969.63330078125,2974.024169921875,2964.290771484375,2964.290771484375,474238976
2026-01-23 17:00:00+00:00,2963.60791015625,2964.8388671875,2958.087890625,2964.715576171875,81844224
2026-01-23 17:15:00+00:00,2964.5068359375,2988.98291015625,2964.5068359375,2988.2607421875,851085312
2026-01-23 17:30:00+00:00,2994.806640625,3013.9541015625,2989.371337890625,2997.18115234375,846125056
2026-01-23 17:45:00+00:00,2998.181396484375,3002.90087890625,2983.4560546875,2983.4560546875,154728448
2026-01-23 18:00:00+00:00,2983.592041015625,2993.607666015625,2977.812255859375,2989.97021484375,649150464
2026-01-23 18:15:00+00:00,2985.828125,2993.591064453125,2985.828125,2991.561767578125,236843008
2026-01-23 18:30:00+00:00,2992.453125,3002.8251953125,2990.0068359375,2990.0068359375,224454656
2026-01-23 18:45:00+00:00,2989.1025390625,2989.1025390625,2984.40234375,2987.438232421875,837931008
2026-01-23 19:00:00+00:00,2985.068359375,2985.068359375,2974.62548828125,2977.757080078125,187228160
2026-01-23 19:15:00+00:00,2975.64013671875,2975.64013671875,2957.688232421875,2962.02294921875,914612224
2026-01-23 19:30:00+00:00,2957.4306640625,2957.4306640625,2947.898681640625,2952.971435546875,565829632
2026-01-23 19:45:00+00:00,2954.776123046875,2955.701416015625,2947.688720703125,2955.701416015625,77783040
2026-01-23 20:00:00+00:00,2955.633544921875,2958.3203125,2951.3779296875,2958.3203125,520902656
2026-01-23 20:15:00+00:00,2957.30615234375,2957.64794921875,2947.37939453125,2947.37939453125,249733120
2026-01-23 20:30:00+00:00,2947.11083984375,2947.11083984375,2928.576171875,2935.440185546875,600997888
2026-01-23 20:45:00+00:00,2934.246826171875,2941.109130859375,2930.803466796875,2941.109130859375,230623232
2026-01-23 21:00:00+00:00,2936.48193359375,2945.933349609375,2936.48193359375,2945.626708984375,187652096
2026-01-23 21:15:00+00:00,2946.026611328125,2948.643310546875,2941.23486328125,2947.57568359375,809209856
2026-01-23 21:30:00+00:00,2946.813232421875,2946.813232421875,2940.24560546875,2940.24560546875,121419776
2026-01-23 21:45:00+00:00,2941.047607421875,2944.272705078125,2940.634033203125,2940.634033203125,716718080
2026-01-23 22:00:00+00:00,2940.730224609375,2954.16015625,2940.730224609375,2950.43017578125,718399488
2026-01-23 22:15:00+00:00,2949.09765625,2954.52978515625,2946.188720703125,2954.52978515625,81016832
2026-01-23 22:30:00+00:00,2954.287109375,2957.203857421875,2952.006103515625,2952.006103515625,49131520
2026-01-23 22:45:00+00:00,2951.382080078125,2956.97802734375,2950.96044921875,2956.97802734375,561444864
2026-01-23 23:00:00+00:00,2956.359375,2956.359375,2950.40673828125,2951.92919921875,461965312
2026-01-23 23:15:00+00:00,2952.1318359375,2952.527587890625,2950.024169921875,2952.527587890625,0
2026-01-23 23:30:00+00:00,2952.447998046875,2952.575927734375,2950.045166015625,2950.1396484375,96221184
2026-01-23 23:45:00+00:00,2949.40380859375,2953.62158203125,2948.5869140625,2953.62158203125,0
2026-01-24 00:00:00+00:00,2952.7431640625,2953.91748046875,2949.583251953125,2949.583251953125,35545088
2026-01-24 00:15:00+00:00,2949.1826171875,2951.63330078125,2949.1826171875,2950.055908203125,159295488
2026-01-24 00:30:00+00:00,2948.277099609375,2951.400146484375,2948.277099609375,2948.552490234375,1409024
2026-01-24 00:45:00+00:00,2947.923095703125,2949.37744140625,2946.25341796875,2948.590576171875,1013760
2026-01-24 01:00:00+00:00,2946.8349609375,2950.25537109375,2946.8349609375,2949.952392578125,0
2026-01-24 01:15:00+00:00,2950.34912109375,2954.815673828125,2949.845947265625,2954.06494140625,11073536
2026-01-24 01:30:00+00:00,2954.90478515625,2954.90478515625,2948.73779296875,2951.9853515625,82245632
2026-01-24 01:45:00+00:00,2951.993408203125,2951.993408203125,2949.064453125,2951.22021484375,0
2026-01-24 02:00:00+00:00,2951.729248046875,2953.868896484375,2951.47412109375,2953.063232421875,0
2026-01-24 02:15:00+00:00,2953.8154296875,2956.930419921875,2953.8154296875,2955.0673828125,38443008
2026-01-24 02:30:00+00:00,2955.045654296875,2956.813720703125,2954.049560546875,2955.533203125,35297280
2026-01-24 02:45:00+00:00,2955.351806640625,2955.50439453125,2954.03564453125,2954.762939453125,0
2026-01-24 03:00:00+00:00,2954.828369140625,2961.325439453125,2954.252197265625,2961.0283203125,993280
2026-01-24 03:15:00+00:00,2960.4267578125,2963.678955078125,2958.35302734375,2963.6123046875,782903296
2026-01-24 03:30:00+00:00,2965.26123046875,2965.26123046875,2958.318359375,2959.839599609375,142264320
2026-01-24 03:45:00+00:00,2960.549560546875,2960.7197265625,2958.06591796875,2958.4296875,0
2026-01-24 04:00:00+00:00,2958.311279296875,2961.203857421875,2958.263427734375,2961.007080078125,7065600
2026-01-24 04:15:00+00:00,2960.915283203125,2961.791259765625,2955.85791015625,2956.3076171875,0
2026-01-24 04:30:00+00:00,2956.21923828125,2957.95751953125,2956.106201171875,2957.8994140625,470775808
2026-01-24 04:45:00+00:00,2958.0595703125,2959.24169921875,2955.931640625,2959.24169921875,3221504
2026-01-24 05:00:00+00:00,2959.147216796875,2960.204833984375,2957.362548828125,2959.394775390625,0
2026-01-24 05:15:00+00:00,2959.622314453125,2961.068115234375,2959.508056640625,2960.129638671875,2820096
2026-01-24 05:30:00+00:00,2960.048828125,2961.001708984375,2955.0888671875,2955.0888671875,0
2026-01-24 05:45:00+00:00,2955.326904296875,2956.287841796875,2954.3203125,2955.725341796875,0
2026-01-24 06:00:00+00:00,2956.191650390625,2956.475341796875,2955.00732421875,2956.475341796875,23187456
2026-01-24 06:15:00+00:00,2959.089111328125,2959.089111328125,2956.18701171875,2956.18701171875,6670336
2026-01-24 06:30:00+00:00,2955.9736328125,2958.955078125,2955.9736328125,2958.955078125,0
2026-01-24 06:45:00+00:00,2958.388671875,2958.388671875,2957.243896484375,2957.44677734375,0
2026-01-24 07:00:00+00:00,2957.387451171875,2957.387451171875,2955.69140625,2956.540771484375,0
2026-01-24 07:15:00+00:00,2956.47021484375,2956.47021484375,2950.94677734375,2953.501953125,123951104
2026-01-24 07:30:00+00:00,2953.1376953125,2953.906005859375,2953.089599609375,2953.820556640625,501839872
2026-01-24 07:45:00+00:00,2954.156982421875,2955.36083984375,2953.38330078125,2953.38330078125,0
2026-01-24 08:00:00+00:00,2953.534912109375,2953.667724609375,2951.415283203125,2953.667724609375,0
2026-01-24 08:15:00+00:00,2953.7216796875,2954.076904296875,2953.663818359375,2954.0625,0
2026-01-24 08:30:00+00:00,2954.128173828125,2955.451416015625,2954.050048828125,2955.451416015625,0
2026-01-24 08:45:00+00:00,2955.5078125,2957.50927734375,2955.5078125,2957.50927734375,0
2026-01-24 09:00:00+00:00,2957.63427734375,2959.79736328125,2957.594482421875,2959.75634765625,0
2026-01-24 09:15:00+00:00,2959.4765625,2959.4765625,2956.835693359375,2956.9091796875,0
2026-01-24 09:30:00+00:00,2956.842041015625,2957.17041015625,2956.08251953125,2956.140625,0
2026-01-24 09:45:00+00:00,2956.864013671875,2956.864013671875,2955.846923828125,2956.081787109375,0
2026-01-24 10:00:00+00:00,2956.057373046875,2957.203857421875,2955.969970703125,2956.204345703125,0
2026-01-24 10:15:00+00:00,2955.897705078125,2955.897705078125,2954.6328125,2955.513427734375,0
2026-01-24 10:30:00+00:00,2955.094970703125,2956.09912109375,2954.78515625,2955.522216796875,71397376
2026-01-24 10:45:00+00:00,2955.845947265625,2957.277099609375,2955.845947265625,2957.098876953125,0
2026-01-24 11:00:00+00:00,2957.093994140625,2957.62158203125,2956.92919921875,2957.62158203125,0
2026-01-24 11:15:00+00:00,2957.28662109375,2959.57080078125,2957.28662109375,2958.9287109375,0
2026-01-24 11:30:00+00:00,2958.479248046875,2959.5830078125,2957.740234375,2959.2060546875,0
2026-01-24 11:45:00+00:00,2959.32470703125,2959.395263671875,2956.64453125,2956.64453125,0
2026-01-24 12:00:00+00:00,2956.37060546875,2956.56396484375,2955.036865234375,2955.531982421875,0
2026-01-24 12:15:00+00:00,2955.543212890625,2957.780517578125,2955.4560546875,2956.723876953125,92727296
2026-01-24 12:30:00+00:00,2957.1728515625,2958.8916015625,2955.580810546875,2957.242431640625,0
2026-01-24 12:45:00+00:00,2957.29052734375,2958.146728515625,2957.169189453125,2958.12744140625,0
2026-01-24 13:00:00+00:00,2958.055908203125,2958.667236328125,2957.588134765625,2957.610595703125,0
2026-01-24 13:15:00+00:00,2957.418701171875,2957.418701171875,2956.015380859375,2956.015380859375,0
2026-01-24 13:30:00+00:00,2955.95458984375,2956.2890625,2955.72705078125,2955.773193359375,0
2026-01-24 13:45:00+00:00,2955.987548828125,2956.719970703125,2955.408935546875,2955.504638671875,0
2026-01-24 14:00:00+00:00,2951.16650390625,2951.378662109375,2943.447021484375,2951.378662109375,177603584
2026-01-24 14:15:00+00:00,2952.737548828125,2952.737548828125,2949.808837890625,2951.327880859375,56603648
2026-01-24 14:30:00+00:00,2951.3544921875,2955.04931640625,2950.68505859375,2954.664794921875,0
2026-01-24 14:45:00+00:00,2953.91845703125,2954.97119140625,2953.749755859375,2954.761474609375,0
2026-01-24 15:00:00+00:00,2954.90869140625,2961.99755859375,2954.90869140625,2961.227783203125,0
2026-01-24 15:15:00+00:00,2962.66650390625,2962.66650390625,2959.803955078125,2959.850830078125,0
2026-01-24 15:30:00+00:00,2959.517578125,2960.19140625,2955.789794921875,2956.67041015625,0
2026-01-24 15:45:00+00:00,2955.8525390625,2956.426025390625,2951.504150390625,2951.504150390625,0
2026-01-24 16:00:00+00:00,2952.74560546875,2956.60888671875,2951.387939453125,2953.93701171875,0
2026-01-24 16:15:00+00:00,2952.44189453125,2952.568603515625,2948.413818359375,2949.5283203125,0
2026-01-24 16:30:00+00:00,2950.59326171875,2951.78369140625,2949.693115234375,2951.78369140625,0
2026-01-24 16:45:00+00:00,2951.65625,2955.532958984375,2951.368896484375,2954.418701171875,0
2026-01-24 17:00:00+00:00,2954.32177734375,2958.7197265625,2953.82666015625,2958.7197265625,0
2026-01-24 17:15:00+00:00,2958.774658203125,2960.06689453125,2958.107666015625,2959.030517578125,0
2026-01-24 17:30:00+00:00,2959.1484375,2959.602783203125,2957.702880859375,2958.74072265625,0
2026-01-24 17:45:00+00:00,2957.918212890625,2959.322509765625,2956.849609375,2959.322509765625,0
2026-01-24 18:00:00+00:00,2959.197021484375,2960.290771484375,2958.99853515625,2960.042236328125,0
2026-01-24 18:15:00+00:00,2960.00341796875,2960.053955078125,2958.254638671875,2959.741943359375,0
2026-01-24 18:30:00+00:00,2960.393310546875,2963.276611328125,2960.18408203125,2961.12841796875,0
2026-01-24 18:45:00+00:00,2958.18310546875,2959.867919921875,2958.18310546875,2959.381103515625,0
2026-01-24 19:00:00+00:00,2959.256591796875,2959.256591796875,2954.583251953125,2954.583251953125,0
2026-01-24 19:15:00+00:00,2953.61376953125,2953.865478515625,2952.696533203125,2953.7314453125,0
2026-01-24 19:30:00+00:00,2953.093017578125,2953.4873046875,2952.2783203125,2952.485107421875,0
2026-01-24 19:45:00+00:00,2952.533447265625,2952.6904296875,2949.366455078125,2950.67041015625,241044480
2026-01-24 20:00:00+00:00,2949.733642578125,2952.107666015625,2949.323974609375,2952.050048828125,220376064
2026-01-24 20:15:00+00:00,2952.060302734375,2953.81884765625,2952.060302734375,2953.53173828125,0
2026-01-24 20:30:00+00:00,2953.238525390625,2953.248291015625,2952.532470703125,2952.620849609375,0
2026-01-24 20:45:00+00:00,2952.523193359375,2952.523193359375,2951.876953125,2952.1396484375,0
2026-01-24 21:00:00+00:00,2952.112060546875,2952.112060546875,2946.234619140625,2947.271240234375,0
2026-01-24 21:15:00+00:00,2947.451416015625,2948.39794921875,2946.853759765625,2948.001953125,1479168
2026-01-24 21:30:00+00:00,2948.020751953125,2949.669677734375,2947.5947265625,2949.669677734375,25083392
2026-01-24 21:45:00+00:00,2950.190673828125,2952.142822265625,2950.190673828125,2952.142822265625,15333888
2026-01-24 22:00:00+00:00,2953.12109375,2959.389404296875,2953.12109375,2959.389404296875,0
2026-01-24 22:15:00+00:00,2958.9970703125,2959.274658203125,2956.80078125,2956.80078125,33396736
2026-01-24 22:30:00+00:00,2957.014892578125,2957.535888671875,2954.92333984375,2954.92333984375,0
2026-01-24 22:45:00+00:00,2955.202392578125,2956.9921875,2955.202392578125,2956.851318359375,1772032
2026-01-24 23:00:00+00:00,2958.0595703125,2959.63720703125,2952.13427734375,2952.13427734375,29123072
2026-01-24 23:15:00+00:00,2953.01611328125,2953.018310546875,2950.782470703125,2952.7568359375,59664896
2026-01-24 23:30:00+00:00,2952.580322265625,2952.580322265625,2948.993896484375,2949.296142578125,23320576
2026-01-24 23:45:00+00:00,2949.167236328125,2950.64013671875,2948.48046875,2948.48046875,18303488
2026-01-25 00:00:00+00:00,2948.65283203125,2950.390625,2948.65283203125,2950.136474609375,0
2026-01-25 00:15:00+00:00,2950.48974609375,2951.668212890625,2948.705810546875,2948.705810546875,0
2026-01-25 00:30:00+00:00,2949.233154296875,2951.32080078125,2949.126220703125,2951.09130859375,63724032
2026-01-25 00:45:00+00:00,2951.564453125,2953.735107421875,2951.045654296875,2953.735107421875,7460352
2026-01-25 01:00:00+00:00,2954.11376953125,2954.96044921875,2952.430419921875,2952.430419921875,34538496
2026-01-25 01:15:00+00:00,2952.52490234375,2953.6611328125,2949.207275390625,2950.04638671875,46809088
2026-01-25 01:30:00+00:00,2949.432373046875,2950.79736328125,2945.71337890625,2946.273193359375,93202432
2026-01-25 01:45:00+00:00,2946.42431640625,2950.593994140625,2946.42431640625,2950.361328125,26409472
2026-01-25 02:00:00+00:00,2950.4658203125,2952.71826171875,2950.4658203125,2951.616943359375,93174272
2026-01-25 02:15:00+00:00,2952.237060546875,2952.237060546875,2949.970458984375,2949.970458984375,3746816
2026-01-25 02:30:00+00:00,2949.705322265625,2951.1923828125,2949.705322265625,2949.807861328125,22169600
2026-01-25 02:45:00+00:00,2949.361572265625,2949.522705078125,2948.6708984375,2949.04296875,27903488
2026-01-25 03:00:00+00:00,2948.716552734375,2949.701416015625,2946.608154296875,2946.782958984375,7292928
2026-01-25 03:15:00+00:00,2946.72119140625,2946.72119140625,2941.51904296875,2941.51904296875,15912960
2026-01-25 03:30:00+00:00,2941.779052734375,2941.779052734375,2934.318115234375,2937.954345703125,41641472
2026-01-25 03:45:00+00:00,2937.61083984375,2938.81494140625,2934.762451171875,2938.7080078125,134411264
2026-01-25 04:00:00+00:00,2938.48095703125,2941.34228515625,2938.080322265625,2938.168701171875,163494912
2026-01-25 04:15:00+00:00,2937.95947265625,2938.865966796875,2937.062744140625,2937.5556640625,91890176
2026-01-25 04:30:00+00:00,2939.392578125,2944.2548828125,2939.392578125,2943.171875,47240192
2026-01-25 04:45:00+00:00,2943.264404296875,2943.264404296875,2942.110107421875,2942.110107421875,0
2026-01-25 05:00:00+00:00,2940.93359375,2943.046142578125,2939.939697265625,2942.99658203125,46348800
2026-01-25 05:15:00+00:00,2943.599853515625,2943.78173828125,2942.169189453125,2942.530517578125,86231040
2026-01-25 05:30:00+00:00,2942.4775390625,2942.912109375,2938.182373046875,2938.182373046875,37400576
2026-01-25 05:45:00+00:00,2938.65673828125,2942.80615234375,2938.65673828125,2942.80615234375,166680064
2026-01-25 06:00:00+00:00,2942.661865234375,2942.661865234375,2934.708740234375,2934.708740234375,0
2026-01-25 06:15:00+00:00,2932.1650390625,2935.386474609375,2932.1650390625,2934.756103515625,113832448
2026-01-25 06:30:00+00:00,2934.74072265625,2939.8720703125,2933.14013671875,2939.32958984375,44584960
2026-01-25 06:45:00+00:00,2942.08251953125,2942.08251953125,2939.158447265625,2939.370361328125,71636480
2026-01-25 07:00:00+00:00,2939.337646484375,2939.337646484375,2936.551025390625,2936.846435546875,3749888
2026-01-25 07:15:00+00:00,2935.476318359375,2938.005859375,2934.87158203125,2938.005859375,10096640
2026-01-25 07:30:00+00:00,2938.589111328125,2938.589111328125,2936.96826171875,2936.96826171875,13566976
2026-01-25 07:45:00+00:00,2936.675537109375,2937.001708984375,2934.58935546875,2934.908935546875,0
2026-01-25 08:00:00+00:00,2935.078857421875,2939.0576171875,2934.40966796875,2939.0576171875,6676992
2026-01-25 08:15:00+00:00,2939.06689453125,2939.6787109375,2937.96875,2938.158447265625,179901440
2026-01-25 08:30:00+00:00,2937.61376953125,2937.61376953125,2922.491943359375,2925.239013671875,137831424
2026-01-25 08:45:00+00:00,2927.255615234375,2928.317138671875,2923.9404296875,2926.61865234375,235301376
2026-01-25 09:00:00+00:00,2926.06103515625,2927.812744140625,2923.56591796875,2927.812744140625,172735488
2026-01-25 09:15:00+00:00,2927.35791015625,2930.1474609375,2927.275390625,2929.637451171875,39674880
2026-01-25 09:30:00+00:00,2931.091796875,2934.245849609375,2929.07421875,2934.245849609375,30524416
2026-01-25 09:45:00+00:00,2934.38037109375,2934.39111328125,2930.97802734375,2931.26318359375,54141952
2026-01-25 10:00:00+00:00,2931.230712890625,2935.1201171875,2931.230712890625,2935.1201171875,48647680
2026-01-25 10:15:00+00:00,2934.435302734375,2941.781494140625,2934.164794921875,2941.781494140625,371554304
2026-01-25 10:30:00+00:00,2941.36767578125,2942.464599609375,2937.59521484375,2939.255126953125,114288640
2026-01-25 10:45:00+00:00,2939.795166015625,2941.945068359375,2938.197265625,2940.928955078125,31651840
2026-01-25 11:00:00+00:00,2940.794189453125,2940.794189453125,2936.92431640625,2937.93701171875,95794176
2026-01-25 11:15:00+00:00,2937.195556640625,2940.4287109375,2937.12451171875,2939.043212890625,41966592
2026-01-25 11:30:00+00:00,2939.095458984375,2939.711669921875,2932.921630859375,2934.369140625,22863872
2026-01-25 11:45:00+00:00,2930.6611328125,2932.706298828125,2928.0869140625,2932.469482421875,110982144
2026-01-25 12:00:00+00:00,2932.781494140625,2934.552734375,2928.83642578125,2934.552734375,44214272
2026-01-25 12:15:00+00:00,2935.02392578125,2938.394287109375,2929.2060546875,2936.545654296875,65436672
2026-01-25 12:30:00+00:00,2934.6962890625,2935.5869140625,2933.334716796875,2935.5869140625,108930048
2026-01-25 12:45:00+00:00,2936.49609375,2938.107666015625,2934.933837890625,2937.9306640625,63657984
2026-01-25 13:00:00+00:00,2937.9189453125,2939.452392578125,2935.810791015625,2935.919677734375,63693824
2026-01-25 13:15:00+00:00,2935.51025390625,2937.494873046875,2932.8291015625,2932.8291015625,93676544
2026-01-25 13:30:00+00:00,2932.469970703125,2937.715087890625,2932.154296875,2937.50146484375,20729856
2026-01-25 13:45:00+00:00,2937.53857421875,2940.121826171875,2937.4453125,2938.421630859375,124665856
2026-01-25 14:00:00+00:00,2938.2109375,2938.2109375,2932.896240234375,2933.82958984375,0
2026-01-25 14:15:00+00:00,2934.74755859375,2934.88916015625,2921.921630859375,2921.921630859375,76760064
2026-01-25 14:30:00+00:00,2925.027099609375,2928.173095703125,2922.555908203125,2926.2431640625,129119232
2026-01-25 14:45:00+00:00,2924.84228515625,2928.999755859375,2922.182373046875,2928.999755859375,186842112
2026-01-25 15:00:00+00:00,2928.77783203125,2930.1533203125,2926.894775390625,2930.00341796875,0
2026-01-25 15:15:00+00:00,2929.7646484375,2930.738525390625,2925.98583984375,2929.56103515625,41254912
2026-01-25 15:30:00+00:00,2929.91064453125,2929.91064453125,2927.028564453125,2927.2646484375,4103168
2026-01-25 15:45:00+00:00,2927.51806640625,2927.51806640625,2919.6728515625,2921.63916015625,12022784
2026-01-25 16:00:00+00:00,2922.57470703125,2922.57470703125,2900.6337890625,2900.6337890625,421070848
2026-01-25 16:15:00+00:00,2900.905517578125,2900.905517578125,2880.7978515625,2891.5908203125,1014365184
2026-01-25 16:30:00+00:00,2889.71142578125,2892.62255859375,2878.46337890625,2892.62255859375,643117056
2026-01-25 16:45:00+00:00,2886.386962890625,2894.273193359375,2884.64404296875,2893.77099609375,222891008
2026-01-25 17:00:00+00:00,2893.048828125,2893.1044921875,2885.400634765625,2885.400634765625,134657024
2026-01-25 17:15:00+00:00,2879.746826171875,2884.76025390625,2877.380615234375,2880.874755859375,305972224
2026-01-25 17:30:00+00:00,2880.24560546875,2885.3779296875,2878.357666015625,2885.3779296875,105563136
2026-01-25 17:45:00+00:00,2887.489990234375,2887.489990234375,2880.1357421875,2880.1357421875,54353920
2026-01-25 18:00:00+00:00,2880.314208984375,2883.92431640625,2877.0009765625,2878.2978515625,451284992
2026-01-25 18:15:00+00:00,2866.17919921875,2871.6240234375,2852.27734375,2852.27734375,969814016
2026-01-25 18:30:00+00:00,2852.265625,2853.583740234375,2835.76953125,2837.51611328125,861273088
2026-01-25 18:45:00+00:00,2831.651123046875,2845.67578125,2831.651123046875,2845.67578125,403155968
2026-01-25 19:00:00+00:00,2845.16162109375,2849.15185546875,2842.143798828125,2849.15185546875,757843968
2026-01-25 19:15:00+00:00,2845.789794921875,2846.738525390625,2820.7841796875,2820.7841796875,435364864
2026-01-25 19:30:00+00:00,2817.7705078125,2826.430419921875,2813.00830078125,2826.430419921875,577320960
2026-01-25 19:45:00+00:00,2821.303955078125,2821.303955078125,2799.777099609375,2810.1083984375,307892224
2026-01-25 20:00:00+00:00,2809.589111328125,2816.74755859375,2808.219482421875,2808.219482421875,890250240
2026-01-25 20:15:00+00:00,2799.905517578125,2806.50927734375,2793.576416015625,2800.051513671875,454889472
2026-01-25 20:30:00+00:00,2799.276123046875,2799.276123046875,2786.725341796875,2796.201171875,679581696
2026-01-25 20:45:00+00:00,2795.532470703125,2806.2587890625,2792.337646484375,2806.2587890625,683184128
2026-01-25 21:00:00+00:00,2812.919189453125,2819.35302734375,2811.148193359375,2811.8642578125,428877824
2026-01-25 21:15:00+00:00,2814.303466796875,2820.458251953125,2814.303466796875,2817.707763671875,294486016
2026-01-25 21:30:00+00:00,2818.59423828125,2818.59423828125,2803.497802734375,2807.04052734375,199915520
2026-01-25 21:45:00+00:00,2805.89599609375,2816.204345703125,2805.802490234375,2815.724609375,370780160
2026-01-25 22:00:00+00:00,2815.454345703125,2815.454345703125,2806.52197265625,2809.50732421875,207376384
2026-01-25 22:15:00+00:00,2811.5234375,2811.5234375,2796.9013671875,2797.303466796875,244733952
2026-01-25 22:30:00+00:00,2794.1748046875,2803.780517578125,2790.4794921875,2797.33349609375,701970432
2026-01-25 22:45:00+00:00,2799.8935546875,2801.778076171875,2788.183349609375,2801.603515625,332068864
2026-01-25 23:00:00+00:00,2803.12060546875,2803.12060546875,2785.896728515625,2799.902587890625,261904384
2026-01-25 23:15:00+00:00,2793.48095703125,2808.172119140625,2792.34375,2801.92041015625,697358336
2026-01-25 23:30:00+00:00,2802.433349609375,2805.949951171875,2796.208984375,2797.58447265625,244719616
2026-01-25 23:45:00+00:00,2799.496337890625,2817.320556640625,2799.496337890625,2815.14404296875,383074304
2026-01-26 00:00:00+00:00,2815.301513671875,2828.863037109375,2813.182373046875,2828.863037109375,227190784
2026-01-26 00:15:00+00:00,2829.574462890625,2835.425048828125,2828.075439453125,2830.010986328125,334518272
2026-01-26 00:30:00+00:00,2831.037841796875,2831.037841796875,2823.3525390625,2827.010009765625,274452480
2026-01-26 00:45:00+00:00,2828.968994140625,2840.06689453125,2828.602294921875,2837.65185546875,798691328
2026-01-26 01:00:00+00:00,2838.72900390625,2869.776123046875,2836.257568359375,2869.776123046875,285827072
2026-01-26 01:15:00+00:00,2865.787353515625,2874.73388671875,2864.3212890625,2870.85986328125,571299840
2026-01-26 01:30:00+00:00,2871.547607421875,2877.874267578125,2871.513427734375,2877.553955078125,176900096
2026-01-26 01:45:00+00:00,2879.411376953125,2892.1875,2877.47802734375,2877.47802734375,572014592
2026-01-26 02:00:00+00:00,2878.766357421875,2878.766357421875,2865.784423828125,2867.30517578125,741392384
2026-01-26 02:15:00+00:00,2867.595947265625,2878.742431640625,2866.80810546875,2876.76904296875,110413824
2026-01-26 02:30:00+00:00,2876.3564453125,2880.468994140625,2867.0595703125,2867.0595703125,322359296
2026-01-26 02:45:00+00:00,2866.051513671875,2867.166015625,2860.8251953125,2860.8251953125,568995840
2026-01-26 03:00:00+00:00,2861.380126953125,2866.519287109375,2861.380126953125,2862.878173828125,283258880
2026-01-26 03:15:00+00:00,2863.48046875,2863.48046875,2850.832275390625,2850.832275390625,362860544
2026-01-26 03:30:00+00:00,2850.09521484375,2850.09521484375,2841.26708984375,2843.5390625,316102656
2026-01-26 03:45:00+00:00,2844.069580078125,2845.0498046875,2838.3935546875,2843.313720703125,511963136
2026-01-26 04:00:00+00:00,2845.724853515625,2854.850341796875,2845.724853515625,2852.951416015625,414693376
2026-01-26 04:15:00+00:00,2854.122802734375,2870.080322265625,2853.955322265625,2866.909912109375,160667648
2026-01-26 04:30:00+00:00,2868.169677734375,2869.92041015625,2862.435302734375,2862.435302734375,276752384
2026-01-26 04:45:00+00:00,2860.474609375,2865.39404296875,2860.474609375,2861.52783203125,70496256
2026-01-26 05:00:00+00:00,2861.8544921875,2863.324462890625,2857.218017578125,2858.676513671875,586573824
2026-01-26 05:15:00+00:00,2858.928955078125,2864.6787109375,2858.928955078125,2864.4462890625,313645056
2026-01-26 05:30:00+00:00,2862.6435546875,2867.10498046875,2862.1708984375,2862.608642578125,215910400
2026-01-26 05:45:00+00:00,2864.109375,2867.78662109375,2863.927490234375,2867.00830078125,180381696
2026-01-26 06:00:00+00:00,2866.75537109375,2870.213623046875,2864.96533203125,2867.6318359375,652398592
2026-01-26 06:15:00+00:00,2864.461669921875,2878.806396484375,2864.166259765625,2878.806396484375,141228032
2026-01-26 06:30:00+00:00,2877.7109375,2883.57080078125,2876.999267578125,2883.57080078125,153733120
2026-01-26 06:45:00+00:00,2884.09619140625,2887.700439453125,2882.209716796875,2887.700439453125,438476800
2026-01-26 07:00:00+00:00,2887.8564453125,2892.362060546875,2886.727294921875,2891.390625,135618560
2026-01-26 07:15:00+00:00,2890.75537109375,2902.778564453125,2890.03271484375,2891.71142578125,235571200
2026-01-26 07:30:00+00:00,2891.701416015625,2897.088623046875,2886.960205078125,2894.587890625,902850560
2026-01-26 07:45:00+00:00,2894.237060546875,2902.64013671875,2893.4921875,2900.336669921875,150536192
2026-01-26 08:00:00+00:00,2900.044189453125,2903.2841796875,2899.174560546875,2899.174560546875,370651136
2026-01-26 08:15:00+00:00,2897.65771484375,2918.569580078125,2895.21240234375,2914.02001953125,350924800
2026-01-26 08:30:00+00:00,2912.622314453125,2913.759765625,2906.9638671875,2906.9638671875,919879680
2026-01-26 08:45:00+00:00,2907.6123046875,2908.876953125,2904.334716796875,2908.876953125,234012672
2026-01-26 09:00:00+00:00,2908.86962890625,2908.86962890625,2891.105712890625,2891.105712890625,286021632
2026-01-26 09:15:00+00:00,2890.394775390625,2890.394775390625,2885.62158203125,2886.294677734375,131899392
2026-01-26 09:30:00+00:00,2886.168212890625,2889.85009765625,2884.748779296875,2889.85009765625,305117184
2026-01-26 09:45:00+00:00,2889.087890625,2889.374755859375,2879.006591796875,2882.495361328125,156420096
2026-01-26 10:00:00+00:00,2882.6943359375,2891.2197265625,2882.6943359375,2890.510986328125,72318976
2026-01-26 10:15:00+00:00,2890.297607421875,2895.38671875,2890.14111328125,2895.38671875,257122304
2026-01-26 10:30:00+00:00,2895.283935546875,2895.674560546875,2893.161865234375,2895.5107421875,204570624
2026-01-26 10:45:00+00:00,2895.9619140625,2898.020263671875,2893.23193359375,2893.23193359375,253120512
2026-01-26 11:00:00+00:00,2893.116943359375,2896.67138671875,2893.116943359375,2896.204345703125,94248960
2026-01-26 11:15:00+00:00,2896.97802734375,2896.97802734375,2890.074951171875,2890.074951171875,269156352
2026-01-26 11:30:00+00:00,2888.171875,2891.6162109375,2887.293212890625,2890.23876953125,338386944
2026-01-26 11:45:00+00:00,2889.941650390625,2890.78662109375,2888.18701171875,2889.08642578125,312047616
2026-01-26 12:00:00+00:00,2889.065673828125,2899.991455078125,2889.065673828125,2899.991455078125,43804672
2026-01-26 12:15:00+00:00,2904.45361328125,2908.974853515625,2900.542236328125,2901.36083984375,215490560
2026-01-26 12:30:00+00:00,2901.6123046875,2901.6123046875,2897.190185546875,2897.190185546875,222660608
2026-01-26 12:45:00+00:00,2896.71484375,2898.819580078125,2896.71484375,2898.58251953125,75999232
2026-01-26 13:00:00+00:00,2899.173095703125,2900.876708984375,2896.0341796875,2900.876708984375,29835264
2026-01-26 13:15:00+00:00,2903.53857421875,2905.49169921875,2901.546142578125,2904.148681640625,31590400
2026-01-26 13:30:00+00:00,2903.2294921875,2906.914794921875,2902.612548828125,2903.75244140625,317327360
2026-01-26 13:45:00+00:00,2904.4365234375,2906.857666015625,2903.240234375,2906.857666015625,71288832
2026-01-26 14:00:00+00:00,2906.59814453125,2911.389404296875,2881.3837890625,2881.3837890625,46667776
2026-01-26 14:15:00+00:00,2882.826416015625,2889.235107421875,2880.7958984375,2885.78369140625,585938944
2026-01-26 14:30:00+00:00,2884.090087890625,2924.912353515625,2877.975830078125,2920.880126953125,1043156992
2026-01-26 14:45:00+00:00,2915.796875,2923.01513671875,2908.3662109375,2923.01513671875,828022784
2026-01-26 15:00:00+00:00,2920.890869140625,2940.6552734375,2914.44580078125,2940.6552734375,678856704
2026-01-26 15:15:00+00:00,2942.717041015625,2944.810546875,2918.153564453125,2918.1982421875,532193280
2026-01-26 15:30:00+00:00,2919.002197265625,2919.002197265625,2888.3037109375,2888.3037109375,581443584
2026-01-26 15:45:00+00:00,2889.832763671875,2902.514892578125,2889.832763671875,2897.884521484375,756981760
2026-01-26 16:00:00+00:00,2896.220703125,2904.74169921875,2890.04052734375,2895.373046875,0
2026-01-26 16:15:00+00:00,2898.600341796875,2910.783935546875,2891.69189453125,2903.43701171875,0
2026-01-26 16:30:00+00:00,2903.31787109375,2907.498779296875,2896.51025390625,2896.51025390625,497446912
2026-01-26 16:45:00+00:00,2898.3544921875,2913.430419921875,2898.3544921875,2900.053955078125,216457216
2026-01-26 17:00:00+00:00,2898.7236328125,2905.4990234375,2898.30517578125,2900.252197265625,431783936
2026-01-26 17:15:00+00:00,2896.130126953125,2901.098388671875,2889.5537109375,2897.144287109375,51576832
2026-01-26 17:30:00+00:00,2893.83203125,2904.803955078125,2885.574462890625,2901.847900390625,197591040
2026-01-26 17:45:00+00:00,2902.37060546875,2910.904296875,2902.37060546875,2906.47705078125,266764288
2026-01-26 18:00:00+00:00,2906.479248046875,2916.62744140625,2906.479248046875,2913.507568359375,189116416
2026-01-26 18:15:00+00:00,2914.5888671875,2919.66357421875,2913.068359375,2918.890869140625,55365632
2026-01-26 18:30:00+00:00,2919.185791015625,2927.407470703125,2911.156494140625,2911.156494140625,0
2026-01-26 18:45:00+00:00,2911.128662109375,2928.23388671875,2910.8447265625,2928.23388671875,0
2026-01-26 19:00:00+00:00,2928.80322265625,2930.965576171875,2925.236083984375,2925.236083984375,632496128
2026-01-26 19:15:00+00:00,2925.722900390625,2927.982177734375,2924.08984375,2924.08984375,60624896
2026-01-26 19:30:00+00:00,2923.9541015625,2929.872802734375,2921.46435546875,2929.8125,541196288
2026-01-26 19:45:00+00:00,2929.494384765625,2930.65966796875,2916.86083984375,2919.920654296875,99538944
2026-01-26 20:00:00+00:00,2919.67236328125,2925.949951171875,2919.137451171875,2919.137451171875,173901824
2026-01-26 20:15:00+00:00,2918.8984375,2918.8984375,2913.02197265625,2914.010498046875,195631104
2026-01-26 20:30:00+00:00,2913.81884765625,2914.5205078125,2909.294677734375,2909.294677734375,0
2026-01-26 20:45:00+00:00,2909.925537109375,2910.611572265625,2895.781005859375,2897.830322265625,3997696
2026-01-26 21:00:00+00:00,2897.806640625,2904.170166015625,2894.0146484375,2904.170166015625,3592192
2026-01-26 21:15:00+00:00,2904.78369140625,2907.19580078125,2901.6513671875,2905.73291015625,0
2026-01-26 21:30:00+00:00,2907.807861328125,2937.71923828125,2907.807861328125,2933.7177734375,596049920
2026-01-26 21:45:00+00:00,2933.364990234375,2933.42724609375,2924.16796875,2926.148681640625,1033043968
2026-01-26 22:00:00+00:00,2926.096435546875,2932.136962890625,2922.8603515625,2923.059326171875,87693312
2026-01-26 22:15:00+00:00,2921.36572265625,2922.99365234375,2916.96142578125,2920.106201171875,0
2026-01-26 22:30:00+00:00,2919.909912109375,2928.490966796875,2919.24462890625,2925.51318359375,0
2026-01-26 22:45:00+00:00,2923.15283203125,2925.761474609375,2921.444580078125,2923.137939453125,368584704
2026-01-26 23:00:00+00:00,2920.47607421875,2920.74560546875,2917.0517578125,2920.201904296875,0
2026-01-26 23:15:00+00:00,2919.447021484375,2929.784423828125,2919.447021484375,2928.142822265625,167634944
2026-01-26 23:30:00+00:00,2930.114990234375,2940.472900390625,2930.114990234375,2934.71826171875,128405504
2026-01-26 23:45:00+00:00,2934.8046875,2934.8046875,2927.320556640625,2927.320556640625,444497920
2026-01-27 00:00:00+00:00,2923.72900390625,2925.83984375,2919.64501953125,2919.64501953125,0
2026-01-27 00:15:00+00:00,2919.579833984375,2925.416259765625,2919.579833984375,2923.33544921875,47845376
2026-01-27 00:30:00+00:00,2921.955322265625,2921.955322265625,2916.39794921875,2917.690673828125,122402816
2026-01-27 00:45:00+00:00,2917.153564453125,2918.22900390625,2915.322265625,2916.8349609375,0
2026-01-27 01:00:00+00:00,2917.54443359375,2917.54443359375,2909.979736328125,2912.29296875,44851200
2026-01-27 01:15:00+00:00,2913.423095703125,2925.908203125,2912.82080078125,2925.908203125,0
2026-01-27 01:30:00+00:00,2928.345703125,2935.337646484375,2927.632568359375,2932.2822265625,208926720
2026-01-27 01:45:00+00:00,2932.776123046875,2933.8955078125,2927.137451171875,2928.278564453125,441522176
2026-01-27 02:00:00+00:00,2928.643310546875,2938.284423828125,2928.643310546875,2936.355712890625,0
2026-01-27 02:15:00+00:00,2936.13671875,2936.417236328125,2930.989990234375,2932.112548828125,20441088
2026-01-27 02:30:00+00:00,2932.139892578125,2941.163818359375,2932.139892578125,2937.261962890625,207742976
2026-01-27 02:45:00+00:00,2937.132080078125,2941.035400390625,2936.972900390625,2941.035400390625,43810816
2026-01-27 03:00:00+00:00,2941.906982421875,2943.736083984375,2934.312744140625,2934.312744140625,0
2026-01-27 03:15:00+00:00,2934.5810546875,2938.993896484375,2934.5810546875,2938.4306640625,670697472
2026-01-27 03:30:00+00:00,2938.1484375,2942.0556640625,2937.179931640625,2941.1669921875,0
2026-01-27 03:45:00+00:00,2941.11474609375,2941.11474609375,2936.68798828125,2937.344970703125,0
2026-01-27 04:00:00+00:00,2937.496337890625,2946.31494140625,2935.2451171875,2946.31494140625,8935424
2026-01-27 04:15:00+00:00,2948.519775390625,2949.443359375,2942.07080078125,2942.07080078125,97986560
2026-01-27 04:30:00+00:00,2944.043701171875,2944.043701171875,2939.34619140625,2939.34619140625,468846592
2026-01-27 04:45:00+00:00,2938.84814453125,2939.320556640625,2934.5478515625,2937.0185546875,38408192
2026-01-27 05:00:00+00:00,2937.01123046875,2937.541748046875,2932.60791015625,2932.60791015625,176041984
2026-01-27 05:15:00+00:00,2933.063720703125,2933.063720703125,2930.427978515625,2932.594482421875,85135360
2026-01-27 05:30:00+00:00,2932.53564453125,2935.531494140625,2932.53564453125,2935.47314453125,228933632
2026-01-27 05:45:00+00:00,2936.48974609375,2937.905517578125,2934.666015625,2935.389404296875,122157056
2026-01-27 06:00:00+00:00,2935.494873046875,2937.522216796875,2935.2900390625,2936.478759765625,66846720
2026-01-27 06:15:00+00:00,2937.63818359375,2938.10693359375,2931.6806640625,2931.6806640625,127762432
2026-01-27 06:30:00+00:00,2930.26708984375,2930.26708984375,2925.261962890625,2925.553466796875,187502592
2026-01-27 06:45:00+00:00,2922.539794921875,2924.818359375,2921.3759765625,2924.531982421875,215957504
2026-01-27 07:00:00+00:00,2924.95263671875,2929.686767578125,2924.95263671875,2929.468505859375,572137472
2026-01-27 07:15:00+00:00,2929.638671875,2930.14208984375,2927.02197265625,2928.6396484375,13043712
2026-01-27 07:30:00+00:00,2931.450439453125,2933.3662109375,2931.450439453125,2932.44677734375,98230272
2026-01-27 07:45:00+00:00,2930.89599609375,2931.03759765625,2924.076416015625,2924.076416015625,99782656
2026-01-27 08:00:00+00:00,2925.0478515625,2928.65283203125,2924.785888671875,2926.018798828125,0
2026-01-27 08:15:00+00:00,2926.903076171875,2927.502685546875,2921.64794921875,2921.650146484375,0
2026-01-27 08:30:00+00:00,2921.62841796875,2921.755859375,2918.256103515625,2920.68701171875,0
2026-01-27 08:45:00+00:00,2920.513427734375,2920.9140625,2917.1357421875,2920.17919921875,119748608
2026-01-27 09:00:00+00:00,2919.5234375,2919.5234375,2910.013916015625,2910.013916015625,36517888
2026-01-27 09:15:00+00:00,2909.95703125,2910.630126953125,2908.039306640625,2908.802001953125,193796096
2026-01-27 09:30:00+00:00,2907.77099609375,2909.924072265625,2906.4501953125,2909.040771484375,32217088
2026-01-27 09:45:00+00:00,2910.041748046875,2911.193115234375,2904.1748046875,2904.30712890625,254855168
2026-01-27 10:00:00+00:00,2903.94482421875,2909.553955078125,2903.94482421875,2909.024169921875,588238848
2026-01-27 10:15:00+00:00,2909.418212890625,2910.555419921875,2908.6494140625,2908.9619140625,100536320
2026-01-27 10:30:00+00:00,2907.495361328125,2907.495361328125,2900.482421875,2900.946044921875,103673856
2026-01-27 10:45:00+00:00,2901.398193359375,2902.90771484375,2898.4931640625,2899.26513671875,78991360
2026-01-27 11:00:00+00:00,2899.541259765625,2903.02001953125,2898.51708984375,2902.282958984375,57681920
2026-01-27 11:15:00+00:00,2903.208740234375,2903.8330078125,2900.530517578125,2902.927978515625,165066752
2026-01-27 11:30:00+00:00,2903.214111328125,2914.86865234375,2903.214111328125,2914.86865234375,226908160
2026-01-27 11:45:00+00:00,2915.618896484375,2917.778076171875,2913.235595703125,2913.662109375,136814592
2026-01-27 12:00:00+00:00,2913.144775390625,2915.951416015625,2912.6025390625,2915.951416015625,85725184
2026-01-27 12:15:00+00:00,2916.673828125,2922.539306640625,2916.274658203125,2921.386474609375,0
2026-01-27 12:30:00+00:00,2920.557861328125,2921.716552734375,2915.939453125,2915.939453125,334940160
2026-01-27 12:45:00+00:00,2915.554443359375,2916.64453125,2912.72509765625,2912.8505859375,51658752
2026-01-27 13:00:00+00:00,2914.019287109375,2914.6123046875,2909.672119140625,2910.018310546875,0
2026-01-27 13:15:00+00:00,2910.026123046875,2910.04931640625,2903.45556640625,2903.45556640625,268947456
2026-01-27 13:30:00+00:00,2904.241943359375,2912.850830078125,2903.136962890625,2912.850830078125,1495040
2026-01-27 13:45:00+00:00,2912.357666015625,2912.357666015625,2905.442626953125,2907.791259765625,194103296
2026-01-27 14:00:00+00:00,2908.29931640625,2920.021728515625,2907.6552734375,2920.021728515625,49037312
2026-01-27 14:15:00+00:00,2921.75439453125,2937.58837890625,2921.75439453125,2924.8955078125,29902848
2026-01-27 14:30:00+00:00,2925.111328125,2926.74853515625,2905.74755859375,2911.216064453125,4605952
2026-01-27 14:45:00+00:00,2907.233154296875,2916.416748046875,2906.855224609375,2915.189208984375,764252160
2026-01-27 15:00:00+00:00,2913.917236328125,2931.988525390625,2913.917236328125,2925.6142578125,37056512
2026-01-27 15:15:00+00:00,2927.128173828125,2927.128173828125,2915.75,2915.75,0
2026-01-27 15:30:00+00:00,2913.52001953125,2917.9736328125,2912.815673828125,2914.22314453125,20060160
2026-01-27 15:45:00+00:00,2915.403076171875,2934.16796875,2915.403076171875,2934.16796875,37087232
2026-01-27 16:00:00+00:00,2933.62890625,2973.169189453125,2933.62890625,2971.93310546875,372535296
2026-01-27 16:15:00+00:00,2970.323486328125,2976.167724609375,2965.152099609375,2965.152099609375,571482112
2026-01-27 16:30:00+00:00,2966.569091796875,2991.231201171875,2966.569091796875,2990.0380859375,585228288
2026-01-27 16:45:00+00:00,2990.51123046875,2990.51123046875,2983.204833984375,2986.677001953125,438372352
2026-01-27 17:00:00+00:00,2986.8134765625,2987.936767578125,2960.443603515625,2960.443603515625,152862720
2026-01-27 17:15:00+00:00,2956.734619140625,2956.734619140625,2932.8017578125,2947.855224609375,294219776
2026-01-27 17:30:00+00:00,2945.18017578125,2948.376953125,2922.175048828125,2922.175048828125,321824768
2026-01-27 17:45:00+00:00,2919.30126953125,2926.285400390625,2917.542724609375,2924.962158203125,94701568
2026-01-27 18:00:00+00:00,2926.20751953125,2942.23046875,2923.629150390625,2935.99169921875,188135424
2026-01-27 18:15:00+00:00,2936.394287109375,2942.563720703125,2936.394287109375,2942.11669921875,241700864
2026-01-27 18:30:00+00:00,2941.71484375,2947.4228515625,2937.048828125,2944.387939453125,33060864
2026-01-27 18:45:00+00:00,2944.553466796875,2983.322021484375,2944.553466796875,2977.87109375,151230464
2026-01-27 19:00:00+00:00,2974.156494140625,2974.156494140625,2962.68603515625,2969.709716796875,751560704
2026-01-27 19:15:00+00:00,2970.3544921875,2973.01025390625,2968.327392578125,2968.327392578125,182503424
2026-01-27 19:30:00+00:00,2968.850830078125,2981.353271484375,2965.891357421875,2981.353271484375,0
2026-01-27 19:45:00+00:00,2986.180908203125,2986.180908203125,2974.564453125,2975.71630859375,243027968
2026-01-27 20:00:00+00:00,2976.07421875,2990.237060546875,2975.8740234375,2990.237060546875,0
2026-01-27 20:15:00+00:00,2990.276611328125,3012.23388671875,2987.305419921875,3009.913818359375,813735936
2026-01-27 20:30:00+00:00,3011.469482421875,3011.469482421875,2996.8203125,2997.990966796875,299999232
2026-01-27 20:45:00+00:00,2997.222412109375,3021.516357421875,2997.222412109375,3017.7705078125,403120128
2026-01-27 21:00:00+00:00,3018.701171875,3025.1435546875,3013.573486328125,3020.024658203125,183836672
2026-01-27 21:15:00+00:00,3021.1767578125,3021.1767578125,3011.74609375,3013.864013671875,79970304
2026-01-27 21:30:00+00:00,3012.720458984375,3014.333740234375,3004.316162109375,3013.18115234375,265588736
2026-01-27 21:45:00+00:00,3012.728515625,3015.3681640625,3011.31591796875,3011.4140625,150646784
2026-01-27 22:00:00+00:00,3011.310791015625,3017.468505859375,3011.310791015625,3011.9267578125,209565696
2026-01-27 22:15:00+00:00,3011.713623046875,3011.752197265625,3001.580078125,3003.9033203125,469307392
2026-01-27 22:30:00+00:00,3004.28515625,3016.66064453125,3003.37939453125,3015.950927734375,0
2026-01-27 22:45:00+00:00,3015.26806640625,3016.840576171875,3013.72412109375,3016.22998046875,282363904
2026-01-27 23:00:00+00:00,3015.481201171875,3015.481201171875,3008.024658203125,3015.412109375,454219776
2026-01-27 23:15:00+00:00,3016.061279296875,3021.953857421875,3015.00439453125,3021.953857421875,314988544
2026-01-27 23:30:00+00:00,3022.02587890625,3030.765869140625,3020.25439453125,3028.842041015625,304465920
2026-01-27 23:45:00+00:00,3028.239013671875,3030.125244140625,3021.017578125,3023.343994140625,88836096
2026-01-28 00:00:00+00:00,3022.494873046875,3022.862548828125,3015.51904296875,3018.412841796875,199583744
2026-01-28 00:15:00+00:00,3019.2568359375,3024.519775390625,3016.38427734375,3021.08154296875,86329344
2026-01-28 00:30:00+00:00,3020.9814453125,3020.9814453125,3011.855224609375,3012.56689453125,0
2026-01-28 00:45:00+00:00,3011.988037109375,3020.365966796875,3011.988037109375,3018.37548828125,472168448
2026-01-28 01:00:00+00:00,3020.054931640625,3021.164306640625,3014.91015625,3014.999755859375,0
2026-01-28 01:15:00+00:00,3014.4619140625,3017.015869140625,3007.710693359375,3009.55029296875,368863232
2026-01-28 01:30:00+00:00,3009.6279296875,3010.22705078125,3005.015869140625,3009.43505859375,35037184
2026-01-28 01:45:00+00:00,3009.524169921875,3016.263916015625,3008.165771484375,3014.969970703125,157067264
2026-01-28 02:00:00+00:00,3014.281982421875,3014.281982421875,3005.984619140625,3008.043212890625,86507520
2026-01-28 02:15:00+00:00,3008.097412109375,3011.4697265625,3007.426513671875,3010.59765625,17612800
2026-01-28 02:30:00+00:00,3010.15283203125,3011.568603515625,3004.93212890625,3004.93212890625,0
2026-01-28 02:45:00+00:00,3003.767578125,3005.185546875,3002.187744140625,3005.173828125,97570816
2026-01-28 03:00:00+00:00,3005.577392578125,3006.646484375,2998.831787109375,2999.129638671875,30236672
2026-01-28 03:15:00+00:00,2999.424560546875,2999.900390625,2993.48828125,2998.5361328125,22964224
2026-01-28 03:30:00+00:00,2998.131591796875,3003.130615234375,2996.447021484375,2998.408935546875,124821504
2026-01-28 03:45:00+00:00,2998.6015625,3002.063232421875,2998.6015625,3001.3017578125,189646848
2026-01-28 04:00:00+00:00,3000.863525390625,3002.241455078125,2995.3251953125,2995.46826171875,0
2026-01-28 04:15:00+00:00,2994.381591796875,2994.381591796875,2989.794189453125,2992.26318359375,0
2026-01-28 04:30:00+00:00,2991.86279296875,2998.296630859375,2991.86279296875,2995.012939453125,175179776
2026-01-28 04:45:00+00:00,2993.9970703125,2995.655029296875,2992.4443359375,2995.655029296875,56895488
2026-01-28 05:00:00+00:00,2994.9033203125,3003.244873046875,2994.9033203125,2999.817138671875,4057088
2026-01-28 05:15:00+00:00,2994.66845703125,2995.7548828125,2992.84521484375,2993.37109375,150337536
2026-01-28 05:30:00+00:00,2996.857421875,2998.573974609375,2996.6064453125,2997.981201171875,0
2026-01-28 05:45:00+00:00,2995.625244140625,2999.594482421875,2995.625244140625,2999.318115234375,158801920
2026-01-28 06:00:00+00:00,3000.01806640625,3009.92138671875,3000.01806640625,3007.247314453125,82448384
2026-01-28 06:15:00+00:00,3007.83984375,3008.78271484375,3006.838134765625,3008.287109375,34689024
2026-01-28 06:30:00+00:00,3006.140869140625,3010.520751953125,3000.05859375,3000.05859375,53696512
2026-01-28 06:45:00+00:00,3002.05322265625,3012.733154296875,3001.945068359375,3011.076171875,22857728
2026-01-28 07:00:00+00:00,3010.291015625,3010.81005859375,3001.891357421875,3002.92041015625,178802688
2026-01-28 07:15:00+00:00,3003.591552734375,3003.591552734375,3001.352783203125,3002.7216796875,230414336
2026-01-28 07:30:00+00:00,3002.59765625,3002.59765625,2998.628662109375,3001.768798828125,7108608
2026-01-28 07:45:00+00:00,3002.5732421875,3004.0078125,3000.596435546875,3000.596435546875,71661568
2026-01-28 08:00:00+00:00,3000.455078125,3001.29833984375,2993.7685546875,2993.7685546875,204789760
2026-01-28 08:15:00+00:00,2994.53466796875,2995.39501953125,2990.943603515625,2990.943603515625,78520320
2026-01-28 08:30:00+00:00,2991.275390625,2991.595458984375,2985.431396484375,2990.406982421875,45172736
2026-01-28 08:45:00+00:00,2990.3349609375,2990.754150390625,2985.81787109375,2985.941650390625,42563584
2026-01-28 09:00:00+00:00,2986.591552734375,2988.75732421875,2985.768310546875,2987.1708984375,13520896
2026-01-28 09:15:00+00:00,2986.3359375,2989.961181640625,2983.227783203125,2989.961181640625,122718208
2026-01-28 09:30:00+00:00,2989.821044921875,3006.425048828125,2989.821044921875,3005.50439453125,26646528
2026-01-28 09:45:00+00:00,3006.05810546875,3009.37646484375,3004.5732421875,3006.728515625,247308288
2026-01-28 10:00:00+00:00,3011.4453125,3020.16064453125,3009.837890625,3020.16064453125,137420800
2026-01-28 10:15:00+00:00,3026.1962890625,3026.1962890625,3016.614990234375,3016.614990234375,356655104
2026-01-28 10:30:00+00:00,3016.6259765625,3022.29345703125,3016.6259765625,3021.955078125,202196992
2026-01-28 10:45:00+00:00,3022.115966796875,3026.383544921875,3021.4296875,3022.416015625,65863680
2026-01-28 11:00:00+00:00,3021.889892578125,3022.13232421875,3014.753662109375,3014.753662109375,91686912
2026-01-28 11:15:00+00:00,3013.78759765625,3015.757568359375,3013.1279296875,3014.35400390625,321220608
2026-01-28 11:30:00+00:00,3016.80517578125,3021.3857421875,3013.476806640625,3021.337158203125,28356608
2026-01-28 11:45:00+00:00,3023.320068359375,3040.244384765625,3022.373779296875,3036.20703125,273700864
2026-01-28 12:00:00+00:00,3036.021484375,3036.021484375,3025.650146484375,3025.650146484375,238618624
2026-01-28 12:15:00+00:00,3023.93017578125,3027.840087890625,3022.774658203125,3025.35693359375,444123136
2026-01-28 12:30:00+00:00,3025.404052734375,3028.880126953125,3022.275146484375,3024.8408203125,453754880
2026-01-28 12:45:00+00:00,3025.443359375,3029.33251953125,3021.046630859375,3027.295166015625,61011968
2026-01-28 13:00:00+00:00,3026.85986328125,3034.844970703125,3025.607177734375,3033.074951171875,458569728
2026-01-28 13:15:00+00:00,3033.337890625,3035.1708984375,3027.9326171875,3030.97265625,170278912
2026-01-28 13:30:00+00:00,3032.52685546875,3038.55322265625,3031.948486328125,3038.55322265625,347660288
2026-01-28 13:45:00+00:00,3038.18017578125,3038.18017578125,3029.42626953125,3029.42626953125,89436160
2026-01-28 14:00:00+00:00,3029.992431640625,3029.992431640625,3025.724853515625,3025.724853515625,191866880
2026-01-28 14:15:00+00:00,3025.896728515625,3025.896728515625,3015.98388671875,3020.43359375,34013184
2026-01-28 14:30:00+00:00,3021.20703125,3029.15283203125,3015.911376953125,3016.298583984375,193892352
2026-01-28 14:45:00+00:00,3017.139892578125,3017.139892578125,3005.657470703125,3009.388671875,226408448
2026-01-28 15:00:00+00:00,3008.90625,3014.379638671875,2995.443359375,2995.443359375,19036160
2026-01-28 15:15:00+00:00,2986.56201171875,2998.39697265625,2986.56201171875,2998.39697265625,662564864
2026-01-28 15:30:00+00:00,2997.104248046875,3004.498046875,2997.104248046875,3004.498046875,115697664
2026-01-28 15:45:00+00:00,3006.748291015625,3008.29052734375,2999.611328125,3005.01513671875,83679232
2026-01-28 16:00:00+00:00,3004.1494140625,3004.1494140625,2995.388671875,2995.388671875,124379136
2026-01-28 16:15:00+00:00,2993.240966796875,3011.432861328125,2993.240966796875,3011.432861328125,52131840
2026-01-28 16:30:00+00:00,3013.143798828125,3013.143798828125,2995.904296875,2995.904296875,0
2026-01-28 16:45:00+00:00,2997.14794921875,3001.93408203125,2996.376708984375,2997.9365234375,425277440
2026-01-28 17:00:00+00:00,2995.927490234375,3001.460205078125,2995.374755859375,3001.359130859375,289865728
2026-01-28 17:15:00+00:00,3001.957763671875,3003.47216796875,2998.638916015625,2998.638916015625,0
2026-01-28 17:30:00+00:00,3000.115966796875,3010.33251953125,2991.0634765625,3010.33251953125,6076416
2026-01-28 17:45:00+00:00,3009.787841796875,3022.460205078125,3009.787841796875,3015.08740234375,56020992
2026-01-28 18:00:00+00:00,3002.11669921875,3011.84521484375,2998.864013671875,3011.84521484375,140533760
2026-01-28 18:15:00+00:00,3014.081298828125,3019.9052734375,3008.717041015625,3008.721923828125,137076736
2026-01-28 18:30:00+00:00,3009.535888671875,3012.513671875,3005.356689453125,3005.764404296875,180414464
2026-01-28 18:45:00+00:00,3006.720703125,3010.833251953125,3004.012939453125,3010.833251953125,26417152
2026-01-28 19:00:00+00:00,3011.13916015625,3016.69921875,2995.101806640625,3006.05810546875,837525504
2026-01-28 19:15:00+00:00,3006.277099609375,3012.759033203125,3006.277099609375,3012.759033203125,100888576
2026-01-28 19:30:00+00:00,3008.864013671875,3008.864013671875,2995.423828125,2995.423828125,385361920
2026-01-28 19:45:00+00:00,2995.61474609375,3018.49560546875,2995.61474609375,3018.49560546875,150448128
2026-01-28 20:00:00+00:00,3014.796875,3020.322265625,3014.794677734375,3016.878173828125,0
2026-01-28 20:15:00+00:00,3018.285888671875,3025.6064453125,3016.192626953125,3025.6064453125,149997568
2026-01-28 20:30:00+00:00,3025.945068359375,3025.945068359375,3010.43017578125,3010.503662109375,0
2026-01-28 20:45:00+00:00,3010.021240234375,3011.856201171875,3005.470703125,3011.856201171875,52267008
2026-01-28 21:00:00+00:00,3009.61376953125,3009.61376953125,2995.193603515625,3008.27734375,230234112
2026-01-28 21:15:00+00:00,3011.896484375,3014.621826171875,3009.938720703125,3009.938720703125,235649024
2026-01-28 21:30:00+00:00,3010.209228515625,3017.4658203125,3006.241455078125,3015.548583984375,0
2026-01-28 21:45:00+00:00,3012.326416015625,3017.36083984375,3012.326416015625,3014.8408203125,69216256
2026-01-28 22:00:00+00:00,3018.32861328125,3021.623046875,3009.735595703125,3009.735595703125,0
2026-01-28 22:15:00+00:00,3009.467529296875,3010.221923828125,3004.4658203125,3009.837890625,119891968
2026-01-28 22:30:00+00:00,3010.96630859375,3010.96630859375,3006.96630859375,3007.614501953125,0
2026-01-28 22:45:00+00:00,3006.08544921875,3014.81884765625,3006.08544921875,3014.81884765625,0
2026-01-28 23:00:00+00:00,3014.429443359375,3015.8837890625,3011.1884765625,3011.1884765625,13477888
2026-01-28 23:15:00+00:00,3011.487548828125,3016.349853515625,3010.7861328125,3010.7861328125,4616192
2026-01-28 23:30:00+00:00,3009.097900390625,3009.6826171875,3005.22216796875,3007.254150390625,0
2026-01-28 23:45:00+00:00,3008.628173828125,3009.3857421875,3006.79541015625,3007.400146484375,64534528
2026-01-29 00:00:00+00:00,3007.909423828125,3007.909423828125,3000.97021484375,3000.97021484375,7747584
2026-01-29 00:15:00+00:00,2999.511962890625,3003.190673828125,2998.16650390625,3003.190673828125,162842624
2026-01-29 00:30:00+00:00,3003.64599609375,3003.64599609375,2995.169189453125,2995.169189453125,197572608
2026-01-29 00:45:00+00:00,2994.466796875,3005.31787109375,2994.0029296875,3004.06494140625,28375040
2026-01-29 01:00:00+00:00,3004.531005859375,3005.957763671875,3000.77978515625,3002.58154296875,16078848
2026-01-29 01:15:00+00:00,3001.855712890625,3001.855712890625,2986.274658203125,2989.04248046875,0
2026-01-29 01:30:00+00:00,2992.275146484375,2994.33154296875,2990.05322265625,2993.97509765625,672280576
2026-01-29 01:45:00+00:00,2995.745849609375,2997.8505859375,2984.43798828125,2988.78173828125,78792704
2026-01-29 02:00:00+00:00,2989.065673828125,2993.975341796875,2987.71337890625,2987.71337890625,58036224
2026-01-29 02:15:00+00:00,2990.01025390625,2994.240966796875,2988.900634765625,2993.070556640625,83261440
2026-01-29 02:30:00+00:00,2992.826171875,2992.826171875,2962.69189453125,2963.134033203125,444948480
2026-01-29 02:45:00+00:00,2961.73193359375,2962.013671875,2944.902587890625,2953.358154296875,511590400
2026-01-29 03:00:00+00:00,2952.47021484375,2966.68017578125,2952.47021484375,2964.677490234375,141930496
2026-01-29 03:15:00+00:00,2964.15576171875,2964.15576171875,2950.870849609375,2951.7060546875,0
2026-01-29 03:30:00+00:00,2951.048095703125,2951.946533203125,2945.358154296875,2951.946533203125,211748864
2026-01-29 03:45:00+00:00,2952.433349609375,2954.5078125,2944.9599609375,2948.854248046875,946147328
2026-01-29 04:00:00+00:00,2947.980712890625,2948.733154296875,2943.4453125,2943.4453125,22286336
2026-01-29 04:15:00+00:00,2944.0166015625,2947.82470703125,2936.982177734375,2939.783935546875,80842752
2026-01-29 04:30:00+00:00,2941.58984375,2950.76513671875,2941.58984375,2949.53125,288364544
2026-01-29 04:45:00+00:00,2949.75341796875,2955.463623046875,2949.75341796875,2955.463623046875,48300032
2026-01-29 05:00:00+00:00,2955.309326171875,2960.068359375,2954.10595703125,2954.10595703125,163266560
2026-01-29 05:15:00+00:00,2955.4833984375,2956.037841796875,2953.697265625,2953.697265625,27099136
2026-01-29 05:30:00+00:00,2953.752685546875,2956.7529296875,2952.016357421875,2952.342041015625,147253248
2026-01-29 05:45:00+00:00,2952.328857421875,2952.328857421875,2944.28369140625,2945.254150390625,179951616
2026-01-29 06:00:00+00:00,2948.1240234375,2952.216064453125,2948.1240234375,2949.250732421875,171655168
2026-01-29 06:15:00+00:00,2950.065185546875,2952.813720703125,2948.56005859375,2951.302734375,28170240
2026-01-29 06:30:00+00:00,2951.30419921875,2954.78125,2949.677978515625,2951.798583984375,6991872
2026-01-29 06:45:00+00:00,2951.545166015625,2951.545166015625,2948.4404296875,2951.052001953125,5531648
2026-01-29 07:00:00+00:00,2951.5400390625,2954.843994140625,2951.5380859375,2953.248046875,165638144
2026-01-29 07:15:00+00:00,2952.631591796875,2954.88525390625,2951.700439453125,2953.349853515625,46999552
2026-01-29 07:30:00+00:00,2952.051025390625,2955.34619140625,2952.051025390625,2955.34619140625,37052416
2026-01-29 07:45:00+00:00,2956.171142578125,2959.91357421875,2956.171142578125,2959.08447265625,16179200
2026-01-29 08:00:00+00:00,2956.8671875,2956.8671875,2943.815673828125,2944.6923828125,184621056
2026-01-29 08:15:00+00:00,2943.558349609375,2959.312255859375,2940.0634765625,2959.312255859375,134688768
2026-01-29 08:30:00+00:00,2962.543701171875,2962.543701171875,2948.135498046875,2948.135498046875,133474304
2026-01-29 08:45:00+00:00,2950.19580078125,2952.543701171875,2945.738037109375,2948.337158203125,212279296
2026-01-29 09:00:00+00:00,2948.133056640625,2950.251708984375,2943.55419921875,2943.55419921875,50868224
2026-01-29 09:15:00+00:00,2943.125244140625,2945.38720703125,2942.947265625,2945.228515625,376539136
2026-01-29 09:30:00+00:00,2944.985107421875,2944.985107421875,2942.904052734375,2944.7333984375,111073280
2026-01-29 09:45:00+00:00,2944.890625,2944.890625,2940.20361328125,2940.38134765625,0
2026-01-29 10:00:00+00:00,2938.9150390625,2941.41162109375,2937.896484375,2940.42626953125,27693056
2026-01-29 10:15:00+00:00,2939.56201171875,2943.898681640625,2939.56201171875,2942.921630859375,15067136
2026-01-29 10:30:00+00:00,2943.23291015625,2943.360107421875,2941.712890625,2942.083740234375,0
2026-01-29 10:45:00+00:00,2941.947265625,2943.285888671875,2939.673828125,2939.673828125,125657088
2026-01-29 11:00:00+00:00,2939.7626953125,2939.7626953125,2932.295654296875,2935.939453125,351899648
2026-01-29 11:15:00+00:00,2935.92138671875,2935.92138671875,2921.1513671875,2921.1513671875,95571968
2026-01-29 11:30:00+00:00,2920.74658203125,2925.331787109375,2920.74658203125,2925.144287109375,262133760
2026-01-29 11:45:00+00:00,2922.240234375,2928.8681640625,2922.240234375,2925.728515625,0
2026-01-29 12:00:00+00:00,2926.74609375,2928.92236328125,2925.66845703125,2928.24755859375,0
2026-01-29 12:15:00+00:00,2927.908935546875,2928.700927734375,2926.30712890625,2926.694091796875,0
2026-01-29 12:30:00+00:00,2926.55126953125,2932.973388671875,2923.09375,2927.384521484375,1755136
2026-01-29 12:45:00+00:00,2928.1259765625,2931.34716796875,2927.766357421875,2931.34716796875,211132416
2026-01-29 13:00:00+00:00,2931.831298828125,2933.7548828125,2929.821533203125,2929.821533203125,175960064
2026-01-29 13:15:00+00:00,2930.05859375,2932.0888671875,2929.194091796875,2932.0888671875,100534272
2026-01-29 13:30:00+00:00,2932.971435546875,2932.971435546875,2931.65966796875,2932.01416015625,0
2026-01-29 13:45:00+00:00,2931.890625,2932.208740234375,2928.107177734375,2929.777099609375,0
2026-01-29 14:00:00+00:00,2930.9375,2931.974853515625,2927.49609375,2928.832275390625,0
2026-01-29 14:15:00+00:00,2927.887451171875,2929.274658203125,2916.55322265625,2916.55322265625,49643520
2026-01-29 14:30:00+00:00,2914.6611328125,2917.325439453125,2902.168701171875,2904.43505859375,144535552
2026-01-29 14:45:00+00:00,2902.820556640625,2907.6533203125,2874.865478515625,2874.865478515625,117921792
2026-01-29 15:00:00+00:00,2872.760009765625,2872.760009765625,2818.9921875,2818.9921875,920686592
2026-01-29 15:15:00+00:00,2812.695556640625,2831.760009765625,2802.81689453125,2831.760009765625,807886848
2026-01-29 15:30:00+00:00,2831.917724609375,2831.917724609375,2794.35595703125,2794.35595703125,823103488
2026-01-29 15:45:00+00:00,2796.216552734375,2825.5244140625,2796.216552734375,2818.19140625,1136148480
2026-01-29 16:00:00+00:00,2819.64697265625,2819.64697265625,2800.604736328125,2809.739990234375,783212544
2026-01-29 16:15:00+00:00,2813.15771484375,2819.4638671875,2804.992919921875,2804.992919921875,870031360
2026-01-29 16:30:00+00:00,2807.008056640625,2814.624267578125,2806.268798828125,2808.8369140625,679669760
2026-01-29 16:45:00+00:00,2807.22802734375,2828.236572265625,2806.780029296875,2828.236572265625,396460032
2026-01-29 17:00:00+00:00,2830.440673828125,2843.3291015625,2830.440673828125,2839.678955078125,775872512
2026-01-29 17:15:00+00:00,2837.95703125,2853.162353515625,2835.310302734375,2841.15185546875,637511680
2026-01-29 17:30:00+00:00,2836.9541015625,2842.74609375,2826.4189453125,2826.4189453125,329338880
2026-01-29 17:45:00+00:00,2825.109619140625,2828.11962890625,2816.981201171875,2818.57373046875,454406144
2026-01-29 18:00:00+00:00,2820.342041015625,2829.509033203125,2820.342041015625,2825.4072265625,333293568
2026-01-29 18:15:00+00:00,2825.246337890625,2825.246337890625,2799.60009765625,2799.60009765625,529260544
2026-01-29 18:30:00+00:00,2799.4296875,2801.979248046875,2777.477783203125,2797.53271484375,1037035520
2026-01-29 18:45:00+00:00,2798.03955078125,2798.03955078125,2756.639892578125,2762.312255859375,731287552
2026-01-29 19:00:00+00:00,2759.356689453125,2767.192626953125,2756.6572265625,2765.099853515625,336891904
2026-01-29 19:15:00+00:00,2769.961181640625,2781.385498046875,2766.338623046875,2772.413330078125,203427840
2026-01-29 19:30:00+00:00,2775.977294921875,2801.670166015625,2775.977294921875,2794.409423828125,634288128
2026-01-29 19:45:00+00:00,2797.3994140625,2798.198486328125,2791.150146484375,2795.3818359375,38555648
2026-01-29 20:00:00+00:00,2792.222900390625,2793.646728515625,2786.44482421875,2787.389892578125,114165760
2026-01-29 20:15:00+00:00,2786.34375,2797.1328125,2786.34375,2791.600341796875,385851392
2026-01-29 20:30:00+00:00,2790.691162109375,2794.710205078125,2784.671875,2794.710205078125,416993280
2026-01-29 20:45:00+00:00,2791.43359375,2803.15625,2791.43359375,2798.021240234375,70017024
2026-01-29 21:00:00+00:00,2800.80908203125,2813.88427734375,2800.80908203125,2812.544921875,167469056
2026-01-29 21:15:00+00:00,2813.56103515625,2813.56103515625,2805.66064453125,2809.364013671875,520982528
2026-01-29 21:30:00+00:00,2812.3359375,2813.896728515625,2808.42333984375,2812.269287109375,403656704
2026-01-29 21:45:00+00:00,2812.547607421875,2818.68896484375,2812.547607421875,2814.719482421875,230637568
2026-01-29 22:00:00+00:00,2815.37646484375,2820.242919921875,2807.22119140625,2807.22119140625,161783808
2026-01-29 22:15:00+00:00,2808.155517578125,2810.048828125,2808.155517578125,2809.14697265625,284221440
2026-01-29 22:30:00+00:00,2812.807373046875,2812.807373046875,2808.5810546875,2811.39013671875,133275648
2026-01-29 22:45:00+00:00,2811.291015625,2816.89013671875,2811.23876953125,2815.883544921875,0
2026-01-29 23:00:00+00:00,2815.498779296875,2818.120361328125,2808.97021484375,2810.12158203125,289996800
2026-01-29 23:15:00+00:00,2811.01513671875,2819.375,2810.40673828125,2819.375,178012160
2026-01-29 23:30:00+00:00,2815.04296875,2822.618896484375,2815.04296875,2820.630126953125,414191616
2026-01-29 23:45:00+00:00,2820.328369140625,2821.28125,2818.218017578125,2818.411865234375,387956736
2026-01-30 00:00:00+00:00,2818.053466796875,2823.904052734375,2816.6611328125,2816.6611328125,31293440
2026-01-30 00:15:00+00:00,2816.34228515625,2816.34228515625,2800.943359375,2800.943359375,1252519936
2026-01-30 00:30:00+00:00,2802.171142578125,2809.431396484375,2799.533203125,2809.1494140625,370798592
2026-01-30 00:45:00+00:00,2810.202880859375,2811.5263671875,2800.903564453125,2802.775634765625,175812608
2026-01-30 01:00:00+00:00,2800.7421875,2806.543212890625,2798.626708984375,2805.993408203125,423514112
2026-01-30 01:15:00+00:00,2806.103515625,2807.94677734375,2790.251953125,2797.948486328125,222289920
2026-01-30 01:30:00+00:00,2797.477294921875,2801.157470703125,2704.4130859375,2708.357666015625,1009565696
2026-01-30 01:45:00+00:00,2719.493896484375,2744.84765625,2719.493896484375,2744.84765625,1278013440
2026-01-30 02:00:00+00:00,2743.001708984375,2743.001708984375,2726.531494140625,2732.50341796875,1282924544
2026-01-30 02:15:00+00:00,2726.9931640625,2731.13818359375,2702.8779296875,2704.97705078125,571084800
2026-01-30 02:30:00+00:00,2710.5048828125,2741.093017578125,2702.10595703125,2735.98681640625,333570048
2026-01-30 02:45:00+00:00,2738.663818359375,2738.663818359375,2721.6455078125,2728.7958984375,298233856
2026-01-30 03:00:00+00:00,2731.931640625,2742.114501953125,2730.936767578125,2742.114501953125,414310400
2026-01-30 03:15:00+00:00,2740.4677734375,2740.4677734375,2734.668701171875,2735.105224609375,67887104
2026-01-30 03:30:00+00:00,2733.9013671875,2735.636962890625,2732.431884765625,2735.505859375,328613888
2026-01-30 03:45:00+00:00,2736.660888671875,2738.003662109375,2733.3974609375,2737.64111328125,35454976
2026-01-30 04:00:00+00:00,2736.59326171875,2753.056640625,2734.323486328125,2752.154052734375,12767232
2026-01-30 04:15:00+00:00,2751.65771484375,2768.8740234375,2748.6103515625,2758.6494140625,1415553024
2026-01-30 04:30:00+00:00,2758.396484375,2762.26171875,2752.272705078125,2752.468505859375,189263872
2026-01-30 04:45:00+00:00,2752.046630859375,2754.177001953125,2751.689697265625,2751.895751953125,136761344
2026-01-30 05:00:00+00:00,2748.42333984375,2750.064697265625,2744.1103515625,2744.1103515625,158146560
2026-01-30 05:15:00+00:00,2743.807861328125,2755.020751953125,2743.807861328125,2755.020751953125,212746240
2026-01-30 05:30:00+00:00,2754.908935546875,2755.606689453125,2748.56591796875,2748.796142578125,448835584
2026-01-30 05:45:00+00:00,2746.430908203125,2752.009033203125,2745.89208984375,2745.89208984375,496701440
2026-01-30 06:00:00+00:00,2743.7822265625,2743.7822265625,2732.816162109375,2732.816162109375,233959424
2026-01-30 06:15:00+00:00,2733.620361328125,2733.620361328125,2717.00732421875,2717.00732421875,467214336
2026-01-30 06:30:00+00:00,2716.719482421875,2718.1845703125,2708.8623046875,2708.8623046875,232824832
2026-01-30 06:45:00+00:00,2705.0146484375,2719.078369140625,2695.627685546875,2714.876708984375,641556480
2026-01-30 07:00:00+00:00,2714.677001953125,2742.857421875,2714.677001953125,2740.61181640625,462057472
2026-01-30 07:15:00+00:00,2741.233642578125,2741.233642578125,2735.64453125,2735.64453125,438038528
2026-01-30 07:30:00+00:00,2735.043701171875,2735.043701171875,2721.674072265625,2721.674072265625,682487808
2026-01-30 07:45:00+00:00,2725.96337890625,2740.06787109375,2725.41064453125,2736.082763671875,236310528
2026-01-30 08:00:00+00:00,2736.228515625,2737.828369140625,2730.671630859375,2737.1826171875,221208576
2026-01-30 08:15:00+00:00,2740.138671875,2743.337646484375,2737.94140625,2738.024658203125,424742912
2026-01-30 08:30:00+00:00,2734.9541015625,2734.9541015625,2719.77978515625,2722.861328125,200159232
2026-01-30 08:45:00+00:00,2728.12744140625,2734.27197265625,2726.74658203125,2732.056884765625,196141056
2026-01-30 09:00:00+00:00,2732.25634765625,2737.236572265625,2728.7412109375,2728.7412109375,237244416
2026-01-30 09:15:00+00:00,2728.035400390625,2728.296142578125,2719.0517578125,2719.936279296875,111558656
2026-01-30 09:30:00+00:00,2720.73974609375,2726.51953125,2720.73974609375,2723.526123046875,437469184
2026-01-30 09:45:00+00:00,2722.712646484375,2722.712646484375,2707.2236328125,2717.204833984375,339083264
2026-01-30 10:00:00+00:00,2717.6826171875,2719.890625,2708.462158203125,2713.55517578125,180297728
2026-01-30 10:15:00+00:00,2715.005615234375,2723.70947265625,2710.40087890625,2722.53857421875,824537088
2026-01-30 10:30:00+00:00,2723.033447265625,2725.19873046875,2720.919677734375,2720.919677734375,114716672
2026-01-30 10:45:00+00:00,2722.37548828125,2731.5712890625,2722.37548828125,2729.220703125,57470976
2026-01-30 11:00:00+00:00,2731.400634765625,2733.82763671875,2730.41357421875,2732.86279296875,289558528
2026-01-30 11:15:00+00:00,2733.056884765625,2735.90771484375,2732.195068359375,2732.263916015625,0
2026-01-30 11:30:00+00:00,2733.936767578125,2740.06005859375,2732.796875,2739.45947265625,0
2026-01-30 11:45:00+00:00,2735.78759765625,2763.110595703125,2732.441162109375,2756.007568359375,300666880
2026-01-30 12:00:00+00:00,2757.02490234375,2760.70849609375,2749.375,2750.2939453125,433119232
2026-01-30 12:15:00+00:00,2748.179931640625,2749.19775390625,2737.365234375,2738.704833984375,1298599936
2026-01-30 12:30:00+00:00,2739.354248046875,2743.39501953125,2737.10205078125,2742.28759765625,66555904
2026-01-30 12:45:00+00:00,2739.277587890625,2740.6865234375,2733.99658203125,2735.04345703125,378785792
2026-01-30 13:00:00+00:00,2735.743408203125,2736.567138671875,2726.53759765625,2733.7734375,124530688
2026-01-30 13:15:00+00:00,2733.63134765625,2733.63134765625,2727.42626953125,2730.06298828125,413634560
2026-01-30 13:30:00+00:00,2730.15380859375,2740.817138671875,2722.7451171875,2730.1162109375,215121920
2026-01-30 13:45:00+00:00,2733.141357421875,2733.141357421875,2721.75,2724.38330078125,351498240
2026-01-30 14:00:00+00:00,2725.57568359375,2736.685302734375,2725.57568359375,2734.458251953125,1584369664
2026-01-30 14:15:00+00:00,2732.726806640625,2735.825439453125,2729.8603515625,2730.859130859375,338640896
2026-01-30 14:30:00+00:00,2728.767822265625,2756.96435546875,2724.38134765625,2756.96435546875,124895232
2026-01-30 14:45:00+00:00,2754.648193359375,2755.39599609375,2729.445068359375,2729.445068359375,870371328
2026-01-30 15:00:00+00:00,2730.69140625,2747.212158203125,2730.69140625,2739.1484375,54743040
2026-01-30 15:15:00+00:00,2734.663330078125,2739.185791015625,2708.659423828125,2708.659423828125,0
2026-01-30 15:30:00+00:00,2704.875,2736.65087890625,2696.8671875,2730.69287109375,1068838912
2026-01-30 15:45:00+00:00,2734.343994140625,2734.343994140625,2724.660400390625,2724.660400390625,56881152
2026-01-30 16:00:00+00:00,2725.697509765625,2732.46044921875,2716.43408203125,2730.127197265625,0
2026-01-30 16:15:00+00:00,2732.149658203125,2732.149658203125,2707.082763671875,2730.2431640625,0
2026-01-30 16:30:00+00:00,2728.595947265625,2735.962158203125,2723.80078125,2735.76025390625,26374144
2026-01-30 16:45:00+00:00,2734.707275390625,2734.707275390625,2720.476806640625,2720.476806640625,946024448
2026-01-30 17:00:00+00:00,2721.44921875,2721.44921875,2703.464599609375,2708.56201171875,194379776
2026-01-30 17:15:00+00:00,2709.213623046875,2734.498046875,2709.213623046875,2730.32763671875,29609984
2026-01-30 17:30:00+00:00,2729.896240234375,2729.896240234375,2711.7578125,2713.702880859375,552030208
2026-01-30 17:45:00+00:00,2716.540771484375,2719.396240234375,2711.1904296875,2712.258544921875,174936064
2026-01-30 18:00:00+00:00,2709.7001953125,2715.607177734375,2694.178466796875,2694.178466796875,0
2026-01-30 18:15:00+00:00,2697.030029296875,2697.030029296875,2639.2998046875,2663.201171875,734404608
2026-01-30 18:30:00+00:00,2670.4501953125,2692.437255859375,2662.468994140625,2692.437255859375,112898048
2026-01-30 18:45:00+00:00,2709.12353515625,2735.0361328125,2702.349609375,2734.614990234375,286613504
2026-01-30 19:00:00+00:00,2735.517333984375,2750.02001953125,2733.948974609375,2739.781494140625,1027977216
2026-01-30 19:15:00+00:00,2737.58203125,2756.6669921875,2737.58203125,2750.784423828125,270475264
2026-01-30 19:30:00+00:00,2745.904541015625,2750.898681640625,2736.654052734375,2736.806884765625,80027648
2026-01-30 19:45:00+00:00,2737.20703125,2747.67333984375,2737.20703125,2743.0947265625,127791104
2026-01-30 20:00:00+00:00,2739.88037109375,2739.88037109375,2710.634765625,2715.576171875,452648960
2026-01-30 20:15:00+00:00,2715.542724609375,2720.550048828125,2679.734619140625,2679.734619140625,142188544
2026-01-30 20:30:00+00:00,2681.92333984375,2685.18115234375,2663.46923828125,2679.310546875,844283904
2026-01-30 20:45:00+00:00,2681.031494140625,2687.03369140625,2672.138916015625,2672.138916015625,364687360
2026-01-30 21:00:00+00:00,2679.0849609375,2694.71142578125,2676.815673828125,2694.71142578125,103256064
2026-01-30 21:15:00+00:00,2692.97314453125,2707.658447265625,2692.97314453125,2695.880615234375,200990720
2026-01-30 21:30:00+00:00,2693.28076171875,2697.449462890625,2683.182373046875,2691.4150390625,20144128
2026-01-30 21:45:00+00:00,2690.955810546875,2704.89208984375,2690.955810546875,2704.89208984375,122437632
2026-01-30 22:00:00+00:00,2704.630126953125,2704.630126953125,2694.4443359375,2695.004638671875,751124480
2026-01-30 22:15:00+00:00,2692.40869140625,2695.5771484375,2690.517822265625,2690.884521484375,75386880
2026-01-30 22:30:00+00:00,2689.9072265625,2701.659912109375,2689.9072265625,2699.88720703125,399618048
2026-01-30 22:45:00+00:00,2699.1806640625,2703.788818359375,2697.39404296875,2703.648193359375,89767936
2026-01-30 23:00:00+00:00,2705.15234375,2705.2451171875,2694.513916015625,2694.513916015625,140509184
2026-01-30 23:15:00+00:00,2695.4169921875,2701.954833984375,2691.062255859375,2691.062255859375,210857984
2026-01-30 23:30:00+00:00,2692.611083984375,2701.75732421875,2691.201416015625,2701.75732421875,1933312
2026-01-30 23:45:00+00:00,2703.106689453125,2704.747802734375,2701.561767578125,2701.561767578125,643067904
2026-01-31 00:00:00+00:00,2702.515869140625,2704.4013671875,2699.653564453125,2704.4013671875,0
2026-01-31 00:15:00+00:00,2704.48388671875,2705.713623046875,2702.839599609375,2705.713623046875,296845312
2026-01-31 00:30:00+00:00,2705.792724609375,2709.524169921875,2703.96630859375,2709.010986328125,0
2026-01-31 00:45:00+00:00,2708.85009765625,2708.901611328125,2701.83984375,2702.658203125,260644864
2026-01-31 01:00:00+00:00,2702.62353515625,2707.960205078125,2701.70556640625,2707.87841796875,3104768
2026-01-31 01:15:00+00:00,2708.00244140625,2708.994384765625,2706.353759765625,2707.30859375,217772032
2026-01-31 01:30:00+00:00,2706.127197265625,2706.127197265625,2697.3212890625,2700.858154296875,0
2026-01-31 01:45:00+00:00,2700.30908203125,2700.51953125,2695.086669921875,2695.086669921875,0
2026-01-31 02:00:00+00:00,2695.18310546875,2695.18310546875,2688.9541015625,2691.997314453125,0
2026-01-31 02:15:00+00:00,2692.3876953125,2692.3876953125,2681.65673828125,2688.453857421875,239468544
2026-01-31 02:30:00+00:00,2687.420166015625,2702.126220703125,2685.76806640625,2701.529052734375,0
2026-01-31 02:45:00+00:00,2701.385498046875,2702.5078125,2698.547607421875,2698.547607421875,111611904
2026-01-31 03:00:00+00:00,2698.51806640625,2699.26708984375,2694.647216796875,2695.624755859375,0
2026-01-31 03:15:00+00:00,2698.710205078125,2700.956298828125,2697.370361328125,2697.80859375,0
2026-01-31 03:30:00+00:00,2698.377197265625,2698.377197265625,2693.66650390625,2694.369873046875,168861696
2026-01-31 03:45:00+00:00,2694.205810546875,2694.205810546875,2690.546630859375,2692.19775390625,49057792
2026-01-31 04:00:00+00:00,2691.64306640625,2695.766357421875,2691.64306640625,2695.3916015625,334520320
2026-01-31 04:15:00+00:00,2696.285400390625,2699.6572265625,2693.73046875,2699.6572265625,0
2026-01-31 04:30:00+00:00,2699.449951171875,2699.449951171875,2695.754638671875,2696.55078125,0
2026-01-31 04:45:00+00:00,2693.922607421875,2693.922607421875,2688.979248046875,2690.214599609375,0
2026-01-31 05:00:00+00:00,2690.53857421875,2690.82177734375,2687.716552734375,2690.80517578125,0
2026-01-31 05:15:00+00:00,2692.00634765625,2696.591552734375,2688.840576171875,2696.033935546875,26028032
2026-01-31 05:30:00+00:00,2695.80908203125,2698.1708984375,2695.538330078125,2696.07861328125,56774656
2026-01-31 05:45:00+00:00,2694.58935546875,2694.58935546875,2692.708251953125,2693.019287109375,215543808
2026-01-31 06:00:00+00:00,2692.944580078125,2695.188720703125,2689.65869140625,2692.7265625,124061696
2026-01-31 06:15:00+00:00,2693.258544921875,2693.675048828125,2681.066650390625,2682.84521484375,0
2026-01-31 06:30:00+00:00,2685.545654296875,2686.515380859375,2681.806640625,2684.575927734375,209997824
2026-01-31 06:45:00+00:00,2685.727294921875,2688.6953125,2684.94970703125,2688.026123046875,0
2026-01-31 07:00:00+00:00,2687.947021484375,2688.25341796875,2686.024169921875,2688.25341796875,0
2026-01-31 07:15:00+00:00,2688.152587890625,2688.152587890625,2684.53173828125,2687.064697265625,0
2026-01-31 07:30:00+00:00,2685.742431640625,2685.742431640625,2665.36767578125,2669.91455078125,2818048
2026-01-31 07:45:00+00:00,2670.225341796875,2675.068115234375,2670.225341796875,2675.068115234375,0
2026-01-31 08:00:00+00:00,2674.76416015625,2677.44580078125,2663.60498046875,2664.463134765625,384200704
2026-01-31 08:15:00+00:00,2667.381103515625,2667.381103515625,2655.716552734375,2657.657470703125,401539072
2026-01-31 08:30:00+00:00,2659.888671875,2659.888671875,2615.446044921875,2625.781494140625,862920704
2026-01-31 08:45:00+00:00,2626.49658203125,2642.8984375,2625.209228515625,2639.846923828125,691167232
2026-01-31 09:00:00+00:00,2639.814697265625,2645.519287109375,2639.814697265625,2643.8662109375,22073344
2026-01-31 09:15:00+00:00,2642.210205078125,2642.210205078125,2631.1611328125,2632.99951171875,280375296
2026-01-31 09:30:00+00:00,2634.837890625,2653.005615234375,2634.837890625,2647.246337890625,296429568
2026-01-31 09:45:00+00:00,2646.848876953125,2647.604736328125,2641.96337890625,2646.629638671875,61865984
2026-01-31 10:00:00+00:00,2644.269775390625,2645.314453125,2633.91650390625,2639.6640625,9500672
2026-01-31 10:15:00+00:00,2639.523193359375,2642.56201171875,2637.300048828125,2641.661865234375,214620160
2026-01-31 10:30:00+00:00,2642.340087890625,2649.715087890625,2642.340087890625,2649.133056640625,287014912
2026-01-31 10:45:00+00:00,2650.32763671875,2650.424072265625,2647.24462890625,2648.5966796875,52768768
2026-01-31 11:00:00+00:00,2647.626708984375,2647.626708984375,2640.824462890625,2641.228271484375,150792192
2026-01-31 11:15:00+00:00,2638.557373046875,2645.0693359375,2638.557373046875,2644.169189453125,51904512
2026-01-31 11:30:00+00:00,2643.880615234375,2644.3017578125,2639.644287109375,2639.644287109375,19607552
2026-01-31 11:45:00+00:00,2635.996826171875,2637.66015625,2631.2958984375,2636.244873046875,0
2026-01-31 12:00:00+00:00,2636.46826171875,2639.029541015625,2628.05126953125,2628.05126953125,4921344
2026-01-31 12:15:00+00:00,2626.985595703125,2635.9912109375,2626.985595703125,2634.6904296875,68878336
2026-01-31 12:30:00+00:00,2635.9580078125,2637.9140625,2630.429443359375,2637.9140625,84402176
2026-01-31 12:45:00+00:00,2636.352783203125,2638.609130859375,2627.08154296875,2629.839111328125,63821824
2026-01-31 13:00:00+00:00,2628.695556640625,2631.9658203125,2626.43359375,2626.998779296875,71350272
2026-01-31 13:15:00+00:00,2629.398681640625,2632.0537109375,2625.502685546875,2625.97216796875,470648832
2026-01-31 13:30:00+00:00,2626.49609375,2627.30712890625,2615.4267578125,2620.979248046875,3436544
2026-01-31 13:45:00+00:00,2622.68603515625,2623.721435546875,2620.102294921875,2623.721435546875,293609472
2026-01-31 14:00:00+00:00,2624.3291015625,2631.638916015625,2610.06787109375,2610.7265625,305930240
2026-01-31 14:15:00+00:00,2605.3017578125,2605.3017578125,2530.0302734375,2530.0302734375,1208875008
2026-01-31 14:30:00+00:00,2531.452880859375,2532.46484375,2515.480712890625,2519.30810546875,1540767744
2026-01-31 14:45:00+00:00,2518.301513671875,2537.182861328125,2516.177001953125,2536.607666015625,1441742848
2026-01-31 15:00:00+00:00,2535.531005859375,2546.06396484375,2525.54296875,2540.581298828125,354275328
2026-01-31 15:15:00+00:00,2542.649169921875,2543.3720703125,2536.5234375,2540.75390625,34836480
2026-01-31 15:30:00+00:00,2542.206787109375,2542.83740234375,2534.197021484375,2537.556640625,0
2026-01-31 15:45:00+00:00,2539.20849609375,2541.555419921875,2525.432861328125,2525.432861328125,14188544
2026-01-31 16:00:00+00:00,2530.14990234375,2530.505859375,2514.802978515625,2519.26513671875,0
2026-01-31 16:15:00+00:00,2518.23583984375,2540.080078125,2506.209228515625,2523.244384765625,1328320512
2026-01-31 16:30:00+00:00,2525.87353515625,2526.47021484375,2515.762939453125,2518.4697265625,271130624
2026-01-31 16:45:00+00:00,2519.798583984375,2519.798583984375,2472.41259765625,2477.49365234375,419045376
2026-01-31 17:00:00+00:00,2479.211181640625,2488.492431640625,2402.385986328125,2429.108642578125,3434250240
2026-01-31 17:15:00+00:00,2420.084716796875,2425.8583984375,2411.25537109375,2413.03076171875,2149617664
2026-01-31 17:30:00+00:00,2417.237548828125,2417.59130859375,2389.780517578125,2401.535888671875,639123456
2026-01-31 17:45:00+00:00,2406.35205078125,2413.43115234375,2396.602294921875,2396.602294921875,1267277824
2026-01-31 18:00:00+00:00,2398.955322265625,2410.35302734375,2398.857177734375,2403.91845703125,364482560
2026-01-31 18:15:00+00:00,2403.00537109375,2403.00537109375,2377.0498046875,2394.259521484375,0
2026-01-31 18:30:00+00:00,2394.38623046875,2401.466796875,2263.35888671875,2263.35888671875,421920768
2026-01-31 18:45:00+00:00,2323.4716796875,2387.5361328125,2323.4716796875,2374.62353515625,3046436864
2026-01-31 19:00:00+00:00,2377.7529296875,2414.319580078125,2373.518310546875,2405.330078125,656515072
2026-01-31 19:15:00+00:00,2411.940185546875,2424.44384765625,2403.16357421875,2407.8037109375,945844224
2026-01-31 19:30:00+00:00,2408.0693359375,2408.0693359375,2373.22509765625,2385.19775390625,267563008
2026-01-31 19:45:00+00:00,2385.18994140625,2393.97900390625,2384.682373046875,2385.441162109375,262610944
2026-01-31 20:00:00+00:00,2380.810546875,2383.863037109375,2366.69091796875,2366.69091796875,300568576
2026-01-31 20:15:00+00:00,2363.92724609375,2398.814208984375,2363.92724609375,2368.00927734375,211791872
2026-01-31 20:30:00+00:00,2364.803955078125,2370.583251953125,2358.320556640625,2370.583251953125,0
2026-01-31 20:45:00+00:00,2371.805908203125,2380.975830078125,2363.26318359375,2380.975830078125,289882112
2026-01-31 21:00:00+00:00,2380.537841796875,2390.11865234375,2371.603515625,2382.9638671875,103546880
2026-01-31 21:15:00+00:00,2383.20849609375,2408.07177734375,2382.61767578125,2408.07177734375,685600768
2026-01-31 21:30:00+00:00,2405.3095703125,2414.27392578125,2395.9091796875,2407.3447265625,383115264
2026-01-31 21:45:00+00:00,2406.003662109375,2416.357666015625,2405.2626953125,2416.357666015625,336674816
2026-01-31 22:00:00+00:00,2415.65087890625,2420.95068359375,2408.358642578125,2410.6005859375,0
2026-01-31 22:15:00+00:00,2411.14697265625,2412.9091796875,2406.842041015625,2412.850341796875,929001472
2026-01-31 22:30:00+00:00,2415.9521484375,2418.691650390625,2410.529052734375,2411.374755859375,140128256
2026-01-31 22:45:00+00:00,2410.57080078125,2419.43896484375,2408.3193359375,2418.86767578125,76726272
2026-01-31 23:00:00+00:00,2416.23583984375,2427.298583984375,2416.23583984375,2419.466064453125,201506816
2026-01-31 23:15:00+00:00,2418.937255859375,2468.62451171875,2418.313232421875,2450.318603515625,303620096
2026-01-31 23:30:00+00:00,2452.69287109375,2457.97998046875,2443.234130859375,2443.234130859375,991657984
2026-01-31 23:45:00+00:00,2444.760498046875,2445.82763671875,2434.248779296875,2445.369140625,203644928
2026-02-01 00:00:00+00:00,2449.217041015625,2463.222412109375,2444.84521484375,2458.68115234375,410918912
2026-02-01 00:15:00+00:00,2463.202880859375,2472.598388671875,2458.020263671875,2460.386962890625,159825920
2026-02-01 00:30:00+00:00,2454.064453125,2459.78466796875,2447.272216796875,2449.11865234375,740749312
2026-02-01 00:45:00+00:00,2448.626220703125,2456.2958984375,2448.626220703125,2449.038818359375,181661696
2026-02-01 01:00:00+00:00,2449.489990234375,2452.169677734375,2432.008544921875,2438.14208984375,247181312
2026-02-01 01:15:00+00:00,2438.512451171875,2443.9794921875,2429.290283203125,2443.9794921875,726691840
2026-02-01 01:30:00+00:00,2450.369384765625,2450.369384765625,2434.284912109375,2434.421142578125,580542464
2026-02-01 01:45:00+00:00,2433.746337890625,2444.093505859375,2433.746337890625,2441.927490234375,58437632
2026-02-01 02:00:00+00:00,2442.146240234375,2451.784423828125,2438.19921875,2450.415283203125,337928192
2026-02-01 02:15:00+00:00,2454.677734375,2454.677734375,2442.587646484375,2443.68505859375,15966208
2026-02-01 02:30:00+00:00,2443.32177734375,2451.18408203125,2443.32177734375,2447.6630859375,654573568
2026-02-01 02:45:00+00:00,2448.683349609375,2455.92724609375,2448.683349609375,2451.63671875,163168256
2026-02-01 03:00:00+00:00,2451.199951171875,2453.3759765625,2444.65576171875,2446.870849609375,120512512
2026-02-01 03:15:00+00:00,2447.142822265625,2447.7412109375,2437.168701171875,2440.8642578125,88535040
2026-02-01 03:30:00+00:00,2441.07373046875,2442.58984375,2437.567138671875,2441.1572265625,300290048
2026-02-01 03:45:00+00:00,2438.40087890625,2442.465087890625,2438.40087890625,2442.426513671875,174186496
2026-02-01 04:00:00+00:00,2443.02490234375,2450.076904296875,2439.50244140625,2449.470947265625,38432768
2026-02-01 04:15:00+00:00,2448.88818359375,2450.083251953125,2444.416748046875,2444.416748046875,162988032
2026-02-01 04:30:00+00:00,2444.931396484375,2449.306884765625,2444.931396484375,2448.0322265625,213839872
2026-02-01 04:45:00+00:00,2449.9453125,2450.837646484375,2448.36328125,2448.36328125,130469888
2026-02-01 05:00:00+00:00,2446.810302734375,2446.810302734375,2434.865966796875,2437.937255859375,455376896
2026-02-01 05:15:00+00:00,2438.635009765625,2444.915283203125,2434.971923828125,2444.915283203125,109420544
2026-02-01 05:30:00+00:00,2445.13525390625,2445.13525390625,2431.42236328125,2431.42236328125,286351360
2026-02-01 05:45:00+00:00,2424.27392578125,2428.508544921875,2424.27392578125,2427.524169921875,336961536
2026-02-01 06:00:00+00:00,2427.98828125,2434.582275390625,2427.98828125,2434.582275390625,180621312
2026-02-01 06:15:00+00:00,2434.900146484375,2436.305908203125,2431.8056640625,2431.8056640625,152477696
2026-02-01 06:30:00+00:00,2431.830078125,2432.884033203125,2410.494873046875,2417.234375,423641088
2026-02-01 06:45:00+00:00,2417.60986328125,2419.9580078125,2410.282470703125,2416.227783203125,256217088
2026-02-01 07:00:00+00:00,2416.022705078125,2416.022705078125,2398.71923828125,2402.3046875,335740928
2026-02-01 07:15:00+00:00,2398.39697265625,2403.871337890625,2392.283203125,2403.871337890625,481640448
2026-02-01 07:30:00+00:00,2403.91943359375,2429.150634765625,2403.91943359375,2427.786376953125,59613184
2026-02-01 07:45:00+00:00,2429.375,2429.375,2409.04931640625,2409.04931640625,173953024
2026-02-01 08:00:00+00:00,2408.418212890625,2414.514892578125,2408.08349609375,2414.514892578125,471212032
2026-02-01 08:15:00+00:00,2412.3544921875,2412.3544921875,2398.1923828125,2399.435546875,0
2026-02-01 08:30:00+00:00,2400.60986328125,2424.26220703125,2400.60986328125,2423.037353515625,114671616
2026-02-01 08:45:00+00:00,2423.30517578125,2423.30517578125,2410.522705078125,2410.522705078125,0
2026-02-01 09:00:00+00:00,2410.438232421875,2416.463134765625,2406.334228515625,2414.660400390625,283754496
2026-02-01 09:15:00+00:00,2415.355712890625,2415.355712890625,2408.802490234375,2409.96240234375,107872256
2026-02-01 09:30:00+00:00,2411.10205078125,2423.105224609375,2411.07275390625,2422.584716796875,0
2026-02-01 09:45:00+00:00,2425.095458984375,2434.265869140625,2420.82861328125,2434.265869140625,787996672
2026-02-01 10:00:00+00:00,2431.456787109375,2433.77685546875,2424.935791015625,2433.208251953125,57737216
2026-02-01 10:15:00+00:00,2435.70947265625,2435.70947265625,2426.06298828125,2428.448974609375,188002304
2026-02-01 10:30:00+00:00,2427.96240234375,2427.96240234375,2388.468505859375,2391.568603515625,361148416
2026-02-01 10:45:00+00:00,2384.657470703125,2390.97802734375,2375.302001953125,2376.948974609375,317280256
2026-02-01 11:00:00+00:00,2378.961181640625,2389.962158203125,2378.961181640625,2389.5458984375,859566080
2026-02-01 11:15:00+00:00,2391.179443359375,2391.179443359375,2383.838623046875,2385.927734375,162082816
2026-02-01 11:30:00+00:00,2385.396728515625,2420.088623046875,2385.396728515625,2420.088623046875,442265600
2026-02-01 11:45:00+00:00,2418.395751953125,2418.395751953125,2408.555419921875,2410.064697265625,125698048
2026-02-01 12:00:00+00:00,2409.62939453125,2409.62939453125,2405.9345703125,2407.390625,124026880
2026-02-01 12:15:00+00:00,2406.40869140625,2406.40869140625,2384.865966796875,2391.487548828125,130719744
2026-02-01 12:30:00+00:00,2393.100341796875,2405.531982421875,2393.100341796875,2398.27587890625,917131264
2026-02-01 12:45:00+00:00,2391.752685546875,2396.14892578125,2391.752685546875,2396.14892578125,3829760
2026-02-01 13:00:00+00:00,2393.88671875,2407.427490234375,2393.88671875,2405.719482421875,56545280
2026-02-01 13:15:00+00:00,2404.567138671875,2406.716552734375,2397.1533203125,2397.1533203125,204898304
2026-02-01 13:30:00+00:00,2398.04541015625,2398.966064453125,2388.331787109375,2390.8671875,0
2026-02-01 13:45:00+00:00,2390.895751953125,2393.13134765625,2374.4501953125,2378.687255859375,176500736
2026-02-01 14:00:00+00:00,2375.109130859375,2385.00390625,2373.20849609375,2377.022705078125,12488704
2026-02-01 14:15:00+00:00,2375.549072265625,2376.176025390625,2356.5166015625,2356.5166015625,0
2026-02-01 14:30:00+00:00,2357.727294921875,2362.727294921875,2331.6357421875,2353.9052734375,0
2026-02-01 14:45:00+00:00,2350.73486328125,2377.378662109375,2348.13916015625,2377.378662109375,434450432
2026-02-01 15:00:00+00:00,2372.33642578125,2372.33642578125,2338.966064453125,2338.966064453125,0
2026-02-01 15:15:00+00:00,2336.716064453125,2338.901611328125,2307.1259765625,2307.1259765625,0
2026-02-01 15:30:00+00:00,2308.332275390625,2312.974853515625,2287.963623046875,2304.363525390625,3686879232
2026-02-01 15:45:00+00:00,2299.687255859375,2328.0498046875,2299.687255859375,2320.238037109375,487682048
2026-02-01 16:00:00+00:00,2313.127685546875,2314.675537109375,2298.302734375,2308.910888671875,187797504
2026-02-01 16:15:00+00:00,2309.86474609375,2324.1396484375,2288.06982421875,2320.60498046875,108871680
2026-02-01 16:30:00+00:00,2318.086669921875,2327.3671875,2299.152587890625,2299.152587890625,22122496
2026-02-01 16:45:00+00:00,2302.799560546875,2310.36669921875,2296.165771484375,2303.20947265625,0
2026-02-01 17:00:00+00:00,2303.7958984375,2318.76171875,2303.7958984375,2318.76171875,0
2026-02-01 17:15:00+00:00,2317.286865234375,2318.591796875,2297.6513671875,2308.369873046875,60280832
2026-02-01 17:30:00+00:00,2313.1630859375,2313.1630859375,2298.5048828125,2303.6552734375,253870080
2026-02-01 17:45:00+00:00,2301.53076171875,2308.74072265625,2297.8115234375,2307.054931640625,107323392
2026-02-01 18:00:00+00:00,2311.88720703125,2356.162109375,2311.88720703125,2356.162109375,259129344
2026-02-01 18:15:00+00:00,2356.6748046875,2372.927001953125,2350.318603515625,2360.8623046875,398102528
2026-02-01 18:30:00+00:00,2358.40380859375,2358.40380859375,2346.587890625,2346.587890625,311541760
2026-02-01 18:45:00+00:00,2342.990966796875,2344.69677734375,2336.0830078125,2341.508544921875,0
2026-02-01 19:00:00+00:00,2349.099609375,2349.099609375,2335.97119140625,2340.059814453125,0
2026-02-01 19:15:00+00:00,2338.5634765625,2339.815185546875,2329.99072265625,2338.178955078125,0
2026-02-01 19:30:00+00:00,2339.4404296875,2343.747802734375,2334.741455078125,2336.111083984375,482463744
2026-02-01 19:45:00+00:00,2336.342529296875,2336.342529296875,2307.048095703125,2314.083251953125,45899776
2026-02-01 20:00:00+00:00,2317.866943359375,2325.298095703125,2311.60546875,2318.297607421875,843112448
2026-02-01 20:15:00+00:00,2316.575927734375,2324.93994140625,2298.761474609375,2298.761474609375,257843200
2026-02-01 20:30:00+00:00,2298.3515625,2340.817626953125,2298.3515625,2331.710205078125,108503040
2026-02-01 20:45:00+00:00,2331.813232421875,2331.813232421875,2312.56640625,2312.56640625,316792832
2026-02-01 21:00:00+00:00,2313.968994140625,2314.763671875,2292.103271484375,2299.315673828125,136454144
2026-02-01 21:15:00+00:00,2299.8037109375,2309.5078125,2294.953369140625,2309.5078125,64630784
2026-02-01 21:30:00+00:00,2307.26318359375,2315.82421875,2301.276611328125,2311.3466796875,7921664
2026-02-01 21:45:00+00:00,2306.50244140625,2306.50244140625,2283.392822265625,2284.408203125,166252544
2026-02-01 22:00:00+00:00,2289.144287109375,2323.856689453125,2288.572021484375,2323.856689453125,398241792
2026-02-01 22:15:00+00:00,2322.167236328125,2322.167236328125,2293.10986328125,2307.3974609375,248934400
2026-02-01 22:30:00+00:00,2312.867919921875,2324.922607421875,2311.3837890625,2321.677734375,99610624
2026-02-01 22:45:00+00:00,2319.402099609375,2322.216796875,2311.4111328125,2320.21142578125,63025152
2026-02-01 23:00:00+00:00,2316.194091796875,2316.194091796875,2225.599365234375,2264.365478515625,755466240
2026-02-01 23:15:00+00:00,2258.344482421875,2259.802734375,2232.57763671875,2253.962158203125,593068032
2026-02-01 23:30:00+00:00,2258.808349609375,2292.854736328125,2249.017822265625,2292.854736328125,1102217216
2026-02-01 23:45:00+00:00,2293.47021484375,2293.47021484375,2266.7041015625,2272.57275390625,193474560
2026-02-02 00:00:00+00:00,2267.340087890625,2293.974609375,2245.606201171875,2293.974609375,56233984
2026-02-02 00:15:00+00:00,2289.687744140625,2316.35498046875,2289.687744140625,2312.56640625,1015746560
2026-02-02 00:30:00+00:00,2312.54052734375,2318.9736328125,2307.892578125,2310.437255859375,354148352
2026-02-02 00:45:00+00:00,2308.656005859375,2308.656005859375,2289.942626953125,2291.189697265625,512225280
2026-02-02 01:00:00+00:00,2291.60986328125,2303.9912109375,2259.28369140625,2259.28369140625,589254656
2026-02-02 01:15:00+00:00,2259.11376953125,2311.382080078125,2252.365234375,2311.382080078125,230797312
2026-02-02 01:30:00+00:00,2308.496826171875,2308.496826171875,2294.739990234375,2303.42236328125,738320384
2026-02-02 01:45:00+00:00,2300.818359375,2300.818359375,2287.78369140625,2292.583740234375,384737280
2026-02-02 02:00:00+00:00,2289.967529296875,2289.967529296875,2276.116455078125,2277.1728515625,96587776
2026-02-02 02:15:00+00:00,2280.62548828125,2295.58251953125,2280.62548828125,2293.429931640625,655081472
2026-02-02 02:30:00+00:00,2292.809814453125,2293.15966796875,2268.759765625,2277.439208984375,207122432
2026-02-02 02:45:00+00:00,2273.140869140625,2273.6875,2260.210205078125,2260.210205078125,0
2026-02-02 03:00:00+00:00,2259.5048828125,2263.287841796875,2240.259033203125,2242.133544921875,662036480
2026-02-02 03:15:00+00:00,2229.189208984375,2229.189208984375,2173.819091796875,2175.18408203125,1193721856
2026-02-02 03:30:00+00:00,2172.939208984375,2196.0419921875,2170.072509765625,2180.6298828125,697315328
2026-02-02 03:45:00+00:00,2177.33740234375,2240.095703125,2177.33740234375,2237.751220703125,1451642880
2026-02-02 04:00:00+00:00,2236.228759765625,2236.228759765625,2207.363037109375,2209.15185546875,897675264
2026-02-02 04:15:00+00:00,2210.788330078125,2258.9111328125,2210.788330078125,2252.66748046875,670416896
2026-02-02 04:30:00+00:00,2260.342529296875,2261.010986328125,2251.609130859375,2254.955810546875,614617088
2026-02-02 04:45:00+00:00,2253.011474609375,2253.011474609375,2239.087158203125,2239.57275390625,228683776
2026-02-02 05:00:00+00:00,2238.30224609375,2238.30224609375,2212.830078125,2212.864990234375,36728832
2026-02-02 05:15:00+00:00,2215.911376953125,2215.911376953125,2186.81689453125,2186.81689453125,838275072
2026-02-02 05:30:00+00:00,2190.325927734375,2203.810546875,2184.7490234375,2202.57275390625,500293632
2026-02-02 05:45:00+00:00,2199.242431640625,2205.080810546875,2188.092529296875,2198.148681640625,242098176
2026-02-02 06:00:00+00:00,2197.04052734375,2197.193115234375,2184.35205078125,2187.81591796875,620449792
2026-02-02 06:15:00+00:00,2192.641845703125,2209.41015625,2190.461669921875,2192.81396484375,500199424
2026-02-02 06:30:00+00:00,2196.023681640625,2217.44189453125,2162.213134765625,2217.44189453125,714051584
2026-02-02 06:45:00+00:00,2216.108642578125,2228.591552734375,2208.8359375,2221.765869140625,1031282688
2026-02-02 07:00:00+00:00,2222.0859375,2244.172119140625,2217.911865234375,2228.31884765625,961150976
2026-02-02 07:15:00+00:00,2225.37451171875,2229.886962890625,2217.951416015625,2224.730224609375,243781632
2026-02-02 07:30:00+00:00,2224.656982421875,2235.176513671875,2224.191650390625,2231.3701171875,607645696
2026-02-02 07:45:00+00:00,2232.310791015625,2243.903564453125,2229.927734375,2229.927734375,153550848
2026-02-02 08:00:00+00:00,2227.29833984375,2243.333251953125,2227.29833984375,2240.49267578125,1067462656
2026-02-02 08:15:00+00:00,2241.302734375,2247.7822265625,2235.59130859375,2235.59130859375,172236800
2026-02-02 08:30:00+00:00,2237.2392578125,2249.025390625,2237.2392578125,2245.921630859375,69627904
2026-02-02 08:45:00+00:00,2246.0390625,2254.87109375,2242.97900390625,2252.47509765625,45899776
2026-02-02 09:00:00+00:00,2247.791259765625,2248.212890625,2237.1982421875,2242.31396484375,58380288
2026-02-02 09:15:00+00:00,2239.849609375,2261.458984375,2237.371826171875,2258.732666015625,266625024
2026-02-02 09:30:00+00:00,2276.68408203125,2292.158203125,2273.4755859375,2286.51513671875,966864896
2026-02-02 09:45:00+00:00,2287.449951171875,2313.541259765625,2287.449951171875,2288.544677734375,629690368
2026-02-02 10:00:00+00:00,2287.917236328125,2295.535888671875,2287.596923828125,2288.57666015625,126672896
2026-02-02 10:15:00+00:00,2286.352294921875,2288.024658203125,2275.7333984375,2283.1533203125,228855808
2026-02-02 10:30:00+00:00,2283.7275390625,2290.08056640625,2272.940185546875,2277.544677734375,82984960
2026-02-02 10:45:00+00:00,2277.739501953125,2278.3603515625,2274.32958984375,2274.864501953125,134934528
2026-02-02 11:00:00+00:00,2275.222412109375,2283.54296875,2273.4189453125,2280.552490234375,744542208
2026-02-02 11:15:00+00:00,2280.73583984375,2280.73583984375,2275.705322265625,2279.0771484375,205406208
2026-02-02 11:30:00+00:00,2280.951171875,2288.826904296875,2280.951171875,2284.5849609375,184332288
2026-02-02 11:45:00+00:00,2286.585693359375,2294.576171875,2278.506103515625,2278.506103515625,220536832
2026-02-02 12:00:00+00:00,2281.918701171875,2293.73193359375,2281.918701171875,2293.73193359375,745938944
2026-02-02 12:15:00+00:00,2296.198974609375,2312.822998046875,2293.651123046875,2308.41064453125,133181440
2026-02-02 12:30:00+00:00,2307.408203125,2307.408203125,2296.28076171875,2298.762451171875,205557760
2026-02-02 12:45:00+00:00,2298.116943359375,2313.658447265625,2297.568359375,2311.324951171875,228311040
2026-02-02 13:00:00+00:00,2309.946044921875,2310.542236328125,2301.8994140625,2306.896484375,280150016
2026-02-02 13:15:00+00:00,2308.247802734375,2319.114990234375,2303.03564453125,2313.26953125,197160960
2026-02-02 13:30:00+00:00,2312.39599609375,2321.2939453125,2306.559814453125,2318.9736328125,275755008
2026-02-02 13:45:00+00:00,2319.517578125,2331.528564453125,2317.126953125,2331.528564453125,65806336
2026-02-02 14:00:00+00:00,2327.9375,2327.9375,2301.042724609375,2306.52734375,490582016
2026-02-02 14:15:00+00:00,2304.499755859375,2317.671630859375,2298.65771484375,2313.743896484375,188731392
2026-02-02 14:30:00+00:00,2315.389404296875,2362.86669921875,2315.389404296875,2352.005615234375,1683816448
2026-02-02 14:45:00+00:00,2351.932861328125,2356.66162109375,2331.196533203125,2331.45947265625,314703872
2026-02-02 15:00:00+00:00,2326.589599609375,2344.9443359375,2321.958251953125,2338.480224609375,385556480
2026-02-02 15:15:00+00:00,2349.403076171875,2376.208251953125,2348.880859375,2362.702392578125,48312320
2026-02-02 15:30:00+00:00,2366.37158203125,2390.296875,2362.099365234375,2374.7353515625,0
2026-02-02 15:45:00+00:00,2375.84619140625,2379.96826171875,2366.104248046875,2370.031005859375,599035904
2026-02-02 16:00:00+00:00,2370.353515625,2378.5751953125,2365.443115234375,2377.1806640625,956780544
2026-02-02 16:15:00+00:00,2375.47412109375,2384.292236328125,2371.411376953125,2371.597900390625,2768896
2026-02-02 16:30:00+00:00,2382.223388671875,2384.48388671875,2368.6689453125,2372.105224609375,20525056
2026-02-02 16:45:00+00:00,2371.41064453125,2371.41064453125,2350.547607421875,2358.16259765625,780185600
2026-02-02 17:00:00+00:00,2357.60107421875,2375.66552734375,2357.60107421875,2375.62646484375,50585600
2026-02-02 17:15:00+00:00,2373.443603515625,2377.545654296875,2365.57568359375,2365.965576171875,0
2026-02-02 17:30:00+00:00,2364.69970703125,2370.80419921875,2347.410400390625,2350.794921875,15888384
2026-02-02 17:45:00+00:00,2352.3603515625,2358.785400390625,2348.080322265625,2353.023193359375,104435712
2026-02-02 18:00:00+00:00,2355.109130859375,2355.109130859375,2339.08984375,2339.08984375,229441536
2026-02-02 18:15:00+00:00,2342.640380859375,2344.15966796875,2333.83740234375,2333.83740234375,0
2026-02-02 18:30:00+00:00,2334.885986328125,2355.333251953125,2334.885986328125,2345.270751953125,562974720
2026-02-02 18:45:00+00:00,2344.8251953125,2348.50146484375,2344.072509765625,2344.072509765625,9961472
2026-02-02 19:00:00+00:00,2343.500732421875,2346.751708984375,2338.95263671875,2345.966796875,73531392
2026-02-02 19:15:00+00:00,2343.83935546875,2346.9580078125,2336.975341796875,2336.975341796875,13520896
2026-02-02 19:30:00+00:00,2340.589599609375,2340.589599609375,2331.458251953125,2336.542724609375,193654784
2026-02-02 19:45:00+00:00,2339.518798828125,2339.518798828125,2328.5986328125,2336.821044921875,0
2026-02-02 20:00:00+00:00,2330.8671875,2337.146240234375,2326.56005859375,2326.784423828125,113827840
2026-02-02 20:15:00+00:00,2326.020751953125,2329.741943359375,2322.808837890625,2328.583984375,677462016
2026-02-02 20:30:00+00:00,2326.301025390625,2326.301025390625,2312.770263671875,2316.062255859375,610226176
2026-02-02 20:45:00+00:00,2316.392333984375,2319.438720703125,2313.498779296875,2318.9287109375,161906688
2026-02-02 21:00:00+00:00,2319.251708984375,2335.538330078125,2319.251708984375,2332.71630859375,14131200
2026-02-02 21:15:00+00:00,2333.05078125,2335.45166015625,2328.201416015625,2328.201416015625,0
2026-02-02 21:30:00+00:00,2330.861328125,2340.287353515625,2330.861328125,2339.36328125,169189376
2026-02-02 21:45:00+00:00,2336.79248046875,2341.606201171875,2336.79248046875,2339.275634765625,0
2026-02-02 22:00:00+00:00,2339.728271484375,2348.672607421875,2339.728271484375,2342.613525390625,47259648
2026-02-02 22:15:00+00:00,2342.27197265625,2342.27197265625,2335.765869140625,2339.506103515625,0
2026-02-02 22:30:00+00:00,2340.0048828125,2351.3427734375,2340.0048828125,2349.83984375,689061888
2026-02-02 22:45:00+00:00,2349.55908203125,2350.1259765625,2344.568359375,2347.579345703125,34619392
2026-02-02 23:00:00+00:00,2349.181884765625,2352.507080078125,2346.12109375,2350.037841796875,0
2026-02-02 23:15:00+00:00,2350.179931640625,2350.54345703125,2338.798583984375,2338.798583984375,0
2026-02-02 23:30:00+00:00,2339.501708984375,2351.20849609375,2339.501708984375,2349.15087890625,0
2026-02-02 23:45:00+00:00,2347.181640625,2348.45947265625,2343.45556640625,2344.30224609375,753168384
2026-02-03 00:00:00+00:00,2344.615234375,2344.647705078125,2324.60009765625,2326.190673828125,0
2026-02-03 00:15:00+00:00,2331.94140625,2342.76953125,2331.611572265625,2342.76953125,9834496
2026-02-03 00:30:00+00:00,2344.223876953125,2344.428955078125,2336.98388671875,2344.428955078125,71335936
2026-02-03 00:45:00+00:00,2345.435791015625,2351.0283203125,2342.247802734375,2351.0283203125,36196352
2026-02-03 01:00:00+00:00,2352.181884765625,2356.781494140625,2342.6455078125,2346.02734375,1830912
2026-02-03 01:15:00+00:00,2346.41259765625,2348.942138671875,2337.62158203125,2348.942138671875,0
2026-02-03 01:30:00+00:00,2349.573974609375,2349.573974609375,2343.11767578125,2346.555419921875,30969856
2026-02-03 01:45:00+00:00,2349.728759765625,2352.628662109375,2346.90234375,2351.576416015625,552898560
2026-02-03 02:00:00+00:00,2352.174560546875,2352.174560546875,2328.8271484375,2330.10693359375,0
2026-02-03 02:15:00+00:00,2327.115478515625,2338.078857421875,2327.115478515625,2328.083984375,0
2026-02-03 02:30:00+00:00,2328.122802734375,2328.122802734375,2314.77587890625,2315.96044921875,623566848
2026-02-03 02:45:00+00:00,2314.008056640625,2315.12451171875,2297.692138671875,2297.692138671875,16445440
2026-02-03 03:00:00+00:00,2296.74609375,2303.9208984375,2285.41796875,2303.42236328125,0
2026-02-03 03:15:00+00:00,2302.347900390625,2312.61865234375,2291.976318359375,2312.61865234375,269410304
2026-02-03 03:30:00+00:00,2312.720703125,2329.51025390625,2311.401123046875,2327.63818359375,0
2026-02-03 03:45:00+00:00,2325.916259765625,2341.289306640625,2322.126220703125,2341.289306640625,450338816
2026-02-03 04:00:00+00:00,2341.42236328125,2345.648193359375,2335.623046875,2343.83935546875,114167808
2026-02-03 04:15:00+00:00,2344.609375,2344.861328125,2332.951904296875,2332.951904296875,77475840
2026-02-03 04:30:00+00:00,2331.828125,2351.616943359375,2331.828125,2351.616943359375,173187072
2026-02-03 04:45:00+00:00,2351.48046875,2351.48046875,2343.185302734375,2343.185302734375,52531200
2026-02-03 05:00:00+00:00,2343.48583984375,2343.48583984375,2325.53466796875,2325.53466796875,63315968
2026-02-03 05:15:00+00:00,2324.914306640625,2327.73681640625,2318.081787109375,2326.069091796875,109887488
2026-02-03 05:30:00+00:00,2326.77587890625,2327.794921875,2318.799072265625,2318.799072265625,0
2026-02-03 05:45:00+00:00,2320.20361328125,2325.096435546875,2314.730224609375,2314.730224609375,534183936
2026-02-03 06:00:00+00:00,2314.2275390625,2317.85107421875,2299.25341796875,2304.139892578125,0
2026-02-03 06:15:00+00:00,2304.062255859375,2317.66064453125,2304.062255859375,2317.66064453125,0
2026-02-03 06:30:00+00:00,2322.647216796875,2323.224365234375,2317.62451171875,2317.975830078125,443031552
2026-02-03 06:45:00+00:00,2316.62841796875,2321.609375,2316.4033203125,2320.02685546875,0
2026-02-03 07:00:00+00:00,2319.447265625,2324.9873046875,2312.925537109375,2323.633056640625,0
2026-02-03 07:15:00+00:00,2322.00927734375,2322.00927734375,2316.4541015625,2321.138671875,344293376
2026-02-03 07:30:00+00:00,2319.481201171875,2330.089599609375,2319.481201171875,2325.287841796875,616714240
2026-02-03 07:45:00+00:00,2326.643310546875,2326.643310546875,2320.824951171875,2320.824951171875,0
2026-02-03 08:00:00+00:00,2320.2890625,2321.71630859375,2313.47265625,2313.47265625,360706048
2026-02-03 08:15:00+00:00,2309.346435546875,2328.27880859375,2309.113037109375,2328.27880859375,142569472
2026-02-03 08:30:00+00:00,2328.27880859375,2328.27880859375,2320.48388671875,2325.822021484375,590508032
2026-02-03 08:45:00+00:00,2326.12744140625,2326.63134765625,2313.66259765625,2314.1015625,216530944
2026-02-03 09:00:00+00:00,2314.108642578125,2315.390869140625,2289.851806640625,2289.851806640625,193486848
2026-02-03 09:15:00+00:00,2285.377197265625,2288.465576171875,2272.49755859375,2272.49755859375,582184960
2026-02-03 09:30:00+00:00,2273.522216796875,2292.687255859375,2273.522216796875,2292.4599609375,38146048
2026-02-03 09:45:00+00:00,2291.955078125,2294.39599609375,2288.92724609375,2290.041015625,305266688
2026-02-03 10:00:00+00:00,2290.498291015625,2296.07666015625,2287.184326171875,2293.747314453125,0
2026-02-03 10:15:00+00:00,2293.12451171875,2293.19384765625,2284.137451171875,2291.048583984375,0
2026-02-03 10:30:00+00:00,2292.048828125,2292.048828125,2275.84033203125,2275.84033203125,269602816
2026-02-03 10:45:00+00:00,2277.7265625,2281.826416015625,2277.36865234375,2279.587646484375,536006656
2026-02-03 11:00:00+00:00,2279.989501953125,2284.553955078125,2277.6796875,2277.72119140625,0
2026-02-03 11:15:00+00:00,2278.54541015625,2281.708740234375,2272.2294921875,2272.2294921875,0
2026-02-03 11:30:00+00:00,2271.207763671875,2277.70458984375,2269.692138671875,2275.884765625,240459776
2026-02-03 11:45:00+00:00,2275.168701171875,2284.23486328125,2275.168701171875,2275.25048828125,244129792
2026-02-03 12:00:00+00:00,2274.267578125,2280.244140625,2271.891845703125,2280.244140625,0
2026-02-03 12:15:00+00:00,2289.961669921875,2290.81884765625,2284.422607421875,2290.81884765625,264542208
2026-02-03 12:30:00+00:00,2292.96728515625,2294.935302734375,2287.117431640625,2292.65869140625,295475200
2026-02-03 12:45:00+00:00,2292.0556640625,2302.94873046875,2292.0556640625,2301.085693359375,262801408
2026-02-03 13:00:00+00:00,2299.5068359375,2305.74951171875,2296.91796875,2299.9755859375,277864448
2026-02-03 13:15:00+00:00,2301.2294921875,2303.466552734375,2295.54052734375,2299.982421875,0
2026-02-03 13:30:00+00:00,2304.083251953125,2308.913330078125,2300.8369140625,2306.321044921875,223041536
2026-02-03 13:45:00+00:00,2305.9326171875,2312.074462890625,2303.304931640625,2312.074462890625,192149504
2026-02-03 14:00:00+00:00,2309.601318359375,2313.888916015625,2306.885986328125,2307.4189453125,0
2026-02-03 14:15:00+00:00,2310.032470703125,2311.115234375,2297.871826171875,2304.787841796875,0
2026-02-03 14:30:00+00:00,2306.33740234375,2306.651123046875,2276.076171875,2276.076171875,0
2026-02-03 14:45:00+00:00,2280.094482421875,2292.0244140625,2257.37060546875,2257.37060546875,398809088
2026-02-03 15:00:00+00:00,2255.861572265625,2272.9130859375,2252.73046875,2257.941650390625,158113792
2026-02-03 15:15:00+00:00,2256.03515625,2303.323486328125,2256.03515625,2297.33056640625,234260480
2026-02-03 15:30:00+00:00,2292.221923828125,2304.2880859375,2280.7646484375,2280.7646484375,228315136
2026-02-03 15:45:00+00:00,2279.53759765625,2303.793701171875,2275.97998046875,2303.793701171875,97527808
2026-02-03 16:00:00+00:00,2301.6767578125,2301.6767578125,2274.421142578125,2276.444580078125,306681856
2026-02-03 16:15:00+00:00,2274.6669921875,2276.079345703125,2257.159423828125,2262.0986328125,410871808
2026-02-03 16:30:00+00:00,2253.964599609375,2255.406982421875,2244.75390625,2244.936279296875,716564480
2026-02-03 16:45:00+00:00,2246.110595703125,2246.110595703125,2237.473388671875,2243.611083984375,586260480
2026-02-03 17:00:00+00:00,2240.327880859375,2240.812255859375,2219.4150390625,2221.251220703125,84557824
2026-02-03 17:15:00+00:00,2219.56494140625,2234.15625,2218.50048828125,2227.334716796875,1046759424
2026-02-03 17:30:00+00:00,2228.090087890625,2229.944091796875,2204.662353515625,2204.662353515625,413720576
2026-02-03 17:45:00+00:00,2204.37060546875,2213.921142578125,2198.969970703125,2198.969970703125,2300002304
2026-02-03 18:00:00+00:00,2201.943359375,2201.943359375,2175.203857421875,2175.203857421875,1188591616
2026-02-03 18:15:00+00:00,2173.673095703125,2176.19970703125,2127.982177734375,2137.044189453125,1123074048
2026-02-03 18:30:00+00:00,2134.384033203125,2142.48388671875,2124.737548828125,2124.737548828125,846839808
2026-02-03 18:45:00+00:00,2125.2548828125,2129.008056640625,2110.294189453125,2122.767333984375,1077858304
2026-02-03 19:00:00+00:00,2120.018310546875,2177.745849609375,2114.710693359375,2177.745849609375,325906432
2026-02-03 19:15:00+00:00,2177.71728515625,2191.21142578125,2167.893310546875,2177.023681640625,1543950336
2026-02-03 19:30:00+00:00,2184.348876953125,2209.777099609375,2184.348876953125,2199.010009765625,1158680576
2026-02-03 19:45:00+00:00,2195.99462890625,2208.99951171875,2186.072998046875,2207.01611328125,297963520
2026-02-03 20:00:00+00:00,2204.081787109375,2204.868896484375,2188.62744140625,2190.133544921875,508276736
2026-02-03 20:15:00+00:00,2189.60107421875,2248.385986328125,2187.22607421875,2246.220458984375,756641792
2026-02-03 20:30:00+00:00,2246.1298828125,2305.771728515625,2246.1298828125,2297.30322265625,2386710528
2026-02-03 20:45:00+00:00,2293.123779296875,2301.77490234375,2289.29736328125,2290.723388671875,559964160
2026-02-03 21:00:00+00:00,2297.20556640625,2331.642578125,2296.63916015625,2316.381591796875,1288024064
2026-02-03 21:15:00+00:00,2315.694091796875,2317.35791015625,2298.004150390625,2298.93994140625,469364736
2026-02-03 21:30:00+00:00,2297.525146484375,2302.141357421875,2287.0712890625,2292.375244140625,360747008
2026-02-03 21:45:00+00:00,2292.661376953125,2295.861083984375,2280.03369140625,2281.973388671875,363970560
2026-02-03 22:00:00+00:00,2281.131103515625,2281.131103515625,2255.52734375,2260.282958984375,168677376
2026-02-03 22:15:00+00:00,2260.334716796875,2271.699951171875,2252.60888671875,2266.56103515625,540422144
2026-02-03 22:30:00+00:00,2264.059814453125,2266.467041015625,2253.239013671875,2253.239013671875,174780416
2026-02-03 22:45:00+00:00,2253.508056640625,2253.508056640625,2228.75634765625,2232.2294921875,329838592
2026-02-03 23:00:00+00:00,2233.497314453125,2233.497314453125,2214.032958984375,2230.77783203125,986853376
2026-02-03 23:15:00+00:00,2232.7294921875,2238.445556640625,2225.786376953125,2234.6669921875,166342656
2026-02-03 23:30:00+00:00,2232.362060546875,2244.19384765625,2232.362060546875,2235.655517578125,333578240
2026-02-03 23:45:00+00:00,2235.28564453125,2235.28564453125,2218.10693359375,2226.83349609375,116715520
2026-02-04 00:00:00+00:00,2228.46630859375,2228.46630859375,2223.947265625,2225.972412109375,488288256
2026-02-04 00:15:00+00:00,2223.07373046875,2245.29833984375,2223.07373046875,2242.16259765625,228646912
2026-02-04 00:30:00+00:00,2244.030029296875,2252.40283203125,2241.044677734375,2246.835693359375,767115264
2026-02-04 00:45:00+00:00,2245.85107421875,2249.13916015625,2236.56494140625,2237.656005859375,112324608
2026-02-04 01:00:00+00:00,2237.663818359375,2271.09912109375,2237.663818359375,2270.25244140625,259633152
2026-02-04 01:15:00+00:00,2270.552490234375,2272.8173828125,2262.562744140625,2267.493408203125,111271936
2026-02-04 01:30:00+00:00,2267.538818359375,2276.955810546875,2266.928466796875,2275.768798828125,299995136
2026-02-04 01:45:00+00:00,2272.459228515625,2272.459228515625,2256.442138671875,2265.115234375,208297984
2026-02-04 02:00:00+00:00,2265.61474609375,2271.96142578125,2263.156005859375,2263.863037109375,51933184
2026-02-04 02:15:00+00:00,2262.859619140625,2271.65478515625,2257.51953125,2257.51953125,354111488
2026-02-04 02:30:00+00:00,2257.5791015625,2257.856689453125,2244.9033203125,2247.08154296875,0
2026-02-04 02:45:00+00:00,2252.164306640625,2254.370361328125,2242.286376953125,2249.512939453125,664694784
2026-02-04 03:00:00+00:00,2248.79736328125,2274.881591796875,2248.143798828125,2272.107177734375,87883776
2026-02-04 03:15:00+00:00,2273.203857421875,2273.203857421875,2262.828125,2262.828125,136298496
2026-02-04 03:30:00+00:00,2264.24560546875,2291.13134765625,2264.24560546875,2283.230224609375,67743744
2026-02-04 03:45:00+00:00,2280.120849609375,2281.702392578125,2276.865234375,2280.9033203125,277151744
2026-02-04 04:00:00+00:00,2280.414794921875,2286.1142578125,2276.782470703125,2283.86474609375,21319680
2026-02-04 04:15:00+00:00,2281.75341796875,2281.75341796875,2274.027099609375,2275.87548828125,19562496
2026-02-04 04:30:00+00:00,2272.722900390625,2278.35888671875,2272.722900390625,2273.1767578125,0
2026-02-04 04:45:00+00:00,2272.294189453125,2273.39697265625,2269.3291015625,2270.365478515625,61874176
2026-02-04 05:00:00+00:00,2270.814453125,2276.5791015625,2268.85009765625,2276.5791015625,0
2026-02-04 05:15:00+00:00,2275.9443359375,2275.9443359375,2266.1103515625,2271.128173828125,120705024
2026-02-04 05:30:00+00:00,2270.403076171875,2270.403076171875,2260.7744140625,2261.977783203125,33349632
2026-02-04 05:45:00+00:00,2261.35205078125,2264.348388671875,2254.686767578125,2260.62548828125,210010112
2026-02-04 06:00:00+00:00,2262.070068359375,2273.279296875,2258.104736328125,2272.869873046875,0
2026-02-04 06:15:00+00:00,2271.886962890625,2271.886962890625,2262.77099609375,2265.386962890625,20434944
2026-02-04 06:30:00+00:00,2266.269775390625,2278.591552734375,2264.900634765625,2276.215087890625,62439424
2026-02-04 06:45:00+00:00,2275.637451171875,2278.986083984375,2272.009765625,2273.896728515625,94760960
2026-02-04 07:00:00+00:00,2274.010498046875,2276.59130859375,2262.62451171875,2276.59130859375,21053440
2026-02-04 07:15:00+00:00,2279.463134765625,2279.463134765625,2272.117919921875,2272.68701171875,378105856
2026-02-04 07:30:00+00:00,2277.755615234375,2287.268798828125,2277.03369140625,2285.86572265625,296243200
2026-02-04 07:45:00+00:00,2285.5849609375,2286.38330078125,2279.25341796875,2279.25341796875,115896320
2026-02-04 08:00:00+00:00,2280.50927734375,2281.689697265625,2271.859619140625,2276.544677734375,63614976
2026-02-04 08:15:00+00:00,2277.000244140625,2281.59814453125,2266.391845703125,2269.751708984375,90304512
2026-02-04 08:30:00+00:00,2267.572265625,2274.0146484375,2265.171142578125,2273.041748046875,203665408
2026-02-04 08:45:00+00:00,2274.503173828125,2280.087158203125,2274.360107421875,2275.671875,64417792
2026-02-04 09:00:00+00:00,2276.796875,2276.796875,2269.4404296875,2269.4404296875,10211328
2026-02-04 09:15:00+00:00,2267.769775390625,2267.769775390625,2257.0068359375,2257.0068359375,63135744
2026-02-04 09:30:00+00:00,2257.642333984375,2259.9912109375,2250.583984375,2253.502197265625,33505280
2026-02-04 09:45:00+00:00,2251.81201171875,2260.6171875,2251.81201171875,2258.02001953125,121470976
2026-02-04 10:00:00+00:00,2257.185546875,2258.72705078125,2248.593994140625,2249.780517578125,0
2026-02-04 10:15:00+00:00,2250.747802734375,2255.991943359375,2250.747802734375,2252.743408203125,131489792
2026-02-04 10:30:00+00:00,2253.369873046875,2258.440673828125,2253.369873046875,2256.3349609375,70184960
2026-02-04 10:45:00+00:00,2256.385009765625,2260.45654296875,2256.007568359375,2258.0888671875,29052928
2026-02-04 11:00:00+00:00,2256.830322265625,2256.830322265625,2226.084716796875,2229.740234375,892919808
2026-02-04 11:15:00+00:00,2230.052001953125,2240.262939453125,2226.90869140625,2240.251708984375,297795584
2026-02-04 11:30:00+00:00,2238.83251953125,2262.71484375,2238.39208984375,2252.119384765625,0
2026-02-04 11:45:00+00:00,2251.808349609375,2257.31787109375,2251.716552734375,2254.01220703125,183848960
2026-02-04 12:00:00+00:00,2253.403076171875,2254.3125,2250.9521484375,2253.044677734375,57610240
2026-02-04 12:15:00+00:00,2252.565673828125,2258.70703125,2234.17138671875,2234.17138671875,53514240
2026-02-04 12:30:00+00:00,2231.65966796875,2240.693359375,2231.65966796875,2236.59912109375,547131392
2026-02-04 12:45:00+00:00,2237.324462890625,2242.747802734375,2236.080078125,2241.80517578125,54308864
2026-02-04 13:00:00+00:00,2241.002685546875,2241.377685546875,2236.01416015625,2240.498779296875,574480384
2026-02-04 13:15:00+00:00,2239.52197265625,2239.52197265625,2224.43798828125,2229.74072265625,261472256
2026-02-04 13:30:00+00:00,2230.07373046875,2231.08251953125,2208.78369140625,2209.615234375,384413696
2026-02-04 13:45:00+00:00,2208.14794921875,2211.60986328125,2195.895263671875,2195.940185546875,333250560
2026-02-04 14:00:00+00:00,2195.27490234375,2203.602294921875,2191.072021484375,2198.9404296875,775864320
2026-02-04 14:15:00+00:00,2199.75439453125,2205.168212890625,2196.99267578125,2199.237548828125,284938240
2026-02-04 14:30:00+00:00,2199.15478515625,2214.2607421875,2177.164794921875,2206.747802734375,307265536
2026-02-04 14:45:00+00:00,2198.0751953125,2206.6728515625,2169.734375,2169.734375,648491008
2026-02-04 15:00:00+00:00,2168.81396484375,2180.36865234375,2151.236572265625,2178.623779296875,1085812736
2026-02-04 15:15:00+00:00,2176.1591796875,2185.759033203125,2163.131591796875,2173.650390625,198729728
2026-02-04 15:30:00+00:00,2177.62939453125,2177.62939453125,2137.184326171875,2156.4501953125,340344832
2026-02-04 15:45:00+00:00,2153.87451171875,2155.7255859375,2140.185302734375,2151.681396484375,510996480
2026-02-04 16:00:00+00:00,2149.0078125,2151.5732421875,2130.04443359375,2143.621826171875,133898240
2026-02-04 16:15:00+00:00,2140.020751953125,2141.169677734375,2114.166259765625,2131.17919921875,992075776
2026-02-04 16:30:00+00:00,2134.946533203125,2134.946533203125,2106.1376953125,2114.97802734375,524165120
2026-02-04 16:45:00+00:00,2112.720947265625,2133.344482421875,2111.151611328125,2132.611572265625,0
2026-02-04 17:00:00+00:00,2131.29443359375,2139.96240234375,2112.181640625,2138.860107421875,162426880
2026-02-04 17:15:00+00:00,2137.01806640625,2148.71533203125,2104.72216796875,2104.72216796875,959700992
2026-02-04 17:30:00+00:00,2105.34033203125,2117.448974609375,2097.6474609375,2116.41259765625,1051291648
2026-02-04 17:45:00+00:00,2116.246826171875,2126.9638671875,2108.224365234375,2122.892333984375,0
2026-02-04 18:00:00+00:00,2121.353515625,2121.353515625,2084.583740234375,2087.790771484375,453775360
2026-02-04 18:15:00+00:00,2087.609375,2100.135498046875,2074.491455078125,2100.135498046875,429453312
2026-02-04 18:30:00+00:00,2120.946044921875,2168.82421875,2120.946044921875,2166.053955078125,1205751808
2026-02-04 18:45:00+00:00,2164.32958984375,2164.32958984375,2144.73291015625,2148.32958984375,428236800
2026-02-04 19:00:00+00:00,2142.76123046875,2160.089111328125,2142.76123046875,2147.711669921875,486170624
2026-02-04 19:15:00+00:00,2148.245849609375,2156.482421875,2130.1044921875,2132.477294921875,0
2026-02-04 19:30:00+00:00,2132.5,2149.677490234375,2130.755615234375,2149.677490234375,197431296
2026-02-04 19:45:00+00:00,2149.78759765625,2183.783447265625,2149.053466796875,2183.359619140625,56963072
2026-02-04 20:00:00+00:00,2183.682861328125,2183.682861328125,2162.003173828125,2162.003173828125,635998208
2026-02-04 20:15:00+00:00,2162.92236328125,2172.24755859375,2162.635498046875,2167.395751953125,18706432
2026-02-04 20:30:00+00:00,2166.53955078125,2170.30615234375,2158.840087890625,2169.339599609375,0
2026-02-04 20:45:00+00:00,2167.9404296875,2170.03076171875,2164.276123046875,2167.014892578125,0
2026-02-04 21:00:00+00:00,2166.84814453125,2172.178466796875,2155.76904296875,2159.67626953125,0
2026-02-04 21:15:00+00:00,2159.764404296875,2159.764404296875,2137.349365234375,2137.349365234375,62881792
2026-02-04 21:30:00+00:00,2138.220947265625,2143.88037109375,2130.7509765625,2130.7509765625,622370816
2026-02-04 21:45:00+00:00,2118.7177734375,2124.5546875,2105.76611328125,2124.5546875,196022272
2026-02-04 22:00:00+00:00,2124.9736328125,2126.490966796875,2086.8896484375,2105.16259765625,104038400
2026-02-04 22:15:00+00:00,2108.53173828125,2161.858154296875,2108.53173828125,2161.858154296875,217055232
2026-02-04 22:30:00+00:00,2159.4638671875,2159.4638671875,2134.959716796875,2134.959716796875,1131921408
2026-02-04 22:45:00+00:00,2125.58154296875,2134.87158203125,2113.381591796875,2115.184326171875,0
2026-02-04 23:00:00+00:00,2116.65771484375,2124.659912109375,2112.012451171875,2124.659912109375,459931648
2026-02-04 23:15:00+00:00,2127.546630859375,2149.71044921875,2127.546630859375,2149.71044921875,439062528
2026-02-04 23:30:00+00:00,2149.53466796875,2159.254150390625,2149.241455078125,2156.22119140625,230707200
2026-02-04 23:45:00+00:00,2152.128173828125,2154.376220703125,2143.537353515625,2144.047607421875,2125824
2026-02-05 00:00:00+00:00,2143.185302734375,2143.185302734375,2133.782958984375,2133.782958984375,0
2026-02-05 00:15:00+00:00,2132.560791015625,2156.55908203125,2132.560791015625,2156.55908203125,112390144
2026-02-05 00:30:00+00:00,2157.550537109375,2157.550537109375,2143.720458984375,2153.44921875,676241408
2026-02-05 00:45:00+00:00,2151.655517578125,2151.655517578125,2144.42626953125,2144.885986328125,8192000
2026-02-05 01:00:00+00:00,2145.560302734375,2164.244873046875,2144.744873046875,2163.710205078125,0
2026-02-05 01:15:00+00:00,2161.552490234375,2161.552490234375,2121.850341796875,2138.8212890625,0
2026-02-05 01:30:00+00:00,2157.560302734375,2161.949951171875,2140.855712890625,2147.291748046875,1778470912
2026-02-05 01:45:00+00:00,2150.52978515625,2153.05126953125,2142.17333984375,2145.7236328125,62603264
2026-02-05 02:00:00+00:00,2143.270263671875,2147.013427734375,2123.575439453125,2123.575439453125,559153152
2026-02-05 02:15:00+00:00,2121.2509765625,2134.346923828125,2114.525146484375,2130.251708984375,282902528
2026-02-05 02:30:00+00:00,2132.7578125,2157.43505859375,2132.7578125,2157.43505859375,44998656
2026-02-05 02:45:00+00:00,2154.198974609375,2154.198974609375,2125.4609375,2126.613037109375,803233792
2026-02-05 03:00:00+00:00,2119.50537109375,2129.654541015625,2111.7373046875,2111.7373046875,1208860672
2026-02-05 03:15:00+00:00,2113.46044921875,2118.832763671875,2099.601318359375,2107.606201171875,1144512512
2026-02-05 03:30:00+00:00,2108.426513671875,2112.597412109375,2103.45068359375,2112.597412109375,145104896
2026-02-05 03:45:00+00:00,2110.2666015625,2113.154052734375,2104.270263671875,2104.270263671875,59281408
2026-02-05 04:00:00+00:00,2105.91259765625,2107.494140625,2085.17578125,2098.79931640625,307363840
2026-02-05 04:15:00+00:00,2086.47705078125,2101.898193359375,2085.271728515625,2090.6142578125,501682176
2026-02-05 04:30:00+00:00,2092.2314453125,2119.638671875,2090.702392578125,2117.3466796875,2008698880
2026-02-05 04:45:00+00:00,2117.723876953125,2117.723876953125,2093.705078125,2098.530029296875,857395200
2026-02-05 05:00:00+00:00,2099.759033203125,2106.487060546875,2095.548095703125,2104.80078125,52453376
2026-02-05 05:15:00+00:00,2105.300537109375,2107.27392578125,2075.583251953125,2089.047119140625,1147404288
2026-02-05 05:30:00+00:00,2092.31396484375,2115.064208984375,2084.720458984375,2114.689697265625,23027712
2026-02-05 05:45:00+00:00,2114.95166015625,2114.95166015625,2090.140869140625,2097.16845703125,1132593152
2026-02-05 06:00:00+00:00,2096.9384765625,2100.951171875,2077.44091796875,2088.39111328125,6029312
2026-02-05 06:15:00+00:00,2088.661865234375,2091.647705078125,2075.92578125,2075.92578125,1219117056
2026-02-05 06:30:00+00:00,2074.76513671875,2088.824462890625,2074.76513671875,2088.19287109375,193794048
2026-02-05 06:45:00+00:00,2085.799560546875,2092.133544921875,2071.10888671875,2082.931396484375,1214124032
2026-02-05 07:00:00+00:00,2083.005859375,2113.391357421875,2083.005859375,2103.790771484375,455303168
2026-02-05 07:15:00+00:00,2102.09033203125,2118.344482421875,2099.104736328125,2117.384033203125,150380544
2026-02-05 07:30:00+00:00,2113.525146484375,2113.525146484375,2094.34765625,2096.37548828125,54968320
2026-02-05 07:45:00+00:00,2098.50634765625,2099.79541015625,2084.8583984375,2085.529296875,708075520
2026-02-05 08:00:00+00:00,2086.41455078125,2100.168212890625,2086.41455078125,2098.029541015625,170127360
2026-02-05 08:15:00+00:00,2098.107666015625,2110.47705078125,2095.92431640625,2108.628662109375,390561792
2026-02-05 08:30:00+00:00,2108.57275390625,2115.98193359375,2105.763427734375,2111.137939453125,1141260288
2026-02-05 08:45:00+00:00,2111.10546875,2114.0068359375,2105.928955078125,2111.958740234375,668737536
2026-02-05 09:00:00+00:00,2107.756591796875,2136.615478515625,2107.756591796875,2136.615478515625,754372608
2026-02-05 09:15:00+00:00,2136.425537109375,2142.76171875,2132.11376953125,2132.703369140625,146030592
2026-02-05 09:30:00+00:00,2134.0361328125,2137.9541015625,2126.83740234375,2127.404541015625,517320704
2026-02-05 09:45:00+00:00,2126.52392578125,2132.25732421875,2125.205078125,2129.334716796875,42983424
2026-02-05 10:00:00+00:00,2129.595947265625,2130.402099609375,2119.19189453125,2123.496826171875,36315136
2026-02-05 10:15:00+00:00,2127.853271484375,2135.250732421875,2127.7421875,2135.20654296875,792903680
2026-02-05 10:30:00+00:00,2135.061279296875,2135.061279296875,2121.484619140625,2121.484619140625,43266048
2026-02-05 10:45:00+00:00,2119.97265625,2119.97265625,2087.972900390625,2091.323974609375,311390208
2026-02-05 11:00:00+00:00,2093.613525390625,2100.35009765625,2085.361083984375,2085.361083984375,439246848
2026-02-05 11:15:00+00:00,2082.844970703125,2090.890625,2063.676513671875,2063.676513671875,314540032
2026-02-05 11:30:00+00:00,2065.572265625,2090.7138671875,2065.567138671875,2088.612548828125,743407616
2026-02-05 11:45:00+00:00,2085.785400390625,2085.785400390625,2072.119140625,2075.181396484375,904986624
2026-02-05 12:00:00+00:00,2075.918212890625,2086.932373046875,2069.447265625,2073.34326171875,265289728
2026-02-05 12:15:00+00:00,2069.052490234375,2071.9873046875,2049.71728515625,2071.761474609375,421003264
2026-02-05 12:30:00+00:00,2067.039306640625,2071.260986328125,2052.293701171875,2052.293701171875,294834176
2026-02-05 12:45:00+00:00,2053.903076171875,2064.58544921875,2045.15185546875,2060.290771484375,2036273152
2026-02-05 13:00:00+00:00,2059.56494140625,2069.7587890625,2056.722900390625,2062.66064453125,692719616
2026-02-05 13:15:00+00:00,2055.583984375,2057.495361328125,2048.5205078125,2049.25830078125,241065984
2026-02-05 13:30:00+00:00,2049.265869140625,2060.12744140625,2048.4384765625,2052.871826171875,367587328
2026-02-05 13:45:00+00:00,2052.761962890625,2058.340576171875,2050.52490234375,2052.367919921875,0
2026-02-05 14:00:00+00:00,2054.669189453125,2075.75439453125,2054.669189453125,2063.51171875,183349248
2026-02-05 14:15:00+00:00,2061.454833984375,2072.30615234375,2053.391845703125,2072.30615234375,438468608
2026-02-05 14:30:00+00:00,2073.7724609375,2096.009521484375,2070.570556640625,2085.93798828125,282161152
2026-02-05 14:45:00+00:00,2085.36376953125,2085.36376953125,2045.100830078125,2045.100830078125,91058176
2026-02-05 15:00:00+00:00,2044.650634765625,2044.650634765625,1995.9312744140625,1999.308349609375,254427136
2026-02-05 15:15:00+00:00,1993.5450439453125,2005.8343505859375,1941.4505615234375,1941.4505615234375,738869248
2026-02-05 15:30:00+00:00,1930.5733642578125,1962.63818359375,1927.3572998046875,1962.0740966796875,1517715456
2026-02-05 15:45:00+00:00,1960.794189453125,1978.8153076171875,1941.4029541015625,1956.20703125,154394624
2026-02-05 16:00:00+00:00,1958.8409423828125,1961.8817138671875,1942.4422607421875,1948.4188232421875,1658085376
2026-02-05 16:15:00+00:00,1950.9375,1986.529052734375,1950.9375,1985.3250732421875,0
2026-02-05 16:30:00+00:00,1981.8453369140625,1989.3399658203125,1972.6851806640625,1972.6851806640625,2002264064
2026-02-05 16:45:00+00:00,1970.7470703125,2008.1112060546875,1961.52294921875,1993.453369140625,235474944
2026-02-05 17:00:00+00:00,1994.83154296875,1994.83154296875,1967.8492431640625,1972.7882080078125,310689792
2026-02-05 17:15:00+00:00,1973.7703857421875,1983.0546875,1944.498046875,1976.071044921875,1426202624
2026-02-05 17:30:00+00:00,1977.22802734375,1977.22802734375,1952.4775390625,1970.0111083984375,1534140416
2026-02-05 17:45:00+00:00,1969.0703125,1974.080078125,1951.523681640625,1951.523681640625,13205504
2026-02-05 18:00:00+00:00,1950.9522705078125,1961.0750732421875,1949.724853515625,1957.0230712890625,370163712
2026-02-05 18:15:00+00:00,1958.7938232421875,1961.041748046875,1926.41552734375,1930.3189697265625,2053971968
2026-02-05 18:30:00+00:00,1931.886474609375,1934.3162841796875,1919.449462890625,1919.449462890625,838135808
2026-02-05 18:45:00+00:00,1921.6328125,1947.092041015625,1915.255859375,1947.092041015625,619233280
2026-02-05 19:00:00+00:00,1946.45263671875,1946.45263671875,1929.1826171875,1935.2496337890625,1377320960
2026-02-05 19:15:00+00:00,1935.538330078125,1942.44384765625,1924.626953125,1931.120361328125,234594304
2026-02-05 19:30:00+00:00,1932.3692626953125,1940.97412109375,1930.3558349609375,1931.300048828125,852766720
2026-02-05 19:45:00+00:00,1929.842529296875,1929.842529296875,1915.4996337890625,1922.7735595703125,0
2026-02-05 20:00:00+00:00,1924.1485595703125,1935.6639404296875,1916.88232421875,1921.9521484375,455405568
2026-02-05 20:15:00+00:00,1919.0059814453125,1919.0059814453125,1853.9918212890625,1875.2237548828125,1535430656
2026-02-05 20:30:00+00:00,1870.569091796875,1870.68896484375,1849.6953125,1861.271240234375,2728538112
2026-02-05 20:45:00+00:00,1863.86328125,1865.9344482421875,1830.1025390625,1865.9344482421875,1636663296
2026-02-05 21:00:00+00:00,1865.1068115234375,1900.80029296875,1865.1068115234375,1875.9833984375,1369673728
2026-02-05 21:15:00+00:00,1874.20654296875,1888.9364013671875,1857.5274658203125,1869.4681396484375,3729412096
2026-02-05 21:30:00+00:00,1876.5631103515625,1881.2113037109375,1855.282470703125,1858.4769287109375,790728704
2026-02-05 21:45:00+00:00,1854.8497314453125,1860.7470703125,1837.3076171875,1844.1363525390625,695967744
2026-02-05 22:00:00+00:00,1846.9990234375,1860.444580078125,1838.6802978515625,1852.7822265625,105254912
2026-02-05 22:15:00+00:00,1851.5731201171875,1862.8681640625,1818.664306640625,1862.8681640625,1601814528
2026-02-05 22:30:00+00:00,1869.898681640625,1875.772705078125,1860.046142578125,1870.7928466796875,363294720
2026-02-05 22:45:00+00:00,1871.211669921875,1876.448974609375,1862.225830078125,1872.75048828125,2370146304
2026-02-05 23:00:00+00:00,1867.2333984375,1899.8944091796875,1863.7264404296875,1897.1585693359375,628420608
2026-02-05 23:15:00+00:00,1897.1748046875,1899.3974609375,1867.8641357421875,1877.696533203125,60268544
2026-02-05 23:30:00+00:00,1878.911865234375,1883.764404296875,1837.943359375,1842.67529296875,1982115840
2026-02-05 23:45:00+00:00,1842.2650146484375,1846.5357666015625,1819.3984375,1822.1182861328125,1641885696
2026-02-06 00:00:00+00:00,1823.2030029296875,1828.4422607421875,1785.1900634765625,1785.1900634765625,2481033216
2026-02-06 00:15:00+00:00,1769.7769775390625,1793.2615966796875,1748.627685546875,1789.3267822265625,4222074880
2026-02-06 00:30:00+00:00,1788.4315185546875,1861.632568359375,1788.4315185546875,1852.057373046875,1275359232
2026-02-06 00:45:00+00:00,1859.7431640625,1887.5518798828125,1850.674560546875,1872.6134033203125,167538688
2026-02-06 01:00:00+00:00,1869.2325439453125,1908.6962890625,1869.2325439453125,1892.7607421875,1013182464
2026-02-06 01:15:00+00:00,1892.7091064453125,1899.7513427734375,1887.0482177734375,1893.0430908203125,3905875968
2026-02-06 01:30:00+00:00,1891.8990478515625,1924.7183837890625,1891.8990478515625,1924.7183837890625,423182336
2026-02-06 01:45:00+00:00,1918.0347900390625,1936.7342529296875,1916.7445068359375,1926.0128173828125,340541440
2026-02-06 02:00:00+00:00,1928.14208984375,1939.859619140625,1908.9053955078125,1908.9053955078125,1318535168
2026-02-06 02:15:00+00:00,1909.296875,1917.4716796875,1893.343994140625,1901.93798828125,1910472704
2026-02-06 02:30:00+00:00,1904.1279296875,1921.0330810546875,1904.1279296875,1920.4639892578125,0
2026-02-06 02:45:00+00:00,1918.33349609375,1918.33349609375,1899.65966796875,1901.3408203125,1177313280
2026-02-06 03:00:00+00:00,1905.4686279296875,1911.431884765625,1893.615478515625,1894.2823486328125,0
2026-02-06 03:15:00+00:00,1893.27587890625,1903.4005126953125,1889.2288818359375,1895.8258056640625,1913364480
2026-02-06 03:30:00+00:00,1895.272216796875,1904.8355712890625,1888.2283935546875,1888.2283935546875,1342529536
2026-02-06 03:45:00+00:00,1887.797607421875,1891.881103515625,1879.146728515625,1888.9052734375,1135493120
2026-02-06 04:00:00+00:00,1890.0206298828125,1901.1881103515625,1888.026611328125,1901.1881103515625,428720128
2026-02-06 04:15:00+00:00,1897.7391357421875,1915.222900390625,1897.7391357421875,1913.583251953125,1437630464
2026-02-06 04:30:00+00:00,1910.434326171875,1911.8321533203125,1899.7337646484375,1903.0133056640625,929447936
2026-02-06 04:45:00+00:00,1904.445556640625,1909.595458984375,1904.445556640625,1906.1383056640625,1314365440
2026-02-06 05:00:00+00:00,1906.98095703125,1921.0125732421875,1905.943115234375,1919.1285400390625,70385664
2026-02-06 05:15:00+00:00,1920.9521484375,1921.4879150390625,1911.38525390625,1916.4205322265625,1672822784
2026-02-06 05:30:00+00:00,1916.1993408203125,1937.2177734375,1915.0474853515625,1934.0706787109375,969007104
2026-02-06 05:45:00+00:00,1937.0177001953125,1971.097412109375,1932.7236328125,1957.825927734375,0
2026-02-06 06:00:00+00:00,1956.5653076171875,1964.2257080078125,1945.2215576171875,1947.1265869140625,3244277760
2026-02-06 06:15:00+00:00,1945.4730224609375,1945.4730224609375,1935.53173828125,1937.310546875,1200357376
2026-02-06 06:30:00+00:00,1939.4158935546875,1939.4158935546875,1925.0570068359375,1927.1693115234375,113246208
2026-02-06 06:45:00+00:00,1918.4150390625,1919.1590576171875,1911.7099609375,1914.3822021484375,845410304
2026-02-06 07:00:00+00:00,1905.91796875,1905.91796875,1886.631103515625,1891.6446533203125,1251770368
2026-02-06 07:15:00+00:00,1896.2484130859375,1905.8785400390625,1888.9881591796875,1900.5301513671875,1529896960
2026-02-06 07:30:00+00:00,1900.91259765625,1911.99072265625,1900.91259765625,1905.9908447265625,63832064
2026-02-06 07:45:00+00:00,1903.7591552734375,1904.25390625,1893.261474609375,1897.2008056640625,821493760
2026-02-06 08:00:00+00:00,1896.8526611328125,1902.9200439453125,1887.7315673828125,1900.745849609375,1027350528
2026-02-06 08:15:00+00:00,1899.2965087890625,1899.2965087890625,1874.37158203125,1874.37158203125,1186021376
2026-02-06 08:30:00+00:00,1871.56201171875,1879.5213623046875,1868.2620849609375,1868.2620849609375,1635852288
2026-02-06 08:45:00+00:00,1867.3104248046875,1879.1187744140625,1866.9998779296875,1871.3460693359375,1875042304
2026-02-06 09:00:00+00:00,1872.429931640625,1878.5821533203125,1871.217041015625,1878.5821533203125,797843456
2026-02-06 09:15:00+00:00,1884.8101806640625,1900.31201171875,1884.3931884765625,1900.31201171875,461529088
2026-02-06 09:30:00+00:00,1902.1400146484375,1914.2012939453125,1902.1400146484375,1909.565185546875,552222720
2026-02-06 09:45:00+00:00,1912.4012451171875,1925.650634765625,1907.716796875,1917.423828125,1992523776
2026-02-06 10:00:00+00:00,1916.7757568359375,1924.8040771484375,1908.609130859375,1908.609130859375,266297344
2026-02-06 10:15:00+00:00,1912.26806640625,1929.5518798828125,1912.26806640625,1924.1868896484375,2290745344
2026-02-06 10:30:00+00:00,1924.2518310546875,1928.4481201171875,1923.148681640625,1924.3380126953125,1479196672
2026-02-06 10:45:00+00:00,1924.24609375,1926.5673828125,1920.0216064453125,1924.09228515625,92954624
2026-02-06 11:00:00+00:00,1924.401611328125,1925.1005859375,1918.2545166015625,1925.1005859375,702791680
2026-02-06 11:15:00+00:00,1926.6844482421875,1928.125732421875,1922.7459716796875,1924.1324462890625,490995712
2026-02-06 11:30:00+00:00,1924.79736328125,1929.66357421875,1924.4566650390625,1925.619873046875,344170496
2026-02-06 11:45:00+00:00,1925.2581787109375,1933.7215576171875,1920.723876953125,1930.1917724609375,908288000
2026-02-06 12:00:00+00:00,1930.2158203125,1930.2158203125,1919.03857421875,1920.641357421875,55427072
2026-02-06 12:15:00+00:00,1923.011962890625,1923.011962890625,1914.739013671875,1920.9130859375,0
2026-02-06 12:30:00+00:00,1919.839111328125,1920.02880859375,1914.5103759765625,1920.02880859375,775593984
2026-02-06 12:45:00+00:00,1919.5762939453125,1922.0699462890625,1916.0145263671875,1920.4693603515625,722149376
2026-02-06 13:00:00+00:00,1920.38720703125,1935.4168701171875,1918.8416748046875,1934.318603515625,189636608
2026-02-06 13:15:00+00:00,1940.515625,1954.3427734375,1933.0517578125,1941.1220703125,421363712
2026-02-06 13:30:00+00:00,1939.3057861328125,1953.7796630859375,1937.4317626953125,1951.028564453125,179421184
2026-02-06 13:45:00+00:00,1951.267333984375,1956.670654296875,1949.5361328125,1949.5361328125,517922816
2026-02-06 14:00:00+00:00,1947.8531494140625,1950.126708984375,1938.6754150390625,1941.716064453125,0
2026-02-06 14:15:00+00:00,1942.362060546875,1945.8466796875,1932.761474609375,1945.8466796875,698515456
2026-02-06 14:30:00+00:00,1947.2320556640625,1985.713134765625,1947.2320556640625,1977.3221435546875,876363776
2026-02-06 14:45:00+00:00,1993.8251953125,1999.0474853515625,1971.9232177734375,1978.7860107421875,1846624256
2026-02-06 15:00:00+00:00,1975.4554443359375,1984.3643798828125,1969.95849609375,1970.8648681640625,58621952
2026-02-06 15:15:00+00:00,1962.311279296875,1978.092529296875,1962.311279296875,1970.04931640625,1831141376
2026-02-06 15:30:00+00:00,1971.25927734375,1988.706298828125,1971.25927734375,1988.706298828125,0
2026-02-06 15:45:00+00:00,1986.107421875,1996.22998046875,1975.161865234375,1982.0,1723482112
2026-02-06 16:00:00+00:00,1980.4561767578125,2003.442138671875,1974.884033203125,2002.4854736328125,65798144
2026-02-06 16:15:00+00:00,1998.414306640625,2037.3695068359375,1992.56689453125,2037.3695068359375,918568960
2026-02-06 16:30:00+00:00,2031.23681640625,2038.0360107421875,2026.9677734375,2030.787353515625,686637056
2026-02-06 16:45:00+00:00,2033.3887939453125,2044.5799560546875,2026.9725341796875,2031.25634765625,25575424
2026-02-06 17:00:00+00:00,2035.6942138671875,2047.5306396484375,2030.4383544921875,2043.465576171875,3379429376
2026-02-06 17:15:00+00:00,2042.10009765625,2068.3740234375,2042.10009765625,2068.3740234375,508239872
2026-02-06 17:30:00+00:00,2069.615234375,2088.871826171875,2064.8974609375,2080.805419921875,201441280
2026-02-06 17:45:00+00:00,2078.81396484375,2081.0888671875,2062.44921875,2068.46728515625,2853576704
2026-02-06 18:00:00+00:00,2068.23681640625,2068.23681640625,2033.7080078125,2042.7093505859375,6324224
2026-02-06 18:15:00+00:00,2046.6234130859375,2046.7518310546875,2032.5091552734375,2034.92041015625,1163280384
2026-02-06 18:30:00+00:00,2038.2431640625,2059.4033203125,2036.145751953125,2054.081787109375,2130468864
2026-02-06 18:45:00+00:00,2054.638916015625,2057.79931640625,2042.9420166015625,2042.9420166015625,170926080
2026-02-06 19:00:00+00:00,2043.303955078125,2049.681884765625,2036.84814453125,2039.079833984375,1275207680
2026-02-06 19:15:00+00:00,2039.44140625,2055.930908203125,2033.5128173828125,2050.03125,713449472
2026-02-06 19:30:00+00:00,2050.56298828125,2053.351318359375,2049.9111328125,2053.052734375,0
2026-02-06 19:45:00+00:00,2053.078125,2068.220947265625,2051.438232421875,2064.68994140625,1439768576
2026-02-06 20:00:00+00:00,2064.630859375,2066.055908203125,2049.72607421875,2049.72607421875,154353664
2026-02-06 20:15:00+00:00,2051.987548828125,2053.7451171875,2045.814453125,2053.7451171875,262643712
2026-02-06 20:30:00+00:00,2052.478271484375,2090.328125,2051.595947265625,2063.401123046875,0
2026-02-06 20:45:00+00:00,2065.397216796875,2071.038330078125,2052.496337890625,2054.65673828125,270540800
2026-02-06 21:00:00+00:00,2054.114501953125,2059.176025390625,2043.630859375,2047.8492431640625,2549440512
2026-02-06 21:15:00+00:00,2048.279541015625,2058.185302734375,2048.279541015625,2058.185302734375,0
2026-02-06 21:30:00+00:00,2056.382080078125,2056.382080078125,2045.9815673828125,2051.677001953125,1654603776
2026-02-06 21:45:00+00:00,2048.77490234375,2054.4091796875,2048.552490234375,2053.3916015625,379985920
2026-02-06 22:00:00+00:00,2052.2802734375,2066.085205078125,2047.6268310546875,2047.6268310546875,44019712
2026-02-06 22:15:00+00:00,2050.7548828125,2062.33544921875,2050.7548828125,2061.5302734375,1099419648
2026-02-06 22:30:00+00:00,2062.849365234375,2082.164306640625,2062.797119140625,2075.09814453125,1430421504
2026-02-06 22:45:00+00:00,2070.3896484375,2080.440673828125,2067.18701171875,2072.3095703125,627793920
2026-02-06 23:00:00+00:00,2073.4599609375,2085.159423828125,2070.260009765625,2070.951171875,776544256
2026-02-06 23:15:00+00:00,2069.31201171875,2069.31201171875,2053.194580078125,2064.29443359375,233095168
2026-02-06 23:30:00+00:00,2067.276611328125,2076.069580078125,2063.79638671875,2063.79638671875,702476288
2026-02-06 23:45:00+00:00,2063.174072265625,2066.170654296875,2059.803466796875,2062.4072265625,759717888
2026-02-07 00:00:00+00:00,2062.044189453125,2062.044189453125,2048.36083984375,2051.72216796875,0
2026-02-07 00:15:00+00:00,2050.611572265625,2055.83056640625,2046.538818359375,2047.8748779296875,372957184
2026-02-07 00:30:00+00:00,2045.8934326171875,2046.163330078125,2038.666748046875,2040.421875,868233216
2026-02-07 00:45:00+00:00,2038.133544921875,2053.794677734375,2037.746337890625,2041.7049560546875,1216495616
2026-02-07 01:00:00+00:00,2041.75634765625,2043.968017578125,2032.5072021484375,2033.3681640625,0
2026-02-07 01:15:00+00:00,2034.0654296875,2047.8448486328125,2034.0654296875,2044.5142822265625,2257461248
2026-02-07 01:30:00+00:00,2043.76416015625,2054.752685546875,2043.76416015625,2051.419189453125,0
2026-02-07 01:45:00+00:00,2049.93994140625,2064.12060546875,2049.93994140625,2064.12060546875,155906048
2026-02-07 02:00:00+00:00,2062.507080078125,2062.507080078125,2055.39306640625,2060.9345703125,629805056
2026-02-07 02:15:00+00:00,2058.646484375,2060.8740234375,2056.468017578125,2058.94091796875,410763264
2026-02-07 02:30:00+00:00,2058.4453125,2060.9990234375,2053.76953125,2056.639404296875,0
2026-02-07 02:45:00+00:00,2054.649169921875,2056.79052734375,2048.4091796875,2056.79052734375,611049472
2026-02-07 03:00:00+00:00,2058.705078125,2078.63525390625,2057.639892578125,2078.63525390625,482037760
2026-02-07 03:15:00+00:00,2075.3896484375,2078.557861328125,2068.721923828125,2078.174072265625,0
2026-02-07 03:30:00+00:00,2077.6103515625,2077.6103515625,2070.223388671875,2070.223388671875,464142336
2026-02-07 03:45:00+00:00,2078.6435546875,2080.625732421875,2074.05810546875,2080.3984375,1682391040
2026-02-07 04:00:00+00:00,2079.897705078125,2105.054931640625,2079.897705078125,2105.054931640625,685629440
2026-02-07 04:15:00+00:00,2106.30859375,2114.558837890625,2095.193603515625,2095.193603515625,1807822848
2026-02-07 04:30:00+00:00,2095.066162109375,2102.0,2082.884033203125,2082.884033203125,63311872
2026-02-07 04:45:00+00:00,2080.50634765625,2086.310546875,2079.60302734375,2086.310546875,581820416
2026-02-07 05:00:00+00:00,2086.72216796875,2094.831298828125,2085.51220703125,2092.966796875,811941888
2026-02-07 05:15:00+00:00,2091.91943359375,2101.94970703125,2089.24462890625,2089.24462890625,1597235200
2026-02-07 05:30:00+00:00,2085.775390625,2089.137451171875,2083.314208984375,2084.6123046875,90935296
2026-02-07 05:45:00+00:00,2084.35205078125,2085.540283203125,2078.010009765625,2081.380859375,650178560
2026-02-07 06:00:00+00:00,2082.09326171875,2090.387451171875,2079.743896484375,2081.069580078125,138625024
2026-02-07 06:15:00+00:00,2081.448974609375,2081.448974609375,2072.366943359375,2079.739013671875,175230976
2026-02-07 06:30:00+00:00,2078.0341796875,2083.456787109375,2077.996826171875,2077.996826171875,0
2026-02-07 06:45:00+00:00,2076.645751953125,2076.645751953125,2052.15625,2052.15625,0
2026-02-07 07:00:00+00:00,2046.7889404296875,2052.1708984375,2024.60400390625,2024.60400390625,272281600
2026-02-07 07:15:00+00:00,2015.14794921875,2019.8023681640625,1996.2757568359375,2019.8023681640625,473341952
2026-02-07 07:30:00+00:00,2021.407958984375,2040.2547607421875,2009.7430419921875,2035.716064453125,604663808
2026-02-07 07:45:00+00:00,2034.2647705078125,2034.2647705078125,2022.68994140625,2027.431396484375,1092042752
2026-02-07 08:00:00+00:00,2026.9462890625,2029.86279296875,2017.0003662109375,2024.2587890625,155910144
2026-02-07 08:15:00+00:00,2023.6396484375,2027.396728515625,2015.60986328125,2022.8966064453125,1395220480
2026-02-07 08:30:00+00:00,2019.3648681640625,2026.3812255859375,2017.357421875,2020.6842041015625,404475904
2026-02-07 08:45:00+00:00,2020.24072265625,2025.0328369140625,2020.24072265625,2021.8876953125,479436800
2026-02-07 09:00:00+00:00,2021.2701416015625,2025.919677734375,2019.133056640625,2025.919677734375,192380928
2026-02-07 09:15:00+00:00,2026.842529296875,2027.53955078125,2021.287109375,2021.287109375,720809984
2026-02-07 09:30:00+00:00,2021.095947265625,2021.095947265625,2007.792236328125,2009.8634033203125,230686720
2026-02-07 09:45:00+00:00,2010.5811767578125,2012.483642578125,2004.455078125,2011.3089599609375,1069330432
2026-02-07 10:00:00+00:00,2012.4952392578125,2016.9627685546875,2004.07958984375,2008.154052734375,204480512
2026-02-07 10:15:00+00:00,2006.0943603515625,2012.189453125,2005.0418701171875,2009.374755859375,102166528
2026-02-07 10:30:00+00:00,2008.4781494140625,2008.8380126953125,1999.19921875,2003.714111328125,987566080
2026-02-07 10:45:00+00:00,2004.0228271484375,2008.8985595703125,2001.1365966796875,2008.8985595703125,480559104
