Datetime,open,high,low,close,volume
2025-12-11 00:00:00+00:00,136.44839477539062,136.44839477539062,136.2355499267578,136.28057861328125,0
2025-12-11 00:15:00+00:00,136.26817321777344,136.28680419921875,136.01156616210938,136.10874938964844,9898496
2025-12-11 00:30:00+00:00,136.04942321777344,136.04942321777344,134.3992462158203,134.3992462158203,56313856
2025-12-11 00:45:00+00:00,134.379150390625,134.379150390625,133.688232421875,133.9132843017578,68210688
2025-12-11 01:00:00+00:00,133.8833465576172,133.92543029785156,133.7288818359375,133.7288818359375,10429952
2025-12-11 01:15:00+00:00,133.73724365234375,133.73724365234375,132.8890380859375,133.53248596191406,7693824
2025-12-11 01:30:00+00:00,133.5264129638672,133.72622680664062,133.4482421875,133.4482421875,15015424
2025-12-11 01:45:00+00:00,133.44528198242188,133.44528198242188,133.02040100097656,133.02040100097656,4196864
2025-12-11 02:00:00+00:00,133.0111083984375,133.0111083984375,132.18130493164062,132.18130493164062,39930880
2025-12-11 02:15:00+00:00,132.1770477294922,132.1770477294922,131.55014038085938,131.55014038085938,69758976
2025-12-11 02:30:00+00:00,131.5167236328125,131.73443603515625,131.2197723388672,131.72909545898438,65176576
2025-12-11 02:45:00+00:00,131.5039825439453,131.5039825439453,130.75364685058594,130.75364685058594,133201920
2025-12-11 03:00:00+00:00,130.7708740234375,130.7708740234375,129.86904907226562,129.95367431640625,126095872
2025-12-11 03:15:00+00:00,129.94998168945312,130.38088989257812,129.94998168945312,130.19044494628906,47563264
2025-12-11 03:30:00+00:00,130.16419982910156,130.16419982910156,129.53619384765625,129.53619384765625,27467776
2025-12-11 03:45:00+00:00,129.52479553222656,129.6981201171875,129.52479553222656,129.5928192138672,33884672
2025-12-11 04:00:00+00:00,129.58633422851562,130.16856384277344,129.38941955566406,130.1269073486328,43847680
2025-12-11 04:15:00+00:00,130.13604736328125,130.13604736328125,129.78958129882812,129.78958129882812,1969152
2025-12-11 04:30:00+00:00,129.77957153320312,129.99859619140625,129.77957153320312,129.99859619140625,1973760
2025-12-11 04:45:00+00:00,129.99510192871094,131.35609436035156,129.99510192871094,131.35609436035156,29612544
2025-12-11 05:00:00+00:00,131.08912658691406,131.08912658691406,130.80026245117188,130.84266662597656,8546816
2025-12-11 05:15:00+00:00,130.82456970214844,131.21737670898438,130.7587127685547,131.21737670898438,14291968
2025-12-11 05:30:00+00:00,131.218994140625,131.22344970703125,130.9019775390625,130.9019775390625,8357376
2025-12-11 05:45:00+00:00,130.90760803222656,131.22601318359375,130.90760803222656,131.22601318359375,14069248
2025-12-11 06:00:00+00:00,131.22218322753906,131.22218322753906,131.06578063964844,131.07376098632812,5019648
2025-12-11 06:15:00+00:00,131.07313537597656,131.09300231933594,130.66177368164062,130.68934631347656,15413760
2025-12-11 06:30:00+00:00,130.7016143798828,131.2090606689453,130.7016143798828,131.14126586914062,30083584
2025-12-11 06:45:00+00:00,131.1352996826172,131.1352996826172,131.0320587158203,131.0347442626953,9353216
2025-12-11 07:00:00+00:00,131.06304931640625,131.15744018554688,131.05455017089844,131.15744018554688,6233088
2025-12-11 07:15:00+00:00,131.17091369628906,131.22447204589844,131.11061096191406,131.11061096191406,5744640
2025-12-11 07:30:00+00:00,131.11886596679688,131.19960021972656,131.02438354492188,131.02505493164062,8079360
2025-12-11 07:45:00+00:00,131.00216674804688,131.03265380859375,130.84503173828125,131.01832580566406,7102464
2025-12-11 08:00:00+00:00,131.01844787597656,131.06236267089844,130.71568298339844,130.7342071533203,13578240
2025-12-11 08:15:00+00:00,130.7372589111328,130.898193359375,130.69520568847656,130.898193359375,2821120
2025-12-11 08:30:00+00:00,130.8736572265625,130.8736572265625,130.40863037109375,130.40863037109375,3667968
2025-12-11 08:45:00+00:00,130.4140625,131.0437469482422,130.4140625,131.0437469482422,5618688
2025-12-11 09:00:00+00:00,131.0605010986328,131.14617919921875,131.059326171875,131.1323699951172,6123520
2025-12-11 09:15:00+00:00,131.1323699951172,131.3185272216797,131.12428283691406,131.16259765625,10107904
2025-12-11 09:30:00+00:00,131.2601776123047,131.32008361816406,131.25205993652344,131.2923583984375,7627776
2025-12-11 09:45:00+00:00,131.27194213867188,131.27194213867188,130.99961853027344,131.00196838378906,3993088
2025-12-11 10:00:00+00:00,131.00796508789062,131.03758239746094,130.95919799804688,130.9732666015625,0
2025-12-11 10:15:00+00:00,131.0043487548828,131.08041381835938,130.7254180908203,130.8200225830078,0
2025-12-11 10:30:00+00:00,130.81776428222656,130.86029052734375,130.7006072998047,130.7006072998047,0
2025-12-11 10:45:00+00:00,130.69992065429688,130.84765625,130.6581573486328,130.84739685058594,0
2025-12-11 11:00:00+00:00,130.84817504882812,131.01268005371094,130.83209228515625,130.9927520751953,0
2025-12-11 11:15:00+00:00,130.98216247558594,130.99197387695312,130.91810607910156,130.93222045898438,1224704
2025-12-11 11:30:00+00:00,130.93003845214844,131.13438415527344,130.93003845214844,131.13438415527344,0
2025-12-11 11:45:00+00:00,131.15098571777344,131.16619873046875,131.0040740966797,131.023193359375,0
2025-12-11 12:00:00+00:00,131.01513671875,131.0500946044922,130.8536376953125,130.8743133544922,328704
2025-12-11 12:15:00+00:00,130.9132080078125,131.48890686035156,130.9132080078125,131.48890686035156,8213504
2025-12-11 12:30:00+00:00,131.49114990234375,131.6775360107422,131.44638061523438,131.44638061523438,26520064
2025-12-11 12:45:00+00:00,131.47378540039062,131.5388946533203,131.3311767578125,131.3311767578125,5968384
2025-12-11 13:00:00+00:00,131.33338928222656,131.39248657226562,131.2371063232422,131.2371063232422,2606592
2025-12-11 13:15:00+00:00,131.2299041748047,131.29493713378906,131.15432739257812,131.29493713378906,5649920
2025-12-11 13:30:00+00:00,131.2469024658203,131.45423889160156,131.1234893798828,131.41773986816406,3913728
2025-12-11 13:45:00+00:00,131.4085693359375,131.44305419921875,131.22689819335938,131.31887817382812,2237440
2025-12-11 14:00:00+00:00,131.32962036132812,131.42884826660156,131.26321411132812,131.28802490234375,81920
2025-12-11 14:15:00+00:00,131.2791748046875,131.2938995361328,131.11154174804688,131.11465454101562,784896
2025-12-11 14:30:00+00:00,131.098388671875,131.32449340820312,130.85765075683594,131.2240447998047,44510720
2025-12-11 14:45:00+00:00,131.2322540283203,131.2322540283203,130.34034729003906,130.76254272460938,62667264
2025-12-11 15:00:00+00:00,130.70359802246094,131.06094360351562,130.59584045410156,131.06094360351562,23332352
2025-12-11 15:15:00+00:00,131.09918212890625,132.47811889648438,131.09918212890625,132.4568328857422,64401408
2025-12-11 15:30:00+00:00,132.3146514892578,132.3146514892578,131.28173828125,131.28173828125,20037120
2025-12-11 15:45:00+00:00,131.27447509765625,131.33372497558594,131.02699279785156,131.3177032470703,5843968
2025-12-11 16:00:00+00:00,131.3072052001953,131.3072052001953,130.58493041992188,130.58493041992188,0
2025-12-11 16:15:00+00:00,130.60775756835938,130.63038635253906,130.37759399414062,130.5587615966797,0
2025-12-11 16:30:00+00:00,130.5565948486328,131.4822235107422,130.38002014160156,131.4822235107422,1728512
2025-12-11 16:45:00+00:00,131.47198486328125,131.74343872070312,131.29017639160156,131.29017639160156,9961472
2025-12-11 17:00:00+00:00,131.29637145996094,131.37290954589844,131.076171875,131.09390258789062,891392
2025-12-11 17:15:00+00:00,131.12696838378906,131.95774841308594,131.10076904296875,131.95774841308594,0
2025-12-11 17:30:00+00:00,131.93356323242188,132.26788330078125,131.92982482910156,132.23741149902344,11129856
2025-12-11 17:45:00+00:00,132.24998474121094,132.44671630859375,132.24205017089844,132.44146728515625,19044864
2025-12-11 18:00:00+00:00,132.42303466796875,133.14402770996094,132.3085174560547,133.14402770996094,28985344
2025-12-11 18:15:00+00:00,133.14535522460938,133.99989318847656,133.14535522460938,133.92344665527344,60383232
2025-12-11 18:30:00+00:00,133.90724182128906,134.52598571777344,133.83489990234375,134.52598571777344,18136576
2025-12-11 18:45:00+00:00,134.6171112060547,135.16204833984375,134.18814086914062,134.18814086914062,27981312
2025-12-11 19:00:00+00:00,134.2848358154297,134.73663330078125,133.8390655517578,133.8390655517578,0
2025-12-11 19:15:00+00:00,133.89979553222656,135.097412109375,133.89979553222656,134.826416015625,0
2025-12-11 19:30:00+00:00,134.82998657226562,135.06228637695312,134.80418395996094,134.89688110351562,0
2025-12-11 19:45:00+00:00,134.90541076660156,134.95193481445312,134.1959991455078,134.1959991455078,0
2025-12-11 20:00:00+00:00,134.22450256347656,134.69522094726562,134.01022338867188,134.69522094726562,0
2025-12-11 20:15:00+00:00,134.69407653808594,134.8517303466797,134.39183044433594,134.39437866210938,0
2025-12-11 20:30:00+00:00,134.39720153808594,135.35894775390625,134.34312438964844,135.30804443359375,2305536
2025-12-11 20:45:00+00:00,135.27685546875,136.04933166503906,134.9392547607422,136.04933166503906,0
2025-12-11 21:00:00+00:00,135.87167358398438,137.3287811279297,135.87167358398438,137.22203063964844,21595136
2025-12-11 21:15:00+00:00,137.1835174560547,137.6464385986328,136.8929443359375,136.8929443359375,53980160
2025-12-11 21:30:00+00:00,136.9141082763672,137.50448608398438,136.9141082763672,137.02755737304688,35029504
2025-12-11 21:45:00+00:00,137.11427307128906,137.31927490234375,137.11427307128906,137.12791442871094,22848512
2025-12-11 22:00:00+00:00,137.16001892089844,137.3614959716797,137.16001892089844,137.25271606445312,13061120
2025-12-11 22:15:00+00:00,137.25140380859375,137.287109375,136.3834686279297,136.45901489257812,2987008
2025-12-11 22:30:00+00:00,136.53610229492188,137.0420379638672,136.53610229492188,136.54991149902344,24408576
2025-12-11 22:45:00+00:00,136.56784057617188,136.56784057617188,135.99229431152344,136.10108947753906,27463168
2025-12-11 23:00:00+00:00,136.1006317138672,136.27969360351562,136.01231384277344,136.20947265625,12171264
2025-12-11 23:15:00+00:00,136.16436767578125,136.18399047851562,136.05984497070312,136.05984497070312,1992704
2025-12-11 23:30:00+00:00,136.05113220214844,136.67587280273438,136.04043579101562,136.66612243652344,5548032
2025-12-11 23:45:00+00:00,136.67166137695312,136.67166137695312,136.3770751953125,136.3770751953125,3965952
2025-12-12 00:00:00+00:00,136.3794403076172,136.8494873046875,136.3794403076172,136.83319091796875,12632064
2025-12-12 00:15:00+00:00,136.83120727539062,137.33489990234375,136.78334045410156,137.0230255126953,6204416
2025-12-12 00:30:00+00:00,137.0135955810547,137.03549194335938,136.6988525390625,136.6988525390625,0
2025-12-12 00:45:00+00:00,136.67022705078125,136.67022705078125,136.1209716796875,136.22608947753906,0
2025-12-12 01:00:00+00:00,136.11013793945312,136.23036193847656,135.79075622558594,136.20660400390625,8152064
2025-12-12 01:15:00+00:00,136.2418212890625,137.03988647460938,136.2418212890625,136.89840698242188,0
2025-12-12 01:30:00+00:00,136.9110565185547,137.06219482421875,136.9110565185547,137.05621337890625,0
2025-12-12 01:45:00+00:00,137.03109741210938,137.0397491455078,136.65664672851562,136.74642944335938,514560
2025-12-12 02:00:00+00:00,136.7573699951172,137.37860107421875,136.61294555664062,137.37860107421875,0
2025-12-12 02:15:00+00:00,137.35760498046875,137.68467712402344,137.35760498046875,137.45156860351562,0
2025-12-12 02:30:00+00:00,137.42718505859375,137.42718505859375,137.119873046875,137.119873046875,0
2025-12-12 02:45:00+00:00,137.12054443359375,137.33680725097656,137.07911682128906,137.30662536621094,0
2025-12-12 03:00:00+00:00,137.3011016845703,137.4004669189453,137.24575805664062,137.2781524658203,0
2025-12-12 03:15:00+00:00,137.24630737304688,137.24630737304688,136.76397705078125,136.84820556640625,0
2025-12-12 03:30:00+00:00,136.8491668701172,136.9927520751953,136.77658081054688,136.99151611328125,0
2025-12-12 03:45:00+00:00,137.04078674316406,137.24609375,137.04078674316406,137.20396423339844,0
2025-12-12 04:00:00+00:00,137.2047882080078,137.2047882080078,136.97061157226562,136.98268127441406,0
2025-12-12 04:15:00+00:00,136.9825439453125,137.02000427246094,136.9534454345703,137.01564025878906,0
2025-12-12 04:30:00+00:00,136.99859619140625,136.99859619140625,136.87994384765625,136.92320251464844,0
2025-12-12 04:45:00+00:00,136.95062255859375,137.10487365722656,136.95062255859375,137.10487365722656,0
2025-12-12 05:00:00+00:00,137.09971618652344,137.23573303222656,137.035400390625,137.035400390625,0
2025-12-12 05:15:00+00:00,137.01119995117188,137.01119995117188,136.78184509277344,136.82151794433594,0
2025-12-12 05:30:00+00:00,136.8373260498047,137.46365356445312,136.8373260498047,137.46365356445312,0
2025-12-12 05:45:00+00:00,137.47901916503906,138.38412475585938,137.47901916503906,138.38412475585938,72939520
2025-12-12 06:00:00+00:00,138.51235961914062,139.81863403320312,138.51235961914062,139.81863403320312,98860032
2025-12-12 06:15:00+00:00,139.84671020507812,139.97659301757812,139.49606323242188,139.49606323242188,63729152
2025-12-12 06:30:00+00:00,139.4988250732422,139.4988250732422,139.02197265625,139.10545349121094,13478912
2025-12-12 06:45:00+00:00,139.1056671142578,139.1056671142578,138.92926025390625,139.01084899902344,16852992
2025-12-12 07:00:00+00:00,139.01419067382812,139.1475067138672,138.9897003173828,139.03211975097656,6491136
2025-12-12 07:15:00+00:00,139.0177001953125,139.02044677734375,138.9208526611328,139.00367736816406,361472
2025-12-12 07:30:00+00:00,139.02671813964844,139.27024841308594,139.0083465576172,139.1021728515625,43996160
2025-12-12 07:45:00+00:00,139.17994689941406,139.35174560546875,139.17994689941406,139.19818115234375,9654272
2025-12-12 08:00:00+00:00,139.18222045898438,139.18222045898438,138.99009704589844,139.03659057617188,0
2025-12-12 08:15:00+00:00,139.0321044921875,139.0321044921875,138.436767578125,138.45712280273438,26415104
2025-12-12 08:30:00+00:00,138.43899536132812,138.43899536132812,137.85350036621094,137.9571075439453,38730752
2025-12-12 08:45:00+00:00,137.94525146484375,137.9562530517578,137.8211212158203,137.9562530517578,29518336
2025-12-12 09:00:00+00:00,137.95001220703125,138.03140258789062,137.90576171875,137.95460510253906,2691584
2025-12-12 09:15:00+00:00,137.98391723632812,138.09988403320312,137.82363891601562,137.82363891601562,2314240
2025-12-12 09:30:00+00:00,137.77210998535156,137.77210998535156,137.43133544921875,137.45822143554688,16860672
2025-12-12 09:45:00+00:00,137.44680786132812,138.02090454101562,137.4066619873047,138.02090454101562,17155584
2025-12-12 10:00:00+00:00,138.25250244140625,138.30398559570312,138.1875457763672,138.30398559570312,25772032
2025-12-12 10:15:00+00:00,138.3223876953125,138.32284545898438,138.178955078125,138.1943359375,7229952
2025-12-12 10:30:00+00:00,138.18536376953125,138.1915283203125,138.07908630371094,138.0947723388672,3710464
2025-12-12 10:45:00+00:00,138.10891723632812,138.42123413085938,138.04898071289062,138.39178466796875,17969664
2025-12-12 11:00:00+00:00,138.3924560546875,138.41702270507812,138.1355743408203,138.1355743408203,1714176
2025-12-12 11:15:00+00:00,138.1380157470703,138.37400817871094,138.02182006835938,138.3586883544922,13425152
2025-12-12 11:30:00+00:00,138.37741088867188,138.46539306640625,138.37741088867188,138.46539306640625,6642176
2025-12-12 11:45:00+00:00,138.4633331298828,138.68292236328125,138.40118408203125,138.68292236328125,5953024
2025-12-12 12:00:00+00:00,138.70018005371094,138.71595764160156,138.47161865234375,138.51527404785156,0
2025-12-12 12:15:00+00:00,138.5171661376953,138.59841918945312,138.50503540039062,138.55172729492188,0
2025-12-12 12:30:00+00:00,138.5565643310547,139.17953491210938,138.5565643310547,139.1604461669922,6696960
2025-12-12 12:45:00+00:00,139.14712524414062,139.65744018554688,139.1020965576172,139.65744018554688,27365888
2025-12-12 13:00:00+00:00,139.6510467529297,139.6510467529297,139.3976593017578,139.40597534179688,9772032
2025-12-12 13:15:00+00:00,139.4105987548828,139.5041046142578,139.28009033203125,139.28009033203125,6525440
2025-12-12 13:30:00+00:00,139.2727508544922,139.40255737304688,139.2007598876953,139.3001251220703,1909248
2025-12-12 13:45:00+00:00,139.28067016601562,139.28067016601562,138.8809356689453,139.0081787109375,9587200
2025-12-12 14:00:00+00:00,139.0009765625,139.00437927246094,138.79002380371094,138.79002380371094,7526400
2025-12-12 14:15:00+00:00,138.80682373046875,139.19810485839844,138.7768096923828,138.83673095703125,13569536
2025-12-12 14:30:00+00:00,138.85072326660156,139.26303100585938,138.85072326660156,139.0568084716797,284672
2025-12-12 14:45:00+00:00,139.06329345703125,139.06329345703125,138.49777221679688,138.62039184570312,0
2025-12-12 15:00:00+00:00,138.46258544921875,138.46258544921875,137.2857208251953,137.56625366210938,45221888
2025-12-12 15:15:00+00:00,137.57960510253906,137.57960510253906,136.35122680664062,136.35122680664062,22931968
2025-12-12 15:30:00+00:00,136.31466674804688,136.31466674804688,134.4215545654297,134.49656677246094,171927552
2025-12-12 15:45:00+00:00,134.5344696044922,135.15103149414062,133.77359008789062,133.77359008789062,117422080
2025-12-12 16:00:00+00:00,133.847900390625,133.847900390625,132.95176696777344,133.01454162597656,84642816
2025-12-12 16:15:00+00:00,133.0493621826172,133.43006896972656,132.57235717773438,133.37208557128906,80741376
2025-12-12 16:30:00+00:00,133.4499053955078,133.4499053955078,131.9136505126953,131.98843383789062,79174144
2025-12-12 16:45:00+00:00,132.0062713623047,132.31581115722656,131.97305297851562,132.23883056640625,78089216
2025-12-12 17:00:00+00:00,132.21966552734375,133.0348663330078,132.21966552734375,133.02352905273438,53659136
2025-12-12 17:15:00+00:00,133.02757263183594,133.47312927246094,132.30235290527344,132.30235290527344,47135232
2025-12-12 17:30:00+00:00,132.20242309570312,132.20242309570312,131.7191925048828,131.81228637695312,45257728
2025-12-12 17:45:00+00:00,131.82752990722656,132.17709350585938,131.82752990722656,132.17709350585938,16557056
2025-12-12 18:00:00+00:00,132.16859436035156,132.62808227539062,132.16859436035156,132.59263610839844,1735680
2025-12-12 18:15:00+00:00,132.5664520263672,132.6417694091797,131.74951171875,132.2545166015625,0
2025-12-12 18:30:00+00:00,132.2505340576172,133.1036834716797,132.2505340576172,133.0533447265625,0
2025-12-12 18:45:00+00:00,132.97666931152344,133.1826629638672,132.89239501953125,132.89239501953125,0
2025-12-12 19:00:00+00:00,132.89663696289062,132.89663696289062,132.27178955078125,132.27178955078125,0
2025-12-12 19:15:00+00:00,132.2707061767578,132.36810302734375,132.09107971191406,132.09107971191406,0
2025-12-12 19:30:00+00:00,132.1122589111328,132.1122589111328,131.67721557617188,131.67721557617188,0
2025-12-12 19:45:00+00:00,131.58445739746094,131.58445739746094,130.7241973876953,131.05445861816406,48327168
2025-12-12 20:00:00+00:00,131.1796875,131.51651000976562,131.1796875,131.4619140625,3346944
2025-12-12 20:15:00+00:00,131.46348571777344,131.79251098632812,131.40011596679688,131.57565307617188,4952064
2025-12-12 20:30:00+00:00,131.53944396972656,131.70811462402344,131.51646423339844,131.70811462402344,0
2025-12-12 20:45:00+00:00,131.68138122558594,131.8988494873047,131.67156982421875,131.74221801757812,4133888
2025-12-12 21:00:00+00:00,131.72994995117188,131.72994995117188,131.48268127441406,131.4939727783203,0
2025-12-12 21:15:00+00:00,131.48992919921875,131.70468139648438,131.48992919921875,131.640380859375,0
2025-12-12 21:30:00+00:00,131.69569396972656,131.88836669921875,131.68853759765625,131.8689727783203,0
2025-12-12 21:45:00+00:00,131.87094116210938,132.00050354003906,131.8695526123047,131.8876495361328,0
2025-12-12 22:00:00+00:00,131.87554931640625,132.56687927246094,131.87554931640625,132.56687927246094,9298432
2025-12-12 22:15:00+00:00,132.54627990722656,132.73052978515625,132.51498413085938,132.64752197265625,0
2025-12-12 22:30:00+00:00,132.6619415283203,132.68861389160156,132.4993896484375,132.6826934814453,0
2025-12-12 22:45:00+00:00,132.67539978027344,132.68040466308594,132.5566864013672,132.63677978515625,0
2025-12-12 23:00:00+00:00,132.66632080078125,132.99493408203125,132.66632080078125,132.82797241210938,1118208
2025-12-12 23:15:00+00:00,132.82733154296875,132.87452697753906,132.68125915527344,132.68125915527344,0
2025-12-12 23:30:00+00:00,132.66702270507812,132.72418212890625,132.60501098632812,132.64817810058594,0
2025-12-12 23:45:00+00:00,132.64772033691406,132.64772033691406,132.32786560058594,132.32786560058594,4391936
2025-12-13 00:00:00+00:00,132.3367919921875,132.68008422851562,132.3367919921875,132.58348083496094,0
2025-12-13 00:15:00+00:00,132.56663513183594,132.56663513183594,132.4370574951172,132.4562530517578,0
2025-12-13 00:30:00+00:00,132.45668029785156,132.75479125976562,132.45668029785156,132.69921875,0
2025-12-13 00:45:00+00:00,132.7006072998047,132.7006072998047,132.57952880859375,132.6472930908203,0
2025-12-13 01:00:00+00:00,132.64651489257812,132.895263671875,132.64651489257812,132.88336181640625,0
2025-12-13 01:15:00+00:00,132.8780975341797,132.8780975341797,132.8097381591797,132.81756591796875,0
2025-12-13 01:30:00+00:00,132.83103942871094,132.83544921875,132.59645080566406,132.59645080566406,5310976
2025-12-13 01:45:00+00:00,132.5757598876953,132.62281799316406,132.4772186279297,132.62281799316406,0
2025-12-13 02:00:00+00:00,132.63394165039062,132.93475341796875,132.63394165039062,132.8859405517578,0
2025-12-13 02:15:00+00:00,132.887451171875,132.98377990722656,132.86399841308594,132.8640899658203,0
2025-12-13 02:30:00+00:00,132.8695526123047,132.87428283691406,132.68267822265625,132.76583862304688,0
2025-12-13 02:45:00+00:00,132.76202392578125,132.78091430664062,132.66273498535156,132.66273498535156,0
2025-12-13 03:00:00+00:00,132.66024780273438,132.67991638183594,132.63693237304688,132.67991638183594,0
2025-12-13 03:15:00+00:00,132.6863555908203,132.93524169921875,132.6863555908203,132.93524169921875,0
2025-12-13 03:30:00+00:00,132.92381286621094,132.96298217773438,132.87620544433594,132.92152404785156,0
2025-12-13 03:45:00+00:00,132.92518615722656,132.9441680908203,132.88824462890625,132.90390014648438,0
2025-12-13 04:00:00+00:00,132.90301513671875,132.90301513671875,132.76434326171875,132.76626586914062,0
2025-12-13 04:15:00+00:00,132.76951599121094,132.84622192382812,132.75430297851562,132.84622192382812,0
2025-12-13 04:30:00+00:00,132.83412170410156,132.85171508789062,132.685302734375,132.84042358398438,0
2025-12-13 04:45:00+00:00,132.83816528320312,132.91017150878906,132.82704162597656,132.8980255126953,0
2025-12-13 05:00:00+00:00,132.89508056640625,132.9554901123047,132.8800811767578,132.9554901123047,0
2025-12-13 05:15:00+00:00,132.94482421875,132.94482421875,132.7616729736328,132.7672882080078,0
2025-12-13 05:30:00+00:00,132.76942443847656,132.76942443847656,132.59393310546875,132.59393310546875,0
2025-12-13 05:45:00+00:00,132.59848022460938,132.70938110351562,132.52818298339844,132.70938110351562,0
2025-12-13 06:00:00+00:00,132.70660400390625,132.7067108154297,132.6128692626953,132.6128692626953,0
2025-12-13 06:15:00+00:00,132.62339782714844,132.62339782714844,132.49197387695312,132.51336669921875,0
2025-12-13 06:30:00+00:00,132.51443481445312,132.83848571777344,132.51443481445312,132.83229064941406,0
2025-12-13 06:45:00+00:00,132.82337951660156,132.89967346191406,132.7976531982422,132.86575317382812,0
2025-12-13 07:00:00+00:00,132.88211059570312,132.92156982421875,132.87376403808594,132.87376403808594,0
2025-12-13 07:15:00+00:00,132.87454223632812,132.9471893310547,132.86883544921875,132.92478942871094,0
2025-12-13 07:30:00+00:00,132.91880798339844,132.97616577148438,132.9149169921875,132.97616577148438,0
2025-12-13 07:45:00+00:00,132.9806365966797,132.9806365966797,132.92869567871094,132.9396209716797,0
2025-12-13 08:00:00+00:00,132.93992614746094,133.1623992919922,132.93992614746094,133.14959716796875,0
2025-12-13 08:15:00+00:00,133.15821838378906,133.76431274414062,133.15821838378906,133.73422241210938,17064960
2025-12-13 08:30:00+00:00,133.7271728515625,133.74356079101562,133.57049560546875,133.5758056640625,0
2025-12-13 08:45:00+00:00,133.58645629882812,134.13356018066406,133.58013916015625,134.07908630371094,3992320
2025-12-13 09:00:00+00:00,134.08071899414062,134.24356079101562,134.0480499267578,134.15870666503906,987136
2025-12-13 09:15:00+00:00,134.13075256347656,134.13075256347656,133.74673461914062,133.7469940185547,0
2025-12-13 09:30:00+00:00,133.7506866455078,133.79287719726562,133.6890411376953,133.74742126464844,0
2025-12-13 09:45:00+00:00,133.7407684326172,133.77655029296875,133.6851348876953,133.6851348876953,0
2025-12-13 10:00:00+00:00,133.6816864013672,133.72608947753906,133.6229705810547,133.71070861816406,0
2025-12-13 10:15:00+00:00,133.70635986328125,133.94491577148438,133.70635986328125,133.94491577148438,0
2025-12-13 10:30:00+00:00,133.94261169433594,134.21157836914062,133.90841674804688,134.2052001953125,1317888
2025-12-13 10:45:00+00:00,134.19993591308594,134.2002410888672,133.87442016601562,133.8793182373047,0
2025-12-13 11:00:00+00:00,133.8950653076172,134.0091094970703,133.8950653076172,134.0091094970703,0
2025-12-13 11:15:00+00:00,134.01747131347656,134.0194854736328,133.81886291503906,133.81886291503906,0
2025-12-13 11:30:00+00:00,133.8199462890625,133.8199462890625,133.61390686035156,133.61390686035156,0
2025-12-13 11:45:00+00:00,133.6141815185547,133.6141815185547,133.40863037109375,133.47210693359375,2646528
2025-12-13 12:00:00+00:00,133.46897888183594,133.65211486816406,133.39395141601562,133.65211486816406,0
2025-12-13 12:15:00+00:00,133.61395263671875,133.62351989746094,133.35476684570312,133.35476684570312,0
2025-12-13 12:30:00+00:00,133.27882385253906,133.27882385253906,133.01177978515625,133.01177978515625,0
2025-12-13 12:45:00+00:00,132.99484252929688,132.99484252929688,132.80445861816406,132.9827423095703,0
2025-12-13 13:00:00+00:00,133.03318786621094,133.20584106445312,133.02247619628906,133.0240478515625,0
2025-12-13 13:15:00+00:00,133.02418518066406,133.3026580810547,133.02418518066406,133.10888671875,0
2025-12-13 13:30:00+00:00,133.04812622070312,133.11087036132812,132.87257385253906,133.11038208007812,0
2025-12-13 13:45:00+00:00,133.09921264648438,133.15890502929688,132.9781036376953,133.15890502929688,0
2025-12-13 14:00:00+00:00,133.15646362304688,133.31480407714844,133.12135314941406,133.31480407714844,0
2025-12-13 14:15:00+00:00,133.322021484375,133.39404296875,132.95758056640625,132.95758056640625,0
2025-12-13 14:30:00+00:00,132.9437255859375,133.2079315185547,132.80039978027344,133.194091796875,0
2025-12-13 14:45:00+00:00,133.18814086914062,133.31280517578125,133.155517578125,133.29180908203125,0
2025-12-13 15:00:00+00:00,133.2818145751953,133.47702026367188,133.2674102783203,133.37876892089844,0
2025-12-13 15:15:00+00:00,133.38356018066406,133.3900604248047,133.2488555908203,133.24913024902344,0
2025-12-13 15:30:00+00:00,133.2676239013672,133.60903930664062,133.2676239013672,133.55145263671875,0
2025-12-13 15:45:00+00:00,133.53550720214844,133.53550720214844,133.21434020996094,133.33663940429688,0
2025-12-13 16:00:00+00:00,133.33663940429688,133.63597106933594,133.3202362060547,133.6277313232422,0
2025-12-13 16:15:00+00:00,133.6168212890625,133.6168212890625,133.19525146484375,133.19525146484375,0
2025-12-13 16:30:00+00:00,133.19476318359375,133.19773864746094,133.03355407714844,133.17662048339844,0
2025-12-13 16:45:00+00:00,133.16726684570312,133.1936492919922,133.11866760253906,133.19271850585938,0
2025-12-13 17:00:00+00:00,133.19586181640625,133.19781494140625,132.64089965820312,132.64089965820312,0
2025-12-13 17:15:00+00:00,132.67367553710938,132.7332763671875,132.40760803222656,132.41592407226562,0
2025-12-13 17:30:00+00:00,132.41336059570312,132.62474060058594,132.37855529785156,132.61741638183594,0
2025-12-13 17:45:00+00:00,132.61099243164062,132.61099243164062,132.25616455078125,132.25616455078125,3488512
2025-12-13 18:00:00+00:00,132.25733947753906,132.4024200439453,132.21351623535156,132.35919189453125,0
2025-12-13 18:15:00+00:00,132.4071502685547,132.6205596923828,132.4071502685547,132.6134033203125,0
2025-12-13 18:30:00+00:00,132.62925720214844,132.761474609375,132.58721923828125,132.761474609375,0
2025-12-13 18:45:00+00:00,132.75918579101562,132.75918579101562,132.38771057128906,132.38771057128906,0
2025-12-13 19:00:00+00:00,132.3980712890625,132.54025268554688,132.36715698242188,132.54025268554688,0
2025-12-13 19:15:00+00:00,132.5563201904297,132.67970275878906,132.5563201904297,132.5895233154297,0
2025-12-13 19:30:00+00:00,132.570556640625,132.79071044921875,132.4802703857422,132.79071044921875,0
2025-12-13 19:45:00+00:00,132.8040008544922,132.9203338623047,132.8040008544922,132.80813598632812,0
2025-12-13 20:00:00+00:00,132.80186462402344,132.8645782470703,132.80186462402344,132.84864807128906,0
2025-12-13 20:15:00+00:00,132.85166931152344,132.9751434326172,132.8499755859375,132.90736389160156,0
2025-12-13 20:30:00+00:00,132.91522216796875,132.9282684326172,132.8420867919922,132.85256958007812,0
2025-12-13 20:45:00+00:00,132.83773803710938,132.83773803710938,132.37551879882812,132.37551879882812,0
2025-12-13 21:00:00+00:00,132.3682403564453,132.3682403564453,132.22991943359375,132.22991943359375,0
2025-12-13 21:15:00+00:00,132.2230987548828,132.35328674316406,132.2230987548828,132.28836059570312,0
2025-12-13 21:30:00+00:00,132.27935791015625,132.3821563720703,131.98678588867188,132.35830688476562,25475712
2025-12-13 21:45:00+00:00,132.3845977783203,132.60511779785156,132.25128173828125,132.60511779785156,0
2025-12-13 22:00:00+00:00,132.61328125,132.80316162109375,132.61328125,132.7157745361328,1939072
2025-12-13 22:15:00+00:00,132.61471557617188,132.66177368164062,132.5040283203125,132.53282165527344,0
2025-12-13 22:30:00+00:00,132.5417938232422,132.822509765625,132.5417938232422,132.822509765625,0
2025-12-13 22:45:00+00:00,132.83193969726562,133.02944946289062,132.79986572265625,132.80560302734375,4595072
2025-12-13 23:00:00+00:00,132.81887817382812,132.92373657226562,132.78968811035156,132.9197998046875,0
2025-12-13 23:15:00+00:00,132.92623901367188,133.02978515625,132.91709899902344,132.9679718017578,2098688
2025-12-13 23:30:00+00:00,132.96641540527344,133.18634033203125,132.94125366210938,133.18324279785156,1004288
2025-12-13 23:45:00+00:00,133.17410278320312,133.24562072753906,133.1334228515625,133.24562072753906,3388928
2025-12-14 00:00:00+00:00,133.22669982910156,133.22669982910156,132.8252410888672,132.89671325683594,0
2025-12-14 00:15:00+00:00,132.95718383789062,133.28224182128906,132.95718383789062,133.28224182128906,6485376
2025-12-14 00:30:00+00:00,133.30764770507812,133.57437133789062,133.30764770507812,133.46592712402344,14747008
2025-12-14 00:45:00+00:00,133.47813415527344,133.5909881591797,133.32852172851562,133.3350372314453,3266944
2025-12-14 01:00:00+00:00,133.33169555664062,133.46395874023438,133.29257202148438,133.46395874023438,0
2025-12-14 01:15:00+00:00,133.4615478515625,133.56002807617188,133.4615478515625,133.54803466796875,0
2025-12-14 01:30:00+00:00,133.55238342285156,133.56106567382812,133.144287109375,133.144287109375,0
2025-12-14 01:45:00+00:00,133.14004516601562,133.32139587402344,133.1253204345703,133.32139587402344,0
2025-12-14 02:00:00+00:00,133.3645782470703,133.48695373535156,133.36253356933594,133.44332885742188,0
2025-12-14 02:15:00+00:00,133.43919372558594,133.5505828857422,133.3361358642578,133.5505828857422,0
2025-12-14 02:30:00+00:00,133.5382080078125,133.5382080078125,133.2996368408203,133.30615234375,1880320
2025-12-14 02:45:00+00:00,133.3094940185547,133.41183471679688,133.3094940185547,133.3476104736328,1961216
2025-12-14 03:00:00+00:00,133.34686279296875,133.43356323242188,133.3419189453125,133.3419189453125,0
2025-12-14 03:15:00+00:00,133.33279418945312,133.33279418945312,133.11683654785156,133.11683654785156,0
2025-12-14 03:30:00+00:00,133.11363220214844,133.11363220214844,132.99871826171875,133.1103057861328,5821696
2025-12-14 03:45:00+00:00,133.1143035888672,133.14218139648438,133.00152587890625,133.00152587890625,246016
2025-12-14 04:00:00+00:00,132.99432373046875,133.16912841796875,132.98744201660156,133.13377380371094,0
2025-12-14 04:15:00+00:00,133.1413116455078,133.1941375732422,133.11651611328125,133.11651611328125,145664
2025-12-14 04:30:00+00:00,132.947021484375,132.94869995117188,132.65167236328125,132.65167236328125,5537664
2025-12-14 04:45:00+00:00,132.65234375,132.65234375,132.54537963867188,132.54537963867188,10596096
2025-12-14 05:00:00+00:00,132.5445098876953,132.5445098876953,132.37652587890625,132.37652587890625,11190528
2025-12-14 05:15:00+00:00,132.37550354003906,132.37550354003906,132.2792205810547,132.30081176757812,16441472
2025-12-14 05:30:00+00:00,132.2572479248047,132.5696258544922,132.20458984375,132.55599975585938,2666496
2025-12-14 05:45:00+00:00,132.5541534423828,132.6336212158203,132.5541534423828,132.60935974121094,1070080
2025-12-14 06:00:00+00:00,132.6217041015625,132.656494140625,132.556640625,132.63525390625,843648
2025-12-14 06:15:00+00:00,132.6405792236328,132.8512725830078,132.6405792236328,132.74046325683594,5734528
2025-12-14 06:30:00+00:00,132.74192810058594,132.92803955078125,132.61129760742188,132.92803955078125,4884608
2025-12-14 06:45:00+00:00,132.9309844970703,133.04702758789062,132.91282653808594,132.9224395751953,966400
2025-12-14 07:00:00+00:00,132.9258270263672,132.9610137939453,132.91305541992188,132.9610137939453,1692928
2025-12-14 07:15:00+00:00,132.97564697265625,133.09059143066406,132.97564697265625,133.07656860351562,1811840
2025-12-14 07:30:00+00:00,133.05154418945312,133.0580291748047,132.9878692626953,132.9906005859375,749568
2025-12-14 07:45:00+00:00,132.99404907226562,133.2719268798828,132.99404907226562,133.26681518554688,7705088
2025-12-14 08:00:00+00:00,133.27149963378906,133.4420623779297,133.27149963378906,133.43873596191406,3615360
2025-12-14 08:15:00+00:00,133.43994140625,133.46730041503906,133.36135864257812,133.4544677734375,0
2025-12-14 08:30:00+00:00,133.4361114501953,133.4361114501953,133.2209014892578,133.2209014892578,828544
2025-12-14 08:45:00+00:00,133.21250915527344,133.21250915527344,132.90440368652344,132.90440368652344,0
2025-12-14 09:00:00+00:00,132.8649139404297,132.8649139404297,132.7333221435547,132.74172973632812,0
2025-12-14 09:15:00+00:00,132.67840576171875,132.7168426513672,132.57138061523438,132.57138061523438,0
2025-12-14 09:30:00+00:00,132.56919860839844,132.62835693359375,132.50192260742188,132.50192260742188,4833920
2025-12-14 09:45:00+00:00,132.49571228027344,132.52252197265625,132.4651641845703,132.46734619140625,6761472
2025-12-14 10:00:00+00:00,132.46060180664062,132.580078125,132.30625915527344,132.30625915527344,10841472
2025-12-14 10:15:00+00:00,132.1352996826172,132.1352996826172,131.6040802001953,131.89073181152344,125070336
2025-12-14 10:30:00+00:00,131.83663940429688,131.83663940429688,131.5682830810547,131.76805114746094,17234048
2025-12-14 10:45:00+00:00,131.77845764160156,131.88832092285156,131.77845764160156,131.78762817382812,4094464
2025-12-14 11:00:00+00:00,131.7860107421875,131.8304901123047,131.76119995117188,131.76119995117188,14778368
2025-12-14 11:15:00+00:00,131.76754760742188,131.77523803710938,131.48910522460938,131.48910522460938,11867776
2025-12-14 11:30:00+00:00,131.48974609375,131.54017639160156,131.1960906982422,131.1960906982422,20531456
2025-12-14 11:45:00+00:00,131.09642028808594,131.5371856689453,130.62367248535156,131.5371856689453,63864960
2025-12-14 12:00:00+00:00,131.5346221923828,131.5346221923828,131.09646606445312,131.3935546875,20532096
2025-12-14 12:15:00+00:00,131.37762451171875,131.68801879882812,131.37762451171875,131.51829528808594,21591040
2025-12-14 12:30:00+00:00,131.51043701171875,131.7471160888672,131.45986938476562,131.7471160888672,206336
2025-12-14 12:45:00+00:00,131.72921752929688,131.7571258544922,131.6585235595703,131.6585235595703,5457152
2025-12-14 13:00:00+00:00,131.65992736816406,131.65992736816406,131.1475067138672,131.27438354492188,5758976
2025-12-14 13:15:00+00:00,131.25857543945312,131.25857543945312,131.12814331054688,131.13368225097656,7240448
2025-12-14 13:30:00+00:00,131.16616821289062,131.27528381347656,131.16616821289062,131.2372283935547,1186304
2025-12-14 13:45:00+00:00,131.21986389160156,131.4673614501953,131.16317749023438,131.4673614501953,6167040
2025-12-14 14:00:00+00:00,131.64295959472656,131.65475463867188,131.5708770751953,131.57412719726562,3817472
2025-12-14 14:15:00+00:00,131.458251953125,131.55474853515625,131.458251953125,131.54261779785156,2860800
2025-12-14 14:30:00+00:00,131.43226623535156,131.43226623535156,130.7958526611328,130.7958526611328,5867008
2025-12-14 14:45:00+00:00,130.7932891845703,130.9226531982422,130.69358825683594,130.9226531982422,12748544
2025-12-14 15:00:00+00:00,130.8724822998047,130.96450805664062,130.8619842529297,130.8644561767578,0
2025-12-14 15:15:00+00:00,130.83433532714844,130.83433532714844,130.61595153808594,130.61595153808594,11917824
2025-12-14 15:30:00+00:00,130.5521240234375,130.64109802246094,130.5521240234375,130.62428283691406,0
2025-12-14 15:45:00+00:00,130.7507781982422,130.753662109375,130.74609375,130.753662109375,0
2025-12-14 16:00:00+00:00,130.68939208984375,130.7410888671875,130.68939208984375,130.7410888671875,0
2025-12-14 16:15:00+00:00,130.78271484375,131.2938690185547,130.78271484375,131.28890991210938,12171520
2025-12-14 16:30:00+00:00,131.3846435546875,131.3846435546875,130.9622344970703,130.9622344970703,2608128
2025-12-14 16:45:00+00:00,130.85398864746094,130.93519592285156,130.80526733398438,130.93519592285156,13621760
2025-12-14 17:00:00+00:00,130.90911865234375,130.90911865234375,130.90911865234375,130.90911865234375,5055488
2025-12-14 17:15:00+00:00,129.9012908935547,130.06719970703125,129.9012908935547,129.9298095703125,48752384
2025-12-14 17:30:00+00:00,129.88893127441406,129.937255859375,129.88893127441406,129.937255859375,3965952
2025-12-14 17:45:00+00:00,130.0985870361328,130.17762756347656,130.0985870361328,130.14707946777344,0
2025-12-14 18:00:00+00:00,130.35369873046875,130.3777618408203,130.35369873046875,130.3777618408203,0
2025-12-14 18:15:00+00:00,130.3972930908203,130.59059143066406,130.3972930908203,130.48435974121094,2301184
2025-12-14 18:30:00+00:00,130.325439453125,130.38589477539062,130.3222198486328,130.37123107910156,5667072
2025-12-14 18:45:00+00:00,130.36265563964844,130.57608032226562,130.36265563964844,130.57608032226562,3713024
2025-12-14 19:00:00+00:00,130.62127685546875,130.62954711914062,130.62127685546875,130.62954711914062,0
2025-12-14 19:15:00+00:00,130.28341674804688,130.28341674804688,130.11199951171875,130.13369750976562,4130560
2025-12-14 19:30:00+00:00,130.16783142089844,130.28199768066406,130.16783142089844,130.2122039794922,7133440
2025-12-14 19:45:00+00:00,130.31971740722656,130.3577117919922,130.31971740722656,130.3577117919922,2148608
2025-12-14 20:00:00+00:00,130.36196899414062,130.4169464111328,130.19931030273438,130.28033447265625,17255168
2025-12-14 20:15:00+00:00,130.57579040527344,130.57579040527344,130.30548095703125,130.30548095703125,31628544
2025-12-14 20:30:00+00:00,130.18109130859375,130.2144317626953,130.18109130859375,130.2144317626953,11854848
2025-12-14 20:45:00+00:00,130.15757751464844,130.21466064453125,130.10333251953125,130.10333251953125,5928448
2025-12-14 21:00:00+00:00,129.76071166992188,129.76071166992188,129.76071166992188,129.76071166992188,0
2025-12-14 21:15:00+00:00,129.951171875,130.30258178710938,129.951171875,130.1964874267578,3965952
2025-12-14 21:30:00+00:00,129.9373321533203,129.9373321533203,129.9373321533203,129.9373321533203,0
2025-12-14 21:45:00+00:00,129.88308715820312,129.91165161132812,129.8642578125,129.91165161132812,3895552
2025-12-14 22:00:00+00:00,130.02691650390625,130.1419677734375,130.02691650390625,130.1419677734375,0
2025-12-14 22:15:00+00:00,130.07681274414062,130.07681274414062,130.0686492919922,130.07302856445312,626688
2025-12-14 22:30:00+00:00,129.9197235107422,129.94882202148438,129.817626953125,129.817626953125,17249024
2025-12-14 22:45:00+00:00,129.87594604492188,130.09921264648438,129.86973571777344,130.09921264648438,6401536
2025-12-14 23:00:00+00:00,130.0424041748047,130.0424041748047,129.8682403564453,129.8682403564453,11255040
2025-12-14 23:15:00+00:00,129.9429168701172,129.9429168701172,129.83837890625,129.83837890625,4710144
2025-12-14 23:30:00+00:00,129.45608520507812,129.45608520507812,128.97341918945312,128.97341918945312,100801280
2025-12-14 23:45:00+00:00,129.4852294921875,129.57418823242188,129.4180145263672,129.49465942382812,65542144
2025-12-15 00:00:00+00:00,129.98959350585938,129.98959350585938,129.6465606689453,129.6465606689453,13965568
2025-12-15 00:15:00+00:00,129.606689453125,130.1067352294922,129.59234619140625,130.1067352294922,10907392
2025-12-15 00:30:00+00:00,130.10769653320312,130.1434783935547,129.9684600830078,129.9684600830078,4067328
2025-12-15 00:45:00+00:00,129.667236328125,130.26483154296875,129.667236328125,130.26483154296875,10189312
2025-12-15 01:00:00+00:00,130.20916748046875,130.20916748046875,130.05812072753906,130.05812072753906,11786752
2025-12-15 01:15:00+00:00,130.0907745361328,130.0907745361328,130.03811645507812,130.03811645507812,3710976
2025-12-15 01:30:00+00:00,130.05645751953125,130.82601928710938,130.05645751953125,130.82601928710938,24102144
2025-12-15 01:45:00+00:00,130.84896850585938,131.09410095214844,130.84896850585938,131.09410095214844,59119616
2025-12-15 02:00:00+00:00,131.25765991210938,131.8668670654297,131.25765991210938,131.8668670654297,25697280
2025-12-15 02:15:00+00:00,131.95745849609375,132.76319885253906,131.95745849609375,132.76319885253906,108350208
2025-12-15 02:30:00+00:00,132.78489685058594,132.78489685058594,132.34230041503906,132.34230041503906,40168192
2025-12-15 02:45:00+00:00,132.3041534423828,132.3041534423828,131.68748474121094,131.68748474121094,26490880
2025-12-15 03:00:00+00:00,131.547119140625,131.547119140625,131.23899841308594,131.23899841308594,18147072
2025-12-15 03:15:00+00:00,131.21743774414062,131.6233367919922,131.21743774414062,131.51406860351562,16346368
2025-12-15 03:30:00+00:00,131.4843292236328,131.4843292236328,131.26419067382812,131.26419067382812,4521984
2025-12-15 03:45:00+00:00,131.24462890625,131.2515411376953,131.2211456298828,131.2337188720703,6826752
2025-12-15 04:00:00+00:00,131.36849975585938,131.40953063964844,131.36849975585938,131.40953063964844,5708288
2025-12-15 04:15:00+00:00,131.45457458496094,131.52359008789062,131.11842346191406,131.11842346191406,13733888
2025-12-15 04:30:00+00:00,131.1209716796875,131.3204345703125,131.0217742919922,131.3204345703125,1997824
2025-12-15 04:45:00+00:00,131.59849548339844,131.897705078125,131.59849548339844,131.897705078125,11928320
2025-12-15 05:00:00+00:00,131.8668975830078,131.88304138183594,131.83726501464844,131.88304138183594,11244288
2025-12-15 05:15:00+00:00,131.89849853515625,132.03883361816406,131.8824920654297,132.03883361816406,1005056
2025-12-15 05:30:00+00:00,131.98904418945312,131.98904418945312,131.85398864746094,131.85398864746094,0
2025-12-15 05:45:00+00:00,131.77914428710938,131.8258056640625,131.77914428710938,131.8258056640625,1382400
2025-12-15 06:00:00+00:00,131.9735870361328,131.98033142089844,131.81842041015625,131.840087890625,16357888
2025-12-15 06:15:00+00:00,131.8291015625,131.9567108154297,131.8291015625,131.9567108154297,5717504
2025-12-15 06:30:00+00:00,131.94754028320312,132.2383270263672,131.94754028320312,132.2383270263672,15018240
2025-12-15 06:45:00+00:00,132.30056762695312,132.5382080078125,132.30056762695312,132.4119873046875,22286592
2025-12-15 07:00:00+00:00,132.50811767578125,132.50811767578125,132.0875701904297,132.0875701904297,19074048
2025-12-15 07:15:00+00:00,132.03768920898438,132.10244750976562,132.03768920898438,132.10244750976562,7533568
2025-12-15 07:30:00+00:00,132.09951782226562,132.22349548339844,132.09951782226562,132.22349548339844,4867840
2025-12-15 07:45:00+00:00,132.24392700195312,132.3643341064453,132.2425537109375,132.3643341064453,17148160
2025-12-15 08:00:00+00:00,132.35568237304688,132.47434997558594,132.23220825195312,132.47434997558594,1886464
2025-12-15 08:15:00+00:00,132.29855346679688,132.59873962402344,132.26708984375,132.59873962402344,1802496
2025-12-15 08:30:00+00:00,132.57521057128906,132.57521057128906,132.57521057128906,132.57521057128906,1487104
2025-12-15 08:45:00+00:00,132.4676055908203,132.4676055908203,132.3881072998047,132.3881072998047,3123456
2025-12-15 09:00:00+00:00,132.39471435546875,132.5366668701172,132.35389709472656,132.35389709472656,8061696
2025-12-15 09:15:00+00:00,132.3728790283203,132.5092315673828,132.2649688720703,132.5012664794922,4775936
2025-12-15 09:30:00+00:00,132.54527282714844,132.6100311279297,132.5282440185547,132.56175231933594,343552
2025-12-15 09:45:00+00:00,132.55929565429688,132.728515625,132.54306030273438,132.72520446777344,6656000
2025-12-15 10:00:00+00:00,132.7617645263672,132.7617645263672,132.48995971679688,132.48995971679688,0
2025-12-15 10:15:00+00:00,132.48936462402344,132.59242248535156,132.4410400390625,132.59242248535156,0
2025-12-15 10:30:00+00:00,132.59693908691406,132.9141082763672,132.52394104003906,132.52537536621094,0
2025-12-15 10:45:00+00:00,132.5245361328125,132.58242797851562,132.4790802001953,132.58242797851562,0
2025-12-15 11:00:00+00:00,132.5908203125,132.64761352539062,132.53256225585938,132.60462951660156,0
2025-12-15 11:15:00+00:00,132.60032653808594,132.70166015625,132.5707244873047,132.70166015625,2053376
2025-12-15 11:30:00+00:00,132.70126342773438,132.77984619140625,132.39927673339844,132.39927673339844,0
2025-12-15 11:45:00+00:00,132.40045166015625,132.40045166015625,132.18772888183594,132.2703399658203,0
2025-12-15 12:00:00+00:00,132.2702178955078,132.2702178955078,131.91824340820312,131.9499053955078,0
2025-12-15 12:15:00+00:00,131.94412231445312,132.18405151367188,131.9207000732422,132.16775512695312,0
2025-12-15 12:30:00+00:00,132.1766815185547,133.0034942626953,132.1766815185547,133.0034942626953,20311808
2025-12-15 12:45:00+00:00,132.9850311279297,132.9850311279297,132.80543518066406,132.81845092773438,5752064
2025-12-15 13:00:00+00:00,132.8045654296875,132.81443786621094,131.94036865234375,132.21563720703125,29518592
2025-12-15 13:15:00+00:00,132.2959747314453,132.9105224609375,132.2959747314453,132.58688354492188,53230592
2025-12-15 13:30:00+00:00,132.61878967285156,132.71292114257812,132.39971923828125,132.71292114257812,22472704
2025-12-15 13:45:00+00:00,132.8735809326172,132.94126892089844,132.833984375,132.833984375,39310336
2025-12-15 14:00:00+00:00,132.76272583007812,132.76272583007812,132.75579833984375,132.75579833984375,0
2025-12-15 14:15:00+00:00,133.11978149414062,134.26608276367188,132.92681884765625,132.92681884765625,226680320
2025-12-15 14:30:00+00:00,132.985107421875,133.062744140625,132.78794860839844,132.92373657226562,75617536
2025-12-15 14:45:00+00:00,132.14630126953125,132.14630126953125,131.67555236816406,131.67555236816406,59336448
2025-12-15 15:00:00+00:00,130.48167419433594,130.48167419433594,129.5963897705078,129.67703247070312,271787520
2025-12-15 15:15:00+00:00,129.39703369140625,129.39703369140625,127.16926574707031,127.16926574707031,213808640
2025-12-15 15:30:00+00:00,127.71904754638672,127.71904754638672,127.41666412353516,127.41666412353516,130020608
2025-12-15 15:45:00+00:00,127.65718841552734,127.74803924560547,127.37796783447266,127.37796783447266,131155456
2025-12-15 16:00:00+00:00,126.78583526611328,126.93720245361328,126.724365234375,126.93720245361328,154469120
2025-12-15 16:15:00+00:00,126.71463775634766,126.71463775634766,126.71463775634766,126.71463775634766,81292032
2025-12-15 16:30:00+00:00,126.63089752197266,126.63089752197266,126.2821273803711,126.2821273803711,56581632
2025-12-15 16:45:00+00:00,125.77040100097656,126.13749694824219,125.77040100097656,126.13749694824219,64847872
2025-12-15 17:00:00+00:00,126.33168029785156,126.5339584350586,126.33168029785156,126.5339584350586,19714048
2025-12-15 17:30:00+00:00,125.47337341308594,125.69219207763672,125.47337341308594,125.69219207763672,29145088
2025-12-15 17:45:00+00:00,125.16596221923828,125.19759368896484,125.16596221923828,125.19759368896484,51594752
2025-12-15 18:00:00+00:00,124.91563415527344,125.08744812011719,124.91563415527344,125.08744812011719,92342272
2025-12-15 18:15:00+00:00,125.16462707519531,125.16462707519531,124.95533752441406,124.95533752441406,7266304
2025-12-15 18:30:00+00:00,124.2244644165039,124.55138397216797,124.2244644165039,124.55138397216797,99548672
2025-12-15 18:45:00+00:00,124.43807220458984,124.51931762695312,124.43807220458984,124.51931762695312,20752384
2025-12-15 19:00:00+00:00,124.88352966308594,125.46109008789062,124.88085174560547,124.88085174560547,125943296
2025-12-15 19:15:00+00:00,124.88538360595703,125.65374755859375,124.88538360595703,125.65374755859375,47602176
2025-12-15 19:30:00+00:00,125.52652740478516,125.69874572753906,125.52652740478516,125.58724212646484,28547584
2025-12-15 19:45:00+00:00,125.11438751220703,125.12975311279297,125.11438751220703,125.12975311279297,22520832
2025-12-15 20:00:00+00:00,125.11901092529297,125.11901092529297,124.68138122558594,124.68138122558594,34955776
2025-12-15 20:15:00+00:00,124.02470397949219,124.12600708007812,124.02470397949219,124.11021423339844,23412736
2025-12-15 20:30:00+00:00,124.52240753173828,125.1809310913086,124.52240753173828,125.1809310913086,36328448
2025-12-15 20:45:00+00:00,125.23989868164062,125.23989868164062,125.23989868164062,125.23989868164062,18984960
2025-12-15 21:00:00+00:00,125.3752212524414,125.3752212524414,125.2255630493164,125.2255630493164,22695936
2025-12-15 21:15:00+00:00,125.06845092773438,125.77411651611328,125.06845092773438,125.77411651611328,57785344
2025-12-15 21:30:00+00:00,125.83910369873047,126.23944854736328,125.83910369873047,126.23944854736328,37574656
2025-12-15 21:45:00+00:00,125.82621765136719,125.82621765136719,125.74116516113281,125.74116516113281,16166400
2025-12-15 22:00:00+00:00,125.8558578491211,125.880126953125,125.80953979492188,125.880126953125,12136448
2025-12-15 22:15:00+00:00,125.9925765991211,126.02783203125,125.9925765991211,126.02783203125,15354880
2025-12-15 22:30:00+00:00,126.302978515625,126.302978515625,126.23342895507812,126.23342895507812,4550656
2025-12-15 22:45:00+00:00,126.14557647705078,126.14557647705078,126.14557647705078,126.14557647705078,12206592
2025-12-15 23:00:00+00:00,126.3653564453125,126.79521942138672,126.3653564453125,126.79521942138672,15077888
2025-12-15 23:15:00+00:00,126.87287902832031,126.87287902832031,126.87287902832031,126.87287902832031,15861760
2025-12-15 23:30:00+00:00,127.34559631347656,127.6660385131836,127.34559631347656,127.6660385131836,0
2025-12-15 23:45:00+00:00,127.65876770019531,127.65876770019531,127.65876770019531,127.65876770019531,791040
2025-12-16 00:00:00+00:00,127.66539764404297,127.77286529541016,127.66539764404297,127.77286529541016,1640960
2025-12-16 00:15:00+00:00,127.90692901611328,127.9937515258789,127.68541717529297,127.68541717529297,2811392
2025-12-16 00:30:00+00:00,126.97930145263672,126.97930145263672,126.97930145263672,126.97930145263672,2969600
2025-12-16 00:45:00+00:00,127.02101135253906,127.02101135253906,126.8691177368164,126.8691177368164,13563904
2025-12-16 01:00:00+00:00,126.43186950683594,126.43186950683594,126.28156280517578,126.35984802246094,8946176
2025-12-16 01:15:00+00:00,126.52674865722656,126.52674865722656,126.00489044189453,126.00489044189453,22578176
2025-12-16 01:30:00+00:00,126.00452423095703,126.00452423095703,125.92591094970703,125.9937973022461,11934720
2025-12-16 01:45:00+00:00,126.60520935058594,126.60520935058594,126.45293426513672,126.45293426513672,4109312
2025-12-16 02:00:00+00:00,126.44384002685547,126.44437408447266,126.37541198730469,126.44437408447266,0
2025-12-16 02:15:00+00:00,126.50824737548828,126.50824737548828,126.50824737548828,126.50824737548828,0
2025-12-16 02:30:00+00:00,126.90604400634766,126.90604400634766,126.83419799804688,126.83419799804688,6736896
2025-12-16 02:45:00+00:00,126.77873229980469,126.94121551513672,126.74072265625,126.74072265625,0
2025-12-16 03:00:00+00:00,126.74878692626953,126.77434539794922,126.74878692626953,126.77434539794922,0
2025-12-16 03:15:00+00:00,126.10140228271484,126.10140228271484,125.9686508178711,125.9686508178711,3376128
2025-12-16 03:30:00+00:00,125.66667938232422,125.66667938232422,125.66667938232422,125.66667938232422,23554048
2025-12-16 03:45:00+00:00,126.13229370117188,126.13229370117188,126.13229370117188,126.13229370117188,15272960
2025-12-16 04:00:00+00:00,126.2563705444336,126.51998138427734,126.2563705444336,126.4588394165039,8545792
2025-12-16 04:15:00+00:00,126.44195556640625,126.44195556640625,125.97130584716797,125.97130584716797,188928
2025-12-16 04:30:00+00:00,125.91766357421875,125.91766357421875,125.71302795410156,125.71302795410156,10507776
2025-12-16 04:45:00+00:00,125.72816467285156,125.91757202148438,125.61863708496094,125.91757202148438,32879616
2025-12-16 05:00:00+00:00,126.08704376220703,126.17131805419922,126.08704376220703,126.17131805419922,1604608
2025-12-16 05:15:00+00:00,126.12664031982422,126.22148895263672,126.12664031982422,126.22148895263672,3388928
2025-12-16 05:30:00+00:00,126.1569595336914,126.24383544921875,126.12303161621094,126.24383544921875,6028800
2025-12-16 05:45:00+00:00,126.49913787841797,126.49913787841797,126.39141845703125,126.39141845703125,9128960
2025-12-16 06:00:00+00:00,126.37657165527344,126.37657165527344,126.37657165527344,126.37657165527344,0
2025-12-16 06:15:00+00:00,126.6851806640625,126.6851806640625,126.65325164794922,126.65325164794922,4131328
2025-12-16 06:30:00+00:00,127.08650970458984,127.11145782470703,127.08650970458984,127.11145782470703,9253376
2025-12-16 06:45:00+00:00,127.08526611328125,127.1635971069336,127.08526611328125,127.15674591064453,0
2025-12-16 07:00:00+00:00,127.37301635742188,127.37301635742188,127.34805297851562,127.34805297851562,0
2025-12-16 07:15:00+00:00,127.04165649414062,127.04165649414062,126.67840576171875,126.67840576171875,5678592
2025-12-16 07:30:00+00:00,126.69761657714844,126.69761657714844,126.49761962890625,126.49761962890625,94720
2025-12-16 07:45:00+00:00,125.8938217163086,125.8938217163086,125.72894287109375,125.72894287109375,14539264
2025-12-16 08:00:00+00:00,125.74871063232422,125.77045440673828,125.72972869873047,125.72972869873047,6115328
2025-12-16 08:15:00+00:00,126.015869140625,126.015869140625,125.83418273925781,125.97265625,17944064
2025-12-16 08:30:00+00:00,126.15888214111328,126.24105072021484,126.0865249633789,126.24105072021484,3491328
2025-12-16 08:45:00+00:00,126.34224700927734,126.34224700927734,125.92147064208984,125.92147064208984,7437312
2025-12-16 09:00:00+00:00,125.96209716796875,126.04151153564453,125.91036224365234,126.04151153564453,5594112
2025-12-16 09:15:00+00:00,126.18574523925781,126.33096313476562,126.18574523925781,126.31697082519531,6945792
2025-12-16 09:30:00+00:00,126.38207244873047,126.38207244873047,126.27326965332031,126.27326965332031,6165504
2025-12-16 09:45:00+00:00,126.29962921142578,126.29962921142578,126.16990661621094,126.16990661621094,1227776
2025-12-16 10:00:00+00:00,126.33474731445312,126.47421264648438,126.33474731445312,126.47421264648438,4625920
2025-12-16 10:15:00+00:00,126.60467529296875,126.87848663330078,126.6031265258789,126.87848663330078,10237440
2025-12-16 10:30:00+00:00,126.98877716064453,127.3941879272461,126.98877716064453,127.3941879272461,19513344
2025-12-16 10:45:00+00:00,128.34361267089844,128.51451110839844,128.17799377441406,128.51451110839844,83630592
2025-12-16 11:00:00+00:00,128.2880859375,128.31512451171875,128.27261352539062,128.27261352539062,23830528
2025-12-16 11:15:00+00:00,128.30271911621094,128.5933380126953,128.30271911621094,128.32763671875,22547456
2025-12-16 11:30:00+00:00,128.52467346191406,128.54397583007812,128.25865173339844,128.25865173339844,21862400
2025-12-16 11:45:00+00:00,128.1256866455078,128.51185607910156,128.1256866455078,128.51185607910156,14981632
2025-12-16 12:00:00+00:00,128.6475830078125,128.6475830078125,128.6404571533203,128.64707946777344,17841664
2025-12-16 12:30:00+00:00,128.34909057617188,128.41937255859375,128.34909057617188,128.41937255859375,12741120
2025-12-16 12:45:00+00:00,128.47164916992188,128.65281677246094,128.47164916992188,128.6458740234375,1609728
2025-12-16 13:00:00+00:00,128.59877014160156,128.59877014160156,128.59877014160156,128.59877014160156,0
2025-12-16 13:15:00+00:00,128.60220336914062,128.94508361816406,128.60220336914062,128.94508361816406,0
2025-12-16 13:30:00+00:00,128.0211639404297,128.0211639404297,128.0211639404297,128.0211639404297,101763072
2025-12-16 13:45:00+00:00,127.7564468383789,127.79844665527344,127.63108825683594,127.79844665527344,34977792
2025-12-16 14:00:00+00:00,127.58586120605469,127.58586120605469,126.99761199951172,127.47721099853516,58451968
2025-12-16 14:15:00+00:00,127.52594757080078,127.93575286865234,127.52594757080078,127.93575286865234,0
2025-12-16 14:30:00+00:00,128.61061096191406,128.77406311035156,128.61061096191406,128.77406311035156,22629888
2025-12-16 14:45:00+00:00,128.969482421875,128.969482421875,128.969482421875,128.969482421875,5048832
2025-12-16 15:00:00+00:00,128.53565979003906,128.6172332763672,128.42465209960938,128.42465209960938,0
2025-12-16 15:15:00+00:00,128.16983032226562,128.16983032226562,127.9402084350586,127.9402084350586,0
2025-12-16 15:30:00+00:00,128.14817810058594,128.14817810058594,128.03067016601562,128.0611572265625,0
2025-12-16 15:45:00+00:00,128.1090850830078,129.9374237060547,128.1090850830078,129.9374237060547,0
2025-12-16 16:00:00+00:00,129.4744110107422,129.4744110107422,128.85372924804688,128.85372924804688,0
2025-12-16 16:15:00+00:00,128.86480712890625,128.9681396484375,128.86480712890625,128.9681396484375,0
2025-12-16 16:30:00+00:00,128.73927307128906,128.73927307128906,128.2104034423828,128.2869415283203,0
2025-12-16 16:45:00+00:00,128.07632446289062,128.400634765625,128.07632446289062,128.3994140625,0
2025-12-16 17:00:00+00:00,128.32492065429688,128.36294555664062,128.32492065429688,128.3566131591797,0
2025-12-16 17:15:00+00:00,128.20703125,128.20703125,128.20703125,128.20703125,0
2025-12-16 17:30:00+00:00,127.38214874267578,127.38214874267578,127.38214874267578,127.38214874267578,0
2025-12-16 17:45:00+00:00,127.34223175048828,127.40583038330078,127.34223175048828,127.40583038330078,0
2025-12-16 18:00:00+00:00,127.32796478271484,127.46007537841797,127.32415008544922,127.46007537841797,0
2025-12-16 18:15:00+00:00,127.36343383789062,127.36343383789062,127.36343383789062,127.36343383789062,0
2025-12-16 18:30:00+00:00,127.18771362304688,127.63719940185547,127.18771362304688,127.63719940185547,0
2025-12-16 18:45:00+00:00,128.21218872070312,128.29782104492188,128.21218872070312,128.29782104492188,0
2025-12-16 19:00:00+00:00,127.96302032470703,127.96302032470703,127.96302032470703,127.96302032470703,0
2025-12-16 19:15:00+00:00,127.01104736328125,127.01104736328125,126.8797378540039,126.8797378540039,0
2025-12-16 19:30:00+00:00,127.05738830566406,127.27178955078125,127.05738830566406,127.27178955078125,0
2025-12-16 19:45:00+00:00,127.5752944946289,127.80145263671875,127.5752944946289,127.77835845947266,0
2025-12-16 20:00:00+00:00,127.70957946777344,127.79154968261719,127.70957946777344,127.79154968261719,0
2025-12-16 20:15:00+00:00,127.88990783691406,127.88990783691406,127.88990783691406,127.88990783691406,0
2025-12-16 20:30:00+00:00,127.87919616699219,128.07296752929688,127.87919616699219,128.07296752929688,0
2025-12-16 20:45:00+00:00,127.7285385131836,127.9485855102539,127.7285385131836,127.9485855102539,0
2025-12-16 21:00:00+00:00,128.54840087890625,128.54840087890625,128.2591552734375,128.2591552734375,3767808
2025-12-16 21:15:00+00:00,128.2946319580078,128.2946319580078,128.14906311035156,128.14906311035156,0
2025-12-16 21:30:00+00:00,128.2604217529297,128.2604217529297,128.2604217529297,128.2604217529297,0
2025-12-16 21:45:00+00:00,128.6449737548828,128.6449737548828,128.42584228515625,128.42584228515625,0
2025-12-16 22:00:00+00:00,128.60934448242188,128.8147430419922,128.60934448242188,128.7325897216797,912640
2025-12-16 22:15:00+00:00,128.5695343017578,128.68325805664062,128.5695343017578,128.6377716064453,0
2025-12-16 22:30:00+00:00,128.6514434814453,128.6514434814453,128.59080505371094,128.59080505371094,0
2025-12-16 22:45:00+00:00,128.7473907470703,128.7473907470703,128.61724853515625,128.61724853515625,0
2025-12-16 23:00:00+00:00,128.55087280273438,128.55087280273438,128.55087280273438,128.55087280273438,0
2025-12-16 23:15:00+00:00,128.75074768066406,128.75074768066406,128.63482666015625,128.63482666015625,0
2025-12-16 23:30:00+00:00,128.5506591796875,128.55079650878906,128.49684143066406,128.5078887939453,0
2025-12-16 23:45:00+00:00,128.6060791015625,128.6060791015625,128.58294677734375,128.58294677734375,0
2025-12-17 00:00:00+00:00,129.2058563232422,129.2058563232422,128.71615600585938,128.71615600585938,30243840
2025-12-17 00:15:00+00:00,128.58360290527344,128.60198974609375,128.55361938476562,128.55361938476562,0
2025-12-17 00:30:00+00:00,128.4212646484375,128.56382751464844,128.4212646484375,128.51393127441406,0
2025-12-17 00:45:00+00:00,128.43997192382812,128.9208221435547,128.43997192382812,128.9208221435547,0
2025-12-17 01:00:00+00:00,128.91836547851562,129.0463409423828,128.91836547851562,128.93556213378906,0
2025-12-17 01:15:00+00:00,128.90365600585938,129.39100646972656,128.90365600585938,129.35205078125,8653824
2025-12-17 01:30:00+00:00,129.4027862548828,129.46923828125,129.24520874023438,129.24734497070312,0
2025-12-17 01:45:00+00:00,129.2447509765625,129.2447509765625,128.94752502441406,128.9553985595703,874752
2025-12-17 02:00:00+00:00,129.13720703125,129.16062927246094,128.82200622558594,128.82200622558594,596480
2025-12-17 02:15:00+00:00,128.6514434814453,128.76280212402344,128.6514434814453,128.76280212402344,10028544
2025-12-17 02:30:00+00:00,128.87741088867188,128.8776397705078,128.82423400878906,128.8776397705078,0
2025-12-17 02:45:00+00:00,128.8773651123047,129.35147094726562,128.8773651123047,129.35147094726562,10204928
2025-12-17 03:00:00+00:00,129.28964233398438,129.48451232910156,129.28964233398438,129.3140411376953,0
2025-12-17 03:15:00+00:00,129.17759704589844,129.18511962890625,129.12608337402344,129.12608337402344,0
2025-12-17 03:30:00+00:00,129.0032501220703,129.0032501220703,128.6065216064453,128.6065216064453,0
2025-12-17 03:45:00+00:00,128.50799560546875,128.50799560546875,128.45504760742188,128.45504760742188,0
2025-12-17 04:00:00+00:00,128.32655334472656,128.32655334472656,128.22958374023438,128.31919860839844,1315328
2025-12-17 04:15:00+00:00,128.21226501464844,128.21652221679688,127.74087524414062,128.06419372558594,8346624
2025-12-17 04:30:00+00:00,127.70377349853516,127.70377349853516,127.56102752685547,127.56102752685547,2503424
2025-12-17 04:45:00+00:00,127.61534118652344,127.7568130493164,127.61534118652344,127.74806213378906,3124992
2025-12-17 05:00:00+00:00,127.86441802978516,127.86441802978516,127.7801513671875,127.7978286743164,1304064
2025-12-17 05:15:00+00:00,127.88349151611328,127.88349151611328,127.85248565673828,127.85248565673828,8354816
2025-12-17 05:30:00+00:00,127.34729766845703,127.34729766845703,127.2717514038086,127.29518127441406,14876160
2025-12-17 05:45:00+00:00,127.62541961669922,127.62541961669922,127.6006851196289,127.6006851196289,905984
2025-12-17 06:00:00+00:00,127.60182189941406,127.73880004882812,127.5959701538086,127.73880004882812,0
2025-12-17 06:15:00+00:00,127.81119537353516,127.8869400024414,127.81119537353516,127.8869400024414,0
2025-12-17 06:30:00+00:00,127.8507308959961,127.8507308959961,127.8507308959961,127.8507308959961,0
2025-12-17 06:45:00+00:00,127.68316650390625,127.68316650390625,127.60609436035156,127.66297912597656,1284352
2025-12-17 07:00:00+00:00,127.6810531616211,128.00172424316406,127.6810531616211,127.95044708251953,387328
2025-12-17 07:15:00+00:00,127.91085052490234,127.91085052490234,127.72895812988281,127.8798828125,288000
2025-12-17 07:30:00+00:00,128.08609008789062,128.31497192382812,128.08609008789062,128.2932891845703,9566720
2025-12-17 07:45:00+00:00,128.1887664794922,128.24317932128906,128.1887664794922,128.24317932128906,0
2025-12-17 08:00:00+00:00,128.26145935058594,128.26145935058594,127.93397521972656,127.93397521972656,0
2025-12-17 08:15:00+00:00,127.90497589111328,127.90497589111328,127.34519958496094,127.34519958496094,2873856
2025-12-17 08:30:00+00:00,127.30496215820312,127.30496215820312,127.30496215820312,127.30496215820312,4705792
2025-12-17 08:45:00+00:00,126.93977355957031,126.9589614868164,126.91735076904297,126.92420196533203,10402816
2025-12-17 09:00:00+00:00,126.90848541259766,126.90848541259766,126.6793212890625,126.6793212890625,1254400
2025-12-17 09:15:00+00:00,126.81181335449219,126.89842224121094,126.57009887695312,126.57009887695312,7874816
2025-12-17 09:30:00+00:00,126.22383880615234,126.58015441894531,126.22383880615234,126.58015441894531,22374912
2025-12-17 09:45:00+00:00,126.67576599121094,126.73793029785156,126.67576599121094,126.71349334716797,4484864
2025-12-17 10:00:00+00:00,126.6881332397461,126.6881332397461,126.4245834350586,126.56873321533203,0
2025-12-17 10:15:00+00:00,126.65803527832031,126.73387145996094,126.65803527832031,126.73387145996094,301568
2025-12-17 10:30:00+00:00,126.7557601928711,126.79240417480469,126.6192398071289,126.6192398071289,0
2025-12-17 10:45:00+00:00,126.7162094116211,126.7162094116211,126.59024047851562,126.59024047851562,0
2025-12-17 11:00:00+00:00,126.5670394897461,126.92069244384766,126.55949401855469,126.92069244384766,0
2025-12-17 11:15:00+00:00,127.34359741210938,127.34359741210938,127.34359741210938,127.34359741210938,0
2025-12-17 11:30:00+00:00,127.43353271484375,127.61577606201172,127.43353271484375,127.61577606201172,551424
2025-12-17 11:45:00+00:00,127.62739562988281,127.70597839355469,127.61497497558594,127.61497497558594,0
2025-12-17 12:00:00+00:00,127.61060333251953,127.7892837524414,127.61060333251953,127.7892837524414,5353728
2025-12-17 12:15:00+00:00,127.74398803710938,127.74398803710938,127.57386016845703,127.57386016845703,7029504
2025-12-17 12:30:00+00:00,127.63996124267578,127.86577606201172,127.63996124267578,127.86577606201172,3883264
2025-12-17 12:45:00+00:00,127.75154876708984,127.98887634277344,127.59419250488281,127.89103698730469,21450240
2025-12-17 13:00:00+00:00,127.9175033569336,128.10423278808594,127.9175033569336,128.10423278808594,4900352
2025-12-17 13:15:00+00:00,127.63203430175781,127.8021011352539,127.63203430175781,127.8021011352539,0
2025-12-17 13:30:00+00:00,127.91561126708984,128.02040100097656,127.91561126708984,128.02040100097656,0
2025-12-17 13:45:00+00:00,128.6791534423828,128.78402709960938,128.6791534423828,128.78402709960938,21907968
2025-12-17 14:00:00+00:00,129.37457275390625,129.37457275390625,129.30889892578125,129.30889892578125,0
2025-12-17 14:15:00+00:00,129.29000854492188,129.6963653564453,129.29000854492188,129.6963653564453,15406080
2025-12-17 14:30:00+00:00,129.09829711914062,129.15675354003906,128.6783447265625,128.6783447265625,536576
2025-12-17 14:45:00+00:00,128.36456298828125,131.62469482421875,128.36456298828125,131.62469482421875,193755392
2025-12-17 15:00:00+00:00,132.44801330566406,133.42788696289062,132.44801330566406,133.07635498046875,283565824
2025-12-17 15:15:00+00:00,133.1935272216797,133.4063720703125,131.81521606445312,131.81521606445312,89429760
2025-12-17 15:30:00+00:00,131.76544189453125,131.76544189453125,129.66143798828125,129.66143798828125,109502464
2025-12-17 15:45:00+00:00,129.59046936035156,129.59046936035156,127.03817749023438,127.03817749023438,175836928
2025-12-17 16:00:00+00:00,127.01912689208984,127.39696502685547,126.9935531616211,127.14633178710938,33489664
2025-12-17 16:15:00+00:00,127.02029418945312,127.02029418945312,125.7015151977539,125.7015151977539,115533056
2025-12-17 16:30:00+00:00,125.6827163696289,125.6827163696289,124.12012481689453,124.12012481689453,140817920
2025-12-17 16:45:00+00:00,124.24938201904297,124.64427947998047,124.14188385009766,124.54228973388672,107426304
2025-12-17 17:00:00+00:00,124.7888412475586,124.81926727294922,122.97605895996094,123.20928192138672,164390912
2025-12-17 17:15:00+00:00,123.13481140136719,124.14756774902344,122.96082305908203,124.14756774902344,97411072
2025-12-17 17:30:00+00:00,124.11808776855469,124.11808776855469,123.35027313232422,123.35027313232422,49374208
2025-12-17 17:45:00+00:00,123.32972717285156,123.32972717285156,122.91006469726562,122.97012329101562,48058368
2025-12-17 18:00:00+00:00,122.93571472167969,123.58491516113281,122.93571472167969,123.35889434814453,14621184
2025-12-17 18:15:00+00:00,123.3813705444336,123.83136749267578,123.22993469238281,123.53316497802734,29940736
2025-12-17 18:30:00+00:00,123.51435089111328,123.51435089111328,122.62523651123047,122.62523651123047,39918080
2025-12-17 18:45:00+00:00,122.65789031982422,122.65789031982422,122.06150817871094,122.07418823242188,89139200
2025-12-17 19:00:00+00:00,122.06806945800781,122.06806945800781,121.76212310791016,121.7984619140625,48161280
2025-12-17 19:15:00+00:00,121.83780670166016,122.26500701904297,121.83780670166016,122.17510223388672,35590144
2025-12-17 19:30:00+00:00,122.1747055053711,122.1747055053711,121.5654067993164,121.72740173339844,35652096
2025-12-17 19:45:00+00:00,121.73194122314453,122.35839080810547,121.73194122314453,122.3160171508789,24207872
2025-12-17 20:00:00+00:00,122.32154083251953,122.37755584716797,122.15068054199219,122.15068054199219,10468864
2025-12-17 20:15:00+00:00,122.11890411376953,123.52340698242188,122.11890411376953,123.49967956542969,64106496
2025-12-17 20:30:00+00:00,123.5414810180664,123.55028533935547,123.11962890625,123.16513061523438,34207744
2025-12-17 20:45:00+00:00,123.18956756591797,123.212158203125,122.71505737304688,122.71830749511719,6029312
2025-12-17 21:00:00+00:00,122.80078125,122.97315979003906,122.80055236816406,122.80998229980469,105984
2025-12-17 21:15:00+00:00,122.80747985839844,122.80747985839844,122.3193130493164,122.3193130493164,12219392
2025-12-17 21:30:00+00:00,122.32069396972656,122.32069396972656,122.20343780517578,122.31838989257812,14516736
2025-12-17 21:45:00+00:00,122.32975769042969,122.44652557373047,122.24859619140625,122.43475341796875,4635136
2025-12-17 22:00:00+00:00,122.41512298583984,122.48779296875,122.20915222167969,122.48779296875,9704960
2025-12-17 22:15:00+00:00,122.48541259765625,122.94249725341797,122.48173522949219,122.94249725341797,26694144
2025-12-17 22:30:00+00:00,122.90289306640625,122.97792053222656,122.84689331054688,122.92084503173828,9827328
2025-12-17 22:45:00+00:00,122.9671401977539,123.42103576660156,122.8765869140625,123.42103576660156,23820800
2025-12-17 23:00:00+00:00,123.43988037109375,123.43988037109375,123.00218200683594,123.01980590820312,19251200
2025-12-17 23:15:00+00:00,122.9986572265625,122.9986572265625,122.83204650878906,122.8630599975586,6281216
2025-12-17 23:30:00+00:00,122.87663269042969,123.20121002197266,122.87663269042969,123.20121002197266,6191104
2025-12-17 23:45:00+00:00,123.1709976196289,123.1709976196289,123.07560729980469,123.0992202758789,925184
2025-12-18 00:00:00+00:00,123.13427734375,123.26741027832031,123.0923080444336,123.26022338867188,3307008
2025-12-18 00:15:00+00:00,123.27862548828125,123.42630767822266,123.25484466552734,123.34382629394531,5266944
2025-12-18 00:30:00+00:00,123.393310546875,123.51880645751953,123.3541488647461,123.3560562133789,3094528
2025-12-18 00:45:00+00:00,123.3598403930664,123.6658935546875,123.3598403930664,123.6583251953125,5068800
2025-12-18 01:00:00+00:00,123.65650177001953,123.65650177001953,123.07804870605469,123.07804870605469,2965504
2025-12-18 01:15:00+00:00,123.09355163574219,123.62850952148438,123.09355163574219,123.5093765258789,880640
2025-12-18 01:30:00+00:00,123.5017318725586,123.5017318725586,123.36827850341797,123.38624572753906,1906688
2025-12-18 01:45:00+00:00,123.38577270507812,123.56849670410156,123.32368469238281,123.32368469238281,5887488
2025-12-18 02:00:00+00:00,123.33345031738281,123.76380920410156,123.27599334716797,123.76380920410156,6876160
2025-12-18 02:15:00+00:00,123.73890686035156,123.91985321044922,123.4756088256836,123.50897216796875,17304576
2025-12-18 02:30:00+00:00,123.51231384277344,123.79449462890625,123.4997329711914,123.71952056884766,8429568
2025-12-18 02:45:00+00:00,123.7471694946289,123.7758560180664,123.66516876220703,123.66643524169922,3441152
2025-12-18 03:00:00+00:00,123.64152526855469,123.80565643310547,123.63134002685547,123.793212890625,3430400
2025-12-18 03:15:00+00:00,123.79348754882812,123.79348754882812,123.23280334472656,123.23280334472656,8268288
2025-12-18 03:30:00+00:00,123.22219848632812,123.38162994384766,123.12200927734375,123.35478973388672,2842624
2025-12-18 03:45:00+00:00,123.34259796142578,123.68025207519531,123.31396484375,123.68025207519531,3132416
2025-12-18 04:00:00+00:00,123.65010070800781,123.88004302978516,123.65010070800781,123.74171447753906,16099840
2025-12-18 04:15:00+00:00,123.75257873535156,123.75257873535156,123.63650512695312,123.63650512695312,0
2025-12-18 04:30:00+00:00,123.63230895996094,123.6724624633789,123.61394500732422,123.65076446533203,0
2025-12-18 04:45:00+00:00,123.66166687011719,123.68119812011719,123.62792205810547,123.64154052734375,0
2025-12-18 05:00:00+00:00,123.61896514892578,123.61896514892578,123.29607391357422,123.29759216308594,3218432
2025-12-18 05:15:00+00:00,123.27908325195312,123.27908325195312,122.65191650390625,122.65191650390625,3931136
2025-12-18 05:30:00+00:00,122.53690338134766,122.83175659179688,122.42532348632812,122.83175659179688,14876160
2025-12-18 05:45:00+00:00,122.83001708984375,122.83001708984375,122.41961669921875,122.41961669921875,6642688
2025-12-18 06:00:00+00:00,122.37613677978516,122.59548950195312,122.35282135009766,122.59548950195312,5440512
2025-12-18 06:15:00+00:00,122.616455078125,122.66844940185547,122.53569793701172,122.57842254638672,2424832
2025-12-18 06:30:00+00:00,122.57674407958984,122.7352066040039,122.57674407958984,122.72936248779297,2258944
2025-12-18 06:45:00+00:00,122.71900177001953,122.71900177001953,122.53192138671875,122.63531494140625,4204032
2025-12-18 07:00:00+00:00,122.635986328125,122.92512512207031,122.635986328125,122.90581512451172,1646080
2025-12-18 07:15:00+00:00,122.97089385986328,123.1936264038086,122.97089385986328,123.1936264038086,8908800
2025-12-18 07:30:00+00:00,123.2016372680664,123.2016372680664,122.57500457763672,122.57747650146484,4211200
2025-12-18 07:45:00+00:00,122.60346221923828,122.73663330078125,122.5811767578125,122.73458099365234,1010176
2025-12-18 08:00:00+00:00,122.73062896728516,122.795166015625,122.49976348876953,122.53240966796875,5081088
2025-12-18 08:15:00+00:00,122.52375030517578,123.18869018554688,122.52375030517578,123.10877227783203,11025920
2025-12-18 08:30:00+00:00,123.1443099975586,123.14735412597656,123.04154968261719,123.04154968261719,0
2025-12-18 08:45:00+00:00,122.98886108398438,122.98886108398438,122.84449005126953,122.89242553710938,4026880
2025-12-18 09:00:00+00:00,122.8958740234375,122.95418548583984,122.7548828125,122.76344299316406,0
2025-12-18 09:15:00+00:00,122.73929595947266,123.08489990234375,122.72608947753906,123.07617950439453,0
2025-12-18 09:30:00+00:00,123.07429504394531,123.3543472290039,123.07429504394531,123.3543472290039,0
2025-12-18 09:45:00+00:00,123.41316986083984,123.72211456298828,123.41316986083984,123.64366912841797,11621888
2025-12-18 10:00:00+00:00,123.64315795898438,123.71659088134766,123.5477523803711,123.68701171875,1085440
2025-12-18 10:15:00+00:00,123.68379211425781,123.72692108154297,123.57321166992188,123.72557830810547,10020864
2025-12-18 10:30:00+00:00,123.73284149169922,124.00450134277344,123.73026275634766,123.85053253173828,12083200
2025-12-18 10:45:00+00:00,123.8685531616211,123.90801239013672,123.80322265625,123.80322265625,0
2025-12-18 11:00:00+00:00,123.80703735351562,123.82670593261719,123.527587890625,123.68516540527344,10130944
2025-12-18 11:15:00+00:00,123.6440658569336,123.6440658569336,123.30824279785156,123.32147216796875,1128960
2025-12-18 11:30:00+00:00,123.32557678222656,123.5487289428711,123.32557678222656,123.53287506103516,5603840
2025-12-18 11:45:00+00:00,123.54071807861328,123.8345947265625,123.54071807861328,123.8345947265625,1782784
2025-12-18 12:00:00+00:00,123.85761260986328,124.1069564819336,123.85761260986328,123.90672302246094,0
2025-12-18 12:15:00+00:00,123.8783187866211,123.8783187866211,123.70571899414062,123.72347259521484,0
2025-12-18 12:30:00+00:00,123.73614501953125,124.36265563964844,123.73614501953125,124.36265563964844,8077824
2025-12-18 12:45:00+00:00,124.3505859375,124.3505859375,123.85787200927734,123.8767318725586,0
2025-12-18 13:00:00+00:00,123.9341049194336,124.60194396972656,123.9341049194336,124.52792358398438,15647232
2025-12-18 13:15:00+00:00,124.51215362548828,124.75505065917969,124.51215362548828,124.5204849243164,41853952
2025-12-18 13:30:00+00:00,124.50067901611328,125.73860931396484,124.50067901611328,125.73860931396484,160668160
2025-12-18 13:45:00+00:00,125.79983520507812,126.62360382080078,125.79983520507812,126.49854278564453,112887296
2025-12-18 14:00:00+00:00,126.52437591552734,127.64888000488281,126.27983093261719,126.31507110595703,69478912
2025-12-18 14:15:00+00:00,126.24943542480469,126.46482849121094,125.62930297851562,126.16091918945312,76040192
2025-12-18 14:30:00+00:00,126.16397094726562,126.41617584228516,125.49305725097656,125.49305725097656,91256832
2025-12-18 14:45:00+00:00,125.43341827392578,125.88876342773438,125.13780212402344,125.87022399902344,0
2025-12-18 15:00:00+00:00,125.81198120117188,126.94746398925781,125.80085754394531,126.26170349121094,0
2025-12-18 15:15:00+00:00,126.26451110839844,127.5395736694336,125.99268341064453,127.53862762451172,3865600
2025-12-18 15:30:00+00:00,127.57393646240234,128.7626953125,127.57393646240234,128.5760040283203,61425152
2025-12-18 15:45:00+00:00,128.47747802734375,128.47747802734375,127.5239028930664,127.5239028930664,0
2025-12-18 16:00:00+00:00,127.52312469482422,127.52312469482422,126.97013854980469,126.99374389648438,0
2025-12-18 16:15:00+00:00,126.95515441894531,126.95515441894531,126.27629852294922,126.29698181152344,0
2025-12-18 16:30:00+00:00,126.3757553100586,127.00037384033203,126.3757553100586,127.00037384033203,0
2025-12-18 16:45:00+00:00,126.99928283691406,127.05423736572266,126.84889221191406,126.84889221191406,0
2025-12-18 17:00:00+00:00,126.86770629882812,126.86770629882812,123.9195785522461,123.97919464111328,36503040
2025-12-18 17:15:00+00:00,123.84233093261719,123.84233093261719,121.39104461669922,121.5433120727539,200095232
2025-12-18 17:30:00+00:00,121.84040832519531,123.02108001708984,121.84040832519531,122.97781372070312,75320320
2025-12-18 17:45:00+00:00,123.01360321044922,123.04913330078125,122.6177749633789,122.72955322265625,26139136
2025-12-18 18:00:00+00:00,122.80760955810547,123.3917007446289,122.80760955810547,123.3917007446289,13362176
2025-12-18 18:15:00+00:00,123.3953628540039,123.51317596435547,122.92826843261719,122.92826843261719,16889856
2025-12-18 18:30:00+00:00,122.90679168701172,123.01992797851562,122.5769271850586,122.97069549560547,0
2025-12-18 18:45:00+00:00,122.9374771118164,122.9374771118164,121.29790496826172,121.39810180664062,34376192
2025-12-18 19:00:00+00:00,121.46955108642578,121.46955108642578,121.03114318847656,121.1238784790039,9003520
2025-12-18 19:15:00+00:00,121.11907196044922,121.11919403076172,120.68736267089844,120.72076416015625,40884224
2025-12-18 19:30:00+00:00,120.71263122558594,120.82064819335938,118.13931274414062,118.25094604492188,199655424
2025-12-18 19:45:00+00:00,118.25931549072266,118.25931549072266,117.75729370117188,117.75729370117188,101783552
2025-12-18 20:00:00+00:00,117.7076644897461,118.70301055908203,117.7076644897461,118.40693664550781,54169088
2025-12-18 20:15:00+00:00,118.31315612792969,118.31315612792969,117.98465728759766,117.98465728759766,7951872
2025-12-18 20:30:00+00:00,117.92469787597656,117.92469787597656,117.61468505859375,117.78900146484375,9907712
2025-12-18 20:45:00+00:00,117.81649017333984,117.88399505615234,117.45925903320312,117.45925903320312,34236928
2025-12-18 21:00:00+00:00,117.46922302246094,117.94752502441406,117.46922302246094,117.81089782714844,78030336
2025-12-18 21:15:00+00:00,117.83407592773438,118.13751983642578,117.83407592773438,118.09870147705078,46367232
2025-12-18 21:30:00+00:00,118.19912719726562,118.94318389892578,118.19912719726562,118.47663116455078,83272192
2025-12-18 21:45:00+00:00,118.53562927246094,119.59082794189453,118.53562927246094,119.59082794189453,81307648
2025-12-18 22:00:00+00:00,119.64124298095703,119.981201171875,119.6053237915039,119.6053237915039,35340800
2025-12-18 22:15:00+00:00,119.5228271484375,119.5228271484375,119.27928161621094,119.32296752929688,0
2025-12-18 22:30:00+00:00,119.36087799072266,119.81855010986328,119.36087799072266,119.81855010986328,17371136
2025-12-18 22:45:00+00:00,119.79264068603516,119.9645767211914,119.79264068603516,119.88513946533203,4625408
2025-12-18 23:00:00+00:00,119.85969543457031,119.85969543457031,119.6514892578125,119.76212310791016,1878016
2025-12-18 23:15:00+00:00,119.76679229736328,119.83914184570312,119.47819519042969,119.49093627929688,6724096
2025-12-18 23:30:00+00:00,119.49740600585938,119.67046356201172,119.37528991699219,119.37528991699219,9657856
2025-12-18 23:45:00+00:00,119.37374114990234,119.56634521484375,119.31035614013672,119.56634521484375,17736192
2025-12-19 00:00:00+00:00,119.56863403320312,119.7123794555664,119.42088317871094,119.68415832519531,7931904
2025-12-19 00:15:00+00:00,119.63906860351562,119.64924621582031,119.33354949951172,119.33354949951172,2289664
2025-12-19 00:30:00+00:00,119.31771087646484,119.31771087646484,118.36956787109375,118.36956787109375,25219072
2025-12-19 00:45:00+00:00,118.36070251464844,118.36070251464844,118.16389465332031,118.23945617675781,21454336
2025-12-19 01:00:00+00:00,118.2469482421875,118.29100036621094,117.95462036132812,118.2657470703125,8440320
2025-12-19 01:15:00+00:00,118.25009155273438,118.3752670288086,118.03811645507812,118.03811645507812,4390912
2025-12-19 01:30:00+00:00,118.01598358154297,118.01598358154297,117.8134765625,117.88961791992188,15877120
2025-12-19 01:45:00+00:00,117.89725494384766,118.42727661132812,117.79812622070312,118.3719711303711,18452992
2025-12-19 02:00:00+00:00,118.35833740234375,118.35833740234375,118.10490417480469,118.12383270263672,5466624
2025-12-19 02:15:00+00:00,118.08391571044922,118.30204010009766,117.98362731933594,118.30204010009766,410624
2025-12-19 02:30:00+00:00,118.31088256835938,118.51359558105469,118.31088256835938,118.51359558105469,9775616
2025-12-19 02:45:00+00:00,118.50691986083984,119.01996612548828,118.50691986083984,118.96344757080078,23651840
2025-12-19 03:00:00+00:00,118.96418762207031,120.01202392578125,118.92548370361328,120.01202392578125,43355136
2025-12-19 03:15:00+00:00,119.99126434326172,121.41336822509766,119.7724838256836,121.41336822509766,85257728
2025-12-19 03:30:00+00:00,121.39054870605469,122.25874328613281,121.05016326904297,121.56891632080078,123128832
2025-12-19 03:45:00+00:00,121.51982116699219,121.84014129638672,121.43183898925781,121.43183898925781,50248704
2025-12-19 04:00:00+00:00,121.4337387084961,121.88887023925781,121.3955078125,121.8699951171875,44617216
2025-12-19 04:15:00+00:00,121.89645385742188,122.11611938476562,121.81802368164062,121.83045959472656,33958400
2025-12-19 04:30:00+00:00,121.84967041015625,122.14925384521484,121.84967041015625,122.13634490966797,27790848
2025-12-19 04:45:00+00:00,122.13140869140625,122.86553955078125,122.13140869140625,122.86553955078125,39568384
2025-12-19 05:00:00+00:00,122.82930755615234,122.82930755615234,122.04004669189453,122.23259735107422,15767040
2025-12-19 05:15:00+00:00,122.32386779785156,122.7396469116211,122.32386779785156,122.6322250366211,46339584
2025-12-19 05:30:00+00:00,122.62457275390625,122.67092895507812,122.48454284667969,122.67092895507812,4772864
2025-12-19 05:45:00+00:00,122.6321792602539,122.6321792602539,122.3970947265625,122.44699096679688,33499136
2025-12-19 06:00:00+00:00,122.47834777832031,122.5079116821289,122.30715942382812,122.32743072509766,14818304
2025-12-19 06:15:00+00:00,122.33704376220703,123.00957489013672,122.27920532226562,123.00957489013672,28746752
2025-12-19 06:30:00+00:00,123.00483703613281,123.00483703613281,122.69071197509766,122.69071197509766,19663360
2025-12-19 06:45:00+00:00,122.70759582519531,123.23207092285156,122.66432189941406,123.20997619628906,39410176
2025-12-19 07:00:00+00:00,123.2163314819336,125.03465270996094,123.2163314819336,125.00341796875,102223360
2025-12-19 07:15:00+00:00,124.85897827148438,124.85897827148438,123.9155502319336,124.14640045166016,65247744
2025-12-19 07:30:00+00:00,124.1683578491211,124.22177124023438,123.96290588378906,124.21855926513672,36009472
2025-12-19 07:45:00+00:00,124.21417236328125,124.32008361816406,124.21417236328125,124.32008361816406,24364032
2025-12-19 08:00:00+00:00,124.33406066894531,124.50741577148438,124.28003692626953,124.28003692626953,11195904
2025-12-19 08:15:00+00:00,124.29320526123047,124.35468292236328,124.24408721923828,124.25114440917969,8265216
2025-12-19 08:30:00+00:00,124.17957305908203,124.69214630126953,124.02713775634766,124.61344146728516,33703424
2025-12-19 08:45:00+00:00,124.61022186279297,125.33705139160156,124.59642028808594,125.11892700195312,34942976
2025-12-19 09:00:00+00:00,125.0742416381836,125.0742416381836,124.76235961914062,124.82018280029297,13235200
2025-12-19 09:15:00+00:00,124.80899810791016,124.80899810791016,124.599365234375,124.68082427978516,19253248
2025-12-19 09:30:00+00:00,124.6622543334961,124.6622543334961,124.39700317382812,124.43971252441406,4670976
2025-12-19 09:45:00+00:00,124.46700286865234,124.7307357788086,124.46700286865234,124.59477233886719,25586688
2025-12-19 10:00:00+00:00,124.6030044555664,124.820556640625,124.59684753417969,124.7589111328125,11811840
2025-12-19 10:15:00+00:00,124.77449035644531,124.81217193603516,124.60413360595703,124.60413360595703,2486784
2025-12-19 10:30:00+00:00,124.59439849853516,124.64041137695312,124.52717590332031,124.62813568115234,1158656
2025-12-19 10:45:00+00:00,124.62327575683594,124.7062759399414,124.61798095703125,124.68914031982422,11107840
2025-12-19 11:00:00+00:00,124.67938232421875,125.0027847290039,124.66241455078125,125.0027847290039,2358272
2025-12-19 11:15:00+00:00,124.9879150390625,125.20854187011719,124.9879150390625,125.16104888916016,5512192
2025-12-19 11:30:00+00:00,125.20281982421875,125.472900390625,125.15604400634766,125.31059265136719,25011200
2025-12-19 11:45:00+00:00,125.3143081665039,125.3832015991211,125.29190063476562,125.29190063476562,9016320
2025-12-19 12:00:00+00:00,125.28828430175781,125.43509674072266,125.00475311279297,125.40154266357422,25178624
2025-12-19 12:15:00+00:00,125.41938781738281,125.94319915771484,125.41938781738281,125.85408782958984,43569152
2025-12-19 12:30:00+00:00,125.80900573730469,125.8607177734375,125.63404846191406,125.81254577636719,15332352
2025-12-19 12:45:00+00:00,125.81002044677734,125.91205596923828,125.79438781738281,125.79438781738281,10639360
2025-12-19 13:00:00+00:00,125.78983306884766,126.13412475585938,125.78983306884766,126.13412475585938,283648
2025-12-19 13:15:00+00:00,126.13712310791016,126.2957992553711,126.08818054199219,126.28851318359375,562688
2025-12-19 13:30:00+00:00,126.29816436767578,126.37261962890625,125.89740753173828,125.98426055908203,0
2025-12-19 13:45:00+00:00,125.97930908203125,125.98783874511719,125.83415985107422,125.83415985107422,0
2025-12-19 14:00:00+00:00,125.83650970458984,126.2071304321289,125.82585906982422,126.14418029785156,0
2025-12-19 14:15:00+00:00,126.12557220458984,126.12557220458984,125.35783386230469,125.43281555175781,0
2025-12-19 14:30:00+00:00,125.38687133789062,125.56280517578125,124.86454010009766,125.0351333618164,15740416
2025-12-19 14:45:00+00:00,125.37979888916016,126.5298843383789,125.37979888916016,125.95252227783203,72971776
2025-12-19 15:00:00+00:00,125.95463562011719,126.26102447509766,125.85032653808594,126.26102447509766,0
2025-12-19 15:15:00+00:00,126.26221466064453,127.30641174316406,125.5736083984375,125.5736083984375,48668160
2025-12-19 15:30:00+00:00,125.60138702392578,125.70335388183594,125.32131958007812,125.5245361328125,0
2025-12-19 15:45:00+00:00,125.51936340332031,125.51936340332031,124.89900207519531,124.9249038696289,3848192
2025-12-19 16:00:00+00:00,124.92111206054688,126.30165100097656,124.92111206054688,126.24285125732422,13424640
2025-12-19 16:15:00+00:00,126.28008270263672,126.28008270263672,126.1040267944336,126.1124496459961,7444480
2025-12-19 16:30:00+00:00,126.12846374511719,126.49190521240234,126.12846374511719,126.22297668457031,4318208
2025-12-19 16:45:00+00:00,126.21469116210938,126.21469116210938,125.21470642089844,125.23843383789062,12596736
2025-12-19 17:00:00+00:00,125.2127685546875,125.91683959960938,125.20479583740234,125.90032196044922,0
2025-12-19 17:15:00+00:00,125.87429809570312,125.93467712402344,125.65931701660156,125.65931701660156,0
2025-12-19 17:30:00+00:00,125.60931396484375,125.60931396484375,124.45869445800781,124.48021697998047,8971776
2025-12-19 17:45:00+00:00,124.44648742675781,124.5107192993164,124.12187957763672,124.25640106201172,1010688
2025-12-19 18:00:00+00:00,124.14591217041016,124.14591217041016,123.83052062988281,123.94414520263672,2110976
2025-12-19 18:15:00+00:00,123.95122528076172,124.5303726196289,123.95122528076172,124.52243041992188,11977728
2025-12-19 18:30:00+00:00,124.52043151855469,124.52043151855469,124.00675201416016,124.00785827636719,0
2025-12-19 18:45:00+00:00,124.00568389892578,124.92851257324219,123.96158599853516,124.91336822509766,0
2025-12-19 19:00:00+00:00,124.8449935913086,125.31361389160156,124.76456451416016,125.31361389160156,0
2025-12-19 19:15:00+00:00,125.3064193725586,125.91890716552734,125.3064193725586,125.80699157714844,0
2025-12-19 19:30:00+00:00,125.81582641601562,126.34391784667969,125.81514739990234,126.31085968017578,0
2025-12-19 19:45:00+00:00,126.3316879272461,126.41708374023438,126.11549377441406,126.11549377441406,0
2025-12-19 20:00:00+00:00,126.12591552734375,126.35673522949219,126.12591552734375,126.28136444091797,0
2025-12-19 20:15:00+00:00,126.26778411865234,126.68074035644531,126.21781921386719,126.65621948242188,0
2025-12-19 20:30:00+00:00,126.65790557861328,126.94609832763672,126.59317016601562,126.85611724853516,6212608
2025-12-19 20:45:00+00:00,126.83904266357422,127.45368957519531,126.82826232910156,126.87796020507812,27524096
2025-12-19 21:00:00+00:00,126.97665405273438,127.1583251953125,126.89852905273438,126.90081024169922,0
2025-12-19 21:15:00+00:00,126.88673400878906,126.93852233886719,126.7116928100586,126.7116928100586,0
2025-12-19 21:30:00+00:00,126.70540618896484,126.79940795898438,126.668212890625,126.75254821777344,0
2025-12-19 21:45:00+00:00,126.72172546386719,126.7544174194336,126.54670715332031,126.73055267333984,0
2025-12-19 22:00:00+00:00,126.73162841796875,127.18299102783203,126.73162841796875,126.96175384521484,0
2025-12-19 22:15:00+00:00,126.9577407836914,126.9749526977539,126.90291595458984,126.9749526977539,337920
2025-12-19 22:30:00+00:00,126.97151184082031,127.00038146972656,126.8290023803711,126.99515533447266,0
2025-12-19 22:45:00+00:00,126.9708251953125,127.056640625,126.87645721435547,126.88743591308594,3959296
2025-12-19 23:00:00+00:00,126.88577270507812,126.88577270507812,126.46128845214844,126.46417236328125,0
2025-12-19 23:15:00+00:00,126.45103454589844,126.47544860839844,126.39777374267578,126.4648208618164,0
2025-12-19 23:30:00+00:00,126.47710418701172,126.47710418701172,126.22920989990234,126.31429290771484,0
2025-12-19 23:45:00+00:00,126.31117248535156,126.31117248535156,126.19528198242188,126.19528198242188,0
2025-12-20 00:00:00+00:00,126.19593811035156,126.20730590820312,125.8677978515625,125.89421081542969,0
2025-12-20 00:15:00+00:00,125.89452362060547,126.06726837158203,125.89452362060547,126.02059936523438,1802240
2025-12-20 00:30:00+00:00,126.0670394897461,126.0670394897461,125.9464111328125,125.998291015625,0
2025-12-20 00:45:00+00:00,125.99700164794922,125.99700164794922,125.683349609375,125.76553344726562,0
2025-12-20 01:00:00+00:00,125.76166534423828,125.76166534423828,125.6729507446289,125.73109436035156,0
2025-12-20 01:15:00+00:00,125.72897338867188,125.87572479248047,125.71794891357422,125.87572479248047,2730496
2025-12-20 01:30:00+00:00,125.8729248046875,125.89807891845703,125.73316955566406,125.73316955566406,0
2025-12-20 01:45:00+00:00,125.73143768310547,125.74971771240234,125.55663299560547,125.55663299560547,0
2025-12-20 02:00:00+00:00,125.55479431152344,125.55479431152344,125.39138793945312,125.42498779296875,1358848
2025-12-20 02:15:00+00:00,125.41971588134766,125.66248321533203,125.41971588134766,125.57061767578125,0
2025-12-20 02:30:00+00:00,125.56784057617188,125.84430694580078,125.56301879882812,125.80802154541016,1653248
2025-12-20 02:45:00+00:00,125.87997436523438,126.05046844482422,125.858642578125,125.858642578125,0
2025-12-20 03:00:00+00:00,125.8506851196289,125.8506851196289,125.64015197753906,125.64015197753906,0
2025-12-20 03:15:00+00:00,125.59864807128906,125.92698669433594,125.59864807128906,125.92698669433594,0
2025-12-20 03:30:00+00:00,125.93017578125,126.37330627441406,125.93017578125,126.3664321899414,0
2025-12-20 03:45:00+00:00,126.35610961914062,126.35610961914062,126.12892150878906,126.12892150878906,0
2025-12-20 04:00:00+00:00,126.14442443847656,126.19639587402344,125.90032196044922,125.90032196044922,0
2025-12-20 04:15:00+00:00,125.91426849365234,126.14289093017578,125.91426849365234,126.14289093017578,0
2025-12-20 04:30:00+00:00,126.15296173095703,126.31282043457031,126.15296173095703,126.28878784179688,0
2025-12-20 04:45:00+00:00,126.27737426757812,126.28338623046875,126.17182922363281,126.17182922363281,0
2025-12-20 05:00:00+00:00,126.20176696777344,126.23529815673828,126.12097930908203,126.20713806152344,0
2025-12-20 05:15:00+00:00,126.21601867675781,126.34477233886719,126.2153091430664,126.34477233886719,0
2025-12-20 05:30:00+00:00,126.37118530273438,126.55068969726562,126.37118530273438,126.47990417480469,0
2025-12-20 05:45:00+00:00,126.40412902832031,126.42352294921875,126.35935974121094,126.35935974121094,0
2025-12-20 06:00:00+00:00,126.35803985595703,126.55156707763672,126.33538055419922,126.54176330566406,0
2025-12-20 06:15:00+00:00,126.5202865600586,126.53400421142578,126.45693969726562,126.45693969726562,0
2025-12-20 06:30:00+00:00,126.45516204833984,126.45516204833984,126.35545349121094,126.35545349121094,0
2025-12-20 06:45:00+00:00,126.35489654541016,126.35489654541016,126.21049499511719,126.21049499511719,0
2025-12-20 07:00:00+00:00,126.2166748046875,126.24169158935547,126.06644439697266,126.08483123779297,0
2025-12-20 07:15:00+00:00,126.0869369506836,126.10125732421875,125.95561218261719,125.98188781738281,0
2025-12-20 07:30:00+00:00,125.98942565917969,126.14207458496094,125.98942565917969,126.14207458496094,0
2025-12-20 07:45:00+00:00,126.1393051147461,126.1964340209961,126.1393051147461,126.16230773925781,0
2025-12-20 08:00:00+00:00,126.15707397460938,126.31375122070312,126.14002990722656,126.30690002441406,0
2025-12-20 08:15:00+00:00,126.2994155883789,126.75177001953125,126.2994155883789,126.68501281738281,4274176
2025-12-20 08:30:00+00:00,126.68836975097656,126.75332641601562,126.63505554199219,126.71160888671875,0
2025-12-20 08:45:00+00:00,126.70047760009766,126.70047760009766,126.42737579345703,126.42737579345703,0
2025-12-20 09:00:00+00:00,126.42902374267578,126.5098648071289,126.41975402832031,126.49772644042969,0
2025-12-20 09:15:00+00:00,126.49856567382812,126.54676818847656,126.49856567382812,126.53450775146484,0
2025-12-20 09:30:00+00:00,126.53650665283203,126.60665130615234,126.53650665283203,126.56355285644531,0
2025-12-20 09:45:00+00:00,126.54399871826172,126.54399871826172,126.28582000732422,126.28582000732422,0
2025-12-20 10:00:00+00:00,126.28082275390625,126.29450225830078,126.23081970214844,126.29450225830078,0
2025-12-20 10:15:00+00:00,126.2920150756836,126.2920150756836,126.0989761352539,126.0989761352539,471808
2025-12-20 10:30:00+00:00,126.09602355957031,126.09602355957031,126.02593231201172,126.05970001220703,0
2025-12-20 10:45:00+00:00,126.09148406982422,126.13044738769531,126.01220703125,126.01220703125,0
2025-12-20 11:00:00+00:00,126.00752258300781,126.00752258300781,125.85953521728516,125.87089538574219,0
2025-12-20 11:15:00+00:00,125.86946105957031,126.08610534667969,125.86946105957031,126.08610534667969,0
2025-12-20 11:30:00+00:00,126.08554077148438,126.24893951416016,126.06623077392578,126.24893951416016,0
2025-12-20 11:45:00+00:00,126.2654800415039,126.34978485107422,126.2654800415039,126.34978485107422,0
2025-12-20 12:00:00+00:00,126.34191131591797,126.38063049316406,126.27525329589844,126.2765884399414,0
2025-12-20 12:15:00+00:00,126.28333282470703,126.28333282470703,126.17134857177734,126.17134857177734,0
2025-12-20 12:30:00+00:00,126.16960906982422,126.16960906982422,126.06317901611328,126.06317901611328,0
2025-12-20 12:45:00+00:00,126.06932830810547,126.23309326171875,126.06932830810547,126.23063659667969,0
2025-12-20 13:00:00+00:00,126.23099517822266,126.27432250976562,125.87330627441406,125.87330627441406,0
2025-12-20 13:15:00+00:00,125.86530303955078,125.86530303955078,125.75544738769531,125.7672119140625,11654400
2025-12-20 13:30:00+00:00,125.74440002441406,125.77999877929688,125.51614379882812,125.77999877929688,0
2025-12-20 13:45:00+00:00,125.80013275146484,126.04475402832031,125.80013275146484,126.04475402832031,0
2025-12-20 14:00:00+00:00,126.059814453125,126.059814453125,125.622314453125,125.67391204833984,0
2025-12-20 14:15:00+00:00,125.66806030273438,125.88106536865234,125.66806030273438,125.88106536865234,0
2025-12-20 14:30:00+00:00,125.88285064697266,126.01937866210938,125.88285064697266,126.01937866210938,0
2025-12-20 14:45:00+00:00,126.03239440917969,126.30838012695312,126.03239440917969,126.30838012695312,0
2025-12-20 15:00:00+00:00,126.308349609375,126.308349609375,126.20313262939453,126.25454711914062,0
2025-12-20 15:15:00+00:00,126.25322723388672,126.26813507080078,126.0833511352539,126.10690307617188,0
2025-12-20 15:30:00+00:00,126.12452697753906,126.38957977294922,126.12452697753906,126.38278198242188,0
2025-12-20 15:45:00+00:00,126.38394165039062,126.57058715820312,126.38394165039062,126.57058715820312,0
2025-12-20 16:00:00+00:00,126.5553207397461,126.5553207397461,126.35784912109375,126.35784912109375,0
2025-12-20 16:15:00+00:00,126.36553955078125,126.5298843383789,126.36553955078125,126.39942932128906,0
2025-12-20 16:30:00+00:00,126.37641143798828,126.37641143798828,126.11669921875,126.11669921875,0
2025-12-20 16:45:00+00:00,126.11866760253906,126.2247543334961,126.11866760253906,126.2247085571289,0
2025-12-20 17:00:00+00:00,126.22811126708984,126.32679748535156,126.15668487548828,126.1592788696289,0
2025-12-20 17:15:00+00:00,126.15715026855469,126.19247436523438,126.15715026855469,126.16653442382812,0
2025-12-20 17:30:00+00:00,126.16438293457031,126.16438293457031,126.06041717529297,126.06041717529297,0
2025-12-20 17:45:00+00:00,126.05828094482422,126.05828094482422,125.9769515991211,125.9769515991211,0
2025-12-20 18:00:00+00:00,125.975341796875,126.01017761230469,125.74946594238281,125.75355529785156,0
2025-12-20 18:15:00+00:00,125.7541732788086,125.8878173828125,125.7541732788086,125.84028625488281,0
2025-12-20 18:30:00+00:00,125.83562469482422,125.86185455322266,125.77266693115234,125.86185455322266,0
2025-12-20 18:45:00+00:00,125.85919189453125,125.96757507324219,125.80487060546875,125.94685363769531,0
2025-12-20 19:00:00+00:00,125.94202423095703,126.0410385131836,125.8739013671875,126.0410385131836,0
2025-12-20 19:15:00+00:00,126.0407485961914,126.05279541015625,125.8746337890625,125.96346282958984,0
2025-12-20 19:30:00+00:00,125.96187591552734,126.01581573486328,125.96187591552734,126.01356506347656,0
2025-12-20 19:45:00+00:00,126.01927185058594,126.05384826660156,125.99671173095703,126.05233001708984,0
2025-12-20 20:00:00+00:00,126.04651641845703,126.04651641845703,125.9348373413086,125.98554992675781,0
2025-12-20 20:15:00+00:00,125.99124908447266,126.07685852050781,125.99124908447266,126.07481384277344,0
2025-12-20 20:30:00+00:00,126.07809448242188,126.1907730102539,126.07809448242188,126.1907730102539,0
2025-12-20 20:45:00+00:00,126.19239044189453,126.3682861328125,126.19239044189453,126.3682861328125,0
2025-12-20 21:00:00+00:00,126.37152099609375,126.39887237548828,126.309814453125,126.31936645507812,0
2025-12-20 21:15:00+00:00,126.3221206665039,126.33828735351562,126.26262664794922,126.26327514648438,1694976
2025-12-20 21:30:00+00:00,126.26188659667969,126.43461608886719,126.2606430053711,126.40682220458984,222592
2025-12-20 21:45:00+00:00,126.40970611572266,126.40970611572266,126.24102020263672,126.24673461914062,0
2025-12-20 22:00:00+00:00,126.29072570800781,126.30980682373047,126.12605285644531,126.12605285644531,0
2025-12-20 22:15:00+00:00,126.1316146850586,126.1316146850586,125.79766845703125,125.87316131591797,5765248
2025-12-20 22:30:00+00:00,125.8639907836914,126.04012298583984,125.8639907836914,126.04012298583984,0
2025-12-20 22:45:00+00:00,126.0256576538086,126.17654418945312,126.01842498779297,126.16622924804688,19200
2025-12-20 23:00:00+00:00,126.12747192382812,126.12747192382812,125.82060241699219,125.86834716796875,4320512
2025-12-20 23:15:00+00:00,125.8692855834961,125.88214874267578,125.73088073730469,125.75347137451172,6051968
2025-12-20 23:30:00+00:00,125.75213623046875,125.75213623046875,125.65614318847656,125.6583251953125,1220992
2025-12-20 23:45:00+00:00,125.66316986083984,125.80852508544922,125.66316986083984,125.80852508544922,517632
2025-12-21 00:00:00+00:00,125.80050659179688,125.80050659179688,125.7027359008789,125.7027359008789,0
2025-12-21 00:15:00+00:00,125.69630432128906,126.03234100341797,125.69630432128906,126.02191162109375,2249984
2025-12-21 00:30:00+00:00,126.01139831542969,126.01139831542969,125.7626953125,125.7626953125,682368
2025-12-21 00:45:00+00:00,125.76715087890625,125.8475112915039,125.76715087890625,125.8475112915039,0
2025-12-21 01:00:00+00:00,125.8850326538086,125.94603729248047,125.85030364990234,125.85030364990234,3525504
2025-12-21 01:15:00+00:00,125.85012817382812,125.85012817382812,125.71674346923828,125.71674346923828,5601920
2025-12-21 01:30:00+00:00,125.71247863769531,125.71247863769531,125.35992431640625,125.35992431640625,19695232
2025-12-21 01:45:00+00:00,125.36165618896484,125.36165618896484,125.22769927978516,125.22769927978516,15906432
2025-12-21 02:00:00+00:00,125.22708129882812,125.22708129882812,125.04696655273438,125.05860900878906,20001280
2025-12-21 02:15:00+00:00,125.08203125,125.10948181152344,124.82318878173828,124.88082122802734,11756416
2025-12-21 02:30:00+00:00,124.88599395751953,124.9834213256836,124.74263000488281,124.7477798461914,7968256
2025-12-21 02:45:00+00:00,124.73808288574219,124.82135772705078,124.71263122558594,124.82135772705078,720896
2025-12-21 03:00:00+00:00,124.81505584716797,125.16026306152344,124.81505584716797,125.07864379882812,6509824
2025-12-21 03:15:00+00:00,125.09211730957031,125.42777252197266,125.09211730957031,125.32675170898438,4356224
2025-12-21 03:30:00+00:00,125.33248138427734,125.34867858886719,125.14949798583984,125.14949798583984,0
2025-12-21 03:45:00+00:00,125.15421295166016,125.21270751953125,125.12677001953125,125.20983123779297,2320256
2025-12-21 04:00:00+00:00,125.19709777832031,125.28463745117188,125.1725845336914,125.22457122802734,1462400
2025-12-21 04:15:00+00:00,125.23005676269531,125.35481262207031,125.23005676269531,125.35481262207031,0
2025-12-21 04:30:00+00:00,125.35515594482422,125.35515594482422,125.22039031982422,125.22039031982422,0
2025-12-21 04:45:00+00:00,125.21800231933594,125.21800231933594,125.13272094726562,125.15328979492188,0
2025-12-21 05:00:00+00:00,125.14942932128906,125.14949035644531,125.1143798828125,125.13825988769531,0
2025-12-21 05:15:00+00:00,125.16763305664062,125.34720611572266,125.16763305664062,125.34720611572266,779648
2025-12-21 05:30:00+00:00,125.35089874267578,125.3663558959961,125.3168716430664,125.35258483886719,0
2025-12-21 05:45:00+00:00,125.34457397460938,125.34457397460938,125.2481918334961,125.26751708984375,0
2025-12-21 06:00:00+00:00,125.26760864257812,125.26760864257812,125.1812515258789,125.24845886230469,397312
2025-12-21 06:15:00+00:00,125.24610900878906,125.36599731445312,125.24610900878906,125.24687957763672,247936
2025-12-21 06:30:00+00:00,125.24686431884766,125.27130126953125,125.23336791992188,125.2528076171875,73600
2025-12-21 06:45:00+00:00,125.24678802490234,125.3763427734375,125.24678802490234,125.3763427734375,936448
2025-12-21 07:00:00+00:00,125.3741455078125,125.37886047363281,125.31132507324219,125.33831024169922,498304
2025-12-21 07:15:00+00:00,125.3353042602539,125.41693115234375,125.3353042602539,125.39319610595703,3715072
2025-12-21 07:30:00+00:00,125.3930435180664,125.39350128173828,125.27996826171875,125.27996826171875,0
2025-12-21 07:45:00+00:00,125.27100372314453,125.30131530761719,125.20765686035156,125.23682403564453,391296
2025-12-21 08:00:00+00:00,125.23530578613281,125.23530578613281,124.90143585205078,124.92321014404297,4820480
2025-12-21 08:15:00+00:00,124.92715454101562,125.15177917480469,124.92715454101562,125.15177917480469,1424640
2025-12-21 08:30:00+00:00,125.16393280029297,125.53646850585938,125.16393280029297,125.53646850585938,7486592
2025-12-21 08:45:00+00:00,125.58454895019531,125.66592407226562,125.51005554199219,125.51919555664062,10187776
2025-12-21 09:00:00+00:00,125.51951599121094,125.77678680419922,125.51951599121094,125.68814086914062,16633216
2025-12-21 09:15:00+00:00,125.7209243774414,125.90878295898438,125.7209243774414,125.85894012451172,13489408
2025-12-21 09:30:00+00:00,125.8505630493164,126.19876861572266,125.83517456054688,126.10429382324219,17928960
2025-12-21 09:45:00+00:00,126.0942611694336,126.4140396118164,126.0942611694336,126.34321594238281,24550656
2025-12-21 10:00:00+00:00,126.32069396972656,126.4498291015625,126.32069396972656,126.32896423339844,16474240
2025-12-21 10:15:00+00:00,126.32343292236328,126.35240173339844,126.2490463256836,126.2490463256836,4125696
2025-12-21 10:30:00+00:00,126.2448501586914,126.25920104980469,125.99508666992188,126.00873565673828,11185920
2025-12-21 10:45:00+00:00,125.99921417236328,125.99921417236328,125.68191528320312,125.69469451904297,9873024
2025-12-21 11:00:00+00:00,125.70733642578125,125.73372650146484,125.64173889160156,125.68830871582031,3116800
2025-12-21 11:15:00+00:00,125.67464447021484,125.68376922607422,125.56414794921875,125.56477355957031,3658496
2025-12-21 11:30:00+00:00,125.55693817138672,125.55693817138672,125.37187194824219,125.37187194824219,12930944
2025-12-21 11:45:00+00:00,125.37014770507812,125.44721984863281,125.35305786132812,125.44721984863281,13356032
2025-12-21 12:00:00+00:00,125.45657348632812,125.7153549194336,125.45048522949219,125.7153549194336,14340736
2025-12-21 12:15:00+00:00,125.72007751464844,125.97313690185547,125.72007751464844,125.92518615722656,20184064
2025-12-21 12:30:00+00:00,125.92301177978516,125.92301177978516,125.48562622070312,125.48562622070312,8563328
2025-12-21 12:45:00+00:00,125.48981475830078,125.48981475830078,125.31949615478516,125.37455749511719,25103360
2025-12-21 13:00:00+00:00,125.40489959716797,125.4859390258789,124.73060607910156,124.94651794433594,38705920
2025-12-21 13:15:00+00:00,124.74418640136719,124.74418640136719,124.4928207397461,124.4928207397461,9460224
2025-12-21 13:30:00+00:00,124.47673797607422,124.47673797607422,123.83057403564453,123.85157775878906,60884608
2025-12-21 13:45:00+00:00,123.85823059082031,123.85823059082031,123.60391998291016,123.62222290039062,27924864
2025-12-21 14:00:00+00:00,123.62541961669922,124.48345184326172,123.61397552490234,124.26947784423828,28992384
2025-12-21 14:15:00+00:00,124.26709747314453,124.27953338623047,124.13744354248047,124.13744354248047,3676160
2025-12-21 14:30:00+00:00,124.14653778076172,124.29891967773438,124.13664245605469,124.18839263916016,0
2025-12-21 14:45:00+00:00,124.20260620117188,124.35430908203125,124.20260620117188,124.34535217285156,0
2025-12-21 15:00:00+00:00,124.3552017211914,124.36066436767578,124.07815551757812,124.0985336303711,0
2025-12-21 15:15:00+00:00,124.09617614746094,124.20928192138672,124.02717590332031,124.20928192138672,254592
2025-12-21 15:30:00+00:00,124.21541595458984,124.39497375488281,124.11888885498047,124.12837982177734,7245952
2025-12-21 15:45:00+00:00,124.1371841430664,125.11418151855469,124.10193634033203,124.99420928955078,57633664
2025-12-21 16:00:00+00:00,124.98845672607422,125.09521484375,124.98845672607422,124.99098205566406,15101952
2025-12-21 16:15:00+00:00,124.9701919555664,125.48186492919922,124.90168762207031,125.46454620361328,15824128
2025-12-21 16:30:00+00:00,125.457275390625,125.457275390625,125.35503387451172,125.3637466430664,22813696
2025-12-21 16:45:00+00:00,125.3687744140625,125.40316009521484,125.31167602539062,125.3590087890625,25121280
2025-12-21 17:00:00+00:00,125.35948944091797,126.02794647216797,125.35948944091797,126.02794647216797,33085952
2025-12-21 17:15:00+00:00,126.04307556152344,126.20040130615234,125.85750579833984,125.86107635498047,32278272
2025-12-21 17:30:00+00:00,125.86743927001953,125.86743927001953,125.77277374267578,125.7739028930664,13120768
2025-12-21 17:45:00+00:00,125.77420806884766,125.77420806884766,125.50652313232422,125.50652313232422,5177344
2025-12-21 18:00:00+00:00,125.5053482055664,125.5053482055664,124.57823181152344,124.57823181152344,12005888
2025-12-21 18:15:00+00:00,124.56352233886719,124.56568908691406,124.45825958251953,124.55706787109375,10980864
2025-12-21 18:30:00+00:00,124.56405639648438,125.11112976074219,124.56405639648438,125.11112976074219,9837056
2025-12-21 18:45:00+00:00,125.10944366455078,125.16752624511719,125.09790802001953,125.1659927368164,0
2025-12-21 19:00:00+00:00,125.16231536865234,125.30541229248047,125.16231536865234,125.26492309570312,4475904
2025-12-21 19:15:00+00:00,125.2613754272461,125.36261749267578,125.26018524169922,125.35113525390625,2226176
2025-12-21 19:30:00+00:00,125.35430908203125,125.5339584350586,125.22144317626953,125.53361511230469,9056256
2025-12-21 19:45:00+00:00,125.5023193359375,125.70586395263672,125.42120361328125,125.6943588256836,13617152
2025-12-21 20:00:00+00:00,125.66985321044922,125.70014953613281,125.60236358642578,125.60236358642578,1150976
2025-12-21 20:15:00+00:00,125.59677124023438,125.6134033203125,125.5421371459961,125.5421371459961,12268800
2025-12-21 20:30:00+00:00,125.53836822509766,125.70570373535156,125.52357482910156,125.70570373535156,326912
2025-12-21 20:45:00+00:00,125.70203399658203,125.7223892211914,125.39739990234375,125.39739990234375,2039808
2025-12-21 21:00:00+00:00,125.38790893554688,125.38790893554688,125.17935180664062,125.22217559814453,0
2025-12-21 21:15:00+00:00,125.21016693115234,125.25753021240234,125.17010498046875,125.17765808105469,0
2025-12-21 21:30:00+00:00,125.1781997680664,125.27068328857422,125.15522003173828,125.15725708007812,2190592
2025-12-21 21:45:00+00:00,125.12944793701172,125.12944793701172,124.7928466796875,124.86699676513672,3600896
2025-12-21 22:00:00+00:00,124.82706451416016,124.95441436767578,124.82706451416016,124.91883850097656,1211136
2025-12-21 22:15:00+00:00,124.97415924072266,125.25025939941406,124.97415924072266,125.16510772705078,4631296
2025-12-21 22:30:00+00:00,125.18293762207031,125.3655014038086,125.18293762207031,125.3655014038086,2300672
2025-12-21 22:45:00+00:00,125.41175842285156,125.75211334228516,125.41175842285156,125.75211334228516,12969984
2025-12-21 23:00:00+00:00,125.75244903564453,126.04243469238281,125.75244903564453,125.86177825927734,19769344
2025-12-21 23:15:00+00:00,125.84490203857422,126.0563735961914,125.84026336669922,126.0323257446289,9771520
2025-12-21 23:30:00+00:00,125.99592590332031,126.0043716430664,125.62200164794922,125.96421813964844,8966656
2025-12-21 23:45:00+00:00,125.94448852539062,126.04409790039062,125.85581970214844,126.01508331298828,3459584
2025-12-22 00:00:00+00:00,125.99595642089844,126.79591369628906,125.99595642089844,126.79591369628906,34218496
2025-12-22 00:15:00+00:00,127.76844024658203,127.78624725341797,126.65558624267578,126.67902374267578,163270144
2025-12-22 00:30:00+00:00,126.74423217773438,126.98352813720703,126.48744201660156,126.9497299194336,29045248
2025-12-22 00:45:00+00:00,126.96046447753906,127.01875305175781,126.58019256591797,126.58019256591797,23908352
2025-12-22 01:00:00+00:00,126.54431915283203,126.60610961914062,126.37260437011719,126.55449676513672,21318656
2025-12-22 01:15:00+00:00,126.54039764404297,127.05994415283203,126.54039764404297,127.00263214111328,8379136
2025-12-22 01:30:00+00:00,126.9925308227539,127.09607696533203,126.94371795654297,127.0394287109375,2686208
2025-12-22 01:45:00+00:00,127.0419921875,127.0419921875,126.07435607910156,126.07435607910156,10827776
2025-12-22 02:00:00+00:00,126.07148742675781,126.07148742675781,124.8813247680664,125.11304473876953,43058944
2025-12-22 02:15:00+00:00,125.0809555053711,125.1642074584961,124.8226089477539,125.08222961425781,29088768
2025-12-22 02:30:00+00:00,125.07776641845703,125.3406753540039,125.02262878417969,125.21354675292969,12427776
2025-12-22 02:45:00+00:00,125.19500732421875,125.3948974609375,125.19500732421875,125.3260726928711,16786432
2025-12-22 03:00:00+00:00,125.26332092285156,125.3994140625,125.08407592773438,125.38240814208984,18299904
2025-12-22 03:15:00+00:00,125.32612609863281,125.99288177490234,125.30186462402344,125.99288177490234,14313216
2025-12-22 03:30:00+00:00,125.99192810058594,126.26676940917969,125.99192810058594,126.06708526611328,17759488
2025-12-22 03:45:00+00:00,126.0559310913086,126.0559310913086,125.86888122558594,125.95208740234375,3396352
2025-12-22 04:00:00+00:00,125.952392578125,126.0169677734375,125.8719253540039,125.8719253540039,3802112
2025-12-22 04:15:00+00:00,125.86676025390625,126.22726440429688,125.85136413574219,126.22726440429688,16912384
2025-12-22 04:30:00+00:00,126.2424087524414,126.3023452758789,126.03063201904297,126.25875854492188,15698688
2025-12-22 04:45:00+00:00,126.24888610839844,126.58943939208984,126.24888610839844,126.48489379882812,23683328
2025-12-22 05:00:00+00:00,126.4963150024414,126.57554626464844,126.46680450439453,126.46680450439453,11224320
2025-12-22 05:15:00+00:00,126.46038818359375,126.46038818359375,126.28914642333984,126.29595947265625,5336576
2025-12-22 05:30:00+00:00,126.28514099121094,126.38614654541016,126.14990234375,126.38614654541016,8965632
2025-12-22 05:45:00+00:00,126.38912963867188,126.52454376220703,126.38912963867188,126.40727233886719,5698304
2025-12-22 06:00:00+00:00,126.40139770507812,126.40139770507812,126.03266143798828,126.03266143798828,2884096
2025-12-22 06:15:00+00:00,126.02940368652344,126.39881134033203,126.02940368652344,126.19586944580078,13883904
2025-12-22 06:30:00+00:00,126.21075439453125,126.2313232421875,126.1596908569336,126.2313232421875,6695936
2025-12-22 06:45:00+00:00,126.2343978881836,126.2343978881836,125.94770050048828,125.94770050048828,9558528
2025-12-22 07:00:00+00:00,125.9327621459961,126.36520385742188,125.78857421875,126.36520385742188,24763136
2025-12-22 07:15:00+00:00,126.36708068847656,126.39945983886719,126.32371520996094,126.32656860351562,4820992
2025-12-22 07:30:00+00:00,126.31739044189453,126.31861877441406,126.19599151611328,126.24250793457031,6175488
2025-12-22 07:45:00+00:00,126.22264862060547,126.28776550292969,126.18675231933594,126.20013427734375,13355520
2025-12-22 08:00:00+00:00,126.21915435791016,126.40033721923828,126.15091705322266,126.15091705322266,1567488
2025-12-22 08:15:00+00:00,126.17312622070312,127.0936508178711,126.17312622070312,127.0936508178711,24706560
2025-12-22 08:30:00+00:00,127.09188842773438,127.210693359375,126.86658477783203,126.89334869384766,10024448
2025-12-22 08:45:00+00:00,126.87606811523438,126.87606811523438,125.88236236572266,125.88236236572266,20099328
2025-12-22 09:00:00+00:00,125.86601257324219,125.86601257324219,125.62037658691406,125.73658752441406,16616704
2025-12-22 09:15:00+00:00,125.6958236694336,125.93840789794922,125.67195129394531,125.8429183959961,7129088
2025-12-22 09:30:00+00:00,125.86231994628906,126.11395263671875,125.83622741699219,125.90828704833984,3712768
2025-12-22 09:45:00+00:00,125.91682434082031,126.14582061767578,125.89089965820312,126.14582061767578,0
2025-12-22 10:00:00+00:00,126.14130401611328,126.14130401611328,125.96064758300781,126.03486633300781,0
2025-12-22 10:15:00+00:00,126.0445785522461,126.518310546875,126.0445785522461,126.518310546875,15566336
2025-12-22 10:30:00+00:00,126.5043716430664,126.73809051513672,126.5043716430664,126.73809051513672,3404544
2025-12-22 10:45:00+00:00,126.74747467041016,126.77684783935547,126.66023254394531,126.66023254394531,7180032
2025-12-22 11:00:00+00:00,126.66136932373047,126.69828796386719,126.64541625976562,126.6602554321289,2462976
2025-12-22 11:15:00+00:00,126.6595230102539,126.67276763916016,126.45122528076172,126.67276763916016,2447872
2025-12-22 11:30:00+00:00,126.67759704589844,126.97245788574219,126.67759704589844,126.9686050415039,11268864
2025-12-22 11:45:00+00:00,127.00122833251953,127.17919158935547,127.00122833251953,127.11016082763672,16848640
2025-12-22 12:00:00+00:00,127.09256744384766,127.09256744384766,126.8942642211914,126.92898559570312,2907648
2025-12-22 12:15:00+00:00,126.93476867675781,127.22774505615234,126.93476867675781,127.21334075927734,19987200
2025-12-22 12:30:00+00:00,127.21410369873047,127.34062957763672,126.80116271972656,126.8027114868164,34317312
2025-12-22 12:45:00+00:00,126.83911895751953,126.93693542480469,126.83911895751953,126.93693542480469,0
2025-12-22 13:00:00+00:00,126.92920684814453,126.96627807617188,126.7217788696289,126.722412109375,0
2025-12-22 13:15:00+00:00,126.7312240600586,126.79216003417969,126.66645812988281,126.79216003417969,0
2025-12-22 13:30:00+00:00,126.79553985595703,126.80314636230469,126.51549530029297,126.51549530029297,0
2025-12-22 13:45:00+00:00,126.50808715820312,126.99597930908203,126.50135803222656,126.99597930908203,1866496
2025-12-22 14:00:00+00:00,126.9875259399414,127.22831726074219,126.9875259399414,127.01009368896484,305920
2025-12-22 14:15:00+00:00,127.02095794677734,127.44170379638672,127.02095794677734,127.44170379638672,49058816
2025-12-22 14:30:00+00:00,127.4207763671875,127.56707763671875,126.79779052734375,126.79779052734375,94183936
2025-12-22 14:45:00+00:00,126.93134307861328,127.80834197998047,126.93134307861328,127.77781677246094,59080704
2025-12-22 15:00:00+00:00,127.77234649658203,128.3716278076172,127.77234649658203,128.20062255859375,43539968
2025-12-22 15:15:00+00:00,127.68700408935547,127.7777099609375,127.2269058227539,127.3147201538086,52690176
2025-12-22 15:30:00+00:00,127.35720825195312,127.35720825195312,126.89661407470703,126.99974822998047,36865024
2025-12-22 15:45:00+00:00,127.04986572265625,127.9869155883789,127.04986572265625,127.98152160644531,13472000
2025-12-22 16:00:00+00:00,127.98055267333984,128.18667602539062,127.80073547363281,127.95846557617188,12114688
2025-12-22 16:15:00+00:00,127.89563751220703,128.13087463378906,127.89563751220703,128.13087463378906,14985984
2025-12-22 16:30:00+00:00,128.12844848632812,128.12844848632812,127.55509185791016,127.67732238769531,7139840
2025-12-22 16:45:00+00:00,127.65618896484375,127.65618896484375,127.20042419433594,127.20526123046875,1638912
2025-12-22 17:00:00+00:00,127.2068099975586,127.2068099975586,126.65721893310547,126.73048400878906,0
2025-12-22 17:15:00+00:00,126.72260284423828,127.02617645263672,126.69646453857422,127.01465606689453,2025472
2025-12-22 17:30:00+00:00,127.00690460205078,127.03472900390625,126.94596099853516,127.00090026855469,5624576
2025-12-22 17:45:00+00:00,126.98278045654297,126.98278045654297,126.73628997802734,126.78032684326172,2795008
2025-12-22 18:00:00+00:00,126.7999038696289,127.06648254394531,126.69542694091797,126.79861450195312,0
2025-12-22 18:15:00+00:00,126.7945785522461,126.8558578491211,126.66166687011719,126.8558578491211,1337600
2025-12-22 18:30:00+00:00,126.87064361572266,127.29487609863281,126.87064361572266,127.24866485595703,15083776
2025-12-22 18:45:00+00:00,127.23368072509766,127.23368072509766,126.7774887084961,126.7774887084961,9037568
2025-12-22 19:00:00+00:00,126.77395629882812,126.77395629882812,125.81818389892578,125.88430786132812,62903808
2025-12-22 19:15:00+00:00,125.87867736816406,125.884521484375,125.54865264892578,125.5576400756836,31537152
2025-12-22 19:30:00+00:00,125.54926300048828,125.54926300048828,124.99713134765625,125.12674713134766,61255680
2025-12-22 19:45:00+00:00,125.12168884277344,125.12168884277344,124.84505462646484,124.85037994384766,30335232
2025-12-22 20:00:00+00:00,124.8394775390625,125.10847473144531,124.72071075439453,125.02214813232422,38071296
2025-12-22 20:15:00+00:00,125.0176010131836,125.0176010131836,124.42838287353516,124.55377960205078,41686528
2025-12-22 20:30:00+00:00,124.5295639038086,124.74394989013672,124.52590942382812,124.73734283447266,26155008
2025-12-22 20:45:00+00:00,124.7645492553711,124.84831237792969,124.45757293701172,124.50528717041016,36307200
2025-12-22 21:00:00+00:00,124.45864868164062,124.61624145507812,124.4066162109375,124.53815460205078,35791872
2025-12-22 21:15:00+00:00,124.55436706542969,124.80083465576172,124.53768920898438,124.80083465576172,18419456
2025-12-22 21:30:00+00:00,124.81883239746094,125.44012451171875,124.81883239746094,125.4398422241211,24613120
2025-12-22 21:45:00+00:00,125.44036865234375,125.44036865234375,125.01436614990234,125.0871810913086,8376576
2025-12-22 22:00:00+00:00,125.08582305908203,125.18720245361328,125.06527709960938,125.18720245361328,14240256
2025-12-22 22:15:00+00:00,125.18115997314453,125.52471160888672,125.18115997314453,125.43602752685547,14749952
2025-12-22 22:30:00+00:00,125.44091796875,125.52618408203125,125.43955993652344,125.52618408203125,5618176
2025-12-22 22:45:00+00:00,125.49075317382812,125.88414001464844,125.3759994506836,125.68914031982422,12643072
2025-12-22 23:00:00+00:00,125.70686340332031,125.74230194091797,125.54988861083984,125.61399841308594,0
2025-12-22 23:15:00+00:00,125.66271209716797,125.78399658203125,125.66162109375,125.78399658203125,3208192
2025-12-22 23:30:00+00:00,125.78511047363281,125.78511047363281,125.58441925048828,125.5933609008789,0
2025-12-22 23:45:00+00:00,125.60482788085938,125.79592895507812,125.59062957763672,125.79592895507812,3311360
2025-12-23 00:00:00+00:00,125.7980728149414,125.92870330810547,125.7864990234375,125.92870330810547,0
2025-12-23 00:15:00+00:00,125.93392944335938,126.18128204345703,125.93392944335938,126.18128204345703,0
2025-12-23 00:30:00+00:00,126.19123077392578,126.4791259765625,126.17042541503906,126.26985168457031,947968
2025-12-23 00:45:00+00:00,126.26490020751953,126.72502899169922,126.26490020751953,126.71517181396484,1261312
2025-12-23 01:00:00+00:00,126.66194152832031,126.67460632324219,126.43785095214844,126.4566879272461,0
2025-12-23 01:15:00+00:00,126.43401336669922,126.46310424804688,126.3292465209961,126.3407211303711,0
2025-12-23 01:30:00+00:00,126.34143829345703,126.46670532226562,126.02108001708984,126.0241470336914,0
2025-12-23 01:45:00+00:00,126.02005004882812,126.23151397705078,126.00325775146484,126.1355972290039,0
2025-12-23 02:00:00+00:00,126.12926483154297,126.32940673828125,125.89385986328125,126.30358123779297,0
2025-12-23 02:15:00+00:00,126.31527709960938,126.32484436035156,126.26777648925781,126.3119888305664,0
2025-12-23 02:30:00+00:00,126.2967529296875,126.46004486083984,125.68063354492188,125.68389129638672,0
2025-12-23 02:45:00+00:00,125.64250946044922,125.7694091796875,125.59427642822266,125.59577178955078,3704064
2025-12-23 03:00:00+00:00,125.58160400390625,125.58160400390625,125.12230682373047,125.3045654296875,5666304
2025-12-23 03:15:00+00:00,125.30069732666016,125.65677642822266,125.30069732666016,125.4771957397461,1106176
2025-12-23 03:30:00+00:00,125.47169494628906,126.00029754638672,125.43560028076172,125.99797821044922,7474176
2025-12-23 03:45:00+00:00,126.00018310546875,126.00018310546875,125.64157104492188,125.65513610839844,6642944
2025-12-23 04:00:00+00:00,125.65188598632812,125.84148406982422,125.47586059570312,125.82569885253906,5373952
2025-12-23 04:15:00+00:00,125.81560516357422,125.81560516357422,125.71184539794922,125.8014144897461,0
2025-12-23 04:30:00+00:00,125.78204345703125,125.78204345703125,125.51165771484375,125.53093719482422,0
2025-12-23 04:45:00+00:00,125.53504943847656,125.54237365722656,125.3904800415039,125.3904800415039,0
2025-12-23 05:00:00+00:00,125.380615234375,125.40000915527344,125.14059448242188,125.14149475097656,1639168
2025-12-23 05:15:00+00:00,125.13346862792969,125.20918273925781,125.07139587402344,125.20918273925781,939264
2025-12-23 05:30:00+00:00,125.2103271484375,125.2103271484375,124.78300476074219,124.93333435058594,16098560
2025-12-23 05:45:00+00:00,124.9052963256836,125.050048828125,124.89730072021484,125.04476928710938,7936512
2025-12-23 06:00:00+00:00,125.01409912109375,125.06438446044922,124.79325866699219,124.79325866699219,6868480
2025-12-23 06:15:00+00:00,124.79773712158203,124.79773712158203,124.28764343261719,124.34276580810547,31721984
2025-12-23 06:30:00+00:00,124.32534790039062,124.40729522705078,124.20896911621094,124.40729522705078,23464192
2025-12-23 06:45:00+00:00,124.40876007080078,124.50494384765625,124.36490631103516,124.43492126464844,8492800
2025-12-23 07:00:00+00:00,124.41606903076172,124.47782897949219,124.1000747680664,124.10865020751953,12631040
2025-12-23 07:15:00+00:00,123.86027526855469,124.21048736572266,123.79415893554688,124.21048736572266,42432768
2025-12-23 07:30:00+00:00,124.2023696899414,124.34780883789062,124.15006256103516,124.15006256103516,13469440
2025-12-23 07:45:00+00:00,124.14273071289062,124.28250122070312,124.12002563476562,124.1274185180664,868864
2025-12-23 08:00:00+00:00,124.11849975585938,124.23428344726562,124.05325317382812,124.21827697753906,7367680
2025-12-23 08:15:00+00:00,124.23367309570312,124.45272827148438,124.23367309570312,124.43411254882812,3147008
2025-12-23 08:30:00+00:00,124.425048828125,124.50379180908203,124.41006469726562,124.41006469726562,0
2025-12-23 08:45:00+00:00,124.41043853759766,124.41043853759766,124.06869506835938,124.06869506835938,0
2025-12-23 09:00:00+00:00,124.07633209228516,124.22117614746094,124.07633209228516,124.2162094116211,0
2025-12-23 09:15:00+00:00,124.2110824584961,124.24156951904297,123.99999237060547,124.09783935546875,4374784
2025-12-23 09:30:00+00:00,124.10128021240234,124.1935806274414,124.05284118652344,124.10240173339844,0
2025-12-23 09:45:00+00:00,124.11422729492188,124.1626968383789,124.11280822753906,124.11595153808594,0
2025-12-23 10:00:00+00:00,124.11190032958984,124.26078033447266,124.08799743652344,124.18995666503906,120320
2025-12-23 10:15:00+00:00,124.19200897216797,124.37732696533203,124.16535949707031,124.37609100341797,0
2025-12-23 10:30:00+00:00,124.38445281982422,124.51163482666016,124.32771301269531,124.51163482666016,2396416
2025-12-23 10:45:00+00:00,124.51789855957031,124.73439025878906,124.51789855957031,124.70755767822266,2441472
2025-12-23 11:00:00+00:00,124.71050262451172,124.90019226074219,124.71050262451172,124.8649673461914,10198784
2025-12-23 11:15:00+00:00,124.86134338378906,125.03536224365234,124.85942840576172,124.90925598144531,8195328
2025-12-23 11:30:00+00:00,124.91353607177734,124.91353607177734,124.73542022705078,124.83063507080078,0
2025-12-23 11:45:00+00:00,124.8523941040039,124.94947052001953,124.8523941040039,124.87908935546875,0
2025-12-23 12:00:00+00:00,124.87030792236328,124.87030792236328,124.63909912109375,124.69766998291016,0
2025-12-23 12:15:00+00:00,124.68598175048828,124.68598175048828,124.034423828125,124.1881332397461,2680320
2025-12-23 12:30:00+00:00,124.17047119140625,124.2451171875,124.0819091796875,124.2451171875,0
2025-12-23 12:45:00+00:00,124.25218200683594,124.29397583007812,124.21659851074219,124.21836853027344,363008
2025-12-23 13:00:00+00:00,124.20975494384766,124.20975494384766,124.08820343017578,124.09342193603516,866560
2025-12-23 13:15:00+00:00,124.09305572509766,124.15673065185547,124.02862548828125,124.15673065185547,0
2025-12-23 13:30:00+00:00,124.18717956542969,124.41917419433594,123.25812530517578,123.47563934326172,79816960
2025-12-23 13:45:00+00:00,123.55857849121094,123.64226531982422,123.2994155883789,123.34823608398438,27565312
2025-12-23 14:00:00+00:00,123.33494567871094,123.58002471923828,123.28529357910156,123.56253814697266,1971200
2025-12-23 14:15:00+00:00,123.54946899414062,123.54946899414062,123.00675201416016,123.03675842285156,0
2025-12-23 14:30:00+00:00,123.0357666015625,123.1161880493164,122.82563781738281,123.0597152709961,5039616
2025-12-23 14:45:00+00:00,123.03128814697266,123.03128814697266,122.33478546142578,122.33800506591797,34548992
2025-12-23 15:00:00+00:00,122.42672729492188,122.90109252929688,122.42672729492188,122.59744262695312,10593280
2025-12-23 15:15:00+00:00,122.63390350341797,123.2597427368164,122.63390350341797,122.98796081542969,2695680
2025-12-23 15:30:00+00:00,122.98475646972656,123.11035919189453,122.94313049316406,123.01471710205078,0
2025-12-23 15:45:00+00:00,123.02886199951172,123.2532730102539,123.01880645751953,123.2532730102539,50944
2025-12-23 16:00:00+00:00,123.25908660888672,123.68586730957031,123.17831420898438,123.5383529663086,21472256
2025-12-23 16:15:00+00:00,123.54072570800781,124.06139373779297,123.54072570800781,124.05838012695312,16956672
2025-12-23 16:30:00+00:00,124.05757141113281,124.34571838378906,123.89203643798828,124.34178924560547,13583872
2025-12-23 16:45:00+00:00,124.31745147705078,124.79264831542969,124.31659698486328,124.75767517089844,25207040
2025-12-23 17:00:00+00:00,124.731689453125,124.731689453125,124.40380859375,124.41495513916016,27566336
2025-12-23 17:15:00+00:00,124.41463470458984,124.60538482666016,124.29156494140625,124.29156494140625,2113792
2025-12-23 17:30:00+00:00,124.2767562866211,124.2767562866211,123.89045715332031,123.89045715332031,18741760
2025-12-23 17:45:00+00:00,123.99431610107422,123.99431610107422,123.3448486328125,123.3448486328125,10354944
2025-12-23 18:00:00+00:00,123.24044036865234,123.33386993408203,123.03514099121094,123.26221466064453,15880960
2025-12-23 18:15:00+00:00,123.25009155273438,123.66178131103516,123.25009155273438,123.49974822998047,19931392
2025-12-23 18:30:00+00:00,123.50820922851562,123.99087524414062,123.47103118896484,123.96971893310547,12088064
2025-12-23 18:45:00+00:00,123.96858978271484,123.96858978271484,123.76837158203125,123.88948822021484,6480128
2025-12-23 19:00:00+00:00,123.88341522216797,124.334228515625,123.88341522216797,123.96343994140625,0
2025-12-23 19:15:00+00:00,123.94194793701172,124.03549194335938,123.70186614990234,123.70186614990234,0
2025-12-23 19:30:00+00:00,123.68885803222656,123.84091186523438,123.51905059814453,123.84091186523438,0
2025-12-23 19:45:00+00:00,123.81645965576172,123.87738037109375,123.7340316772461,123.87738037109375,0
2025-12-23 20:00:00+00:00,123.89447021484375,123.9239730834961,123.53863525390625,123.59169006347656,0
2025-12-23 20:15:00+00:00,123.60012817382812,124.1169662475586,123.60012817382812,124.09639739990234,0
2025-12-23 20:30:00+00:00,124.07508087158203,125.01774597167969,123.974853515625,125.01774597167969,23132416
2025-12-23 20:45:00+00:00,125.08969116210938,125.26042938232422,124.69507598876953,124.69507598876953,17845760
2025-12-23 21:00:00+00:00,124.6741943359375,124.6741943359375,123.94719696044922,124.07366943359375,8782080
2025-12-23 21:15:00+00:00,124.0785140991211,124.41934204101562,124.0785140991211,124.37418365478516,7123200
2025-12-23 21:30:00+00:00,124.38151550292969,124.45659637451172,124.31045532226562,124.31256866455078,0
2025-12-23 21:45:00+00:00,124.39044189453125,124.39044189453125,124.21464538574219,124.24600982666016,3735296
2025-12-23 22:00:00+00:00,124.2312240600586,124.35981750488281,124.12739562988281,124.12739562988281,0
2025-12-23 22:15:00+00:00,124.14471435546875,124.179931640625,124.0590591430664,124.06538391113281,0
2025-12-23 22:30:00+00:00,124.00881958007812,124.0104751586914,123.74010467529297,123.9635238647461,3650560
2025-12-23 22:45:00+00:00,123.95022583007812,124.0360107421875,123.74988555908203,123.74988555908203,0
2025-12-23 23:00:00+00:00,123.77105712890625,123.77105712890625,123.58747863769531,123.59640502929688,2101504
2025-12-23 23:15:00+00:00,123.61448669433594,123.61448669433594,123.46470642089844,123.59709167480469,6832896
2025-12-23 23:30:00+00:00,123.60989379882812,123.93631744384766,123.60989379882812,123.91960144042969,11170048
2025-12-23 23:45:00+00:00,123.94001770019531,124.0508041381836,123.85787200927734,123.85787200927734,5743104
2025-12-24 00:00:00+00:00,123.87286376953125,124.09596252441406,123.87286376953125,123.88583374023438,0
2025-12-24 00:15:00+00:00,123.88572692871094,123.88572692871094,123.71495819091797,123.77389526367188,0
2025-12-24 00:30:00+00:00,123.766357421875,123.81896209716797,123.63748931884766,123.64552307128906,0
2025-12-24 00:45:00+00:00,123.637939453125,123.87387084960938,123.637939453125,123.85851287841797,0
2025-12-24 01:00:00+00:00,123.82734680175781,123.93416595458984,123.77914428710938,123.8985824584961,0
2025-12-24 01:15:00+00:00,123.84846496582031,123.84846496582031,123.57362365722656,123.61546325683594,3036416
2025-12-24 01:30:00+00:00,123.58839416503906,123.58839416503906,123.25432586669922,123.25432586669922,1292800
2025-12-24 01:45:00+00:00,123.25175476074219,123.25175476074219,122.96424865722656,122.98602294921875,17638144
2025-12-24 02:00:00+00:00,122.99610137939453,123.01805877685547,122.57978057861328,122.58995056152344,10692352
2025-12-24 02:15:00+00:00,122.59317016601562,122.7159194946289,122.57396697998047,122.71416473388672,7603968
2025-12-24 02:30:00+00:00,122.72099304199219,122.73739624023438,122.37168884277344,122.37168884277344,313600
2025-12-24 02:45:00+00:00,122.25820922851562,122.28893280029297,121.90953063964844,122.28893280029297,21217536
2025-12-24 03:00:00+00:00,122.28132629394531,122.28132629394531,121.85623931884766,121.98558807373047,0
2025-12-24 03:15:00+00:00,121.97582244873047,122.24869537353516,121.91394805908203,122.23249053955078,0
2025-12-24 03:30:00+00:00,122.23436737060547,122.43199920654297,122.23436737060547,122.42737579345703,0
2025-12-24 03:45:00+00:00,122.4278793334961,122.64839935302734,122.39250183105469,122.62783813476562,10959616
2025-12-24 04:00:00+00:00,122.6275405883789,122.83833312988281,122.61116790771484,122.74549865722656,2715648
2025-12-24 04:15:00+00:00,122.72459411621094,122.72459411621094,122.10591125488281,122.11489868164062,21573632
2025-12-24 04:30:00+00:00,122.11390686035156,122.11390686035156,121.8309326171875,121.94718170166016,10237184
2025-12-24 04:45:00+00:00,121.93933868408203,121.93933868408203,121.52376556396484,121.54078674316406,19093760
2025-12-24 05:00:00+00:00,121.53887176513672,121.75638580322266,121.53887176513672,121.66654205322266,1609472
2025-12-24 05:15:00+00:00,121.67385864257812,121.82170104980469,121.67385864257812,121.78547668457031,10080768
2025-12-24 05:30:00+00:00,121.69580841064453,121.69580841064453,121.43809509277344,121.51032257080078,1434624
2025-12-24 05:45:00+00:00,121.48617553710938,121.48617553710938,121.28824615478516,121.37360382080078,13503744
2025-12-24 06:00:00+00:00,121.38262939453125,121.40678405761719,120.8056869506836,120.84490966796875,22899456
2025-12-24 06:15:00+00:00,120.8332290649414,121.09178924560547,120.78751373291016,121.08592987060547,0
2025-12-24 06:30:00+00:00,121.08036041259766,121.27377319335938,121.02552032470703,121.27023315429688,2513152
2025-12-24 06:45:00+00:00,121.2729721069336,121.42632293701172,121.2729721069336,121.42632293701172,624640
2025-12-24 07:00:00+00:00,121.49110412597656,121.57331848144531,121.44719696044922,121.44719696044922,0
2025-12-24 07:15:00+00:00,121.4534912109375,121.50218963623047,121.43730163574219,121.47026824951172,0
2025-12-24 07:30:00+00:00,121.45690155029297,121.63211059570312,121.30008697509766,121.62430572509766,0
2025-12-24 07:45:00+00:00,121.62100219726562,121.62931060791016,121.49140167236328,121.49140167236328,1843456
2025-12-24 08:00:00+00:00,121.46002960205078,121.46002960205078,121.32408905029297,121.37028503417969,309760
2025-12-24 08:15:00+00:00,121.35347747802734,121.38465881347656,121.26031494140625,121.31108856201172,128768
2025-12-24 08:30:00+00:00,121.30751037597656,121.51004028320312,121.22514343261719,121.51004028320312,10596864
2025-12-24 08:45:00+00:00,121.51652526855469,121.53555297851562,121.39311218261719,121.39311218261719,1982464
2025-12-24 09:00:00+00:00,121.39312744140625,121.60748291015625,121.39312744140625,121.59508514404297,0
2025-12-24 09:15:00+00:00,121.593994140625,121.59548950195312,121.35458374023438,121.36795043945312,2549248
2025-12-24 09:30:00+00:00,121.37013244628906,121.46924591064453,121.37013244628906,121.46924591064453,3429120
2025-12-24 09:45:00+00:00,121.46036529541016,121.55169677734375,121.3916015625,121.3916015625,6874112
2025-12-24 10:00:00+00:00,121.39482879638672,121.68164825439453,121.35173034667969,121.68164825439453,8853504
2025-12-24 10:15:00+00:00,121.6684799194336,121.81643676757812,121.66195678710938,121.81643676757812,2821888
2025-12-24 10:30:00+00:00,121.8270263671875,122.08979797363281,121.8270263671875,122.08979797363281,3279872
2025-12-24 10:45:00+00:00,122.0866928100586,122.0866928100586,121.85958862304688,121.85958862304688,8522496
2025-12-24 11:00:00+00:00,121.8417739868164,122.09590911865234,121.78337860107422,122.09363555908203,2453248
2025-12-24 11:15:00+00:00,122.08134460449219,122.08134460449219,121.96588134765625,121.96588134765625,0
2025-12-24 11:30:00+00:00,121.96510314941406,122.0655746459961,121.95052337646484,122.05594635009766,2969344
2025-12-24 11:45:00+00:00,122.0553970336914,122.06539916992188,122.02835845947266,122.02835845947266,5794048
2025-12-24 12:00:00+00:00,122.0263671875,122.09007263183594,121.96322631835938,122.09007263183594,649984
2025-12-24 12:15:00+00:00,122.0891342163086,122.18766021728516,122.0891342163086,122.15089416503906,0
2025-12-24 12:30:00+00:00,122.14124298095703,122.16557312011719,122.05537414550781,122.16557312011719,2046976
2025-12-24 12:45:00+00:00,122.17447662353516,122.39427185058594,122.16212463378906,122.38813781738281,5218304
2025-12-24 13:00:00+00:00,122.3905258178711,122.3905258178711,122.192138671875,122.192138671875,0
2025-12-24 13:15:00+00:00,122.19889068603516,122.20268249511719,122.15412902832031,122.15662384033203,0
2025-12-24 13:30:00+00:00,122.16879272460938,122.21788787841797,121.8622817993164,121.89964294433594,0
2025-12-24 13:45:00+00:00,121.88619995117188,121.92961883544922,121.83283996582031,121.92800903320312,0
2025-12-24 14:00:00+00:00,121.92230987548828,122.19126892089844,121.91890716552734,122.18448638916016,0
2025-12-24 14:15:00+00:00,122.18428039550781,122.18428039550781,121.88703918457031,121.88703918457031,0
2025-12-24 14:30:00+00:00,121.89070892333984,121.89070892333984,120.98827362060547,121.68959045410156,14487040
2025-12-24 14:45:00+00:00,121.68606567382812,121.6991195678711,121.41968536376953,121.42815399169922,0
2025-12-24 15:00:00+00:00,121.51079559326172,121.7420654296875,121.51079559326172,121.64453125,0
2025-12-24 15:15:00+00:00,121.61808776855469,121.72695922851562,121.45442199707031,121.652099609375,0
2025-12-24 15:30:00+00:00,121.64690399169922,122.34650421142578,121.64690399169922,122.34650421142578,19024128
2025-12-24 15:45:00+00:00,122.38591003417969,122.6370849609375,122.38591003417969,122.55331420898438,25091584
2025-12-24 16:00:00+00:00,122.6019287109375,122.73204803466797,122.6019287109375,122.69959259033203,0
2025-12-24 16:15:00+00:00,122.7586898803711,123.02198028564453,122.64444732666016,122.64444732666016,0
2025-12-24 16:30:00+00:00,122.64176177978516,122.93657684326172,122.5356674194336,122.8358154296875,18804736
2025-12-24 16:45:00+00:00,122.81954956054688,122.85950469970703,122.58113861083984,122.58113861083984,0
2025-12-24 17:00:00+00:00,122.6062240600586,122.6912612915039,122.6062240600586,122.65245056152344,0
2025-12-24 17:15:00+00:00,122.64645385742188,122.74333190917969,122.63357543945312,122.66271209716797,0
2025-12-24 17:30:00+00:00,122.65914916992188,122.75904846191406,122.36441802978516,122.36907958984375,0
2025-12-24 17:45:00+00:00,122.37481689453125,122.46229553222656,122.22835540771484,122.22835540771484,0
2025-12-24 18:00:00+00:00,122.1740951538086,122.1740951538086,121.88014221191406,121.91075897216797,0
2025-12-24 18:15:00+00:00,121.90457916259766,122.35179138183594,121.90457916259766,122.32398223876953,0
2025-12-24 18:30:00+00:00,122.30355072021484,122.34614562988281,122.14239501953125,122.3449935913086,0
2025-12-24 18:45:00+00:00,122.35348510742188,122.47171783447266,122.35348510742188,122.41059112548828,0
2025-12-24 19:00:00+00:00,122.40760040283203,122.40760040283203,122.22835540771484,122.22835540771484,0
2025-12-24 19:15:00+00:00,122.234375,122.234375,122.09249877929688,122.18291473388672,5556736
2025-12-24 19:30:00+00:00,122.1822738647461,122.49626922607422,122.1822738647461,122.49626922607422,605696
2025-12-24 19:45:00+00:00,122.51922607421875,122.70060729980469,122.51922607421875,122.70060729980469,6465024
2025-12-24 20:00:00+00:00,122.71102905273438,122.84004211425781,122.71102905273438,122.84004211425781,2476288
2025-12-24 20:15:00+00:00,122.83425903320312,122.96974182128906,122.83425903320312,122.93595886230469,5659392
2025-12-24 20:30:00+00:00,122.93695831298828,122.95838165283203,122.84999084472656,122.84999084472656,1120768
2025-12-24 20:45:00+00:00,122.85197448730469,122.85197448730469,122.59807586669922,122.59807586669922,0
2025-12-24 21:00:00+00:00,122.598876953125,122.79777526855469,122.598876953125,122.71366882324219,0
2025-12-24 21:15:00+00:00,122.71400451660156,122.71697235107422,122.6117935180664,122.6962661743164,0
2025-12-24 21:30:00+00:00,122.70413208007812,122.89647674560547,122.70413208007812,122.89647674560547,0
2025-12-24 21:45:00+00:00,122.8910903930664,122.89612579345703,122.86219787597656,122.86219787597656,0
2025-12-24 22:00:00+00:00,122.87934875488281,123.1025161743164,122.87905883789062,123.1025161743164,0
2025-12-24 22:15:00+00:00,123.07862091064453,123.07862091064453,122.91510772705078,122.91510772705078,0
2025-12-24 22:30:00+00:00,122.92210388183594,123.15911865234375,122.90538024902344,123.14337921142578,3091456
2025-12-24 22:45:00+00:00,123.14908599853516,123.22974395751953,123.1216049194336,123.22843170166016,264960
2025-12-24 23:00:00+00:00,123.231689453125,123.231689453125,122.92327880859375,122.96912384033203,0
2025-12-24 23:15:00+00:00,122.97300720214844,123.0077896118164,122.75189208984375,122.75189208984375,0
2025-12-24 23:30:00+00:00,122.73974609375,122.73974609375,122.64705657958984,122.64705657958984,0
2025-12-24 23:45:00+00:00,122.6551284790039,122.66630554199219,122.46001434326172,122.46001434326172,63488
2025-12-25 00:00:00+00:00,122.45496368408203,122.45496368408203,122.35123443603516,122.38750457763672,21760
2025-12-25 00:15:00+00:00,122.39852905273438,122.5722427368164,122.39852905273438,122.40150451660156,464128
2025-12-25 00:30:00+00:00,122.39604187011719,122.46984100341797,122.29118347167969,122.29118347167969,0
2025-12-25 00:45:00+00:00,122.26932525634766,122.26932525634766,122.09420776367188,122.09420776367188,2225664
2025-12-25 01:00:00+00:00,122.0937728881836,122.17618560791016,122.0937728881836,122.17618560791016,0
2025-12-25 01:15:00+00:00,122.23422241210938,122.41252136230469,122.21879577636719,122.40753936767578,1898752
2025-12-25 01:30:00+00:00,122.40354919433594,122.47481536865234,122.29705810546875,122.47481536865234,0
2025-12-25 01:45:00+00:00,122.48968505859375,122.62693786621094,122.48968505859375,122.6224594116211,0
2025-12-25 02:00:00+00:00,122.62786102294922,122.64370727539062,122.47930908203125,122.54855346679688,0
2025-12-25 02:15:00+00:00,122.55187225341797,122.71591186523438,122.55187225341797,122.71591186523438,0
2025-12-25 02:30:00+00:00,122.71678924560547,122.8531723022461,122.71678924560547,122.8531723022461,0
2025-12-25 02:45:00+00:00,122.87353515625,122.98210906982422,122.87353515625,122.97066497802734,0
2025-12-25 03:00:00+00:00,122.96832275390625,122.96832275390625,122.8739013671875,122.90799713134766,0
2025-12-25 03:15:00+00:00,122.9158706665039,122.9449462890625,122.84723663330078,122.8539047241211,535424
2025-12-25 03:30:00+00:00,122.84894561767578,122.84894561767578,122.59261322021484,122.59455108642578,0
2025-12-25 03:45:00+00:00,122.5916976928711,122.61141967773438,122.53314208984375,122.61141967773438,0
2025-12-25 04:00:00+00:00,122.61334228515625,122.63016510009766,122.58621215820312,122.58621215820312,0
2025-12-25 04:15:00+00:00,122.58999633789062,122.7178726196289,122.58999633789062,122.65906524658203,0
2025-12-25 04:30:00+00:00,122.65937042236328,122.65937042236328,122.55422973632812,122.57486724853516,0
2025-12-25 04:45:00+00:00,122.56568145751953,122.7439956665039,122.56568145751953,122.7420425415039,0
2025-12-25 05:00:00+00:00,122.74015045166016,122.74015045166016,122.40953063964844,122.40953063964844,0
2025-12-25 05:15:00+00:00,122.40467834472656,122.45010375976562,122.36705780029297,122.43115234375,0
2025-12-25 05:30:00+00:00,122.42193603515625,122.45598602294922,122.24114227294922,122.24114227294922,1849344
2025-12-25 05:45:00+00:00,122.24076843261719,122.33493041992188,122.24076843261719,122.28504180908203,0
2025-12-25 06:00:00+00:00,122.28804779052734,122.294677734375,122.15251159667969,122.15251159667969,0
2025-12-25 06:15:00+00:00,122.1526107788086,122.23453521728516,122.1526107788086,122.23426818847656,0
2025-12-25 06:30:00+00:00,122.23261260986328,122.31538391113281,122.20545959472656,122.31433868408203,1618176
2025-12-25 06:45:00+00:00,122.32054901123047,122.39414978027344,122.32054901123047,122.39147186279297,0
2025-12-25 07:00:00+00:00,122.39293670654297,122.39293670654297,122.2114028930664,122.2114028930664,778752
2025-12-25 07:15:00+00:00,122.21342468261719,122.21342468261719,122.04934692382812,122.10194396972656,4224512
2025-12-25 07:30:00+00:00,122.10088348388672,122.12200164794922,122.10002899169922,122.10002899169922,0
2025-12-25 07:45:00+00:00,122.0967025756836,122.21070098876953,122.07389068603516,122.20947265625,0
2025-12-25 08:00:00+00:00,122.21068572998047,122.42476654052734,122.19369506835938,122.32078552246094,4421376
2025-12-25 08:15:00+00:00,122.3248062133789,122.3248062133789,121.71528625488281,121.77106475830078,15497600
2025-12-25 08:30:00+00:00,121.77090454101562,121.87509155273438,121.74563598632812,121.87509155273438,2301824
2025-12-25 08:45:00+00:00,121.88273620605469,122.04181671142578,121.88040924072266,122.04181671142578,1943936
2025-12-25 09:00:00+00:00,122.0291976928711,122.0291976928711,121.81270599365234,121.81270599365234,4896000
2025-12-25 09:15:00+00:00,121.82057189941406,121.90412139892578,121.82057189941406,121.89187622070312,1266176
2025-12-25 09:30:00+00:00,121.89585876464844,121.91881561279297,121.86749267578125,121.89140319824219,0
2025-12-25 09:45:00+00:00,121.94091796875,122.04882049560547,121.94091796875,122.03602600097656,0
2025-12-25 10:00:00+00:00,122.03157043457031,122.03157043457031,121.7722396850586,121.7722396850586,0
2025-12-25 10:15:00+00:00,121.75933837890625,121.75933837890625,121.66387939453125,121.73207092285156,4330368
2025-12-25 10:30:00+00:00,121.73426055908203,121.73426055908203,121.37836456298828,121.37836456298828,11950464
2025-12-25 10:45:00+00:00,121.39664459228516,121.45950317382812,121.38088989257812,121.45950317382812,0
2025-12-25 11:00:00+00:00,121.47355651855469,121.61844635009766,121.47355651855469,121.61844635009766,0
2025-12-25 11:15:00+00:00,121.60942077636719,121.6703872680664,121.59439849853516,121.6703872680664,0
2025-12-25 11:30:00+00:00,121.6720199584961,121.72239685058594,121.62509155273438,121.62509155273438,164864
2025-12-25 11:45:00+00:00,121.62773132324219,121.64070892333984,121.5595932006836,121.6299057006836,0
2025-12-25 12:00:00+00:00,121.6249771118164,121.63959503173828,121.57996368408203,121.61542510986328,0
2025-12-25 12:15:00+00:00,121.61653137207031,121.8110580444336,121.57585906982422,121.79774475097656,1523840
2025-12-25 12:30:00+00:00,121.81195831298828,121.8695068359375,121.80571746826172,121.80571746826172,926592
2025-12-25 12:45:00+00:00,121.81173706054688,121.92436981201172,121.81173706054688,121.92436981201172,0
2025-12-25 13:00:00+00:00,121.92644500732422,121.95521545410156,121.87097930908203,121.87698364257812,0
2025-12-25 13:15:00+00:00,121.88813781738281,121.92023468017578,121.77269744873047,121.81224822998047,1139200
2025-12-25 13:30:00+00:00,121.8192367553711,122.02214050292969,121.8192367553711,122.02214050292969,0
2025-12-25 13:45:00+00:00,122.03015899658203,122.1811752319336,122.03015899658203,122.1050796508789,14565376
2025-12-25 14:00:00+00:00,122.09507751464844,122.20054626464844,122.03781127929688,122.1868896484375,1867904
2025-12-25 14:15:00+00:00,122.18302917480469,122.18302917480469,121.87053680419922,121.87053680419922,3347328
2025-12-25 14:30:00+00:00,121.87269592285156,121.92434692382812,121.85098266601562,121.88731384277344,0
2025-12-25 14:45:00+00:00,121.88224792480469,121.98946380615234,121.88224792480469,121.95069885253906,0
2025-12-25 15:00:00+00:00,121.9669418334961,122.02116394042969,121.9272232055664,121.9862289428711,0
2025-12-25 15:15:00+00:00,121.98836517333984,122.44393157958984,121.98056030273438,122.43655395507812,10059136
2025-12-25 15:30:00+00:00,122.44586181640625,123.28575897216797,122.44586181640625,123.28575897216797,20673280
2025-12-25 15:45:00+00:00,123.45719909667969,123.8082275390625,123.45719909667969,123.60562896728516,53752448
2025-12-25 16:00:00+00:00,123.57817077636719,123.69188690185547,123.43138885498047,123.58110046386719,17870592
2025-12-25 16:15:00+00:00,123.5950927734375,124.15731811523438,123.5950927734375,124.15731811523438,33040512
2025-12-25 16:30:00+00:00,124.13031768798828,124.1722412109375,124.00186157226562,124.06171417236328,1257728
2025-12-25 16:45:00+00:00,124.08445739746094,124.17308807373047,123.46332550048828,123.47193908691406,30445696
2025-12-25 17:00:00+00:00,123.46025085449219,123.46595001220703,123.26587677001953,123.36367797851562,3015040
2025-12-25 17:15:00+00:00,123.38230895996094,123.38230895996094,122.95713806152344,122.95713806152344,14591104
2025-12-25 17:30:00+00:00,122.95997619628906,122.95997619628906,122.82839965820312,122.82839965820312,5366784
2025-12-25 17:45:00+00:00,122.82980346679688,123.03541564941406,122.82980346679688,123.01241302490234,0
2025-12-25 18:00:00+00:00,123.00692749023438,123.69025421142578,123.00692749023438,123.69025421142578,8947712
2025-12-25 18:15:00+00:00,123.69005584716797,123.72429656982422,123.65483093261719,123.7132568359375,5251200
2025-12-25 18:30:00+00:00,123.71147155761719,123.98751831054688,123.70230102539062,123.98002624511719,18805248
2025-12-25 18:45:00+00:00,123.93692016601562,123.93954467773438,123.80362701416016,123.9347152709961,13692416
2025-12-25 19:00:00+00:00,123.9344482421875,123.93657684326172,123.82949829101562,123.85491943359375,6001280
2025-12-25 19:15:00+00:00,123.84517669677734,123.84517669677734,123.50550079345703,123.50550079345703,0
2025-12-25 19:30:00+00:00,123.5052261352539,123.51905822753906,123.46908569335938,123.50189208984375,0
2025-12-25 19:45:00+00:00,123.48817443847656,123.48817443847656,123.3464126586914,123.37995910644531,0
2025-12-25 20:00:00+00:00,123.3796615600586,123.39131927490234,123.28191375732422,123.32559967041016,0
2025-12-25 20:15:00+00:00,123.31101989746094,123.34242248535156,123.13251495361328,123.13251495361328,2085248
2025-12-25 20:30:00+00:00,123.11051177978516,123.11051177978516,122.94745635986328,122.94888305664062,4957184
2025-12-25 20:45:00+00:00,122.9428939819336,123.15426635742188,122.9428939819336,123.14652252197266,10496
2025-12-25 21:00:00+00:00,123.16297912597656,123.30008697509766,123.16297912597656,123.30008697509766,0
2025-12-25 21:15:00+00:00,123.3046646118164,123.36132049560547,123.2479476928711,123.28907775878906,0
2025-12-25 21:30:00+00:00,123.31849670410156,123.36444091796875,123.26280212402344,123.26280212402344,0
2025-12-25 21:45:00+00:00,123.26334381103516,123.26334381103516,123.11515808105469,123.12397766113281,2666880
2025-12-25 22:00:00+00:00,123.12618255615234,123.27668762207031,123.01354217529297,123.01354217529297,1720960
2025-12-25 22:15:00+00:00,122.99949645996094,123.0093765258789,122.92698669433594,122.9542236328125,3767808
2025-12-25 22:30:00+00:00,122.94831848144531,122.94831848144531,122.76129150390625,122.7635726928711,0
2025-12-25 22:45:00+00:00,122.73841857910156,122.73841857910156,121.63607025146484,121.6933822631836,47558016
2025-12-25 23:00:00+00:00,121.70462799072266,121.79605102539062,121.48896026611328,121.78474426269531,41397376
2025-12-25 23:15:00+00:00,121.7658920288086,121.89484405517578,121.66448974609375,121.7083740234375,31868160
2025-12-25 23:30:00+00:00,121.68441009521484,121.68441009521484,120.39117431640625,120.50055694580078,92719488
2025-12-25 23:45:00+00:00,120.48522186279297,120.48522186279297,119.91112518310547,119.91112518310547,131478400
2025-12-26 00:00:00+00:00,119.95291900634766,120.15827178955078,119.78673553466797,119.81958770751953,42689280
2025-12-26 00:15:00+00:00,119.88233947753906,119.96797943115234,119.60795593261719,119.60795593261719,51439360
2025-12-26 00:30:00+00:00,119.62943267822266,119.94720458984375,119.5927734375,119.7521743774414,41684992
2025-12-26 00:45:00+00:00,119.79237365722656,120.14425659179688,119.77928161621094,120.12240600585938,20748288
2025-12-26 01:00:00+00:00,120.1555404663086,120.3713150024414,120.1555404663086,120.3713150024414,26731264
2025-12-26 01:15:00+00:00,120.37181091308594,120.59944152832031,120.37181091308594,120.59944152832031,23445248
2025-12-26 01:30:00+00:00,120.59469604492188,120.85093688964844,120.58367919921875,120.80116271972656,24093952
2025-12-26 01:45:00+00:00,120.81639099121094,121.00114440917969,120.66485595703125,120.67875671386719,42855936
2025-12-26 02:00:00+00:00,120.70659637451172,121.3677978515625,120.70659637451172,121.3677978515625,27831808
2025-12-26 02:15:00+00:00,121.46280670166016,123.7512435913086,121.46280670166016,123.64982604980469,204220160
2025-12-26 02:30:00+00:00,123.6312255859375,124.12220001220703,123.6251220703125,123.6273422241211,125410048
2025-12-26 02:45:00+00:00,123.63076782226562,123.63076782226562,123.39127349853516,123.48748016357422,70818560
2025-12-26 03:00:00+00:00,123.45879364013672,123.50151824951172,123.28369903564453,123.43863677978516,35451904
2025-12-26 03:15:00+00:00,123.403564453125,123.403564453125,122.71994018554688,122.71994018554688,54192384
2025-12-26 03:30:00+00:00,122.72349548339844,122.72652435302734,122.56021118164062,122.56095123291016,35120640
2025-12-26 03:45:00+00:00,122.57027435302734,122.75603485107422,122.52783966064453,122.53955078125,11980032
2025-12-26 04:00:00+00:00,122.53549194335938,122.54058837890625,121.76795196533203,121.9034652709961,26378240
2025-12-26 04:15:00+00:00,121.90957641601562,121.97871398925781,121.89624786376953,121.97871398925781,14497280
2025-12-26 04:30:00+00:00,121.9825210571289,122.39791107177734,121.9825210571289,122.39791107177734,21606400
2025-12-26 04:45:00+00:00,122.41742706298828,122.7801742553711,122.41742706298828,122.77649688720703,21969664
2025-12-26 05:00:00+00:00,122.7760238647461,122.81200408935547,122.73605346679688,122.78751373291016,5022208
2025-12-26 05:15:00+00:00,122.80554962158203,122.81393432617188,122.68518829345703,122.68518829345703,6768128
2025-12-26 05:30:00+00:00,122.7001724243164,122.77814483642578,122.68247985839844,122.77814483642578,733696
2025-12-26 05:45:00+00:00,122.78997039794922,123.29061126708984,122.78997039794922,123.28329467773438,10276608
2025-12-26 06:00:00+00:00,123.26024627685547,123.44918060302734,123.25406646728516,123.4312515258789,13179648
2025-12-26 06:15:00+00:00,123.41832733154297,123.59120178222656,123.41832733154297,123.47205352783203,15430144
2025-12-26 06:30:00+00:00,123.46926879882812,123.50052642822266,123.33555603027344,123.49923706054688,11743744
2025-12-26 06:45:00+00:00,123.50839233398438,123.53388214111328,123.33759307861328,123.3699951171875,3383040
2025-12-26 07:00:00+00:00,123.36878967285156,123.43531799316406,123.35572814941406,123.41197204589844,5512448
2025-12-26 07:15:00+00:00,123.41502380371094,123.81497192382812,123.41502380371094,123.80654907226562,32216320
2025-12-26 07:30:00+00:00,123.80565643310547,123.80565643310547,122.91802978515625,122.91802978515625,17777664
2025-12-26 07:45:00+00:00,122.91313934326172,122.91313934326172,122.62345123291016,122.62345123291016,28464128
2025-12-26 08:00:00+00:00,122.62773132324219,122.83744049072266,122.62773132324219,122.76580810546875,23952640
2025-12-26 08:15:00+00:00,122.77262115478516,122.89095306396484,122.77262115478516,122.7762451171875,0
2025-12-26 08:30:00+00:00,122.77239227294922,122.77239227294922,122.26897430419922,122.2736587524414,13689856
2025-12-26 08:45:00+00:00,122.27965545654297,122.48821258544922,122.27965545654297,122.48821258544922,9626880
2025-12-26 09:00:00+00:00,122.49502563476562,122.60429382324219,122.49502563476562,122.53617095947266,3137280
2025-12-26 09:15:00+00:00,122.53633880615234,122.85050201416016,122.47489929199219,122.81800842285156,9680384
2025-12-26 09:30:00+00:00,122.81977844238281,122.98810577392578,122.81977844238281,122.98810577392578,8329728
2025-12-26 09:45:00+00:00,123.02801513671875,123.79615020751953,123.02801513671875,123.67430114746094,94525440
2025-12-26 10:00:00+00:00,123.66332244873047,123.66332244873047,123.5760498046875,123.62749481201172,10089216
2025-12-26 10:15:00+00:00,123.6307373046875,123.6307373046875,123.45072174072266,123.54267120361328,8664064
2025-12-26 10:30:00+00:00,123.5609359741211,123.6023941040039,123.51213836669922,123.55998992919922,9783040
2025-12-26 10:45:00+00:00,123.56581115722656,123.73368835449219,123.56581115722656,123.68746948242188,7030784
2025-12-26 11:00:00+00:00,123.6896743774414,123.6896743774414,123.4690170288086,123.4690170288086,2364928
2025-12-26 11:15:00+00:00,123.46577453613281,123.46577453613281,123.37870788574219,123.40966796875,6327296
2025-12-26 11:30:00+00:00,123.42452239990234,123.535888671875,123.42185974121094,123.42185974121094,7057152
2025-12-26 11:45:00+00:00,123.42526245117188,123.77648162841797,123.41077423095703,123.74063873291016,17024512
2025-12-26 12:00:00+00:00,123.73674774169922,123.85617065429688,123.73674774169922,123.8517837524414,17257728
2025-12-26 12:15:00+00:00,123.85783386230469,123.8841323852539,123.73835754394531,123.87928009033203,6984704
2025-12-26 12:30:00+00:00,123.88255310058594,123.88255310058594,123.80310821533203,123.8095703125,5451008
2025-12-26 12:45:00+00:00,123.80425262451172,123.94377899169922,123.80425262451172,123.91223907470703,17384960
2025-12-26 13:00:00+00:00,123.90924072265625,124.09858703613281,123.88746643066406,124.08807373046875,12384512
2025-12-26 13:15:00+00:00,124.09169006347656,124.16002655029297,124.02125549316406,124.07500457763672,13177344
2025-12-26 13:30:00+00:00,124.05767059326172,124.14559173583984,123.99891662597656,124.12102508544922,12336640
2025-12-26 13:45:00+00:00,124.11936950683594,124.8955078125,124.09903717041016,124.85935974121094,68210688
2025-12-26 14:00:00+00:00,124.84747314453125,124.84747314453125,124.53311920166016,124.64927673339844,18218752
2025-12-26 14:15:00+00:00,124.63953399658203,124.7574691772461,124.57109069824219,124.66531372070312,23720704
2025-12-26 14:30:00+00:00,124.63999938964844,124.63999938964844,123.75361633300781,123.75650024414062,52788224
2025-12-26 14:45:00+00:00,123.78146362304688,123.78146362304688,122.2911376953125,122.41857147216797,132172544
2025-12-26 15:00:00+00:00,122.3484115600586,122.3484115600586,121.05611419677734,121.05611419677734,142050560
2025-12-26 15:15:00+00:00,121.05794525146484,121.32218170166016,120.7578125,121.0953369140625,101970688
2025-12-26 15:30:00+00:00,121.13249206542969,121.49079132080078,121.13249206542969,121.30587768554688,31887872
2025-12-26 15:45:00+00:00,121.32987213134766,121.65522766113281,121.1711196899414,121.23470306396484,0
2025-12-26 16:00:00+00:00,121.31238555908203,121.76470947265625,121.31238555908203,121.70610046386719,10409216
2025-12-26 16:15:00+00:00,121.69102478027344,122.03973388671875,121.63834381103516,121.96731567382812,0
2025-12-26 16:30:00+00:00,121.98446655273438,122.03791809082031,121.87307739257812,121.91700744628906,0
2025-12-26 16:45:00+00:00,121.9101791381836,121.9101791381836,121.3533935546875,121.3533935546875,0
2025-12-26 17:00:00+00:00,121.34225463867188,121.58060455322266,121.23271942138672,121.51447296142578,4783104
2025-12-26 17:15:00+00:00,121.52719116210938,121.70601654052734,121.43954467773438,121.70162200927734,4827392
2025-12-26 17:30:00+00:00,121.73030853271484,121.99517059326172,121.73030853271484,121.99517059326172,13679360
2025-12-26 17:45:00+00:00,121.9936294555664,122.20392608642578,121.53633880615234,121.53938293457031,29241344
2025-12-26 18:00:00+00:00,121.6012954711914,121.94303894042969,121.6012954711914,121.94217681884766,0
2025-12-26 18:15:00+00:00,121.94075012207031,122.01815032958984,121.91434478759766,121.96973419189453,0
2025-12-26 18:30:00+00:00,121.96649169921875,122.0771713256836,121.90616607666016,122.0408935546875,0
2025-12-26 18:45:00+00:00,122.00325775146484,122.0843505859375,121.87529754638672,122.01103973388672,2279168
2025-12-26 19:00:00+00:00,122.00741577148438,122.14742279052734,121.99225616455078,122.11016845703125,1183744
2025-12-26 19:15:00+00:00,122.087890625,122.087890625,121.87032318115234,121.87032318115234,10005248
2025-12-26 19:30:00+00:00,121.88119506835938,122.07434844970703,121.88119506835938,122.06512451171875,10462720
2025-12-26 19:45:00+00:00,122.07666778564453,122.1346206665039,122.0093994140625,122.0244140625,11760384
2025-12-26 20:00:00+00:00,122.0871353149414,122.11984252929688,121.94090270996094,121.94281005859375,11060224
2025-12-26 20:15:00+00:00,121.96382904052734,122.0760269165039,121.89171600341797,122.0760269165039,7292160
2025-12-26 20:30:00+00:00,122.07779693603516,122.22599792480469,122.07779693603516,122.22599792480469,3396096
2025-12-26 20:45:00+00:00,122.2458267211914,122.47273254394531,122.2458267211914,122.27410125732422,15809024
2025-12-26 21:00:00+00:00,122.28228759765625,122.337890625,122.22386932373047,122.2813491821289,8737280
2025-12-26 21:15:00+00:00,122.2827377319336,122.4278564453125,122.2827377319336,122.38961791992188,11682304
2025-12-26 21:30:00+00:00,122.40070343017578,122.40070343017578,122.20306396484375,122.20306396484375,4622592
2025-12-26 21:45:00+00:00,122.19857788085938,122.21940612792969,122.08030700683594,122.08030700683594,5200896
2025-12-26 22:00:00+00:00,122.06712341308594,122.16058349609375,122.01277160644531,122.12652587890625,0
2025-12-26 22:15:00+00:00,122.09993743896484,122.09993743896484,121.8991928100586,121.93167114257812,5049856
2025-12-26 22:30:00+00:00,121.92095947265625,122.01790618896484,121.91963195800781,121.91963195800781,2132736
2025-12-26 22:45:00+00:00,121.92000579833984,122.18079376220703,121.88501739501953,122.18079376220703,0
2025-12-26 23:00:00+00:00,122.20004272460938,122.40827941894531,122.20004272460938,122.29339599609375,0
2025-12-26 23:15:00+00:00,122.29158782958984,122.29158782958984,122.19046020507812,122.20060729980469,0
2025-12-26 23:30:00+00:00,122.20321655273438,122.3628921508789,122.19609832763672,122.19609832763672,0
2025-12-26 23:45:00+00:00,122.19347381591797,122.21162414550781,122.14289093017578,122.21070098876953,0
2025-12-27 00:00:00+00:00,122.1939697265625,122.22499084472656,122.14710998535156,122.22499084472656,0
2025-12-27 00:15:00+00:00,122.19457244873047,122.19457244873047,121.91584777832031,121.91853332519531,0
2025-12-27 00:30:00+00:00,121.91168975830078,121.99614715576172,121.88103485107422,121.99614715576172,930304
2025-12-27 00:45:00+00:00,121.99858093261719,122.01274108886719,121.9406967163086,121.98983001708984,5339392
2025-12-27 01:00:00+00:00,121.98909759521484,122.01085662841797,121.92154693603516,121.93315124511719,0
2025-12-27 01:15:00+00:00,121.92943572998047,121.95185852050781,121.86198425292969,121.95185852050781,0
2025-12-27 01:30:00+00:00,121.9502182006836,122.04457092285156,121.9502182006836,122.04457092285156,0
2025-12-27 01:45:00+00:00,122.04374694824219,122.0833740234375,122.0291748046875,122.0833740234375,0
2025-12-27 02:00:00+00:00,122.09585571289062,122.2391586303711,122.09585571289062,122.2391586303711,0
2025-12-27 02:15:00+00:00,122.23765563964844,122.23945617675781,122.11628723144531,122.11799621582031,0
2025-12-27 02:30:00+00:00,122.12500762939453,122.19184875488281,122.12500762939453,122.18152618408203,0
2025-12-27 02:45:00+00:00,122.19305419921875,122.32048797607422,122.19305419921875,122.26698303222656,0
2025-12-27 03:00:00+00:00,122.26338958740234,122.30284881591797,122.26282501220703,122.30284881591797,0
2025-12-27 03:15:00+00:00,122.29178619384766,122.95933532714844,122.29178619384766,122.87493896484375,8265984
2025-12-27 03:30:00+00:00,122.87480926513672,123.07662200927734,122.87480926513672,123.07662200927734,92416
2025-12-27 03:45:00+00:00,123.09040069580078,123.51172637939453,123.09040069580078,123.44631958007812,38559744
2025-12-27 04:00:00+00:00,123.45915985107422,123.54096984863281,123.27083587646484,123.3812026977539,0
2025-12-27 04:15:00+00:00,123.37926483154297,123.38835144042969,123.13677978515625,123.14073181152344,0
2025-12-27 04:30:00+00:00,123.13665771484375,123.13665771484375,122.9291763305664,122.9291763305664,0
2025-12-27 04:45:00+00:00,122.92780303955078,123.01398468017578,122.90391540527344,122.92623901367188,0
2025-12-27 05:00:00+00:00,122.92893981933594,123.00029754638672,122.92338562011719,122.95873260498047,0
2025-12-27 05:15:00+00:00,122.96350860595703,122.99470520019531,122.95596313476562,122.9611587524414,0
2025-12-27 05:30:00+00:00,122.96672058105469,123.12059783935547,122.96672058105469,123.11509704589844,104192
2025-12-27 05:45:00+00:00,123.09937286376953,123.1419906616211,123.07501220703125,123.08673858642578,0
2025-12-27 06:00:00+00:00,123.09452056884766,123.09452056884766,122.86631774902344,122.86631774902344,0
2025-12-27 06:15:00+00:00,122.85741424560547,122.90193939208984,122.8116226196289,122.90184783935547,0
2025-12-27 06:30:00+00:00,122.9039535522461,122.9039535522461,122.81130981445312,122.88481903076172,0
2025-12-27 06:45:00+00:00,122.8845443725586,122.92263793945312,122.86067199707031,122.92263793945312,0
2025-12-27 07:00:00+00:00,122.960693359375,123.14581298828125,122.960693359375,123.1180648803711,0
2025-12-27 07:15:00+00:00,123.11807250976562,123.29120635986328,123.10323333740234,123.29020690917969,0
2025-12-27 07:30:00+00:00,123.28337860107422,123.28337860107422,123.1009750366211,123.1009750366211,0
2025-12-27 07:45:00+00:00,123.09886169433594,123.13546752929688,123.04743194580078,123.1322021484375,0
2025-12-27 08:00:00+00:00,123.1251449584961,123.22444152832031,123.10700225830078,123.17373657226562,0
2025-12-27 08:15:00+00:00,123.17365264892578,123.20584106445312,123.15457153320312,123.15544128417969,0
2025-12-27 08:30:00+00:00,123.1503677368164,123.1503677368164,123.02507781982422,123.02507781982422,0
2025-12-27 08:45:00+00:00,123.0163803100586,123.0163803100586,122.83111572265625,122.83111572265625,0
2025-12-27 09:00:00+00:00,122.83125305175781,122.9659194946289,122.78811645507812,122.9659194946289,0
2025-12-27 09:15:00+00:00,122.97402954101562,123.06658172607422,122.97402954101562,123.00628662109375,0
2025-12-27 09:30:00+00:00,123.00804138183594,123.05650329589844,122.99795532226562,123.02569580078125,0
2025-12-27 09:45:00+00:00,123.0311050415039,123.03943634033203,122.95240783691406,122.95240783691406,0
2025-12-27 10:00:00+00:00,122.94599151611328,122.97533416748047,122.9179916381836,122.97533416748047,0
2025-12-27 10:15:00+00:00,122.96156311035156,123.02467346191406,122.91254425048828,123.01765441894531,0
2025-12-27 10:30:00+00:00,122.99579620361328,122.99579620361328,122.7042007446289,122.71054077148438,3531264
2025-12-27 10:45:00+00:00,122.7149658203125,122.84020233154297,122.71021270751953,122.80996704101562,0
2025-12-27 11:00:00+00:00,122.80879974365234,122.86244201660156,122.80879974365234,122.82878875732422,0
2025-12-27 11:15:00+00:00,122.83323669433594,122.96770477294922,122.83323669433594,122.91387939453125,0
2025-12-27 11:30:00+00:00,122.91373443603516,122.97456359863281,122.88430786132812,122.90251922607422,0
2025-12-27 11:45:00+00:00,122.9035415649414,122.9701919555664,122.85901641845703,122.95979309082031,0
2025-12-27 12:00:00+00:00,122.99327087402344,123.04002380371094,122.96935272216797,122.97657775878906,0
2025-12-27 12:15:00+00:00,122.9736557006836,122.9736557006836,122.87110137939453,122.8854751586914,0
2025-12-27 12:30:00+00:00,122.8842544555664,122.91966247558594,122.84896087646484,122.90381622314453,0
2025-12-27 12:45:00+00:00,122.90241241455078,122.90650939941406,122.80740356445312,122.81163787841797,0
2025-12-27 13:00:00+00:00,122.87479400634766,123.07188415527344,122.8723373413086,123.07188415527344,0
2025-12-27 13:15:00+00:00,123.07826232910156,123.11493682861328,122.87015533447266,122.87015533447266,0
2025-12-27 13:30:00+00:00,122.8669204711914,122.9532241821289,122.85700225830078,122.9532241821289,2909696
2025-12-27 13:45:00+00:00,122.9583511352539,122.99980926513672,122.9583511352539,122.96248626708984,0
2025-12-27 14:00:00+00:00,122.95745086669922,122.95745086669922,122.83856201171875,122.8831787109375,0
2025-12-27 14:15:00+00:00,122.87516021728516,122.93456268310547,122.86088562011719,122.8778076171875,0
2025-12-27 14:30:00+00:00,122.87274169921875,123.04257202148438,122.87274169921875,123.04257202148438,0
2025-12-27 14:45:00+00:00,123.05180358886719,123.17851257324219,123.05180358886719,123.17851257324219,0
2025-12-27 15:00:00+00:00,123.18457794189453,123.23535919189453,123.18457794189453,123.22924041748047,0
2025-12-27 15:15:00+00:00,123.23670959472656,123.26516723632812,123.12317657470703,123.26516723632812,0
2025-12-27 15:30:00+00:00,123.28299713134766,123.50154876708984,123.28299713134766,123.44866943359375,0
2025-12-27 15:45:00+00:00,123.45423126220703,123.48409271240234,123.32331085205078,123.32331085205078,0
2025-12-27 16:00:00+00:00,123.31527709960938,123.31527709960938,123.24348449707031,123.24510192871094,0
2025-12-27 16:15:00+00:00,123.2438735961914,123.30699157714844,123.19551086425781,123.19551086425781,0
2025-12-27 16:30:00+00:00,123.19426727294922,123.24301147460938,123.17405700683594,123.17405700683594,0
2025-12-27 16:45:00+00:00,123.16658782958984,123.16658782958984,122.93341064453125,122.93350219726562,461312
2025-12-27 17:00:00+00:00,122.93030548095703,122.9457778930664,122.77062225341797,122.77062225341797,0
2025-12-27 17:15:00+00:00,122.77355194091797,122.89505767822266,122.77355194091797,122.89505767822266,8348800
2025-12-27 17:30:00+00:00,122.90057373046875,122.90401458740234,122.82223510742188,122.8226547241211,0
2025-12-27 17:45:00+00:00,122.85476684570312,123.3119125366211,122.85476684570312,123.3119125366211,0
2025-12-27 18:00:00+00:00,123.30708312988281,123.31951141357422,123.10122680664062,123.10122680664062,398208
2025-12-27 18:15:00+00:00,123.09949493408203,123.09949493408203,122.9749984741211,123.06976318359375,0
2025-12-27 18:30:00+00:00,123.07109069824219,123.3122787475586,123.04146575927734,123.3122787475586,3413248
2025-12-27 18:45:00+00:00,123.26649475097656,123.26649475097656,123.18090057373047,123.18090057373047,0
2025-12-27 19:00:00+00:00,123.17457580566406,123.17457580566406,123.07288360595703,123.09571075439453,0
2025-12-27 19:15:00+00:00,123.09353637695312,123.15262603759766,123.04031372070312,123.15262603759766,0
2025-12-27 19:30:00+00:00,123.16048431396484,123.30795288085938,123.16048431396484,123.18961334228516,945408
2025-12-27 19:45:00+00:00,123.1860122680664,123.1910400390625,123.1211929321289,123.1211929321289,0
2025-12-27 20:00:00+00:00,123.1392822265625,123.5461654663086,123.1392822265625,123.53394317626953,15587200
2025-12-27 20:15:00+00:00,123.53657531738281,123.63922882080078,123.53657531738281,123.57048034667969,11907328
2025-12-27 20:30:00+00:00,123.56537628173828,123.56537628173828,123.48066711425781,123.48066711425781,3631872
2025-12-27 20:45:00+00:00,123.48258209228516,123.48258209228516,123.46810150146484,123.47514343261719,0
2025-12-27 21:00:00+00:00,123.49296569824219,123.71460723876953,123.49296569824219,123.71460723876953,3275648
2025-12-27 21:15:00+00:00,123.7279281616211,124.02991485595703,123.7279281616211,123.92259979248047,25911168
2025-12-27 21:30:00+00:00,123.91744232177734,124.05504608154297,123.89085388183594,124.0432357788086,4083200
2025-12-27 21:45:00+00:00,124.04620361328125,124.35575866699219,124.04620361328125,124.35531616210938,24982272
2025-12-27 22:00:00+00:00,124.36534118652344,124.51651000976562,124.36534118652344,124.44095611572266,24771072
2025-12-27 22:15:00+00:00,124.48062896728516,124.66362762451172,124.22862243652344,124.23347473144531,40914304
2025-12-27 22:30:00+00:00,124.23550415039062,124.23550415039062,123.79920959472656,123.81808471679688,15618432
2025-12-27 22:45:00+00:00,123.80290985107422,123.97530364990234,123.76119232177734,123.97530364990234,6835584
2025-12-27 23:00:00+00:00,123.9495849609375,124.16891479492188,123.92316436767578,124.1656494140625,2725760
2025-12-27 23:15:00+00:00,124.16242980957031,124.25874328613281,124.16242980957031,124.25727844238281,3754112
2025-12-27 23:30:00+00:00,124.26594543457031,124.29493713378906,124.23204040527344,124.23204040527344,2540800
2025-12-27 23:45:00+00:00,124.23018646240234,124.72034454345703,124.20210266113281,124.64877319335938,46905472
2025-12-28 00:00:00+00:00,124.64192962646484,124.68208312988281,124.42997741699219,124.48236846923828,2725120
2025-12-28 00:15:00+00:00,124.47004699707031,124.47004699707031,124.27542877197266,124.28181457519531,0
2025-12-28 00:30:00+00:00,124.2768325805664,124.48529052734375,124.23503112792969,124.47399139404297,356096
2025-12-28 00:45:00+00:00,124.47234344482422,124.48229217529297,124.32514190673828,124.32514190673828,0
2025-12-28 01:00:00+00:00,124.32566833496094,124.49298858642578,124.32073211669922,124.39344024658203,2827520
2025-12-28 01:15:00+00:00,124.38658142089844,124.38658142089844,124.0536117553711,124.0536117553711,2041600
2025-12-28 01:30:00+00:00,124.06121826171875,124.17472839355469,124.01048278808594,124.08622741699219,16140672
2025-12-28 01:45:00+00:00,124.07637023925781,124.07637023925781,123.90576171875,123.90576171875,388224
2025-12-28 02:00:00+00:00,123.904052734375,123.94579315185547,123.86237335205078,123.94416046142578,3114240
2025-12-28 02:15:00+00:00,123.94434356689453,124.10369110107422,123.94434356689453,124.10369110107422,4737408
2025-12-28 02:30:00+00:00,124.10216522216797,124.20797729492188,124.09346008300781,124.1529541015625,7172480
2025-12-28 02:45:00+00:00,124.15748596191406,124.1783218383789,124.09606170654297,124.13054656982422,1290624
2025-12-28 03:00:00+00:00,124.12960052490234,124.17391967773438,124.1020278930664,124.1020278930664,160768
2025-12-28 03:15:00+00:00,124.05518341064453,124.05518341064453,123.94901275634766,123.9526596069336,0
2025-12-28 03:30:00+00:00,123.95135498046875,124.01573944091797,123.95135498046875,123.99922180175781,0
2025-12-28 03:45:00+00:00,123.99866485595703,124.07889556884766,123.99866485595703,124.06031799316406,0
2025-12-28 04:00:00+00:00,124.05988311767578,124.12373352050781,123.98434448242188,124.12373352050781,0
2025-12-28 04:15:00+00:00,124.12561798095703,124.16510009765625,124.11892700195312,124.16510009765625,0
2025-12-28 04:30:00+00:00,124.16584014892578,124.20616912841797,124.06379699707031,124.06977844238281,129408
2025-12-28 04:45:00+00:00,124.0687484741211,124.07147216796875,124.02083587646484,124.02362060546875,0
2025-12-28 05:00:00+00:00,124.0208969116211,124.0208969116211,123.85061645507812,123.87627410888672,1263744
2025-12-28 05:15:00+00:00,123.87051391601562,123.87051391601562,123.68002319335938,123.68956756591797,2041344
2025-12-28 05:30:00+00:00,123.68408966064453,123.79637908935547,123.68408966064453,123.75943756103516,1752576
2025-12-28 05:45:00+00:00,123.76032257080078,123.81897735595703,123.68154907226562,123.68633270263672,1896960
2025-12-28 06:00:00+00:00,123.68656921386719,123.7856216430664,123.67892456054688,123.7856216430664,1070720
2025-12-28 06:15:00+00:00,123.79662322998047,123.92635345458984,123.79662322998047,123.86026763916016,2800896
2025-12-28 06:30:00+00:00,123.88968658447266,124.02316284179688,123.88968658447266,124.02261352539062,1960832
2025-12-28 06:45:00+00:00,124.0181884765625,124.02499389648438,123.9405517578125,124.02064514160156,4286080
2025-12-28 07:00:00+00:00,124.01701354980469,124.07093811035156,123.94812774658203,124.06770324707031,7108480
2025-12-28 07:15:00+00:00,124.06568908691406,124.09825134277344,124.00984954833984,124.00984954833984,0
2025-12-28 07:30:00+00:00,124.00418853759766,124.00418853759766,123.94149017333984,123.94149017333984,0
2025-12-28 07:45:00+00:00,123.94329833984375,124.10518646240234,123.94329833984375,124.10518646240234,12827904
2025-12-28 08:00:00+00:00,124.10728454589844,124.31722259521484,124.10728454589844,124.31722259521484,4564864
2025-12-28 08:15:00+00:00,124.3182601928711,124.33458709716797,124.26849365234375,124.27020263671875,4558464
2025-12-28 08:30:00+00:00,124.26699829101562,124.43626403808594,124.26699829101562,124.4206314086914,9478784
2025-12-28 08:45:00+00:00,124.40929412841797,124.40929412841797,124.22863006591797,124.22863006591797,7311744
2025-12-28 09:00:00+00:00,124.21923065185547,124.27030944824219,124.19009399414062,124.25147247314453,748288
2025-12-28 09:15:00+00:00,124.24993896484375,124.25475311279297,124.19931030273438,124.2442626953125,2117120
2025-12-28 09:30:00+00:00,124.2481460571289,124.2481460571289,123.9643325805664,123.98161315917969,7143808
2025-12-28 09:45:00+00:00,123.9834976196289,124.00199890136719,123.96726989746094,123.97576141357422,2047872
2025-12-28 10:00:00+00:00,123.9774169921875,124.29137420654297,123.9774169921875,124.29137420654297,4299392
2025-12-28 10:15:00+00:00,124.28809356689453,124.37531280517578,124.28809356689453,124.37294006347656,7328768
2025-12-28 10:30:00+00:00,124.37504577636719,124.45479583740234,124.37504577636719,124.38497161865234,8866048
2025-12-28 10:45:00+00:00,124.38491821289062,124.44068145751953,124.38001251220703,124.42292022705078,1616768
2025-12-28 11:00:00+00:00,124.4210433959961,124.62894439697266,124.4210433959961,124.62894439697266,6466176
2025-12-28 11:15:00+00:00,124.67273712158203,124.67273712158203,124.57899475097656,124.58208465576172,5945088
2025-12-28 11:30:00+00:00,124.58158874511719,124.58659362792969,124.3676528930664,124.3676528930664,3685248
2025-12-28 11:45:00+00:00,124.37100982666016,124.52099609375,124.36998748779297,124.52099609375,2593280
2025-12-28 12:00:00+00:00,124.52037048339844,124.52731323242188,124.3981704711914,124.40068054199219,4910592
2025-12-28 12:15:00+00:00,124.42640686035156,124.45591735839844,124.38420867919922,124.41950988769531,5345408
2025-12-28 12:30:00+00:00,124.44359588623047,124.55266571044922,124.38832092285156,124.38832092285156,4663680
2025-12-28 12:45:00+00:00,124.3867416381836,124.3867416381836,124.33487701416016,124.345947265625,1554688
2025-12-28 13:00:00+00:00,124.34046936035156,124.4718017578125,124.33072662353516,124.38532257080078,9440000
2025-12-28 13:15:00+00:00,124.37645721435547,124.43773651123047,124.35590362548828,124.43083953857422,0
2025-12-28 13:30:00+00:00,124.42858123779297,124.58098602294922,124.42858123779297,124.56790161132812,3137024
2025-12-28 13:45:00+00:00,124.56678009033203,124.58167266845703,124.51976776123047,124.52885437011719,4220288
2025-12-28 14:00:00+00:00,124.52810668945312,124.65892028808594,124.52810668945312,124.65470123291016,12105984
2025-12-28 14:15:00+00:00,124.65556335449219,124.72998809814453,124.64153289794922,124.65482330322266,8968576
2025-12-28 14:30:00+00:00,124.65979766845703,124.75157165527344,124.65979766845703,124.74789428710938,13454464
2025-12-28 14:45:00+00:00,124.75331115722656,124.76168060302734,124.53077697753906,124.53077697753906,9032832
2025-12-28 15:00:00+00:00,124.54009246826172,124.75056457519531,124.49376678466797,124.75056457519531,11245440
2025-12-28 15:15:00+00:00,124.75350189208984,124.83395385742188,124.73824310302734,124.73824310302734,13346560
2025-12-28 15:30:00+00:00,124.73892974853516,124.73892974853516,124.5934066772461,124.64855194091797,2253952
2025-12-28 15:45:00+00:00,124.6426773071289,124.6426773071289,124.41047668457031,124.41047668457031,5376640
2025-12-28 16:00:00+00:00,124.40716552734375,124.4749526977539,124.3901138305664,124.41505432128906,8112640
2025-12-28 16:15:00+00:00,124.41474914550781,124.50335693359375,124.29912567138672,124.29912567138672,11805952
2025-12-28 16:30:00+00:00,124.2742919921875,124.28752136230469,124.23727416992188,124.27619934082031,8835840
2025-12-28 16:45:00+00:00,124.25277709960938,124.27796173095703,124.18185424804688,124.21949768066406,3527296
2025-12-28 17:00:00+00:00,124.2198257446289,124.51515197753906,124.2198257446289,124.51515197753906,304768
2025-12-28 17:15:00+00:00,124.53284454345703,124.62667083740234,124.53284454345703,124.58160400390625,0
2025-12-28 17:30:00+00:00,124.57600402832031,124.57600402832031,124.44087982177734,124.4456558227539,3072
2025-12-28 17:45:00+00:00,124.44883728027344,124.46119689941406,124.35334777832031,124.35334777832031,0
2025-12-28 18:00:00+00:00,124.34601593017578,124.36369323730469,124.09669494628906,124.09860229492188,4950912
2025-12-28 18:15:00+00:00,124.06230926513672,124.06230926513672,123.56999206542969,123.66608428955078,71551232
2025-12-28 18:30:00+00:00,123.65332794189453,123.71482849121094,123.65332794189453,123.66020202636719,32221568
2025-12-28 18:45:00+00:00,123.63877868652344,123.63877868652344,123.15419006347656,123.15419006347656,62585856
2025-12-28 19:00:00+00:00,123.14305877685547,123.2948226928711,123.08218383789062,123.2948226928711,54135808
2025-12-28 19:15:00+00:00,123.31095886230469,123.3344497680664,123.29512023925781,123.2955551147461,27150848
2025-12-28 19:30:00+00:00,123.28529357910156,123.31432342529297,123.24332427978516,123.26030731201172,15531904
2025-12-28 19:45:00+00:00,123.25548553466797,123.28077697753906,123.17681121826172,123.26325225830078,10437632
2025-12-28 20:00:00+00:00,123.25324249267578,123.25324249267578,123.09212493896484,123.15435791015625,0
2025-12-28 20:15:00+00:00,123.15547943115234,123.4239730834961,123.15547943115234,123.4239730834961,0
2025-12-28 20:30:00+00:00,123.42897033691406,123.51847076416016,123.42897033691406,123.51847076416016,0
2025-12-28 20:45:00+00:00,123.52471160888672,123.56234741210938,123.44480895996094,123.44480895996094,951296
2025-12-28 21:00:00+00:00,123.44306182861328,123.44306182861328,123.31380462646484,123.41342163085938,3589632
2025-12-28 21:15:00+00:00,123.43128967285156,123.65909576416016,123.43128967285156,123.65909576416016,0
2025-12-28 21:30:00+00:00,123.65644073486328,123.6850814819336,123.6419677734375,123.6826171875,17511296
2025-12-28 21:45:00+00:00,123.68611907958984,123.7343521118164,123.68611907958984,123.73248291015625,0
2025-12-28 22:00:00+00:00,123.73464965820312,123.75433349609375,123.56012725830078,123.56012725830078,0
2025-12-28 22:15:00+00:00,123.56523895263672,123.7635498046875,123.56492614746094,123.7635498046875,0
2025-12-28 22:30:00+00:00,123.76374053955078,123.76487731933594,123.63750457763672,123.67230224609375,383104
2025-12-28 22:45:00+00:00,123.69630432128906,124.1629638671875,123.69630432128906,124.15335845947266,44342400
2025-12-28 23:00:00+00:00,124.1534194946289,124.20397186279297,123.94287109375,123.94718170166016,10075904
2025-12-28 23:15:00+00:00,123.948974609375,124.26294708251953,123.948974609375,124.14485168457031,10227840
2025-12-28 23:30:00+00:00,124.15770721435547,124.55104064941406,124.13969421386719,124.55104064941406,21834112
2025-12-28 23:45:00+00:00,124.55586242675781,125.2173843383789,124.55586242675781,125.20130920410156,54587776
2025-12-29 00:00:00+00:00,125.2129135131836,125.21671295166016,125.00161743164062,125.2130126953125,27927680
2025-12-29 00:15:00+00:00,125.17808532714844,126.47366333007812,125.17715454101562,126.42271423339844,116407296
2025-12-29 00:30:00+00:00,126.44862365722656,127.7010498046875,126.44862365722656,127.1196060180664,146018048
2025-12-29 00:45:00+00:00,127.09098815917969,127.24650573730469,127.02703857421875,127.06766510009766,56693504
2025-12-29 01:00:00+00:00,127.05445098876953,127.05445098876953,126.19406127929688,126.6240234375,57779200
2025-12-29 01:15:00+00:00,126.45423889160156,126.70789337158203,126.38372802734375,126.47026062011719,46115840
2025-12-29 01:30:00+00:00,126.46815490722656,129.24176025390625,126.37040710449219,129.09161376953125,214060544
2025-12-29 01:45:00+00:00,129.0597381591797,129.0597381591797,128.73753356933594,128.73753356933594,116005888
2025-12-29 02:00:00+00:00,128.73580932617188,128.85708618164062,128.552978515625,128.78814697265625,101893376
2025-12-29 02:15:00+00:00,128.77392578125,128.85545349121094,128.19989013671875,128.38919067382812,57506304
2025-12-29 02:30:00+00:00,128.4567413330078,128.8921661376953,128.4567413330078,128.85800170898438,42163712
2025-12-29 02:45:00+00:00,128.8227996826172,128.93289184570312,128.719482421875,128.7275390625,29269248
2025-12-29 03:00:00+00:00,128.70553588867188,129.0216522216797,128.61813354492188,129.0216522216797,28944896
2025-12-29 03:15:00+00:00,129.01136779785156,129.01136779785156,128.6284942626953,128.6431884765625,43765504
2025-12-29 03:30:00+00:00,128.63485717773438,129.00250244140625,128.58880615234375,129.00250244140625,81385472
2025-12-29 03:45:00+00:00,129.0234375,129.10635375976562,128.5811767578125,128.5811767578125,111449856
2025-12-29 04:00:00+00:00,128.5710906982422,128.7360076904297,128.5220489501953,128.72779846191406,65012736
2025-12-29 04:15:00+00:00,128.72854614257812,128.7999267578125,128.59707641601562,128.59707641601562,37614336
2025-12-29 04:30:00+00:00,128.601318359375,128.87147521972656,128.601318359375,128.61221313476562,40387584
2025-12-29 04:45:00+00:00,128.54771423339844,128.64309692382812,128.33351135253906,128.5890655517578,58053376
2025-12-29 05:00:00+00:00,128.5741729736328,128.5741729736328,128.2404022216797,128.29856872558594,19983104
2025-12-29 05:15:00+00:00,128.29954528808594,128.29954528808594,128.08949279785156,128.11549377441406,21371136
2025-12-29 05:30:00+00:00,128.11705017089844,128.12591552734375,127.95857238769531,127.95857238769531,24506368
2025-12-29 05:45:00+00:00,127.96977233886719,127.99285125732422,127.56167602539062,127.62952423095703,32786688
2025-12-29 06:00:00+00:00,127.61681365966797,127.61804962158203,127.44273376464844,127.61804962158203,19821056
2025-12-29 06:15:00+00:00,127.61656951904297,127.85546875,127.61656951904297,127.79049682617188,14118400
2025-12-29 06:30:00+00:00,127.79225158691406,127.79256439208984,127.67451477050781,127.70265197753906,19147264
2025-12-29 06:45:00+00:00,127.736572265625,127.736572265625,127.59077453613281,127.59353637695312,21355520
2025-12-29 07:00:00+00:00,127.60565185546875,127.65414428710938,127.32769012451172,127.55145263671875,37433088
2025-12-29 07:15:00+00:00,127.55915069580078,127.60171508789062,127.34552764892578,127.34552764892578,29765888
2025-12-29 07:30:00+00:00,127.33413696289062,127.65325164794922,127.3041000366211,127.60443878173828,22223616
2025-12-29 07:45:00+00:00,127.59362030029297,127.78125,127.56623077392578,127.78082275390625,6778624
2025-12-29 08:00:00+00:00,127.7615737915039,127.77931213378906,127.62384796142578,127.77931213378906,12470272
2025-12-29 08:15:00+00:00,127.79824829101562,128.08084106445312,127.79824829101562,128.0387725830078,48111104
2025-12-29 08:30:00+00:00,128.0295867919922,128.0552978515625,127.93739318847656,127.9874267578125,19904000
2025-12-29 08:45:00+00:00,127.99354553222656,128.0262908935547,127.7302474975586,127.83695220947266,12796416
2025-12-29 09:00:00+00:00,127.82730865478516,127.82730865478516,127.62391662597656,127.716796875,16054272
2025-12-29 09:15:00+00:00,127.71556091308594,127.73385620117188,127.51986694335938,127.53069305419922,22310400
2025-12-29 09:30:00+00:00,127.52794647216797,127.52794647216797,126.113525390625,126.12371063232422,79777024
2025-12-29 09:45:00+00:00,126.10334777832031,126.10334777832031,125.47711181640625,125.7829818725586,102046464
2025-12-29 10:00:00+00:00,125.80841827392578,126.03319549560547,125.7100830078125,125.96382141113281,47691776
2025-12-29 10:15:00+00:00,125.95606231689453,125.95606231689453,125.72950744628906,125.76766204833984,31947008
2025-12-29 10:30:00+00:00,125.7829818725586,125.7829818725586,125.66891479492188,125.76141357421875,13074944
2025-12-29 10:45:00+00:00,125.7677001953125,125.80418395996094,125.60655975341797,125.60678100585938,16836352
2025-12-29 11:00:00+00:00,125.61190032958984,125.61190032958984,125.11201477050781,125.21540069580078,28778240
2025-12-29 11:15:00+00:00,125.21955871582031,125.28722381591797,125.20396423339844,125.20396423339844,10992128
2025-12-29 11:30:00+00:00,125.20388793945312,125.21917724609375,125.05282592773438,125.05477905273438,21992448
2025-12-29 11:45:00+00:00,125.04679107666016,125.13402557373047,125.02629089355469,125.05227661132812,15499264
2025-12-29 12:00:00+00:00,125.04878997802734,125.06047821044922,123.52442169189453,123.52442169189453,117132800
2025-12-29 12:15:00+00:00,123.5544204711914,123.67342376708984,123.13727569580078,123.67342376708984,124215808
2025-12-29 12:30:00+00:00,123.64180755615234,123.7857437133789,123.58282470703125,123.68601989746094,68704256
2025-12-29 12:45:00+00:00,123.67406463623047,123.67406463623047,123.40296936035156,123.5677719116211,34575872
2025-12-29 13:00:00+00:00,123.57205200195312,123.70469665527344,123.5285873413086,123.68437194824219,13772800
2025-12-29 13:15:00+00:00,123.69740295410156,123.84767150878906,123.69740295410156,123.70420837402344,35779584
2025-12-29 13:30:00+00:00,123.71597290039062,123.71597290039062,123.49536895751953,123.49536895751953,35879424
2025-12-29 13:45:00+00:00,123.51239013671875,123.51239013671875,122.97187805175781,123.05713653564453,50303488
2025-12-29 14:00:00+00:00,123.06182861328125,123.08985137939453,122.47666931152344,122.4853515625,60340224
2025-12-29 14:15:00+00:00,122.58880615234375,122.85733032226562,122.58880615234375,122.8357925415039,40399872
2025-12-29 14:30:00+00:00,122.87285614013672,124.09427642822266,122.87285614013672,123.51315307617188,95238144
2025-12-29 14:45:00+00:00,123.610107421875,123.93437957763672,123.56697845458984,123.56697845458984,56697856
2025-12-29 15:00:00+00:00,123.52055358886719,123.55191802978516,123.2672348022461,123.55191802978516,30209024
2025-12-29 15:15:00+00:00,123.58968353271484,123.79872131347656,123.45327758789062,123.71920013427734,12032000
2025-12-29 15:30:00+00:00,123.7023696899414,123.75720977783203,123.66442108154297,123.73448944091797,13219328
2025-12-29 15:45:00+00:00,123.73281860351562,123.73817443847656,123.41297912597656,123.46395111083984,11770368
2025-12-29 16:00:00+00:00,123.43926239013672,123.43926239013672,123.35797882080078,123.43743133544922,11017216
2025-12-29 16:15:00+00:00,123.41553497314453,123.41553497314453,122.83851623535156,122.83851623535156,16119808
2025-12-29 16:30:00+00:00,122.84192657470703,122.92655944824219,122.6561508178711,122.90199279785156,24523264
2025-12-29 16:45:00+00:00,122.9390640258789,123.44324493408203,122.9390640258789,123.42622375488281,18663936
2025-12-29 17:00:00+00:00,123.41644287109375,123.5196304321289,123.38011169433594,123.3989486694336,12729856
2025-12-29 17:15:00+00:00,123.37973022460938,123.47274780273438,123.21639251708984,123.21639251708984,14636032
2025-12-29 17:30:00+00:00,123.22261047363281,123.2567367553711,123.16751098632812,123.24803924560547,16925184
2025-12-29 17:45:00+00:00,123.2399673461914,123.66641998291016,123.2399673461914,123.6141128540039,16197632
2025-12-29 18:00:00+00:00,123.63599395751953,123.74000549316406,123.55622100830078,123.56658935546875,5675520
2025-12-29 18:15:00+00:00,123.56812286376953,123.6796646118164,123.49480438232422,123.49480438232422,0
2025-12-29 18:30:00+00:00,123.481689453125,123.481689453125,123.23379516601562,123.24322509765625,0
2025-12-29 18:45:00+00:00,123.2403335571289,123.2403335571289,123.012451171875,123.012451171875,0
2025-12-29 19:00:00+00:00,123.00735473632812,123.24287414550781,122.8782958984375,123.23324584960938,0
2025-12-29 19:15:00+00:00,123.23343658447266,123.23343658447266,123.08080291748047,123.08080291748047,0
2025-12-29 19:30:00+00:00,123.07930755615234,123.15792083740234,122.94254302978516,122.95088195800781,1633792
2025-12-29 19:45:00+00:00,122.94438171386719,122.94438171386719,122.8570327758789,122.882568359375,9125888
2025-12-29 20:00:00+00:00,122.88626861572266,123.21742248535156,122.88380432128906,123.19501495361328,7036416
2025-12-29 20:15:00+00:00,123.23310089111328,123.33448028564453,123.01373291015625,123.0163803100586,17290240
2025-12-29 20:30:00+00:00,123.01517486572266,123.01517486572266,122.87312316894531,122.88009643554688,16353280
2025-12-29 20:45:00+00:00,122.88045501708984,122.99455261230469,122.80506134033203,122.99455261230469,17875968
2025-12-29 21:00:00+00:00,123.01252746582031,123.30681610107422,123.01252746582031,123.3065414428711,7387648
2025-12-29 21:15:00+00:00,123.32859802246094,123.32963562011719,123.14080810546875,123.20562744140625,0
2025-12-29 21:30:00+00:00,123.1976547241211,123.36985778808594,123.16265869140625,123.36985778808594,105472
2025-12-29 21:45:00+00:00,123.3767318725586,123.38920593261719,123.34117889404297,123.35604095458984,0
2025-12-29 22:00:00+00:00,123.3554916381836,123.3554916381836,123.10733795166016,123.10733795166016,10240
2025-12-29 22:15:00+00:00,123.10598754882812,123.23363494873047,123.10598754882812,123.19695281982422,1445376
2025-12-29 22:30:00+00:00,123.20011138916016,123.37311553955078,123.1573257446289,123.31697845458984,1389568
2025-12-29 22:45:00+00:00,123.32816314697266,123.37450408935547,123.32816314697266,123.34358215332031,0
2025-12-29 23:00:00+00:00,123.33614349365234,123.3879165649414,123.2286605834961,123.3879165649414,0
2025-12-29 23:15:00+00:00,123.39160919189453,123.40853118896484,123.33912658691406,123.33912658691406,0
2025-12-29 23:30:00+00:00,123.3021240234375,123.3021240234375,123.14737701416016,123.14737701416016,514560
2025-12-29 23:45:00+00:00,123.14767456054688,123.14767456054688,123.09585571289062,123.12543487548828,0
2025-12-30 00:00:00+00:00,123.1246109008789,123.1567153930664,123.08494567871094,123.09866333007812,0
2025-12-30 00:15:00+00:00,123.09696960449219,123.11560821533203,123.07366943359375,123.11132049560547,0
2025-12-30 00:30:00+00:00,123.10124206542969,123.10124206542969,122.83446502685547,122.88407897949219,0
2025-12-30 00:45:00+00:00,122.8874282836914,122.94941711425781,122.8874282836914,122.9465560913086,0
2025-12-30 01:00:00+00:00,122.94842529296875,122.9551773071289,122.81604766845703,122.93731689453125,0
2025-12-30 01:15:00+00:00,122.92767333984375,122.95928192138672,122.83621978759766,122.94535827636719,0
2025-12-30 01:30:00+00:00,122.93521881103516,123.00145721435547,122.77484130859375,123.00145721435547,0
2025-12-30 01:45:00+00:00,122.99980926513672,123.22819519042969,122.99980926513672,123.13008880615234,0
2025-12-30 02:00:00+00:00,123.12564849853516,123.12564849853516,122.74557495117188,122.79045104980469,0
2025-12-30 02:15:00+00:00,122.79164123535156,123.01944732666016,122.7029800415039,122.7029800415039,0
2025-12-30 02:30:00+00:00,122.69145202636719,122.69145202636719,122.53900146484375,122.56163787841797,0
2025-12-30 02:45:00+00:00,122.76374816894531,122.81846618652344,122.70570373535156,122.81388854980469,0
2025-12-30 03:00:00+00:00,122.82230377197266,122.84038543701172,122.78938293457031,122.8012924194336,0
2025-12-30 03:15:00+00:00,122.801025390625,123.30280303955078,122.76603698730469,123.30280303955078,0
2025-12-30 03:30:00+00:00,123.31159973144531,123.3738784790039,123.26778411865234,123.27399444580078,0
2025-12-30 03:45:00+00:00,123.28370666503906,123.74026489257812,123.28370666503906,123.70601654052734,0
2025-12-30 04:00:00+00:00,123.69891357421875,123.78326416015625,123.6640625,123.70738220214844,0
2025-12-30 04:15:00+00:00,123.70787811279297,123.83993530273438,123.63966369628906,123.83993530273438,0
2025-12-30 04:30:00+00:00,123.83831024169922,123.95852661132812,123.83831024169922,123.95852661132812,6771200
2025-12-30 04:45:00+00:00,123.95694732666016,124.00006103515625,123.84869384765625,123.84880065917969,0
2025-12-30 05:00:00+00:00,123.84459686279297,123.84459686279297,123.66353607177734,123.66368103027344,0
2025-12-30 05:15:00+00:00,123.66720581054688,123.68620300292969,123.40913391113281,123.44319915771484,0
2025-12-30 05:30:00+00:00,123.43931579589844,123.43931579589844,123.13639068603516,123.18306732177734,0
2025-12-30 05:45:00+00:00,123.20250701904297,123.305908203125,123.20250701904297,123.28980255126953,0
2025-12-30 06:00:00+00:00,123.29141998291016,123.46910095214844,123.26400756835938,123.46712493896484,0
2025-12-30 06:15:00+00:00,123.4918441772461,123.77848815917969,123.4918441772461,123.56072998046875,0
2025-12-30 06:30:00+00:00,123.56604766845703,123.68687438964844,123.54386901855469,123.68687438964844,0
2025-12-30 06:45:00+00:00,123.76791381835938,123.83760070800781,123.73096466064453,123.73096466064453,0
2025-12-30 07:00:00+00:00,123.73704528808594,123.97431945800781,123.73704528808594,123.89774322509766,0
2025-12-30 07:15:00+00:00,123.90843963623047,123.98043060302734,123.70150756835938,123.74787139892578,1026048
2025-12-30 07:30:00+00:00,123.75067901611328,124.09331512451172,123.73572540283203,124.09331512451172,8097536
2025-12-30 07:45:00+00:00,124.05167388916016,124.05167388916016,123.88997650146484,123.88997650146484,4248576
2025-12-30 08:00:00+00:00,123.89116668701172,124.78575897216797,123.87371063232422,124.78575897216797,32041472
2025-12-30 08:15:00+00:00,124.7899398803711,124.91825103759766,124.50021362304688,124.52104949951172,28100864
2025-12-30 08:30:00+00:00,124.51361846923828,124.74361419677734,124.47027587890625,124.74320220947266,2952960
2025-12-30 08:45:00+00:00,124.7464370727539,124.76197814941406,124.60877990722656,124.61538696289062,1122304
2025-12-30 09:00:00+00:00,124.6165771484375,124.72588348388672,124.53565216064453,124.70426940917969,4923648
2025-12-30 09:15:00+00:00,124.69707489013672,124.69707489013672,124.3853988647461,124.3853988647461,3885568
2025-12-30 09:30:00+00:00,124.3822250366211,124.44801330566406,124.33919525146484,124.38223266601562,0
2025-12-30 09:45:00+00:00,124.38928985595703,124.71735382080078,124.38928985595703,124.71735382080078,0
2025-12-30 10:00:00+00:00,124.71418762207031,124.72114562988281,124.59322357177734,124.63516235351562,0
2025-12-30 10:15:00+00:00,124.62126159667969,124.62638854980469,124.49272155761719,124.5024642944336,0
2025-12-30 10:30:00+00:00,124.50724029541016,124.57720947265625,124.46434020996094,124.57720947265625,0
2025-12-30 10:45:00+00:00,124.58938598632812,124.63995361328125,124.40684509277344,124.41349792480469,0
2025-12-30 11:00:00+00:00,124.41905975341797,124.45291137695312,124.3625259399414,124.44761657714844,0
2025-12-30 11:15:00+00:00,124.4469985961914,124.4469985961914,124.20917510986328,124.20917510986328,0
2025-12-30 11:30:00+00:00,124.20463562011719,124.30744934082031,124.16253662109375,124.21504974365234,3125248
2025-12-30 11:45:00+00:00,124.22236633300781,124.22236633300781,124.0335464477539,124.04801177978516,18151424
2025-12-30 12:00:00+00:00,124.06468963623047,124.23883819580078,124.06468963623047,124.23883819580078,0
2025-12-30 12:15:00+00:00,124.23797607421875,124.41619110107422,124.23797607421875,124.37834930419922,0
2025-12-30 12:30:00+00:00,124.36671447753906,124.39271545410156,124.08300018310547,124.08300018310547,0
2025-12-30 12:45:00+00:00,124.08336639404297,124.11148834228516,123.98577117919922,124.08377838134766,0
2025-12-30 13:00:00+00:00,124.09675598144531,124.12483978271484,124.01243591308594,124.01243591308594,1639168
2025-12-30 13:15:00+00:00,124.0125732421875,124.20787048339844,124.01040649414062,124.18836975097656,208384
2025-12-30 13:30:00+00:00,124.1900634765625,124.1900634765625,123.92298126220703,124.08710479736328,3208448
2025-12-30 13:45:00+00:00,124.09207153320312,124.20487213134766,124.09207153320312,124.2016830444336,0
2025-12-30 14:00:00+00:00,124.11776733398438,124.36274719238281,123.71652221679688,124.36274719238281,0
2025-12-30 14:15:00+00:00,124.3133773803711,124.45670318603516,124.24785614013672,124.34539031982422,639488
2025-12-30 14:30:00+00:00,124.33277130126953,124.33277130126953,123.94910430908203,123.9636001586914,0
2025-12-30 14:45:00+00:00,124.00789642333984,124.97102355957031,124.00789642333984,124.92911529541016,15702784
2025-12-30 15:00:00+00:00,124.90386962890625,124.97870635986328,124.13328552246094,124.21434783935547,19613952
2025-12-30 15:15:00+00:00,124.19973754882812,124.38064575195312,124.14356231689453,124.38064575195312,18515968
2025-12-30 15:30:00+00:00,124.36780548095703,124.51309967041016,124.3360824584961,124.3744888305664,13619968
2025-12-30 15:45:00+00:00,124.4321060180664,124.94425201416016,124.4321060180664,124.94322967529297,23754496
2025-12-30 16:00:00+00:00,124.9548110961914,125.04979705810547,124.8876953125,124.97406768798828,16135680
2025-12-30 16:15:00+00:00,124.95868682861328,126.17762756347656,124.89824676513672,126.17762756347656,63507200
2025-12-30 16:30:00+00:00,126.14354705810547,126.14354705810547,125.42829132080078,125.44775390625,32831232
2025-12-30 16:45:00+00:00,125.45482635498047,125.54401397705078,125.32689666748047,125.54401397705078,18316288
2025-12-30 17:00:00+00:00,125.54653930664062,125.7874984741211,125.53714752197266,125.78397369384766,524032
2025-12-30 17:15:00+00:00,125.7485580444336,125.7485580444336,125.39168548583984,125.49372863769531,15303680
2025-12-30 17:30:00+00:00,125.46666717529297,125.46666717529297,125.25069427490234,125.25247192382812,1513984
2025-12-30 17:45:00+00:00,125.2499771118164,125.2499771118164,124.5837631225586,124.65461730957031,33435392
2025-12-30 18:00:00+00:00,124.63676452636719,124.63676452636719,124.29745483398438,124.30050659179688,8454656
2025-12-30 18:15:00+00:00,124.29659271240234,124.42810821533203,124.29659271240234,124.31876373291016,30456832
2025-12-30 18:30:00+00:00,124.32379913330078,124.48091125488281,124.3151626586914,124.39763641357422,15251968
2025-12-30 18:45:00+00:00,124.40370178222656,124.42861938476562,124.24557495117188,124.42321014404297,12549888
2025-12-30 19:00:00+00:00,124.4307861328125,124.4307861328125,123.87677764892578,123.94213104248047,13496064
2025-12-30 19:15:00+00:00,123.93968200683594,124.26580810546875,123.8996353149414,124.26580810546875,35446528
2025-12-30 19:30:00+00:00,124.28526306152344,124.51502990722656,124.28526306152344,124.44487762451172,4806912
2025-12-30 19:45:00+00:00,124.44644927978516,124.51762390136719,124.3197021484375,124.51762390136719,7233536
2025-12-30 20:00:00+00:00,124.53107452392578,124.57583618164062,124.41132354736328,124.4542236328125,0
2025-12-30 20:15:00+00:00,124.43904113769531,124.62733459472656,124.43904113769531,124.46029663085938,0
2025-12-30 20:30:00+00:00,124.4568862915039,124.4568862915039,124.21195983886719,124.21195983886719,3436032
2025-12-30 20:45:00+00:00,124.19392395019531,124.19392395019531,123.82328033447266,123.82521057128906,0
2025-12-30 21:00:00+00:00,123.85160827636719,123.9622802734375,123.85160827636719,123.8833999633789,3587328
2025-12-30 21:15:00+00:00,123.88614654541016,123.88614654541016,123.77505493164062,123.77505493164062,19445760
2025-12-30 21:30:00+00:00,123.74893951416016,123.78388214111328,123.5049057006836,123.51998901367188,21488128
2025-12-30 21:45:00+00:00,123.58642578125,123.8132095336914,123.58642578125,123.7630386352539,14436096
2025-12-30 22:00:00+00:00,123.76417541503906,124.0761489868164,123.76417541503906,124.0761489868164,4014592
2025-12-30 22:15:00+00:00,124.0877456665039,124.36734771728516,124.0877456665039,124.36734771728516,3744000
2025-12-30 22:30:00+00:00,124.368896484375,124.42341613769531,124.05514526367188,124.05514526367188,772608
2025-12-30 22:45:00+00:00,124.05531311035156,124.21143341064453,124.04447937011719,124.20405578613281,10004736
2025-12-30 23:00:00+00:00,124.22222137451172,124.33904266357422,124.22222137451172,124.30717468261719,6032384
2025-12-30 23:15:00+00:00,124.3155288696289,124.57242584228516,124.24478149414062,124.57242584228516,20793344
2025-12-30 23:30:00+00:00,124.59204864501953,124.69621276855469,124.59204864501953,124.69474792480469,9074688
2025-12-30 23:45:00+00:00,124.69941711425781,124.9454574584961,124.69941711425781,124.9454574584961,15684608
2025-12-31 00:00:00+00:00,124.76837921142578,124.7759780883789,124.66143798828125,124.67924499511719,4848128
2025-12-31 00:15:00+00:00,124.68128967285156,124.7284164428711,124.51839447021484,124.55160522460938,21931520
2025-12-31 00:30:00+00:00,124.57247924804688,124.79263305664062,124.54852294921875,124.74231719970703,23442688
2025-12-31 00:45:00+00:00,124.74446105957031,124.81919860839844,124.73863983154297,124.7568588256836,12180480
2025-12-31 01:00:00+00:00,124.75656127929688,124.95850372314453,124.75656127929688,124.95850372314453,13396736
2025-12-31 01:15:00+00:00,124.97514343261719,125.52113342285156,124.97514343261719,125.4705581665039,34090240
2025-12-31 01:30:00+00:00,125.4740982055664,125.72093963623047,125.4740982055664,125.64604187011719,26522368
2025-12-31 01:45:00+00:00,125.61925506591797,125.61925506591797,125.39566802978516,125.40328979492188,16092416
2025-12-31 02:00:00+00:00,125.400390625,125.45050811767578,125.3044204711914,125.45050811767578,1133824
2025-12-31 02:15:00+00:00,125.46160888671875,125.68338012695312,125.46160888671875,125.5249252319336,16300800
2025-12-31 02:30:00+00:00,125.53208923339844,125.5818862915039,125.39051818847656,125.39051818847656,6089216
2025-12-31 02:45:00+00:00,125.38982391357422,125.8025894165039,125.38982391357422,125.8025894165039,19506176
2025-12-31 03:00:00+00:00,125.81189727783203,125.834228515625,125.75057220458984,125.75556945800781,12937984
2025-12-31 03:15:00+00:00,125.74496459960938,125.74496459960938,125.37910461425781,125.37910461425781,4333056
2025-12-31 03:30:00+00:00,125.38056182861328,125.38056182861328,125.13501739501953,125.1352767944336,1463552
2025-12-31 03:45:00+00:00,125.24307250976562,125.56465148925781,125.24307250976562,125.56465148925781,1618944
2025-12-31 04:00:00+00:00,125.5726089477539,125.7021484375,125.38880920410156,125.41651153564453,0
2025-12-31 04:15:00+00:00,125.41024780273438,125.4634017944336,125.36302947998047,125.38710021972656,128256
2025-12-31 04:30:00+00:00,125.40830993652344,125.60511016845703,125.40830993652344,125.60057830810547,69632
2025-12-31 04:45:00+00:00,125.59648132324219,125.59648132324219,125.35599517822266,125.35599517822266,946944
2025-12-31 05:00:00+00:00,125.35511779785156,125.51847839355469,125.30320739746094,125.45695495605469,0
2025-12-31 05:15:00+00:00,125.45663452148438,125.45663452148438,125.350830078125,125.44644927978516,2210304
2025-12-31 05:30:00+00:00,125.45814514160156,125.48261260986328,125.37195587158203,125.43138885498047,188416
2025-12-31 05:45:00+00:00,125.44539642333984,125.5444564819336,125.44539642333984,125.50967407226562,4739328
2025-12-31 06:00:00+00:00,125.50395202636719,125.63561248779297,125.48895263671875,125.63561248779297,1835264
2025-12-31 06:15:00+00:00,125.6351318359375,125.67478942871094,125.58573150634766,125.67478942871094,6252544
2025-12-31 06:30:00+00:00,125.69830322265625,125.78855895996094,125.69830322265625,125.75611877441406,16914176
2025-12-31 06:45:00+00:00,125.75963592529297,125.84950256347656,125.7448501586914,125.74520111083984,9482496
2025-12-31 07:00:00+00:00,125.74636840820312,125.74636840820312,125.66983795166016,125.68693542480469,1433088
2025-12-31 07:15:00+00:00,125.68846130371094,125.70315551757812,125.59864807128906,125.70106506347656,894976
2025-12-31 07:30:00+00:00,125.69837188720703,125.73635864257812,125.65958404541016,125.6978988647461,3429376
2025-12-31 07:45:00+00:00,125.70012664794922,125.81149291992188,125.69476318359375,125.81124877929688,7278592
2025-12-31 08:00:00+00:00,125.8117446899414,126.03032684326172,125.80931091308594,125.96477508544922,0
2025-12-31 08:15:00+00:00,125.9620132446289,125.9620132446289,125.83828735351562,125.83863067626953,0
2025-12-31 08:30:00+00:00,125.83847045898438,125.83847045898438,125.36603546142578,125.36603546142578,0
2025-12-31 08:45:00+00:00,125.37364959716797,125.3835220336914,125.3534927368164,125.37026977539062,2187776
2025-12-31 09:00:00+00:00,125.3707504272461,125.6063461303711,125.3707504272461,125.59321594238281,0
2025-12-31 09:15:00+00:00,125.5956039428711,125.6875991821289,125.5956039428711,125.68684387207031,0
2025-12-31 09:30:00+00:00,125.67742156982422,125.79796600341797,125.62406158447266,125.79796600341797,0
2025-12-31 09:45:00+00:00,125.79557800292969,126.02943420410156,125.79557800292969,126.02943420410156,3061504
2025-12-31 10:00:00+00:00,126.02580261230469,126.1888656616211,126.02580261230469,126.18101501464844,6992896
2025-12-31 10:15:00+00:00,126.17184448242188,126.17184448242188,125.95942687988281,125.95942687988281,12101632
2025-12-31 10:30:00+00:00,125.95996856689453,125.97171020507812,125.94883728027344,125.956298828125,9606656
2025-12-31 10:45:00+00:00,125.96248626708984,126.11544036865234,125.96248626708984,126.11544036865234,4244992
2025-12-31 11:00:00+00:00,126.12310028076172,126.23081970214844,126.12310028076172,126.23081970214844,3166976
2025-12-31 11:15:00+00:00,126.22046661376953,126.22046661376953,126.1460189819336,126.20924377441406,7221504
2025-12-31 11:30:00+00:00,126.2132339477539,126.45507049560547,126.2132339477539,126.45507049560547,15320064
2025-12-31 11:45:00+00:00,126.48487854003906,126.55706787109375,126.48487854003906,126.55230712890625,832256
2025-12-31 12:00:00+00:00,126.56791687011719,126.56791687011719,126.47138977050781,126.47543334960938,0
2025-12-31 12:15:00+00:00,126.46964263916016,126.47185516357422,126.40164184570312,126.42149353027344,782336
2025-12-31 12:30:00+00:00,126.4149398803711,126.53711700439453,126.25841522216797,126.25841522216797,6898176
2025-12-31 12:45:00+00:00,126.25404357910156,126.25404357910156,126.04631042480469,126.058349609375,5659136
2025-12-31 13:00:00+00:00,126.05736541748047,126.08383178710938,126.0107192993164,126.02037048339844,0
2025-12-31 13:15:00+00:00,126.01710510253906,126.27486419677734,126.01710510253906,126.25396728515625,592640
2025-12-31 13:30:00+00:00,126.21996307373047,126.21996307373047,125.8656234741211,125.88017272949219,1341952
2025-12-31 13:45:00+00:00,125.8775405883789,126.19513702392578,125.87017822265625,126.0743637084961,9773824
2025-12-31 14:00:00+00:00,126.09514617919922,127.1004638671875,126.09514617919922,126.95999145507812,11859968
2025-12-31 14:15:00+00:00,126.95392608642578,126.95392608642578,126.4471435546875,126.45600128173828,21342208
2025-12-31 14:30:00+00:00,126.44470977783203,126.44470977783203,125.81909942626953,125.81909942626953,13722112
2025-12-31 14:45:00+00:00,125.78943634033203,125.78943634033203,125.44062805175781,125.5009994506836,9855488
2025-12-31 15:00:00+00:00,125.51828002929688,125.5583724975586,125.17937469482422,125.20796203613281,9243136
2025-12-31 15:15:00+00:00,125.22502899169922,125.22502899169922,125.01522064208984,125.20348358154297,54830848
2025-12-31 15:30:00+00:00,125.17928314208984,125.31163024902344,124.95885467529297,125.28581237792969,25672960
2025-12-31 15:45:00+00:00,125.27407836914062,125.53909301757812,125.27407836914062,125.53895568847656,14322688
2025-12-31 16:00:00+00:00,125.51231384277344,125.51231384277344,125.13986206054688,125.16683197021484,428800
2025-12-31 16:15:00+00:00,125.16341400146484,125.43374633789062,125.16341400146484,125.26646423339844,1290752
2025-12-31 16:30:00+00:00,125.25818634033203,125.25818634033203,124.73880004882812,124.73880004882812,1630208
2025-12-31 16:45:00+00:00,124.7609634399414,124.7609634399414,124.34416198730469,124.68452453613281,24075264
2025-12-31 17:00:00+00:00,124.68490600585938,124.69979858398438,124.48745727539062,124.48745727539062,4448000
2025-12-31 17:15:00+00:00,124.49009704589844,124.958740234375,124.48110961914062,124.93939208984375,3637504
2025-12-31 17:30:00+00:00,124.91426086425781,124.91426086425781,124.58670806884766,124.59620666503906,10182912
2025-12-31 17:45:00+00:00,124.60277557373047,124.80474853515625,124.60277557373047,124.77607727050781,0
2025-12-31 18:00:00+00:00,124.78895568847656,125.19529724121094,124.78895568847656,125.18408203125,3099392
2025-12-31 18:15:00+00:00,125.16827392578125,125.26815795898438,125.14323425292969,125.26482391357422,0
2025-12-31 18:30:00+00:00,125.26107025146484,125.26302337646484,124.99528503417969,124.99528503417969,709120
2025-12-31 18:45:00+00:00,125.00469207763672,125.033203125,124.57044982910156,124.62708282470703,523008
2025-12-31 19:00:00+00:00,124.62461853027344,124.9398193359375,124.62451934814453,124.89830017089844,0
2025-12-31 19:15:00+00:00,124.8911361694336,124.8911361694336,124.7550277709961,124.7550277709961,0
2025-12-31 19:30:00+00:00,124.75224304199219,124.76477813720703,124.56752014160156,124.56752014160156,1965824
2025-12-31 19:45:00+00:00,124.5586166381836,124.5586166381836,124.3424072265625,124.38594818115234,4332032
2025-12-31 20:00:00+00:00,124.35926818847656,124.35926818847656,124.02139282226562,124.02139282226562,29453824
2025-12-31 20:15:00+00:00,124.02311706542969,124.02311706542969,123.91120910644531,123.97650146484375,114895104
2025-12-31 20:30:00+00:00,124.00496673583984,124.25707244873047,123.51335906982422,123.53054809570312,357035776
2025-12-31 20:45:00+00:00,123.5342788696289,124.05305480957031,123.47400665283203,124.04365539550781,86468096
2025-12-31 21:00:00+00:00,123.99787139892578,124.11705017089844,123.98648834228516,123.99029541015625,21532672
2025-12-31 21:15:00+00:00,124.0000991821289,124.07123565673828,123.9837875366211,124.01785278320312,1530880
2025-12-31 21:30:00+00:00,124.00548553466797,124.06000518798828,123.86084747314453,124.06000518798828,30521088
2025-12-31 21:45:00+00:00,124.05390930175781,124.11724090576172,124.01485443115234,124.07872772216797,9836800
2025-12-31 22:00:00+00:00,124.08769989013672,124.31729125976562,124.08769989013672,124.31729125976562,5465856
2025-12-31 22:15:00+00:00,124.3608169555664,124.84153747558594,124.3608169555664,124.84153747558594,19604480
2025-12-31 22:30:00+00:00,124.84642028808594,124.8613510131836,124.71014404296875,124.71014404296875,18534400
2025-12-31 22:45:00+00:00,124.70066833496094,124.70066833496094,124.63006591796875,124.63084411621094,6281472
2025-12-31 23:00:00+00:00,124.64064025878906,124.78605651855469,124.64064025878906,124.78605651855469,378112
2025-12-31 23:15:00+00:00,124.78932189941406,124.79596710205078,124.75096130371094,124.75096130371094,1236992
2025-12-31 23:30:00+00:00,124.75004577636719,124.75004577636719,124.6126480102539,124.6396484375,0
2025-12-31 23:45:00+00:00,124.58748626708984,124.58748626708984,124.48780059814453,124.48942565917969,0
2026-01-01 00:00:00+00:00,124.48128509521484,124.7682876586914,124.47052001953125,124.75240325927734,2397184
2026-01-01 00:15:00+00:00,124.74561309814453,124.883544921875,124.66326141357422,124.883544921875,0
2026-01-01 00:30:00+00:00,124.86469268798828,124.9480972290039,124.86469268798828,124.91021728515625,0
2026-01-01 00:45:00+00:00,124.90746307373047,124.95647430419922,124.88035583496094,124.95053100585938,0
2026-01-01 01:00:00+00:00,124.94490051269531,125.40167236328125,124.94490051269531,125.40167236328125,4904704
2026-01-01 01:15:00+00:00,125.38866424560547,125.45573425292969,125.2975082397461,125.2975082397461,0
2026-01-01 01:30:00+00:00,125.29603576660156,125.3041763305664,125.09842681884766,125.20208740234375,0
2026-01-01 01:45:00+00:00,125.25348663330078,125.25348663330078,125.01017761230469,125.01017761230469,0
2026-01-01 02:00:00+00:00,125.00753784179688,125.00753784179688,124.7591323852539,124.87088012695312,2994176
2026-01-01 02:15:00+00:00,124.86378479003906,124.86378479003906,124.68389892578125,124.68824005126953,0
2026-01-01 02:30:00+00:00,124.69022369384766,124.8906478881836,124.67951202392578,124.8906478881836,7090688
2026-01-01 02:45:00+00:00,124.86094665527344,124.90604400634766,124.84902954101562,124.90604400634766,0
2026-01-01 03:00:00+00:00,124.93756103515625,125.00833892822266,124.9358901977539,125.00833892822266,0
2026-01-01 03:15:00+00:00,125.00997161865234,125.07410430908203,125.00997161865234,125.01744079589844,0
2026-01-01 03:30:00+00:00,125.01692962646484,125.14617156982422,124.99425506591797,125.1455307006836,0
2026-01-01 03:45:00+00:00,125.14326477050781,125.1621322631836,124.91144561767578,124.91144561767578,763136
2026-01-01 04:00:00+00:00,124.91139221191406,124.97197723388672,124.86503601074219,124.86503601074219,0
2026-01-01 04:15:00+00:00,124.86078643798828,124.86389923095703,124.77389526367188,124.86122131347656,2915328
2026-01-01 04:30:00+00:00,124.86023712158203,124.9015121459961,124.79531860351562,124.79531860351562,232704
2026-01-01 04:45:00+00:00,124.78046417236328,124.78046417236328,124.65843963623047,124.73706817626953,0
2026-01-01 05:00:00+00:00,124.73632049560547,124.82874298095703,124.73632049560547,124.82221221923828,0
2026-01-01 05:15:00+00:00,124.82034301757812,124.82559967041016,124.79903411865234,124.82119750976562,3462656
2026-01-01 05:30:00+00:00,124.8255844116211,124.99137115478516,124.8255844116211,124.97801208496094,5233408
2026-01-01 05:45:00+00:00,124.98432922363281,125.04689025878906,124.98432922363281,125.04689025878906,73728
2026-01-01 06:00:00+00:00,125.0482406616211,125.07719421386719,124.939453125,124.9427490234375,0
2026-01-01 06:15:00+00:00,124.94697570800781,124.98118591308594,124.88631439208984,124.88631439208984,0
2026-01-01 06:30:00+00:00,124.88656616210938,124.88656616210938,124.81938934326172,124.8204345703125,0
2026-01-01 06:45:00+00:00,124.8106460571289,124.8106460571289,124.73597717285156,124.73597717285156,0
2026-01-01 07:00:00+00:00,124.73089599609375,124.74964141845703,124.6792984008789,124.6825180053711,0
2026-01-01 07:15:00+00:00,124.68025970458984,124.68025970458984,124.4104995727539,124.4104995727539,729856
2026-01-01 07:30:00+00:00,124.3977279663086,124.43778991699219,124.3610610961914,124.3610610961914,1357312
2026-01-01 07:45:00+00:00,124.3548812866211,124.3548812866211,124.11407470703125,124.11640930175781,10007040
2026-01-01 08:00:00+00:00,124.1007080078125,124.18707275390625,124.06901550292969,124.14954376220703,8172800
2026-01-01 08:15:00+00:00,124.14822387695312,124.34136199951172,124.14822387695312,124.34136199951172,11220224
2026-01-01 08:30:00+00:00,124.3400650024414,124.41155242919922,124.3400650024414,124.40545654296875,479744
2026-01-01 08:45:00+00:00,124.40070343017578,124.4456787109375,124.38748168945312,124.41551971435547,0
2026-01-01 09:00:00+00:00,124.42528533935547,124.6136703491211,124.42528533935547,124.51020812988281,9329152
2026-01-01 09:15:00+00:00,124.51115417480469,124.73458862304688,124.50491333007812,124.70183563232422,10840064
2026-01-01 09:30:00+00:00,124.70191192626953,124.845458984375,124.69677734375,124.845458984375,14785024
2026-01-01 09:45:00+00:00,124.85391998291016,124.87227630615234,124.8124771118164,124.814208984375,21765632
2026-01-01 10:00:00+00:00,124.81705474853516,125.03263854980469,124.81705474853516,125.02755737304688,3673856
2026-01-01 10:15:00+00:00,125.03026580810547,125.03026580810547,124.91251373291016,124.93522644042969,9978880
2026-01-01 10:30:00+00:00,124.93901824951172,125.02838897705078,124.89689636230469,124.89689636230469,4937984
2026-01-01 10:45:00+00:00,124.89260864257812,124.89260864257812,124.80130004882812,124.84231567382812,1380864
2026-01-01 11:00:00+00:00,124.84123992919922,124.92867279052734,124.84123992919922,124.92867279052734,0
2026-01-01 11:15:00+00:00,124.92161560058594,124.92161560058594,124.72814178466797,124.72814178466797,0
2026-01-01 11:30:00+00:00,124.73018646240234,124.746337890625,124.65752410888672,124.71136474609375,0
2026-01-01 11:45:00+00:00,124.72199249267578,124.88191223144531,124.72199249267578,124.88191223144531,0
2026-01-01 12:00:00+00:00,124.88855743408203,124.96105194091797,124.88855743408203,124.95835876464844,1434368
2026-01-01 12:15:00+00:00,124.95834350585938,124.95834350585938,124.8802261352539,124.91314697265625,2146304
2026-01-01 12:30:00+00:00,124.91020202636719,124.91020202636719,124.87513732910156,124.902587890625,0
2026-01-01 12:45:00+00:00,124.9032211303711,124.95317840576172,124.85186004638672,124.85250854492188,0
2026-01-01 13:00:00+00:00,124.85057067871094,124.85057067871094,124.75537872314453,124.77420043945312,0
2026-01-01 13:15:00+00:00,124.77303314208984,124.83106994628906,124.73445892333984,124.8037338256836,9472512
2026-01-01 13:30:00+00:00,124.80792999267578,124.91570281982422,124.80792999267578,124.82528686523438,0
2026-01-01 13:45:00+00:00,124.81441497802734,124.81441497802734,124.58468627929688,124.58468627929688,0
2026-01-01 14:00:00+00:00,124.5765151977539,124.67020416259766,124.52261352539062,124.65867614746094,0
2026-01-01 14:15:00+00:00,124.65966796875,124.65966796875,124.37026977539062,124.37026977539062,3476224
2026-01-01 14:30:00+00:00,124.35929870605469,124.52957153320312,124.3221664428711,124.46259307861328,2611200
2026-01-01 14:45:00+00:00,124.45718383789062,124.58446502685547,124.45718383789062,124.56993103027344,0
2026-01-01 15:00:00+00:00,124.56976318359375,124.57574462890625,124.48563385009766,124.48572540283203,0
2026-01-01 15:15:00+00:00,124.48722076416016,124.6513442993164,124.48722076416016,124.61824798583984,0
2026-01-01 15:30:00+00:00,124.63251495361328,124.77365112304688,124.63251495361328,124.7471694946289,0
2026-01-01 15:45:00+00:00,124.74382019042969,124.82742309570312,124.70147705078125,124.78801727294922,4019200
2026-01-01 16:00:00+00:00,124.78707122802734,124.80081176757812,124.55635070800781,124.55635070800781,0
2026-01-01 16:15:00+00:00,124.55293273925781,124.55293273925781,124.2354965209961,124.31562042236328,5565440
2026-01-01 16:30:00+00:00,124.32337188720703,124.48748016357422,124.32337188720703,124.43299865722656,0
2026-01-01 16:45:00+00:00,124.42976379394531,124.42976379394531,124.22429656982422,124.23771667480469,0
2026-01-01 17:00:00+00:00,124.24604797363281,124.41253662109375,124.2420425415039,124.41253662109375,6947584
2026-01-01 17:15:00+00:00,124.4084701538086,124.80242156982422,124.4084701538086,124.7975845336914,6697216
2026-01-01 17:30:00+00:00,124.80248260498047,125.22611236572266,124.80248260498047,125.16714477539062,61403392
2026-01-01 17:45:00+00:00,125.1193618774414,125.17276000976562,124.97332763671875,124.97557830810547,40926720
2026-01-01 18:00:00+00:00,125.00187683105469,125.13188934326172,124.94298553466797,125.13188934326172,6327040
2026-01-01 18:15:00+00:00,125.09307861328125,125.11123657226562,124.94879913330078,125.04473114013672,553728
2026-01-01 18:30:00+00:00,125.03973388671875,125.03973388671875,124.94418334960938,125.03923034667969,3262976
2026-01-01 18:45:00+00:00,125.04462432861328,125.1246109008789,125.04462432861328,125.08568572998047,0
2026-01-01 19:00:00+00:00,125.09929656982422,125.26593780517578,125.09929656982422,125.17217254638672,0
2026-01-01 19:15:00+00:00,125.09882354736328,125.1559829711914,125.085205078125,125.1559829711914,0
2026-01-01 19:30:00+00:00,125.15802764892578,125.40383911132812,125.13340759277344,125.40383911132812,2949888
2026-01-01 19:45:00+00:00,125.42064666748047,125.5593032836914,125.42064666748047,125.51242065429688,2602496
2026-01-01 20:00:00+00:00,125.50787353515625,125.62935638427734,125.47728729248047,125.48528289794922,0
2026-01-01 20:15:00+00:00,125.50121307373047,125.59086608886719,125.5005874633789,125.50320434570312,0
2026-01-01 20:30:00+00:00,125.50000762939453,125.50000762939453,125.36151123046875,125.36151123046875,0
2026-01-01 20:45:00+00:00,125.35977172851562,125.35977172851562,125.21168518066406,125.2279052734375,0
2026-01-01 21:00:00+00:00,125.22644805908203,125.40306091308594,125.22644805908203,125.40306091308594,0
2026-01-01 21:15:00+00:00,125.39999389648438,125.49604034423828,125.3982162475586,125.49604034423828,0
2026-01-01 21:30:00+00:00,125.44367218017578,125.44367218017578,125.3048095703125,125.3048095703125,0
2026-01-01 21:45:00+00:00,125.29630279541016,125.29630279541016,125.23162841796875,125.25736236572266,0
2026-01-01 22:00:00+00:00,125.25958251953125,125.48180389404297,125.25958251953125,125.41885375976562,735488
2026-01-01 22:15:00+00:00,125.4188003540039,125.4188003540039,125.32228088378906,125.3721694946289,0
2026-01-01 22:30:00+00:00,125.37950897216797,125.5627670288086,125.33672332763672,125.5627670288086,0
2026-01-01 22:45:00+00:00,125.56169128417969,125.86546325683594,125.56169128417969,125.86546325683594,1620480
2026-01-01 23:00:00+00:00,125.84159088134766,125.98253631591797,125.79595947265625,125.98253631591797,18232320
2026-01-01 23:15:00+00:00,125.95915985107422,126.72150421142578,125.95915985107422,126.72150421142578,45795328
2026-01-01 23:30:00+00:00,126.70948791503906,126.90892791748047,126.70948791503906,126.90892791748047,55208192
2026-01-01 23:45:00+00:00,126.97480773925781,126.97852325439453,126.72879028320312,126.76541137695312,33885184
2026-01-02 00:00:00+00:00,126.75862121582031,126.83805847167969,126.46517944335938,126.47854614257812,27069184
2026-01-02 00:15:00+00:00,126.48429870605469,126.61756896972656,126.48429870605469,126.55493927001953,1956352
2026-01-02 00:30:00+00:00,126.56132507324219,126.6856460571289,126.40200805664062,126.40200805664062,4680448
2026-01-02 00:45:00+00:00,126.40006256103516,126.60417175292969,126.34534454345703,126.60406494140625,5376256
2026-01-02 01:00:00+00:00,126.61164855957031,126.65973663330078,126.51268768310547,126.5877685546875,0
2026-01-02 01:15:00+00:00,126.5525131225586,126.5525131225586,126.22842407226562,126.22842407226562,29773568
2026-01-02 01:30:00+00:00,126.2251968383789,126.2251968383789,126.01405334472656,126.01405334472656,0
2026-01-02 01:45:00+00:00,126.00762176513672,126.07227325439453,125.9639892578125,126.06234741210938,1519872
2026-01-02 02:00:00+00:00,126.06218719482422,126.06218719482422,125.79972839355469,125.83796691894531,6324992
2026-01-02 02:15:00+00:00,125.8384017944336,125.85515594482422,125.80827331542969,125.84209442138672,3450624
2026-01-02 02:30:00+00:00,125.83960723876953,126.03287506103516,125.8309326171875,126.02994537353516,0
2026-01-02 02:45:00+00:00,126.030517578125,126.4240951538086,126.030517578125,126.37843322753906,10434048
2026-01-02 03:00:00+00:00,126.38599395751953,126.99515533447266,126.37591552734375,126.99515533447266,21925888
2026-01-02 03:15:00+00:00,127.26963806152344,127.26963806152344,127.03728485107422,127.0458755493164,38508544
2026-01-02 03:30:00+00:00,127.04989624023438,127.60768127441406,127.04989624023438,127.60768127441406,41022976
2026-01-02 03:45:00+00:00,127.60283660888672,127.64134979248047,127.44361877441406,127.44361877441406,32290048
2026-01-02 04:00:00+00:00,127.4456787109375,127.4456787109375,127.2279281616211,127.23033142089844,7796224
2026-01-02 04:15:00+00:00,127.20088958740234,127.20939636230469,126.95564270019531,126.95564270019531,2687232
2026-01-02 04:30:00+00:00,126.90899658203125,127.05728912353516,126.90899658203125,127.05728912353516,1275648
2026-01-02 04:45:00+00:00,127.033447265625,127.033447265625,126.88858795166016,126.88858795166016,3884800
2026-01-02 05:00:00+00:00,126.88652038574219,126.88652038574219,126.79045867919922,126.85934448242188,3075072
2026-01-02 05:15:00+00:00,126.8529052734375,126.91961669921875,126.68928527832031,126.68928527832031,5448448
2026-01-02 05:30:00+00:00,126.68408966064453,126.76263427734375,126.64049530029297,126.76263427734375,1744128
2026-01-02 05:45:00+00:00,126.77657318115234,127.1629638671875,126.77657318115234,127.1629638671875,6273280
2026-01-02 06:00:00+00:00,127.1689682006836,127.25144958496094,127.1689682006836,127.25070190429688,6254592
2026-01-02 06:15:00+00:00,127.24539184570312,127.26187896728516,127.21705627441406,127.26116943359375,7033088
2026-01-02 06:30:00+00:00,127.2556381225586,127.42231750488281,127.18038177490234,127.40741729736328,26780672
2026-01-02 06:45:00+00:00,127.38152313232422,127.38152313232422,127.2811508178711,127.2811508178711,18812160
2026-01-02 07:00:00+00:00,127.27550506591797,127.35238647460938,127.23343658447266,127.30897521972656,7104512
2026-01-02 07:15:00+00:00,127.3140640258789,127.35496520996094,127.14592742919922,127.14592742919922,0
2026-01-02 07:30:00+00:00,127.13458251953125,127.13458251953125,126.86494445800781,126.86494445800781,2926848
2026-01-02 07:45:00+00:00,126.81649017333984,126.94064331054688,126.81649017333984,126.94064331054688,0
2026-01-02 08:00:00+00:00,126.93448638916016,127.26020812988281,126.93448638916016,127.26020812988281,2900224
2026-01-02 08:15:00+00:00,127.26128387451172,127.46419525146484,127.25756072998047,127.45520782470703,5681408
2026-01-02 08:30:00+00:00,127.45386505126953,127.65864562988281,127.42621612548828,127.65864562988281,15122176
2026-01-02 08:45:00+00:00,127.66976165771484,127.76277923583984,127.65715789794922,127.74430084228516,20287232
2026-01-02 09:00:00+00:00,127.75831604003906,128.4720916748047,127.72549438476562,128.45782470703125,34271488
2026-01-02 09:15:00+00:00,128.48333740234375,128.6063690185547,128.29324340820312,128.3526611328125,48678400
2026-01-02 09:30:00+00:00,128.34707641601562,128.34707641601562,128.19642639160156,128.19642639160156,2551296
2026-01-02 09:45:00+00:00,128.24293518066406,129.32955932617188,128.24293518066406,129.23370361328125,101828608
2026-01-02 10:00:00+00:00,129.23556518554688,129.42181396484375,129.23556518554688,129.30062866210938,62074880
2026-01-02 10:15:00+00:00,129.35679626464844,129.35679626464844,128.9980010986328,128.9980010986328,30661120
2026-01-02 10:30:00+00:00,128.97927856445312,128.97927856445312,128.88665771484375,128.9424591064453,21868032
2026-01-02 10:45:00+00:00,128.93325805664062,129.0408935546875,128.91531372070312,128.91531372070312,15204608
2026-01-02 11:00:00+00:00,128.9013214111328,128.9013214111328,128.446044921875,128.44747924804688,18071552
2026-01-02 11:15:00+00:00,128.42147827148438,128.42147827148438,128.31008911132812,128.31008911132812,21013248
2026-01-02 11:30:00+00:00,128.2723846435547,128.2818603515625,128.11236572265625,128.11236572265625,22580992
2026-01-02 11:45:00+00:00,128.091552734375,128.091552734375,128.0257110595703,128.0525665283203,27761920
2026-01-02 12:00:00+00:00,128.0531768798828,128.06187438964844,127.9615249633789,128.0107421875,13587712
2026-01-02 12:15:00+00:00,128.016357421875,128.09132385253906,127.90038299560547,127.91679382324219,20205312
2026-01-02 12:30:00+00:00,127.91735076904297,128.2923583984375,127.91735076904297,128.2923583984375,19710976
2026-01-02 12:45:00+00:00,128.2886505126953,128.4126739501953,128.2886505126953,128.33555603027344,13414400
2026-01-02 13:00:00+00:00,128.33494567871094,128.33494567871094,128.26541137695312,128.26541137695312,10479872
2026-01-02 13:15:00+00:00,128.27137756347656,128.5311279296875,128.27137756347656,128.44178771972656,14765056
2026-01-02 13:30:00+00:00,128.44223022460938,128.4724884033203,128.26609802246094,128.31797790527344,12171008
2026-01-02 13:45:00+00:00,128.3421173095703,128.44468688964844,128.3421173095703,128.34439086914062,4839424
2026-01-02 14:00:00+00:00,128.3315887451172,128.4276885986328,128.1134796142578,128.1134796142578,978432
2026-01-02 14:15:00+00:00,127.95752716064453,127.95752716064453,127.22791290283203,127.62540435791016,48403456
2026-01-02 14:30:00+00:00,127.6014404296875,128.04336547851562,127.05125427246094,128.04336547851562,62154752
2026-01-02 14:45:00+00:00,128.0475311279297,129.21360778808594,128.0475311279297,128.71083068847656,112185856
2026-01-02 15:00:00+00:00,128.80458068847656,128.80458068847656,128.38600158691406,128.38600158691406,58891264
2026-01-02 15:15:00+00:00,128.2839813232422,128.35650634765625,127.64684295654297,128.00753784179688,68653312
2026-01-02 15:30:00+00:00,128.05259704589844,129.00233459472656,128.05259704589844,129.00233459472656,54692096
2026-01-02 15:45:00+00:00,129.0269775390625,129.333740234375,128.80421447753906,128.81678771972656,38087936
2026-01-02 16:00:00+00:00,128.87948608398438,129.29522705078125,128.8018035888672,129.29522705078125,27744256
2026-01-02 16:15:00+00:00,129.35301208496094,130.29273986816406,129.35301208496094,129.9916534423828,117652224
2026-01-02 16:30:00+00:00,130.10504150390625,131.38162231445312,130.10504150390625,131.11131286621094,144688128
2026-01-02 16:45:00+00:00,130.8745880126953,130.8745880126953,130.52294921875,130.6204071044922,86924032
2026-01-02 17:00:00+00:00,130.65213012695312,131.60211181640625,130.65213012695312,131.56649780273438,60504064
2026-01-02 17:15:00+00:00,131.48097229003906,131.90185546875,131.39527893066406,131.41464233398438,63228160
2026-01-02 17:30:00+00:00,131.40719604492188,131.40719604492188,131.1669158935547,131.1669158935547,0
2026-01-02 17:45:00+00:00,131.18014526367188,131.2733154296875,130.89425659179688,131.2733154296875,4567808
2026-01-02 18:00:00+00:00,131.28561401367188,131.56033325195312,131.28561401367188,131.5378875732422,7167744
2026-01-02 18:15:00+00:00,131.5641326904297,131.8060302734375,131.5641326904297,131.7380828857422,31435776
2026-01-02 18:30:00+00:00,131.7384033203125,131.7384033203125,131.0545196533203,131.07789611816406,28459008
2026-01-02 18:45:00+00:00,131.07760620117188,131.1221160888672,130.47769165039062,130.72573852539062,43250944
2026-01-02 19:00:00+00:00,130.70684814453125,130.88555908203125,130.6664581298828,130.88555908203125,15985920
2026-01-02 19:15:00+00:00,130.89862060546875,131.45176696777344,130.89862060546875,131.42648315429688,46387200
2026-01-02 19:30:00+00:00,131.41595458984375,131.6054229736328,131.41595458984375,131.59561157226562,28024832
2026-01-02 19:45:00+00:00,131.57484436035156,131.59300231933594,131.52529907226562,131.57957458496094,9719296
2026-01-02 20:00:00+00:00,131.58116149902344,131.7322998046875,131.48695373535156,131.72003173828125,11018752
2026-01-02 20:15:00+00:00,131.7748565673828,131.8024444580078,131.60279846191406,131.65478515625,25577472
2026-01-02 20:30:00+00:00,131.63671875,131.63671875,131.44354248046875,131.53921508789062,14416896
2026-01-02 20:45:00+00:00,131.53611755371094,131.53611755371094,130.9467010498047,130.97178649902344,21792768
2026-01-02 21:00:00+00:00,130.99874877929688,131.28053283691406,130.99874877929688,131.26327514648438,21758464
2026-01-02 21:15:00+00:00,131.24847412109375,131.537109375,131.19183349609375,131.537109375,13518848
2026-01-02 21:30:00+00:00,131.54388427734375,131.70802307128906,131.54388427734375,131.63026428222656,15823360
2026-01-02 21:45:00+00:00,131.7049102783203,131.9263916015625,131.69729614257812,131.79205322265625,22467072
2026-01-02 22:00:00+00:00,131.8527069091797,132.84918212890625,131.8527069091797,132.7031707763672,76843008
2026-01-02 22:15:00+00:00,132.67337036132812,132.76791381835938,132.4327392578125,132.59536743164062,32374272
2026-01-02 22:30:00+00:00,132.58126831054688,132.78396606445312,132.5532684326172,132.78396606445312,15324160
2026-01-02 22:45:00+00:00,132.80014038085938,132.96885681152344,132.69740295410156,132.69740295410156,9593856
2026-01-02 23:00:00+00:00,132.68423461914062,132.68423461914062,132.4559326171875,132.4559326171875,1777664
2026-01-02 23:15:00+00:00,132.46405029296875,132.6458282470703,132.46405029296875,132.5099639892578,0
2026-01-02 23:30:00+00:00,132.51336669921875,132.51336669921875,132.248291015625,132.248291015625,0
2026-01-02 23:45:00+00:00,132.2399444580078,132.2399444580078,131.99134826660156,132.12864685058594,3528192
2026-01-03 00:00:00+00:00,132.18087768554688,132.67361450195312,132.18087768554688,132.6503143310547,0
2026-01-03 00:15:00+00:00,132.66941833496094,132.74208068847656,132.55709838867188,132.72972106933594,16994304
2026-01-03 00:30:00+00:00,132.74755859375,132.82351684570312,132.71090698242188,132.74652099609375,1986048
2026-01-03 00:45:00+00:00,132.7396697998047,132.7620391845703,132.6438751220703,132.6438751220703,6381568
2026-01-03 01:00:00+00:00,132.6338348388672,132.65672302246094,132.46957397460938,132.65672302246094,5444096
2026-01-03 01:15:00+00:00,132.69056701660156,132.78285217285156,132.42919921875,132.4466552734375,0
2026-01-03 01:30:00+00:00,132.4500732421875,132.62445068359375,132.41802978515625,132.61753845214844,0
2026-01-03 01:45:00+00:00,132.6136016845703,132.64968872070312,132.5564727783203,132.57583618164062,1225728
2026-01-03 02:00:00+00:00,132.56863403320312,132.56863403320312,132.13182067871094,132.17742919921875,21156352
2026-01-03 02:15:00+00:00,132.1888885498047,132.70469665527344,132.1888885498047,132.70469665527344,11720192
2026-01-03 02:30:00+00:00,132.71527099609375,132.76589965820312,132.7001953125,132.7616729736328,5446144
2026-01-03 02:45:00+00:00,132.76699829101562,132.9236297607422,132.76699829101562,132.89480590820312,7244800
2026-01-03 03:00:00+00:00,132.8817901611328,132.8817901611328,132.51988220214844,132.51988220214844,0
2026-01-03 03:15:00+00:00,132.52882385253906,132.58689880371094,132.2275390625,132.2275390625,0
2026-01-03 03:30:00+00:00,132.25796508789062,132.77288818359375,132.25796508789062,132.77288818359375,0
2026-01-03 03:45:00+00:00,132.7774200439453,132.9520721435547,132.7774200439453,132.8921661376953,0
2026-01-03 04:00:00+00:00,132.82815551757812,132.83047485351562,132.52691650390625,132.52691650390625,2551296
2026-01-03 04:15:00+00:00,132.52499389648438,132.5510711669922,132.47518920898438,132.54437255859375,0
2026-01-03 04:30:00+00:00,132.53741455078125,132.53741455078125,132.3441162109375,132.34617614746094,6620160
2026-01-03 04:45:00+00:00,132.32469177246094,132.32469177246094,132.240966796875,132.28402709960938,7054848
2026-01-03 05:00:00+00:00,132.28759765625,132.41419982910156,132.28759765625,132.38356018066406,1805824
2026-01-03 05:15:00+00:00,132.36766052246094,132.36766052246094,132.21279907226562,132.21279907226562,7151104
2026-01-03 05:30:00+00:00,132.21426391601562,132.21426391601562,131.66372680664062,131.66455078125,16013312
2026-01-03 05:45:00+00:00,131.66159057617188,131.84349060058594,131.66159057617188,131.84349060058594,18430976
2026-01-03 06:00:00+00:00,131.836669921875,132.17916870117188,131.83653259277344,132.17234802246094,5637632
2026-01-03 06:15:00+00:00,132.16835021972656,132.16835021972656,131.87205505371094,131.87205505371094,3697664
2026-01-03 06:30:00+00:00,131.8677215576172,131.8677215576172,131.42298889160156,131.42298889160156,1269248
2026-01-03 06:45:00+00:00,131.3891143798828,131.3891143798828,131.15895080566406,131.1737060546875,9850880
2026-01-03 07:00:00+00:00,131.16107177734375,131.29183959960938,131.119384765625,131.119384765625,3243520
2026-01-03 07:15:00+00:00,131.1061248779297,131.1061248779297,130.19033813476562,130.19033813476562,55761920
2026-01-03 07:30:00+00:00,130.20040893554688,130.20040893554688,129.94395446777344,130.1581573486328,65650176
2026-01-03 07:45:00+00:00,130.158935546875,130.24957275390625,130.0771942138672,130.0771942138672,25870848
2026-01-03 08:00:00+00:00,130.03860473632812,130.20420837402344,129.9741973876953,130.05044555664062,7880704
2026-01-03 08:15:00+00:00,130.05335998535156,130.43112182617188,130.05335998535156,130.42259216308594,7191552
2026-01-03 08:30:00+00:00,130.43264770507812,130.72445678710938,130.43264770507812,130.72445678710938,4438528
2026-01-03 08:45:00+00:00,130.73321533203125,130.93301391601562,130.73312377929688,130.73312377929688,3155968
2026-01-03 09:00:00+00:00,130.734130859375,130.73724365234375,130.55271911621094,130.55271911621094,0
2026-01-03 09:15:00+00:00,130.5504150390625,130.67037963867188,130.46348571777344,130.67037963867188,0
2026-01-03 09:30:00+00:00,130.674072265625,131.30621337890625,130.674072265625,131.28271484375,20081664
2026-01-03 09:45:00+00:00,131.2991943359375,131.33770751953125,131.22933959960938,131.2328643798828,0
2026-01-03 10:00:00+00:00,131.21548461914062,131.21548461914062,130.9910125732422,130.9910125732422,0
2026-01-03 10:15:00+00:00,130.98394775390625,131.00186157226562,130.9310760498047,131.00186157226562,0
2026-01-03 10:30:00+00:00,130.97698974609375,131.13714599609375,130.92498779296875,131.1191864013672,0
2026-01-03 10:45:00+00:00,131.0851593017578,131.0874481201172,130.95294189453125,130.95294189453125,0
2026-01-03 11:00:00+00:00,130.9389190673828,130.9416046142578,130.64170837402344,130.64170837402344,0
2026-01-03 11:15:00+00:00,130.647705078125,130.67327880859375,130.6443634033203,130.66004943847656,0
2026-01-03 11:30:00+00:00,130.657470703125,130.71702575683594,130.53233337402344,130.7107391357422,0
2026-01-03 11:45:00+00:00,130.70994567871094,130.70994567871094,130.63250732421875,130.63250732421875,0
2026-01-03 12:00:00+00:00,130.6459503173828,130.6537628173828,130.49574279785156,130.5502166748047,0
2026-01-03 12:15:00+00:00,130.54446411132812,130.76856994628906,130.54446411132812,130.76026916503906,0
2026-01-03 12:30:00+00:00,130.76602172851562,130.76602172851562,130.6075439453125,130.6096649169922,0
2026-01-03 12:45:00+00:00,130.62400817871094,130.8074951171875,130.62400817871094,130.7995147705078,1625856
2026-01-03 13:00:00+00:00,130.8037109375,131.0179443359375,130.80133056640625,130.97201538085938,2869248
2026-01-03 13:15:00+00:00,130.9741973876953,131.2012939453125,130.9741973876953,131.1846160888672,1904384
2026-01-03 13:30:00+00:00,131.16668701171875,131.2681427001953,131.15609741210938,131.15609741210938,0
2026-01-03 13:45:00+00:00,131.15406799316406,131.23489379882812,131.09938049316406,131.19969177246094,0
2026-01-03 14:00:00+00:00,131.20289611816406,131.28256225585938,131.16476440429688,131.2685089111328,0
2026-01-03 14:15:00+00:00,131.2735137939453,131.60423278808594,131.23744201660156,131.60423278808594,0
2026-01-03 14:30:00+00:00,131.624755859375,131.93402099609375,131.624755859375,131.92787170410156,0
2026-01-03 14:45:00+00:00,131.9110107421875,131.9110107421875,131.71560668945312,131.7264862060547,0
2026-01-03 15:00:00+00:00,131.7952880859375,131.8636474609375,131.6199188232422,131.6199188232422,0
2026-01-03 15:15:00+00:00,131.61846923828125,131.61846923828125,131.5099334716797,131.59426879882812,0
2026-01-03 15:30:00+00:00,131.59400939941406,131.7012939453125,131.59400939941406,131.62680053710938,0
2026-01-03 15:45:00+00:00,131.62278747558594,131.6309051513672,131.54322814941406,131.54322814941406,0
2026-01-03 16:00:00+00:00,131.54246520996094,131.73121643066406,131.44647216796875,131.73121643066406,0
2026-01-03 16:15:00+00:00,131.73243713378906,131.74148559570312,131.5716552734375,131.6702117919922,0
2026-01-03 16:30:00+00:00,131.65528869628906,131.7874298095703,131.65528869628906,131.7874298095703,0
2026-01-03 16:45:00+00:00,131.78475952148438,131.85812377929688,131.73110961914062,131.73110961914062,0
2026-01-03 17:00:00+00:00,131.73492431640625,131.79164123535156,131.64926147460938,131.64926147460938,0
2026-01-03 17:15:00+00:00,131.6488494873047,131.77674865722656,131.62171936035156,131.77377319335938,0
2026-01-03 17:30:00+00:00,131.77598571777344,131.8932647705078,131.77598571777344,131.88526916503906,0
2026-01-03 17:45:00+00:00,131.88633728027344,131.8870086669922,131.83065795898438,131.84124755859375,0
2026-01-03 18:00:00+00:00,131.8084259033203,131.8084259033203,131.58995056152344,131.58995056152344,0
2026-01-03 18:15:00+00:00,131.58465576171875,131.94451904296875,131.58409118652344,131.94451904296875,0
2026-01-03 18:30:00+00:00,131.9503936767578,131.975341796875,131.91184997558594,131.91259765625,0
2026-01-03 18:45:00+00:00,131.9107666015625,131.98641967773438,131.89955139160156,131.89955139160156,0
2026-01-03 19:00:00+00:00,131.89971923828125,131.89971923828125,131.69493103027344,131.69493103027344,0
2026-01-03 19:15:00+00:00,131.6869659423828,131.6869659423828,131.6470184326172,131.6681671142578,0
2026-01-03 19:30:00+00:00,131.677978515625,131.73223876953125,131.677978515625,131.71205139160156,0
2026-01-03 19:45:00+00:00,131.7167205810547,131.75746154785156,131.7062225341797,131.70635986328125,0
2026-01-03 20:00:00+00:00,131.7049560546875,131.7189178466797,131.37979125976562,131.37979125976562,0
2026-01-03 20:15:00+00:00,131.38980102539062,131.4620361328125,131.37893676757812,131.4620361328125,0
2026-01-03 20:30:00+00:00,131.45498657226562,131.8160858154297,131.45498657226562,131.8142852783203,0
2026-01-03 20:45:00+00:00,131.8149871826172,131.89297485351562,131.79949951171875,131.89297485351562,0
2026-01-03 21:00:00+00:00,131.8937225341797,131.89617919921875,131.81956481933594,131.87954711914062,0
2026-01-03 21:15:00+00:00,131.89004516601562,132.50213623046875,131.89004516601562,132.5021209716797,19369984
2026-01-03 21:30:00+00:00,132.5017547607422,132.72328186035156,132.5017547607422,132.66371154785156,19457280
2026-01-03 21:45:00+00:00,132.66403198242188,132.80186462402344,132.64987182617188,132.80186462402344,0
2026-01-03 22:00:00+00:00,132.79843139648438,132.79843139648438,132.64852905273438,132.70709228515625,0
2026-01-03 22:15:00+00:00,132.6981201171875,132.94070434570312,132.67730712890625,132.92616271972656,0
2026-01-03 22:30:00+00:00,132.903076171875,133.3350372314453,132.77850341796875,133.20306396484375,32891648
2026-01-03 22:45:00+00:00,133.16586303710938,133.16586303710938,133.08230590820312,133.1587677001953,5099008
2026-01-03 23:00:00+00:00,133.19625854492188,133.3966064453125,133.1808319091797,133.1808319091797,0
2026-01-03 23:15:00+00:00,133.19659423828125,133.60301208496094,133.19659423828125,133.60073852539062,606464
2026-01-03 23:30:00+00:00,133.5972137451172,133.5972137451172,133.42745971679688,133.42745971679688,0
2026-01-03 23:45:00+00:00,133.41357421875,133.41357421875,133.29925537109375,133.29925537109375,717568
2026-01-04 00:00:00+00:00,133.31349182128906,134.46958923339844,133.30166625976562,134.38507080078125,69033728
2026-01-04 00:15:00+00:00,134.3993682861328,134.5026397705078,134.2666473388672,134.2691650390625,15996928
2026-01-04 00:30:00+00:00,134.19842529296875,134.19842529296875,133.95689392089844,133.98756408691406,28928000
2026-01-04 00:45:00+00:00,133.9927520751953,134.56707763671875,133.9927520751953,134.5607147216797,24270848
2026-01-04 01:00:00+00:00,134.55029296875,134.5546112060547,134.3531494140625,134.4815673828125,9850624
2026-01-04 01:15:00+00:00,134.481689453125,134.4989013671875,134.0248565673828,134.0248565673828,8030464
2026-01-04 01:30:00+00:00,133.945556640625,133.945556640625,133.62413024902344,133.62413024902344,23367936
2026-01-04 01:45:00+00:00,133.66407775878906,133.81573486328125,133.51205444335938,133.81573486328125,21991680
2026-01-04 02:00:00+00:00,133.8177032470703,133.9066925048828,133.6856231689453,133.6856231689453,0
2026-01-04 02:15:00+00:00,133.69512939453125,133.82565307617188,133.69512939453125,133.82032775878906,9829888
2026-01-04 02:30:00+00:00,133.82510375976562,133.85911560058594,133.7794647216797,133.7794647216797,6734592
2026-01-04 02:45:00+00:00,133.75787353515625,133.75787353515625,133.60157775878906,133.60482788085938,2870272
2026-01-04 03:00:00+00:00,133.62159729003906,133.94342041015625,133.62159729003906,133.94342041015625,844544
2026-01-04 03:15:00+00:00,133.94667053222656,134.0600128173828,133.94667053222656,134.02914428710938,0
2026-01-04 03:30:00+00:00,133.94503784179688,134.03826904296875,133.87521362304688,134.03826904296875,8614144
2026-01-04 03:45:00+00:00,134.04344177246094,134.49063110351562,134.04344177246094,134.49063110351562,24154624
2026-01-04 04:00:00+00:00,134.50482177734375,134.58523559570312,134.4144744873047,134.4776611328125,2377728
2026-01-04 04:15:00+00:00,134.4954833984375,134.6778106689453,134.4954833984375,134.54806518554688,20215040
2026-01-04 04:30:00+00:00,134.5371551513672,134.6222686767578,134.46621704101562,134.46621704101562,4594432
2026-01-04 04:45:00+00:00,134.4663848876953,134.4663848876953,134.30023193359375,134.30023193359375,3895552
2026-01-04 05:00:00+00:00,134.29429626464844,134.33261108398438,134.26318359375,134.30020141601562,710400
2026-01-04 05:15:00+00:00,134.29566955566406,134.4698944091797,134.29566955566406,134.46517944335938,0
2026-01-04 05:30:00+00:00,134.46095275878906,134.48641967773438,134.3199462890625,134.3199462890625,0
2026-01-04 05:45:00+00:00,134.3216552734375,134.45089721679688,134.31210327148438,134.45089721679688,0
2026-01-04 06:00:00+00:00,134.45364379882812,134.53477478027344,134.45364379882812,134.52992248535156,9820160
2026-01-04 06:15:00+00:00,134.53167724609375,134.67465209960938,134.4554901123047,134.539306640625,26851840
2026-01-04 06:30:00+00:00,134.52438354492188,134.52438354492188,134.01248168945312,134.01248168945312,12288768
2026-01-04 06:45:00+00:00,134.008544921875,134.008544921875,133.79356384277344,133.797607421875,16732160
2026-01-04 07:00:00+00:00,133.79669189453125,133.88145446777344,133.7362060546875,133.87741088867188,3998976
2026-01-04 07:15:00+00:00,133.86708068847656,133.86708068847656,133.74903869628906,133.7530517578125,0
2026-01-04 07:30:00+00:00,133.7591094970703,133.94654846191406,133.7591094970703,133.94654846191406,0
2026-01-04 07:45:00+00:00,133.960205078125,134.01956176757812,133.8616943359375,133.8616943359375,2565632
2026-01-04 08:00:00+00:00,133.8230438232422,133.8230438232422,133.3566436767578,133.4405059814453,13212160
2026-01-04 08:15:00+00:00,133.4388427734375,133.56072998046875,133.4186248779297,133.43441772460938,3344896
2026-01-04 08:30:00+00:00,133.4405517578125,133.90866088867188,133.43154907226562,133.90866088867188,3314176
2026-01-04 08:45:00+00:00,133.91897583007812,133.99349975585938,133.91897583007812,133.99349975585938,629248
2026-01-04 09:00:00+00:00,134.00640869140625,134.04757690429688,133.92770385742188,133.94834899902344,0
2026-01-04 09:15:00+00:00,133.95289611816406,134.21897888183594,133.95289611816406,134.00108337402344,6174464
2026-01-04 09:30:00+00:00,134.0030975341797,134.20562744140625,134.0030975341797,134.20562744140625,0
2026-01-04 09:45:00+00:00,134.2032470703125,134.2969207763672,134.19046020507812,134.21726989746094,11232000
2026-01-04 10:00:00+00:00,134.2474365234375,134.56639099121094,134.2474365234375,134.5407257080078,12404224
2026-01-04 10:15:00+00:00,134.54586791992188,134.54586791992188,134.27786254882812,134.28639221191406,9745408
2026-01-04 10:30:00+00:00,134.28363037109375,134.40570068359375,134.28363037109375,134.40570068359375,14044160
2026-01-04 10:45:00+00:00,134.44064331054688,134.68443298339844,134.44064331054688,134.6163787841797,11757568
2026-01-04 11:00:00+00:00,134.6022186279297,134.6022186279297,134.45474243164062,134.48121643066406,2846976
2026-01-04 11:15:00+00:00,134.47079467773438,134.53933715820312,134.42239379882812,134.45909118652344,6716672
2026-01-04 11:30:00+00:00,134.4550018310547,134.4550018310547,134.3440399169922,134.38555908203125,1561088
2026-01-04 11:45:00+00:00,134.38446044921875,134.38446044921875,134.2387237548828,134.31565856933594,7730688
2026-01-04 12:00:00+00:00,134.29685974121094,134.3467254638672,134.26292419433594,134.27264404296875,5886976
2026-01-04 12:15:00+00:00,134.32696533203125,134.7127227783203,134.32696533203125,134.71185302734375,18842112
2026-01-04 12:30:00+00:00,134.69639587402344,134.7252960205078,134.3716583251953,134.38687133789062,20189440
2026-01-04 12:45:00+00:00,134.3697509765625,134.3697509765625,134.23062133789062,134.23670959472656,446208
2026-01-04 13:00:00+00:00,134.23374938964844,134.23374938964844,134.1739044189453,134.22853088378906,1299968
2026-01-04 13:15:00+00:00,134.21815490722656,134.21815490722656,133.84356689453125,133.97177124023438,5081856
2026-01-04 13:30:00+00:00,133.97715759277344,134.13665771484375,133.9484100341797,134.13665771484375,11184640
2026-01-04 13:45:00+00:00,134.12451171875,134.40377807617188,134.09124755859375,134.40377807617188,6376704
2026-01-04 14:00:00+00:00,134.4027862548828,134.66001892089844,134.4027862548828,134.66001892089844,16061184
2026-01-04 14:15:00+00:00,134.6439208984375,134.6439208984375,134.40750122070312,134.40750122070312,10371584
2026-01-04 14:30:00+00:00,134.4140625,134.565185546875,134.402099609375,134.51495361328125,5265152
2026-01-04 14:45:00+00:00,134.54969787597656,134.88003540039062,134.53271484375,134.86883544921875,10726400
2026-01-04 15:00:00+00:00,134.87350463867188,135.07176208496094,134.87059020996094,135.07176208496094,23121152
2026-01-04 15:15:00+00:00,135.0996551513672,135.2080535888672,135.0996551513672,135.12892150878906,15454208
2026-01-04 15:30:00+00:00,135.138427734375,135.1521453857422,134.85206604003906,134.85206604003906,13234432
2026-01-04 15:45:00+00:00,134.785400390625,134.785400390625,134.4068603515625,134.66030883789062,29685504
2026-01-04 16:00:00+00:00,134.7493133544922,135.31771850585938,134.7493133544922,135.09608459472656,21975808
2026-01-04 16:15:00+00:00,135.0932159423828,135.09625244140625,134.9140167236328,134.9140167236328,6475520
2026-01-04 16:30:00+00:00,134.8878173828125,135.0985870361328,134.88563537597656,135.0048828125,3834112
2026-01-04 16:45:00+00:00,135.01087951660156,135.05731201171875,134.99960327148438,135.05130004882812,2761984
2026-01-04 17:00:00+00:00,135.02899169921875,135.14163208007812,135.02899169921875,135.0391082763672,4131840
2026-01-04 17:15:00+00:00,135.0406951904297,135.1541748046875,134.96278381347656,135.03553771972656,16486144
2026-01-04 17:30:00+00:00,135.0338592529297,135.1095733642578,134.97723388671875,134.97723388671875,10674944
2026-01-04 17:45:00+00:00,134.97662353515625,134.9956817626953,134.83428955078125,134.83428955078125,8909056
2026-01-04 18:00:00+00:00,134.83740234375,134.83740234375,134.4676055908203,134.4676055908203,14653696
2026-01-04 18:15:00+00:00,134.4743194580078,134.4743194580078,134.14491271972656,134.14559936523438,11355392
2026-01-04 18:30:00+00:00,134.1292724609375,134.1292724609375,133.87464904785156,134.03350830078125,29620480
2026-01-04 18:45:00+00:00,134.06466674804688,134.18682861328125,134.06466674804688,134.1173858642578,20006656
2026-01-04 19:00:00+00:00,134.10903930664062,134.10903930664062,133.23037719726562,133.2530975341797,56637952
2026-01-04 19:15:00+00:00,133.2808074951172,133.44395446777344,133.23182678222656,133.44395446777344,35691264
2026-01-04 19:30:00+00:00,133.44351196289062,133.65374755859375,133.4375762939453,133.4375762939453,14519808
2026-01-04 19:45:00+00:00,133.42837524414062,133.46066284179688,133.35255432128906,133.45535278320312,8480512
2026-01-04 20:00:00+00:00,133.45346069335938,133.77215576171875,133.4267578125,133.77215576171875,54528
2026-01-04 20:15:00+00:00,133.77737426757812,133.90963745117188,133.76449584960938,133.90963745117188,7562240
2026-01-04 20:30:00+00:00,133.90826416015625,133.98338317871094,133.90826416015625,133.97254943847656,4925184
2026-01-04 20:45:00+00:00,133.9640350341797,134.1095428466797,133.9185791015625,134.02967834472656,2185984
2026-01-04 21:00:00+00:00,134.0268096923828,134.30870056152344,133.92457580566406,134.30870056152344,6703104
2026-01-04 21:15:00+00:00,134.32728576660156,134.32728576660156,134.22506713867188,134.22506713867188,8439552
2026-01-04 21:30:00+00:00,134.1994171142578,134.1994171142578,133.79981994628906,133.79981994628906,0
2026-01-04 21:45:00+00:00,133.77882385253906,133.874755859375,133.72218322753906,133.87200927734375,735744
2026-01-04 22:00:00+00:00,133.87107849121094,134.3239288330078,133.83114624023438,134.22128295898438,2095104
2026-01-04 22:15:00+00:00,134.2216339111328,134.2216339111328,133.96463012695312,134.05148315429688,3055616
2026-01-04 22:30:00+00:00,134.05853271484375,134.08106994628906,133.85360717773438,133.85360717773438,0
2026-01-04 22:45:00+00:00,133.86549377441406,133.98553466796875,133.86549377441406,133.95498657226562,0
2026-01-04 23:00:00+00:00,134.00152587890625,134.64512634277344,134.00152587890625,134.28111267089844,12061696
2026-01-04 23:15:00+00:00,134.22518920898438,134.22518920898438,133.80282592773438,134.1013641357422,25445632
2026-01-04 23:30:00+00:00,134.077880859375,134.08731079101562,133.97132873535156,133.98646545410156,6500864
2026-01-04 23:45:00+00:00,133.9774932861328,133.9774932861328,133.79156494140625,133.877197265625,5908736
2026-01-05 00:00:00+00:00,133.9296112060547,134.38375854492188,133.9296112060547,134.38375854492188,0
2026-01-05 00:15:00+00:00,134.3838348388672,134.55810546875,134.2203826904297,134.29483032226562,7599104
2026-01-05 00:30:00+00:00,134.309814453125,134.48870849609375,134.15939331054688,134.4871826171875,8533248
2026-01-05 00:45:00+00:00,134.4925994873047,135.56556701660156,134.4925994873047,135.56556701660156,61349632
2026-01-05 01:00:00+00:00,135.45199584960938,136.1520233154297,135.380859375,136.1520233154297,72957440
2026-01-05 01:15:00+00:00,136.21591186523438,136.37721252441406,136.02540588378906,136.1488800048828,60985088
2026-01-05 01:30:00+00:00,136.1513214111328,137.30841064453125,136.14724731445312,137.12518310546875,68303360
2026-01-05 01:45:00+00:00,137.08055114746094,137.08055114746094,136.72674560546875,136.72674560546875,58527232
2026-01-05 02:00:00+00:00,136.72769165039062,136.99424743652344,136.72769165039062,136.743896484375,21717504
2026-01-05 02:15:00+00:00,136.70999145507812,136.85414123535156,135.9654541015625,135.98153686523438,23705856
2026-01-05 02:30:00+00:00,135.90167236328125,136.1905059814453,135.7777557373047,136.1905059814453,27623168
2026-01-05 02:45:00+00:00,136.2134246826172,136.796630859375,136.2134246826172,136.78538513183594,27941376
2026-01-05 03:00:00+00:00,136.78097534179688,136.89866638183594,136.78097534179688,136.83367919921875,14742016
2026-01-05 03:15:00+00:00,136.83822631835938,136.86163330078125,136.64950561523438,136.86163330078125,11404288
2026-01-05 03:30:00+00:00,136.8704071044922,137.13275146484375,136.8704071044922,136.94676208496094,12196096
2026-01-05 03:45:00+00:00,136.9434814453125,136.9434814453125,136.6288299560547,136.6288299560547,0
2026-01-05 04:00:00+00:00,136.6287078857422,136.63833618164062,136.26136779785156,136.26136779785156,9610240
2026-01-05 04:15:00+00:00,136.21548461914062,136.21548461914062,135.49127197265625,135.50265502929688,16272640
2026-01-05 04:30:00+00:00,135.49734497070312,135.49734497070312,135.23385620117188,135.23385620117188,23153664
2026-01-05 04:45:00+00:00,135.2253875732422,135.58323669433594,135.2253875732422,135.58193969726562,19546112
2026-01-05 05:00:00+00:00,135.58001708984375,135.74859619140625,135.56236267089844,135.74459838867188,10042880
2026-01-05 05:15:00+00:00,135.73101806640625,135.84767150878906,135.6824188232422,135.8392791748047,5652736
2026-01-05 05:30:00+00:00,135.84762573242188,136.12342834472656,135.8377685546875,136.07101440429688,17265408
2026-01-05 05:45:00+00:00,136.04006958007812,136.04006958007812,135.516845703125,135.516845703125,21943808
2026-01-05 06:00:00+00:00,135.516845703125,135.516845703125,135.22000122070312,135.30963134765625,8529920
2026-01-05 06:15:00+00:00,135.29586791992188,135.3987579345703,135.23178100585938,135.23178100585938,1589760
2026-01-05 06:30:00+00:00,135.2340850830078,135.3467559814453,134.93972778320312,135.34039306640625,20614656
2026-01-05 06:45:00+00:00,135.35548400878906,135.5718536376953,135.31629943847656,135.55303955078125,7026944
2026-01-05 07:00:00+00:00,135.5546875,135.5834197998047,135.2416229248047,135.33050537109375,5379328
2026-01-05 07:15:00+00:00,135.30511474609375,135.30865478515625,135.1412353515625,135.15771484375,8829440
2026-01-05 07:30:00+00:00,135.2529754638672,135.46719360351562,135.25111389160156,135.46446228027344,4370176
2026-01-05 07:45:00+00:00,135.466796875,135.5170135498047,135.3510284423828,135.3529815673828,0
2026-01-05 08:00:00+00:00,135.35531616210938,135.5194091796875,135.34034729003906,135.43760681152344,2832384
2026-01-05 08:15:00+00:00,135.58360290527344,135.7671661376953,135.58360290527344,135.72984313964844,5700608
2026-01-05 08:30:00+00:00,135.72779846191406,135.72779846191406,135.242431640625,135.242431640625,8580864
2026-01-05 08:45:00+00:00,135.23085021972656,135.35389709472656,135.22525024414062,135.29052734375,2077952
2026-01-05 09:00:00+00:00,135.2056427001953,135.2056427001953,134.88418579101562,134.96401977539062,38547456
2026-01-05 09:15:00+00:00,134.81491088867188,135.1164093017578,134.81491088867188,135.1164093017578,11044096
2026-01-05 09:30:00+00:00,135.1077117919922,135.3801727294922,135.06236267089844,135.3801727294922,14336000
2026-01-05 09:45:00+00:00,135.3859100341797,135.4877471923828,135.353271484375,135.36048889160156,6447360
2026-01-05 10:00:00+00:00,135.35842895507812,135.56690979003906,135.35842895507812,135.53274536132812,0
2026-01-05 10:15:00+00:00,135.64682006835938,135.66815185546875,135.5883026123047,135.6649169921875,10384384
2026-01-05 10:30:00+00:00,135.6511688232422,135.6511688232422,135.42457580566406,135.42774963378906,6584320
2026-01-05 10:45:00+00:00,135.43309020996094,135.85333251953125,135.43309020996094,135.85333251953125,10523648
2026-01-05 11:00:00+00:00,135.72779846191406,135.72779846191406,135.39492797851562,135.39492797851562,9391872
2026-01-05 11:15:00+00:00,135.37234497070312,135.50228881835938,135.2605438232422,135.46630859375,15247360
2026-01-05 11:30:00+00:00,135.4153289794922,135.4153289794922,135.28558349609375,135.40277099609375,17517312
2026-01-05 11:45:00+00:00,135.38893127441406,135.6747283935547,135.38893127441406,135.62777709960938,9434112
2026-01-05 12:00:00+00:00,135.6253662109375,135.65579223632812,135.5594940185547,135.60964965820312,7521280
2026-01-05 12:15:00+00:00,135.6371612548828,135.66905212402344,135.33596801757812,135.3428192138672,1184000
2026-01-05 12:30:00+00:00,135.32923889160156,135.32923889160156,135.07374572753906,135.07374572753906,1689344
2026-01-05 12:45:00+00:00,135.0790252685547,135.09481811523438,134.9928436279297,135.0583953857422,15977728
2026-01-05 13:00:00+00:00,135.06007385253906,135.1576690673828,134.95701599121094,135.1576690673828,7470848
2026-01-05 13:15:00+00:00,135.14071655273438,135.14071655273438,134.3528289794922,134.3528289794922,32253952
2026-01-05 13:30:00+00:00,134.33949279785156,134.33949279785156,133.5970916748047,133.5970916748047,77747456
2026-01-05 13:45:00+00:00,133.5810089111328,133.7367706298828,133.5810089111328,133.7367706298828,56509184
2026-01-05 14:00:00+00:00,133.7105255126953,134.05641174316406,133.37806701660156,133.39797973632812,41900544
2026-01-05 14:15:00+00:00,133.41668701171875,133.7511444091797,133.3505096435547,133.4198455810547,42374912
2026-01-05 14:30:00+00:00,133.49407958984375,134.35777282714844,133.4386749267578,134.35777282714844,92860672
2026-01-05 14:45:00+00:00,134.34939575195312,135.32928466796875,134.3058624267578,135.2495574951172,105599744
2026-01-05 15:00:00+00:00,134.97865295410156,134.97865295410156,134.43099975585938,134.44606018066406,40137472
2026-01-05 15:15:00+00:00,134.4901580810547,135.07786560058594,134.4901580810547,134.81361389160156,36114176
2026-01-05 15:30:00+00:00,134.82070922851562,136.09283447265625,134.82070922851562,136.09283447265625,58400512
2026-01-05 15:45:00+00:00,136.02955627441406,136.1690673828125,136.0072021484375,136.01925659179688,46804224
2026-01-05 16:00:00+00:00,136.06878662109375,136.0926055908203,135.59585571289062,135.6395263671875,18827008
2026-01-05 16:15:00+00:00,135.66400146484375,135.7872314453125,135.3602294921875,135.54440307617188,42768128
2026-01-05 16:30:00+00:00,135.5612030029297,135.5612030029297,135.31381225585938,135.36924743652344,26638336
2026-01-05 16:45:00+00:00,135.3507843017578,135.41403198242188,135.1506805419922,135.37559509277344,23956992
2026-01-05 17:00:00+00:00,135.3732452392578,135.43885803222656,135.27178955078125,135.31549072265625,8121856
2026-01-05 17:15:00+00:00,135.30548095703125,135.30548095703125,134.4860076904297,134.4860076904297,22790144
2026-01-05 17:30:00+00:00,134.51258850097656,135.55496215820312,134.51258850097656,135.5426788330078,39805952
2026-01-05 17:45:00+00:00,135.5358428955078,136.40811157226562,135.5358428955078,136.40811157226562,71281152
2026-01-05 18:00:00+00:00,136.41744995117188,136.50096130371094,136.11859130859375,136.12789916992188,40839680
2026-01-05 18:15:00+00:00,136.1457977294922,136.25698852539062,135.83432006835938,136.06927490234375,22552064
2026-01-05 18:30:00+00:00,136.08343505859375,136.55606079101562,136.08343505859375,136.51309204101562,12924928
2026-01-05 18:45:00+00:00,136.53598022460938,137.31533813476562,136.53598022460938,137.31533813476562,65887232
2026-01-05 19:00:00+00:00,137.29754638671875,137.51953125,137.2444610595703,137.51953125,9968128
2026-01-05 19:15:00+00:00,137.50698852539062,138.21090698242188,137.44427490234375,138.21090698242188,73033216
2026-01-05 19:30:00+00:00,138.1700439453125,138.7048797607422,138.12454223632812,138.1334991455078,76779520
2026-01-05 19:45:00+00:00,138.15771484375,138.34190368652344,138.11717224121094,138.19329833984375,60932608
2026-01-05 20:00:00+00:00,138.2126922607422,139.08444213867188,138.16835021972656,138.95167541503906,84695040
2026-01-05 20:15:00+00:00,138.97964477539062,139.1826171875,138.8736572265625,139.1826171875,42801664
2026-01-05 20:30:00+00:00,139.24172973632812,139.58779907226562,138.5101318359375,138.5101318359375,70936064
2026-01-05 20:45:00+00:00,138.53143310546875,138.53143310546875,137.85511779785156,137.85511779785156,48106496
2026-01-05 21:00:00+00:00,137.90725708007812,138.20773315429688,137.90725708007812,138.12196350097656,45000704
2026-01-05 21:15:00+00:00,138.1409454345703,138.39431762695312,138.12982177734375,138.32315063476562,17984512
2026-01-05 21:30:00+00:00,138.2528839111328,138.55999755859375,137.98182678222656,138.55999755859375,17499648
2026-01-05 21:45:00+00:00,138.5415496826172,138.5415496826172,138.4112548828125,138.46951293945312,10330112
2026-01-05 22:00:00+00:00,138.424560546875,138.44021606445312,138.356689453125,138.43540954589844,2113536
2026-01-05 22:15:00+00:00,138.45326232910156,138.9003143310547,138.45326232910156,138.70643615722656,12806144
2026-01-05 22:30:00+00:00,138.7090606689453,139.04371643066406,138.59637451171875,139.04371643066406,22294528
2026-01-05 22:45:00+00:00,139.00767517089844,139.00872802734375,138.64707946777344,138.7650146484375,18006528
2026-01-05 23:00:00+00:00,138.74436950683594,138.7952117919922,138.5896453857422,138.64215087890625,0
2026-01-05 23:15:00+00:00,138.6324462890625,138.64727783203125,138.53216552734375,138.53216552734375,230400
2026-01-05 23:30:00+00:00,138.5406951904297,138.572509765625,138.2599639892578,138.43418884277344,10774016
2026-01-05 23:45:00+00:00,138.42059326171875,138.42059326171875,137.99923706054688,137.99923706054688,0
2026-01-06 00:00:00+00:00,137.9702606201172,138.0733184814453,137.5338897705078,137.5338897705078,310272
2026-01-06 00:15:00+00:00,137.4898681640625,137.803466796875,137.38925170898438,137.803466796875,5008384
2026-01-06 00:30:00+00:00,137.8321533203125,137.91897583007812,137.01583862304688,137.01583862304688,11167232
2026-01-06 00:45:00+00:00,137.047119140625,137.6092529296875,137.047119140625,137.6092529296875,0
2026-01-06 01:00:00+00:00,137.61679077148438,137.86167907714844,137.61679077148438,137.73696899414062,0
2026-01-06 01:15:00+00:00,137.74298095703125,138.29896545410156,137.74298095703125,138.28224182128906,0
2026-01-06 01:30:00+00:00,138.3450469970703,138.3757781982422,138.04083251953125,138.04083251953125,0
2026-01-06 01:45:00+00:00,137.99786376953125,137.99786376953125,137.45037841796875,137.47311401367188,0
2026-01-06 02:00:00+00:00,137.4906005859375,137.75050354003906,137.4906005859375,137.57728576660156,0
2026-01-06 02:15:00+00:00,137.562255859375,137.90147399902344,137.562255859375,137.86183166503906,0
2026-01-06 02:30:00+00:00,137.83189392089844,137.83189392089844,137.50807189941406,137.5713653564453,145920
2026-01-06 02:45:00+00:00,137.57525634765625,137.68748474121094,137.5155792236328,137.68748474121094,0
2026-01-06 03:00:00+00:00,137.66644287109375,137.898193359375,137.6208038330078,137.84291076660156,0
2026-01-06 03:15:00+00:00,137.88050842285156,138.04974365234375,137.76571655273438,137.76710510253906,2973184
2026-01-06 03:30:00+00:00,137.79209899902344,138.42919921875,137.79209899902344,138.3660125732422,3254272
2026-01-06 03:45:00+00:00,138.36099243164062,138.38221740722656,138.3068084716797,138.3169708251953,5054976
2026-01-06 04:00:00+00:00,138.33563232421875,138.5768280029297,138.29986572265625,138.5768280029297,131584
2026-01-06 04:15:00+00:00,138.5873260498047,138.82432556152344,138.5873260498047,138.61952209472656,2873856
2026-01-06 04:30:00+00:00,138.6147003173828,138.86871337890625,138.60781860351562,138.79383850097656,7468544
2026-01-06 04:45:00+00:00,138.66339111328125,138.66339111328125,138.541748046875,138.541748046875,0
2026-01-06 05:00:00+00:00,138.457275390625,138.457275390625,138.15286254882812,138.17433166503906,13832704
2026-01-06 05:15:00+00:00,138.16893005371094,138.58541870117188,138.16880798339844,138.42124938964844,23682560
2026-01-06 05:30:00+00:00,138.6766357421875,138.98187255859375,138.6766357421875,138.8712158203125,25560576
2026-01-06 05:45:00+00:00,138.86065673828125,139.6572723388672,138.80760192871094,139.54330444335938,72241664
2026-01-06 06:00:00+00:00,139.56814575195312,139.56814575195312,139.3395538330078,139.3981475830078,16170496
2026-01-06 06:15:00+00:00,139.3981475830078,139.3981475830078,138.81228637695312,138.81228637695312,18650112
2026-01-06 06:30:00+00:00,138.9145050048828,139.2761688232422,138.9145050048828,139.2761688232422,17524736
2026-01-06 06:45:00+00:00,139.31893920898438,139.39761352539062,139.1871795654297,139.1871795654297,21274112
2026-01-06 07:00:00+00:00,139.12901306152344,139.12901306152344,138.69972229003906,138.69972229003906,3095040
2026-01-06 07:15:00+00:00,138.69615173339844,138.69615173339844,137.96115112304688,137.96115112304688,14217216
2026-01-06 07:30:00+00:00,137.89828491210938,137.89828491210938,137.60659790039062,137.60659790039062,39834112
2026-01-06 07:45:00+00:00,137.59754943847656,137.6792755126953,137.4414520263672,137.6240997314453,43363328
2026-01-06 08:00:00+00:00,137.60205078125,137.94586181640625,137.579833984375,137.9403076171875,17697280
2026-01-06 08:15:00+00:00,137.9223175048828,137.9223175048828,137.7183380126953,137.7183380126953,3624448
2026-01-06 08:30:00+00:00,137.74752807617188,137.74937438964844,137.67568969726562,137.68775939941406,4620288
2026-01-06 08:45:00+00:00,137.67156982421875,137.68739318847656,137.49838256835938,137.626953125,10983424
2026-01-06 09:00:00+00:00,137.5572509765625,137.902587890625,137.5572509765625,137.87075805664062,1468928
2026-01-06 09:15:00+00:00,137.8773651123047,138.1968994140625,137.8773651123047,138.1700897216797,11865088
2026-01-06 09:30:00+00:00,138.1686553955078,138.1686553955078,138.03529357910156,138.1364288330078,0
2026-01-06 09:45:00+00:00,138.14404296875,138.23406982421875,138.09222412109375,138.09222412109375,6495744
2026-01-06 10:00:00+00:00,137.84010314941406,137.85906982421875,137.57655334472656,137.85906982421875,34527232
2026-01-06 10:15:00+00:00,137.8601837158203,137.91358947753906,137.73504638671875,137.85122680664062,2689024
2026-01-06 10:30:00+00:00,137.8548126220703,138.0169677734375,137.8548126220703,138.0044708251953,0
2026-01-06 10:45:00+00:00,137.99781799316406,137.99781799316406,137.7734832763672,137.7734832763672,613376
2026-01-06 11:00:00+00:00,137.7263946533203,138.49652099609375,137.70431518554688,138.49652099609375,29226496
2026-01-06 11:15:00+00:00,138.4842987060547,138.8074493408203,138.4842987060547,138.7709197998047,42682368
2026-01-06 11:30:00+00:00,138.78575134277344,139.19921875,138.78575134277344,139.08741760253906,24454656
2026-01-06 11:45:00+00:00,139.10662841796875,139.4296112060547,139.047607421875,139.38462829589844,39944192
2026-01-06 12:00:00+00:00,139.42852783203125,139.42852783203125,139.28956604003906,139.28956604003906,10139136
2026-01-06 12:15:00+00:00,139.2960968017578,139.34326171875,139.22996520996094,139.24264526367188,2259456
2026-01-06 12:30:00+00:00,139.240966796875,139.240966796875,139.0696258544922,139.0696258544922,11842048
2026-01-06 12:45:00+00:00,139.04164123535156,139.0443572998047,138.9230194091797,139.00216674804688,0
2026-01-06 13:00:00+00:00,138.99937438964844,138.99937438964844,138.77471923828125,138.77471923828125,5338112
2026-01-06 13:15:00+00:00,138.9352569580078,139.1193389892578,138.9352569580078,139.059814453125,21425664
2026-01-06 13:30:00+00:00,139.04249572753906,139.06126403808594,138.89694213867188,138.89694213867188,0
2026-01-06 13:45:00+00:00,138.8865509033203,139.13909912109375,138.78118896484375,139.13909912109375,4832256
2026-01-06 14:00:00+00:00,139.11663818359375,140.17633056640625,139.11663818359375,140.17633056640625,22517248
2026-01-06 14:15:00+00:00,140.28924560546875,142.88636779785156,140.28924560546875,142.81112670898438,300722176
2026-01-06 14:30:00+00:00,142.5004119873047,142.5004119873047,142.00421142578125,142.05270385742188,96362496
2026-01-06 14:45:00+00:00,142.0145263671875,142.041015625,141.37747192382812,141.4829559326172,29020160
2026-01-06 15:00:00+00:00,141.5736541748047,141.8893280029297,141.5736541748047,141.63088989257812,20013568
2026-01-06 15:15:00+00:00,141.75575256347656,142.96473693847656,141.75575256347656,142.86825561523438,59871232
2026-01-06 15:30:00+00:00,142.99432373046875,142.99432373046875,141.54544067382812,141.63699340820312,29735424
2026-01-06 15:45:00+00:00,141.6755828857422,141.93118286132812,141.21376037597656,141.21376037597656,52533248
2026-01-06 16:00:00+00:00,141.3190460205078,141.658447265625,140.64569091796875,140.66061401367188,39510016
2026-01-06 16:15:00+00:00,140.6391143798828,140.65347290039062,139.60633850097656,139.6645965576172,23567872
2026-01-06 16:30:00+00:00,139.6616668701172,139.6616668701172,138.93130493164062,138.93130493164062,74362368
2026-01-06 16:45:00+00:00,138.84156799316406,138.94964599609375,138.31472778320312,138.72898864746094,79517696
2026-01-06 17:00:00+00:00,138.77972412109375,138.86915588378906,138.67575073242188,138.69996643066406,21341184
2026-01-06 17:15:00+00:00,138.6707000732422,138.6707000732422,137.9595489501953,138.24562072753906,32691712
2026-01-06 17:30:00+00:00,138.2264404296875,138.5033721923828,138.1300506591797,138.1300506591797,9371648
2026-01-06 17:45:00+00:00,138.1293487548828,138.1293487548828,136.5923309326172,136.6159210205078,73895424
2026-01-06 18:00:00+00:00,136.54356384277344,137.4697723388672,136.37803649902344,137.4697723388672,70594560
2026-01-06 18:15:00+00:00,137.4577178955078,137.76039123535156,137.2126922607422,137.34588623046875,17679872
2026-01-06 18:30:00+00:00,137.39358520507812,137.5863800048828,137.3638153076172,137.38865661621094,2694144
2026-01-06 18:45:00+00:00,137.39358520507812,137.68069458007812,137.39358520507812,137.6328887939453,2876416
2026-01-06 19:00:00+00:00,137.62197875976562,137.74148559570312,137.49331665039062,137.74148559570312,0
2026-01-06 19:15:00+00:00,137.7892608642578,137.8784942626953,137.70748901367188,137.73526000976562,0
2026-01-06 19:30:00+00:00,137.7823486328125,137.81224060058594,137.34732055664062,137.34732055664062,0
2026-01-06 19:45:00+00:00,137.33872985839844,137.4574737548828,137.33872985839844,137.45420837402344,0
2026-01-06 20:00:00+00:00,137.46871948242188,138.2609100341797,137.46871948242188,138.04808044433594,0
2026-01-06 20:15:00+00:00,138.12466430664062,138.44464111328125,138.12466430664062,138.44464111328125,1310720
2026-01-06 20:30:00+00:00,138.43240356445312,138.88345336914062,138.43240356445312,138.88345336914062,117248
2026-01-06 20:45:00+00:00,138.8702392578125,138.9261932373047,138.8702392578125,138.9246826171875,0
2026-01-06 21:00:00+00:00,138.91502380371094,139.06411743164062,138.69532775878906,139.06411743164062,0
2026-01-06 21:15:00+00:00,139.18130493164062,141.24819946289062,139.18130493164062,141.09930419921875,112897024
2026-01-06 21:30:00+00:00,141.0734405517578,141.53211975097656,141.0734405517578,141.1980743408203,47468032
2026-01-06 21:45:00+00:00,141.23040771484375,141.23040771484375,140.4314727783203,140.4314727783203,32198144
2026-01-06 22:00:00+00:00,140.40882873535156,140.682373046875,140.37118530273438,140.47433471679688,20875264
2026-01-06 22:15:00+00:00,140.45692443847656,140.45692443847656,139.85765075683594,139.9387664794922,21697024
2026-01-06 22:30:00+00:00,139.9453582763672,139.9683380126953,139.638427734375,139.63998413085938,3472384
2026-01-06 22:45:00+00:00,139.65501403808594,140.00775146484375,139.65501403808594,140.00775146484375,2306048
2026-01-06 23:00:00+00:00,140.05645751953125,140.8610076904297,140.0513916015625,140.8555450439453,7500288
2026-01-06 23:15:00+00:00,140.8576202392578,140.97323608398438,140.70559692382812,140.75401306152344,14874624
2026-01-06 23:30:00+00:00,140.76605224609375,141.09799194335938,140.76605224609375,141.00762939453125,10835456
2026-01-06 23:45:00+00:00,140.99607849121094,141.16262817382812,140.99607849121094,141.12033081054688,16077824
2026-01-07 00:00:00+00:00,141.0884246826172,141.0884246826172,140.7992706298828,140.9363555908203,0
2026-01-07 00:15:00+00:00,140.9325714111328,141.03623962402344,140.8318328857422,140.8499298095703,4636160
2026-01-07 00:30:00+00:00,140.8363037109375,140.8363037109375,140.62205505371094,140.65365600585938,0
2026-01-07 00:45:00+00:00,140.64820861816406,140.64820861816406,140.16778564453125,140.16778564453125,6935040
2026-01-07 01:00:00+00:00,139.92916870117188,140.41151428222656,139.92916870117188,140.3409423828125,795648
2026-01-07 01:15:00+00:00,140.26368713378906,140.26368713378906,139.2991180419922,139.67564392089844,11254784
2026-01-07 01:30:00+00:00,139.5657501220703,139.5657501220703,139.11428833007812,139.1431121826172,7389696
2026-01-07 01:45:00+00:00,139.13429260253906,139.13429260253906,138.87657165527344,138.8890838623047,642048
2026-01-07 02:00:00+00:00,138.87130737304688,138.97402954101562,138.69825744628906,138.90773010253906,4025344
2026-01-07 02:15:00+00:00,138.93722534179688,139.10894775390625,138.84439086914062,139.09817504882812,5447168
2026-01-07 02:30:00+00:00,138.81234741210938,139.1864013671875,138.80331420898438,139.1642608642578,28998656
2026-01-07 02:45:00+00:00,139.20706176757812,139.86427307128906,139.20706176757812,139.85079956054688,43679232
2026-01-07 03:00:00+00:00,139.86988830566406,139.9759979248047,139.82681274414062,139.93006896972656,3663360
2026-01-07 03:15:00+00:00,139.92922973632812,140.31874084472656,139.9038848876953,140.04837036132812,3565568
2026-01-07 03:30:00+00:00,140.0421600341797,140.0421600341797,139.53204345703125,139.53204345703125,2184704
2026-01-07 03:45:00+00:00,139.5207061767578,139.5207061767578,139.42506408691406,139.44268798828125,739840
2026-01-07 04:00:00+00:00,139.45037841796875,139.52301025390625,139.271728515625,139.271728515625,246272
2026-01-07 04:15:00+00:00,139.280029296875,139.280029296875,139.16445922851562,139.16445922851562,0
2026-01-07 04:30:00+00:00,139.17001342773438,139.2202911376953,138.99862670898438,139.0400848388672,0
2026-01-07 04:45:00+00:00,139.0603790283203,139.0603790283203,138.77468872070312,138.77468872070312,249856
2026-01-07 05:00:00+00:00,138.69398498535156,138.69398498535156,138.60154724121094,138.62289428710938,0
2026-01-07 05:15:00+00:00,138.60887145996094,138.82675170898438,138.60887145996094,138.76275634765625,0
2026-01-07 05:30:00+00:00,138.77230834960938,139.15191650390625,138.77230834960938,138.98757934570312,0
2026-01-07 05:45:00+00:00,138.93638610839844,138.93638610839844,138.3118133544922,138.38812255859375,9680384
2026-01-07 06:00:00+00:00,138.3826904296875,138.68588256835938,138.3826904296875,138.68588256835938,0
2026-01-07 06:15:00+00:00,138.664794921875,138.86781311035156,138.664794921875,138.86781311035156,0
2026-01-07 06:30:00+00:00,138.84031677246094,138.8587188720703,138.68777465820312,138.7626495361328,357888
2026-01-07 06:45:00+00:00,138.74826049804688,138.84483337402344,138.74826049804688,138.76161193847656,0
2026-01-07 07:00:00+00:00,138.75828552246094,138.90867614746094,138.74166870117188,138.8936309814453,0
2026-01-07 07:15:00+00:00,138.95494079589844,139.14208984375,138.95494079589844,139.08285522460938,996864
2026-01-07 07:30:00+00:00,139.1011505126953,139.2010498046875,139.03692626953125,139.2002716064453,0
2026-01-07 07:45:00+00:00,139.16673278808594,139.18678283691406,139.1170654296875,139.18678283691406,0
2026-01-07 08:00:00+00:00,139.1864776611328,139.4899444580078,139.1864776611328,139.43795776367188,5874688
2026-01-07 08:15:00+00:00,139.44302368164062,139.487060546875,139.23312377929688,139.23312377929688,1318912
2026-01-07 08:30:00+00:00,139.2843780517578,139.48858642578125,139.2843780517578,139.4147491455078,2988032
2026-01-07 08:45:00+00:00,139.41595458984375,139.41595458984375,139.1905517578125,139.38827514648438,11804672
2026-01-07 09:00:00+00:00,139.37887573242188,139.37887573242188,138.90475463867188,138.90475463867188,0
2026-01-07 09:15:00+00:00,138.86459350585938,138.86459350585938,137.94483947753906,137.94964599609375,26378752
2026-01-07 09:30:00+00:00,137.940185546875,137.940185546875,136.69635009765625,136.7387237548828,98846720
2026-01-07 09:45:00+00:00,136.7528839111328,136.8654022216797,136.6547393798828,136.84828186035156,69223424
2026-01-07 10:00:00+00:00,136.86114501953125,137.2189483642578,136.7831268310547,137.2189483642578,13006336
2026-01-07 10:15:00+00:00,137.1671905517578,137.2402801513672,137.12222290039062,137.1237335205078,9678336
2026-01-07 10:30:00+00:00,137.1273651123047,137.52047729492188,137.1273651123047,137.48353576660156,16030720
2026-01-07 10:45:00+00:00,137.4853515625,137.56507873535156,137.47052001953125,137.50384521484375,5148160
2026-01-07 11:00:00+00:00,137.52346801757812,137.89224243164062,137.4903564453125,137.89224243164062,329728
2026-01-07 11:15:00+00:00,137.89662170410156,137.9418487548828,137.89662170410156,137.9206085205078,0
2026-01-07 11:30:00+00:00,137.91896057128906,138.02972412109375,137.85716247558594,138.02969360351562,0
2026-01-07 11:45:00+00:00,137.98985290527344,137.98985290527344,137.85047912597656,137.8961639404297,0
2026-01-07 12:00:00+00:00,137.903076171875,137.9418487548828,137.75633239746094,137.79373168945312,0
2026-01-07 12:15:00+00:00,137.76351928710938,137.7781524658203,137.66700744628906,137.67408752441406,0
2026-01-07 12:30:00+00:00,137.67681884765625,137.72604370117188,137.62001037597656,137.64170837402344,0
2026-01-07 12:45:00+00:00,137.64520263671875,137.83404541015625,137.64520263671875,137.7753143310547,277504
2026-01-07 13:00:00+00:00,137.78201293945312,137.9188995361328,137.65879821777344,137.65879821777344,0
2026-01-07 13:15:00+00:00,137.5673828125,138.0406951904297,137.5673828125,138.0263671875,1289216
2026-01-07 13:30:00+00:00,138.03028869628906,138.28240966796875,138.03028869628906,138.12721252441406,11857408
2026-01-07 13:45:00+00:00,138.1314239501953,138.1314239501953,137.88711547851562,137.88711547851562,1083904
2026-01-07 14:00:00+00:00,137.9184112548828,137.98818969726562,137.16429138183594,137.1668243408203,0
2026-01-07 14:15:00+00:00,137.22886657714844,137.22886657714844,136.99468994140625,137.03726196289062,0
2026-01-07 14:30:00+00:00,137.04888916015625,137.73800659179688,137.04888916015625,137.72348022460938,0
2026-01-07 14:45:00+00:00,137.6049041748047,137.94374084472656,137.458251953125,137.9362335205078,0
2026-01-07 15:00:00+00:00,137.94479370117188,137.94479370117188,136.8402099609375,136.8402099609375,12228608
2026-01-07 15:15:00+00:00,136.8264617919922,136.8264617919922,135.45069885253906,135.52508544921875,28946432
2026-01-07 15:30:00+00:00,135.57723999023438,135.66490173339844,135.38565063476562,135.64869689941406,0
2026-01-07 15:45:00+00:00,135.64476013183594,135.9537811279297,135.5911102294922,135.75418090820312,0
2026-01-07 16:00:00+00:00,135.69754028320312,136.1512908935547,135.69754028320312,136.1512908935547,0
2026-01-07 16:15:00+00:00,136.16867065429688,136.3699951171875,136.09014892578125,136.09568786621094,0
2026-01-07 16:30:00+00:00,136.07852172851562,136.11801147460938,135.60662841796875,135.68994140625,0
2026-01-07 16:45:00+00:00,135.72569274902344,135.84613037109375,135.56585693359375,135.64703369140625,0
2026-01-07 17:00:00+00:00,135.6270294189453,135.6703643798828,135.45948791503906,135.64434814453125,4024832
2026-01-07 17:15:00+00:00,135.63461303710938,136.18087768554688,135.63461303710938,136.17884826660156,0
2026-01-07 17:30:00+00:00,136.17889404296875,136.2786865234375,136.0225067138672,136.0225067138672,0
2026-01-07 17:45:00+00:00,136.0310516357422,136.0310516357422,135.54306030273438,135.54306030273438,0
2026-01-07 18:00:00+00:00,135.5345001220703,135.5345001220703,135.1346435546875,135.18292236328125,5002752
2026-01-07 18:15:00+00:00,135.1947479248047,135.1947479248047,134.98745727539062,135.09400939941406,1647872
2026-01-07 18:30:00+00:00,135.13487243652344,135.68450927734375,135.13487243652344,135.5818634033203,19483648
2026-01-07 18:45:00+00:00,135.56094360351562,135.58399963378906,135.07960510253906,135.07960510253906,5704704
2026-01-07 19:00:00+00:00,135.1283416748047,135.3103790283203,134.89633178710938,134.89633178710938,5049344
2026-01-07 19:15:00+00:00,134.90933227539062,134.90933227539062,134.7199249267578,134.7199249267578,24971008
2026-01-07 19:30:00+00:00,134.92945861816406,135.50747680664062,134.92945861816406,135.38893127441406,8165376
2026-01-07 19:45:00+00:00,135.38815307617188,135.67950439453125,135.38815307617188,135.64212036132812,4749824
2026-01-07 20:00:00+00:00,135.62936401367188,135.78155517578125,135.5301513671875,135.5301513671875,0
2026-01-07 20:15:00+00:00,135.52748107910156,135.52748107910156,135.12770080566406,135.12770080566406,0
2026-01-07 20:30:00+00:00,135.15647888183594,135.69345092773438,135.15647888183594,135.68348693847656,0
2026-01-07 20:45:00+00:00,135.6709747314453,135.72129821777344,135.62071228027344,135.6352996826172,0
2026-01-07 21:00:00+00:00,135.6651153564453,135.87301635742188,135.65020751953125,135.87301635742188,0
2026-01-07 21:15:00+00:00,136.0032196044922,136.08766174316406,136.0032196044922,136.06568908691406,0
2026-01-07 21:30:00+00:00,136.10665893554688,136.1678924560547,136.0584716796875,136.06942749023438,0
2026-01-07 21:45:00+00:00,136.064208984375,136.064208984375,136.01251220703125,136.04605102539062,0
2026-01-07 22:00:00+00:00,136.04852294921875,136.04852294921875,135.86557006835938,135.86557006835938,0
2026-01-07 22:15:00+00:00,135.8351287841797,136.1048583984375,135.79913330078125,136.1048583984375,0
2026-01-07 22:30:00+00:00,136.11874389648438,136.5352020263672,136.11874389648438,136.2598419189453,9018624
2026-01-07 22:45:00+00:00,136.2747344970703,136.3430633544922,136.16427612304688,136.33619689941406,3756544
2026-01-07 23:00:00+00:00,136.310791015625,136.310791015625,135.91258239746094,136.1062774658203,0
2026-01-07 23:15:00+00:00,136.10675048828125,136.718994140625,136.10675048828125,136.642822265625,27684352
2026-01-07 23:30:00+00:00,136.69078063964844,136.69993591308594,136.4975128173828,136.4975128173828,17737216
2026-01-07 23:45:00+00:00,136.49305725097656,136.49305725097656,136.29928588867188,136.3153076171875,0
2026-01-08 00:00:00+00:00,136.30783081054688,136.34559631347656,136.125,136.125,0
2026-01-08 00:15:00+00:00,136.12112426757812,136.18310546875,136.0196075439453,136.0986328125,1456384
2026-01-08 00:30:00+00:00,136.10516357421875,136.24026489257812,136.06100463867188,136.24026489257812,0
2026-01-08 00:45:00+00:00,136.25238037109375,136.75186157226562,136.25238037109375,136.7435302734375,2120448
2026-01-08 01:00:00+00:00,136.73585510253906,136.88523864746094,136.67507934570312,136.88259887695312,0
2026-01-08 01:15:00+00:00,136.86676025390625,137.0777587890625,136.69992065429688,137.0777587890625,1542656
2026-01-08 01:30:00+00:00,137.07720947265625,137.08262634277344,136.87322998046875,136.8861541748047,0
2026-01-08 01:45:00+00:00,136.87928771972656,136.87928771972656,136.735107421875,136.74041748046875,0
2026-01-08 02:00:00+00:00,136.73690795898438,136.90496826171875,136.60145568847656,136.90496826171875,6543872
2026-01-08 02:15:00+00:00,137.0349884033203,137.7220458984375,137.0349884033203,137.56015014648438,73665536
2026-01-08 02:30:00+00:00,137.52645874023438,137.52645874023438,136.97735595703125,137.00660705566406,13911552
2026-01-08 02:45:00+00:00,137.1679229736328,137.52113342285156,137.0131072998047,137.4496307373047,19023872
2026-01-08 03:00:00+00:00,137.4815216064453,138.02084350585938,137.4815216064453,137.6487579345703,33870336
2026-01-08 03:15:00+00:00,137.5940704345703,137.60459899902344,137.17782592773438,137.17782592773438,1181696
2026-01-08 03:30:00+00:00,137.01226806640625,137.33743286132812,137.01226806640625,137.20330810546875,946176
2026-01-08 03:45:00+00:00,137.14451599121094,137.14451599121094,136.62864685058594,136.62864685058594,22659328
2026-01-08 04:00:00+00:00,136.6237335205078,136.7143096923828,136.52639770507812,136.5406951904297,9808896
2026-01-08 04:15:00+00:00,136.56956481933594,137.30831909179688,136.56956481933594,137.30831909179688,14833920
2026-01-08 04:30:00+00:00,137.373291015625,138.02293395996094,137.373291015625,137.91287231445312,33636864
2026-01-08 04:45:00+00:00,137.7750244140625,137.80172729492188,137.55108642578125,137.55715942382812,16479488
2026-01-08 05:00:00+00:00,137.5464630126953,137.78402709960938,137.5464630126953,137.66522216796875,3275008
2026-01-08 05:15:00+00:00,137.66749572753906,137.70042419433594,137.2049560546875,137.2049560546875,10126336
2026-01-08 05:30:00+00:00,137.20321655273438,137.20321655273438,136.9301300048828,136.9301300048828,0
2026-01-08 05:45:00+00:00,136.91151428222656,136.91151428222656,136.42079162597656,136.4317169189453,0
2026-01-08 06:00:00+00:00,136.43869018554688,136.50393676757812,135.77243041992188,135.7838592529297,15149056
2026-01-08 06:15:00+00:00,135.78680419921875,135.78680419921875,135.01889038085938,135.01889038085938,45713920
2026-01-08 06:30:00+00:00,134.91229248046875,135.31581115722656,134.91229248046875,135.30731201171875,23330304
2026-01-08 06:45:00+00:00,135.30763244628906,135.31149291992188,134.96072387695312,134.96072387695312,20280064
2026-01-08 07:00:00+00:00,134.8988037109375,134.8988037109375,134.4369354248047,134.89154052734375,108883456
2026-01-08 07:15:00+00:00,134.8895721435547,135.46609497070312,134.8895721435547,135.41407775878906,34546432
2026-01-08 07:30:00+00:00,135.41796875,135.5302734375,135.3739776611328,135.5206298828125,22238464
2026-01-08 07:45:00+00:00,135.52932739257812,135.7095947265625,135.52932739257812,135.7090301513672,8685312
2026-01-08 08:00:00+00:00,135.6966552734375,135.77459716796875,135.6638946533203,135.71859741210938,0
2026-01-08 08:15:00+00:00,135.7335205078125,135.95069885253906,135.7335205078125,135.81639099121094,339712
2026-01-08 08:30:00+00:00,135.80966186523438,135.8202667236328,135.37319946289062,135.38197326660156,4127744
2026-01-08 08:45:00+00:00,135.3843994140625,135.3843994140625,135.0066375732422,135.0066375732422,3113728
2026-01-08 09:00:00+00:00,135.0058135986328,135.26065063476562,135.0058135986328,135.1831817626953,1392896
2026-01-08 09:15:00+00:00,135.1746368408203,135.1746368408203,134.48788452148438,134.48788452148438,0
2026-01-08 09:30:00+00:00,134.47830200195312,134.57647705078125,134.42274475097656,134.4486541748047,0
2026-01-08 09:45:00+00:00,134.45547485351562,134.6253662109375,134.4057159423828,134.4057159423828,0
2026-01-08 10:00:00+00:00,134.41400146484375,134.41400146484375,134.06231689453125,134.16482543945312,2307328
2026-01-08 10:15:00+00:00,134.14328002929688,134.68711853027344,134.14328002929688,134.68646240234375,21404672
2026-01-08 10:30:00+00:00,134.6919708251953,134.77113342285156,134.6627197265625,134.68795776367188,2232064
2026-01-08 10:45:00+00:00,134.6964111328125,135.1825408935547,134.6964111328125,135.11373901367188,8608768
2026-01-08 11:00:00+00:00,135.10275268554688,135.10275268554688,134.66485595703125,134.70416259765625,12205312
2026-01-08 11:15:00+00:00,134.69187927246094,134.69187927246094,134.38966369628906,134.48963928222656,12649984
2026-01-08 11:30:00+00:00,134.51220703125,134.5565643310547,134.35504150390625,134.551025390625,8082176
2026-01-08 11:45:00+00:00,134.48435974121094,134.652099609375,134.38369750976562,134.6375274658203,11534848
2026-01-08 12:00:00+00:00,134.63719177246094,134.63719177246094,134.00755310058594,134.0223388671875,9755904
2026-01-08 12:15:00+00:00,133.9900665283203,134.17735290527344,133.92636108398438,134.1566925048828,19853568
2026-01-08 12:30:00+00:00,134.17039489746094,134.17039489746094,133.7377471923828,133.8931884765625,20894976
2026-01-08 12:45:00+00:00,133.89968872070312,133.97018432617188,133.82667541503906,133.90003967285156,4379392
2026-01-08 13:00:00+00:00,133.89785766601562,134.02711486816406,133.89785766601562,134.02711486816406,0
2026-01-08 13:15:00+00:00,134.001953125,134.0633544921875,133.939697265625,134.04124450683594,0
2026-01-08 13:30:00+00:00,134.04063415527344,134.0936279296875,133.8883056640625,133.94784545898438,713216
2026-01-08 13:45:00+00:00,133.95779418945312,134.2427520751953,133.82614135742188,134.2427520751953,28211712
2026-01-08 14:00:00+00:00,134.2718963623047,134.2718963623047,133.9631805419922,134.03651428222656,8332544
2026-01-08 14:15:00+00:00,134.007568359375,134.01283264160156,133.75173950195312,133.75173950195312,10473984
2026-01-08 14:30:00+00:00,133.8072052001953,133.8485565185547,133.6637725830078,133.6637725830078,18760960
2026-01-08 14:45:00+00:00,133.62460327148438,134.14788818359375,132.83255004882812,133.8770751953125,117567488
2026-01-08 15:00:00+00:00,133.8876495361328,134.8599853515625,133.55355834960938,134.8599853515625,17418496
2026-01-08 15:15:00+00:00,134.8893585205078,135.2680206298828,134.8893585205078,135.2680206298828,0
2026-01-08 15:30:00+00:00,135.24813842773438,135.4426727294922,134.9999237060547,135.40972900390625,0
2026-01-08 15:45:00+00:00,135.3655548095703,135.87088012695312,135.2132110595703,135.87088012695312,47967488
2026-01-08 16:00:00+00:00,135.8812713623047,136.5949249267578,135.8812713623047,136.5949249267578,43116288
2026-01-08 16:15:00+00:00,136.54977416992188,136.72616577148438,136.47901916503906,136.72616577148438,38448128
2026-01-08 16:30:00+00:00,136.76760864257812,136.90969848632812,136.54148864746094,136.90969848632812,11140608
2026-01-08 16:45:00+00:00,136.88461303710938,137.68402099609375,136.88461303710938,137.68402099609375,37543936
2026-01-08 17:00:00+00:00,137.78103637695312,138.32208251953125,137.78103637695312,137.9999237060547,74624000
2026-01-08 17:15:00+00:00,137.97860717773438,137.97860717773438,137.404052734375,137.404052734375,6367744
2026-01-08 17:30:00+00:00,137.3836212158203,137.86830139160156,137.3836212158203,137.85845947265625,17119232
2026-01-08 17:45:00+00:00,137.85574340820312,138.56748962402344,137.85574340820312,138.56402587890625,23320576
2026-01-08 18:00:00+00:00,138.5773468017578,138.6204376220703,138.3909149169922,138.5496063232422,6365184
2026-01-08 18:15:00+00:00,138.4724578857422,138.55050659179688,138.26040649414062,138.4692840576172,18206720
2026-01-08 18:30:00+00:00,138.52639770507812,138.7484130859375,138.2277374267578,138.2559814453125,7986688
2026-01-08 18:45:00+00:00,138.22140502929688,138.2327117919922,137.95249938964844,137.9605712890625,3571712
2026-01-08 19:00:00+00:00,137.9708251953125,138.15672302246094,137.89385986328125,137.90725708007812,4153856
2026-01-08 19:15:00+00:00,137.8686981201172,137.8686981201172,137.272705078125,137.4266815185547,3575808
2026-01-08 19:30:00+00:00,137.42477416992188,138.1107635498047,137.42477416992188,137.99285888671875,6131200
2026-01-08 19:45:00+00:00,137.9602508544922,137.9602508544922,137.4786834716797,137.50245666503906,11148288
2026-01-08 20:00:00+00:00,137.52268981933594,137.52268981933594,136.76548767089844,136.86587524414062,27790336
2026-01-08 20:15:00+00:00,136.85543823242188,136.85543823242188,136.6230010986328,136.64718627929688,10013184
2026-01-08 20:30:00+00:00,136.66773986816406,137.07850646972656,136.66773986816406,137.07850646972656,13933568
2026-01-08 20:45:00+00:00,137.07534790039062,137.49282836914062,137.07534790039062,137.49282836914062,20706304
2026-01-08 21:00:00+00:00,137.51756286621094,137.96009826660156,137.51756286621094,137.9371337890625,14274048
2026-01-08 21:15:00+00:00,137.94468688964844,137.9945068359375,137.80946350097656,137.86236572265625,9010176
2026-01-08 21:30:00+00:00,137.8600311279297,138.7363739013672,137.8600311279297,138.7363739013672,55312896
2026-01-08 21:45:00+00:00,138.71832275390625,139.48678588867188,138.71832275390625,139.48678588867188,56848384
2026-01-08 22:00:00+00:00,139.4613800048828,139.75729370117188,139.4613800048828,139.73744201660156,98798592
2026-01-08 22:15:00+00:00,139.7307586669922,139.82667541503906,139.5438995361328,139.5438995361328,36849152
2026-01-08 22:30:00+00:00,139.54473876953125,139.54473876953125,138.49136352539062,138.51211547851562,23902208
2026-01-08 22:45:00+00:00,138.5025177001953,138.81027221679688,138.5025177001953,138.81027221679688,5312512
2026-01-08 23:00:00+00:00,138.78627014160156,138.87892150878906,138.720947265625,138.720947265625,6662656
2026-01-08 23:15:00+00:00,138.702880859375,138.702880859375,138.56297302246094,138.56297302246094,0
2026-01-08 23:30:00+00:00,138.56829833984375,138.78981018066406,138.52914428710938,138.76776123046875,34369024
2026-01-08 23:45:00+00:00,138.7581024169922,138.7581024169922,138.2203826904297,138.23284912109375,25474560
2026-01-09 00:00:00+00:00,138.2911834716797,138.48939514160156,138.27859497070312,138.48939514160156,5785088
2026-01-09 00:15:00+00:00,138.49644470214844,138.6510009765625,138.34375,138.54283142089844,4232192
2026-01-09 00:30:00+00:00,138.5355224609375,138.86143493652344,138.52061462402344,138.8575897216797,3122688
2026-01-09 00:45:00+00:00,138.8808135986328,139.10385131835938,138.8808135986328,139.025390625,37216256
2026-01-09 01:00:00+00:00,139.025390625,139.0874481201172,138.927001953125,138.927001953125,7436800
2026-01-09 01:15:00+00:00,138.93063354492188,138.93063354492188,138.52134704589844,138.52134704589844,884736
2026-01-09 01:30:00+00:00,138.72671508789062,139.2433319091797,137.89002990722656,137.89002990722656,79223296
2026-01-09 01:45:00+00:00,137.88885498046875,138.15956115722656,137.7764434814453,138.15846252441406,34978304
2026-01-09 02:00:00+00:00,138.16136169433594,139.1193084716797,138.15228271484375,139.1145782470703,12364800
2026-01-09 02:15:00+00:00,139.10769653320312,139.29588317871094,139.10769653320312,139.2041473388672,0
2026-01-09 02:30:00+00:00,139.19261169433594,139.19261169433594,138.9092254638672,138.9421844482422,0
2026-01-09 02:45:00+00:00,138.93751525878906,138.98382568359375,138.7955322265625,138.7955322265625,881152
2026-01-09 03:00:00+00:00,138.80514526367188,139.45343017578125,138.80514526367188,139.45343017578125,0
2026-01-09 03:15:00+00:00,139.50006103515625,139.77520751953125,139.3404998779297,139.3404998779297,88054784
2026-01-09 03:30:00+00:00,139.34359741210938,139.79074096679688,139.2964324951172,139.7235565185547,9434112
2026-01-09 03:45:00+00:00,139.75376892089844,140.8895263671875,139.75376892089844,140.70916748046875,50483200
2026-01-09 04:00:00+00:00,140.71763610839844,140.78079223632812,140.38050842285156,140.38255310058594,43923456
2026-01-09 04:15:00+00:00,140.36619567871094,140.36619567871094,140.2601318359375,140.2601318359375,7996928
2026-01-09 04:30:00+00:00,140.24440002441406,140.24440002441406,139.61814880371094,139.61814880371094,2815488
2026-01-09 04:45:00+00:00,139.61692810058594,139.69000244140625,139.61141967773438,139.61141967773438,0
2026-01-09 05:00:00+00:00,139.61126708984375,139.85989379882812,139.61126708984375,139.81439208984375,0
2026-01-09 05:15:00+00:00,139.83139038085938,139.84967041015625,139.48568725585938,139.48568725585938,19619840
2026-01-09 05:30:00+00:00,139.47598266601562,139.4766082763672,139.3992462158203,139.4689483642578,907776
2026-01-09 05:45:00+00:00,139.45616149902344,139.60008239746094,139.4141387939453,139.59913635253906,0
2026-01-09 06:00:00+00:00,139.6396942138672,139.7534637451172,139.6396942138672,139.70346069335938,0
2026-01-09 06:15:00+00:00,139.69410705566406,139.78053283691406,139.62908935546875,139.62908935546875,0
2026-01-09 06:30:00+00:00,139.6201629638672,139.9099578857422,139.5845947265625,139.9099578857422,0
2026-01-09 06:45:00+00:00,139.90647888183594,140.563232421875,139.90647888183594,140.46607971191406,16295936
2026-01-09 07:00:00+00:00,140.48947143554688,140.4943084716797,140.20684814453125,140.20684814453125,0
2026-01-09 07:15:00+00:00,140.18798828125,140.18809509277344,140.00465393066406,140.18809509277344,0
2026-01-09 07:30:00+00:00,140.22061157226562,140.3391876220703,140.07899475097656,140.07899475097656,2526720
2026-01-09 07:45:00+00:00,140.08457946777344,140.08457946777344,139.5141143798828,139.5141143798828,20649984
2026-01-09 08:00:00+00:00,139.50180053710938,139.50180053710938,138.81353759765625,138.81353759765625,79182336
2026-01-09 08:15:00+00:00,138.80328369140625,138.87139892578125,138.73707580566406,138.78460693359375,34134016
2026-01-09 08:30:00+00:00,138.77438354492188,138.77438354492188,138.2486114501953,138.25372314453125,9743360
2026-01-09 08:45:00+00:00,138.2335968017578,138.2335968017578,137.25926208496094,137.371337890625,78401536
2026-01-09 09:00:00+00:00,137.45321655273438,138.5436553955078,137.45321655273438,138.50146484375,69979648
2026-01-09 09:15:00+00:00,138.49771118164062,138.7830352783203,138.3575897216797,138.7765655517578,22640128
2026-01-09 09:30:00+00:00,138.779296875,138.81719970703125,138.6450653076172,138.6450653076172,1961472
2026-01-09 09:45:00+00:00,138.6392059326172,138.6392059326172,138.42172241210938,138.42172241210938,0
2026-01-09 10:00:00+00:00,138.42227172851562,138.56866455078125,138.17433166503906,138.56866455078125,2696704
2026-01-09 10:15:00+00:00,138.599853515625,138.7074432373047,138.599853515625,138.66990661621094,0
2026-01-09 10:30:00+00:00,138.66726684570312,138.66726684570312,138.49661254882812,138.5206756591797,1715712
2026-01-09 10:45:00+00:00,138.51638793945312,138.69842529296875,138.51048278808594,138.6759033203125,0
2026-01-09 11:00:00+00:00,138.6710205078125,138.7146453857422,138.31765747070312,138.324462890625,16465920
2026-01-09 11:15:00+00:00,138.3372802734375,138.42080688476562,138.3372802734375,138.37945556640625,19987968
2026-01-09 11:30:00+00:00,138.37850952148438,138.4757843017578,138.06240844726562,138.06240844726562,287744
2026-01-09 11:45:00+00:00,138.0824432373047,138.2625274658203,138.0824432373047,138.14236450195312,0
2026-01-09 12:00:00+00:00,138.1418914794922,138.3477783203125,138.1418914794922,138.14553833007812,0
2026-01-09 12:15:00+00:00,138.1062774658203,138.1062774658203,137.8859100341797,137.8859100341797,0
2026-01-09 12:30:00+00:00,137.89268493652344,137.91897583007812,137.77694702148438,137.77694702148438,107008
2026-01-09 12:45:00+00:00,137.73341369628906,137.73341369628906,137.5513458251953,137.61419677734375,4296192
2026-01-09 13:00:00+00:00,137.60874938964844,138.2176513671875,137.5926513671875,138.17274475097656,71273472
2026-01-09 13:15:00+00:00,138.154296875,138.32737731933594,138.13038635253906,138.32737731933594,30747136
2026-01-09 13:30:00+00:00,138.3316192626953,138.72840881347656,138.3316192626953,138.51815795898438,84856320
2026-01-09 13:45:00+00:00,138.50543212890625,138.60252380371094,138.27357482910156,138.56393432617188,5834240
2026-01-09 14:00:00+00:00,138.55795288085938,138.55795288085938,137.3422088623047,137.38754272460938,20764672
2026-01-09 14:15:00+00:00,137.3647918701172,137.69862365722656,137.28121948242188,137.69862365722656,7906816
2026-01-09 14:30:00+00:00,137.70486450195312,137.73121643066406,137.3109130859375,137.31234741210938,3887104
2026-01-09 14:45:00+00:00,137.24256896972656,137.24256896972656,136.61915588378906,136.61936950683594,0
2026-01-09 15:00:00+00:00,136.69337463378906,136.8842010498047,136.38636779785156,136.6461944580078,22745600
2026-01-09 15:15:00+00:00,136.66477966308594,139.12063598632812,136.66477966308594,139.12063598632812,55242240
2026-01-09 15:30:00+00:00,139.18536376953125,140.3473663330078,138.9721221923828,139.0039520263672,151676416
2026-01-09 15:45:00+00:00,138.98348999023438,139.18353271484375,138.23248291015625,138.3495635986328,36709376
2026-01-09 16:00:00+00:00,138.39459228515625,139.2425537109375,138.39459228515625,139.2425537109375,0
2026-01-09 16:15:00+00:00,139.3970184326172,139.88047790527344,139.3970184326172,139.591796875,21886976
2026-01-09 16:30:00+00:00,139.59823608398438,139.60594177246094,139.2904052734375,139.56796264648438,0
2026-01-09 16:45:00+00:00,139.53773498535156,139.8418426513672,139.50160217285156,139.82052612304688,0
2026-01-09 17:00:00+00:00,139.82008361816406,139.85287475585938,139.3457489013672,139.3491973876953,0
2026-01-09 17:15:00+00:00,139.32728576660156,139.32728576660156,138.0369873046875,138.0369873046875,19395584
2026-01-09 17:30:00+00:00,137.962158203125,137.962158203125,137.46168518066406,137.55751037597656,39732224
2026-01-09 17:45:00+00:00,137.5499267578125,138.42173767089844,137.50390625,138.41200256347656,46834688
2026-01-09 18:00:00+00:00,138.40728759765625,138.40728759765625,137.908447265625,137.908447265625,0
2026-01-09 18:15:00+00:00,137.892822265625,137.892822265625,136.4355926513672,136.4355926513672,77133312
2026-01-09 18:30:00+00:00,136.4325408935547,136.4415740966797,136.09228515625,136.40350341796875,79429632
2026-01-09 18:45:00+00:00,136.3744659423828,136.72430419921875,136.3744659423828,136.72396850585938,8108544
2026-01-09 19:00:00+00:00,136.71005249023438,136.71005249023438,136.05435180664062,136.05435180664062,1360896
2026-01-09 19:15:00+00:00,136.0606231689453,136.0606231689453,135.57791137695312,135.64707946777344,3320832
2026-01-09 19:30:00+00:00,135.65066528320312,135.79727172851562,135.43765258789062,135.77870178222656,7223808
2026-01-09 19:45:00+00:00,135.7678680419922,136.05133056640625,135.71202087402344,135.78961181640625,1159168
2026-01-09 20:00:00+00:00,135.7736053466797,135.7736053466797,135.0894317626953,135.13633728027344,15107072
2026-01-09 20:15:00+00:00,135.12586975097656,135.75050354003906,135.12586975097656,135.6596221923828,29203968
2026-01-09 20:30:00+00:00,135.650634765625,135.8187255859375,135.43409729003906,135.43409729003906,28504064
2026-01-09 20:45:00+00:00,135.4237060546875,135.61058044433594,135.30255126953125,135.58609008789062,3576832
2026-01-09 21:00:00+00:00,135.55563354492188,135.76693725585938,135.435546875,135.70516967773438,0
2026-01-09 21:15:00+00:00,135.7015838623047,136.02682495117188,135.69883728027344,136.02682495117188,3353088
2026-01-09 21:30:00+00:00,136.00746154785156,136.12002563476562,135.80824279785156,135.80859375,11935744
2026-01-09 21:45:00+00:00,135.82064819335938,135.87937927246094,135.74453735351562,135.86441040039062,0
2026-01-09 22:00:00+00:00,135.8577423095703,135.88131713867188,135.7077178955078,135.74851989746094,0
2026-01-09 22:15:00+00:00,135.74337768554688,135.74337768554688,135.5214080810547,135.5214080810547,0
2026-01-09 22:30:00+00:00,135.62149047851562,135.9274139404297,135.62149047851562,135.85423278808594,0
2026-01-09 22:45:00+00:00,135.82598876953125,135.9766082763672,135.7309112548828,135.94442749023438,0
2026-01-09 23:00:00+00:00,135.95252990722656,136.13037109375,135.95252990722656,136.03564453125,0
2026-01-09 23:15:00+00:00,136.0370330810547,136.04710388183594,135.87184143066406,136.0382080078125,1213952
2026-01-09 23:30:00+00:00,136.03262329101562,136.1595916748047,135.85830688476562,135.87109375,0
2026-01-09 23:45:00+00:00,135.89495849609375,135.97152709960938,135.75149536132812,135.75149536132812,3750400
2026-01-10 00:00:00+00:00,135.76637268066406,135.81898498535156,135.76220703125,135.78656005859375,415232
2026-01-10 00:15:00+00:00,135.76817321777344,135.76817321777344,135.62136840820312,135.66403198242188,0
2026-01-10 00:30:00+00:00,135.70823669433594,135.8802032470703,135.70823669433594,135.844482421875,5347328
2026-01-10 00:45:00+00:00,135.8432159423828,135.8432159423828,135.6453094482422,135.65489196777344,0
2026-01-10 01:00:00+00:00,135.66041564941406,135.85646057128906,135.66041564941406,135.75489807128906,269824
2026-01-10 01:15:00+00:00,135.7986602783203,135.99107360839844,135.7986602783203,135.93405151367188,0
2026-01-10 01:30:00+00:00,135.9358367919922,136.0489044189453,135.92567443847656,136.02552795410156,0
2026-01-10 01:45:00+00:00,136.0309295654297,136.28330993652344,136.0309295654297,136.28330993652344,6144000
2026-01-10 02:00:00+00:00,136.2819366455078,136.3308563232422,136.25631713867188,136.30221557617188,0
2026-01-10 02:15:00+00:00,136.30836486816406,136.36566162109375,136.26681518554688,136.28994750976562,0
2026-01-10 02:30:00+00:00,136.26504516601562,136.26504516601562,135.86695861816406,135.87384033203125,627200
2026-01-10 02:45:00+00:00,135.88037109375,136.1024627685547,135.88037109375,136.1024627685547,0
2026-01-10 03:00:00+00:00,136.17686462402344,136.17686462402344,135.86207580566406,135.86207580566406,0
2026-01-10 03:15:00+00:00,135.85308837890625,136.00421142578125,135.85308837890625,136.00421142578125,0
2026-01-10 03:30:00+00:00,136.00038146972656,136.0193634033203,135.87188720703125,135.9181365966797,6050304
2026-01-10 03:45:00+00:00,135.9012451171875,136.06036376953125,135.84788513183594,136.06036376953125,0
2026-01-10 04:00:00+00:00,136.0465850830078,136.0465850830078,135.65716552734375,135.65728759765625,0
2026-01-10 04:15:00+00:00,135.65896606445312,135.74562072753906,135.65896606445312,135.6901092529297,0
2026-01-10 04:30:00+00:00,135.6935272216797,135.7262420654297,135.64930725097656,135.71778869628906,0
2026-01-10 04:45:00+00:00,135.71994018554688,135.74911499023438,135.69032287597656,135.6934814453125,0
2026-01-10 05:00:00+00:00,135.6875762939453,135.833984375,135.6617889404297,135.8275909423828,0
2026-01-10 05:15:00+00:00,135.8325653076172,135.8708038330078,135.8172607421875,135.8666534423828,0
2026-01-10 05:30:00+00:00,135.8687286376953,136.1022491455078,135.83978271484375,136.08981323242188,1626624
2026-01-10 05:45:00+00:00,136.07720947265625,136.07720947265625,135.96681213378906,135.968505859375,9216
2026-01-10 06:00:00+00:00,135.96893310546875,135.96893310546875,135.773681640625,135.83021545410156,6558720
2026-01-10 06:15:00+00:00,135.8305206298828,135.8305206298828,135.68368530273438,135.78057861328125,3515904
2026-01-10 06:30:00+00:00,135.79156494140625,135.89468383789062,135.79156494140625,135.8589324951172,0
2026-01-10 06:45:00+00:00,135.8624725341797,135.99473571777344,135.8624725341797,135.86666870117188,0
2026-01-10 07:00:00+00:00,135.86509704589844,136.02247619628906,135.84046936035156,136.02210998535156,339712
2026-01-10 07:15:00+00:00,136.007080078125,136.007080078125,135.89520263671875,135.91688537597656,250368
2026-01-10 07:30:00+00:00,135.91604614257812,135.95474243164062,135.83990478515625,135.84228515625,0
2026-01-10 07:45:00+00:00,135.84083557128906,135.92442321777344,135.84083557128906,135.92327880859375,0
2026-01-10 08:00:00+00:00,135.92283630371094,135.9882354736328,135.90647888183594,135.9844512939453,0
2026-01-10 08:15:00+00:00,135.98304748535156,136.06063842773438,135.9516143798828,135.959716796875,0
2026-01-10 08:30:00+00:00,135.94676208496094,135.94676208496094,135.8740234375,135.91514587402344,0
2026-01-10 08:45:00+00:00,135.9171142578125,136.0077362060547,135.91522216796875,136.0077362060547,0
2026-01-10 09:00:00+00:00,136.00875854492188,136.08901977539062,135.99635314941406,135.99635314941406,0
2026-01-10 09:15:00+00:00,135.99932861328125,136.01669311523438,135.97840881347656,136.01669311523438,0
2026-01-10 09:30:00+00:00,136.01698303222656,136.09507751464844,136.00613403320312,136.09178161621094,1188352
2026-01-10 09:45:00+00:00,136.09918212890625,136.38400268554688,136.09918212890625,136.38064575195312,10099200
2026-01-10 10:00:00+00:00,136.38803100585938,136.4440155029297,136.37388610839844,136.4440155029297,0
2026-01-10 10:15:00+00:00,136.44203186035156,136.46725463867188,136.34823608398438,136.3587646484375,644096
2026-01-10 10:30:00+00:00,136.35916137695312,136.6280059814453,136.34837341308594,136.6280059814453,13117440
2026-01-10 10:45:00+00:00,136.62643432617188,136.81350708007812,136.62643432617188,136.7588348388672,14580224
2026-01-10 11:00:00+00:00,136.7744903564453,136.79586791992188,136.6748504638672,136.73211669921875,1173760
2026-01-10 11:15:00+00:00,136.7353057861328,136.73741149902344,136.62001037597656,136.62001037597656,0
2026-01-10 11:30:00+00:00,136.5860137939453,136.5946502685547,136.4695281982422,136.47813415527344,0
2026-01-10 11:45:00+00:00,136.47525024414062,136.47525024414062,136.32814025878906,136.33737182617188,0
2026-01-10 12:00:00+00:00,136.33969116210938,136.61070251464844,136.33969116210938,136.59962463378906,865024
2026-01-10 12:15:00+00:00,136.6016387939453,136.7543487548828,136.5871124267578,136.69952392578125,7535360
2026-01-10 12:30:00+00:00,136.65863037109375,136.65863037109375,136.48362731933594,136.48362731933594,0
2026-01-10 12:45:00+00:00,136.48471069335938,136.50694274902344,136.4446258544922,136.4527130126953,0
2026-01-10 13:00:00+00:00,136.45465087890625,136.46389770507812,136.29803466796875,136.29803466796875,0
2026-01-10 13:15:00+00:00,136.27911376953125,136.29672241210938,136.1464385986328,136.1464385986328,0
2026-01-10 13:30:00+00:00,136.15386962890625,136.21498107910156,136.15158081054688,136.21173095703125,0
2026-01-10 13:45:00+00:00,136.2158966064453,136.2499237060547,136.2158966064453,136.23452758789062,0
2026-01-10 14:00:00+00:00,136.2338104248047,136.2338104248047,136.04551696777344,136.04551696777344,0
2026-01-10 14:15:00+00:00,136.08384704589844,136.23341369628906,136.08384704589844,136.2023468017578,0
2026-01-10 14:30:00+00:00,136.1954345703125,136.1954345703125,136.0072784423828,136.0072784423828,0
2026-01-10 14:45:00+00:00,135.99679565429688,135.99867248535156,135.9181671142578,135.95631408691406,0
2026-01-10 15:00:00+00:00,135.95932006835938,136.0840606689453,135.95932006835938,136.0840606689453,0
2026-01-10 15:15:00+00:00,136.0756072998047,136.0756072998047,135.96432495117188,135.96432495117188,0
2026-01-10 15:30:00+00:00,135.9665069580078,136.23828125,135.9612274169922,136.23828125,0
2026-01-10 15:45:00+00:00,136.22967529296875,136.298583984375,136.22967529296875,136.26304626464844,0
2026-01-10 16:00:00+00:00,136.26107788085938,136.30125427246094,136.2340087890625,136.23672485351562,0
2026-01-10 16:15:00+00:00,136.230712890625,136.230712890625,136.08628845214844,136.1632080078125,0
2026-01-10 16:30:00+00:00,136.1645050048828,136.41383361816406,136.14663696289062,136.4131317138672,0
2026-01-10 16:45:00+00:00,136.4152069091797,136.4152069091797,136.26678466796875,136.26678466796875,0
2026-01-10 17:00:00+00:00,136.26861572265625,136.39404296875,136.26556396484375,136.3924102783203,0
2026-01-10 17:15:00+00:00,136.40023803710938,136.48976135253906,136.40023803710938,136.48976135253906,0
2026-01-10 17:30:00+00:00,136.48037719726562,136.48037719726562,136.3040008544922,136.3040008544922,0
2026-01-10 17:45:00+00:00,136.30445861816406,136.30445861816406,136.0574188232422,136.0574188232422,0
2026-01-10 18:00:00+00:00,136.04995727539062,136.0520477294922,135.84490966796875,135.84490966796875,3525376
2026-01-10 18:15:00+00:00,135.853515625,136.0299530029297,135.853515625,136.00035095214844,0
2026-01-10 18:30:00+00:00,136.01397705078125,136.08349609375,136.01397705078125,136.08192443847656,0
2026-01-10 18:45:00+00:00,136.0812225341797,136.0812225341797,136.01470947265625,136.03067016601562,0
2026-01-10 19:00:00+00:00,136.0292510986328,136.0292510986328,135.8768310546875,135.8768310546875,0
2026-01-10 19:15:00+00:00,135.87869262695312,135.9772491455078,135.8782501220703,135.9772491455078,0
2026-01-10 19:30:00+00:00,135.97689819335938,135.9833984375,135.93087768554688,135.9666748046875,0
2026-01-10 19:45:00+00:00,135.9677276611328,135.97242736816406,135.91221618652344,135.95518493652344,0
2026-01-10 20:00:00+00:00,135.98800659179688,136.06883239746094,135.98800659179688,136.03988647460938,0
2026-01-10 20:15:00+00:00,136.0410919189453,136.0410919189453,135.9422149658203,135.9422149658203,0
2026-01-10 20:30:00+00:00,135.9429473876953,135.94337463378906,135.8730926513672,135.87355041503906,0
2026-01-10 20:45:00+00:00,135.8743133544922,135.89808654785156,135.8650665283203,135.89437866210938,0
2026-01-10 21:00:00+00:00,135.8963623046875,135.90234375,135.75352478027344,135.76039123535156,0
2026-01-10 21:15:00+00:00,135.76321411132812,135.8928985595703,135.759521484375,135.8704833984375,0
2026-01-10 21:30:00+00:00,135.8673095703125,135.8673095703125,135.67323303222656,135.68898010253906,361856
2026-01-10 21:45:00+00:00,135.6836700439453,135.6836700439453,135.6464385986328,135.64688110351562,0
2026-01-10 22:00:00+00:00,135.64723205566406,135.64723205566406,135.47637939453125,135.47637939453125,0
2026-01-10 22:15:00+00:00,135.4739227294922,135.4739227294922,135.29737854003906,135.3246307373047,398464
2026-01-10 22:30:00+00:00,135.33123779296875,135.7052001953125,135.33123779296875,135.67373657226562,1600000
2026-01-10 22:45:00+00:00,135.68704223632812,135.68704223632812,135.48818969726562,135.48818969726562,19456
2026-01-10 23:00:00+00:00,135.4576416015625,135.5775146484375,135.42230224609375,135.57240295410156,0
2026-01-10 23:15:00+00:00,135.53822326660156,135.60462951660156,135.5159454345703,135.60462951660156,709888
2026-01-10 23:30:00+00:00,135.61605834960938,135.76844787597656,135.61605834960938,135.76844787597656,0
2026-01-10 23:45:00+00:00,135.79580688476562,135.84881591796875,135.73081970214844,135.73081970214844,0
2026-01-11 00:00:00+00:00,135.72677612304688,135.7649383544922,135.6424102783203,135.7649383544922,0
2026-01-11 00:15:00+00:00,135.83119201660156,136.1231231689453,135.83119201660156,136.10604858398438,23001344
2026-01-11 00:30:00+00:00,136.10604858398438,136.10604858398438,136.03549194335938,136.03549194335938,1197696
2026-01-11 00:45:00+00:00,136.03384399414062,136.22389221191406,136.01953125,136.22389221191406,415488
2026-01-11 01:00:00+00:00,136.2239227294922,136.2765350341797,136.21131896972656,136.23297119140625,0
2026-01-11 01:15:00+00:00,136.23597717285156,136.23597717285156,136.08827209472656,136.09898376464844,0
2026-01-11 01:30:00+00:00,136.0969696044922,136.0969696044922,135.995361328125,136.09567260742188,0
2026-01-11 01:45:00+00:00,136.10272216796875,136.1422119140625,136.09014892578125,136.10255432128906,0
2026-01-11 02:00:00+00:00,136.10443115234375,136.13909912109375,136.06394958496094,136.1296844482422,0
2026-01-11 02:15:00+00:00,136.18231201171875,136.2399139404297,136.18231201171875,136.18328857421875,0
2026-01-11 02:30:00+00:00,136.17649841308594,136.17649841308594,135.99899291992188,136.10247802734375,0
2026-01-11 02:45:00+00:00,136.11448669433594,136.13877868652344,135.92660522460938,135.93638610839844,8395648
2026-01-11 03:00:00+00:00,135.91334533691406,135.91334533691406,135.76397705078125,135.78402709960938,6447872
2026-01-11 03:15:00+00:00,135.7852325439453,135.89846801757812,135.7852325439453,135.81080627441406,7719424
2026-01-11 03:30:00+00:00,135.81121826171875,135.89215087890625,135.79750061035156,135.88824462890625,1387392
2026-01-11 03:45:00+00:00,135.89601135253906,136.1147003173828,135.89601135253906,136.11082458496094,741888
2026-01-11 04:00:00+00:00,136.1056671142578,136.166015625,136.0871124267578,136.1233673095703,2017920
2026-01-11 04:15:00+00:00,136.12619018554688,136.12619018554688,135.8734893798828,135.87442016601562,4955392
2026-01-11 04:30:00+00:00,135.87371826171875,136.05642700195312,135.87371826171875,136.05642700195312,2669312
2026-01-11 04:45:00+00:00,136.0194091796875,136.0376739501953,135.99459838867188,136.03680419921875,1762560
2026-01-11 05:00:00+00:00,136.03823852539062,136.03823852539062,135.939453125,135.939453125,0
2026-01-11 05:15:00+00:00,135.9304656982422,135.94174194335938,135.8915252685547,135.94094848632812,3484288
2026-01-11 05:30:00+00:00,135.94346618652344,136.06211853027344,135.94346618652344,136.05906677246094,0
2026-01-11 05:45:00+00:00,136.0507049560547,136.1371612548828,136.01219177246094,136.12962341308594,12090624
2026-01-11 06:00:00+00:00,136.13113403320312,136.15216064453125,136.07928466796875,136.1498260498047,7733632
2026-01-11 06:15:00+00:00,136.14666748046875,136.14666748046875,135.870849609375,135.92724609375,3680128
2026-01-11 06:30:00+00:00,135.83961486816406,135.87782287597656,135.82049560546875,135.8753662109375,1217536
2026-01-11 06:45:00+00:00,135.85877990722656,135.98391723632812,135.85877990722656,135.98391723632812,169216
2026-01-11 07:00:00+00:00,135.97947692871094,136.0363006591797,135.9270782470703,135.9274139404297,0
2026-01-11 07:15:00+00:00,135.9242706298828,135.92861938476562,135.88194274902344,135.92454528808594,0
2026-01-11 07:30:00+00:00,135.92601013183594,135.95396423339844,135.92044067382812,135.9220733642578,0
2026-01-11 07:45:00+00:00,135.92079162597656,136.00277709960938,135.92030334472656,136.00074768066406,894720
2026-01-11 08:00:00+00:00,136.0016326904297,136.03326416015625,135.990478515625,136.03326416015625,280576
2026-01-11 08:15:00+00:00,136.0250244140625,136.08970642089844,136.01473999023438,136.07742309570312,2877952
2026-01-11 08:30:00+00:00,136.0945281982422,136.4619598388672,136.0945281982422,136.4567108154297,20804992
2026-01-11 08:45:00+00:00,136.46405029296875,136.66415405273438,136.4346466064453,136.6383056640625,24141824
2026-01-11 09:00:00+00:00,136.64041137695312,136.64041137695312,136.3660430908203,136.4075927734375,10555776
2026-01-11 09:15:00+00:00,136.39817810058594,136.58746337890625,136.39682006835938,136.531494140625,19239936
2026-01-11 09:30:00+00:00,136.53347778320312,136.55728149414062,136.3058319091797,136.3058319091797,6188800
2026-01-11 09:45:00+00:00,136.3245086669922,136.3245086669922,136.27857971191406,136.30426025390625,0
2026-01-11 10:00:00+00:00,136.30320739746094,136.34999084472656,136.2220001220703,136.2867431640625,0
2026-01-11 10:15:00+00:00,136.29359436035156,136.3131866455078,136.24420166015625,136.24920654296875,0
2026-01-11 10:30:00+00:00,136.2480010986328,136.45394897460938,136.2480010986328,136.45394897460938,0
2026-01-11 10:45:00+00:00,136.4164276123047,136.4423065185547,136.39842224121094,136.43795776367188,402688
2026-01-11 11:00:00+00:00,136.43138122558594,136.43972778320312,136.3871612548828,136.41421508789062,0
2026-01-11 11:15:00+00:00,136.4114990234375,136.50448608398438,136.40084838867188,136.50448608398438,1965824
2026-01-11 11:30:00+00:00,136.50486755371094,136.5937957763672,136.50486755371094,136.5929718017578,52992
2026-01-11 11:45:00+00:00,136.56517028808594,136.56517028808594,136.39781188964844,136.39781188964844,0
2026-01-11 12:00:00+00:00,136.39205932617188,136.41067504882812,136.38800048828125,136.40089416503906,0
2026-01-11 12:15:00+00:00,136.40330505371094,136.58045959472656,136.40330505371094,136.56529235839844,4604672
2026-01-11 12:30:00+00:00,136.56979370117188,136.67112731933594,136.56349182128906,136.67112731933594,1809280
2026-01-11 12:45:00+00:00,136.67825317382812,136.88536071777344,136.67825317382812,136.8740997314453,32264960
2026-01-11 13:00:00+00:00,136.88243103027344,137.05184936523438,136.87677001953125,137.05184936523438,12746624
2026-01-11 13:15:00+00:00,137.06161499023438,137.10824584960938,136.99026489257812,136.99923706054688,0
2026-01-11 13:30:00+00:00,137.00741577148438,137.04640197753906,136.92425537109375,136.92425537109375,6777856
2026-01-11 13:45:00+00:00,136.91432189941406,137.02801513671875,136.8439483642578,137.0263671875,23646464
2026-01-11 14:00:00+00:00,137.0396728515625,137.34713745117188,137.0396728515625,137.34713745117188,6770048
2026-01-11 14:15:00+00:00,137.3541259765625,137.6111297607422,137.3541259765625,137.6111297607422,15881600
2026-01-11 14:30:00+00:00,137.6217498779297,137.96176147460938,137.6217498779297,137.96176147460938,42487168
2026-01-11 14:45:00+00:00,137.99636840820312,138.76763916015625,137.9931182861328,138.76763916015625,43841920
2026-01-11 15:00:00+00:00,138.80029296875,139.18795776367188,138.29444885253906,138.29444885253906,117209600
2026-01-11 15:15:00+00:00,138.30458068847656,138.7107391357422,138.28836059570312,138.67535400390625,42178432
2026-01-11 15:30:00+00:00,138.67660522460938,138.67660522460938,138.48741149902344,138.48741149902344,22067456
2026-01-11 15:45:00+00:00,138.3948211669922,138.3948211669922,137.90357971191406,138.03912353515625,43837056
2026-01-11 16:00:00+00:00,138.04510498046875,138.66610717773438,138.04510498046875,138.4896240234375,29344128
2026-01-11 16:15:00+00:00,138.47120666503906,138.96546936035156,138.4107666015625,138.96546936035156,31668992
2026-01-11 16:30:00+00:00,139.12977600097656,141.0433807373047,139.12977600097656,140.66824340820312,276784128
2026-01-11 16:45:00+00:00,140.6984100341797,140.80209350585938,139.80523681640625,139.80523681640625,167687936
2026-01-11 17:00:00+00:00,139.81272888183594,139.86981201171875,139.6927032470703,139.7689971923828,36613376
2026-01-11 17:15:00+00:00,139.77490234375,139.77490234375,139.16883850097656,139.26158142089844,45170432
2026-01-11 17:30:00+00:00,139.2698974609375,139.2698974609375,138.91915893554688,139.105712890625,31663360
2026-01-11 17:45:00+00:00,139.11407470703125,139.5139617919922,139.11407470703125,139.49021911621094,15700224
2026-01-11 18:00:00+00:00,139.5000457763672,139.5000457763672,139.09860229492188,139.09860229492188,863232
2026-01-11 18:15:00+00:00,139.07839965820312,139.0890350341797,139.0207977294922,139.08497619628906,454912
2026-01-11 18:30:00+00:00,139.1536102294922,139.5291290283203,139.1536102294922,139.5291290283203,15181824
2026-01-11 18:45:00+00:00,139.53997802734375,139.9137420654297,139.53997802734375,139.90794372558594,25183744
2026-01-11 19:00:00+00:00,139.8950653076172,139.8950653076172,139.69764709472656,139.83303833007812,12232960
2026-01-11 19:15:00+00:00,139.8363037109375,139.89498901367188,139.6734161376953,139.6734161376953,10197760
2026-01-11 19:30:00+00:00,139.67636108398438,139.6777801513672,139.36215209960938,139.3628387451172,9394688
2026-01-11 19:45:00+00:00,139.35272216796875,139.35272216796875,139.05784606933594,139.31417846679688,46832896
2026-01-11 20:00:00+00:00,139.31246948242188,139.31246948242188,138.68919372558594,138.72390747070312,39601152
2026-01-11 20:15:00+00:00,138.67196655273438,138.67196655273438,137.90313720703125,137.9897918701172,70958080
2026-01-11 20:30:00+00:00,137.97601318359375,138.1929473876953,137.943359375,138.14625549316406,25979136
2026-01-11 20:45:00+00:00,138.1088409423828,138.41001892089844,138.0269317626953,138.39804077148438,57079552
2026-01-11 21:00:00+00:00,138.38809204101562,138.38809204101562,137.85317993164062,137.88775634765625,29559296
2026-01-11 21:15:00+00:00,137.90176391601562,138.1380615234375,137.90176391601562,138.13671875,20192512
2026-01-11 21:30:00+00:00,138.15591430664062,138.2404327392578,138.04502868652344,138.1016845703125,3827712
2026-01-11 21:45:00+00:00,138.0900115966797,138.5691680908203,138.05491638183594,138.55767822265625,20240640
2026-01-11 22:00:00+00:00,138.5488739013672,138.5488739013672,137.61827087402344,137.68222045898438,16087552
2026-01-11 22:15:00+00:00,137.70216369628906,138.14511108398438,137.63792419433594,138.14511108398438,13137664
2026-01-11 22:30:00+00:00,138.1429901123047,138.2969207763672,138.05667114257812,138.22999572753906,9426176
2026-01-11 22:45:00+00:00,138.23585510253906,138.314453125,138.11053466796875,138.11053466796875,2950400
2026-01-11 23:00:00+00:00,138.09906005859375,138.23358154296875,137.6100616455078,138.23358154296875,42546176
2026-01-11 23:15:00+00:00,138.2509307861328,139.2970428466797,138.2509307861328,139.0859832763672,89251584
2026-01-11 23:30:00+00:00,139.0631103515625,139.10096740722656,138.88697814941406,139.03924560546875,23781120
2026-01-11 23:45:00+00:00,139.0485076904297,139.4660186767578,139.0485076904297,139.4660186767578,35305472
2026-01-12 00:00:00+00:00,139.48037719726562,139.48037719726562,138.85972595214844,138.90396118164062,25411584
2026-01-12 00:15:00+00:00,138.92347717285156,140.4398193359375,138.92347717285156,140.43475341796875,137752064
2026-01-12 00:30:00+00:00,140.44302368164062,140.53268432617188,140.05126953125,140.05126953125,123397376
2026-01-12 00:45:00+00:00,140.04714965820312,140.8179168701172,140.04714965820312,140.8179168701172,110312192
2026-01-12 01:00:00+00:00,140.82069396972656,141.4990692138672,140.82069396972656,141.1835479736328,133491968
2026-01-12 01:15:00+00:00,141.23184204101562,141.41015625,141.17721557617188,141.3324737548828,80838144
2026-01-12 01:30:00+00:00,141.35867309570312,141.6054229736328,140.90267944335938,141.265625,90196480
2026-01-12 01:45:00+00:00,141.2786407470703,141.2786407470703,140.9858856201172,140.98948669433594,49859328
2026-01-12 02:00:00+00:00,140.97207641601562,141.48477172851562,140.91773986816406,141.4304656982422,50854912
2026-01-12 02:15:00+00:00,141.4544677734375,142.1322784423828,141.4544677734375,141.86082458496094,81418752
2026-01-12 02:30:00+00:00,141.923095703125,141.9556121826172,141.76943969726562,141.8750457763672,28065792
2026-01-12 02:45:00+00:00,141.87149047851562,142.3953857421875,141.87149047851562,142.33740234375,49910016
2026-01-12 03:00:00+00:00,142.33038330078125,142.79237365722656,142.33038330078125,142.78981018066406,62680576
2026-01-12 03:15:00+00:00,142.78981018066406,143.8806915283203,142.78981018066406,143.51087951660156,151825664
2026-01-12 03:30:00+00:00,143.49330139160156,143.49330139160156,142.5564422607422,142.58665466308594,69915136
2026-01-12 03:45:00+00:00,142.5894012451172,142.7069549560547,142.53993225097656,142.53993225097656,47391232
2026-01-12 04:00:00+00:00,142.54454040527344,142.70762634277344,142.40838623046875,142.60618591308594,39523328
2026-01-12 04:15:00+00:00,142.60044860839844,142.66180419921875,142.43878173828125,142.43878173828125,20293632
2026-01-12 04:30:00+00:00,142.45436096191406,142.7484893798828,142.43934631347656,142.7320556640625,22009344
2026-01-12 04:45:00+00:00,142.72682189941406,142.78611755371094,142.61810302734375,142.61810302734375,19118080
2026-01-12 05:00:00+00:00,142.61477661132812,142.61477661132812,142.44932556152344,142.60195922851562,16676864
2026-01-12 05:15:00+00:00,142.57327270507812,142.73574829101562,142.4970703125,142.73574829101562,318145024
2026-01-12 05:30:00+00:00,142.73391723632812,142.8889617919922,142.68511962890625,142.68511962890625,32662016
2026-01-12 05:45:00+00:00,142.68251037597656,142.68251037597656,142.55633544921875,142.5740203857422,6445568
2026-01-12 06:00:00+00:00,142.5701446533203,143.04258728027344,142.5458526611328,143.02830505371094,14956032
2026-01-12 06:15:00+00:00,143.03231811523438,143.03231811523438,142.5168914794922,142.5168914794922,22429696
2026-01-12 06:30:00+00:00,142.5122528076172,142.5122528076172,141.96096801757812,141.9981231689453,40614912
2026-01-12 06:45:00+00:00,141.99708557128906,142.0083770751953,141.7852325439453,141.8000946044922,31139328
2026-01-12 07:00:00+00:00,141.7896270751953,142.216552734375,141.78179931640625,142.15432739257812,25496576
2026-01-12 07:15:00+00:00,142.119140625,142.119140625,141.707275390625,141.75453186035156,15314432
2026-01-12 07:30:00+00:00,141.7664794921875,141.82086181640625,141.5948028564453,141.73971557617188,64569344
2026-01-12 07:45:00+00:00,141.7258758544922,141.7258758544922,141.29872131347656,141.29872131347656,39996416
2026-01-12 08:00:00+00:00,141.28317260742188,141.48268127441406,141.17022705078125,141.48268127441406,47499264
2026-01-12 08:15:00+00:00,141.47496032714844,141.7093048095703,141.4103546142578,141.59523010253906,36815872
2026-01-12 08:30:00+00:00,141.58206176757812,141.58206176757812,139.838134765625,139.838134765625,54594560
2026-01-12 08:45:00+00:00,139.77838134765625,139.82424926757812,139.15365600585938,139.82424926757812,85186048
2026-01-12 09:00:00+00:00,139.8296356201172,139.83912658691406,139.31674194335938,139.6469268798828,42266624
2026-01-12 09:15:00+00:00,139.6437225341797,139.93875122070312,139.6437225341797,139.82044982910156,31158272
2026-01-12 09:30:00+00:00,139.81631469726562,139.90245056152344,139.72911071777344,139.83737182617188,36572160
2026-01-12 09:45:00+00:00,139.84335327148438,139.91725158691406,139.3174591064453,139.3174591064453,43835904
2026-01-12 10:00:00+00:00,139.42843627929688,139.8715057373047,139.35745239257812,139.819580078125,27051008
2026-01-12 10:15:00+00:00,139.755126953125,139.755126953125,139.33828735351562,139.3861083984375,28261376
2026-01-12 10:30:00+00:00,139.38209533691406,139.5755615234375,139.38209533691406,139.4798126220703,19098112
2026-01-12 10:45:00+00:00,139.47157287597656,139.47157287597656,139.02980041503906,139.02980041503906,34671616
2026-01-12 11:00:00+00:00,139.04429626464844,139.39364624023438,139.04429626464844,139.39364624023438,18688512
2026-01-12 11:15:00+00:00,139.4005126953125,139.6488037109375,139.3769989013672,139.6355438232422,17889280
2026-01-12 11:30:00+00:00,139.6279754638672,139.68032836914062,139.59381103515625,139.67831420898438,22656512
2026-01-12 11:45:00+00:00,139.6846466064453,139.8931427001953,139.6846466064453,139.88491821289062,16791552
2026-01-12 12:00:00+00:00,139.89071655273438,139.95021057128906,139.79153442382812,139.82452392578125,21648384
2026-01-12 12:15:00+00:00,139.82498168945312,139.98104858398438,139.82498168945312,139.94859313964844,5656576
2026-01-12 12:30:00+00:00,139.94065856933594,140.01914978027344,139.81344604492188,139.86239624023438,13202944
2026-01-12 12:45:00+00:00,139.8438262939453,139.8590087890625,139.63607788085938,139.63607788085938,0
2026-01-12 13:00:00+00:00,139.64044189453125,139.79043579101562,139.45310974121094,139.5751190185547,11596800
2026-01-12 13:15:00+00:00,139.53897094726562,139.631103515625,139.4842987060547,139.51011657714844,6846464
2026-01-12 13:30:00+00:00,139.50148010253906,139.75474548339844,139.49351501464844,139.6271514892578,8893440
2026-01-12 13:45:00+00:00,139.61981201171875,139.66357421875,139.4818878173828,139.59515380859375,20216320
2026-01-12 14:00:00+00:00,139.5909423828125,139.79200744628906,139.5880584716797,139.79200744628906,188928
2026-01-12 14:15:00+00:00,139.79660034179688,139.8482208251953,139.02755737304688,139.07102966308594,63509504
2026-01-12 14:30:00+00:00,139.05014038085938,140.152099609375,139.05014038085938,140.0526580810547,72469504
2026-01-12 14:45:00+00:00,140.044189453125,140.2705078125,139.9905548095703,140.19699096679688,25521152
2026-01-12 15:00:00+00:00,140.21351623535156,140.2858123779297,140.0840606689453,140.13365173339844,0
2026-01-12 15:15:00+00:00,140.1647186279297,141.23037719726562,140.1647186279297,141.1898193359375,49646592
2026-01-12 15:30:00+00:00,141.23294067382812,142.00270080566406,141.22463989257812,141.9542236328125,60615168
2026-01-12 15:45:00+00:00,142.0868377685547,142.42601013183594,142.0868377685547,142.40902709960938,51660800
2026-01-12 16:00:00+00:00,142.39105224609375,142.82101440429688,142.39105224609375,142.69921875,31004672
2026-01-12 16:15:00+00:00,142.69442749023438,143.32167053222656,142.34226989746094,143.32167053222656,61576704
2026-01-12 16:30:00+00:00,143.42262268066406,143.88153076171875,143.25526428222656,143.25526428222656,0
2026-01-12 16:45:00+00:00,143.2900848388672,143.2900848388672,142.87075805664062,143.0393829345703,0
2026-01-12 17:00:00+00:00,143.0189666748047,143.47483825683594,142.89797973632812,142.93435668945312,23090176
2026-01-12 17:15:00+00:00,142.95675659179688,142.9785614013672,142.2943115234375,142.2943115234375,19743744
2026-01-12 17:30:00+00:00,142.2935791015625,142.2935791015625,141.49716186523438,141.78648376464844,66441728
2026-01-12 17:45:00+00:00,141.73495483398438,141.86265563964844,141.7013702392578,141.75634765625,39978496
2026-01-12 18:00:00+00:00,141.7661590576172,142.44004821777344,141.68667602539062,142.44004821777344,32922112
2026-01-12 18:15:00+00:00,142.41403198242188,142.4917449951172,142.40087890625,142.45404052734375,33470464
2026-01-12 18:30:00+00:00,142.48617553710938,142.55618286132812,140.69869995117188,140.7269744873047,70622720
2026-01-12 18:45:00+00:00,140.73974609375,141.1653289794922,140.73974609375,141.14443969726562,42551296
2026-01-12 19:00:00+00:00,141.1240692138672,141.2281951904297,140.78758239746094,141.06674194335938,16607232
2026-01-12 19:15:00+00:00,141.041748046875,141.29815673828125,140.96792602539062,140.96792602539062,20779008
2026-01-12 19:30:00+00:00,140.98876953125,140.98876953125,140.8019256591797,140.90533447265625,25577984
2026-01-12 19:45:00+00:00,140.90994262695312,141.1813507080078,140.89646911621094,141.08604431152344,1273344
2026-01-12 20:00:00+00:00,141.07701110839844,141.40753173828125,140.97323608398438,141.2908477783203,0
2026-01-12 20:15:00+00:00,141.300537109375,141.300537109375,140.9486541748047,140.9486541748047,0
2026-01-12 20:30:00+00:00,140.95718383789062,140.95718383789062,140.3120880126953,140.35987854003906,9120768
2026-01-12 20:45:00+00:00,140.3416290283203,140.35304260253906,139.9932098388672,139.99778747558594,0
2026-01-12 21:00:00+00:00,140.04331970214844,140.0653533935547,139.75277709960938,139.92799377441406,10366464
2026-01-12 21:15:00+00:00,139.92625427246094,139.94415283203125,139.6852569580078,139.6852569580078,9318400
2026-01-12 21:30:00+00:00,139.67306518554688,139.67306518554688,139.44163513183594,139.4432373046875,30835200
2026-01-12 21:45:00+00:00,139.4285430908203,139.4285430908203,138.42665100097656,138.442138671875,58056704
2026-01-12 22:00:00+00:00,138.54580688476562,139.4915771484375,138.54580688476562,139.4915771484375,43407360
2026-01-12 22:15:00+00:00,139.4603271484375,139.523681640625,139.2911376953125,139.4000701904297,24204800
2026-01-12 22:30:00+00:00,139.389892578125,139.39422607421875,139.244873046875,139.39422607421875,6937600
2026-01-12 22:45:00+00:00,139.38157653808594,139.38157653808594,139.13014221191406,139.13014221191406,9786880
2026-01-12 23:00:00+00:00,139.12741088867188,139.12741088867188,138.78448486328125,138.78448486328125,8890368
2026-01-12 23:15:00+00:00,138.7606964111328,138.9849395751953,138.63992309570312,138.9849395751953,640000
2026-01-12 23:30:00+00:00,138.98509216308594,139.26600646972656,138.98509216308594,139.22006225585938,0
2026-01-12 23:45:00+00:00,139.21824645996094,139.21824645996094,139.13270568847656,139.13844299316406,0
2026-01-13 00:00:00+00:00,139.12864685058594,139.15206909179688,138.87791442871094,138.87791442871094,3552256
2026-01-13 00:15:00+00:00,138.89012145996094,139.11924743652344,138.85838317871094,139.11924743652344,0
2026-01-13 00:30:00+00:00,139.0832977294922,139.0832977294922,138.79637145996094,138.80325317382812,0
2026-01-13 00:45:00+00:00,138.82167053222656,139.03370666503906,138.82167053222656,139.03370666503906,0
2026-01-13 01:00:00+00:00,139.03778076171875,139.30844116210938,139.03778076171875,139.30844116210938,0
2026-01-13 01:15:00+00:00,139.3010711669922,139.307861328125,139.04443359375,139.04971313476562,0
2026-01-13 01:30:00+00:00,139.04119873046875,139.04119873046875,138.3886260986328,138.41824340820312,22531584
2026-01-13 01:45:00+00:00,138.4254150390625,138.75572204589844,138.4254150390625,138.72561645507812,0
2026-01-13 02:00:00+00:00,138.73208618164062,138.98497009277344,138.59182739257812,138.6078643798828,0
2026-01-13 02:15:00+00:00,138.6355438232422,138.8346710205078,138.6355438232422,138.70570373535156,1629184
2026-01-13 02:30:00+00:00,138.7059783935547,138.7059783935547,138.44992065429688,138.44992065429688,41858048
2026-01-13 02:45:00+00:00,138.36138916015625,138.442138671875,138.18296813964844,138.38671875,3687424
2026-01-13 03:00:00+00:00,138.37644958496094,138.37644958496094,137.81849670410156,137.81973266601562,0
2026-01-13 03:15:00+00:00,137.8544158935547,138.45733642578125,137.8544158935547,138.45733642578125,0
2026-01-13 03:30:00+00:00,138.45458984375,138.45458984375,138.31752014160156,138.32847595214844,0
2026-01-13 03:45:00+00:00,138.3239288330078,138.51736450195312,138.306640625,138.51736450195312,0
2026-01-13 04:00:00+00:00,138.5112762451172,138.62828063964844,138.5112762451172,138.62828063964844,258700288
2026-01-13 04:15:00+00:00,138.62750244140625,138.72413635253906,138.53793334960938,138.53793334960938,250880
2026-01-13 04:30:00+00:00,138.55612182617188,138.55612182617188,138.34593200683594,138.49835205078125,0
2026-01-13 04:45:00+00:00,138.50680541992188,138.88153076171875,138.50680541992188,138.88153076171875,4090368
2026-01-13 05:00:00+00:00,138.88626098632812,139.2573699951172,138.80166625976562,139.2573699951172,18363904
2026-01-13 05:15:00+00:00,139.30889892578125,139.988525390625,139.30889892578125,139.91636657714844,75715072
2026-01-13 05:30:00+00:00,139.89141845703125,139.89141845703125,139.45993041992188,139.45993041992188,25210880
2026-01-13 05:45:00+00:00,139.4786376953125,139.9255828857422,139.4786376953125,139.83908081054688,50183168
2026-01-13 06:00:00+00:00,139.79054260253906,139.96774291992188,139.79054260253906,139.8818359375,2620416
2026-01-13 06:15:00+00:00,139.87234497070312,140.23854064941406,139.87234497070312,140.23854064941406,0
2026-01-13 06:30:00+00:00,140.21971130371094,140.3652801513672,140.12159729003906,140.3652801513672,0
2026-01-13 06:45:00+00:00,140.29837036132812,140.5088653564453,140.2144317626953,140.4738311767578,14883840
2026-01-13 07:00:00+00:00,140.47959899902344,140.47959899902344,140.28866577148438,140.29701232910156,61924864
2026-01-13 07:15:00+00:00,140.29661560058594,140.3023681640625,140.107666015625,140.19940185546875,112128
2026-01-13 07:30:00+00:00,140.20114135742188,140.215576171875,140.0172119140625,140.0172119140625,0
2026-01-13 07:45:00+00:00,139.9977569580078,140.0121307373047,139.94700622558594,139.94903564453125,0
2026-01-13 08:00:00+00:00,139.91268920898438,140.12252807617188,139.91268920898438,140.1007080078125,0
2026-01-13 08:15:00+00:00,140.126708984375,140.66525268554688,140.126708984375,140.65225219726562,10305024
2026-01-13 08:30:00+00:00,140.6173858642578,141.04745483398438,140.5148162841797,141.04745483398438,0
2026-01-13 08:45:00+00:00,141.08045959472656,141.55690002441406,141.08045959472656,141.48255920410156,0
2026-01-13 09:00:00+00:00,141.47657775878906,141.744873046875,141.4650115966797,141.744873046875,13368320
2026-01-13 09:15:00+00:00,141.7554473876953,142.50254821777344,141.72900390625,142.342041015625,84838400
2026-01-13 09:30:00+00:00,142.2279510498047,142.2279510498047,141.43032836914062,141.45950317382812,49811968
2026-01-13 09:45:00+00:00,141.4525604248047,141.82518005371094,141.39474487304688,141.82518005371094,23955968
2026-01-13 10:00:00+00:00,141.84230041503906,142.22238159179688,141.6776885986328,142.22238159179688,36035584
2026-01-13 10:15:00+00:00,142.17510986328125,142.17510986328125,142.03518676757812,142.11727905273438,11976704
2026-01-13 10:30:00+00:00,142.1354522705078,142.1731719970703,142.08485412597656,142.1099853515625,9803776
2026-01-13 10:45:00+00:00,142.06068420410156,142.06068420410156,141.73406982421875,142.0015411376953,47824896
2026-01-13 11:00:00+00:00,141.99903869628906,141.99903869628906,141.77960205078125,141.7941436767578,7029248
2026-01-13 11:15:00+00:00,141.78338623046875,141.8524932861328,141.55862426757812,141.69479370117188,11343360
2026-01-13 11:30:00+00:00,141.66146850585938,141.9845733642578,141.5888671875,141.96180725097656,15562752
2026-01-13 11:45:00+00:00,141.9303741455078,141.9303741455078,141.7733154296875,141.7733154296875,2838016
2026-01-13 12:00:00+00:00,141.76898193359375,141.7949981689453,141.65037536621094,141.7369842529297,0
2026-01-13 12:15:00+00:00,141.4691162109375,141.8387908935547,141.4691162109375,141.8076629638672,26788864
2026-01-13 12:30:00+00:00,141.80587768554688,141.95399475097656,141.80587768554688,141.90113830566406,4908544
2026-01-13 12:45:00+00:00,141.89468383789062,142.08192443847656,141.89468383789062,142.08192443847656,2660864
2026-01-13 13:00:00+00:00,142.07638549804688,142.07638549804688,141.83221435546875,141.85333251953125,6285824
2026-01-13 13:15:00+00:00,141.84829711914062,141.88702392578125,141.7384033203125,141.86590576171875,2116096
2026-01-13 13:30:00+00:00,141.94630432128906,142.79953002929688,141.94630432128906,142.3759307861328,254025216
2026-01-13 13:45:00+00:00,142.3937530517578,142.7186737060547,142.3937530517578,142.5209503173828,98235904
2026-01-13 14:00:00+00:00,142.3340606689453,142.3340606689453,141.89080810546875,141.9845733642578,47712768
2026-01-13 14:15:00+00:00,141.9898223876953,142.85421752929688,141.9898223876953,142.85421752929688,3357184
2026-01-13 14:30:00+00:00,142.87696838378906,143.3115692138672,142.87203979492188,143.30703735351562,4758016
2026-01-13 14:45:00+00:00,143.25442504882812,143.25442504882812,142.08079528808594,142.08079528808594,46015488
2026-01-13 15:00:00+00:00,142.07655334472656,142.07655334472656,141.47006225585938,141.7273712158203,27247616
2026-01-13 15:15:00+00:00,141.76649475097656,141.81552124023438,141.29989624023438,141.54266357421875,6361088
2026-01-13 15:30:00+00:00,141.56935119628906,142.82785034179688,141.56935119628906,142.79400634765625,5319680
2026-01-13 15:45:00+00:00,142.76788330078125,143.16539001464844,142.3915252685547,143.16297912597656,31157760
2026-01-13 16:00:00+00:00,143.41859436035156,143.52615356445312,143.21182250976562,143.21182250976562,6287360
2026-01-13 16:15:00+00:00,143.19984436035156,143.49520874023438,142.9285888671875,143.4710693359375,27876864
2026-01-13 16:30:00+00:00,143.48672485351562,143.94859313964844,143.43618774414062,143.82046508789062,8153088
2026-01-13 16:45:00+00:00,143.74420166015625,143.75250244140625,143.4612274169922,143.4612274169922,8037376
2026-01-13 17:00:00+00:00,143.38864135742188,143.39834594726562,142.9300537109375,142.9300537109375,4879360
2026-01-13 17:15:00+00:00,142.9351043701172,142.9853057861328,142.59539794921875,142.9853057861328,10125824
2026-01-13 17:30:00+00:00,142.96913146972656,142.96913146972656,142.595458984375,142.70205688476562,0
2026-01-13 17:45:00+00:00,142.6677703857422,142.85508728027344,142.6677703857422,142.75003051757812,0
2026-01-13 18:00:00+00:00,142.72621154785156,143.13809204101562,142.72621154785156,143.13809204101562,7348224
2026-01-13 18:15:00+00:00,143.14073181152344,143.40884399414062,143.14073181152344,143.2592315673828,277504
2026-01-13 18:30:00+00:00,143.25588989257812,143.41673278808594,143.15562438964844,143.22125244140625,0
2026-01-13 18:45:00+00:00,143.20980834960938,143.48190307617188,143.20980834960938,143.27943420410156,448000
2026-01-13 19:00:00+00:00,143.28533935546875,143.37551879882812,143.12779235839844,143.23434448242188,3182592
2026-01-13 19:15:00+00:00,143.22286987304688,143.555908203125,143.18295288085938,143.555908203125,4028928
2026-01-13 19:30:00+00:00,143.56472778320312,143.7734832763672,143.56472778320312,143.72900390625,22581248
2026-01-13 19:45:00+00:00,143.71873474121094,144.19309997558594,143.67613220214844,144.19309997558594,49775104
2026-01-13 20:00:00+00:00,144.21299743652344,144.27471923828125,144.08102416992188,144.1620330810547,10377728
2026-01-13 20:15:00+00:00,144.15301513671875,144.15301513671875,143.7520751953125,143.7528839111328,18880512
2026-01-13 20:30:00+00:00,143.7088165283203,143.7088165283203,143.10154724121094,143.10911560058594,31219712
2026-01-13 20:45:00+00:00,143.13925170898438,143.39776611328125,143.13925170898438,143.39776611328125,15711744
2026-01-13 21:00:00+00:00,143.44044494628906,144.0027618408203,143.44044494628906,144.0027618408203,22448128
2026-01-13 21:15:00+00:00,144.01058959960938,144.14785766601562,144.00767517089844,144.0572509765625,9879552
2026-01-13 21:30:00+00:00,144.03518676757812,144.03518676757812,143.5540008544922,143.5540008544922,492544
2026-01-13 21:45:00+00:00,143.5526885986328,143.55352783203125,143.41116333007812,143.41116333007812,0
2026-01-13 22:00:00+00:00,143.38536071777344,146.39549255371094,143.38536071777344,146.39549255371094,311205376
2026-01-13 22:15:00+00:00,146.62315368652344,147.25784301757812,146.62315368652344,146.9810791015625,216778752
2026-01-13 22:30:00+00:00,146.7202606201172,146.75262451171875,146.27586364746094,146.75262451171875,160413696
2026-01-13 22:45:00+00:00,146.74179077148438,147.3013153076172,146.74179077148438,146.86781311035156,71984640
2026-01-13 23:00:00+00:00,146.85716247558594,147.21090698242188,146.85716247558594,146.9990997314453,20707840
2026-01-13 23:15:00+00:00,147.00132751464844,147.0460205078125,146.1778564453125,146.1778564453125,47336960
2026-01-13 23:30:00+00:00,146.17059326171875,146.17059326171875,145.0345458984375,145.0345458984375,75667456
2026-01-13 23:45:00+00:00,144.91868591308594,145.3886260986328,144.80125427246094,145.3886260986328,97780224
2026-01-14 00:00:00+00:00,145.36993408203125,145.5116424560547,145.21617126464844,145.36790466308594,21303296
2026-01-14 00:15:00+00:00,145.36289978027344,145.4163055419922,144.76087951660156,144.76087951660156,58371584
2026-01-14 00:30:00+00:00,144.75144958496094,144.96151733398438,144.4726104736328,144.96151733398438,26641408
2026-01-14 00:45:00+00:00,144.97500610351562,145.16976928710938,144.90670776367188,145.07115173339844,50466304
2026-01-14 01:00:00+00:00,144.96153259277344,145.62548828125,144.96153259277344,145.62548828125,43816960
2026-01-14 01:15:00+00:00,145.61270141601562,145.67514038085938,145.49749755859375,145.5522918701172,4423680
2026-01-14 01:30:00+00:00,145.53396606445312,145.94898986816406,145.46218872070312,145.54669189453125,25931264
2026-01-14 01:45:00+00:00,145.54579162597656,145.65704345703125,145.3321533203125,145.65704345703125,23461376
2026-01-14 02:00:00+00:00,145.65272521972656,146.10128784179688,145.5657501220703,146.10128784179688,20272128
2026-01-14 02:15:00+00:00,146.1119384765625,146.16273498535156,145.90786743164062,145.90786743164062,12185600
2026-01-14 02:30:00+00:00,145.79518127441406,145.80331420898438,145.70867919921875,145.71609497070312,0
2026-01-14 02:45:00+00:00,145.7321014404297,145.8338623046875,145.30992126464844,145.31793212890625,17878528
2026-01-14 03:00:00+00:00,145.3423614501953,145.52845764160156,145.30792236328125,145.5143280029297,31681536
2026-01-14 03:15:00+00:00,145.47811889648438,145.52243041992188,145.34112548828125,145.34112548828125,8233984
2026-01-14 03:30:00+00:00,145.34152221679688,146.061279296875,145.315185546875,146.05409240722656,16389632
2026-01-14 03:45:00+00:00,146.04100036621094,146.04100036621094,145.9245147705078,146.032470703125,15348736
2026-01-14 04:00:00+00:00,146.1090850830078,146.1470947265625,145.20375061035156,145.2065887451172,53210112
2026-01-14 04:15:00+00:00,145.2039337158203,145.56234741210938,145.2039337158203,145.56234741210938,18805760
2026-01-14 04:30:00+00:00,145.555908203125,145.555908203125,145.12918090820312,145.12918090820312,26215936
2026-01-14 04:45:00+00:00,145.11610412597656,145.11610412597656,144.81289672851562,144.81289672851562,51033088
2026-01-14 05:00:00+00:00,144.8240203857422,144.83302307128906,144.7353515625,144.83302307128906,0
2026-01-14 05:15:00+00:00,144.8232879638672,144.9924774169922,144.69891357421875,144.69891357421875,0
2026-01-14 05:30:00+00:00,144.69564819335938,144.9727783203125,144.63372802734375,144.91444396972656,0
2026-01-14 05:45:00+00:00,144.81600952148438,144.81600952148438,144.41635131835938,144.41831970214844,23371776
2026-01-14 06:00:00+00:00,144.4159393310547,144.4159393310547,144.02195739746094,144.2115936279297,13891584
2026-01-14 06:15:00+00:00,144.2132568359375,144.32980346679688,143.94114685058594,144.03118896484375,41583104
2026-01-14 06:30:00+00:00,144.0465545654297,144.32855224609375,144.01133728027344,144.32855224609375,10491392
2026-01-14 06:45:00+00:00,144.33546447753906,144.58380126953125,144.33546447753906,144.58380126953125,1476096
2026-01-14 07:00:00+00:00,144.58924865722656,144.93006896972656,144.5795440673828,144.86341857910156,10218496
2026-01-14 07:15:00+00:00,144.85690307617188,144.86732482910156,144.46080017089844,144.46080017089844,6395904
2026-01-14 07:30:00+00:00,144.4523468017578,144.4523468017578,144.15924072265625,144.2930908203125,40646656
2026-01-14 07:45:00+00:00,144.30604553222656,144.75384521484375,144.30604553222656,144.73773193359375,39183360
2026-01-14 08:00:00+00:00,144.74562072753906,145.0182342529297,144.74562072753906,144.99990844726562,13168640
2026-01-14 08:15:00+00:00,144.99429321289062,145.01849365234375,144.84832763671875,144.84832763671875,136704
2026-01-14 08:30:00+00:00,144.82972717285156,144.82972717285156,144.65591430664062,144.65591430664062,8337408
2026-01-14 08:45:00+00:00,144.6646728515625,144.89488220214844,144.6646728515625,144.85618591308594,0
2026-01-14 09:00:00+00:00,144.8582000732422,145.31082153320312,144.85003662109375,145.31082153320312,0
2026-01-14 09:15:00+00:00,145.3455810546875,145.48736572265625,145.3455810546875,145.45455932617188,0
2026-01-14 09:30:00+00:00,145.4301300048828,145.46084594726562,145.3312225341797,145.3312225341797,0
2026-01-14 09:45:00+00:00,145.33209228515625,145.39158630371094,145.29898071289062,145.380859375,0
2026-01-14 10:00:00+00:00,145.38677978515625,145.59835815429688,145.38677978515625,145.59422302246094,0
2026-01-14 10:15:00+00:00,145.59361267089844,145.59361267089844,144.84597778320312,144.8780517578125,23220224
2026-01-14 10:30:00+00:00,144.9156036376953,145.04098510742188,144.69320678710938,144.89822387695312,16948736
2026-01-14 10:45:00+00:00,144.89442443847656,144.97369384765625,144.81398010253906,144.81398010253906,0
2026-01-14 11:00:00+00:00,144.7055206298828,144.7055206298828,144.26177978515625,144.2694091796875,1041920
2026-01-14 11:15:00+00:00,144.27476501464844,144.27476501464844,143.9452667236328,143.96490478515625,27704320
2026-01-14 11:30:00+00:00,143.9691162109375,144.0341339111328,143.9578094482422,143.95904541015625,6355968
2026-01-14 11:45:00+00:00,143.95693969726562,143.9700927734375,143.5248565673828,143.5248565673828,15208960
2026-01-14 12:00:00+00:00,143.5811767578125,144.15957641601562,143.5811767578125,144.15957641601562,16949248
2026-01-14 12:15:00+00:00,144.1559295654297,144.3968505859375,144.1559295654297,144.3968505859375,9432064
2026-01-14 12:30:00+00:00,144.38632202148438,144.57818603515625,144.3672637939453,144.57424926757812,35999744
2026-01-14 12:45:00+00:00,144.563720703125,144.57626342773438,144.4752655029297,144.52333068847656,5953536
2026-01-14 13:00:00+00:00,144.5226593017578,144.52377319335938,144.2460479736328,144.32997131347656,0
2026-01-14 13:15:00+00:00,144.28802490234375,144.56515502929688,144.25772094726562,144.56515502929688,39545856
2026-01-14 13:30:00+00:00,144.5882110595703,144.697509765625,144.57861328125,144.59561157226562,0
2026-01-14 13:45:00+00:00,144.57240295410156,144.57240295410156,144.0311279296875,144.0736541748047,0
2026-01-14 14:00:00+00:00,144.07635498046875,145.16476440429688,144.07635498046875,145.16476440429688,14543360
2026-01-14 14:15:00+00:00,145.1564483642578,145.90679931640625,145.11343383789062,145.8863525390625,53592064
2026-01-14 14:30:00+00:00,145.8834228515625,146.14915466308594,145.72813415527344,146.0748291015625,26508288
2026-01-14 14:45:00+00:00,146.05422973632812,147.12307739257812,146.05422973632812,146.9236297607422,94278144
2026-01-14 15:00:00+00:00,146.88746643066406,147.06820678710938,146.12232971191406,146.9808807373047,56774656
2026-01-14 15:15:00+00:00,146.97528076171875,147.11282348632812,146.82997131347656,147.02691650390625,70755328
2026-01-14 15:30:00+00:00,147.01023864746094,147.02114868164062,146.40963745117188,146.40963745117188,28720640
2026-01-14 15:45:00+00:00,146.43026733398438,146.88124084472656,146.43026733398438,146.88124084472656,12784640
2026-01-14 16:00:00+00:00,146.9019317626953,147.7364959716797,146.9019317626953,147.7364959716797,16736768
2026-01-14 16:15:00+00:00,147.7260284423828,148.1754150390625,147.7260284423828,147.79421997070312,37906944
2026-01-14 16:30:00+00:00,147.79251098632812,148.19947814941406,147.61187744140625,147.95819091796875,20394496
2026-01-14 16:45:00+00:00,147.73037719726562,147.75027465820312,147.10328674316406,147.1114044189453,88205312
2026-01-14 17:00:00+00:00,147.11256408691406,147.2659149169922,146.99124145507812,147.2659149169922,11122176
2026-01-14 17:15:00+00:00,147.28738403320312,147.42466735839844,147.25001525878906,147.25001525878906,10018816
2026-01-14 17:30:00+00:00,147.23097229003906,147.23097229003906,146.22671508789062,146.46449279785156,29572096
2026-01-14 17:45:00+00:00,146.4612579345703,146.7379150390625,146.06219482421875,146.06219482421875,44275712
2026-01-14 18:00:00+00:00,146.06723022460938,146.45008850097656,145.96551513671875,146.36961364746094,11046400
2026-01-14 18:15:00+00:00,146.375244140625,146.83982849121094,146.28900146484375,146.83982849121094,20868608
2026-01-14 18:30:00+00:00,146.90805053710938,147.24900817871094,145.81002807617188,145.82249450683594,22791680
2026-01-14 18:45:00+00:00,145.78297424316406,146.4891815185547,145.589599609375,146.4805908203125,40458240
2026-01-14 19:00:00+00:00,146.44186401367188,146.53982543945312,146.2654266357422,146.52952575683594,21927424
2026-01-14 19:15:00+00:00,146.5601348876953,146.87075805664062,146.5601348876953,146.7559356689453,36202496
2026-01-14 19:30:00+00:00,146.89358520507812,147.0733642578125,146.64772033691406,146.914794921875,37569024
2026-01-14 19:45:00+00:00,146.91433715820312,146.91433715820312,146.6771240234375,146.6771240234375,2713600
2026-01-14 20:00:00+00:00,146.69476318359375,147.39369201660156,146.69476318359375,147.39369201660156,12617728
2026-01-14 20:15:00+00:00,147.41976928710938,147.41976928710938,147.0407257080078,147.0407257080078,20937728
2026-01-14 20:30:00+00:00,147.0456085205078,147.62576293945312,146.9973602294922,147.5929718017578,10361344
2026-01-14 20:45:00+00:00,147.53150939941406,147.53150939941406,147.25257873535156,147.42633056640625,7137280
2026-01-14 21:00:00+00:00,147.44740295410156,147.44866943359375,147.17691040039062,147.17691040039062,1953280
2026-01-14 21:15:00+00:00,147.16558837890625,147.16558837890625,147.01739501953125,147.01739501953125,3076608
2026-01-14 21:30:00+00:00,147.03872680664062,147.34307861328125,147.03872680664062,147.1717987060547,3448832
2026-01-14 21:45:00+00:00,147.16049194335938,147.16049194335938,146.55462646484375,146.56549072265625,11150848
2026-01-14 22:00:00+00:00,146.7030029296875,146.97775268554688,146.7030029296875,146.92234802246094,0
2026-01-14 22:15:00+00:00,146.8670654296875,146.8670654296875,146.7000732421875,146.7000732421875,0
2026-01-14 22:30:00+00:00,146.68638610839844,146.68638610839844,146.02899169921875,146.04122924804688,0
2026-01-14 22:45:00+00:00,146.05618286132812,146.28042602539062,146.01687622070312,146.10113525390625,0
2026-01-14 23:00:00+00:00,146.11904907226562,146.71446228027344,146.11904907226562,146.71446228027344,0
2026-01-14 23:15:00+00:00,146.70318603515625,146.7969512939453,146.48292541503906,146.48292541503906,0
2026-01-14 23:30:00+00:00,146.48214721679688,146.5043182373047,146.21803283691406,146.4567108154297,0
2026-01-14 23:45:00+00:00,146.50201416015625,146.79043579101562,146.4842987060547,146.7626953125,0
2026-01-15 00:00:00+00:00,146.7583770751953,146.7583770751953,146.1261749267578,146.1737823486328,0
2026-01-15 00:15:00+00:00,146.19252014160156,146.27947998046875,145.99630737304688,145.9981689453125,0
2026-01-15 00:30:00+00:00,145.97894287109375,145.97894287109375,145.58889770507812,145.6163787841797,0
2026-01-15 00:45:00+00:00,145.61639404296875,145.76596069335938,145.60650634765625,145.76596069335938,0
2026-01-15 01:00:00+00:00,145.8057098388672,146.39520263671875,145.8057098388672,146.1009063720703,0
2026-01-15 01:15:00+00:00,146.11868286132812,146.11868286132812,145.75588989257812,145.80477905273438,1664512
2026-01-15 01:30:00+00:00,145.76651000976562,145.76651000976562,144.92315673828125,145.1573028564453,0
2026-01-15 01:45:00+00:00,145.1527557373047,145.16603088378906,145.0083770751953,145.0829620361328,0
2026-01-15 02:00:00+00:00,145.12586975097656,145.4005126953125,145.12586975097656,145.27793884277344,0
2026-01-15 02:15:00+00:00,145.22329711914062,145.302490234375,145.0728759765625,145.08335876464844,458752
2026-01-15 02:30:00+00:00,145.06031799316406,145.06031799316406,144.54290771484375,144.93751525878906,30512128
2026-01-15 02:45:00+00:00,144.93284606933594,144.93284606933594,144.40109252929688,144.40109252929688,1248768
2026-01-15 03:00:00+00:00,144.41726684570312,144.56512451171875,144.39138793945312,144.56512451171875,0
2026-01-15 03:15:00+00:00,144.5587158203125,144.5587158203125,143.9859619140625,144.0062713623047,7727616
2026-01-15 03:30:00+00:00,143.9536590576172,143.9536590576172,143.42178344726562,143.44012451171875,58338304
2026-01-15 03:45:00+00:00,143.4796142578125,143.48538208007812,143.2936553955078,143.31301879882812,32899072
2026-01-15 04:00:00+00:00,143.32894897460938,143.927734375,143.32894897460938,143.9229736328125,8167424
2026-01-15 04:15:00+00:00,143.9258270263672,144.12750244140625,143.90660095214844,144.09573364257812,3171840
2026-01-15 04:30:00+00:00,144.07154846191406,144.18798828125,144.00794982910156,144.18798828125,0
2026-01-15 04:45:00+00:00,144.19581604003906,144.3235626220703,144.19581604003906,144.29425048828125,0
2026-01-15 05:00:00+00:00,144.3063507080078,144.45579528808594,144.3063507080078,144.4514617919922,1973248
2026-01-15 05:15:00+00:00,144.4574737548828,144.52670288085938,144.42343139648438,144.4709930419922,0
2026-01-15 05:30:00+00:00,144.47962951660156,144.63331604003906,144.426513671875,144.63331604003906,1295360
2026-01-15 05:45:00+00:00,144.64096069335938,144.6997528076172,144.48776245117188,144.50338745117188,0
2026-01-15 06:00:00+00:00,144.53550720214844,144.62322998046875,144.53550720214844,144.556640625,0
2026-01-15 06:15:00+00:00,144.5537872314453,144.72940063476562,144.55075073242188,144.57904052734375,0
2026-01-15 06:30:00+00:00,144.5658416748047,144.5658416748047,144.15672302246094,144.15672302246094,1011712
2026-01-15 06:45:00+00:00,144.14720153808594,144.21607971191406,144.08567810058594,144.2054443359375,96768
2026-01-15 07:00:00+00:00,144.20852661132812,144.34259033203125,144.15049743652344,144.34259033203125,0
2026-01-15 07:15:00+00:00,144.34164428710938,144.70989990234375,144.34164428710938,144.70989990234375,4851712
2026-01-15 07:30:00+00:00,144.70767211914062,144.9480743408203,144.70767211914062,144.9480743408203,0
2026-01-15 07:45:00+00:00,144.9497528076172,145.05284118652344,144.8261260986328,144.84219360351562,0
2026-01-15 08:00:00+00:00,144.8670196533203,145.0723876953125,144.18560791015625,144.24388122558594,23266816
2026-01-15 08:15:00+00:00,144.25851440429688,144.550537109375,144.25851440429688,144.45330810546875,22371328
2026-01-15 08:30:00+00:00,144.45233154296875,144.45233154296875,144.33615112304688,144.44749450683594,0
2026-01-15 08:45:00+00:00,144.52871704101562,144.82171630859375,144.49594116210938,144.8166961669922,10717696
2026-01-15 09:00:00+00:00,144.82237243652344,144.82237243652344,144.61863708496094,144.63563537597656,0
2026-01-15 09:15:00+00:00,144.62091064453125,145.02113342285156,144.54388427734375,145.02113342285156,2601984
2026-01-15 09:30:00+00:00,145.02320861816406,145.80111694335938,145.02320861816406,145.80111694335938,29558272
2026-01-15 09:45:00+00:00,145.8079833984375,145.86834716796875,145.679443359375,145.77639770507812,44140032
2026-01-15 10:00:00+00:00,145.7562255859375,145.7562255859375,145.34054565429688,145.36268615722656,15975936
2026-01-15 10:15:00+00:00,145.36703491210938,145.48294067382812,145.34951782226562,145.34951782226562,0
2026-01-15 10:30:00+00:00,145.3478546142578,145.3478546142578,145.2452392578125,145.30580139160156,0
2026-01-15 10:45:00+00:00,145.33106994628906,145.4103546142578,145.33106994628906,145.3834228515625,0
2026-01-15 11:00:00+00:00,145.37977600097656,145.47100830078125,145.36239624023438,145.3741912841797,0
2026-01-15 11:15:00+00:00,145.37661743164062,145.5396270751953,145.36256408691406,145.49752807617188,0
2026-01-15 11:30:00+00:00,145.4991912841797,145.52734375,145.03688049316406,145.03688049316406,0
2026-01-15 11:45:00+00:00,145.02783203125,145.02783203125,144.81817626953125,144.81817626953125,739840
2026-01-15 12:00:00+00:00,144.8177490234375,144.9602813720703,144.76405334472656,144.9602813720703,0
2026-01-15 12:15:00+00:00,144.95895385742188,144.96902465820312,144.5557403564453,144.5557403564453,570368
2026-01-15 12:30:00+00:00,144.5198516845703,144.5198516845703,144.38856506347656,144.4905242919922,0
2026-01-15 12:45:00+00:00,144.51837158203125,144.87142944335938,144.51837158203125,144.8709716796875,7551488
2026-01-15 13:00:00+00:00,144.8848114013672,144.8848114013672,144.55287170410156,144.55581665039062,41947648
2026-01-15 13:15:00+00:00,144.55828857421875,145.1411895751953,144.55828857421875,145.13111877441406,0
2026-01-15 13:30:00+00:00,145.1332244873047,145.1332244873047,144.63099670410156,144.71534729003906,12005888
2026-01-15 13:45:00+00:00,144.71044921875,145.1672821044922,144.71044921875,145.1229248046875,127488
2026-01-15 14:00:00+00:00,145.12908935546875,145.4712677001953,145.12908935546875,145.4712677001953,0
2026-01-15 14:15:00+00:00,145.51536560058594,145.51536560058594,145.27032470703125,145.35414123535156,0
2026-01-15 14:30:00+00:00,145.259765625,145.259765625,143.7065887451172,143.7065887451172,7311872
2026-01-15 14:45:00+00:00,143.74559020996094,144.28237915039062,143.5138702392578,143.94515991210938,1230336
2026-01-15 15:00:00+00:00,143.96469116210938,144.03488159179688,143.81956481933594,143.9042205810547,0
2026-01-15 15:15:00+00:00,143.83926391601562,143.83926391601562,142.76486206054688,142.76486206054688,41327616
2026-01-15 15:30:00+00:00,142.74424743652344,142.74424743652344,142.2559356689453,142.3544158935547,21111808
2026-01-15 15:45:00+00:00,142.3611297607422,142.6068572998047,142.07423400878906,142.6068572998047,39663616
2026-01-15 16:00:00+00:00,142.72317504882812,143.1375274658203,142.72317504882812,143.020263671875,9408512
2026-01-15 16:15:00+00:00,143.00430297851562,143.3756866455078,143.00430297851562,143.2170867919922,0
2026-01-15 16:30:00+00:00,143.22433471679688,143.29052734375,142.8685302734375,143.29052734375,0
2026-01-15 16:45:00+00:00,143.28623962402344,143.73194885253906,143.28623962402344,143.6879425048828,0
2026-01-15 17:00:00+00:00,143.6707000732422,143.6707000732422,143.10806274414062,143.2229461669922,0
2026-01-15 17:15:00+00:00,143.17794799804688,143.2897491455078,143.0643768310547,143.2897491455078,0
2026-01-15 17:30:00+00:00,143.31057739257812,143.97059631347656,143.31057739257812,143.97059631347656,0
2026-01-15 17:45:00+00:00,143.9650421142578,143.9650421142578,142.684326171875,142.70298767089844,0
2026-01-15 18:00:00+00:00,142.642333984375,142.81375122070312,142.3058319091797,142.3058319091797,4951040
2026-01-15 18:15:00+00:00,142.33026123046875,142.33026123046875,142.10269165039062,142.25390625,3188736
2026-01-15 18:30:00+00:00,142.27005004882812,142.44964599609375,141.7405242919922,141.7405242919922,7693824
2026-01-15 18:45:00+00:00,141.80020141601562,141.97518920898438,141.60336303710938,141.7686004638672,710144
2026-01-15 19:00:00+00:00,141.76773071289062,141.76773071289062,141.14675903320312,141.5430908203125,8446976
2026-01-15 19:15:00+00:00,141.4384307861328,141.68138122558594,141.275146484375,141.28573608398438,0
2026-01-15 19:30:00+00:00,141.29457092285156,141.4918670654297,141.03707885742188,141.09609985351562,0
2026-01-15 19:45:00+00:00,141.1267852783203,141.6059112548828,141.1267852783203,141.4662322998047,4960256
2026-01-15 20:00:00+00:00,141.45330810546875,141.70834350585938,141.45330810546875,141.62411499023438,0
2026-01-15 20:15:00+00:00,141.62171936035156,141.6307373046875,141.4088592529297,141.4088592529297,407552
2026-01-15 20:30:00+00:00,141.34942626953125,141.5791015625,141.27056884765625,141.3724365234375,0
2026-01-15 20:45:00+00:00,141.36428833007812,141.43350219726562,141.19284057617188,141.41021728515625,0
2026-01-15 21:00:00+00:00,141.40257263183594,141.59698486328125,141.35519409179688,141.5811309814453,0
2026-01-15 21:15:00+00:00,141.5823974609375,141.82583618164062,141.5823974609375,141.82583618164062,0
2026-01-15 21:30:00+00:00,141.8299560546875,141.9687042236328,141.8299560546875,141.94703674316406,2259456
2026-01-15 21:45:00+00:00,141.95480346679688,142.1683807373047,141.95480346679688,141.99392700195312,538112
2026-01-15 22:00:00+00:00,142.01028442382812,142.28732299804688,142.01028442382812,142.17494201660156,0
2026-01-15 22:15:00+00:00,142.2018280029297,142.30958557128906,142.10081481933594,142.30958557128906,0
2026-01-15 22:30:00+00:00,142.30178833007812,142.41400146484375,142.30178833007812,142.3642578125,0
2026-01-15 22:45:00+00:00,142.35116577148438,142.35906982421875,142.25518798828125,142.27748107910156,0
2026-01-15 23:00:00+00:00,142.29115295410156,142.30825805664062,142.09164428710938,142.1348876953125,0
2026-01-15 23:15:00+00:00,142.13824462890625,142.5001678466797,142.13824462890625,142.42568969726562,0
2026-01-15 23:30:00+00:00,142.41653442382812,142.41653442382812,142.11048889160156,142.11289978027344,0
2026-01-15 23:45:00+00:00,142.114501953125,142.3232421875,142.114501953125,142.3232421875,0
2026-01-16 00:00:00+00:00,142.33343505859375,142.43260192871094,142.30047607421875,142.38441467285156,0
2026-01-16 00:15:00+00:00,142.3795623779297,142.57574462890625,142.3795623779297,142.49937438964844,0
2026-01-16 00:30:00+00:00,142.50003051757812,142.67262268066406,142.46707153320312,142.6469268798828,351744
2026-01-16 00:45:00+00:00,142.65223693847656,142.69903564453125,142.5021514892578,142.5021514892578,0
2026-01-16 01:00:00+00:00,142.49993896484375,142.49993896484375,142.01551818847656,142.02047729492188,0
2026-01-16 01:15:00+00:00,142.0269012451172,142.15219116210938,142.0269012451172,142.15219116210938,3408896
2026-01-16 01:30:00+00:00,142.1656036376953,142.4945831298828,142.1656036376953,142.35107421875,0
2026-01-16 01:45:00+00:00,142.34629821777344,142.4256591796875,142.31764221191406,142.39480590820312,0
2026-01-16 02:00:00+00:00,142.3865966796875,142.3865966796875,141.90757751464844,141.90757751464844,9441792
2026-01-16 02:15:00+00:00,141.91189575195312,142.005615234375,141.73617553710938,142.005615234375,6167040
2026-01-16 02:30:00+00:00,142.0353240966797,142.19766235351562,141.98477172851562,141.99400329589844,0
2026-01-16 02:45:00+00:00,141.99832153320312,142.0968780517578,141.99832153320312,142.0968780517578,0
2026-01-16 03:00:00+00:00,142.10400390625,142.33755493164062,142.10400390625,142.33755493164062,0
2026-01-16 03:15:00+00:00,142.33441162109375,142.33441162109375,142.25067138671875,142.25067138671875,0
2026-01-16 03:30:00+00:00,142.2481689453125,142.2481689453125,141.95692443847656,142.1114044189453,0
2026-01-16 03:45:00+00:00,142.0994110107422,142.0994110107422,141.91603088378906,141.91603088378906,0
2026-01-16 04:00:00+00:00,141.9147491455078,141.95590209960938,141.8986358642578,141.95590209960938,0
2026-01-16 04:15:00+00:00,141.9502410888672,142.54071044921875,141.9502410888672,142.54071044921875,14675968
2026-01-16 04:30:00+00:00,142.49124145507812,142.49124145507812,141.8750457763672,141.8856658935547,16174080
2026-01-16 04:45:00+00:00,141.89097595214844,141.93040466308594,141.4625701904297,141.4625701904297,26831104
2026-01-16 05:00:00+00:00,141.4970703125,141.8048553466797,141.4970703125,141.7948760986328,15170048
2026-01-16 05:15:00+00:00,141.7876434326172,141.82254028320312,141.7389373779297,141.75563049316406,5096448
2026-01-16 05:30:00+00:00,141.80540466308594,142.2886962890625,141.80540466308594,142.2886962890625,6518528
2026-01-16 05:45:00+00:00,142.2999267578125,143.19744873046875,142.2999267578125,143.1770782470703,70596608
2026-01-16 06:00:00+00:00,143.16688537597656,143.16688537597656,142.83331298828125,142.83331298828125,5792000
2026-01-16 06:15:00+00:00,142.8253631591797,142.9316864013672,142.77218627929688,142.9316864013672,0
2026-01-16 06:30:00+00:00,142.9353485107422,143.1592559814453,142.9353485107422,143.15859985351562,245248
2026-01-16 06:45:00+00:00,143.16378784179688,143.28836059570312,143.16378784179688,143.2758026123047,937216
2026-01-16 07:00:00+00:00,143.28195190429688,143.28195190429688,143.16632080078125,143.20318603515625,0
2026-01-16 07:15:00+00:00,143.21133422851562,143.21253967285156,143.0330810546875,143.0330810546875,0
2026-01-16 07:30:00+00:00,142.8714599609375,142.87290954589844,142.65516662597656,142.65516662597656,0
2026-01-16 07:45:00+00:00,142.6383514404297,142.8208770751953,142.63055419921875,142.8208770751953,9615616
2026-01-16 08:00:00+00:00,142.82879638671875,143.1768341064453,142.82879638671875,143.16250610351562,0
2026-01-16 08:15:00+00:00,143.1648712158203,143.2386016845703,143.1648712158203,143.2303466796875,0
2026-01-16 08:30:00+00:00,143.24742126464844,143.3074951171875,143.16053771972656,143.1929168701172,5731328
2026-01-16 08:45:00+00:00,143.19232177734375,143.20794677734375,143.07655334472656,143.1043243408203,4617216
2026-01-16 09:00:00+00:00,143.0971221923828,143.28565979003906,143.08729553222656,143.2584991455078,7794688
2026-01-16 09:15:00+00:00,143.25843811035156,143.25843811035156,142.9251251220703,142.96963500976562,476928
2026-01-16 09:30:00+00:00,143.03871154785156,143.05377197265625,142.97325134277344,143.05377197265625,0
2026-01-16 09:45:00+00:00,143.05284118652344,143.16305541992188,143.0203857421875,143.07911682128906,0
2026-01-16 10:00:00+00:00,143.0703582763672,143.0703582763672,142.90869140625,142.9933624267578,0
2026-01-16 10:15:00+00:00,142.99266052246094,142.99266052246094,142.83958435058594,142.843505859375,0
2026-01-16 10:30:00+00:00,142.84266662597656,142.84725952148438,142.71282958984375,142.71282958984375,2217216
2026-01-16 10:45:00+00:00,142.7303009033203,142.98728942871094,142.7303009033203,142.9781951904297,5249280
2026-01-16 11:00:00+00:00,142.98959350585938,143.05023193359375,142.98959350585938,143.02719116210938,9420288
2026-01-16 11:15:00+00:00,142.96908569335938,143.0053253173828,142.87628173828125,142.9843292236328,5482240
2026-01-16 11:30:00+00:00,143.02947998046875,143.2747802734375,143.02947998046875,143.1223602294922,3150848
2026-01-16 11:45:00+00:00,143.09292602539062,143.128173828125,142.92385864257812,143.0583038330078,5503232
2026-01-16 12:00:00+00:00,143.05958557128906,143.3457794189453,143.05958557128906,143.3414764404297,5255168
2026-01-16 12:15:00+00:00,143.3412322998047,143.6811981201172,143.3140106201172,143.6811981201172,15602944
2026-01-16 12:30:00+00:00,143.68179321289062,143.71018981933594,143.5892791748047,143.69590759277344,4007680
2026-01-16 12:45:00+00:00,143.69996643066406,143.69996643066406,143.4356689453125,143.52590942382812,2668544
2026-01-16 13:00:00+00:00,143.53807067871094,143.56434631347656,143.35964965820312,143.37359619140625,0
2026-01-16 13:15:00+00:00,143.37550354003906,143.4138946533203,143.24871826171875,143.25192260742188,1144576
2026-01-16 13:30:00+00:00,143.23695373535156,143.23695373535156,142.82081604003906,142.8380126953125,0
2026-01-16 13:45:00+00:00,142.83624267578125,142.99908447265625,142.83624267578125,142.9860382080078,0
2026-01-16 14:00:00+00:00,142.9867706298828,143.0977325439453,142.9867706298828,143.0379180908203,0
2026-01-16 14:15:00+00:00,143.02984619140625,143.19424438476562,142.8683319091797,143.19424438476562,0
2026-01-16 14:30:00+00:00,143.2455291748047,143.4817657470703,143.2133331298828,143.2133331298828,574208
2026-01-16 14:45:00+00:00,143.20240783691406,143.21495056152344,143.0240478515625,143.10769653320312,0
2026-01-16 15:00:00+00:00,143.09304809570312,143.4639892578125,142.92100524902344,143.45864868164062,0
2026-01-16 15:15:00+00:00,143.4339141845703,143.4339141845703,142.26795959472656,142.26795959472656,0
2026-01-16 15:30:00+00:00,142.0335235595703,142.0536346435547,140.9601593017578,140.9601593017578,22445056
2026-01-16 15:45:00+00:00,140.89573669433594,140.89573669433594,140.46063232421875,140.77264404296875,15233280
2026-01-16 16:00:00+00:00,140.76791381835938,141.29197692871094,140.7178192138672,141.16038513183594,0
2026-01-16 16:15:00+00:00,141.22666931152344,141.70362854003906,141.22666931152344,141.69842529296875,16587520
2026-01-16 16:30:00+00:00,141.68685913085938,141.73257446289062,141.50965881347656,141.73257446289062,1338368
2026-01-16 16:45:00+00:00,141.72808837890625,141.83071899414062,141.67811584472656,141.69459533691406,6530816
2026-01-16 17:00:00+00:00,141.7158966064453,141.8158721923828,141.54788208007812,141.54788208007812,0
2026-01-16 17:15:00+00:00,141.606689453125,141.95144653320312,141.606689453125,141.95144653320312,16892928
2026-01-16 17:30:00+00:00,142.3627471923828,142.7206268310547,142.3627471923828,142.7206268310547,29369344
2026-01-16 17:45:00+00:00,142.72645568847656,142.99229431152344,142.72645568847656,142.99229431152344,314112
2026-01-16 18:00:00+00:00,143.03628540039062,143.23451232910156,143.03628540039062,143.08392333984375,2049792
2026-01-16 18:15:00+00:00,143.025390625,143.24476623535156,143.025390625,143.24476623535156,0
2026-01-16 18:30:00+00:00,143.26876831054688,143.43768310546875,143.26876831054688,143.41514587402344,124160
2026-01-16 18:45:00+00:00,143.4500274658203,143.7269744873047,143.4500274658203,143.52157592773438,12637184
2026-01-16 19:00:00+00:00,143.5061798095703,143.52944946289062,143.39248657226562,143.52944946289062,0
2026-01-16 19:15:00+00:00,143.47569274902344,143.47569274902344,143.083740234375,143.4271240234375,4945152
2026-01-16 19:30:00+00:00,143.5269012451172,144.35882568359375,143.5269012451172,144.15330505371094,20323328
2026-01-16 19:45:00+00:00,144.1356658935547,144.172119140625,144.09616088867188,144.1251983642578,0
2026-01-16 20:00:00+00:00,144.12794494628906,144.12794494628906,143.59678649902344,143.64529418945312,6458880
2026-01-16 20:15:00+00:00,143.638427734375,144.05641174316406,143.638427734375,144.05641174316406,0
2026-01-16 20:30:00+00:00,144.09381103515625,144.4967041015625,144.09381103515625,144.4967041015625,10533376
2026-01-16 20:45:00+00:00,144.5208740234375,144.70669555664062,144.5208740234375,144.70669555664062,13064448
2026-01-16 21:00:00+00:00,144.7550506591797,145.00515747070312,144.7550506591797,144.9632568359375,23430912
2026-01-16 21:15:00+00:00,144.80575561523438,144.87335205078125,144.72219848632812,144.87335205078125,22913280
2026-01-16 21:30:00+00:00,145.26675415039062,145.37611389160156,145.15823364257812,145.15823364257812,31818496
2026-01-16 21:45:00+00:00,145.14903259277344,145.22357177734375,145.0942840576172,145.19390869140625,9036544
2026-01-16 22:00:00+00:00,145.1617889404297,145.1617889404297,144.9077911376953,144.9077911376953,27954688
2026-01-16 22:15:00+00:00,144.84414672851562,144.90773010253906,144.77635192871094,144.825927734375,14987520
2026-01-16 22:30:00+00:00,144.7998504638672,144.88720703125,144.6630096435547,144.6630096435547,1986048
2026-01-16 22:45:00+00:00,144.6904296875,144.84475708007812,144.6904296875,144.84475708007812,12313088
2026-01-16 23:00:00+00:00,144.88851928710938,144.91055297851562,144.8216552734375,144.8275604248047,1040384
2026-01-16 23:15:00+00:00,144.8537139892578,145.03948974609375,144.8537139892578,145.03948974609375,1509120
2026-01-16 23:30:00+00:00,145.03469848632812,145.0760040283203,144.8319549560547,144.8319549560547,2127360
2026-01-16 23:45:00+00:00,144.8295440673828,144.8573760986328,144.75375366210938,144.8573760986328,6706432
2026-01-17 00:00:00+00:00,144.85617065429688,144.85617065429688,144.70167541503906,144.70167541503906,1878016
2026-01-17 00:15:00+00:00,144.7047882080078,144.7047882080078,144.59503173828125,144.65625,3859712
2026-01-17 00:30:00+00:00,144.6334991455078,144.6334991455078,144.3436279296875,144.35540771484375,0
2026-01-17 00:45:00+00:00,144.3661346435547,144.3661346435547,144.22467041015625,144.26722717285156,1795072
2026-01-17 01:00:00+00:00,144.25131225585938,144.611572265625,144.25131225585938,144.6033935546875,42782976
2026-01-17 01:15:00+00:00,144.60157775878906,144.72152709960938,144.60157775878906,144.64173889160156,6602752
2026-01-17 01:30:00+00:00,144.60159301757812,144.62557983398438,144.56512451171875,144.58294677734375,3563520
2026-01-17 01:45:00+00:00,144.5883331298828,144.6599884033203,144.5883331298828,144.64285278320312,1817600
2026-01-17 02:00:00+00:00,144.6346893310547,144.6346893310547,144.349853515625,144.349853515625,0
2026-01-17 02:15:00+00:00,144.3470458984375,144.3612823486328,144.24822998046875,144.28379821777344,0
2026-01-17 02:30:00+00:00,144.2925567626953,144.41807556152344,144.2520751953125,144.4156951904297,1811456
2026-01-17 02:45:00+00:00,144.40194702148438,144.49497985839844,144.39991760253906,144.49497985839844,0
2026-01-17 03:00:00+00:00,144.4955596923828,144.5213165283203,144.40936279296875,144.40936279296875,0
2026-01-17 03:15:00+00:00,144.39610290527344,144.39610290527344,144.31382751464844,144.33203125,0
2026-01-17 03:30:00+00:00,144.3297119140625,144.3297119140625,144.2465057373047,144.28529357910156,0
2026-01-17 03:45:00+00:00,144.30101013183594,144.39288330078125,144.2978057861328,144.3282012939453,121344
2026-01-17 04:00:00+00:00,144.32711791992188,144.37530517578125,144.302978515625,144.37510681152344,0
2026-01-17 04:15:00+00:00,144.37660217285156,144.39535522460938,144.2941131591797,144.2941131591797,0
2026-01-17 04:30:00+00:00,144.29017639160156,144.3141632080078,144.22235107421875,144.22235107421875,0
2026-01-17 04:45:00+00:00,144.24073791503906,144.3378143310547,144.23190307617188,144.3378143310547,0
2026-01-17 05:00:00+00:00,144.31716918945312,144.31716918945312,144.09719848632812,144.10165405273438,0
2026-01-17 05:15:00+00:00,144.08009338378906,144.08009338378906,143.93743896484375,144.00997924804688,0
2026-01-17 05:30:00+00:00,144.00999450683594,144.08914184570312,143.9894561767578,144.08761596679688,0
2026-01-17 05:45:00+00:00,144.092529296875,144.12425231933594,143.9095916748047,143.9095916748047,0
2026-01-17 06:00:00+00:00,143.9102783203125,143.94544982910156,143.90933227539062,143.91233825683594,0
2026-01-17 06:15:00+00:00,143.91494750976562,143.91494750976562,143.8437957763672,143.8437957763672,0
2026-01-17 06:30:00+00:00,143.83010864257812,143.94827270507812,143.7685089111328,143.93829345703125,0
2026-01-17 06:45:00+00:00,143.9178009033203,143.9178009033203,143.76864624023438,143.82345581054688,0
2026-01-17 07:00:00+00:00,143.81597900390625,143.81597900390625,143.6815948486328,143.69805908203125,0
2026-01-17 07:15:00+00:00,143.6832733154297,143.80844116210938,143.6832733154297,143.8077392578125,551424
2026-01-17 07:30:00+00:00,143.815185546875,143.8649139404297,143.79940795898438,143.79940795898438,0
2026-01-17 07:45:00+00:00,143.7915496826172,143.7915496826172,143.66517639160156,143.6996612548828,998912
2026-01-17 08:00:00+00:00,143.68511962890625,143.7511444091797,143.6320037841797,143.7511444091797,207616
2026-01-17 08:15:00+00:00,143.75732421875,143.9734649658203,143.75732421875,143.9734649658203,20480
2026-01-17 08:30:00+00:00,143.99644470214844,144.1431884765625,143.99644470214844,144.1098175048828,0
2026-01-17 08:45:00+00:00,144.1107940673828,144.16311645507812,144.10113525390625,144.1573486328125,0
2026-01-17 09:00:00+00:00,144.15664672851562,144.15664672851562,144.08079528808594,144.08079528808594,0
2026-01-17 09:15:00+00:00,144.06939697265625,144.1901092529297,144.01441955566406,144.1901092529297,0
2026-01-17 09:30:00+00:00,144.30616760253906,144.38546752929688,144.29115295410156,144.38546752929688,2119680
2026-01-17 09:45:00+00:00,144.4136199951172,144.4951629638672,144.4136199951172,144.4330596923828,5927424
2026-01-17 10:00:00+00:00,144.43040466308594,144.52000427246094,144.39413452148438,144.49905395507812,1881088
2026-01-17 10:15:00+00:00,144.5064239501953,144.53343200683594,144.39842224121094,144.39842224121094,1092096
2026-01-17 10:30:00+00:00,144.4026336669922,144.4026336669922,144.10438537597656,144.10438537597656,11528960
2026-01-17 10:45:00+00:00,144.10255432128906,144.10255432128906,143.9373779296875,143.9373779296875,0
2026-01-17 11:00:00+00:00,143.93092346191406,143.93092346191406,143.63087463378906,143.6803436279297,15406848
2026-01-17 11:15:00+00:00,143.6803741455078,144.0222930908203,143.6803741455078,144.0222930908203,3061760
2026-01-17 11:30:00+00:00,144.034423828125,144.07667541503906,143.997802734375,143.997802734375,0
2026-01-17 11:45:00+00:00,144.00140380859375,144.00140380859375,143.84303283691406,143.90464782714844,0
2026-01-17 12:00:00+00:00,143.90859985351562,143.9265899658203,143.86497497558594,143.91561889648438,0
2026-01-17 12:15:00+00:00,143.9145050048828,143.93687438964844,143.77691650390625,143.7799072265625,0
2026-01-17 12:30:00+00:00,143.77593994140625,143.8058624267578,143.74578857421875,143.74578857421875,0
2026-01-17 12:45:00+00:00,143.75230407714844,143.75230407714844,143.70608520507812,143.71426391601562,0
2026-01-17 13:00:00+00:00,143.7107391357422,143.72227478027344,143.6397705078125,143.71192932128906,768512
2026-01-17 13:15:00+00:00,143.72064208984375,143.92657470703125,143.7029571533203,143.7029571533203,0
2026-01-17 13:30:00+00:00,143.69715881347656,143.76573181152344,143.6479034423828,143.76573181152344,0
2026-01-17 13:45:00+00:00,143.7593536376953,143.92520141601562,143.7593536376953,143.92520141601562,0
2026-01-17 14:00:00+00:00,143.934326171875,143.934326171875,143.81890869140625,143.86416625976562,0
2026-01-17 14:15:00+00:00,143.8944091796875,143.91366577148438,143.8533172607422,143.87452697753906,10512128
2026-01-17 14:30:00+00:00,143.89260864257812,144.16270446777344,143.89260864257812,144.13356018066406,0
2026-01-17 14:45:00+00:00,144.114501953125,144.114501953125,143.87448120117188,143.87448120117188,0
2026-01-17 15:00:00+00:00,143.8834686279297,143.8834686279297,143.79644775390625,143.79644775390625,0
2026-01-17 15:15:00+00:00,143.8087615966797,143.8302459716797,143.72352600097656,143.76089477539062,0
2026-01-17 15:30:00+00:00,143.76402282714844,143.92636108398438,143.76296997070312,143.92636108398438,0
2026-01-17 15:45:00+00:00,143.9354248046875,144.07594299316406,143.8581085205078,144.07594299316406,0
2026-01-17 16:00:00+00:00,144.16317749023438,144.2231903076172,144.135498046875,144.20167541503906,0
2026-01-17 16:15:00+00:00,144.19386291503906,144.19386291503906,143.8212432861328,143.86309814453125,0
2026-01-17 16:30:00+00:00,143.89166259765625,143.97203063964844,143.78347778320312,143.8889923095703,0
2026-01-17 16:45:00+00:00,143.89068603515625,143.90933227539062,143.766845703125,143.83152770996094,0
2026-01-17 17:00:00+00:00,143.829833984375,143.9783172607422,143.8049774169922,143.97109985351562,0
2026-01-17 17:15:00+00:00,143.9720458984375,144.00277709960938,143.93516540527344,144.00277709960938,0
2026-01-17 17:30:00+00:00,144.03338623046875,144.16001892089844,144.03338623046875,144.1168212890625,0
2026-01-17 17:45:00+00:00,144.12200927734375,144.12924194335938,143.9530029296875,143.9541778564453,0
2026-01-17 18:00:00+00:00,143.965576171875,144.14024353027344,143.965576171875,144.14024353027344,0
2026-01-17 18:15:00+00:00,144.1294708251953,144.1436004638672,144.08102416992188,144.1354217529297,0
2026-01-17 18:30:00+00:00,144.13873291015625,144.1879425048828,144.13873291015625,144.15725708007812,0
2026-01-17 18:45:00+00:00,144.1602020263672,144.1925506591797,144.1462860107422,144.18711853027344,0
2026-01-17 19:00:00+00:00,144.19358825683594,144.21841430664062,144.17431640625,144.20262145996094,0
2026-01-17 19:15:00+00:00,144.20335388183594,144.20335388183594,144.1248016357422,144.125244140625,0
2026-01-17 19:30:00+00:00,144.12599182128906,144.42286682128906,144.10552978515625,144.3916473388672,0
2026-01-17 19:45:00+00:00,144.38307189941406,144.38307189941406,144.21693420410156,144.21693420410156,0
2026-01-17 20:00:00+00:00,144.21449279785156,144.21449279785156,144.17039489746094,144.19827270507812,0
2026-01-17 20:15:00+00:00,144.1940460205078,144.45973205566406,144.1940460205078,144.414794921875,0
2026-01-17 20:30:00+00:00,144.4114227294922,144.4114227294922,144.35076904296875,144.3688507080078,0
2026-01-17 20:45:00+00:00,144.37034606933594,144.46189880371094,144.37034606933594,144.43524169921875,0
2026-01-17 21:00:00+00:00,144.43698120117188,144.46897888183594,144.43698120117188,144.44468688964844,0
2026-01-17 21:15:00+00:00,144.44387817382812,144.44387817382812,144.3416290283203,144.36708068847656,0
2026-01-17 21:30:00+00:00,144.36740112304688,144.3716278076172,144.2795867919922,144.2795867919922,0
2026-01-17 21:45:00+00:00,144.27700805664062,144.2821044921875,144.2146453857422,144.2146453857422,0
2026-01-17 22:00:00+00:00,144.2186737060547,144.2186737060547,143.9600067138672,143.9600067138672,0
2026-01-17 22:15:00+00:00,143.92379760742188,143.97488403320312,143.81263732910156,143.8189239501953,0
2026-01-17 22:30:00+00:00,143.8195037841797,143.8195037841797,143.6193084716797,143.6923065185547,2645760
2026-01-17 22:45:00+00:00,143.67080688476562,143.77005004882812,143.586181640625,143.77005004882812,0
2026-01-17 23:00:00+00:00,143.75694274902344,143.8905792236328,143.7244415283203,143.86590576171875,5344256
2026-01-17 23:15:00+00:00,143.86390686035156,143.86390686035156,143.65814208984375,143.65814208984375,0
2026-01-17 23:30:00+00:00,143.6538543701172,143.79747009277344,143.6538543701172,143.7646942138672,0
2026-01-17 23:45:00+00:00,143.764892578125,143.7664794921875,143.71507263183594,143.72483825683594,0
2026-01-18 00:00:00+00:00,143.7330780029297,143.7716522216797,143.685546875,143.73654174804688,0
2026-01-18 00:15:00+00:00,143.738525390625,143.75186157226562,143.64804077148438,143.6505584716797,901760
2026-01-18 00:30:00+00:00,143.65696716308594,143.8214569091797,143.64039611816406,143.64039611816406,0
2026-01-18 00:45:00+00:00,143.6197052001953,143.6197052001953,143.2530059814453,143.25575256347656,26692480
2026-01-18 01:00:00+00:00,143.25599670410156,143.25599670410156,142.5898895263672,142.6326904296875,35244288
2026-01-18 01:15:00+00:00,142.6317596435547,142.6317596435547,142.3487548828125,142.47137451171875,55156352
2026-01-18 01:30:00+00:00,142.4744110107422,142.6418914794922,142.4744110107422,142.62904357910156,10021376
2026-01-18 01:45:00+00:00,142.62889099121094,142.70404052734375,142.6067352294922,142.61993408203125,11116160
2026-01-18 02:00:00+00:00,142.64683532714844,142.78173828125,142.64683532714844,142.75442504882812,1124224
2026-01-18 02:15:00+00:00,142.75338745117188,142.94850158691406,142.60379028320312,142.60379028320312,4376704
2026-01-18 02:30:00+00:00,142.5983428955078,142.5983428955078,142.15342712402344,142.18626403808594,41727744
2026-01-18 02:45:00+00:00,142.19395446777344,142.3965606689453,142.19395446777344,142.3965606689453,29023488
2026-01-18 03:00:00+00:00,142.43008422851562,142.55079650878906,142.43008422851562,142.4405517578125,7990528
2026-01-18 03:15:00+00:00,142.44467163085938,142.54019165039062,142.44467163085938,142.54019165039062,10047616
2026-01-18 03:30:00+00:00,142.5526123046875,142.8072052001953,142.5526123046875,142.78643798828125,9214080
2026-01-18 03:45:00+00:00,142.79469299316406,142.80361938476562,142.74249267578125,142.74249267578125,1746176
2026-01-18 04:00:00+00:00,142.7610626220703,142.78746032714844,142.69859313964844,142.71266174316406,477696
2026-01-18 04:15:00+00:00,142.7162628173828,142.7162628173828,142.66647338867188,142.6793670654297,7759616
2026-01-18 04:30:00+00:00,142.68959045410156,142.7247314453125,142.64222717285156,142.645263671875,588288
2026-01-18 04:45:00+00:00,142.64361572265625,142.8329315185547,142.64361572265625,142.8329315185547,2169088
2026-01-18 05:00:00+00:00,142.8308563232422,142.8308563232422,142.7060089111328,142.72897338867188,0
2026-01-18 05:15:00+00:00,142.73863220214844,142.8540802001953,142.73863220214844,142.83311462402344,11115648
2026-01-18 05:30:00+00:00,142.83041381835938,142.83041381835938,142.64576721191406,142.66189575195312,12662656
2026-01-18 05:45:00+00:00,142.67169189453125,142.8440704345703,142.67169189453125,142.8395538330078,15639040
2026-01-18 06:00:00+00:00,142.8071746826172,142.91566467285156,142.76693725585938,142.87864685058594,17552384
2026-01-18 06:15:00+00:00,142.8780059814453,142.8780059814453,142.640869140625,142.640869140625,11528960
2026-01-18 06:30:00+00:00,142.64218139648438,142.67384338378906,142.59278869628906,142.6726531982422,3018752
2026-01-18 06:45:00+00:00,142.67066955566406,142.7060089111328,142.5936737060547,142.61105346679688,18889728
2026-01-18 07:00:00+00:00,142.61341857910156,142.63600158691406,142.40631103515625,142.40631103515625,8214272
2026-01-18 07:15:00+00:00,142.40667724609375,142.45257568359375,142.33978271484375,142.45257568359375,13410304
2026-01-18 07:30:00+00:00,142.46511840820312,142.46511840820312,142.2449493408203,142.27957153320312,13458688
2026-01-18 07:45:00+00:00,142.2743377685547,142.2743377685547,142.15245056152344,142.1542510986328,5717504
2026-01-18 08:00:00+00:00,142.14984130859375,142.14984130859375,142.00186157226562,142.00186157226562,19910144
2026-01-18 08:15:00+00:00,142.0084228515625,142.1660919189453,141.96859741210938,142.16409301757812,10607616
2026-01-18 08:30:00+00:00,142.15884399414062,142.35194396972656,142.15884399414062,142.34764099121094,2911744
2026-01-18 08:45:00+00:00,142.3424072265625,142.38198852539062,142.31614685058594,142.38198852539062,1235200
2026-01-18 09:00:00+00:00,142.37855529785156,142.43699645996094,142.3775177001953,142.43699645996094,2079744
2026-01-18 09:15:00+00:00,142.438720703125,142.45993041992188,142.4009552001953,142.40858459472656,2663168
2026-01-18 09:30:00+00:00,142.41261291503906,142.55039978027344,142.41261291503906,142.45689392089844,3722752
2026-01-18 09:45:00+00:00,142.44821166992188,142.45806884765625,142.3958740234375,142.45806884765625,1197568
2026-01-18 10:00:00+00:00,142.45741271972656,142.4654083251953,142.23597717285156,142.23597717285156,8569344
2026-01-18 10:15:00+00:00,142.2376251220703,142.2460479736328,142.20263671875,142.21014404296875,3311360
2026-01-18 10:30:00+00:00,142.20750427246094,142.3444061279297,142.18629455566406,142.3444061279297,0
2026-01-18 10:45:00+00:00,142.3486328125,142.42771911621094,142.3486328125,142.42733764648438,2048
2026-01-18 11:00:00+00:00,142.41595458984375,142.41595458984375,142.25350952148438,142.2577667236328,0
2026-01-18 11:15:00+00:00,142.26487731933594,142.3065948486328,142.25888061523438,142.25888061523438,0
2026-01-18 11:30:00+00:00,142.25643920898438,142.2937469482422,142.2143096923828,142.2937469482422,0
2026-01-18 11:45:00+00:00,142.29791259765625,142.3885955810547,142.29791259765625,142.3715362548828,0
2026-01-18 12:00:00+00:00,142.37417602539062,142.37417602539062,142.19725036621094,142.197998046875,1667072
2026-01-18 12:15:00+00:00,142.19952392578125,142.28012084960938,142.1536102294922,142.28012084960938,467456
2026-01-18 12:30:00+00:00,142.32411193847656,142.3919219970703,142.2852783203125,142.3919219970703,4166144
2026-01-18 12:45:00+00:00,142.3812255859375,142.3812255859375,142.20675659179688,142.20887756347656,2974464
2026-01-18 13:00:00+00:00,142.21192932128906,142.21192932128906,142.09336853027344,142.10440063476562,3163136
2026-01-18 13:15:00+00:00,142.13560485839844,142.16493225097656,142.04220581054688,142.04220581054688,4714496
2026-01-18 13:30:00+00:00,142.0423583984375,142.30902099609375,142.0166015625,142.30902099609375,5285632
2026-01-18 13:45:00+00:00,142.31919860839844,142.37789916992188,142.31919860839844,142.3446502685547,9269504
2026-01-18 14:00:00+00:00,142.34390258789062,142.34390258789062,142.12338256835938,142.21035766601562,3374592
2026-01-18 14:15:00+00:00,142.22128295898438,142.5355224609375,142.22128295898438,142.3728790283203,16567040
2026-01-18 14:30:00+00:00,142.37832641601562,142.48965454101562,142.2313690185547,142.2313690185547,8190720
2026-01-18 14:45:00+00:00,142.2279815673828,142.2279815673828,141.93470764160156,141.93470764160156,13638656
2026-01-18 15:00:00+00:00,141.92501831054688,141.92501831054688,141.64088439941406,141.79725646972656,21010944
2026-01-18 15:15:00+00:00,141.79786682128906,142.02044677734375,141.79786682128906,142.0171661376953,1121024
2026-01-18 15:30:00+00:00,142.00927734375,142.02110290527344,141.9230194091797,142.0092315673828,701184
2026-01-18 15:45:00+00:00,141.99908447265625,141.99908447265625,141.87400817871094,141.94735717773438,3140096
2026-01-18 16:00:00+00:00,141.9488525390625,142.05291748046875,141.85409545898438,142.04974365234375,0
2026-01-18 16:15:00+00:00,142.0492706298828,142.1220245361328,142.0305938720703,142.03500366210938,0
2026-01-18 16:30:00+00:00,142.0311737060547,142.06875610351562,141.98724365234375,142.06146240234375,0
2026-01-18 16:45:00+00:00,142.06932067871094,142.07362365722656,142.02867126464844,142.04942321777344,0
2026-01-18 17:00:00+00:00,142.03555297851562,142.05589294433594,141.96188354492188,141.96188354492188,573696
2026-01-18 17:15:00+00:00,141.90098571777344,142.02316284179688,141.89944458007812,142.02316284179688,4367616
2026-01-18 17:30:00+00:00,142.0250244140625,142.14898681640625,142.0250244140625,142.06817626953125,46520320
2026-01-18 17:45:00+00:00,142.06826782226562,142.18495178222656,142.06826782226562,142.1829376220703,12682752
2026-01-18 18:00:00+00:00,142.20379638671875,142.25994873046875,142.13600158691406,142.1436767578125,10757376
2026-01-18 18:15:00+00:00,142.1409149169922,142.26968383789062,142.1401824951172,142.26968383789062,7569920
2026-01-18 18:30:00+00:00,142.3243865966797,142.5942840576172,142.3243865966797,142.51318359375,25910528
2026-01-18 18:45:00+00:00,142.50588989257812,142.84800720214844,142.50588989257812,142.84149169921875,46087936
2026-01-18 19:00:00+00:00,142.81065368652344,143.0285186767578,142.7986297607422,142.90126037597656,39976960
2026-01-18 19:15:00+00:00,142.90493774414062,142.90493774414062,142.7977294921875,142.79962158203125,22674432
2026-01-18 19:30:00+00:00,142.7997283935547,142.7997283935547,142.65786743164062,142.65786743164062,9444864
2026-01-18 19:45:00+00:00,142.65347290039062,142.65347290039062,142.18817138671875,142.1887969970703,13522688
2026-01-18 20:00:00+00:00,142.1961669921875,142.24041748046875,141.98973083496094,141.98973083496094,12072704
2026-01-18 20:15:00+00:00,141.99098205566406,142.377685546875,141.99098205566406,142.377685546875,8927744
2026-01-18 20:30:00+00:00,142.39710998535156,142.46273803710938,142.2514190673828,142.28175354003906,5780736
2026-01-18 20:45:00+00:00,142.273681640625,142.4078369140625,142.273681640625,142.3334197998047,1626624
2026-01-18 21:00:00+00:00,142.3416748046875,142.48301696777344,142.3416748046875,142.48301696777344,853760
2026-01-18 21:15:00+00:00,142.49037170410156,142.6175994873047,142.49037170410156,142.61158752441406,1196288
2026-01-18 21:30:00+00:00,142.61013793945312,142.62033081054688,142.54965209960938,142.55142211914062,0
2026-01-18 21:45:00+00:00,142.5565643310547,142.6570281982422,142.5565643310547,142.64529418945312,1962240
2026-01-18 22:00:00+00:00,142.637939453125,142.83905029296875,142.61688232421875,142.83905029296875,6751744
2026-01-18 22:15:00+00:00,142.862548828125,142.89625549316406,142.53614807128906,142.53614807128906,36373760
2026-01-18 22:30:00+00:00,142.5352020263672,142.7332000732422,142.51255798339844,142.70895385742188,11885568
2026-01-18 22:45:00+00:00,142.70761108398438,142.7799530029297,142.63491821289062,142.7799530029297,4501248
2026-01-18 23:00:00+00:00,142.71707153320312,142.71707153320312,141.33358764648438,141.37155151367188,45439232
2026-01-18 23:15:00+00:00,141.39956665039062,141.39956665039062,140.4579620361328,140.4579620361328,98598656
2026-01-18 23:30:00+00:00,140.43203735351562,140.43203735351562,139.4931182861328,139.4931182861328,187089152
2026-01-18 23:45:00+00:00,139.51979064941406,139.51979064941406,137.96302795410156,137.96302795410156,170974208
2026-01-19 00:00:00+00:00,137.97625732421875,137.97625732421875,134.0890350341797,134.0890350341797,648320512
2026-01-19 00:15:00+00:00,133.89541625976562,133.89541625976562,133.40016174316406,133.49008178710938,379248128
2026-01-19 00:30:00+00:00,133.83497619628906,134.3074951171875,133.6971435546875,134.0468292236328,376987392
2026-01-19 00:45:00+00:00,134.055419921875,134.1407928466797,133.6287078857422,133.63375854492188,93918720
2026-01-19 01:00:00+00:00,133.6635284423828,134.2948760986328,133.6429901123047,134.21482849121094,33005568
2026-01-19 01:15:00+00:00,134.2008056640625,134.2008056640625,133.8330078125,133.8330078125,19915776
2026-01-19 01:30:00+00:00,133.8124542236328,133.9994659423828,133.7464599609375,133.80001831054688,34280960
2026-01-19 01:45:00+00:00,133.8109588623047,133.8109588623047,133.6127471923828,133.67300415039062,50560000
2026-01-19 02:00:00+00:00,133.6914825439453,133.74256896972656,133.62875366210938,133.62875366210938,40932864
2026-01-19 02:15:00+00:00,133.6498565673828,133.86412048339844,133.61041259765625,133.6922149658203,31832064
2026-01-19 02:30:00+00:00,133.7026824951172,133.8455810546875,133.7026824951172,133.8455810546875,3672064
2026-01-19 02:45:00+00:00,133.8528594970703,133.8528594970703,133.7480010986328,133.76853942871094,7804928
2026-01-19 03:00:00+00:00,133.7716064453125,133.98141479492188,133.73037719726562,133.953369140625,15967744
2026-01-19 03:15:00+00:00,133.9545440673828,134.00604248046875,133.7552032470703,133.77908325195312,12218880
2026-01-19 03:30:00+00:00,133.765625,133.8277130126953,133.73202514648438,133.802490234375,26979840
2026-01-19 03:45:00+00:00,133.79676818847656,133.90585327148438,133.7798614501953,133.89353942871094,19907584
2026-01-19 04:00:00+00:00,133.8928680419922,133.95761108398438,133.81153869628906,133.82826232910156,22115328
2026-01-19 04:15:00+00:00,133.8208770751953,133.8208770751953,133.56231689453125,133.60946655273438,33795072
2026-01-19 04:30:00+00:00,133.62567138671875,133.7457733154297,133.62567138671875,133.7376708984375,17017856
2026-01-19 04:45:00+00:00,133.72360229492188,133.77345275878906,133.68589782714844,133.77149963378906,16607744
2026-01-19 05:00:00+00:00,133.7593231201172,133.7593231201172,133.65528869628906,133.65528869628906,16738816
2026-01-19 05:15:00+00:00,133.65745544433594,133.65745544433594,133.42193603515625,133.42420959472656,17880576
2026-01-19 05:30:00+00:00,133.44387817382812,133.68572998046875,133.44387817382812,133.66029357910156,55465984
2026-01-19 05:45:00+00:00,133.60885620117188,133.60885620117188,133.32785034179688,133.32785034179688,21077504
2026-01-19 06:00:00+00:00,133.32791137695312,133.33306884765625,133.22134399414062,133.22134399414062,8082432
2026-01-19 06:15:00+00:00,133.232177734375,133.232177734375,132.90858459472656,132.94480895996094,34499584
2026-01-19 06:30:00+00:00,132.94091796875,133.00482177734375,132.81777954101562,132.91099548339844,27560960
2026-01-19 06:45:00+00:00,132.9176025390625,133.14547729492188,132.9176025390625,133.14547729492188,14315008
2026-01-19 07:00:00+00:00,133.1593475341797,133.29197692871094,133.1593475341797,133.20985412597656,5680128
2026-01-19 07:15:00+00:00,133.23497009277344,133.36679077148438,133.23497009277344,133.35421752929688,7265280
2026-01-19 07:30:00+00:00,133.35960388183594,133.40756225585938,133.34133911132812,133.394287109375,16257024
2026-01-19 07:45:00+00:00,133.39291381835938,133.48822021484375,133.35986328125,133.4528045654297,7847936
2026-01-19 08:00:00+00:00,133.44113159179688,133.44113159179688,133.30613708496094,133.42855834960938,0
2026-01-19 08:15:00+00:00,133.39707946777344,133.87144470214844,133.336669921875,133.82936096191406,28911104
2026-01-19 08:30:00+00:00,133.64260864257812,133.7815399169922,133.64260864257812,133.6878662109375,53720576
2026-01-19 08:45:00+00:00,133.70358276367188,133.8165283203125,133.70358276367188,133.804443359375,25635328
2026-01-19 09:00:00+00:00,133.80215454101562,133.80215454101562,133.63174438476562,133.63174438476562,29514752
2026-01-19 09:15:00+00:00,133.62286376953125,133.83221435546875,133.62286376953125,133.8174591064453,30332928
2026-01-19 09:30:00+00:00,133.81451416015625,133.869140625,133.64117431640625,133.64186096191406,13314048
2026-01-19 09:45:00+00:00,133.64414978027344,133.7194366455078,133.60325622558594,133.6133270263672,6512128
2026-01-19 10:00:00+00:00,133.61814880371094,133.63555908203125,133.51808166503906,133.62225341796875,2244096
2026-01-19 10:15:00+00:00,133.621337890625,133.7187042236328,133.621337890625,133.6238555908203,17316864
2026-01-19 10:30:00+00:00,133.623291015625,133.69114685058594,133.5133056640625,133.69114685058594,9173504
2026-01-19 10:45:00+00:00,133.68951416015625,133.7120361328125,133.66131591796875,133.68482971191406,8620032
2026-01-19 11:00:00+00:00,133.6858367919922,133.70570373535156,133.6123809814453,133.63571166992188,9489920
2026-01-19 11:15:00+00:00,133.66973876953125,133.8605194091797,133.6591796875,133.8605194091797,24206336
2026-01-19 11:30:00+00:00,133.85614013671875,134.0587615966797,133.85614013671875,134.0587615966797,28725760
2026-01-19 11:45:00+00:00,134.07064819335938,134.15518188476562,134.0299072265625,134.03240966796875,13903872
2026-01-19 12:00:00+00:00,134.03997802734375,134.03997802734375,133.78028869628906,133.78297424316406,12050432
2026-01-19 12:15:00+00:00,133.7853546142578,133.87860107421875,133.74844360351562,133.75582885742188,14876160
2026-01-19 12:30:00+00:00,133.76809692382812,134.05340576171875,133.76809692382812,134.0481719970703,23197184
2026-01-19 12:45:00+00:00,134.04266357421875,134.0545196533203,133.92349243164062,133.93362426757812,17811456
2026-01-19 13:00:00+00:00,133.95152282714844,134.0189971923828,133.85537719726562,133.92288208007812,5541376
2026-01-19 13:15:00+00:00,133.89389038085938,133.89389038085938,133.66073608398438,133.66073608398438,13183488
2026-01-19 13:30:00+00:00,133.65077209472656,133.94845581054688,133.6262969970703,133.92591857910156,3024384
2026-01-19 13:45:00+00:00,133.90650939941406,133.90650939941406,133.67044067382812,133.67044067382812,0
2026-01-19 14:00:00+00:00,133.6693572998047,133.6693572998047,133.34750366210938,133.34750366210938,15176704
2026-01-19 14:15:00+00:00,133.337158203125,133.54493713378906,133.337158203125,133.4906463623047,0
2026-01-19 14:30:00+00:00,133.4851531982422,133.58102416992188,133.357421875,133.3718719482422,6231040
2026-01-19 14:45:00+00:00,133.3606414794922,133.54251098632812,133.3433837890625,133.47264099121094,0
2026-01-19 15:00:00+00:00,133.47625732421875,133.61891174316406,133.46083068847656,133.46083068847656,0
2026-01-19 15:15:00+00:00,133.4983673095703,133.6790771484375,133.46507263183594,133.6790771484375,9631232
2026-01-19 15:30:00+00:00,133.6362762451172,133.70729064941406,133.46104431152344,133.46104431152344,22260736
2026-01-19 15:45:00+00:00,133.46279907226562,133.48321533203125,133.4329071044922,133.47499084472656,4218880
2026-01-19 16:00:00+00:00,133.4777069091797,133.58680725097656,133.46090698242188,133.542236328125,4487680
2026-01-19 16:15:00+00:00,133.5440673828125,133.79002380371094,133.5440673828125,133.78114318847656,8644096
2026-01-19 16:30:00+00:00,133.76678466796875,133.98699951171875,133.72653198242188,133.91188049316406,29631488
2026-01-19 16:45:00+00:00,133.92945861816406,134.37986755371094,133.92945861816406,134.37986755371094,23843840
2026-01-19 17:00:00+00:00,134.37974548339844,134.41053771972656,134.13235473632812,134.20785522460938,8777216
2026-01-19 17:15:00+00:00,134.20733642578125,134.368896484375,134.20455932617188,134.33712768554688,10515456
2026-01-19 17:30:00+00:00,134.3457794189453,134.3457794189453,134.10874938964844,134.10874938964844,3205120
2026-01-19 17:45:00+00:00,134.12489318847656,134.2151336669922,134.12489318847656,134.21022033691406,3667968
2026-01-19 18:00:00+00:00,134.2147674560547,134.2295379638672,133.9349822998047,133.96119689941406,9428992
2026-01-19 18:15:00+00:00,133.96316528320312,133.96316528320312,133.89483642578125,133.94261169433594,2794496
2026-01-19 18:30:00+00:00,133.93768310546875,134.2432098388672,133.93768310546875,134.2432098388672,0
2026-01-19 18:45:00+00:00,134.24563598632812,134.29971313476562,134.16265869140625,134.19410705566406,0
2026-01-19 19:00:00+00:00,134.19534301757812,134.30255126953125,134.19534301757812,134.30255126953125,0
2026-01-19 19:15:00+00:00,134.30592346191406,134.556884765625,134.30592346191406,134.4905242919922,0
2026-01-19 19:30:00+00:00,134.48178100585938,134.48178100585938,134.3104248046875,134.4681854248047,818176
2026-01-19 19:45:00+00:00,134.46527099609375,134.4960174560547,134.37274169921875,134.3761749267578,0
2026-01-19 20:00:00+00:00,134.37442016601562,134.49630737304688,134.37442016601562,134.48348999023438,0
2026-01-19 20:15:00+00:00,134.4835205078125,134.90682983398438,134.45770263671875,134.90682983398438,7834112
2026-01-19 20:30:00+00:00,134.9063720703125,135.00534057617188,134.76942443847656,134.80221557617188,12564992
2026-01-19 20:45:00+00:00,134.7935791015625,134.7935791015625,134.5616455078125,134.6079559326172,4386304
2026-01-19 21:00:00+00:00,134.60227966308594,134.82183837890625,134.60227966308594,134.6354217529297,9819648
2026-01-19 21:15:00+00:00,134.63539123535156,134.63539123535156,134.25929260253906,134.2653045654297,5869056
2026-01-19 21:30:00+00:00,134.25970458984375,134.29212951660156,134.1701202392578,134.17152404785156,4257792
2026-01-19 21:45:00+00:00,134.18002319335938,134.18002319335938,134.07411193847656,134.11880493164062,3874304
2026-01-19 22:00:00+00:00,134.1116943359375,134.1116943359375,133.8000946044922,133.8000946044922,7535104
2026-01-19 22:15:00+00:00,133.8515167236328,134.03529357910156,133.8515167236328,133.9365234375,12911616
2026-01-19 22:30:00+00:00,133.930908203125,133.930908203125,133.324462890625,133.324462890625,27905536
2026-01-19 22:45:00+00:00,133.32142639160156,133.43873596191406,133.27532958984375,133.3892059326172,8161280
2026-01-19 23:00:00+00:00,133.31735229492188,133.31735229492188,132.9954071044922,133.1473846435547,0
2026-01-19 23:15:00+00:00,133.14645385742188,133.33595275878906,133.04153442382812,133.33595275878906,0
2026-01-19 23:30:00+00:00,133.3394775390625,133.71925354003906,133.3394775390625,133.64088439941406,0
2026-01-19 23:45:00+00:00,133.62008666992188,133.62008666992188,133.33567810058594,133.33567810058594,0
2026-01-20 00:00:00+00:00,133.35018920898438,133.64698791503906,133.35018920898438,133.53793334960938,0
2026-01-20 00:15:00+00:00,133.55316162109375,133.55316162109375,133.1114044189453,133.13255310058594,0
2026-01-20 00:30:00+00:00,133.13963317871094,133.7424774169922,133.13963317871094,133.7424774169922,0
2026-01-20 00:45:00+00:00,133.73382568359375,133.7614288330078,133.5966033935547,133.5966033935547,0
2026-01-20 01:00:00+00:00,133.60154724121094,133.70199584960938,133.4060821533203,133.4060821533203,0
2026-01-20 01:15:00+00:00,133.4759063720703,134.05531311035156,133.4759063720703,134.054931640625,0
2026-01-20 01:30:00+00:00,134.07608032226562,134.13169860839844,133.79830932617188,133.79830932617188,0
2026-01-20 01:45:00+00:00,133.8060302734375,133.9501953125,133.7594451904297,133.91921997070312,0
2026-01-20 02:00:00+00:00,133.9210662841797,133.9210662841797,133.44456481933594,133.46231079101562,0
2026-01-20 02:15:00+00:00,133.45755004882812,133.4783172607422,133.40994262695312,133.40994262695312,0
2026-01-20 02:30:00+00:00,133.43678283691406,133.88987731933594,133.43678283691406,133.8188018798828,3201024
2026-01-20 02:45:00+00:00,133.8181915283203,133.9180450439453,133.8181915283203,133.869873046875,1927936
2026-01-20 03:00:00+00:00,133.82174682617188,133.82174682617188,133.54397583007812,133.54466247558594,0
2026-01-20 03:15:00+00:00,133.54957580566406,133.6348114013672,133.54437255859375,133.55865478515625,732672
2026-01-20 03:30:00+00:00,133.56210327148438,133.87802124023438,133.56210327148438,133.877197265625,19967232
2026-01-20 03:45:00+00:00,133.93716430664062,134.38270568847656,133.93716430664062,134.20164489746094,23904000
2026-01-20 04:00:00+00:00,134.19644165039062,134.19644165039062,133.78712463378906,133.78712463378906,3714048
2026-01-20 04:15:00+00:00,133.7763671875,133.7763671875,133.37942504882812,133.44515991210938,5222144
2026-01-20 04:30:00+00:00,133.45623779296875,133.56076049804688,133.4062957763672,133.411376953125,0
2026-01-20 04:45:00+00:00,133.4098663330078,133.4302978515625,133.28501892089844,133.32046508789062,5721856
2026-01-20 05:00:00+00:00,133.31967163085938,133.3353271484375,132.8468017578125,132.8468017578125,45086208
2026-01-20 05:15:00+00:00,132.85537719726562,132.93067932128906,132.63697814941406,132.93067932128906,31451648
2026-01-20 05:30:00+00:00,132.96949768066406,133.11715698242188,132.84066772460938,132.84661865234375,0
2026-01-20 05:45:00+00:00,132.8701934814453,133.09225463867188,132.8701934814453,132.98165893554688,19456
2026-01-20 06:00:00+00:00,132.9745330810547,132.9745330810547,132.5682830810547,132.5682830810547,1833984
2026-01-20 06:15:00+00:00,132.55665588378906,132.55665588378906,131.4152374267578,131.8090362548828,103593984
2026-01-20 06:30:00+00:00,131.83128356933594,131.85836791992188,131.50491333007812,131.81887817382812,43487488
2026-01-20 06:45:00+00:00,131.82623291015625,131.8302001953125,131.1513671875,131.1513671875,41598208
2026-01-20 07:00:00+00:00,131.16236877441406,131.40699768066406,131.11141967773438,131.40699768066406,39924736
2026-01-20 07:15:00+00:00,131.38894653320312,131.45123291015625,131.35769653320312,131.36236572265625,15579904
2026-01-20 07:30:00+00:00,131.34994506835938,131.34994506835938,131.2462615966797,131.26980590820312,11729664
2026-01-20 07:45:00+00:00,131.26036071777344,131.26036071777344,130.8252410888672,130.8252410888672,33924096
2026-01-20 08:00:00+00:00,130.8325653076172,130.8325653076172,130.09031677246094,130.09031677246094,107946496
2026-01-20 08:15:00+00:00,130.1527557373047,130.1527557373047,129.6751251220703,130.01341247558594,89359360
2026-01-20 08:30:00+00:00,130.00743103027344,130.00743103027344,128.70361328125,128.78030395507812,87494400
2026-01-20 08:45:00+00:00,128.73512268066406,128.74166870117188,128.55381774902344,128.74166870117188,140436224
2026-01-20 09:00:00+00:00,128.74916076660156,128.86114501953125,128.64541625976562,128.70089721679688,67537408
2026-01-20 09:15:00+00:00,128.7225341796875,128.85691833496094,128.7225341796875,128.8314208984375,12835840
2026-01-20 09:30:00+00:00,128.8351287841797,128.8494873046875,128.52711486816406,128.52711486816406,15280128
2026-01-20 09:45:00+00:00,128.5296630859375,128.85891723632812,128.51963806152344,128.82571411132812,19954944
2026-01-20 10:00:00+00:00,128.81497192382812,129.02316284179688,128.7122802734375,129.02316284179688,12814080
2026-01-20 10:15:00+00:00,129.05313110351562,129.11715698242188,128.92822265625,129.0184326171875,12747264
2026-01-20 10:30:00+00:00,129.0414581298828,129.16232299804688,128.97537231445312,128.97537231445312,13362688
2026-01-20 10:45:00+00:00,129.00177001953125,129.09588623046875,128.77804565429688,128.77804565429688,14650880
2026-01-20 11:00:00+00:00,128.7838134765625,129.21517944335938,128.7838134765625,129.13803100585938,13781248
2026-01-20 11:15:00+00:00,129.03575134277344,129.03575134277344,128.81671142578125,128.9048614501953,6916864
2026-01-20 11:30:00+00:00,128.86978149414062,128.8857879638672,128.70240783691406,128.70407104492188,6077184
2026-01-20 11:45:00+00:00,128.7150115966797,128.775146484375,128.7089080810547,128.74237060546875,2208000
2026-01-20 12:00:00+00:00,128.7348175048828,129.20050048828125,128.70697021484375,129.20050048828125,11505920
2026-01-20 12:15:00+00:00,129.2054443359375,129.2650909423828,129.07113647460938,129.1378936767578,31929088
2026-01-20 12:30:00+00:00,129.1341552734375,129.2337646484375,129.1341552734375,129.1651611328125,3174144
2026-01-20 12:45:00+00:00,129.1614990234375,129.23167419433594,129.1614990234375,129.23060607910156,450560
2026-01-20 13:00:00+00:00,129.2322235107422,129.23460388183594,128.77891540527344,128.77891540527344,14704128
2026-01-20 13:15:00+00:00,128.75343322753906,128.75343322753906,128.60751342773438,128.6329345703125,15047936
2026-01-20 13:30:00+00:00,128.62193298339844,128.81353759765625,128.62193298339844,128.8041229248047,28527104
2026-01-20 13:45:00+00:00,128.8063201904297,128.8063201904297,128.42913818359375,128.4315185546875,24789248
2026-01-20 14:00:00+00:00,128.401611328125,128.8348388671875,128.39962768554688,128.8348388671875,3857408
2026-01-20 14:15:00+00:00,128.83731079101562,128.83731079101562,128.32781982421875,128.5238800048828,53115392
2026-01-20 14:30:00+00:00,128.51979064941406,129.23068237304688,128.51979064941406,129.02468872070312,76841728
2026-01-20 14:45:00+00:00,129.0714111328125,129.0714111328125,128.6428985595703,128.9091339111328,118768896
2026-01-20 15:00:00+00:00,128.83731079101562,128.83731079101562,127.7222900390625,127.97616577148438,105114112
2026-01-20 15:15:00+00:00,127.92166900634766,128.20143127441406,127.71780395507812,128.19729614257812,90078720
2026-01-20 15:30:00+00:00,128.18612670898438,128.18612670898438,127.71825408935547,127.7317123413086,60373504
2026-01-20 15:45:00+00:00,127.73582458496094,127.73582458496094,127.42499542236328,127.49658966064453,54568448
2026-01-20 16:00:00+00:00,127.57351684570312,128.1267547607422,127.57351684570312,128.1267547607422,49396224
2026-01-20 16:15:00+00:00,128.1526336669922,128.27012634277344,127.70564270019531,127.70564270019531,49793536
2026-01-20 16:30:00+00:00,127.71488952636719,127.71488952636719,126.64763641357422,126.64763641357422,79931392
2026-01-20 16:45:00+00:00,126.6483154296875,127.12178039550781,126.32907104492188,127.10335540771484,73957888
2026-01-20 17:00:00+00:00,127.05635833740234,127.65404510498047,126.96882629394531,127.42559051513672,35324928
2026-01-20 17:15:00+00:00,127.4473648071289,127.48731231689453,127.09638214111328,127.09855651855469,9859584
2026-01-20 17:30:00+00:00,126.9251480102539,126.9251480102539,126.5080795288086,126.6525650024414,33579520
2026-01-20 17:45:00+00:00,126.66175842285156,126.99163818359375,126.58242797851562,126.95730590820312,64263168
2026-01-20 18:00:00+00:00,126.93453979492188,127.226318359375,126.93453979492188,127.226318359375,31269888
2026-01-20 18:15:00+00:00,127.25159454345703,127.46538543701172,127.20613861083984,127.4164047241211,54179840
2026-01-20 18:30:00+00:00,127.37700653076172,127.37700653076172,127.0398178100586,127.0398178100586,26671616
2026-01-20 18:45:00+00:00,127.04068756103516,127.08036041259766,126.94120788574219,127.0135726928711,27511808
2026-01-20 19:00:00+00:00,126.98467254638672,127.28606414794922,126.98467254638672,127.08800506591797,22356992
2026-01-20 19:15:00+00:00,127.13138580322266,127.22219848632812,126.96359252929688,126.96359252929688,12258304
2026-01-20 19:30:00+00:00,126.94318389892578,126.94318389892578,126.65624237060547,126.9057846069336,26775552
2026-01-20 19:45:00+00:00,126.90392303466797,127.09852600097656,126.75831604003906,127.06966400146484,16815104
2026-01-20 20:00:00+00:00,127.07476043701172,127.08235931396484,126.92366027832031,127.06926727294922,15815680
2026-01-20 20:15:00+00:00,127.07498168945312,127.75147247314453,127.07498168945312,127.74629974365234,39459840
2026-01-20 20:30:00+00:00,127.74575805664062,127.74575805664062,127.50835418701172,127.52334594726562,25504768
2026-01-20 20:45:00+00:00,127.51850128173828,127.84009552001953,127.51850128173828,127.84009552001953,27916288
2026-01-20 21:00:00+00:00,127.75254821777344,127.75254821777344,127.60844421386719,127.60844421386719,28597248
2026-01-20 21:15:00+00:00,127.5997314453125,127.5997314453125,127.4148941040039,127.41673278808594,5842432
2026-01-20 21:30:00+00:00,127.34007263183594,127.34007263183594,127.05494689941406,127.05494689941406,8577536
2026-01-20 21:45:00+00:00,127.06111145019531,127.0970687866211,126.92848205566406,126.92848205566406,10509312
2026-01-20 22:00:00+00:00,126.9129409790039,127.19709777832031,126.86965942382812,127.17744445800781,1317376
2026-01-20 22:15:00+00:00,127.19935607910156,127.23314666748047,127.0293197631836,127.0293197631836,0
2026-01-20 22:30:00+00:00,127.02635192871094,127.02635192871094,125.88667297363281,126.02017211914062,109491712
2026-01-20 22:45:00+00:00,126.03083801269531,126.13485717773438,125.97675323486328,126.1194839477539,72435712
2026-01-20 23:00:00+00:00,126.0762939453125,126.0762939453125,125.8834228515625,126.05469512939453,2084352
2026-01-20 23:15:00+00:00,126.02424621582031,126.0490493774414,125.8499984741211,125.8943862915039,22246400
2026-01-20 23:30:00+00:00,125.87459564208984,126.19361877441406,125.87459564208984,126.03416442871094,15085056
2026-01-20 23:45:00+00:00,126.02507019042969,126.02507019042969,125.68138122558594,125.72565460205078,11066368
2026-01-21 00:00:00+00:00,125.70457458496094,126.07848358154297,125.70457458496094,125.93470001220703,10757632
2026-01-21 00:15:00+00:00,125.91091918945312,125.94427490234375,125.79068756103516,125.94427490234375,5903872
2026-01-21 00:30:00+00:00,125.9567642211914,126.85904693603516,125.9567642211914,126.80651092529297,30179328
2026-01-21 00:45:00+00:00,126.80551147460938,127.30072021484375,126.79942321777344,127.20012664794922,24671744
2026-01-21 01:00:00+00:00,127.19425201416016,127.46061706542969,127.17687225341797,127.46061706542969,17886208
2026-01-21 01:15:00+00:00,127.45757293701172,127.47404479980469,127.30432891845703,127.3155746459961,6192640
2026-01-21 01:30:00+00:00,127.3431167602539,127.61109161376953,127.3431167602539,127.50729370117188,33048064
2026-01-21 01:45:00+00:00,127.50264739990234,127.50264739990234,127.23139190673828,127.23139190673828,14761472
2026-01-21 02:00:00+00:00,127.23201751708984,127.54971313476562,127.23201751708984,127.50183868408203,7442432
2026-01-21 02:15:00+00:00,127.50762939453125,127.58548736572266,127.3167953491211,127.3167953491211,10978816
2026-01-21 02:30:00+00:00,127.11713409423828,127.11713409423828,126.76358795166016,126.90403747558594,17355776
2026-01-21 02:45:00+00:00,126.9245376586914,126.99616241455078,126.82746124267578,126.82746124267578,4077568
2026-01-21 03:00:00+00:00,126.81767272949219,126.90306854248047,126.80870819091797,126.86648559570312,0
2026-01-21 03:15:00+00:00,126.88284301757812,127.32994079589844,126.88284301757812,127.32994079589844,8206848
2026-01-21 03:30:00+00:00,127.33265686035156,127.52046966552734,127.33265686035156,127.52046966552734,0
2026-01-21 03:45:00+00:00,127.55225372314453,127.57174682617188,127.44947052001953,127.44947052001953,3354624
2026-01-21 04:00:00+00:00,127.44947052001953,127.53418731689453,127.43810272216797,127.43810272216797,1689088
2026-01-21 04:15:00+00:00,127.42948150634766,127.70911407470703,127.38400268554688,127.70911407470703,0
2026-01-21 04:30:00+00:00,127.70799255371094,127.7317886352539,127.63720703125,127.7317886352539,3343872
2026-01-21 04:45:00+00:00,127.75643920898438,127.8507308959961,127.63352966308594,127.63352966308594,4039168
2026-01-21 05:00:00+00:00,127.63529968261719,127.82146453857422,127.62466430664062,127.81947326660156,0
2026-01-21 05:15:00+00:00,127.8239974975586,127.95801544189453,127.82392120361328,127.82564544677734,0
2026-01-21 05:30:00+00:00,127.83411407470703,128.38043212890625,127.83411407470703,128.38043212890625,22056960
2026-01-21 05:45:00+00:00,128.40032958984375,128.538818359375,128.3761749267578,128.3761749267578,14697984
2026-01-21 06:00:00+00:00,128.38238525390625,128.38238525390625,128.14901733398438,128.18589782714844,745984
2026-01-21 06:15:00+00:00,128.18643188476562,128.3863983154297,128.16578674316406,128.33274841308594,0
2026-01-21 06:30:00+00:00,128.32981872558594,128.35906982421875,128.2551727294922,128.2589569091797,0
2026-01-21 06:45:00+00:00,128.25343322753906,128.25343322753906,128.06784057617188,128.08529663085938,0
2026-01-21 07:00:00+00:00,128.0888671875,128.27789306640625,128.06790161132812,128.14736938476562,0
2026-01-21 07:15:00+00:00,128.0974578857422,128.17532348632812,128.0974578857422,128.17286682128906,877568
2026-01-21 07:30:00+00:00,128.1990203857422,128.2344207763672,127.72525024414062,127.73111724853516,0
2026-01-21 07:45:00+00:00,127.72504425048828,127.72504425048828,127.4687271118164,127.47136688232422,581632
2026-01-21 08:00:00+00:00,127.46780395507812,127.46780395507812,127.37076568603516,127.455078125,0
2026-01-21 08:15:00+00:00,127.4476089477539,127.48003387451172,127.39777374267578,127.4508285522461,0
2026-01-21 08:30:00+00:00,127.44847106933594,127.44847106933594,127.01069641113281,127.01069641113281,0
2026-01-21 08:45:00+00:00,127.01224517822266,127.12283325195312,126.92132568359375,127.11915588378906,0
2026-01-21 09:00:00+00:00,127.10491180419922,127.13131713867188,127.04549407958984,127.09406280517578,0
2026-01-21 09:15:00+00:00,127.09835815429688,127.54654693603516,127.06732940673828,127.54308319091797,856576
2026-01-21 09:30:00+00:00,127.53634643554688,127.53634643554688,127.34431457519531,127.46224975585938,1478144
2026-01-21 09:45:00+00:00,127.4675064086914,127.47186279296875,127.3456802368164,127.3456802368164,739328
2026-01-21 10:00:00+00:00,127.34479522705078,127.67922973632812,127.34479522705078,127.66134643554688,2679296
2026-01-21 10:15:00+00:00,127.69710540771484,127.69710540771484,127.5482406616211,127.5482406616211,0
2026-01-21 10:30:00+00:00,127.5600814819336,127.95597839355469,127.53630828857422,127.93893432617188,8331264
2026-01-21 10:45:00+00:00,127.92337036132812,127.92337036132812,127.66763305664062,127.67051696777344,1604096
2026-01-21 11:00:00+00:00,127.66378784179688,127.66378784179688,127.40550994873047,127.51908874511719,0
2026-01-21 11:15:00+00:00,127.54086303710938,127.7259521484375,127.52337646484375,127.69441223144531,0
2026-01-21 11:30:00+00:00,127.67888641357422,127.67888641357422,127.4354019165039,127.44007110595703,305664
2026-01-21 11:45:00+00:00,127.43374633789062,127.5066909790039,126.98673248291016,126.98673248291016,12774912
2026-01-21 12:00:00+00:00,126.99183654785156,126.99183654785156,126.6090087890625,126.6090087890625,14820352
2026-01-21 12:15:00+00:00,126.57051086425781,126.93709564208984,126.42095184326172,126.79618835449219,57499136
2026-01-21 12:30:00+00:00,126.75820922851562,127.20425415039062,126.60865020751953,127.08841705322266,27609088
2026-01-21 12:45:00+00:00,127.08841705322266,127.22314453125,126.98206329345703,127.2231216430664,12948992
2026-01-21 13:00:00+00:00,127.23926544189453,127.39934539794922,127.2022476196289,127.39934539794922,2387456
2026-01-21 13:15:00+00:00,127.39446258544922,127.39801025390625,127.02843475341797,127.03787231445312,2882048
2026-01-21 13:30:00+00:00,127.04183959960938,127.15715789794922,127.00065612792969,127.06258392333984,0
2026-01-21 13:45:00+00:00,126.98944091796875,127.16011047363281,126.80811309814453,127.16011047363281,0
2026-01-21 14:00:00+00:00,127.11579895019531,128.42645263671875,126.96959686279297,128.42645263671875,86729728
2026-01-21 14:15:00+00:00,128.564453125,128.72952270507812,128.5047149658203,128.5393829345703,71418880
2026-01-21 14:30:00+00:00,128.61012268066406,129.03419494628906,128.61012268066406,128.9470977783203,42419200
2026-01-21 14:45:00+00:00,128.94007873535156,129.46026611328125,128.84693908691406,129.46026611328125,0
2026-01-21 15:00:00+00:00,129.42616271972656,130.03477478027344,129.40142822265625,129.9020538330078,7357952
2026-01-21 15:15:00+00:00,130.08238220214844,130.79766845703125,130.0242919921875,130.0242919921875,35810816
2026-01-21 15:30:00+00:00,129.98008728027344,129.98008728027344,129.53134155273438,129.81539916992188,44063744
2026-01-21 15:45:00+00:00,129.84747314453125,130.40220642089844,129.84747314453125,130.39224243164062,23995392
2026-01-21 16:00:00+00:00,130.38694763183594,130.38694763183594,129.4971160888672,129.4971160888672,0
2026-01-21 16:15:00+00:00,129.4546356201172,129.4546356201172,128.42539978027344,128.70843505859375,23845888
2026-01-21 16:30:00+00:00,128.7135467529297,128.73529052734375,127.05735778808594,127.05735778808594,14701568
2026-01-21 16:45:00+00:00,126.85679626464844,127.23763275146484,126.13520812988281,126.13520812988281,62023168
2026-01-21 17:00:00+00:00,126.08939361572266,126.5458755493164,125.7858657836914,126.17333984375,61939712
2026-01-21 17:15:00+00:00,125.98868560791016,126.04124450683594,125.62632751464844,126.0339584350586,82969088
2026-01-21 17:30:00+00:00,126.0620346069336,126.44152069091797,125.75154113769531,126.44152069091797,36918784
2026-01-21 17:45:00+00:00,126.4355239868164,126.77172088623047,126.38894653320312,126.77172088623047,6330368
2026-01-21 18:00:00+00:00,126.78325653076172,127.00999450683594,126.4952621459961,127.00999450683594,1672704
2026-01-21 18:15:00+00:00,127.04096221923828,127.16840362548828,126.92310333251953,126.92546081542969,11951616
2026-01-21 18:30:00+00:00,126.9468765258789,127.18476104736328,126.9468765258789,127.10331726074219,17754624
2026-01-21 18:45:00+00:00,127.10411071777344,127.57763671875,126.971435546875,127.51659393310547,15646720
2026-01-21 19:00:00+00:00,127.54302215576172,127.5899429321289,127.16765594482422,127.31436157226562,0
2026-01-21 19:15:00+00:00,127.345947265625,128.11265563964844,127.34184265136719,128.11265563964844,29429248
2026-01-21 19:30:00+00:00,128.22189331054688,130.7387237548828,128.22189331054688,130.7373504638672,197342208
2026-01-21 19:45:00+00:00,130.77706909179688,131.35572814941406,130.77706909179688,131.35572814941406,168267264
2026-01-21 20:00:00+00:00,131.37939453125,131.41258239746094,130.591796875,130.6244354248047,46887424
2026-01-21 20:15:00+00:00,130.62802124023438,130.7982940673828,130.1397247314453,130.1856231689453,38970368
2026-01-21 20:30:00+00:00,130.1763458251953,130.44326782226562,130.13275146484375,130.3376922607422,16552960
2026-01-21 20:45:00+00:00,130.3419647216797,130.96148681640625,130.3419647216797,130.96148681640625,30283776
2026-01-21 21:00:00+00:00,130.98721313476562,131.06011962890625,130.86572265625,130.8808135986328,9143808
2026-01-21 21:15:00+00:00,130.89617919921875,131.7999267578125,130.89617919921875,131.00868225097656,68358656
2026-01-21 21:30:00+00:00,130.9805145263672,131.09686279296875,130.88467407226562,131.09686279296875,11178496
2026-01-21 21:45:00+00:00,131.0765838623047,131.15509033203125,130.94354248046875,130.98959350585938,3063808
2026-01-21 22:00:00+00:00,130.9656982421875,131.47610473632812,130.9554901123047,131.42637634277344,14457344
2026-01-21 22:15:00+00:00,131.4011688232422,131.4011688232422,130.84812927246094,130.84812927246094,27776000
2026-01-21 22:30:00+00:00,130.83761596679688,130.84481811523438,130.67686462402344,130.67686462402344,0
2026-01-21 22:45:00+00:00,130.67373657226562,130.68345642089844,130.57920837402344,130.66741943359375,0
2026-01-21 23:00:00+00:00,130.65869140625,130.66522216796875,130.58065795898438,130.61044311523438,0
2026-01-21 23:15:00+00:00,130.67837524414062,130.7578887939453,130.2444610595703,130.29556274414062,1692160
2026-01-21 23:30:00+00:00,130.29190063476562,130.30421447753906,129.66761779785156,129.66761779785156,0
2026-01-21 23:45:00+00:00,129.64620971679688,129.64620971679688,129.2105255126953,129.36758422851562,9863680
2026-01-22 00:00:00+00:00,129.37896728515625,129.75344848632812,129.37896728515625,129.72552490234375,3005952
2026-01-22 00:15:00+00:00,129.7216033935547,129.9475555419922,129.70751953125,129.93817138671875,0
2026-01-22 00:30:00+00:00,129.92930603027344,130.16058349609375,129.91256713867188,130.16058349609375,0
2026-01-22 00:45:00+00:00,130.15126037597656,130.15126037597656,130.0169219970703,130.0169219970703,0
2026-01-22 01:00:00+00:00,130.00692749023438,130.12417602539062,129.89366149902344,129.89366149902344,0
2026-01-22 01:15:00+00:00,129.89869689941406,130.4061737060547,129.89869689941406,130.39378356933594,15739392
2026-01-22 01:30:00+00:00,130.38568115234375,130.38568115234375,129.93875122070312,129.9632568359375,0
2026-01-22 01:45:00+00:00,129.96395874023438,130.1734161376953,129.9403076171875,130.11997985839844,2791424
2026-01-22 02:00:00+00:00,130.1145782470703,130.26849365234375,130.11160278320312,130.26849365234375,0
2026-01-22 02:15:00+00:00,130.29583740234375,130.39651489257812,130.2834014892578,130.39651489257812,2747904
2026-01-22 02:30:00+00:00,130.32908630371094,130.32908630371094,130.03260803222656,130.14089965820312,0
2026-01-22 02:45:00+00:00,130.1232147216797,130.18035888671875,129.73068237304688,129.73068237304688,0
2026-01-22 03:00:00+00:00,129.73080444335938,130.1160888671875,129.7007598876953,130.1160888671875,2670592
2026-01-22 03:15:00+00:00,130.11256408691406,130.11256408691406,129.81411743164062,129.8485565185547,0
2026-01-22 03:30:00+00:00,129.8339080810547,129.8339080810547,129.60206604003906,129.7107391357422,5864448
2026-01-22 03:45:00+00:00,129.7109375,129.78810119628906,129.69862365722656,129.72015380859375,0
2026-01-22 04:00:00+00:00,129.7211456298828,129.9812469482422,129.7211456298828,129.94033813476562,0
2026-01-22 04:15:00+00:00,129.89430236816406,130.0948944091797,129.884033203125,130.09176635742188,730624
2026-01-22 04:30:00+00:00,130.09405517578125,130.221923828125,130.0862274169922,130.1009979248047,1079808
2026-01-22 04:45:00+00:00,130.11856079101562,130.3195343017578,130.11856079101562,130.29945373535156,9354752
2026-01-22 05:00:00+00:00,130.286376953125,130.286376953125,130.21026611328125,130.21026611328125,853504
2026-01-22 05:15:00+00:00,130.21136474609375,130.21136474609375,130.06204223632812,130.0974578857422,1227264
2026-01-22 05:30:00+00:00,130.0891876220703,130.1073455810547,129.98648071289062,130.1043243408203,0
2026-01-22 05:45:00+00:00,130.106689453125,130.1235809326172,129.9054718017578,129.9054718017578,0
2026-01-22 06:00:00+00:00,129.93527221679688,130.15945434570312,129.7896728515625,129.7896728515625,0
2026-01-22 06:15:00+00:00,129.8348388671875,129.95167541503906,129.70155334472656,129.7062225341797,3212288
2026-01-22 06:30:00+00:00,129.70223999023438,130.07809448242188,129.69741821289062,130.0690155029297,1323008
2026-01-22 06:45:00+00:00,130.07469177246094,130.2138214111328,130.07469177246094,130.21005249023438,0
2026-01-22 07:00:00+00:00,130.2069854736328,130.2478485107422,130.03358459472656,130.03514099121094,0
2026-01-22 07:15:00+00:00,130.0112762451172,130.0112762451172,129.85760498046875,129.88429260253906,0
2026-01-22 07:30:00+00:00,129.88082885742188,129.95437622070312,129.88082885742188,129.92965698242188,0
2026-01-22 07:45:00+00:00,129.93911743164062,129.93911743164062,129.7213592529297,129.7213592529297,0
2026-01-22 08:00:00+00:00,129.71873474121094,129.9395294189453,129.71044921875,129.76463317871094,0
2026-01-22 08:15:00+00:00,129.73223876953125,129.73223876953125,129.4285125732422,129.50218200683594,7724032
2026-01-22 08:30:00+00:00,129.44288635253906,129.6457061767578,129.42893981933594,129.6339874267578,30208
2026-01-22 08:45:00+00:00,129.61862182617188,129.87290954589844,129.56991577148438,129.87290954589844,0
2026-01-22 09:00:00+00:00,129.80581665039062,129.80581665039062,129.6341094970703,129.8030242919922,0
2026-01-22 09:15:00+00:00,129.86871337890625,129.86875915527344,129.72279357910156,129.7571258544922,269824
2026-01-22 09:30:00+00:00,129.73736572265625,130.10647583007812,129.7259063720703,130.10647583007812,903680
2026-01-22 09:45:00+00:00,130.11167907714844,130.11337280273438,130.01129150390625,130.04835510253906,0
2026-01-22 10:00:00+00:00,130.04959106445312,130.1025848388672,130.02813720703125,130.1025848388672,0
2026-01-22 10:15:00+00:00,130.11239624023438,130.16128540039062,130.06784057617188,130.06784057617188,4621312
2026-01-22 10:30:00+00:00,130.06597900390625,130.06597900390625,129.98660278320312,129.99258422851562,0
2026-01-22 10:45:00+00:00,130.02198791503906,130.0857391357422,130.01084899902344,130.0857391357422,0
2026-01-22 11:00:00+00:00,130.08729553222656,130.1171875,130.0,130.06549072265625,0
2026-01-22 11:15:00+00:00,130.0577850341797,130.0577850341797,129.7679443359375,129.78646850585938,7454208
2026-01-22 11:30:00+00:00,129.78773498535156,129.8906707763672,129.74752807617188,129.74752807617188,5908480
2026-01-22 11:45:00+00:00,129.76385498046875,130.13829040527344,129.76385498046875,130.13829040527344,0
2026-01-22 12:00:00+00:00,130.11209106445312,130.20892333984375,130.0026092529297,130.20892333984375,0
2026-01-22 12:15:00+00:00,130.21449279785156,130.24378967285156,130.10386657714844,130.10386657714844,0
2026-01-22 12:30:00+00:00,130.11282348632812,130.16600036621094,130.054443359375,130.054443359375,0
2026-01-22 12:45:00+00:00,130.04942321777344,130.04942321777344,129.95892333984375,129.9723663330078,0
2026-01-22 13:00:00+00:00,129.9695281982422,130.0047149658203,129.91928100585938,129.92750549316406,0
2026-01-22 13:15:00+00:00,129.92007446289062,130.25250244140625,129.92007446289062,130.25250244140625,2194432
2026-01-22 13:30:00+00:00,130.26319885253906,130.49163818359375,129.77188110351562,129.77188110351562,30328320
2026-01-22 13:45:00+00:00,129.73719787597656,129.73719787597656,129.21092224121094,129.31396484375,29264896
2026-01-22 14:00:00+00:00,129.32408142089844,129.32408142089844,129.15005493164062,129.20289611816406,0
2026-01-22 14:15:00+00:00,129.20843505859375,129.33511352539062,128.8899688720703,128.8899688720703,0
2026-01-22 14:30:00+00:00,128.9153594970703,129.03475952148438,128.6638641357422,128.96644592285156,6649856
2026-01-22 14:45:00+00:00,128.95309448242188,128.95309448242188,127.9326400756836,127.9326400756836,35309056
2026-01-22 15:00:00+00:00,127.90462493896484,127.93244171142578,127.78900146484375,127.84878540039062,0
2026-01-22 15:15:00+00:00,127.81499481201172,127.9912338256836,127.20475006103516,127.20475006103516,195072
2026-01-22 15:30:00+00:00,127.23135375976562,127.49374389648438,126.85424041748047,127.49374389648438,0
2026-01-22 15:45:00+00:00,127.54652404785156,128.05426025390625,127.25885772705078,127.26636505126953,43406336
2026-01-22 16:00:00+00:00,127.3051528930664,127.74241638183594,127.28690338134766,127.28690338134766,14283264
2026-01-22 16:15:00+00:00,127.27661895751953,127.72190856933594,126.9590072631836,127.72190856933594,1279488
2026-01-22 16:30:00+00:00,127.66453552246094,127.6801986694336,127.29364013671875,127.43814849853516,0
2026-01-22 16:45:00+00:00,127.43978881835938,127.99547576904297,127.43978881835938,127.67770385742188,0
2026-01-22 17:00:00+00:00,127.71485137939453,128.10984802246094,127.71485137939453,128.05691528320312,0
2026-01-22 17:15:00+00:00,128.021484375,128.0868682861328,127.79651641845703,127.79651641845703,0
2026-01-22 17:30:00+00:00,127.81211853027344,127.87754821777344,127.68730163574219,127.7884292602539,0
2026-01-22 17:45:00+00:00,127.81756591796875,128.53961181640625,127.81756591796875,128.53961181640625,0
2026-01-22 18:00:00+00:00,128.56524658203125,128.56524658203125,128.16641235351562,128.26828002929688,401664
2026-01-22 18:15:00+00:00,128.23431396484375,128.60232543945312,128.21200561523438,128.26588439941406,922880
2026-01-22 18:30:00+00:00,128.2661895751953,128.50782775878906,128.2661895751953,128.38690185546875,1042688
2026-01-22 18:45:00+00:00,128.38235473632812,128.38235473632812,127.65045166015625,127.65045166015625,0
2026-01-22 19:00:00+00:00,127.65701293945312,127.97164154052734,127.58482360839844,127.97164154052734,1271296
2026-01-22 19:15:00+00:00,127.97056579589844,128.18344116210938,127.88172912597656,128.18344116210938,0
2026-01-22 19:30:00+00:00,128.1759033203125,128.9068145751953,128.1759033203125,128.87586975097656,0
2026-01-22 19:45:00+00:00,128.90924072265625,129.1790008544922,128.8375701904297,129.1195526123047,0
2026-01-22 20:00:00+00:00,129.1494598388672,129.35304260253906,129.1229248046875,129.2877960205078,0
2026-01-22 20:15:00+00:00,129.34054565429688,129.49388122558594,128.87503051757812,128.87503051757812,0
2026-01-22 20:30:00+00:00,128.87489318847656,128.87489318847656,128.34056091308594,128.3629150390625,0
2026-01-22 20:45:00+00:00,128.38739013671875,128.50347900390625,128.38739013671875,128.49327087402344,0
2026-01-22 21:00:00+00:00,128.4788818359375,128.4788818359375,128.31539916992188,128.39913940429688,0
2026-01-22 21:15:00+00:00,128.39109802246094,128.81918334960938,128.38194274902344,128.77760314941406,0
2026-01-22 21:30:00+00:00,128.7593536376953,128.7593536376953,128.42237854003906,128.42237854003906,0
2026-01-22 21:45:00+00:00,128.38543701171875,128.4289093017578,128.3276824951172,128.35340881347656,230912
2026-01-22 22:00:00+00:00,128.32652282714844,128.3410186767578,128.15003967285156,128.3410186767578,1868800
2026-01-22 22:15:00+00:00,128.32003784179688,128.37120056152344,128.19784545898438,128.3002471923828,0
2026-01-22 22:30:00+00:00,128.2796173095703,128.2796173095703,128.0531768798828,128.15061950683594,4785408
2026-01-22 22:45:00+00:00,128.18017578125,128.59909057617188,128.18017578125,128.59848022460938,17195776
2026-01-22 23:00:00+00:00,128.5781707763672,128.5781707763672,128.09347534179688,128.2397918701172,845568
2026-01-22 23:15:00+00:00,128.24392700195312,128.39474487304688,128.24392700195312,128.36810302734375,0
2026-01-22 23:30:00+00:00,128.3621368408203,128.4388885498047,128.30186462402344,128.30787658691406,0
2026-01-22 23:45:00+00:00,128.30738830566406,128.30738830566406,128.2284393310547,128.28878784179688,0
2026-01-23 00:00:00+00:00,128.2960662841797,128.3310089111328,128.21710205078125,128.2288360595703,0
2026-01-23 00:15:00+00:00,128.2364959716797,128.32022094726562,128.20855712890625,128.21224975585938,0
2026-01-23 00:30:00+00:00,128.21192932128906,128.21498107910156,128.08953857421875,128.17153930664062,0
2026-01-23 00:45:00+00:00,128.1728973388672,128.3042449951172,128.147705078125,128.29721069335938,0
2026-01-23 01:00:00+00:00,128.298583984375,128.39393615722656,128.27801513671875,128.37046813964844,763648
2026-01-23 01:15:00+00:00,128.35186767578125,128.37539672851562,128.24468994140625,128.24468994140625,0
2026-01-23 01:30:00+00:00,128.3246307373047,128.5865478515625,128.30563354492188,128.50860595703125,11538176
2026-01-23 01:45:00+00:00,128.52186584472656,128.7172088623047,128.52186584472656,128.7172088623047,6929664
2026-01-23 02:00:00+00:00,128.77430725097656,128.77430725097656,128.5602264404297,128.65916442871094,30025984
2026-01-23 02:15:00+00:00,128.64283752441406,128.64283752441406,128.39430236816406,128.39430236816406,704768
2026-01-23 02:30:00+00:00,128.39141845703125,128.39141845703125,128.35281372070312,128.38653564453125,0
2026-01-23 02:45:00+00:00,128.3778839111328,128.3778839111328,128.11630249023438,128.11630249023438,3644672
2026-01-23 03:00:00+00:00,128.11558532714844,128.2892303466797,128.05653381347656,128.23382568359375,1622784
2026-01-23 03:15:00+00:00,128.23150634765625,128.55148315429688,128.23150634765625,128.55148315429688,5236992
2026-01-23 03:30:00+00:00,128.54656982421875,128.55589294433594,128.4243927001953,128.468505859375,0
2026-01-23 03:45:00+00:00,128.48187255859375,128.5864715576172,128.48187255859375,128.5864715576172,0
2026-01-23 04:00:00+00:00,128.5888214111328,128.65243530273438,128.52545166015625,128.65243530273438,1132800
2026-01-23 04:15:00+00:00,128.65243530273438,128.78176879882812,128.65243530273438,128.7289276123047,14664192
2026-01-23 04:30:00+00:00,128.74420166015625,128.7785186767578,128.69009399414062,128.77268981933594,17553920
2026-01-23 04:45:00+00:00,128.79283142089844,129.06942749023438,128.79283142089844,129.0499725341797,8812032
2026-01-23 05:00:00+00:00,129.04104614257812,129.04104614257812,128.8028564453125,128.81729125976562,1613568
2026-01-23 05:15:00+00:00,128.8199920654297,128.8199920654297,128.4363555908203,128.43785095214844,6063104
2026-01-23 05:30:00+00:00,128.4502410888672,128.55848693847656,128.41195678710938,128.54559326171875,7377664
2026-01-23 05:45:00+00:00,128.5432891845703,128.5432891845703,128.31851196289062,128.38710021972656,13138688
2026-01-23 06:00:00+00:00,128.42396545410156,128.8120574951172,128.42396545410156,128.8120574951172,1000192
2026-01-23 06:15:00+00:00,128.8071746826172,128.93572998046875,128.50808715820312,128.50808715820312,16103680
2026-01-23 06:30:00+00:00,128.27743530273438,128.38377380371094,128.12924194335938,128.38377380371094,16154880
2026-01-23 06:45:00+00:00,128.3942413330078,128.42620849609375,127.54976654052734,127.54976654052734,44216576
2026-01-23 07:00:00+00:00,127.57454681396484,127.59429931640625,127.40826416015625,127.59272766113281,41897984
2026-01-23 07:15:00+00:00,127.59746551513672,127.80272674560547,127.59746551513672,127.78020477294922,3202560
2026-01-23 07:30:00+00:00,127.78133392333984,127.88648223876953,127.76670837402344,127.88648223876953,6565632
2026-01-23 07:45:00+00:00,127.88858795166016,127.89671325683594,127.7906723022461,127.80055236816406,8561920
2026-01-23 08:00:00+00:00,127.809326171875,127.809326171875,127.67157745361328,127.67157745361328,217856
2026-01-23 08:15:00+00:00,127.67433166503906,127.67433166503906,127.43053436279297,127.43053436279297,5929728
2026-01-23 08:30:00+00:00,127.4383316040039,127.4383316040039,127.11448669433594,127.24835968017578,15031808
2026-01-23 08:45:00+00:00,127.24453735351562,127.25608825683594,126.99153137207031,127.02542877197266,15232512
2026-01-23 09:00:00+00:00,127.01557159423828,127.17137145996094,127.00773620605469,127.13308715820312,1288704
2026-01-23 09:15:00+00:00,127.11285400390625,127.11285400390625,126.98023986816406,126.98084259033203,13046784
2026-01-23 09:30:00+00:00,126.98582458496094,127.1375732421875,126.94731903076172,127.1375732421875,8449792
2026-01-23 09:45:00+00:00,127.11944580078125,127.11944580078125,126.8751220703125,126.91319274902344,11739136
2026-01-23 10:00:00+00:00,126.92086791992188,127.18212890625,126.91752624511719,127.02720642089844,4231936
2026-01-23 10:15:00+00:00,127.05607604980469,127.2013931274414,127.05607604980469,127.18284606933594,5614592
2026-01-23 10:30:00+00:00,127.18553161621094,127.23822021484375,127.09883880615234,127.10585021972656,6286848
2026-01-23 10:45:00+00:00,127.14558410644531,127.25248718261719,127.1303939819336,127.1303939819336,12013568
2026-01-23 11:00:00+00:00,127.13385009765625,127.43560028076172,127.12255096435547,127.40326690673828,13874688
2026-01-23 11:15:00+00:00,127.39903259277344,127.41521453857422,127.36626434326172,127.3977279663086,0
2026-01-23 11:30:00+00:00,127.43386840820312,127.560791015625,127.43386840820312,127.53826141357422,0
2026-01-23 11:45:00+00:00,127.5339584350586,127.5339584350586,127.45254516601562,127.45684051513672,0
2026-01-23 12:00:00+00:00,127.43659210205078,127.43659210205078,127.30709075927734,127.31324005126953,0
2026-01-23 12:15:00+00:00,127.30669403076172,127.30669403076172,127.1627426147461,127.2905502319336,12675584
2026-01-23 12:30:00+00:00,127.2661361694336,127.2661361694336,127.12033081054688,127.22029876708984,2341632
2026-01-23 12:45:00+00:00,127.20480346679688,127.24647521972656,127.15853118896484,127.15853118896484,5621760
2026-01-23 13:00:00+00:00,127.14324188232422,127.15438079833984,127.04893493652344,127.15438079833984,5031680
2026-01-23 13:15:00+00:00,127.16560363769531,127.17549133300781,127.13441467285156,127.16278076171875,2529280
2026-01-23 13:30:00+00:00,127.157470703125,127.157470703125,126.97610473632812,126.98311614990234,0
2026-01-23 13:45:00+00:00,126.98250579833984,127.09153747558594,126.81097412109375,126.81097412109375,4898048
2026-01-23 14:00:00+00:00,126.80696868896484,126.94984436035156,126.70813751220703,126.94984436035156,0
2026-01-23 14:15:00+00:00,126.93629455566406,127.0107650756836,126.90129089355469,127.0107650756836,0
2026-01-23 14:30:00+00:00,127.0291748046875,127.09290313720703,125.76710510253906,125.79045867919922,40644352
2026-01-23 14:45:00+00:00,125.77472686767578,125.83644104003906,125.39065551757812,125.83644104003906,24541952
2026-01-23 15:00:00+00:00,125.8376235961914,126.04319763183594,125.8376235961914,125.97539520263672,4560640
2026-01-23 15:15:00+00:00,125.94281005859375,126.4552993774414,125.71601867675781,126.4147720336914,7229184
2026-01-23 15:30:00+00:00,126.38033294677734,126.81985473632812,126.35736083984375,126.81985473632812,2172928
2026-01-23 15:45:00+00:00,126.83683013916016,127.49153137207031,126.83683013916016,127.46721649169922,3900160
2026-01-23 16:00:00+00:00,127.56778717041016,128.2466583251953,127.56778717041016,128.03627014160156,50939136
2026-01-23 16:15:00+00:00,128.1787872314453,128.2632598876953,127.8530044555664,127.8530044555664,30196224
2026-01-23 16:30:00+00:00,127.86813354492188,128.6333465576172,127.53050231933594,128.4891815185547,23177216
2026-01-23 16:45:00+00:00,128.5186767578125,128.81068420410156,128.427978515625,128.427978515625,25616384
2026-01-23 17:00:00+00:00,128.4170684814453,128.4170684814453,127.86884307861328,127.99681854248047,1417472
2026-01-23 17:15:00+00:00,128.0006103515625,129.22940063476562,128.0006103515625,129.20384216308594,670951424
2026-01-23 17:30:00+00:00,129.27719116210938,129.72817993164062,129.27719116210938,129.38026428222656,85608704
2026-01-23 17:45:00+00:00,129.398193359375,129.45086669921875,128.5545196533203,128.55966186523438,32853504
2026-01-23 18:00:00+00:00,128.51235961914062,129.07302856445312,128.36004638671875,128.92416381835938,19449088
2026-01-23 18:15:00+00:00,128.86663818359375,128.86663818359375,128.70166015625,128.79827880859375,13740800
2026-01-23 18:30:00+00:00,128.8256378173828,129.2813720703125,128.8256378173828,129.0845489501953,14652928
2026-01-23 18:45:00+00:00,129.08238220214844,129.08238220214844,128.90821838378906,129.00616455078125,4327168
2026-01-23 19:00:00+00:00,128.97686767578125,128.97686767578125,128.61676025390625,128.6472930908203,7303168
2026-01-23 19:15:00+00:00,128.63815307617188,128.83963012695312,128.22683715820312,128.76611328125,45561344
2026-01-23 19:30:00+00:00,128.39756774902344,128.39756774902344,127.86410522460938,127.87606811523438,25284608
2026-01-23 19:45:00+00:00,127.93943786621094,128.0322265625,127.85637664794922,127.9435806274414,11815424
2026-01-23 20:00:00+00:00,127.93081665039062,127.98104095458984,127.81230926513672,127.98104095458984,2347776
2026-01-23 20:15:00+00:00,128.0010223388672,128.0010223388672,127.70227813720703,127.71186065673828,2136576
2026-01-23 20:30:00+00:00,127.70675659179688,127.70675659179688,126.84942626953125,126.94532012939453,16715264
2026-01-23 20:45:00+00:00,126.91597747802734,126.9984359741211,126.75959014892578,126.9984359741211,27204864
2026-01-23 21:00:00+00:00,126.85964965820312,127.24183654785156,126.78675079345703,127.24183654785156,23134464
2026-01-23 21:15:00+00:00,127.256591796875,127.357421875,127.1836929321289,127.34577178955078,598272
2026-01-23 21:30:00+00:00,127.33656311035156,127.33656311035156,127.14244079589844,127.14244079589844,0
2026-01-23 21:45:00+00:00,127.1406478881836,127.1406478881836,127.07111358642578,127.07111358642578,1359104
2026-01-23 22:00:00+00:00,127.07173156738281,127.46453094482422,127.04178619384766,127.4218978881836,1802496
2026-01-23 22:15:00+00:00,127.4151840209961,127.51190185546875,127.32620239257812,127.51190185546875,1730560
2026-01-23 22:30:00+00:00,127.50248718261719,127.68624114990234,127.50248718261719,127.6238021850586,9405184
2026-01-23 22:45:00+00:00,127.61212921142578,127.61212921142578,127.44767761230469,127.4577407836914,1892864
2026-01-23 23:00:00+00:00,127.48004150390625,127.48004150390625,127.30853271484375,127.37641143798828,6943232
2026-01-23 23:15:00+00:00,127.3849105834961,127.44124603271484,127.26768493652344,127.3075180053711,2972672
2026-01-23 23:30:00+00:00,127.30467224121094,127.3623046875,127.25299835205078,127.25763702392578,512000
2026-01-23 23:45:00+00:00,127.19120025634766,127.3761215209961,127.17853546142578,127.3761215209961,17953792
2026-01-24 00:00:00+00:00,127.34194946289062,127.35773468017578,127.26594543457031,127.26594543457031,16656384
2026-01-24 00:15:00+00:00,127.27442932128906,127.38546752929688,127.27442932128906,127.33381652832031,3446784
2026-01-24 00:30:00+00:00,127.3242416381836,127.45632934570312,127.31493377685547,127.39506530761719,503296
2026-01-24 00:45:00+00:00,127.39216613769531,127.39216613769531,127.31546783447266,127.31676483154297,0
2026-01-24 01:00:00+00:00,127.26675415039062,127.26675415039062,127.21251678466797,127.21995544433594,0
2026-01-24 01:15:00+00:00,127.22808074951172,127.35002899169922,127.22808074951172,127.34614562988281,0
2026-01-24 01:30:00+00:00,127.34969329833984,127.34969329833984,127.2275390625,127.29796600341797,0
2026-01-24 01:45:00+00:00,127.3061752319336,127.353515625,127.3061752319336,127.34615325927734,0
2026-01-24 02:00:00+00:00,127.3475112915039,127.4392318725586,127.3475112915039,127.42562103271484,0
2026-01-24 02:15:00+00:00,127.43109893798828,127.4868392944336,127.39649200439453,127.39679718017578,0
2026-01-24 02:30:00+00:00,127.39290618896484,127.5460205078125,127.3708267211914,127.53988647460938,1729024
2026-01-24 02:45:00+00:00,127.53521728515625,127.53521728515625,127.45169067382812,127.52267456054688,0
2026-01-24 03:00:00+00:00,127.52265167236328,127.74483489990234,127.52050018310547,127.74483489990234,7650560
2026-01-24 03:15:00+00:00,127.7444839477539,127.79497528076172,127.67788696289062,127.78304290771484,2249984
2026-01-24 03:30:00+00:00,127.80176544189453,127.89299774169922,127.80176544189453,127.83789825439453,4194560
2026-01-24 03:45:00+00:00,127.84611511230469,127.84611511230469,127.69120788574219,127.70693969726562,5290752
2026-01-24 04:00:00+00:00,127.70990753173828,127.89928436279297,127.70990753173828,127.89928436279297,562432
2026-01-24 04:15:00+00:00,127.89019775390625,127.89019775390625,127.72833251953125,127.72833251953125,0
2026-01-24 04:30:00+00:00,127.72665405273438,127.72665405273438,127.64817810058594,127.65804290771484,0
2026-01-24 04:45:00+00:00,127.65457153320312,127.66348266601562,127.58638000488281,127.66348266601562,0
2026-01-24 05:00:00+00:00,127.65750122070312,127.6801986694336,127.62946319580078,127.63221740722656,0
2026-01-24 05:15:00+00:00,127.63565826416016,127.66194152832031,127.63565826416016,127.66089630126953,2135296
2026-01-24 05:30:00+00:00,127.6620864868164,127.66773223876953,127.58045959472656,127.58045959472656,486912
2026-01-24 05:45:00+00:00,127.56771850585938,127.59046936035156,127.5324478149414,127.59046936035156,0
2026-01-24 06:00:00+00:00,127.6067886352539,127.63011932373047,127.5332260131836,127.54139709472656,0
2026-01-24 06:15:00+00:00,127.56338500976562,127.57164001464844,127.41041564941406,127.41041564941406,0
2026-01-24 06:30:00+00:00,127.40908813476562,127.45838165283203,127.40908813476562,127.45838165283203,0
2026-01-24 06:45:00+00:00,127.47959899902344,127.49256134033203,127.46620178222656,127.46727752685547,0
2026-01-24 07:00:00+00:00,127.46240997314453,127.4710464477539,127.44271087646484,127.46150207519531,0
2026-01-24 07:15:00+00:00,127.45416259765625,127.45416259765625,127.19930267333984,127.19930267333984,13608448
2026-01-24 07:30:00+00:00,127.19656372070312,127.19656372070312,126.97334289550781,126.9783935546875,56504320
2026-01-24 07:45:00+00:00,126.98472595214844,127.09745025634766,126.98472595214844,127.0572509765625,697088
2026-01-24 08:00:00+00:00,127.051025390625,127.051025390625,126.8798599243164,126.89568328857422,2365184
2026-01-24 08:15:00+00:00,126.89501953125,126.94029235839844,126.88807678222656,126.93695068359375,0
2026-01-24 08:30:00+00:00,126.93595123291016,127.03710174560547,126.9177474975586,127.03710174560547,0
2026-01-24 08:45:00+00:00,127.03885650634766,127.15508270263672,127.03885650634766,127.15508270263672,0
2026-01-24 09:00:00+00:00,127.15869903564453,127.15869903564453,127.02974700927734,127.08660888671875,0
2026-01-24 09:15:00+00:00,127.0830078125,127.0830078125,126.94793701171875,126.95611572265625,0
2026-01-24 09:30:00+00:00,126.95703125,126.95703125,126.8994369506836,126.90248107910156,0
2026-01-24 09:45:00+00:00,126.90921020507812,126.91205596923828,126.88046264648438,126.91043853759766,0
2026-01-24 10:00:00+00:00,126.9070816040039,126.90898132324219,126.88760375976562,126.88870239257812,0
2026-01-24 10:15:00+00:00,126.8867416381836,126.8867416381836,126.81522369384766,126.85936737060547,2779392
2026-01-24 10:30:00+00:00,126.86031341552734,126.9764175415039,126.86031341552734,126.97225952148438,0
2026-01-24 10:45:00+00:00,126.9763412475586,127.01323699951172,126.9763412475586,127.01129150390625,0
2026-01-24 11:00:00+00:00,127.01071166992188,127.04489135742188,127.00267028808594,127.04489135742188,0
2026-01-24 11:15:00+00:00,127.04818725585938,127.14734649658203,127.04818725585938,127.14734649658203,981504
2026-01-24 11:30:00+00:00,127.1172866821289,127.1172866821289,127.07386016845703,127.08150482177734,0
2026-01-24 11:45:00+00:00,127.0707778930664,127.09186553955078,126.97981262207031,126.97981262207031,0
2026-01-24 12:00:00+00:00,126.97640991210938,127.03109741210938,126.97640991210938,126.99917602539062,2877440
2026-01-24 12:15:00+00:00,126.99677276611328,126.99684143066406,126.94913482666016,126.99684143066406,841728
2026-01-24 12:30:00+00:00,126.99920654296875,127.12736511230469,126.99920654296875,127.10739135742188,0
2026-01-24 12:45:00+00:00,127.11052703857422,127.14100646972656,127.11052703857422,127.13033294677734,0
2026-01-24 13:00:00+00:00,127.13031768798828,127.13031768798828,126.99940490722656,126.99940490722656,1295104
2026-01-24 13:15:00+00:00,126.99116516113281,126.99116516113281,126.9075698852539,126.9075698852539,1677312
2026-01-24 13:30:00+00:00,126.90750885009766,126.94536590576172,126.90750885009766,126.94536590576172,0
2026-01-24 13:45:00+00:00,126.94780731201172,127.05086517333984,126.94780731201172,127.04691314697266,0
2026-01-24 14:00:00+00:00,127.03315734863281,127.03315734863281,126.83067321777344,126.9078369140625,15360
2026-01-24 14:15:00+00:00,126.91877746582031,126.93895721435547,126.85944366455078,126.87739562988281,0
2026-01-24 14:30:00+00:00,126.8784408569336,127.03871154785156,126.8784408569336,127.0228271484375,0
2026-01-24 14:45:00+00:00,127.02039337158203,127.02039337158203,126.9852294921875,126.9852294921875,0
2026-01-24 15:00:00+00:00,126.98704528808594,127.13256072998047,126.98704528808594,127.0927734375,0
2026-01-24 15:15:00+00:00,127.11345672607422,127.14938354492188,127.05278015136719,127.05278015136719,0
2026-01-24 15:30:00+00:00,127.05189514160156,127.05189514160156,126.85840606689453,126.85840606689453,0
2026-01-24 15:45:00+00:00,126.79692077636719,126.80839538574219,126.68092346191406,126.68092346191406,0
2026-01-24 16:00:00+00:00,126.67990112304688,126.76638793945312,126.61512756347656,126.72848510742188,0
2026-01-24 16:15:00+00:00,126.66618347167969,126.66618347167969,126.56946563720703,126.64258575439453,0
2026-01-24 16:30:00+00:00,126.64987182617188,126.73396301269531,126.6387710571289,126.65362548828125,0
2026-01-24 16:45:00+00:00,126.64700317382812,126.90219116210938,126.64348602294922,126.86251831054688,0
2026-01-24 17:00:00+00:00,126.84272766113281,126.88702392578125,126.83866882324219,126.88702392578125,0
2026-01-24 17:15:00+00:00,126.8856430053711,127.01042938232422,126.8856430053711,127.01042938232422,0
2026-01-24 17:30:00+00:00,127.01158905029297,127.0794677734375,126.9877700805664,127.06664276123047,0
2026-01-24 17:45:00+00:00,127.01559448242188,127.02554321289062,126.99665832519531,127.00484466552734,0
2026-01-24 18:00:00+00:00,127.04064178466797,127.07161712646484,127.03759765625,127.07161712646484,0
2026-01-24 18:15:00+00:00,127.06719207763672,127.09161376953125,127.02870178222656,127.02870178222656,0
2026-01-24 18:30:00+00:00,127.04035949707031,127.23599243164062,127.04035949707031,127.2081298828125,0
2026-01-24 18:45:00+00:00,127.21867370605469,127.21867370605469,127.17353057861328,127.20528411865234,0
2026-01-24 19:00:00+00:00,127.2039794921875,127.23393249511719,127.17428588867188,127.17428588867188,0
2026-01-24 19:15:00+00:00,127.16373443603516,127.16373443603516,127.09417724609375,127.10271453857422,0
2026-01-24 19:30:00+00:00,127.10350036621094,127.24723052978516,127.10350036621094,127.24723052978516,0
2026-01-24 19:45:00+00:00,127.24983215332031,127.26494598388672,127.1758041381836,127.1758041381836,0
2026-01-24 20:00:00+00:00,127.16466522216797,127.20296478271484,127.15252685546875,127.19745635986328,0
2026-01-24 20:15:00+00:00,127.19327545166016,127.28495025634766,127.19327545166016,127.28271484375,0
2026-01-24 20:30:00+00:00,127.26851654052734,127.26851654052734,127.18968963623047,127.18968963623047,0
2026-01-24 20:45:00+00:00,127.18130493164062,127.18130493164062,127.10973358154297,127.11012268066406,0
2026-01-24 21:00:00+00:00,127.11074829101562,127.11074829101562,127.00918579101562,127.00918579101562,0
2026-01-24 21:15:00+00:00,127.02147674560547,127.10513305664062,127.02147674560547,127.09192657470703,0
2026-01-24 21:30:00+00:00,127.0933837890625,127.0933837890625,127.01067352294922,127.0235824584961,0
2026-01-24 21:45:00+00:00,127.02223205566406,127.02223205566406,126.94750213623047,126.94859313964844,1898624
2026-01-24 22:00:00+00:00,126.95008087158203,126.98217010498047,126.95008087158203,126.98217010498047,0
2026-01-24 22:15:00+00:00,127.11235046386719,127.29845428466797,127.11235046386719,127.2538833618164,1428608
2026-01-24 22:30:00+00:00,127.25286102294922,127.345458984375,127.23045349121094,127.23045349121094,0
2026-01-24 22:45:00+00:00,127.22342681884766,127.43465423583984,127.19738006591797,127.43277740478516,1364736
2026-01-24 23:00:00+00:00,127.44654846191406,127.46542358398438,127.32454681396484,127.32454681396484,0
2026-01-24 23:15:00+00:00,127.33330535888672,127.33330535888672,127.27657318115234,127.27657318115234,136576
2026-01-24 23:30:00+00:00,127.275390625,127.275390625,127.15006256103516,127.15006256103516,443264
2026-01-24 23:45:00+00:00,127.13854217529297,127.13854217529297,127.05622100830078,127.05635070800781,301696
2026-01-25 00:00:00+00:00,127.04954528808594,127.22259521484375,127.03995513916016,127.22259521484375,0
2026-01-25 00:15:00+00:00,127.20134735107422,127.20134735107422,126.9806900024414,126.9806900024414,3987456
2026-01-25 00:30:00+00:00,126.97683715820312,126.97683715820312,126.807861328125,126.92850494384766,12159872
2026-01-25 00:45:00+00:00,126.9308853149414,127.04476165771484,126.92357635498047,127.04476165771484,3309952
2026-01-25 01:00:00+00:00,127.06403350830078,127.17447662353516,127.06403350830078,127.12599182128906,0
2026-01-25 01:15:00+00:00,127.09729766845703,127.09923553466797,127.01547241210938,127.0165023803711,249088
2026-01-25 01:30:00+00:00,127.00774383544922,127.00774383544922,126.82537078857422,126.82537078857422,12142848
2026-01-25 01:45:00+00:00,126.82015991210938,126.90098571777344,126.81928253173828,126.89690399169922,1469056
2026-01-25 02:00:00+00:00,126.90702819824219,127.2026596069336,126.90702819824219,127.12846374511719,1617536
2026-01-25 02:15:00+00:00,127.13082885742188,127.13082885742188,126.99736022949219,127.0199203491211,0
2026-01-25 02:30:00+00:00,127.01181030273438,127.07085418701172,126.98600006103516,126.98600006103516,0
2026-01-25 02:45:00+00:00,126.97172546386719,126.97172546386719,126.87007141113281,126.8702621459961,6986752
2026-01-25 03:00:00+00:00,126.87088775634766,126.914794921875,126.85997009277344,126.87065887451172,0
2026-01-25 03:15:00+00:00,126.85441589355469,126.85441589355469,126.62518310546875,126.62518310546875,3694464
2026-01-25 03:30:00+00:00,126.62308502197266,126.62308502197266,126.3170166015625,126.38404083251953,15716480
2026-01-25 03:45:00+00:00,126.38814544677734,126.44705963134766,126.31095123291016,126.44446563720703,2417920
2026-01-25 04:00:00+00:00,126.44515228271484,126.60509490966797,126.44515228271484,126.50084686279297,3040640
2026-01-25 04:15:00+00:00,126.49497985839844,126.49497985839844,126.38257598876953,126.48528289794922,5518336
2026-01-25 04:30:00+00:00,126.48912048339844,126.77880859375,126.48912048339844,126.7318344116211,2158592
2026-01-25 04:45:00+00:00,126.73017883300781,126.73017883300781,126.66658020019531,126.6797866821289,264064
2026-01-25 05:00:00+00:00,126.66934967041016,126.66934967041016,126.59539794921875,126.61190795898438,806656
2026-01-25 05:15:00+00:00,126.61906433105469,126.61906433105469,126.51764678955078,126.54904174804688,2398592
2026-01-25 05:30:00+00:00,126.5527572631836,126.58637237548828,126.48555755615234,126.48555755615234,942080
2026-01-25 05:45:00+00:00,126.48382568359375,126.717041015625,126.48382568359375,126.717041015625,2630656
2026-01-25 06:00:00+00:00,126.72996520996094,126.72996520996094,126.43341064453125,126.43341064453125,3036544
2026-01-25 06:15:00+00:00,126.42469024658203,126.4660415649414,126.333251953125,126.4430923461914,3446528
2026-01-25 06:30:00+00:00,126.44108581542969,126.55046844482422,126.43397521972656,126.53768920898438,7204224
2026-01-25 06:45:00+00:00,126.54357147216797,126.56076049804688,126.5307388305664,126.5307388305664,1565056
2026-01-25 07:00:00+00:00,126.53299713134766,126.53299713134766,126.35797119140625,126.39464569091797,2814208
2026-01-25 07:15:00+00:00,126.37694549560547,126.37694549560547,126.2712631225586,126.36813354492188,0
2026-01-25 07:30:00+00:00,126.36827850341797,126.39443969726562,126.34765625,126.3906478881836,0
2026-01-25 07:45:00+00:00,126.38894653320312,126.38894653320312,126.26132202148438,126.26536560058594,381056
2026-01-25 08:00:00+00:00,126.26498413085938,126.51041412353516,126.26498413085938,126.51041412353516,2247040
2026-01-25 08:15:00+00:00,126.56053924560547,126.56255340576172,126.53038024902344,126.55412292480469,3016320
2026-01-25 08:30:00+00:00,126.54084777832031,126.54084777832031,126.13965606689453,126.13965606689453,15493504
2026-01-25 08:45:00+00:00,126.1636962890625,126.1636962890625,126.02423095703125,126.10204315185547,27902592
2026-01-25 09:00:00+00:00,126.09223937988281,126.1067886352539,126.00650024414062,126.1067886352539,14115712
2026-01-25 09:15:00+00:00,126.13612365722656,126.2750473022461,126.13612365722656,126.2750473022461,7541760
2026-01-25 09:30:00+00:00,126.28506469726562,126.58595275878906,126.28506469726562,126.57451629638672,21113472
2026-01-25 09:45:00+00:00,126.57585906982422,126.67935943603516,126.5103988647461,126.5103988647461,17242880
2026-01-25 10:00:00+00:00,126.50953674316406,126.54389953613281,126.49102020263672,126.54389953613281,1831040
2026-01-25 10:15:00+00:00,126.54235076904297,126.76007080078125,126.54235076904297,126.76007080078125,2725120
2026-01-25 10:30:00+00:00,126.79116821289062,126.9463119506836,126.79116821289062,126.84140014648438,12239232
2026-01-25 10:45:00+00:00,126.84310150146484,126.89093017578125,126.79318237304688,126.8021011352539,4651520
2026-01-25 11:00:00+00:00,126.79637145996094,126.79637145996094,126.57525634765625,126.57525634765625,1871232
2026-01-25 11:15:00+00:00,126.57145690917969,126.69332122802734,126.56983184814453,126.68297576904297,1331456
2026-01-25 11:30:00+00:00,126.6866683959961,126.71646118164062,126.5962905883789,126.5962905883789,1890048
2026-01-25 11:45:00+00:00,126.59119415283203,126.59119415283203,126.45892333984375,126.49736785888672,1757824
2026-01-25 12:00:00+00:00,126.53374481201172,126.57096862792969,126.49728393554688,126.57096862792969,2187776
2026-01-25 12:15:00+00:00,126.57603454589844,126.6718978881836,126.51024627685547,126.66034698486328,8405504
2026-01-25 12:30:00+00:00,126.62400817871094,126.62400817871094,126.54187774658203,126.61255645751953,5503744
2026-01-25 12:45:00+00:00,126.63975524902344,126.79373168945312,126.63975524902344,126.79373168945312,9746048
2026-01-25 13:00:00+00:00,126.79611206054688,126.876708984375,126.73465728759766,126.74661254882812,1904896
2026-01-25 13:15:00+00:00,126.73005676269531,126.73702239990234,126.57768249511719,126.57768249511719,3257728
2026-01-25 13:30:00+00:00,126.56737518310547,126.56737518310547,126.36881256103516,126.53392791748047,7178368
2026-01-25 13:45:00+00:00,126.54010009765625,126.81334686279297,126.54010009765625,126.79451751708984,9548672
2026-01-25 14:00:00+00:00,126.79267883300781,126.79267883300781,126.42636108398438,126.42636108398438,793088
2026-01-25 14:15:00+00:00,126.41622161865234,126.42516326904297,125.92342376708984,125.92342376708984,13408896
2026-01-25 14:30:00+00:00,125.93942260742188,125.93942260742188,125.64147186279297,125.80058288574219,23437696
2026-01-25 14:45:00+00:00,125.80077362060547,125.91321563720703,125.72982788085938,125.91321563720703,14208384
2026-01-25 15:00:00+00:00,125.88819885253906,125.99354553222656,125.87452697753906,125.99354553222656,8103168
2026-01-25 15:15:00+00:00,125.8892593383789,125.9217758178711,125.7845687866211,125.91693115234375,6687872
2026-01-25 15:30:00+00:00,125.91844177246094,126.05048370361328,125.77397155761719,125.78730773925781,8394496
2026-01-25 15:45:00+00:00,125.76520538330078,125.76520538330078,125.48944091796875,125.48944091796875,17210624
2026-01-25 16:00:00+00:00,125.49688720703125,125.49688720703125,122.69720458984375,122.69720458984375,343084672
2026-01-25 16:15:00+00:00,122.707275390625,122.81578063964844,122.45989990234375,122.56800079345703,182301184
2026-01-25 16:30:00+00:00,122.59142303466797,122.76651000976562,122.5389633178711,122.64763641357422,100331776
2026-01-25 16:45:00+00:00,122.60494232177734,122.60494232177734,122.48280334472656,122.55549621582031,62940416
2026-01-25 17:00:00+00:00,122.55301666259766,122.63314056396484,121.91908264160156,121.91908264160156,103947008
2026-01-25 17:15:00+00:00,121.82723236083984,121.87154388427734,121.60028076171875,121.79423522949219,83066112
2026-01-25 17:30:00+00:00,121.8040542602539,122.24340057373047,121.8040542602539,122.24340057373047,45123584
2026-01-25 17:45:00+00:00,122.26434326171875,122.35813903808594,122.09783172607422,122.09783172607422,28401664
2026-01-25 18:00:00+00:00,122.09500122070312,122.09500122070312,121.78852844238281,121.78852844238281,56652544
2026-01-25 18:15:00+00:00,121.81189727783203,121.8797836303711,121.49604797363281,121.49604797363281,98789120
2026-01-25 18:30:00+00:00,121.51028442382812,121.51028442382812,121.09285736083984,121.09285736083984,83928576
2026-01-25 18:45:00+00:00,121.0802230834961,121.54016876220703,120.99131774902344,121.54016876220703,63652352
2026-01-25 19:00:00+00:00,121.53572845458984,121.53572845458984,121.31982421875,121.42073822021484,44944384
2026-01-25 19:15:00+00:00,121.3442153930664,121.3442153930664,119.96598815917969,119.96598815917969,180233728
2026-01-25 19:30:00+00:00,119.92959594726562,120.12377166748047,119.4349136352539,120.12377166748047,166388736
2026-01-25 19:45:00+00:00,119.84782409667969,119.85745239257812,117.689208984375,117.7602767944336,323879936
2026-01-25 20:00:00+00:00,117.76701354980469,117.93038940429688,117.76456451416016,117.87580871582031,359259136
2026-01-25 20:15:00+00:00,117.59088134765625,118.20840454101562,117.59088134765625,118.20840454101562,196682240
2026-01-25 20:30:00+00:00,118.22750091552734,118.2726058959961,117.7216796875,117.80774688720703,130596352
2026-01-25 20:45:00+00:00,117.79268646240234,118.15287780761719,117.68081665039062,118.12742614746094,109273088
2026-01-25 21:00:00+00:00,118.1196517944336,118.50940704345703,118.01155853271484,118.01984405517578,139016704
2026-01-25 21:15:00+00:00,118.03816223144531,118.18388366699219,117.97074890136719,118.06647491455078,95823872
2026-01-25 21:30:00+00:00,118.10255432128906,118.2833480834961,117.79181671142578,117.9462661743164,81319936
2026-01-25 21:45:00+00:00,117.94046783447266,118.6513442993164,117.94046783447266,118.64386749267578,67133952
2026-01-25 22:00:00+00:00,118.65299224853516,118.67701721191406,118.31671142578125,118.32469940185547,30760960
2026-01-25 22:15:00+00:00,118.358154296875,118.44827270507812,117.9933090209961,118.01527404785156,33483776
2026-01-25 22:30:00+00:00,118.02540588378906,118.39624786376953,118.02540588378906,118.34188079833984,56686080
2026-01-25 22:45:00+00:00,118.37262725830078,118.45204162597656,118.1043472290039,118.2195816040039,19245568
2026-01-25 23:00:00+00:00,118.08921813964844,118.89617919921875,118.04676818847656,118.83708953857422,120459776
2026-01-25 23:15:00+00:00,118.70506286621094,119.03662872314453,118.67753601074219,119.03507232666016,53058048
2026-01-25 23:30:00+00:00,119.00375366210938,119.00375366210938,118.67659759521484,118.67659759521484,27503616
2026-01-25 23:45:00+00:00,118.7167739868164,119.16454315185547,118.7167739868164,118.76600646972656,64321024
2026-01-26 00:00:00+00:00,118.77224731445312,119.22503662109375,118.69572448730469,119.22219848632812,55284736
2026-01-26 00:15:00+00:00,119.22569274902344,119.54438781738281,119.21340942382812,119.2358627319336,40327680
2026-01-26 00:30:00+00:00,119.25973510742188,119.25973510742188,118.91722869873047,118.91722869873047,15767040
2026-01-26 00:45:00+00:00,118.91295623779297,119.5491714477539,118.77406311035156,119.5119857788086,36228608
2026-01-26 01:00:00+00:00,119.51947021484375,121.15068054199219,119.51947021484375,121.15068054199219,91878912
2026-01-26 01:15:00+00:00,121.08916473388672,121.65513610839844,121.08916473388672,121.53376007080078,56755712
2026-01-26 01:30:00+00:00,121.54560852050781,121.83470153808594,121.54560852050781,121.7513198852539,31772160
2026-01-26 01:45:00+00:00,121.70606231689453,122.47151184082031,121.69817352294922,122.40523529052734,63817728
2026-01-26 02:00:00+00:00,122.39472198486328,122.39472198486328,121.45929718017578,121.45929718017578,30817792
2026-01-26 02:15:00+00:00,121.45555114746094,121.98015594482422,121.28577423095703,121.98015594482422,32756224
2026-01-26 02:30:00+00:00,121.9966812133789,122.38985443115234,121.9966812133789,122.20191955566406,34694656
2026-01-26 02:45:00+00:00,122.17969512939453,122.17969512939453,121.88916015625,121.92060089111328,13717504
2026-01-26 03:00:00+00:00,121.91658782958984,122.08232116699219,121.9106674194336,122.00617980957031,20072960
2026-01-26 03:15:00+00:00,121.9937515258789,122.03656005859375,121.54490661621094,121.54490661621094,23565312
2026-01-26 03:30:00+00:00,121.53280639648438,121.53280639648438,121.28152465820312,121.31937408447266,2703872
2026-01-26 03:45:00+00:00,121.32518768310547,121.39611053466797,121.13349151611328,121.146728515625,13190144
2026-01-26 04:00:00+00:00,121.16661071777344,121.94462585449219,121.16661071777344,121.94462585449219,20623360
2026-01-26 04:15:00+00:00,121.96360778808594,123.12165832519531,121.96360778808594,123.12165832519531,40506880
2026-01-26 04:30:00+00:00,123.12371063232422,123.1801986694336,122.70594787597656,122.70594787597656,41388544
2026-01-26 04:45:00+00:00,122.66448211669922,122.66448211669922,122.44898986816406,122.44898986816406,20072448
2026-01-26 05:00:00+00:00,122.46269989013672,122.50088500976562,122.38504028320312,122.44178009033203,20987904
2026-01-26 05:15:00+00:00,122.44849395751953,122.5377426147461,122.44849395751953,122.53214263916016,9896448
2026-01-26 05:30:00+00:00,122.53536987304688,122.64131164550781,122.38226318359375,122.39098358154297,9198592
2026-01-26 05:45:00+00:00,122.40338897705078,122.42024993896484,122.32958984375,122.38191223144531,12909056
2026-01-26 06:00:00+00:00,122.37786102294922,122.37786102294922,122.18962097167969,122.24552154541016,10316288
2026-01-26 06:15:00+00:00,122.21281433105469,122.35166931152344,122.11546325683594,122.35166931152344,9212416
2026-01-26 06:30:00+00:00,122.37451934814453,122.50869750976562,122.3145751953125,122.3145751953125,11816960
2026-01-26 06:45:00+00:00,122.31929016113281,122.4988784790039,122.31929016113281,122.35421752929688,18779136
2026-01-26 07:00:00+00:00,122.31401824951172,122.32562255859375,122.22103118896484,122.32562255859375,11452416
2026-01-26 07:15:00+00:00,122.35050201416016,122.46378326416016,122.31694793701172,122.31694793701172,15149056
2026-01-26 07:30:00+00:00,122.31465148925781,122.67286682128906,122.26471710205078,122.66580200195312,25911808
2026-01-26 07:45:00+00:00,122.63890075683594,122.81504821777344,122.52271270751953,122.79786682128906,17581056
2026-01-26 08:00:00+00:00,122.78878021240234,122.78878021240234,122.62222290039062,122.62222290039062,10500096
2026-01-26 08:15:00+00:00,122.63150024414062,123.11775970458984,122.2024154663086,123.10262298583984,48702976
2026-01-26 08:30:00+00:00,123.06538391113281,123.07408142089844,122.70269012451172,122.70269012451172,24908288
2026-01-26 08:45:00+00:00,122.70227813720703,122.70227813720703,122.510498046875,122.56639099121094,2743296
2026-01-26 09:00:00+00:00,122.56661224365234,122.56661224365234,122.04597473144531,122.04597473144531,5493248
2026-01-26 09:15:00+00:00,122.04812622070312,122.2150650024414,121.91349029541016,122.18293762207031,25069568
2026-01-26 09:30:00+00:00,122.17141723632812,122.17141723632812,121.96768188476562,122.09156799316406,346624
2026-01-26 09:45:00+00:00,122.09513854980469,122.11823272705078,121.74151611328125,121.78054809570312,3881984
2026-01-26 10:00:00+00:00,121.82349395751953,122.32587432861328,121.82349395751953,122.22100830078125,13409792
2026-01-26 10:15:00+00:00,122.22333526611328,122.28797912597656,122.1544189453125,122.28797912597656,10953216
2026-01-26 10:30:00+00:00,122.31416320800781,122.49818420410156,122.31416320800781,122.36579132080078,24505856
2026-01-26 10:45:00+00:00,122.36341094970703,122.41390991210938,122.34138488769531,122.34138488769531,8484864
2026-01-26 11:00:00+00:00,122.33831024169922,122.50151062011719,122.33831024169922,122.50151062011719,10666496
2026-01-26 11:15:00+00:00,122.50678253173828,122.51213836669922,122.45780181884766,122.46495056152344,6815744
2026-01-26 11:30:00+00:00,122.4547119140625,122.4547119140625,122.38682556152344,122.38682556152344,7409152
2026-01-26 11:45:00+00:00,122.36026763916016,122.38931274414062,122.34416961669922,122.38931274414062,9935872
2026-01-26 12:00:00+00:00,122.38542175292969,122.67491149902344,122.38542175292969,122.60160064697266,11534336
2026-01-26 12:15:00+00:00,122.63875579833984,122.74998474121094,122.53648376464844,122.53648376464844,17650688
2026-01-26 12:30:00+00:00,122.53388977050781,122.53388977050781,122.31641387939453,122.31641387939453,12933632
2026-01-26 12:45:00+00:00,122.3171615600586,122.4741439819336,122.29115295410156,122.4741439819336,3753472
2026-01-26 13:00:00+00:00,122.48313903808594,122.61071014404297,122.48313903808594,122.61071014404297,6848512
2026-01-26 13:15:00+00:00,122.62205505371094,122.96321105957031,122.62205505371094,122.93018341064453,18677760
2026-01-26 13:30:00+00:00,122.91397094726562,122.93926239013672,122.74618530273438,122.78034973144531,24587264
2026-01-26 13:45:00+00:00,122.77951049804688,123.0571060180664,122.77951049804688,123.0571060180664,10433024
2026-01-26 14:00:00+00:00,123.03250122070312,123.30387115478516,122.9337387084961,122.9337387084961,19985408
2026-01-26 14:15:00+00:00,122.93705749511719,122.93705749511719,122.78252410888672,122.82649230957031,16232960
2026-01-26 14:30:00+00:00,122.81964874267578,123.72053527832031,122.69766998291016,123.72053527832031,93864448
2026-01-26 14:45:00+00:00,123.61911010742188,123.61911010742188,123.20221710205078,123.3604965209961,67692032
2026-01-26 15:00:00+00:00,123.5095443725586,124.1981430053711,123.40032196044922,124.1981430053711,75133440
2026-01-26 15:15:00+00:00,124.24072265625,124.7544174194336,124.13539123535156,124.13539123535156,119583232
2026-01-26 15:30:00+00:00,124.13673400878906,124.13673400878906,123.10692596435547,123.11376190185547,53203456
2026-01-26 15:45:00+00:00,123.08705139160156,123.47040557861328,123.08705139160156,123.44084930419922,65067008
2026-01-26 16:00:00+00:00,123.4317626953125,123.69920349121094,123.36318969726562,123.64282989501953,0
2026-01-26 16:15:00+00:00,123.6517333984375,124.2197036743164,123.41146087646484,124.2197036743164,0
2026-01-26 16:30:00+00:00,124.18666076660156,124.19493865966797,123.96172332763672,123.96172332763672,0
2026-01-26 16:45:00+00:00,123.96639251708984,124.55905151367188,123.87785339355469,124.31036376953125,17371136
2026-01-26 17:00:00+00:00,124.31280517578125,124.4326400756836,124.02928924560547,124.02928924560547,0
2026-01-26 17:15:00+00:00,124.01895141601562,124.01895141601562,123.39981842041016,123.46092987060547,573952
2026-01-26 17:30:00+00:00,123.40845489501953,123.8035888671875,123.15027618408203,123.78721618652344,10942976
2026-01-26 17:45:00+00:00,123.78258514404297,124.19568634033203,123.73999786376953,124.1590576171875,2833920
2026-01-26 18:00:00+00:00,124.1753158569336,124.1753158569336,124.05220031738281,124.08882141113281,0
2026-01-26 18:15:00+00:00,124.10863494873047,124.72651672363281,124.09520721435547,124.72651672363281,0
2026-01-26 18:30:00+00:00,124.7268295288086,125.04759979248047,124.46319580078125,124.46319580078125,17912320
2026-01-26 18:45:00+00:00,124.45396423339844,124.51806640625,124.34076690673828,124.51806640625,0
2026-01-26 19:00:00+00:00,124.55075073242188,124.80823516845703,124.55075073242188,124.63831329345703,0
2026-01-26 19:15:00+00:00,124.58060455322266,124.58060455322266,124.18804168701172,124.18804168701172,0
2026-01-26 19:30:00+00:00,124.18994140625,124.53831481933594,124.14280700683594,124.51880645751953,0
2026-01-26 19:45:00+00:00,124.51028442382812,124.54358673095703,124.22163391113281,124.2231674194336,0
2026-01-26 20:00:00+00:00,124.21585845947266,124.2727279663086,124.09395599365234,124.09395599365234,0
2026-01-26 20:15:00+00:00,124.0958023071289,124.0958023071289,123.89664459228516,123.92574310302734,0
2026-01-26 20:30:00+00:00,123.92049407958984,123.92049407958984,123.70881652832031,123.71037292480469,0
2026-01-26 20:45:00+00:00,123.70906829833984,123.76715087890625,123.40271759033203,123.42672729492188,0
2026-01-26 21:00:00+00:00,123.43885803222656,123.62612915039062,123.43885803222656,123.62612915039062,0
2026-01-26 21:15:00+00:00,123.64811706542969,123.79013061523438,123.64811706542969,123.79013061523438,0
2026-01-26 21:30:00+00:00,123.80335998535156,124.33131408691406,123.80335998535156,124.33131408691406,0
2026-01-26 21:45:00+00:00,124.46347045898438,124.5110855102539,124.42424774169922,124.44775390625,627200
2026-01-26 22:00:00+00:00,124.45222473144531,124.45222473144531,124.36563873291016,124.44154357910156,0
2026-01-26 22:15:00+00:00,124.44171905517578,124.50957489013672,124.36650085449219,124.38269805908203,0
2026-01-26 22:30:00+00:00,124.3820571899414,124.51930236816406,124.28580474853516,124.485107421875,0
2026-01-26 22:45:00+00:00,124.4695816040039,124.59716033935547,124.44842529296875,124.50070190429688,0
2026-01-26 23:00:00+00:00,124.39958190917969,124.39958190917969,124.15257263183594,124.16553497314453,0
2026-01-26 23:15:00+00:00,124.17262268066406,124.21459197998047,124.12541961669922,124.19671630859375,0
2026-01-26 23:30:00+00:00,124.20477294921875,124.59262084960938,124.20477294921875,124.46507263183594,1942528
2026-01-26 23:45:00+00:00,124.4565658569336,124.4565658569336,124.14262390136719,124.14828491210938,0
2026-01-27 00:00:00+00:00,124.10942840576172,124.11774444580078,123.88179016113281,123.88179016113281,0
2026-01-27 00:15:00+00:00,123.8777847290039,124.19426727294922,123.8777847290039,124.19039154052734,0
2026-01-27 00:30:00+00:00,124.1690444946289,124.1690444946289,123.9007797241211,123.9428939819336,0
2026-01-27 00:45:00+00:00,123.93167114257812,124.01660919189453,123.83984375,123.98690795898438,0
2026-01-27 01:00:00+00:00,123.98615264892578,123.98615264892578,123.67980194091797,123.7334213256836,0
2026-01-27 01:15:00+00:00,123.77032470703125,124.12516021728516,123.77032470703125,124.12516021728516,0
2026-01-27 01:30:00+00:00,124.14259338378906,124.32748413085938,124.13651275634766,124.1988754272461,0
2026-01-27 01:45:00+00:00,124.23933410644531,124.27709197998047,124.14363098144531,124.14363098144531,0
2026-01-27 02:00:00+00:00,124.20028686523438,124.70681762695312,124.20028686523438,124.43932342529297,0
2026-01-27 02:15:00+00:00,124.45067596435547,124.54029846191406,124.39427185058594,124.39427185058594,0
2026-01-27 02:30:00+00:00,124.41536712646484,124.84552001953125,124.41536712646484,124.80863952636719,4660224
2026-01-27 02:45:00+00:00,124.80368041992188,124.89836883544922,124.75975799560547,124.88198852539062,4100608
2026-01-27 03:00:00+00:00,124.8963394165039,124.9342041015625,124.71708679199219,124.71708679199219,3227392
2026-01-27 03:15:00+00:00,124.65675354003906,124.65675354003906,124.33866119384766,124.33866119384766,6410240
2026-01-27 03:30:00+00:00,124.34650421142578,124.49706268310547,124.34467315673828,124.49706268310547,0
2026-01-27 03:45:00+00:00,124.50694274902344,124.52754211425781,124.31938171386719,124.32087707519531,0
2026-01-27 04:00:00+00:00,124.32266235351562,124.71194458007812,124.3204116821289,124.70026397705078,5554688
2026-01-27 04:15:00+00:00,124.71564483642578,124.75871276855469,124.57068634033203,124.57068634033203,0
2026-01-27 04:30:00+00:00,124.55573272705078,124.55573272705078,124.39263153076172,124.39263153076172,0
2026-01-27 04:45:00+00:00,124.39331817626953,124.39331817626953,124.25469970703125,124.27564239501953,0
2026-01-27 05:00:00+00:00,124.27305603027344,124.30095672607422,124.18214416503906,124.18214416503906,658944
2026-01-27 05:15:00+00:00,124.18267059326172,124.18267059326172,124.06171417236328,124.14453887939453,11709952
2026-01-27 05:30:00+00:00,124.12196350097656,124.22808837890625,124.09626007080078,124.22808837890625,1326592
2026-01-27 05:45:00+00:00,124.24615478515625,124.31246948242188,124.2296371459961,124.2296371459961,4550912
2026-01-27 06:00:00+00:00,124.25003814697266,124.4334487915039,124.25003814697266,124.33479309082031,0
2026-01-27 06:15:00+00:00,124.35740661621094,124.3832778930664,124.30614471435547,124.30614471435547,0
2026-01-27 06:30:00+00:00,124.30288696289062,124.30288696289062,124.0290298461914,124.0290298461914,0
2026-01-27 06:45:00+00:00,124.01608276367188,124.05609893798828,123.92290496826172,124.05184936523438,0
2026-01-27 07:00:00+00:00,124.05596923828125,124.20692443847656,124.03736114501953,124.20692443847656,338176
2026-01-27 07:15:00+00:00,124.2091293334961,124.30084228515625,124.18446350097656,124.26148223876953,0
2026-01-27 07:30:00+00:00,124.30036926269531,124.4322738647461,124.30036926269531,124.4322738647461,11656448
2026-01-27 07:45:00+00:00,124.40470123291016,124.40470123291016,124.274169921875,124.274169921875,0
2026-01-27 08:00:00+00:00,124.29591369628906,124.5649642944336,124.29591369628906,124.51094055175781,0
2026-01-27 08:15:00+00:00,124.51052856445312,124.53662109375,124.28643798828125,124.28643798828125,0
2026-01-27 08:30:00+00:00,124.28463745117188,124.2989501953125,124.12862396240234,124.12862396240234,0
2026-01-27 08:45:00+00:00,124.12709045410156,124.12709045410156,123.95179748535156,123.95179748535156,4356352
2026-01-27 09:00:00+00:00,123.95209503173828,123.95209503173828,123.58209991455078,123.58209991455078,7006720
2026-01-27 09:15:00+00:00,123.57694244384766,123.57694244384766,123.4784927368164,123.54391479492188,1761280
2026-01-27 09:30:00+00:00,123.53742218017578,123.67172241210938,123.5130386352539,123.67172241210938,4146432
2026-01-27 09:45:00+00:00,123.69193267822266,123.7326431274414,123.6195068359375,123.6195068359375,6036736
2026-01-27 10:00:00+00:00,123.61640930175781,123.82610321044922,123.60751342773438,123.82610321044922,0
2026-01-27 10:15:00+00:00,123.82215881347656,123.91065979003906,123.82215881347656,123.89995574951172,0
2026-01-27 10:30:00+00:00,123.87165069580078,123.87165069580078,123.61808776855469,123.61941528320312,0
2026-01-27 10:45:00+00:00,123.6185302734375,123.65437316894531,123.58467102050781,123.58621978759766,0
2026-01-27 11:00:00+00:00,123.57144927978516,123.67186737060547,123.56554412841797,123.65479278564453,1068288
2026-01-27 11:15:00+00:00,123.67607116699219,123.68610382080078,123.55695343017578,123.57511138916016,199936
2026-01-27 11:30:00+00:00,123.5789794921875,123.8363265991211,123.5789794921875,123.8363265991211,2724608
2026-01-27 11:45:00+00:00,123.84162139892578,124.00789642333984,123.84162139892578,123.95350646972656,1408768
2026-01-27 12:00:00+00:00,123.95681762695312,124.1153793334961,123.93650817871094,124.1153793334961,0
2026-01-27 12:15:00+00:00,124.11707305908203,124.12321472167969,124.06025695800781,124.06025695800781,0
2026-01-27 12:30:00+00:00,124.06299591064453,124.06590270996094,123.84489440917969,123.84489440917969,0
2026-01-27 12:45:00+00:00,123.83504486083984,123.83504486083984,123.73920440673828,123.76663970947266,0
2026-01-27 13:00:00+00:00,123.77025604248047,123.77025604248047,123.50718688964844,123.50718688964844,0
2026-01-27 13:15:00+00:00,123.51187896728516,123.51187896728516,123.25027465820312,123.25027465820312,0
2026-01-27 13:30:00+00:00,123.24693298339844,123.42389678955078,123.20487976074219,123.4156494140625,1021184
2026-01-27 13:45:00+00:00,123.40348815917969,123.40348815917969,123.06620025634766,123.06620025634766,581632
2026-01-27 14:00:00+00:00,123.06886291503906,123.61893463134766,123.04535675048828,123.61893463134766,0
2026-01-27 14:15:00+00:00,123.62324523925781,124.10911560058594,123.62324523925781,124.0683822631836,22106368
2026-01-27 14:30:00+00:00,124.05900573730469,124.05900573730469,123.46063995361328,123.46063995361328,0
2026-01-27 14:45:00+00:00,123.43589782714844,123.54556274414062,123.35853576660156,123.54556274414062,0
2026-01-27 15:00:00+00:00,123.52838897705078,123.98137664794922,123.46544647216797,123.98137664794922,0
2026-01-27 15:15:00+00:00,123.98971557617188,123.98971557617188,123.6142578125,123.74061584472656,0
2026-01-27 15:30:00+00:00,123.70024108886719,123.76891326904297,123.52714538574219,123.7546157836914,0
2026-01-27 15:45:00+00:00,123.79127502441406,124.59857177734375,123.79127502441406,124.59857177734375,5323520
2026-01-27 16:00:00+00:00,124.62570190429688,126.13983154296875,124.62570190429688,126.13983154296875,64518656
2026-01-27 16:15:00+00:00,126.11180877685547,126.32987976074219,125.95664978027344,125.95664978027344,34592256
2026-01-27 16:30:00+00:00,125.89415740966797,126.451171875,125.61233520507812,126.451171875,50649600
2026-01-27 16:45:00+00:00,126.47863006591797,126.49801635742188,126.04463958740234,126.06401062011719,11586560
2026-01-27 17:00:00+00:00,126.08421325683594,126.11846923828125,125.11016845703125,125.11016845703125,17228544
2026-01-27 17:15:00+00:00,125.07405853271484,125.07405853271484,123.96045684814453,124.26956176757812,39389184
2026-01-27 17:30:00+00:00,124.28199005126953,124.38256072998047,123.81897735595703,123.82110595703125,10545920
2026-01-27 17:45:00+00:00,123.81941986083984,123.83647918701172,123.5791244506836,123.83491516113281,31840000
2026-01-27 18:00:00+00:00,123.84342193603516,124.1727523803711,123.83281707763672,124.1727523803711,16102912
2026-01-27 18:15:00+00:00,124.16172790527344,124.44621276855469,124.16172790527344,124.43727111816406,479488
2026-01-27 18:30:00+00:00,124.4201889038086,124.74909210205078,124.4201889038086,124.74909210205078,0
2026-01-27 18:45:00+00:00,124.74114227294922,125.67424774169922,124.74114227294922,125.67424774169922,20609280
2026-01-27 19:00:00+00:00,125.59306335449219,125.63768768310547,125.4029541015625,125.54075622558594,16443904
2026-01-27 19:15:00+00:00,125.53964233398438,125.70316314697266,125.53964233398438,125.60071563720703,7013376
2026-01-27 19:30:00+00:00,125.60221099853516,125.6916732788086,125.53067016601562,125.6916732788086,10222848
2026-01-27 19:45:00+00:00,125.7501449584961,125.95406341552734,125.59705352783203,125.6063461303711,6784768
2026-01-27 20:00:00+00:00,125.60511016845703,126.12925720214844,125.60511016845703,126.1265640258789,18761472
2026-01-27 20:15:00+00:00,126.12749481201172,127.04717254638672,126.12749481201172,126.96231842041016,80787200
2026-01-27 20:30:00+00:00,126.99755096435547,126.99755096435547,126.5906982421875,126.59571075439453,22583296
2026-01-27 20:45:00+00:00,126.58908081054688,127.14470672607422,126.58908081054688,127.05183410644531,44048640
2026-01-27 21:00:00+00:00,127.10381317138672,127.62338256835938,127.10381317138672,127.59652709960938,41721088
2026-01-27 21:15:00+00:00,127.61795043945312,127.61795043945312,127.32699584960938,127.32699584960938,26575104
2026-01-27 21:30:00+00:00,127.29444885253906,127.29444885253906,127.02616882324219,127.03123474121094,8818432
2026-01-27 21:45:00+00:00,127.02791595458984,127.04573822021484,126.91300964355469,126.91300964355469,1826560
2026-01-27 22:00:00+00:00,126.92747497558594,127.21707153320312,126.92747497558594,127.12633514404297,2598400
2026-01-27 22:15:00+00:00,127.13262939453125,127.14043426513672,126.9552001953125,126.99453735351562,11131392
2026-01-27 22:30:00+00:00,127.00593566894531,127.4108657836914,126.967529296875,127.4108657836914,13997056
2026-01-27 22:45:00+00:00,127.41050720214844,127.47531127929688,127.38383483886719,127.467041015625,12462848
2026-01-27 23:00:00+00:00,127.45833587646484,127.45833587646484,127.28524017333984,127.31847381591797,7934464
2026-01-27 23:15:00+00:00,127.33097076416016,127.33379364013672,127.20198059082031,127.23793029785156,1676800
2026-01-27 23:30:00+00:00,127.230712890625,127.35075378417969,127.230712890625,127.32401275634766,7847168
2026-01-27 23:45:00+00:00,127.32621765136719,127.34259033203125,127.0633544921875,127.0633544921875,3208704
2026-01-28 00:00:00+00:00,127.05496978759766,127.06774139404297,126.88140106201172,127.0023193359375,13695488
2026-01-28 00:15:00+00:00,126.96566772460938,126.96566772460938,126.80586242675781,126.90849304199219,6739200
2026-01-28 00:30:00+00:00,126.8997802734375,126.8997802734375,126.5669174194336,126.5677261352539,2257920
2026-01-28 00:45:00+00:00,126.5728759765625,127.0246353149414,126.5728759765625,127.01129150390625,17508096
2026-01-28 01:00:00+00:00,127.01825714111328,127.22702026367188,127.01825714111328,127.0902099609375,9761792
2026-01-28 01:15:00+00:00,127.07877349853516,127.08367919921875,126.88863372802734,126.89657592773438,4858880
2026-01-28 01:30:00+00:00,126.8867416381836,126.8867416381836,126.69577026367188,126.72148895263672,0
2026-01-28 01:45:00+00:00,126.7845458984375,126.97616577148438,126.76848602294922,126.97616577148438,567296
2026-01-28 02:00:00+00:00,126.96234893798828,126.96234893798828,126.79740142822266,126.88101196289062,0
2026-01-28 02:15:00+00:00,126.89163208007812,127.0478515625,126.84854888916016,127.0478515625,3548416
2026-01-28 02:30:00+00:00,127.05054473876953,127.07200622558594,126.94111633300781,126.94912719726562,498432
2026-01-28 02:45:00+00:00,126.86874389648438,126.86874389648438,126.81188201904297,126.83326721191406,0
2026-01-28 03:00:00+00:00,126.89457702636719,126.93909454345703,126.81449127197266,126.81449127197266,0
2026-01-28 03:15:00+00:00,126.81719970703125,126.81719970703125,126.65907287597656,126.80856323242188,0
2026-01-28 03:30:00+00:00,126.8299560546875,126.93019104003906,126.80714416503906,126.84077453613281,3079424
2026-01-28 03:45:00+00:00,126.84064483642578,126.84358215332031,126.76688385009766,126.83191680908203,3691520
2026-01-28 04:00:00+00:00,126.77819061279297,126.7865982055664,126.54720306396484,126.54720306396484,0
2026-01-28 04:15:00+00:00,126.53565216064453,126.53565216064453,126.40096282958984,126.40096282958984,6881024
2026-01-28 04:30:00+00:00,126.39916229248047,126.71122741699219,126.39916229248047,126.68114471435547,5308416
2026-01-28 04:45:00+00:00,126.66079711914062,126.66079711914062,126.5611801147461,126.61721801757812,642304
2026-01-28 05:00:00+00:00,126.67963409423828,126.71327209472656,126.66957092285156,126.66957092285156,0
2026-01-28 05:15:00+00:00,126.62972259521484,126.62972259521484,126.3731918334961,126.3731918334961,0
2026-01-28 05:30:00+00:00,126.36892700195312,126.5615005493164,126.36688995361328,126.5615005493164,1015808
2026-01-28 05:45:00+00:00,126.55471801757812,126.55471801757812,126.47895050048828,126.51996612548828,4522752
2026-01-28 06:00:00+00:00,126.53067779541016,126.85968780517578,126.53067779541016,126.85641479492188,9682176
2026-01-28 06:15:00+00:00,126.86797332763672,126.94832611083984,126.86251068115234,126.91706848144531,5982976
2026-01-28 06:30:00+00:00,126.91555786132812,127.04423522949219,126.75541687011719,126.75541687011719,2003968
2026-01-28 06:45:00+00:00,126.75526428222656,127.28083038330078,126.74518585205078,127.26702117919922,12263936
2026-01-28 07:00:00+00:00,127.25834655761719,127.25834655761719,127.04194641113281,127.05372619628906,3799296
2026-01-28 07:15:00+00:00,127.04879760742188,127.24103546142578,127.04879760742188,127.24103546142578,237568
2026-01-28 07:30:00+00:00,127.26033782958984,127.26033782958984,126.9565658569336,127.02044677734375,2439680
2026-01-28 07:45:00+00:00,127.0338363647461,127.07469177246094,126.86666870117188,126.86666870117188,1030144
2026-01-28 08:00:00+00:00,126.86957550048828,126.9986801147461,126.86957550048828,126.990478515625,942080
2026-01-28 08:15:00+00:00,126.99134063720703,126.99598693847656,126.89380645751953,126.89380645751953,4377344
2026-01-28 08:30:00+00:00,126.86888885498047,126.8751220703125,126.70536041259766,126.70872497558594,6939392
2026-01-28 08:45:00+00:00,126.6441421508789,126.67372131347656,126.56807708740234,126.57190704345703,198656
2026-01-28 09:00:00+00:00,126.56433868408203,126.61029052734375,126.54400634765625,126.54400634765625,0
2026-01-28 09:15:00+00:00,126.47293853759766,126.4832992553711,126.01852416992188,126.05498504638672,16548864
2026-01-28 09:30:00+00:00,126.0705337524414,127.13090515136719,126.0705337524414,127.12252044677734,24292608
2026-01-28 09:45:00+00:00,127.12512969970703,127.23064422607422,127.10682678222656,127.23064422607422,19569664
2026-01-28 10:00:00+00:00,127.24366760253906,127.3164291381836,127.24366760253906,127.30055236816406,14462720
2026-01-28 10:15:00+00:00,127.34098815917969,127.52963256835938,127.27676391601562,127.27676391601562,34185728
2026-01-28 10:30:00+00:00,127.27749633789062,127.43724060058594,127.253173828125,127.32553100585938,10225408
2026-01-28 10:45:00+00:00,127.32257843017578,127.32257843017578,127.17398834228516,127.17603302001953,5271552
2026-01-28 11:00:00+00:00,127.17448425292969,127.17448425292969,127.10955047607422,127.10955047607422,3901440
2026-01-28 11:15:00+00:00,127.10636901855469,127.20738220214844,127.10636901855469,127.15020751953125,4246784
2026-01-28 11:30:00+00:00,127.16682434082031,127.24613952636719,127.09326171875,127.24613952636719,16266496
2026-01-28 11:45:00+00:00,127.25476837158203,127.96034240722656,127.25476837158203,127.94751739501953,52025856
2026-01-28 12:00:00+00:00,127.95451354980469,127.95451354980469,127.74299621582031,127.74299621582031,36630784
2026-01-28 12:15:00+00:00,127.7394027709961,127.7394027709961,127.173583984375,127.173583984375,29458176
2026-01-28 12:30:00+00:00,127.19093322753906,127.2164306640625,127.09068298339844,127.16246032714844,8190720
2026-01-28 12:45:00+00:00,127.15071105957031,127.16143035888672,127.0210189819336,127.07794189453125,16401408
2026-01-28 13:00:00+00:00,127.07733154296875,127.17276000976562,127.07733154296875,127.1429443359375,23004160
2026-01-28 13:15:00+00:00,127.12635040283203,127.12635040283203,126.86176300048828,127.03013610839844,24705280
2026-01-28 13:30:00+00:00,127.17399597167969,127.39171600341797,127.1439208984375,127.34004211425781,37633536
2026-01-28 13:45:00+00:00,127.34746551513672,127.48841094970703,127.15703582763672,127.15703582763672,27673856
2026-01-28 14:00:00+00:00,127.1701431274414,127.1701431274414,126.89509582519531,126.89509582519531,1081600
2026-01-28 14:15:00+00:00,126.88995361328125,126.88995361328125,126.55915832519531,126.63394927978516,3300096
2026-01-28 14:30:00+00:00,126.70569610595703,126.96751403808594,126.60195922851562,126.60195922851562,5559296
2026-01-28 14:45:00+00:00,126.5964584350586,126.6644058227539,126.44718933105469,126.6612548828125,9745664
2026-01-28 15:00:00+00:00,126.67084503173828,126.85646057128906,126.11581420898438,126.11581420898438,18925056
2026-01-28 15:15:00+00:00,126.01756286621094,126.02499389648438,125.71424102783203,125.93359375,59178752
2026-01-28 15:30:00+00:00,125.90348815917969,125.98204803466797,125.8268051147461,125.98204803466797,11035136
2026-01-28 15:45:00+00:00,126.10015106201172,126.10531616210938,125.88890075683594,125.97457122802734,2031360
2026-01-28 16:00:00+00:00,125.93183135986328,125.93183135986328,125.73021697998047,125.73021697998047,0
2026-01-28 16:15:00+00:00,125.70252227783203,126.02904510498047,125.65132141113281,126.02904510498047,0
2026-01-28 16:30:00+00:00,126.36398315429688,126.36398315429688,125.76041412353516,125.76041412353516,0
2026-01-28 16:45:00+00:00,125.78495025634766,126.02995300292969,125.68689727783203,125.99824523925781,0
2026-01-28 17:00:00+00:00,125.97955322265625,126.1154556274414,125.974365234375,126.06478118896484,0
2026-01-28 17:15:00+00:00,126.03620147705078,126.03620147705078,125.75531005859375,125.75531005859375,0
2026-01-28 17:30:00+00:00,125.75371551513672,126.0927505493164,125.42118072509766,126.0927505493164,11407360
2026-01-28 17:45:00+00:00,126.11865997314453,126.70561218261719,126.11865997314453,126.5456314086914,18241024
2026-01-28 18:00:00+00:00,126.3358383178711,126.3358383178711,125.93840026855469,126.05317687988281,410880
2026-01-28 18:15:00+00:00,126.06077575683594,126.15479278564453,125.8799819946289,125.8799819946289,0
2026-01-28 18:30:00+00:00,125.75855255126953,125.80127716064453,125.69764709472656,125.72115325927734,0
2026-01-28 18:45:00+00:00,125.74446105957031,125.82894134521484,125.71932220458984,125.7713623046875,0
2026-01-28 19:00:00+00:00,125.78800201416016,126.10918426513672,125.78800201416016,126.05081939697266,14673664
2026-01-28 19:15:00+00:00,126.00178527832031,126.00178527832031,125.7968521118164,125.99346923828125,18360832
2026-01-28 19:30:00+00:00,125.97956085205078,125.97956085205078,125.511474609375,125.511474609375,39259392
2026-01-28 19:45:00+00:00,125.51274108886719,126.10283660888672,125.3991470336914,126.06913757324219,11667712
2026-01-28 20:00:00+00:00,125.9428939819336,126.0450668334961,125.93006896972656,125.93006896972656,0
2026-01-28 20:15:00+00:00,125.9427719116211,126.04061126708984,125.92436981201172,126.03571319580078,0
2026-01-28 20:30:00+00:00,126.1639175415039,126.1639175415039,125.73426818847656,125.74776458740234,0
2026-01-28 20:45:00+00:00,125.7370376586914,125.7370376586914,125.45709991455078,125.50935363769531,0
2026-01-28 21:00:00+00:00,125.47199249267578,125.47199249267578,124.89859771728516,125.20437622070312,11641600
2026-01-28 21:15:00+00:00,125.21024322509766,125.46407318115234,125.21024322509766,125.3708724975586,0
2026-01-28 21:30:00+00:00,125.35104370117188,125.35104370117188,125.04605865478516,125.2625503540039,578560
2026-01-28 21:45:00+00:00,125.351318359375,125.58863067626953,125.351318359375,125.55292510986328,0
2026-01-28 22:00:00+00:00,125.42654418945312,125.46430969238281,125.30599975585938,125.30599975585938,0
2026-01-28 22:15:00+00:00,125.29386901855469,125.29386901855469,125.06912231445312,125.24691772460938,1036800
2026-01-28 22:30:00+00:00,125.38048553466797,125.5776138305664,125.38048553466797,125.56967163085938,47616
2026-01-28 22:45:00+00:00,125.58284759521484,125.61373901367188,125.4688949584961,125.48963928222656,0
2026-01-28 23:00:00+00:00,125.50505065917969,125.52420043945312,125.33663940429688,125.36074829101562,914944
2026-01-28 23:15:00+00:00,125.34896850585938,125.4339828491211,125.29878234863281,125.29878234863281,4184320
2026-01-28 23:30:00+00:00,125.29740142822266,125.29740142822266,124.98770904541016,124.9907455444336,1663744
2026-01-28 23:45:00+00:00,124.99983215332031,125.1329574584961,124.99983215332031,125.1329574584961,3364608
2026-01-29 00:00:00+00:00,125.1065902709961,125.1065902709961,125.010498046875,125.0764389038086,0
2026-01-29 00:15:00+00:00,125.05862426757812,125.05862426757812,124.86682891845703,124.87480926513672,6147584
2026-01-29 00:30:00+00:00,124.82774353027344,124.82774353027344,124.65977478027344,124.65977478027344,4599552
2026-01-29 00:45:00+00:00,124.64632415771484,124.79914093017578,124.53865051269531,124.79914093017578,1466880
2026-01-29 01:00:00+00:00,124.81929779052734,124.99462127685547,124.81929779052734,124.8735122680664,0
2026-01-29 01:15:00+00:00,124.80314636230469,124.80314636230469,124.29081726074219,124.3257064819336,6678784
2026-01-29 01:30:00+00:00,124.49932098388672,124.5418472290039,124.46011352539062,124.4783706665039,21842944
2026-01-29 01:45:00+00:00,124.47576141357422,124.52604675292969,124.17841339111328,124.17841339111328,19177728
2026-01-29 02:00:00+00:00,124.15370178222656,124.4546890258789,124.15370178222656,124.4218521118164,8878848
2026-01-29 02:15:00+00:00,124.40505981445312,124.40505981445312,124.16462707519531,124.36519622802734,17717760
2026-01-29 02:30:00+00:00,124.34535217285156,124.34535217285156,123.52644348144531,123.60189819335938,59556096
2026-01-29 02:45:00+00:00,123.57861328125,123.57861328125,123.14691162109375,123.29225158691406,48868864
2026-01-29 03:00:00+00:00,123.29988861083984,123.4570541381836,123.29988861083984,123.4463882446289,23170816
2026-01-29 03:15:00+00:00,123.449462890625,123.449462890625,122.88092803955078,122.88092803955078,44457472
2026-01-29 03:30:00+00:00,122.86404418945312,122.86404418945312,122.58840942382812,122.7874526977539,35868416
2026-01-29 03:45:00+00:00,122.80436706542969,122.97810363769531,122.80436706542969,122.92842102050781,15097344
2026-01-29 04:00:00+00:00,122.91960906982422,122.91960906982422,122.63764190673828,122.63764190673828,6431744
2026-01-29 04:15:00+00:00,122.61554718017578,122.69548034667969,122.5099105834961,122.60938262939453,7689984
2026-01-29 04:30:00+00:00,122.6305923461914,123.0224838256836,122.6305923461914,123.0224838256836,8776704
2026-01-29 04:45:00+00:00,123.02873229980469,123.28182220458984,123.02873229980469,123.24832153320312,8736768
2026-01-29 05:00:00+00:00,123.24349212646484,123.46158599853516,123.24349212646484,123.33782196044922,6909184
2026-01-29 05:15:00+00:00,123.35237121582031,123.49690246582031,123.35237121582031,123.48939514160156,5951232
2026-01-29 05:30:00+00:00,123.49209594726562,123.55378723144531,123.4441146850586,123.47584533691406,8711680
2026-01-29 05:45:00+00:00,123.46333312988281,123.46333312988281,123.08157348632812,123.08304595947266,0
2026-01-29 06:00:00+00:00,123.07687377929688,123.16279602050781,123.06129455566406,123.06129455566406,0
2026-01-29 06:15:00+00:00,123.06100463867188,123.17523193359375,123.06100463867188,123.14122772216797,1519616
2026-01-29 06:30:00+00:00,123.15202331542969,123.48739624023438,123.15202331542969,123.41729736328125,8237056
2026-01-29 06:45:00+00:00,123.42276000976562,123.4473648071289,123.28564453125,123.38314819335938,394496
2026-01-29 07:00:00+00:00,123.46307373046875,123.69357299804688,123.46307373046875,123.61792755126953,2010624
2026-01-29 07:15:00+00:00,123.61714935302734,123.64189910888672,123.53024291992188,123.64189910888672,136960
2026-01-29 07:30:00+00:00,123.60372924804688,123.71318054199219,123.54833221435547,123.66496276855469,3557120
2026-01-29 07:45:00+00:00,123.6758804321289,123.76603698730469,123.6758804321289,123.72930908203125,5603584
2026-01-29 08:00:00+00:00,123.68930053710938,123.68930053710938,123.28946685791016,123.3152084350586,3467264
2026-01-29 08:15:00+00:00,123.29032135009766,123.35904693603516,123.16333770751953,123.35904693603516,1427712
2026-01-29 08:30:00+00:00,123.39392852783203,123.54450225830078,123.28671264648438,123.28671264648438,3664640
2026-01-29 08:45:00+00:00,123.28741455078125,123.28741455078125,123.04989624023438,123.06958770751953,4573952
2026-01-29 09:00:00+00:00,123.0730209350586,123.14892578125,122.99781799316406,122.99781799316406,0
2026-01-29 09:15:00+00:00,122.99210357666016,122.99210357666016,122.93344116210938,122.97169494628906,233497600
2026-01-29 09:30:00+00:00,122.94986724853516,123.02813720703125,122.90738677978516,123.02813720703125,0
2026-01-29 09:45:00+00:00,123.03485107421875,123.03485107421875,122.9498062133789,122.95463562011719,0
2026-01-29 10:00:00+00:00,122.93425750732422,122.98631286621094,122.84024810791016,122.96849822998047,0
2026-01-29 10:15:00+00:00,122.96717071533203,123.06222534179688,122.95549774169922,123.0418701171875,0
2026-01-29 10:30:00+00:00,123.05023193359375,123.05023193359375,122.9869384765625,122.99057006835938,0
2026-01-29 10:45:00+00:00,122.98338317871094,123.02971649169922,122.93232727050781,123.02742767333984,1702912
2026-01-29 11:00:00+00:00,123.02496337890625,123.02496337890625,122.8790054321289,122.93612670898438,9932544
2026-01-29 11:15:00+00:00,122.9307632446289,122.9307632446289,122.69464874267578,122.69464874267578,14226944
2026-01-29 11:30:00+00:00,122.70035552978516,122.7791519165039,122.64289093017578,122.67223358154297,5958400
2026-01-29 11:45:00+00:00,122.60282135009766,122.68971252441406,122.57378387451172,122.68670654296875,0
2026-01-29 12:00:00+00:00,122.66094207763672,122.80277252197266,122.66094207763672,122.80209350585938,0
2026-01-29 12:15:00+00:00,122.7879867553711,122.7879867553711,122.6631088256836,122.67491149902344,0
2026-01-29 12:30:00+00:00,122.67559051513672,122.93001556396484,122.52181243896484,122.52181243896484,6305280
2026-01-29 12:45:00+00:00,122.51557922363281,122.5572280883789,122.47959899902344,122.5572280883789,833280
2026-01-29 13:00:00+00:00,122.57886505126953,122.89697265625,122.57886505126953,122.7561264038086,0
2026-01-29 13:15:00+00:00,122.75865936279297,122.76583862304688,122.73014831542969,122.76583862304688,0
2026-01-29 13:30:00+00:00,122.78321075439453,122.82569122314453,122.74552154541016,122.76671600341797,5276160
2026-01-29 13:45:00+00:00,122.73896026611328,122.73896026611328,122.55421447753906,122.58942413330078,0
2026-01-29 14:00:00+00:00,122.60240173339844,122.85063171386719,122.60240173339844,122.80934143066406,0
2026-01-29 14:15:00+00:00,122.77374267578125,122.77374267578125,122.62667083740234,122.62667083740234,0
2026-01-29 14:30:00+00:00,122.60211181640625,122.60211181640625,121.15205383300781,121.15205383300781,51975424
2026-01-29 14:45:00+00:00,121.09097290039062,121.26300048828125,120.68008422851562,120.68008422851562,57193216
2026-01-29 15:00:00+00:00,120.66022491455078,120.66022491455078,117.87629699707031,118.00346374511719,173895424
2026-01-29 15:15:00+00:00,117.97490692138672,118.39342498779297,117.67927551269531,118.32711791992188,144066304
2026-01-29 15:30:00+00:00,118.36455535888672,118.36746215820312,116.6666488647461,116.6890640258789,219165440
2026-01-29 15:45:00+00:00,116.66997528076172,117.55960845947266,116.5293197631836,117.55960845947266,206308352
2026-01-29 16:00:00+00:00,117.56704711914062,117.56704711914062,116.84246826171875,117.34329223632812,97625088
2026-01-29 16:15:00+00:00,117.39430236816406,117.81729888916016,117.39430236816406,117.45162963867188,124983296
2026-01-29 16:30:00+00:00,117.43487548828125,117.94725036621094,117.34803009033203,117.94725036621094,63330816
2026-01-29 16:45:00+00:00,117.87362670898438,118.31546020507812,117.87362670898438,118.31546020507812,72772608
2026-01-29 17:00:00+00:00,118.40045166015625,119.0017318725586,118.40045166015625,118.98980712890625,89440256
2026-01-29 17:15:00+00:00,119.04190826416016,119.69988250732422,119.00007629394531,119.07270050048828,84856320
2026-01-29 17:30:00+00:00,119.04084777832031,119.04084777832031,118.325439453125,118.36428833007812,31127552
2026-01-29 17:45:00+00:00,118.29044342041016,118.29166412353516,117.81331634521484,117.81331634521484,41398272
2026-01-29 18:00:00+00:00,117.81905364990234,117.92137145996094,117.76661682128906,117.8634033203125,9302528
2026-01-29 18:15:00+00:00,117.86643981933594,117.87992095947266,116.85224151611328,116.85224151611328,105867264
2026-01-29 18:30:00+00:00,116.88129425048828,116.88129425048828,116.64958190917969,116.80014038085938,123457536
2026-01-29 18:45:00+00:00,116.7260971069336,116.7260971069336,115.72117614746094,115.72117614746094,154453504
2026-01-29 19:00:00+00:00,115.6981201171875,116.0577392578125,115.63214111328125,115.85594940185547,36622336
2026-01-29 19:15:00+00:00,115.86188507080078,115.94051361083984,115.41664123535156,115.43792724609375,33649152
2026-01-29 19:30:00+00:00,115.77775573730469,116.30667877197266,115.77775573730469,116.23651885986328,76250624
2026-01-29 19:45:00+00:00,116.4014663696289,116.77295684814453,116.38682556152344,116.76905059814453,46618112
2026-01-29 20:00:00+00:00,116.75194549560547,116.76573181152344,116.49903106689453,116.50089263916016,23350272
2026-01-29 20:15:00+00:00,116.50902557373047,117.08811950683594,116.46343231201172,117.02989196777344,22341120
2026-01-29 20:30:00+00:00,116.8480453491211,116.8480453491211,116.58773040771484,116.67596435546875,18222592
2026-01-29 20:45:00+00:00,116.7855224609375,117.05108642578125,116.7855224609375,116.89676666259766,26822656
2026-01-29 21:00:00+00:00,116.89048767089844,117.075439453125,116.89048767089844,117.0641860961914,2058752
2026-01-29 21:15:00+00:00,117.08979797363281,117.08979797363281,116.94658660888672,116.97347259521484,15761920
2026-01-29 21:30:00+00:00,116.99746704101562,117.09706115722656,116.94156646728516,117.09371185302734,38412288
2026-01-29 21:45:00+00:00,117.12519836425781,117.36764526367188,117.12519836425781,117.26143646240234,32709120
2026-01-29 22:00:00+00:00,117.25390625,117.50102233886719,117.25390625,117.38873291015625,17420800
2026-01-29 22:15:00+00:00,117.38520050048828,117.38520050048828,117.32687377929688,117.33790588378906,8474112
2026-01-29 22:30:00+00:00,117.38919067382812,117.46595001220703,117.38919067382812,117.45057678222656,15978496
2026-01-29 22:45:00+00:00,117.46829223632812,117.5802993774414,117.43960571289062,117.5802993774414,6457344
2026-01-29 23:00:00+00:00,117.56236267089844,117.56236267089844,117.22804260253906,117.22804260253906,9133568
2026-01-29 23:15:00+00:00,117.23058319091797,117.47979736328125,117.23058319091797,117.47979736328125,15462400
2026-01-29 23:30:00+00:00,117.43563079833984,117.56111907958984,117.42462158203125,117.47623443603516,27851776
2026-01-29 23:45:00+00:00,117.5788803100586,117.65676879882812,117.56361389160156,117.60311889648438,13225472
2026-01-30 00:00:00+00:00,117.61257934570312,117.86113739013672,117.61257934570312,117.81502532958984,14430208
2026-01-30 00:15:00+00:00,117.81681060791016,117.81681060791016,117.51517486572266,117.51517486572266,15681536
2026-01-30 00:30:00+00:00,117.50245666503906,117.58116912841797,117.46666717529297,117.58116912841797,20413952
2026-01-30 00:45:00+00:00,117.57998657226562,117.67294311523438,117.5306167602539,117.58580780029297,6843392
2026-01-30 01:00:00+00:00,117.5667495727539,117.5667495727539,117.35100555419922,117.44294738769531,20545024
2026-01-30 01:15:00+00:00,117.45708465576172,117.5041732788086,117.23572540283203,117.23572540283203,31213056
2026-01-30 01:30:00+00:00,117.23797607421875,117.23797607421875,115.24116516113281,115.24116516113281,180038656
2026-01-30 01:45:00+00:00,113.68367004394531,114.95484161376953,113.68367004394531,114.95484161376953,345827840
2026-01-30 02:00:00+00:00,114.96324157714844,115.09266662597656,114.29761505126953,114.29761505126953,134348288
2026-01-30 02:15:00+00:00,114.26856231689453,114.26856231689453,112.96723175048828,113.02075958251953,97702912
2026-01-30 02:30:00+00:00,113.0448226928711,114.06905364990234,113.02547454833984,114.06720733642578,61351424
2026-01-30 02:45:00+00:00,114.06809997558594,114.06809997558594,113.71121978759766,113.81490325927734,20474880
2026-01-30 03:00:00+00:00,113.86186218261719,114.01549530029297,113.78324890136719,114.01549530029297,42240512
2026-01-30 03:15:00+00:00,114.01872253417969,114.20045471191406,114.01872253417969,114.14397430419922,6710784
2026-01-30 03:30:00+00:00,114.12398529052734,114.24056243896484,114.11032104492188,114.1301040649414,6133248
2026-01-30 03:45:00+00:00,114.151123046875,114.44462585449219,114.1125259399414,114.41986083984375,25587200
2026-01-30 04:00:00+00:00,114.38848114013672,114.64732360839844,114.28751373291016,114.64210510253906,42134016
2026-01-30 04:15:00+00:00,114.645751953125,115.3908920288086,114.645751953125,115.3908920288086,58833408
2026-01-30 04:30:00+00:00,115.342529296875,115.5457992553711,115.33041381835938,115.35353088378906,40733696
2026-01-30 04:45:00+00:00,115.35749053955078,115.50739288330078,115.35749053955078,115.49097442626953,12336640
2026-01-30 05:00:00+00:00,115.40974426269531,115.47797393798828,115.38190460205078,115.41678619384766,11236864
2026-01-30 05:15:00+00:00,115.40447998046875,115.58126068115234,115.34721374511719,115.58126068115234,18784768
2026-01-30 05:30:00+00:00,115.70418548583984,115.76606750488281,115.56112670898438,115.56657409667969,10284544
2026-01-30 05:45:00+00:00,115.51943969726562,115.51943969726562,115.41734313964844,115.4265365600586,11200512
2026-01-30 06:00:00+00:00,115.40238189697266,115.40238189697266,114.95924377441406,114.95924377441406,19470336
2026-01-30 06:15:00+00:00,114.95833587646484,114.95833587646484,114.19998168945312,114.19998168945312,19854848
2026-01-30 06:30:00+00:00,114.21283721923828,114.21283721923828,113.5630874633789,113.5630874633789,36176384
2026-01-30 06:45:00+00:00,113.5640869140625,113.77790069580078,113.23590850830078,113.68016815185547,63750144
2026-01-30 07:00:00+00:00,113.70142364501953,115.04529571533203,113.70142364501953,115.04529571533203,80947200
2026-01-30 07:15:00+00:00,115.14820861816406,115.54544067382812,115.14820861816406,115.40864562988281,56935424
2026-01-30 07:30:00+00:00,115.41242218017578,115.41242218017578,115.29774475097656,115.32144927978516,27525120
2026-01-30 07:45:00+00:00,115.36335754394531,115.77556610107422,115.35259246826172,115.7070541381836,44893696
2026-01-30 08:00:00+00:00,115.71082305908203,115.71082305908203,115.52393341064453,115.65969848632812,16721920
2026-01-30 08:15:00+00:00,115.69823455810547,115.82218933105469,115.64805603027344,115.77449035644531,10556416
2026-01-30 08:30:00+00:00,115.7558364868164,115.7558364868164,115.12643432617188,115.12643432617188,10550272
2026-01-30 08:45:00+00:00,115.16252136230469,115.26797485351562,115.16252136230469,115.2464370727539,7849984
2026-01-30 09:00:00+00:00,115.24012756347656,115.30988311767578,115.20629119873047,115.23316955566406,8370176
2026-01-30 09:15:00+00:00,115.21913146972656,115.21913146972656,114.7650146484375,114.79660034179688,21322240
2026-01-30 09:30:00+00:00,114.77767944335938,115.70158386230469,114.77767944335938,115.70158386230469,56462848
2026-01-30 09:45:00+00:00,115.71302032470703,115.71971893310547,115.21340942382812,115.2190933227539,51799552
2026-01-30 10:00:00+00:00,115.2251968383789,115.2376937866211,115.04805755615234,115.1519546508789,30694912
2026-01-30 10:15:00+00:00,115.16627502441406,115.52354431152344,115.1227035522461,115.43017578125,39187968
2026-01-30 10:30:00+00:00,115.43473815917969,115.51235961914062,115.3689956665039,115.3689956665039,11462144
2026-01-30 10:45:00+00:00,115.38101959228516,115.72261810302734,115.38101959228516,115.67455291748047,14801408
2026-01-30 11:00:00+00:00,115.6846694946289,115.87357330322266,115.6846694946289,115.87357330322266,225792
2026-01-30 11:15:00+00:00,115.89312744140625,115.9222183227539,115.78718566894531,115.78718566894531,0
2026-01-30 11:30:00+00:00,115.79812622070312,115.9744873046875,115.75601959228516,115.95968627929688,1336320
2026-01-30 11:45:00+00:00,115.92369079589844,116.736083984375,115.82278442382812,116.67523956298828,39343104
2026-01-30 12:00:00+00:00,116.86441802978516,116.86441802978516,116.4437255859375,116.4437255859375,54154240
2026-01-30 12:15:00+00:00,116.43226623535156,116.43226623535156,116.16445922851562,116.16445922851562,14632448
2026-01-30 12:30:00+00:00,116.16981506347656,116.20437622070312,116.14739990234375,116.19931030273438,7936512
2026-01-30 12:45:00+00:00,116.18966674804688,116.18966674804688,115.94322967529297,115.96160888671875,573952
2026-01-30 13:00:00+00:00,116.00340270996094,116.04549407958984,115.55958557128906,115.74789428710938,10052608
2026-01-30 13:15:00+00:00,115.76317596435547,115.79106903076172,115.6407470703125,115.6407470703125,4972032
2026-01-30 13:30:00+00:00,115.680419921875,115.86601257324219,115.55565643310547,115.72599029541016,61791232
2026-01-30 13:45:00+00:00,115.74862670898438,115.74862670898438,115.47702026367188,115.49197387695312,21222912
2026-01-30 14:00:00+00:00,115.53244018554688,116.54396057128906,115.53244018554688,116.54396057128906,30700544
2026-01-30 14:15:00+00:00,116.49895477294922,116.49895477294922,116.20423126220703,116.21673583984375,15727616
2026-01-30 14:30:00+00:00,116.21202850341797,116.86394500732422,116.21202850341797,116.86394500732422,11559936
2026-01-30 14:45:00+00:00,116.8504409790039,117.25016784667969,116.00530242919922,116.00548553466797,78358528
2026-01-30 15:00:00+00:00,116.01261138916016,116.7892074584961,116.01261138916016,116.68812561035156,0
2026-01-30 15:15:00+00:00,116.3489990234375,116.44505310058594,115.33861541748047,115.33861541748047,0
2026-01-30 15:30:00+00:00,114.90292358398438,116.59465026855469,114.82698059082031,116.59465026855469,0
2026-01-30 15:45:00+00:00,116.64846801757812,116.69091033935547,116.4692153930664,116.48652648925781,0
2026-01-30 16:00:00+00:00,116.53893280029297,116.9973373413086,116.53893280029297,116.9973373413086,0
2026-01-30 16:15:00+00:00,117.01744842529297,117.01744842529297,116.44535827636719,116.80821228027344,6082048
2026-01-30 16:30:00+00:00,117.15669250488281,117.61955261230469,117.15669250488281,117.61955261230469,22441472
2026-01-30 16:45:00+00:00,117.62037658691406,117.62037658691406,116.8659439086914,116.8659439086914,0
2026-01-30 17:00:00+00:00,116.87989807128906,116.9172592163086,116.5652084350586,116.60549926757812,0
2026-01-30 17:15:00+00:00,116.60260772705078,117.44302368164062,116.54947662353516,117.44302368164062,0
2026-01-30 17:30:00+00:00,117.43460845947266,117.43460845947266,116.61700439453125,116.61700439453125,0
2026-01-30 17:45:00+00:00,116.6593246459961,116.80450439453125,116.62708282470703,116.62708282470703,0
2026-01-30 18:00:00+00:00,116.50687408447266,116.62803649902344,115.85223388671875,115.90332794189453,1327616
2026-01-30 18:15:00+00:00,115.92151641845703,115.92151641845703,114.42594909667969,115.21696472167969,0
2026-01-30 18:30:00+00:00,115.29598236083984,115.69685363769531,115.2152099609375,115.69685363769531,0
2026-01-30 18:45:00+00:00,115.94043731689453,117.69609832763672,115.94043731689453,117.69609832763672,55595008
2026-01-30 19:00:00+00:00,117.81853485107422,118.61856079101562,117.81853485107422,118.31185913085938,42815488
2026-01-30 19:15:00+00:00,118.35589599609375,118.84068298339844,118.35589599609375,118.64888000488281,5303296
2026-01-30 19:30:00+00:00,118.61239624023438,118.61239624023438,118.49461364746094,118.58611297607422,15113728
2026-01-30 19:45:00+00:00,118.52898406982422,118.64141082763672,118.45297241210938,118.53619384765625,18842624
2026-01-30 20:00:00+00:00,118.47638702392578,118.47638702392578,117.84607696533203,117.85420227050781,36557312
2026-01-30 20:15:00+00:00,117.83619689941406,117.9153823852539,117.40508270263672,117.40508270263672,26074624
2026-01-30 20:30:00+00:00,117.48336791992188,117.53495025634766,116.79215240478516,116.84510803222656,49994752
2026-01-30 20:45:00+00:00,116.95712280273438,117.12063598632812,116.80223083496094,116.82441711425781,17105408
2026-01-30 21:00:00+00:00,116.86442565917969,117.09925079345703,116.86442565917969,117.09925079345703,0
2026-01-30 21:15:00+00:00,117.11619567871094,117.655029296875,117.11619567871094,117.47168731689453,15289344
2026-01-30 21:30:00+00:00,117.441650390625,117.441650390625,116.80227661132812,116.81969451904297,0
2026-01-30 21:45:00+00:00,116.82384490966797,117.38050842285156,116.82384490966797,117.38050842285156,9585152
2026-01-30 22:00:00+00:00,117.36475372314453,117.36475372314453,117.03361511230469,117.06703186035156,0
2026-01-30 22:15:00+00:00,117.04551696777344,117.04551696777344,116.49922943115234,116.49922943115234,599040
2026-01-30 22:30:00+00:00,116.49788665771484,117.00222778320312,116.49788665771484,116.96905517578125,5793280
2026-01-30 22:45:00+00:00,116.95906829833984,117.12579345703125,116.93377685546875,117.11590576171875,2470400
2026-01-30 23:00:00+00:00,117.1439437866211,117.1678237915039,116.92733764648438,116.9297103881836,0
2026-01-30 23:15:00+00:00,116.93818664550781,117.12226867675781,116.93818664550781,116.96882629394531,1360384
2026-01-30 23:30:00+00:00,116.97730255126953,117.09201049804688,116.90388488769531,117.09201049804688,0
2026-01-30 23:45:00+00:00,117.1220474243164,117.36829376220703,117.1220474243164,117.35888671875,5995008
2026-01-31 00:00:00+00:00,117.37153625488281,117.4741439819336,117.3235092163086,117.47100830078125,229888
2026-01-31 00:15:00+00:00,117.48004913330078,117.60419464111328,117.48004913330078,117.60419464111328,4480000
2026-01-31 00:30:00+00:00,117.60372924804688,117.69874572753906,117.53423309326172,117.69874572753906,5556736
2026-01-31 00:45:00+00:00,117.70682525634766,117.71385192871094,117.4303970336914,117.4303970336914,0
2026-01-31 01:00:00+00:00,117.42440032958984,117.86844635009766,117.40393829345703,117.86844635009766,1271296
2026-01-31 01:15:00+00:00,117.8846664428711,118.10101318359375,117.8846664428711,118.09977722167969,0
2026-01-31 01:30:00+00:00,118.0701675415039,118.0701675415039,117.82140350341797,117.95591735839844,0
2026-01-31 01:45:00+00:00,117.94918060302734,118.02204132080078,117.92668914794922,118.01914978027344,0
2026-01-31 02:00:00+00:00,118.00651550292969,118.00651550292969,117.64017486572266,117.67953491210938,0
2026-01-31 02:15:00+00:00,117.71466827392578,117.80372619628906,117.56424713134766,117.57656860351562,0
2026-01-31 02:30:00+00:00,117.57810974121094,118.22209167480469,117.57441711425781,118.22209167480469,0
2026-01-31 02:45:00+00:00,118.23290252685547,118.3105697631836,118.21092224121094,118.21092224121094,0
2026-01-31 03:00:00+00:00,118.20964813232422,118.22689056396484,118.15381622314453,118.15381622314453,0
2026-01-31 03:15:00+00:00,118.22125244140625,118.36946105957031,118.22125244140625,118.2791748046875,0
2026-01-31 03:30:00+00:00,118.26268768310547,118.26268768310547,118.1191635131836,118.1572036743164,0
2026-01-31 03:45:00+00:00,118.16307830810547,118.1800308227539,118.10627746582031,118.16394805908203,0
2026-01-31 04:00:00+00:00,118.16596221923828,118.5448989868164,118.16596221923828,118.5448989868164,0
2026-01-31 04:15:00+00:00,118.54700469970703,118.61029052734375,118.46893310546875,118.55833435058594,0
2026-01-31 04:30:00+00:00,118.5030288696289,118.51014709472656,118.41925048828125,118.42086791992188,0
2026-01-31 04:45:00+00:00,118.40873718261719,118.40873718261719,118.17352294921875,118.2404556274414,0
2026-01-31 05:00:00+00:00,118.24546813964844,118.24546813964844,117.90119934082031,117.95394134521484,0
2026-01-31 05:15:00+00:00,117.97795104980469,118.05504608154297,117.97795104980469,118.02255249023438,1507328
2026-01-31 05:30:00+00:00,118.02295684814453,118.48127746582031,118.02295684814453,118.45748138427734,18594816
2026-01-31 05:45:00+00:00,118.4408187866211,118.4408187866211,118.3602294921875,118.40614318847656,16613888
2026-01-31 06:00:00+00:00,118.40937042236328,118.5379867553711,118.36200714111328,118.5375747680664,0
2026-01-31 06:15:00+00:00,118.53771209716797,118.54240417480469,118.13753509521484,118.14517974853516,2497536
2026-01-31 06:30:00+00:00,117.994873046875,118.00102233886719,117.9175033569336,117.99492645263672,0
2026-01-31 06:45:00+00:00,118.01242065429688,118.28192138671875,118.01242065429688,118.28192138671875,0
2026-01-31 07:00:00+00:00,118.28627014160156,118.3280258178711,118.11896514892578,118.12440490722656,0
2026-01-31 07:15:00+00:00,118.1329345703125,118.1329345703125,117.92332458496094,118.02794647216797,0
2026-01-31 07:30:00+00:00,118.00049591064453,118.00049591064453,117.19945526123047,117.19945526123047,51200
2026-01-31 07:45:00+00:00,117.21097564697266,117.2236099243164,117.14976501464844,117.15821075439453,83968
2026-01-31 08:00:00+00:00,117.14556121826172,117.25323486328125,116.86736297607422,116.86736297607422,9391104
2026-01-31 08:15:00+00:00,116.8809585571289,116.8809585571289,115.68714904785156,115.68714904785156,167759360
2026-01-31 08:30:00+00:00,115.70164489746094,115.70164489746094,114.65147399902344,114.65147399902344,111873024
2026-01-31 08:45:00+00:00,114.64866638183594,115.54119873046875,114.5482177734375,115.49894714355469,102494720
2026-01-31 09:00:00+00:00,115.48174285888672,115.71195983886719,115.48174285888672,115.68821716308594,30462464
2026-01-31 09:15:00+00:00,115.69831085205078,115.70686340332031,115.4384765625,115.4384765625,5863424
2026-01-31 09:30:00+00:00,115.46810913085938,116.38935089111328,115.46810913085938,116.3258056640625,4829696
2026-01-31 09:45:00+00:00,116.30482482910156,116.30482482910156,116.13250732421875,116.28265380859375,0
2026-01-31 10:00:00+00:00,116.24954986572266,116.24954986572266,116.06450653076172,116.06819915771484,0
2026-01-31 10:15:00+00:00,116.05439758300781,116.2599868774414,115.99480438232422,116.2599868774414,0
2026-01-31 10:30:00+00:00,116.26091003417969,116.66050720214844,116.26091003417969,116.65088653564453,6379008
2026-01-31 10:45:00+00:00,116.66694641113281,116.69227600097656,116.61881256103516,116.61881256103516,3258880
2026-01-31 11:00:00+00:00,116.61305236816406,116.61305236816406,116.30138397216797,116.30138397216797,2539520
2026-01-31 11:15:00+00:00,116.29060363769531,116.3839340209961,116.2013931274414,116.3839340209961,13374464
2026-01-31 11:30:00+00:00,116.37879943847656,116.38105773925781,116.26469421386719,116.26469421386719,841216
2026-01-31 11:45:00+00:00,116.2642593383789,116.2642593383789,115.95281982421875,115.95281982421875,0
2026-01-31 12:00:00+00:00,115.93648529052734,115.94047546386719,115.64069366455078,115.64069366455078,0
2026-01-31 12:15:00+00:00,115.63642883300781,115.63642883300781,115.44635772705078,115.51809692382812,6836224
2026-01-31 12:30:00+00:00,115.53244018554688,115.56459045410156,115.43281555175781,115.46781158447266,15538688
2026-01-31 12:45:00+00:00,115.45012664794922,115.45012664794922,115.09147644042969,115.09147644042969,14605312
2026-01-31 13:00:00+00:00,115.08975982666016,115.08975982666016,114.84561157226562,114.84561157226562,2805248
2026-01-31 13:15:00+00:00,114.86341094970703,114.86341094970703,114.62600708007812,114.62600708007812,19287552
2026-01-31 13:30:00+00:00,114.63729858398438,114.64022827148438,113.70154571533203,113.70154571533203,36286464
2026-01-31 13:45:00+00:00,113.74064636230469,113.84003448486328,113.74064636230469,113.8069839477539,16019456
2026-01-31 14:00:00+00:00,113.83280944824219,114.17849731445312,113.33943176269531,113.3487319946289,6508032
2026-01-31 14:15:00+00:00,113.32191467285156,113.32191467285156,110.3430404663086,110.3430404663086,294511104
2026-01-31 14:30:00+00:00,110.27999114990234,110.27999114990234,108.76416778564453,108.76416778564453,270156288
2026-01-31 14:45:00+00:00,108.70824432373047,109.06021118164062,108.61062622070312,108.99888610839844,162050560
2026-01-31 15:00:00+00:00,108.98774719238281,109.5836181640625,108.827392578125,109.40794372558594,69649920
2026-01-31 15:15:00+00:00,109.40476989746094,109.50333404541016,109.02279663085938,109.04844665527344,34752000
2026-01-31 15:30:00+00:00,109.25318908691406,109.41710662841797,108.99668884277344,109.05010223388672,0
2026-01-31 15:45:00+00:00,109.04485321044922,109.08187103271484,108.69142150878906,108.69142150878906,8913408
2026-01-31 16:00:00+00:00,108.72587585449219,108.72587585449219,107.5772476196289,108.15015411376953,86645248
2026-01-31 16:15:00+00:00,108.13090515136719,109.26394653320312,107.94010162353516,108.71501159667969,143711744
2026-01-31 16:30:00+00:00,108.71280670166016,108.71280670166016,107.72077178955078,107.72077178955078,34090496
2026-01-31 16:45:00+00:00,107.68219757080078,107.68219757080078,106.11982727050781,106.15349578857422,182124032
2026-01-31 17:00:00+00:00,106.17910766601562,106.3191909790039,103.31098937988281,103.7043228149414,392072704
2026-01-31 17:15:00+00:00,103.74189758300781,104.08317565917969,103.33412170410156,103.71835327148438,353117696
2026-01-31 17:30:00+00:00,103.77217864990234,103.853759765625,103.19185638427734,103.19429016113281,126014464
2026-01-31 17:45:00+00:00,103.20774841308594,103.41055297851562,102.6983642578125,103.14676666259766,322099712
2026-01-31 18:00:00+00:00,103.16659545898438,103.37279510498047,103.13351440429688,103.31739044189453,47647232
2026-01-31 18:15:00+00:00,103.26924896240234,103.26924896240234,102.57852172851562,103.00663757324219,18990592
2026-01-31 18:30:00+00:00,103.00263977050781,103.39645385742188,101.76802062988281,101.76802062988281,112860672
2026-01-31 18:45:00+00:00,100.92572021484375,101.8635482788086,100.83002471923828,101.50372314453125,594593792
2026-01-31 19:00:00+00:00,101.61007690429688,102.84228515625,101.61007690429688,102.8093490600586,76910592
2026-01-31 19:15:00+00:00,102.83496856689453,102.97553253173828,102.54042053222656,102.64472198486328,138600448
2026-01-31 19:30:00+00:00,102.65705108642578,102.65705108642578,101.6212158203125,101.75691986083984,48063488
2026-01-31 19:45:00+00:00,101.73873901367188,102.07762908935547,101.73873901367188,101.98375701904297,25755648
2026-01-31 20:00:00+00:00,101.95833587646484,101.95833587646484,101.17568969726562,101.17568969726562,0
2026-01-31 20:15:00+00:00,101.16571044921875,101.46607971191406,100.9430923461914,101.06147766113281,22629376
2026-01-31 20:30:00+00:00,101.03511810302734,101.1095199584961,100.55450439453125,101.1095199584961,2649088
2026-01-31 20:45:00+00:00,101.1114730834961,101.9492416381836,101.1114730834961,101.9492416381836,36627456
2026-01-31 21:00:00+00:00,101.94873809814453,102.10051727294922,101.6945571899414,101.86383056640625,25631744
2026-01-31 21:15:00+00:00,101.79138946533203,102.29727935791016,101.71707916259766,102.29727935791016,37321728
2026-01-31 21:30:00+00:00,102.26500701904297,103.19979095458984,102.26500701904297,103.19979095458984,97723392
2026-01-31 21:45:00+00:00,103.1744384765625,103.47440338134766,103.10768127441406,103.41190338134766,50944000
2026-01-31 22:00:00+00:00,103.39027404785156,103.59471893310547,103.39027404785156,103.54415130615234,31225856
2026-01-31 22:15:00+00:00,103.54296112060547,103.59993743896484,103.50822448730469,103.59947204589844,25083904
2026-01-31 22:30:00+00:00,103.6626968383789,103.9065170288086,103.64321899414062,103.64321899414062,34302976
2026-01-31 22:45:00+00:00,103.63410949707031,104.04893493652344,103.46794891357422,104.01240539550781,25459712
2026-01-31 23:00:00+00:00,103.9919204711914,104.25253295898438,103.92949676513672,104.18464660644531,35214336
2026-01-31 23:15:00+00:00,104.20013427734375,105.9600830078125,104.20013427734375,105.8090591430664,126180352
2026-01-31 23:30:00+00:00,105.84386444091797,105.84386444091797,105.37948608398438,105.40158081054688,69799936
2026-01-31 23:45:00+00:00,105.41474914550781,105.45246124267578,105.1480484008789,105.45246124267578,40687616
2026-02-01 00:00:00+00:00,105.44728088378906,105.75389099121094,105.42066192626953,105.73463439941406,21028864
2026-02-01 00:15:00+00:00,105.79846954345703,106.08123016357422,105.79846954345703,106.08123016357422,28839936
2026-02-01 00:30:00+00:00,106.015869140625,106.015869140625,105.54784393310547,105.54784393310547,20967424
2026-02-01 00:45:00+00:00,105.4872817993164,105.66783142089844,105.36721801757812,105.6493911743164,21311488
2026-02-01 01:00:00+00:00,105.62750244140625,105.62750244140625,104.96282196044922,104.97425079345703,10791936
2026-02-01 01:15:00+00:00,104.97956848144531,104.97956848144531,104.58556365966797,104.65718841552734,12306432
2026-02-01 01:30:00+00:00,104.71034240722656,104.84724426269531,104.32337188720703,104.32493591308594,787456
2026-02-01 01:45:00+00:00,104.3241195678711,104.96644592285156,104.3241195678711,104.96644592285156,36948992
2026-02-01 02:00:00+00:00,104.96754455566406,105.57060241699219,104.81794738769531,105.57060241699219,14284800
2026-02-01 02:15:00+00:00,105.59358215332031,105.64076232910156,105.0256576538086,105.03578186035156,458752
2026-02-01 02:30:00+00:00,105.05105590820312,105.40476989746094,105.02401733398438,105.39656066894531,4721664
2026-02-01 02:45:00+00:00,105.40290832519531,105.71610260009766,105.40290832519531,105.65140533447266,7311360
2026-02-01 03:00:00+00:00,105.653564453125,105.653564453125,105.24451446533203,105.24451446533203,4402176
2026-02-01 03:15:00+00:00,105.24884796142578,105.27058410644531,104.92707061767578,104.92707061767578,0
2026-02-01 03:30:00+00:00,104.92662811279297,104.92662811279297,104.7167739868164,104.75226593017578,3733504
2026-02-01 03:45:00+00:00,104.71118927001953,104.85302734375,104.63302612304688,104.793701171875,6583296
2026-02-01 04:00:00+00:00,104.80532836914062,104.97997283935547,104.7437515258789,104.97997283935547,4316160
2026-02-01 04:15:00+00:00,104.96153259277344,105.28801727294922,104.96153259277344,105.09085845947266,9735168
2026-02-01 04:30:00+00:00,105.08899688720703,105.19251251220703,105.04328155517578,105.18541717529297,5898240
2026-02-01 04:45:00+00:00,105.20169830322266,105.28101348876953,105.20169830322266,105.22073364257812,5728256
2026-02-01 05:00:00+00:00,105.206787109375,105.206787109375,104.89250946044922,104.99612426757812,6649856
2026-02-01 05:15:00+00:00,105.00496673583984,105.4727554321289,105.00496673583984,105.4727554321289,25264128
2026-02-01 05:30:00+00:00,105.47235107421875,105.47592163085938,105.00979614257812,105.00979614257812,850944
2026-02-01 05:45:00+00:00,104.92974853515625,104.92974853515625,104.5666732788086,104.5687484741211,2337792
2026-02-01 06:00:00+00:00,104.57671356201172,105.03433990478516,104.57671356201172,105.03433990478516,4102144
2026-02-01 06:15:00+00:00,105.02730560302734,105.14684295654297,105.02228546142578,105.0912857055664,0
2026-02-01 06:30:00+00:00,105.08924102783203,105.22417449951172,104.76971435546875,104.87044525146484,0
2026-02-01 06:45:00+00:00,104.91100311279297,105.08213806152344,104.8635025024414,105.07073974609375,7094272
2026-02-01 07:00:00+00:00,105.06494903564453,105.06494903564453,104.67599487304688,104.68254852294922,11365376
2026-02-01 07:15:00+00:00,104.6335220336914,104.6335220336914,104.1452407836914,104.19171142578125,23875584
2026-02-01 07:30:00+00:00,104.18476867675781,105.7564926147461,104.18476867675781,105.7564926147461,25956352
2026-02-01 07:45:00+00:00,105.79415893554688,105.79415893554688,105.2357406616211,105.2357406616211,4347904
2026-02-01 08:00:00+00:00,105.24309539794922,105.24626922607422,105.05145263671875,105.24317932128906,452608
2026-02-01 08:15:00+00:00,105.22648620605469,105.22648620605469,104.95060729980469,105.01679229736328,0
2026-02-01 08:30:00+00:00,105.01898956298828,105.86026000976562,105.01898956298828,105.85706329345703,0
2026-02-01 08:45:00+00:00,105.84336853027344,105.84336853027344,105.42933654785156,105.42933654785156,0
2026-02-01 09:00:00+00:00,105.4319839477539,105.51769256591797,105.36259460449219,105.42036437988281,0
2026-02-01 09:15:00+00:00,105.3894271850586,105.3894271850586,105.00758361816406,105.00758361816406,0
2026-02-01 09:30:00+00:00,105.00995635986328,105.2723159790039,104.97998046875,105.26131439208984,0
2026-02-01 09:45:00+00:00,105.3431625366211,105.59431457519531,105.3431625366211,105.59431457519531,0
2026-02-01 10:00:00+00:00,105.5662841796875,105.66764831542969,105.48174285888672,105.59652709960938,3389440
2026-02-01 10:15:00+00:00,105.62481689453125,105.65499877929688,105.47282409667969,105.53570556640625,1842176
2026-02-01 10:30:00+00:00,105.53704071044922,105.53704071044922,104.52155303955078,104.52155303955078,14900224
2026-02-01 10:45:00+00:00,104.50787353515625,104.50787353515625,103.97526550292969,103.9852066040039,23542784
2026-02-01 11:00:00+00:00,103.97870635986328,104.05631256103516,103.79446411132812,104.05631256103516,23158784
2026-02-01 11:15:00+00:00,104.08277893066406,104.09834289550781,103.89079284667969,103.95623016357422,1594368
2026-02-01 11:30:00+00:00,103.94520568847656,105.11479949951172,103.94520568847656,105.11479949951172,31983616
2026-02-01 11:45:00+00:00,105.09759521484375,105.19258117675781,104.98380279541016,104.98712158203125,9911296
2026-02-01 12:00:00+00:00,104.97827911376953,104.97827911376953,104.73069763183594,104.73384857177734,0
2026-02-01 12:15:00+00:00,104.72856903076172,104.72856903076172,104.2480239868164,104.25245666503906,5926912
2026-02-01 12:30:00+00:00,104.2823486328125,104.7695083618164,104.2823486328125,104.70433044433594,6990848
2026-02-01 12:45:00+00:00,104.70161437988281,104.75717163085938,104.59302520751953,104.75717163085938,0
2026-02-01 13:00:00+00:00,104.72748565673828,106.03463745117188,104.72748565673828,106.03463745117188,62432256
2026-02-01 13:15:00+00:00,106.00289916992188,106.18352508544922,105.55916595458984,105.55916595458984,16075776
2026-02-01 13:30:00+00:00,105.59973907470703,105.59973907470703,105.01719665527344,105.01719665527344,0
2026-02-01 13:45:00+00:00,105.0173110961914,105.06206512451172,104.26296997070312,104.28266143798828,0
2026-02-01 14:00:00+00:00,104.314208984375,104.44473266601562,104.22393035888672,104.22393035888672,0
2026-02-01 14:15:00+00:00,104.22783660888672,104.24854278564453,103.552734375,103.552734375,0
2026-02-01 14:30:00+00:00,103.51622772216797,103.51622772216797,102.01036834716797,102.34125518798828,0
2026-02-01 14:45:00+00:00,102.36823272705078,103.05257415771484,102.16986846923828,103.05257415771484,8068096
2026-02-01 15:00:00+00:00,102.97295379638672,102.97295379638672,101.99217224121094,101.99217224121094,0
2026-02-01 15:15:00+00:00,101.98025512695312,101.98025512695312,100.91165924072266,100.91165924072266,1070592
2026-02-01 15:30:00+00:00,100.94245910644531,101.12721252441406,100.57286071777344,101.11090850830078,25978368
2026-02-01 15:45:00+00:00,101.03593444824219,101.68191528320312,100.96302032470703,101.58582305908203,22403072
2026-02-01 16:00:00+00:00,101.57473754882812,101.8970947265625,101.38092041015625,101.83277893066406,0
2026-02-01 16:15:00+00:00,101.8747787475586,102.2751693725586,101.38327026367188,102.25460052490234,0
2026-02-01 16:30:00+00:00,102.22341918945312,102.39517974853516,101.75041198730469,101.75041198730469,0
2026-02-01 16:45:00+00:00,101.76531982421875,101.82231140136719,101.52249145507812,101.75117492675781,0
2026-02-01 17:00:00+00:00,101.7743148803711,101.94956970214844,101.69900512695312,101.93550109863281,0
2026-02-01 17:15:00+00:00,101.89472961425781,101.98023223876953,101.35391998291016,101.499755859375,0
2026-02-01 17:30:00+00:00,101.71074676513672,101.71074676513672,101.30216979980469,101.54935455322266,0
2026-02-01 17:45:00+00:00,101.5486068725586,102.02056884765625,101.51930236816406,101.97726440429688,0
2026-02-01 18:00:00+00:00,102.29669189453125,103.5803451538086,102.29669189453125,103.53077697753906,7820288
2026-02-01 18:15:00+00:00,103.55604553222656,103.79253387451172,103.52232360839844,103.6445083618164,0
2026-02-01 18:30:00+00:00,103.63939666748047,103.68013000488281,103.51362609863281,103.51362609863281,0
2026-02-01 18:45:00+00:00,103.4657974243164,103.4657974243164,103.10250091552734,103.13787078857422,0
2026-02-01 19:00:00+00:00,103.22433471679688,103.3359146118164,102.96195983886719,103.00193786621094,0
2026-02-01 19:15:00+00:00,102.97076416015625,102.97076416015625,102.64839935302734,102.81803894042969,0
2026-02-01 19:30:00+00:00,102.76576232910156,102.86679077148438,102.5028305053711,102.5028305053711,0
2026-02-01 19:45:00+00:00,102.4888687133789,102.4888687133789,101.64268493652344,101.65267181396484,0
2026-02-01 20:00:00+00:00,101.69490814208984,101.77293395996094,101.50373077392578,101.56723022460938,0
2026-02-01 20:15:00+00:00,101.51302337646484,101.51302337646484,100.6911849975586,100.6911849975586,0
2026-02-01 20:30:00+00:00,100.68196105957031,102.3081283569336,100.39179229736328,102.23921203613281,3021312
2026-02-01 20:45:00+00:00,102.23780059814453,102.23780059814453,101.49876403808594,101.49876403808594,0
2026-02-01 21:00:00+00:00,101.50777435302734,101.50777435302734,100.63340759277344,100.70402526855469,1050112
2026-02-01 21:15:00+00:00,100.70230865478516,100.72443389892578,100.33817291259766,100.58322143554688,632320
2026-02-01 21:30:00+00:00,100.593994140625,101.38829803466797,100.58087921142578,101.38829803466797,0
2026-02-01 21:45:00+00:00,101.3309097290039,101.3309097290039,100.6396484375,100.6396484375,0
2026-02-01 22:00:00+00:00,100.82217407226562,102.3428955078125,100.82217407226562,102.3428955078125,21069824
2026-02-01 22:15:00+00:00,102.2658920288086,102.2658920288086,101.30371856689453,101.39476776123047,10203648
2026-02-01 22:30:00+00:00,101.43553924560547,102.10847473144531,101.43553924560547,101.99468231201172,3436032
2026-02-01 22:45:00+00:00,101.99675750732422,102.05703735351562,101.8078842163086,101.9774398803711,0
2026-02-01 23:00:00+00:00,101.89421081542969,101.89421081542969,98.63439178466797,99.19435119628906,123877376
2026-02-01 23:15:00+00:00,99.12974548339844,100.38665771484375,99.0489730834961,100.32402801513672,97304576
2026-02-01 23:30:00+00:00,100.44249725341797,101.5157470703125,100.39595794677734,101.46734619140625,84537856
2026-02-01 23:45:00+00:00,101.48394775390625,101.48394775390625,100.81669616699219,100.9105453491211,43119616
2026-02-02 00:00:00+00:00,100.79875183105469,101.23836517333984,100.38478088378906,101.23836517333984,38846976
2026-02-02 00:15:00+00:00,101.17797088623047,102.16483306884766,101.17797088623047,102.11284637451172,88576000
2026-02-02 00:30:00+00:00,102.10688018798828,102.43257141113281,101.9371566772461,102.40254974365234,48129536
2026-02-02 00:45:00+00:00,102.41397094726562,102.53463745117188,102.11286926269531,102.13579559326172,37411840
2026-02-02 01:00:00+00:00,102.15437316894531,102.443359375,100.9783935546875,101.12155151367188,0
2026-02-02 01:15:00+00:00,101.11767578125,102.56234741210938,100.73558807373047,102.56234741210938,70692864
2026-02-02 01:30:00+00:00,102.57484436035156,102.65625762939453,102.4166030883789,102.45673370361328,20693504
2026-02-02 01:45:00+00:00,102.42418670654297,102.42418670654297,102.03658294677734,102.13013458251953,6103040
2026-02-02 02:00:00+00:00,102.13170623779297,102.22183227539062,101.7799072265625,101.7799072265625,8407040
2026-02-02 02:15:00+00:00,101.80976867675781,102.18778991699219,101.80976867675781,102.170166015625,23214080
2026-02-02 02:30:00+00:00,102.15634155273438,102.15634155273438,101.39655303955078,101.39655303955078,23497216
2026-02-02 02:45:00+00:00,101.33729553222656,101.33729553222656,100.73102569580078,100.73102569580078,15511040
2026-02-02 03:00:00+00:00,100.71526336669922,100.71526336669922,99.66697692871094,99.66697692871094,29402624
2026-02-02 03:15:00+00:00,99.5313720703125,99.5313720703125,97.08740234375,97.08740234375,189755392
2026-02-02 03:30:00+00:00,96.99925231933594,97.00240325927734,96.43683624267578,97.00240325927734,233603072
2026-02-02 03:45:00+00:00,96.98303985595703,99.90536499023438,96.98303985595703,99.90536499023438,207742976
2026-02-02 04:00:00+00:00,99.87364959716797,99.87364959716797,98.92705535888672,98.9283447265625,80039424
2026-02-02 04:15:00+00:00,98.91954803466797,100.86434173583984,98.9054946899414,100.83495330810547,92605952
2026-02-02 04:30:00+00:00,100.89938354492188,101.19444274902344,100.89938354492188,101.00125885009766,72967168
2026-02-02 04:45:00+00:00,100.97432708740234,100.97432708740234,100.25093841552734,100.25093841552734,19110912
2026-02-02 05:00:00+00:00,100.22886657714844,100.22886657714844,99.549560546875,99.549560546875,26425344
2026-02-02 05:15:00+00:00,99.54850769042969,99.54850769042969,98.46014404296875,98.46014404296875,39430144
2026-02-02 05:30:00+00:00,98.50923156738281,98.62297821044922,97.9311294555664,97.99373626708984,65075200
2026-02-02 05:45:00+00:00,97.97187805175781,98.4109878540039,97.9040298461914,98.22711181640625,84777984
2026-02-02 06:00:00+00:00,98.22693634033203,98.4620361328125,97.64751434326172,98.35588836669922,101083136
2026-02-02 06:15:00+00:00,98.44366455078125,99.59765625,98.44366455078125,99.06483459472656,94458368
2026-02-02 06:30:00+00:00,99.1026840209961,99.33734893798828,97.75786590576172,99.33734893798828,153131520
2026-02-02 06:45:00+00:00,99.23062133789062,100.64825439453125,99.23062133789062,100.41624450683594,198790144
2026-02-02 07:00:00+00:00,100.41424560546875,101.31985473632812,100.41424560546875,100.82872772216797,77514240
2026-02-02 07:15:00+00:00,100.79815673828125,101.10739135742188,100.65837097167969,101.04865264892578,46523904
2026-02-02 07:30:00+00:00,101.04956817626953,101.7603759765625,101.04956817626953,101.68707275390625,47286784
2026-02-02 07:45:00+00:00,101.78032684326172,101.8117446899414,101.49718475341797,101.5003890991211,57631232
2026-02-02 08:00:00+00:00,101.4587631225586,101.95421600341797,101.39786529541016,101.95421600341797,76892160
2026-02-02 08:15:00+00:00,101.93372344970703,101.96378326416016,101.6032485961914,101.6032485961914,32314368
2026-02-02 08:30:00+00:00,101.58879089355469,101.93240356445312,101.58879089355469,101.78985595703125,37419520
2026-02-02 08:45:00+00:00,101.81680297851562,101.90076446533203,101.7041015625,101.81804656982422,17413120
2026-02-02 09:00:00+00:00,101.78535461425781,101.78535461425781,101.59851837158203,101.7611083984375,20754432
2026-02-02 09:15:00+00:00,101.73517608642578,102.18220520019531,101.73517608642578,102.15958404541016,17028608
2026-02-02 09:30:00+00:00,102.21574401855469,102.55093383789062,102.21574401855469,102.41693878173828,89037312
2026-02-02 09:45:00+00:00,102.41744232177734,102.84454345703125,102.41434478759766,102.73062896728516,80114176
2026-02-02 10:00:00+00:00,102.71842193603516,103.2030029296875,102.71842193603516,103.19474792480469,20044800
2026-02-02 10:15:00+00:00,103.17549896240234,103.17549896240234,102.88186645507812,103.00084686279297,32589312
2026-02-02 10:30:00+00:00,102.98983764648438,103.1747817993164,102.59976196289062,102.61719512939453,4979200
2026-02-02 10:45:00+00:00,102.61934661865234,102.85254669189453,102.61300659179688,102.74964141845703,554496
2026-02-02 11:00:00+00:00,102.75299072265625,102.99562072753906,102.75299072265625,102.92049407958984,0
2026-02-02 11:15:00+00:00,102.9283676147461,103.00931549072266,102.90653228759766,102.97831726074219,6274560
2026-02-02 11:30:00+00:00,102.99580383300781,103.19058990478516,102.99580383300781,103.02324676513672,15093248
2026-02-02 11:45:00+00:00,103.04331970214844,103.06074523925781,102.83707427978516,102.83707427978516,8302080
2026-02-02 12:00:00+00:00,102.78540802001953,103.04981994628906,102.78540802001953,103.02898406982422,10582016
2026-02-02 12:15:00+00:00,103.0464096069336,103.32173919677734,103.03107452392578,103.2265853881836,17874944
2026-02-02 12:30:00+00:00,103.2590560913086,103.2590560913086,103.01766204833984,103.10568237304688,2409472
2026-02-02 12:45:00+00:00,103.07070922851562,103.25171661376953,102.98928833007812,103.25067901611328,5852160
2026-02-02 13:00:00+00:00,103.22486114501953,103.22486114501953,102.8301010131836,102.89298248291016,0
2026-02-02 13:15:00+00:00,102.88987731933594,103.09982299804688,102.81766510009766,103.02873992919922,1811456
2026-02-02 13:30:00+00:00,103.02876281738281,103.34481811523438,102.97653198242188,103.23316192626953,11505152
2026-02-02 13:45:00+00:00,103.21141052246094,103.26888275146484,103.10039520263672,103.26888275146484,1354752
2026-02-02 14:00:00+00:00,103.2718505859375,103.2718505859375,102.73777770996094,102.73792266845703,6480384
2026-02-02 14:15:00+00:00,102.75904846191406,103.29058074951172,102.75904846191406,103.18069458007812,18571776
2026-02-02 14:30:00+00:00,103.21786499023438,104.63554382324219,103.21786499023438,104.55760192871094,12662272
2026-02-02 14:45:00+00:00,104.54818725585938,104.54818725585938,104.00912475585938,104.00912475585938,2674688
2026-02-02 15:00:00+00:00,103.9765853881836,104.46678924560547,103.88423156738281,104.46114349365234,16054272
2026-02-02 15:15:00+00:00,104.63345336914062,105.39004516601562,104.63345336914062,105.38033294677734,31822336
2026-02-02 15:30:00+00:00,105.26261901855469,105.67721557617188,105.03164672851562,105.61958312988281,33575424
2026-02-02 15:45:00+00:00,105.64025115966797,105.64025115966797,104.51847076416016,104.5804214477539,22670336
2026-02-02 16:00:00+00:00,104.58430480957031,104.91493225097656,104.52119445800781,104.88795471191406,1949696
2026-02-02 16:15:00+00:00,104.92498016357422,105.36151123046875,104.92498016357422,105.02554321289062,5714944
2026-02-02 16:30:00+00:00,105.09053039550781,105.54186248779297,105.09053039550781,105.31620788574219,11190272
2026-02-02 16:45:00+00:00,105.3285903930664,105.35121154785156,104.91976928710938,104.94190216064453,11120640
2026-02-02 17:00:00+00:00,104.93426513671875,105.35614013671875,104.93426513671875,105.2720718383789,3441152
2026-02-02 17:15:00+00:00,105.29674530029297,105.43859100341797,105.20474243164062,105.20474243164062,8984576
2026-02-02 17:30:00+00:00,105.20381927490234,105.25392150878906,104.68415069580078,104.6938247680664,1171968
2026-02-02 17:45:00+00:00,104.71113586425781,104.77910614013672,104.58096313476562,104.69731903076172,5590528
2026-02-02 18:00:00+00:00,104.71372985839844,104.73405456542969,104.22001647949219,104.22001647949219,0
2026-02-02 18:15:00+00:00,104.23788452148438,104.23788452148438,104.0500717163086,104.0500717163086,0
2026-02-02 18:30:00+00:00,104.0631103515625,104.672119140625,104.0218734741211,104.42357635498047,0
2026-02-02 18:45:00+00:00,104.41563415527344,104.70310974121094,104.37599182128906,104.6911849975586,9542656
2026-02-02 19:00:00+00:00,104.69670867919922,104.69670867919922,104.28720092773438,104.45530700683594,1128448
2026-02-02 19:15:00+00:00,104.44925689697266,104.44925689697266,104.08798217773438,104.08798217773438,5445120
2026-02-02 19:30:00+00:00,104.1263656616211,104.1263656616211,103.84127044677734,103.84272003173828,6692352
2026-02-02 19:45:00+00:00,103.8558120727539,103.86656188964844,103.62065124511719,103.84540557861328,3368448
2026-02-02 20:00:00+00:00,103.82616424560547,104.06927490234375,103.74453735351562,103.91123962402344,11581440
2026-02-02 20:15:00+00:00,103.90825653076172,103.91891479492188,103.71214294433594,103.71612548828125,0
2026-02-02 20:30:00+00:00,103.67345428466797,103.67345428466797,103.3675765991211,103.51189422607422,0
2026-02-02 20:45:00+00:00,103.50926971435547,103.82799530029297,103.40739440917969,103.82335662841797,2601472
2026-02-02 21:00:00+00:00,103.84314727783203,104.56021881103516,103.84314727783203,104.56021881103516,5545984
2026-02-02 21:15:00+00:00,104.56077575683594,104.57286834716797,104.40602111816406,104.41399383544922,0
2026-02-02 21:30:00+00:00,104.41813659667969,104.81149291992188,104.41813659667969,104.79644012451172,0
2026-02-02 21:45:00+00:00,104.74920654296875,104.78592681884766,104.71896362304688,104.75944519042969,0
2026-02-02 22:00:00+00:00,104.76124572753906,105.05162048339844,104.76124572753906,105.01806640625,0
2026-02-02 22:15:00+00:00,105.0205078125,105.0205078125,104.729248046875,104.77175903320312,0
2026-02-02 22:30:00+00:00,104.77557373046875,104.92667388916016,104.77557373046875,104.90221405029297,0
2026-02-02 22:45:00+00:00,104.90990447998047,104.93290710449219,104.84088134765625,104.84892272949219,0
2026-02-02 23:00:00+00:00,104.88441467285156,104.88441467285156,104.72400665283203,104.8143081665039,0
2026-02-02 23:15:00+00:00,104.79347229003906,104.79347229003906,104.48369598388672,104.48369598388672,0
2026-02-02 23:30:00+00:00,104.46690368652344,104.69178771972656,104.44970703125,104.66162109375,0
2026-02-02 23:45:00+00:00,104.63639831542969,104.63639831542969,104.46907043457031,104.46907043457031,0
2026-02-03 00:00:00+00:00,104.46784210205078,104.4738540649414,103.73987579345703,103.74376678466797,0
2026-02-03 00:15:00+00:00,103.83714294433594,104.11539459228516,103.83714294433594,104.11539459228516,0
2026-02-03 00:30:00+00:00,104.12198638916016,104.17949676513672,103.85888671875,103.92726135253906,0
2026-02-03 00:45:00+00:00,103.92263793945312,104.02961730957031,103.81416320800781,103.9440689086914,0
2026-02-03 01:00:00+00:00,103.95687103271484,104.05423736572266,103.81684112548828,103.83773803710938,0
2026-02-03 01:15:00+00:00,103.83934783935547,103.88190460205078,103.62818145751953,103.88190460205078,0
2026-02-03 01:30:00+00:00,103.91519927978516,103.91519927978516,103.57853698730469,103.72004699707031,0
2026-02-03 01:45:00+00:00,103.75050354003906,104.21019744873047,103.75050354003906,104.21019744873047,0
2026-02-03 02:00:00+00:00,104.21776580810547,104.25760650634766,103.39266967773438,103.4178466796875,0
2026-02-03 02:15:00+00:00,103.40071105957031,103.61180877685547,103.31161499023438,103.48957824707031,0
2026-02-03 02:30:00+00:00,103.48323059082031,103.48323059082031,103.00287628173828,103.04586791992188,0
2026-02-03 02:45:00+00:00,103.02120971679688,103.02384948730469,102.57612609863281,102.57612609863281,0
2026-02-03 03:00:00+00:00,102.45951080322266,102.65745544433594,102.33011627197266,102.65745544433594,13667840
2026-02-03 03:15:00+00:00,102.64244079589844,102.68305969238281,102.3109130859375,102.6460189819336,0
2026-02-03 03:30:00+00:00,102.6516342163086,103.71540832519531,102.6516342163086,103.71540832519531,0
2026-02-03 03:45:00+00:00,103.70893096923828,104.15451049804688,103.70893096923828,104.15451049804688,0
2026-02-03 04:00:00+00:00,104.1129150390625,104.21135711669922,103.88318634033203,104.21135711669922,0
2026-02-03 04:15:00+00:00,104.2221908569336,104.33551025390625,104.12162780761719,104.12162780761719,0
2026-02-03 04:30:00+00:00,104.10173034667969,104.61602020263672,104.02857208251953,104.61602020263672,0
2026-02-03 04:45:00+00:00,104.79345703125,104.91204071044922,104.65242767333984,104.65316009521484,0
2026-02-03 05:00:00+00:00,104.60694122314453,104.60694122314453,104.1697006225586,104.1697006225586,0
2026-02-03 05:15:00+00:00,104.15531921386719,104.15531921386719,103.68781280517578,103.86275482177734,0
2026-02-03 05:30:00+00:00,103.86591339111328,103.97103118896484,103.86591339111328,103.92276763916016,0
2026-02-03 05:45:00+00:00,103.93453979492188,104.03407287597656,103.78897857666016,103.78897857666016,0
2026-02-03 06:00:00+00:00,103.78684997558594,103.78684997558594,103.0285415649414,103.03133392333984,0
2026-02-03 06:15:00+00:00,103.02660369873047,103.49653625488281,103.02073669433594,103.49653625488281,0
2026-02-03 06:30:00+00:00,103.57247161865234,103.87858581542969,103.57247161865234,103.80320739746094,0
2026-02-03 06:45:00+00:00,103.7818832397461,103.90322875976562,103.74468231201172,103.88663482666016,0
2026-02-03 07:00:00+00:00,103.88094329833984,104.19332885742188,103.8177261352539,104.19332885742188,0
2026-02-03 07:15:00+00:00,104.19550323486328,104.19550323486328,104.04830932617188,104.15692138671875,0
2026-02-03 07:30:00+00:00,104.14704895019531,104.60311889648438,104.12195587158203,104.57160186767578,0
2026-02-03 07:45:00+00:00,104.58332061767578,104.62335205078125,104.56661224365234,104.58172607421875,0
2026-02-03 08:00:00+00:00,104.57494354248047,104.58992004394531,104.37374114990234,104.37374114990234,11547136
2026-02-03 08:15:00+00:00,104.31905364990234,104.75901794433594,104.20516204833984,104.75901794433594,0
2026-02-03 08:30:00+00:00,104.75901794433594,104.75901794433594,104.64068603515625,104.72039794921875,0
2026-02-03 08:45:00+00:00,104.72368621826172,104.72368621826172,104.13436126708984,104.13436126708984,630272
2026-02-03 09:00:00+00:00,104.13629150390625,104.13629150390625,103.56920623779297,103.56920623779297,960000
2026-02-03 09:15:00+00:00,103.46623992919922,103.46623992919922,102.70252227783203,102.70479583740234,38504960
2026-02-03 09:30:00+00:00,102.70404052734375,103.2188720703125,102.60047149658203,103.2188720703125,0
2026-02-03 09:45:00+00:00,103.20916748046875,103.23793029785156,103.12252807617188,103.14765930175781,0
2026-02-03 10:00:00+00:00,103.13275909423828,103.14459991455078,102.92527770996094,102.92527770996094,0
2026-02-03 10:15:00+00:00,102.90867614746094,103.00516510009766,102.68728637695312,103.00516510009766,0
2026-02-03 10:30:00+00:00,103.0104751586914,103.0104751586914,102.66468048095703,102.70130920410156,0
2026-02-03 10:45:00+00:00,102.7264633178711,102.75753784179688,102.69900512695312,102.75753784179688,0
2026-02-03 11:00:00+00:00,102.77019500732422,103.01568603515625,102.77019500732422,103.01051330566406,1716992
2026-02-03 11:15:00+00:00,103.01262664794922,103.08788299560547,102.98432922363281,102.99337005615234,137728
2026-02-03 11:30:00+00:00,102.99528503417969,103.16954040527344,102.96672821044922,103.10741424560547,0
2026-02-03 11:45:00+00:00,103.10172271728516,103.18553924560547,103.0588150024414,103.0757827758789,0
2026-02-03 12:00:00+00:00,103.0644302368164,103.0644302368164,102.5297622680664,102.8275146484375,14779136
2026-02-03 12:15:00+00:00,102.80021667480469,102.9356460571289,102.80021667480469,102.9356460571289,405760
2026-02-03 12:30:00+00:00,102.97125244140625,103.11210632324219,102.92012023925781,103.09827423095703,0
2026-02-03 12:45:00+00:00,103.09586334228516,103.17616271972656,103.03076934814453,103.17616271972656,4399616
2026-02-03 13:00:00+00:00,103.1424560546875,103.1424560546875,102.94857025146484,103.10968780517578,1720576
2026-02-03 13:15:00+00:00,103.12214660644531,103.12214660644531,102.84636688232422,102.87297821044922,4085248
2026-02-03 13:30:00+00:00,102.9407730102539,103.11061096191406,102.9407730102539,102.99703979492188,872960
2026-02-03 13:45:00+00:00,102.99100494384766,103.24076080322266,102.93324279785156,103.24076080322266,1050368
2026-02-03 14:00:00+00:00,103.22392272949219,103.41015625,103.17185974121094,103.17185974121094,682240
2026-02-03 14:15:00+00:00,103.18157196044922,103.18157196044922,102.830322265625,102.99269104003906,1545472
2026-02-03 14:30:00+00:00,102.9999771118164,103.09892272949219,101.92430877685547,101.92430877685547,0
2026-02-03 14:45:00+00:00,101.9447250366211,102.05308532714844,101.01750946044922,101.01750946044922,6303488
2026-02-03 15:00:00+00:00,101.00942993164062,101.33949279785156,100.7567138671875,100.97554016113281,12419840
2026-02-03 15:15:00+00:00,100.90449523925781,101.99835205078125,100.57247161865234,101.98588562011719,44754432
2026-02-03 15:30:00+00:00,101.9473648071289,102.30316162109375,101.50599670410156,101.50599670410156,14093056
2026-02-03 15:45:00+00:00,101.50590515136719,102.2910385131836,101.31965637207031,102.2910385131836,14596096
2026-02-03 16:00:00+00:00,102.29566192626953,102.35586547851562,101.62297821044922,101.62297821044922,2400000
2026-02-03 16:15:00+00:00,101.53229522705078,101.53229522705078,100.5447998046875,100.6392822265625,22179840
2026-02-03 16:30:00+00:00,100.59053802490234,101.05377197265625,100.30646514892578,100.93479919433594,54555648
2026-02-03 16:45:00+00:00,101.00691223144531,101.00691223144531,100.59232330322266,100.79780578613281,38359552
2026-02-03 17:00:00+00:00,100.75088500976562,100.7803955078125,100.27042388916016,100.27042388916016,16265472
2026-02-03 17:15:00+00:00,100.21170043945312,100.26692199707031,99.96571350097656,100.18314361572266,35628288
2026-02-03 17:30:00+00:00,100.21581268310547,100.21581268310547,99.25704193115234,99.25704193115234,21684480
2026-02-03 17:45:00+00:00,99.23867797851562,99.47181701660156,99.09729766845703,99.1853256225586,55175936
2026-02-03 18:00:00+00:00,99.10640716552734,99.17534637451172,98.93560791015625,98.93560791015625,54266368
2026-02-03 18:15:00+00:00,98.90718841552734,98.90718841552734,97.89749145507812,97.92251586914062,119227136
2026-02-03 18:30:00+00:00,97.90843200683594,97.90843200683594,97.56840515136719,97.56840515136719,104150016
2026-02-03 18:45:00+00:00,97.60470581054688,97.60470581054688,96.93373107910156,96.97268676757812,135097856
2026-02-03 19:00:00+00:00,96.96001434326172,98.25647735595703,96.81609344482422,98.25647735595703,113278464
2026-02-03 19:15:00+00:00,98.32601165771484,99.4784164428711,98.32601165771484,99.0009765625,151916032
2026-02-03 19:30:00+00:00,99.09749603271484,99.56697845458984,99.09749603271484,99.2914810180664,82613760
2026-02-03 19:45:00+00:00,99.23571014404297,99.23571014404297,98.76537322998047,99.01276397705078,65014272
2026-02-03 20:00:00+00:00,98.9867935180664,98.9867935180664,98.41761016845703,98.47431182861328,10435584
2026-02-03 20:15:00+00:00,98.44664001464844,99.7411117553711,98.36183166503906,99.7411117553711,65313792
2026-02-03 20:30:00+00:00,99.74757385253906,100.97516632080078,99.74757385253906,100.95233154296875,192604672
2026-02-03 20:45:00+00:00,100.90470886230469,100.90470886230469,100.68175506591797,100.69955444335938,85657088
2026-02-03 21:00:00+00:00,100.84390258789062,101.4776382446289,100.84390258789062,101.38050079345703,67451392
2026-02-03 21:15:00+00:00,101.36407470703125,101.36407470703125,100.95657348632812,101.09844207763672,34153472
2026-02-03 21:30:00+00:00,101.0827865600586,101.0827865600586,100.48384094238281,100.49935913085938,31509504
2026-02-03 21:45:00+00:00,100.48090362548828,100.53107452392578,100.06901550292969,100.07879638671875,20465664
2026-02-03 22:00:00+00:00,100.09715270996094,100.09715270996094,99.19658660888672,99.4451675415039,30712832
2026-02-03 22:15:00+00:00,99.4532470703125,99.57063293457031,99.25272369384766,99.388427734375,21598720
2026-02-03 22:30:00+00:00,99.3892822265625,99.43816375732422,99.20519256591797,99.20519256591797,22622720
2026-02-03 22:45:00+00:00,99.20219421386719,99.20219421386719,98.31901550292969,98.31901550292969,24143360
2026-02-03 23:00:00+00:00,98.3441162109375,98.38308715820312,97.62977600097656,97.8653564453125,50740736
2026-02-03 23:15:00+00:00,97.89998626708984,98.00646209716797,97.54059600830078,97.83253479003906,43546112
2026-02-03 23:30:00+00:00,97.82743072509766,98.09183502197266,97.75338745117188,98.00489807128906,40227328
2026-02-03 23:45:00+00:00,97.97764587402344,97.97764587402344,97.52891540527344,97.56822967529297,53838336
2026-02-04 00:00:00+00:00,97.70941925048828,97.70941925048828,97.28570556640625,97.28570556640625,5935104
2026-02-04 00:15:00+00:00,97.25259399414062,97.95997619628906,97.25259399414062,97.94586944580078,34171904
2026-02-04 00:30:00+00:00,97.97726440429688,98.50786590576172,97.97726440429688,98.46964263916016,18806272
2026-02-04 00:45:00+00:00,98.47988891601562,98.53158569335938,98.08372497558594,98.08372497558594,8351232
2026-02-04 01:00:00+00:00,98.043212890625,99.15145111083984,97.97537231445312,99.14613342285156,38627840
2026-02-04 01:15:00+00:00,99.15971374511719,99.29804992675781,99.15971374511719,99.22767639160156,15451648
2026-02-04 01:30:00+00:00,99.22003173828125,99.45185852050781,99.22003173828125,99.33573150634766,26706432
2026-02-04 01:45:00+00:00,99.3226089477539,99.3226089477539,98.71136474609375,98.99073028564453,40368640
2026-02-04 02:00:00+00:00,98.98356628417969,98.98356628417969,98.81617736816406,98.81617736816406,1627648
2026-02-04 02:15:00+00:00,98.78858184814453,98.78858184814453,98.52310943603516,98.53446960449219,13464064
2026-02-04 02:30:00+00:00,98.51731872558594,98.51731872558594,97.7564697265625,97.76171112060547,2836992
2026-02-04 02:45:00+00:00,97.80809783935547,97.95162200927734,97.43162536621094,97.67916107177734,9153024
2026-02-04 03:00:00+00:00,97.68016052246094,99.0927734375,97.68016052246094,99.06340789794922,10471936
2026-02-04 03:15:00+00:00,99.05104064941406,99.05104064941406,98.71804809570312,98.71804809570312,10366464
2026-02-04 03:30:00+00:00,98.69709014892578,99.34257507324219,98.61066436767578,99.30211639404297,17873408
2026-02-04 03:45:00+00:00,99.2859878540039,99.2859878540039,98.98822784423828,99.02029418945312,6501888
2026-02-04 04:00:00+00:00,99.01512145996094,99.11334991455078,98.94898223876953,99.08695220947266,13421568
2026-02-04 04:15:00+00:00,99.05188751220703,99.05354309082031,98.73765563964844,98.74945068359375,0
2026-02-04 04:30:00+00:00,98.73958587646484,98.81920623779297,98.64653015136719,98.64653015136719,4146688
2026-02-04 04:45:00+00:00,98.63143157958984,98.63143157958984,98.06627655029297,98.06627655029297,5694976
2026-02-04 05:00:00+00:00,98.06253814697266,98.24803924560547,97.80884552001953,98.24803924560547,18028544
2026-02-04 05:15:00+00:00,98.22953033447266,98.27839660644531,97.98426818847656,98.03528594970703,3747840
2026-02-04 05:30:00+00:00,98.0364761352539,98.0364761352539,97.66885375976562,97.66885375976562,2917888
2026-02-04 05:45:00+00:00,97.66259002685547,97.66259002685547,96.85086822509766,96.85397338867188,68229120
2026-02-04 06:00:00+00:00,96.85807800292969,97.55479431152344,96.85807800292969,97.55479431152344,36936192
2026-02-04 06:15:00+00:00,97.54039001464844,97.5516357421875,97.25615692138672,97.34309387207031,6069760
2026-02-04 06:30:00+00:00,97.33232116699219,98.37699127197266,97.33232116699219,98.3623275756836,25484800
2026-02-04 06:45:00+00:00,98.34970092773438,98.45133972167969,98.24068450927734,98.24405670166016,36595712
2026-02-04 07:00:00+00:00,98.24308776855469,98.24308776855469,97.41791534423828,97.42683410644531,6249984
2026-02-04 07:15:00+00:00,97.42683410644531,97.74221801757812,97.42683410644531,97.68830871582031,20416512
2026-02-04 07:30:00+00:00,97.70521545410156,97.97948455810547,97.70521545410156,97.97948455810547,17708544
2026-02-04 07:45:00+00:00,97.98098754882812,98.00688171386719,97.77886199951172,97.77886199951172,17867776
2026-02-04 08:00:00+00:00,97.7895278930664,97.7895278930664,97.1939468383789,97.27383422851562,7886848
2026-02-04 08:15:00+00:00,97.282470703125,97.68341827392578,97.0322265625,97.04265594482422,4087296
2026-02-04 08:30:00+00:00,97.04136657714844,97.17398834228516,96.82962799072266,97.17398834228516,16942592
2026-02-04 08:45:00+00:00,97.19266510009766,97.54981994628906,97.19266510009766,97.46228790283203,17438208
2026-02-04 09:00:00+00:00,97.4903564453125,97.57318878173828,97.22637176513672,97.32218933105469,7385600
2026-02-04 09:15:00+00:00,97.29029846191406,97.29029846191406,96.85111236572266,96.86363220214844,0
2026-02-04 09:30:00+00:00,96.87462615966797,96.95696258544922,96.85910034179688,96.95696258544922,9204224
2026-02-04 09:45:00+00:00,96.94725036621094,97.16886901855469,96.88441467285156,97.06727600097656,9797120
2026-02-04 10:00:00+00:00,97.05587768554688,97.05964660644531,96.95260620117188,96.96063995361328,0
2026-02-04 10:15:00+00:00,96.93804168701172,96.96966552734375,96.89411926269531,96.93395233154297,4674048
2026-02-04 10:30:00+00:00,96.91450500488281,96.9918441772461,96.8681411743164,96.87430572509766,8967680
2026-02-04 10:45:00+00:00,96.87043762207031,96.92279815673828,96.81198120117188,96.92279815673828,14277120
2026-02-04 11:00:00+00:00,96.89063262939453,96.89063262939453,95.21429443359375,95.21429443359375,205782016
2026-02-04 11:15:00+00:00,95.24519348144531,96.175048828125,95.24519348144531,96.16411590576172,96583168
2026-02-04 11:30:00+00:00,96.16012573242188,96.42839050292969,96.10066986083984,96.17689514160156,39325184
2026-02-04 11:45:00+00:00,96.15557861328125,96.16011810302734,96.02387237548828,96.08080291748047,21404672
2026-02-04 12:00:00+00:00,96.03336334228516,96.07981872558594,95.92552947998047,95.93213653564453,0
2026-02-04 12:15:00+00:00,95.94525909423828,96.44751739501953,95.94525909423828,96.05789184570312,10976256
2026-02-04 12:30:00+00:00,96.06643676757812,96.15437316894531,95.9139175415039,96.14703369140625,15634432
2026-02-04 12:45:00+00:00,96.1460952758789,96.33609771728516,96.1460952758789,96.32820129394531,5793792
2026-02-04 13:00:00+00:00,96.33435821533203,96.33435821533203,96.06497955322266,96.0953598022461,744960
2026-02-04 13:15:00+00:00,96.17478942871094,96.17478942871094,95.59049224853516,95.63843536376953,6583808
2026-02-04 13:30:00+00:00,95.63984680175781,95.66819763183594,94.8078842163086,94.8078842163086,32681472
2026-02-04 13:45:00+00:00,94.75305938720703,94.85811614990234,94.44902038574219,94.44902038574219,92226048
2026-02-04 14:00:00+00:00,94.44660949707031,94.59417724609375,94.16411590576172,94.1768569946289,54587392
2026-02-04 14:15:00+00:00,94.16485595703125,94.28960418701172,94.08832550048828,94.12635040283203,42600448
2026-02-04 14:30:00+00:00,94.13411712646484,94.339599609375,93.42027282714844,94.280029296875,67373568
2026-02-04 14:45:00+00:00,94.21753692626953,94.464111328125,93.56137084960938,93.56137084960938,12974080
2026-02-04 15:00:00+00:00,93.48924255371094,93.48924255371094,92.76094818115234,93.4752197265625,103073792
2026-02-04 15:15:00+00:00,93.5011978149414,93.60102844238281,93.18720245361328,93.3125228881836,19427328
2026-02-04 15:30:00+00:00,93.34620666503906,93.34620666503906,92.10783386230469,92.5197525024414,74344960
2026-02-04 15:45:00+00:00,92.5621337890625,92.5915756225586,92.29745483398438,92.5915756225586,20086272
2026-02-04 16:00:00+00:00,92.59814453125,92.71519470214844,92.26409149169922,92.39441680908203,33906688
2026-02-04 16:15:00+00:00,92.32281494140625,92.37096405029297,91.86011505126953,92.3104476928711,64937984
2026-02-04 16:30:00+00:00,92.37564086914062,92.45336151123047,91.10382843017578,91.16907501220703,17229312
2026-02-04 16:45:00+00:00,91.08454132080078,91.86296844482422,91.0603256225586,91.86004638671875,32427008
2026-02-04 17:00:00+00:00,91.85098266601562,91.85098266601562,91.23651123046875,91.54471588134766,22256640
2026-02-04 17:15:00+00:00,91.6088638305664,92.12921142578125,90.706787109375,90.70964050292969,21789184
2026-02-04 17:30:00+00:00,90.69483947753906,90.85832977294922,90.3109130859375,90.71931457519531,94746624
2026-02-04 17:45:00+00:00,90.73909759521484,91.0630111694336,90.73909759521484,91.0630111694336,53592064
2026-02-04 18:00:00+00:00,91.04362487792969,91.20655059814453,90.64481353759766,90.88401794433594,16658944
2026-02-04 18:15:00+00:00,90.86934661865234,90.93151092529297,90.52154541015625,90.93151092529297,5376512
2026-02-04 18:30:00+00:00,91.17070007324219,92.69221496582031,91.17070007324219,92.69221496582031,79995392
2026-02-04 18:45:00+00:00,92.6685562133789,92.81057739257812,92.19681549072266,92.31053924560547,0
2026-02-04 19:00:00+00:00,92.26386260986328,93.59333801269531,92.24778747558594,93.54578399658203,22454272
2026-02-04 19:15:00+00:00,93.5843734741211,93.970703125,93.3197250366211,93.3197250366211,0
2026-02-04 19:30:00+00:00,93.31855773925781,93.81969451904297,93.23612976074219,93.81969451904297,0
2026-02-04 19:45:00+00:00,93.81808471679688,94.27317810058594,93.81808471679688,94.27317810058594,17040384
2026-02-04 20:00:00+00:00,94.24693298339844,94.24693298339844,93.48741149902344,93.48741149902344,4224000
2026-02-04 20:15:00+00:00,93.5003433227539,93.87333679199219,93.47978210449219,93.47978210449219,7805440
2026-02-04 20:30:00+00:00,93.44546508789062,93.44546508789062,93.07067108154297,93.1751937866211,0
2026-02-04 20:45:00+00:00,93.12474060058594,93.12474060058594,92.9555892944336,93.06885528564453,0
2026-02-04 21:00:00+00:00,93.07474517822266,93.07474517822266,92.38226318359375,92.50646209716797,5216768
2026-02-04 21:15:00+00:00,92.51026916503906,92.60226440429688,91.66410064697266,91.69866180419922,18267136
2026-02-04 21:30:00+00:00,91.7413101196289,92.15190124511719,91.7413101196289,91.99254608154297,22905856
2026-02-04 21:45:00+00:00,91.81449127197266,91.81449127197266,90.6643295288086,90.79240417480469,27557888
2026-02-04 22:00:00+00:00,90.83078002929688,91.10325622558594,89.66462707519531,89.79646301269531,62814720
2026-02-04 22:15:00+00:00,89.84846496582031,92.37257385253906,89.84846496582031,92.37257385253906,95601664
2026-02-04 22:30:00+00:00,92.46052551269531,92.46052551269531,91.85530853271484,91.85530853271484,33196544
2026-02-04 22:45:00+00:00,91.28130340576172,91.33998107910156,90.85426330566406,90.85426330566406,0
2026-02-04 23:00:00+00:00,90.85530853271484,90.85530853271484,90.35626220703125,90.54582214355469,0
2026-02-04 23:15:00+00:00,90.59069061279297,91.73763275146484,90.59069061279297,91.73763275146484,50778112
2026-02-04 23:30:00+00:00,91.73991394042969,92.4049301147461,91.73991394042969,92.4049301147461,24699904
2026-02-04 23:45:00+00:00,92.37422180175781,92.40000915527344,92.03550720214844,92.03550720214844,0
2026-02-05 00:00:00+00:00,91.95540618896484,92.0360107421875,91.90760040283203,91.94873046875,0
2026-02-05 00:15:00+00:00,91.82046508789062,92.29345703125,91.82046508789062,92.29345703125,16276480
2026-02-05 00:30:00+00:00,92.30732727050781,92.30732727050781,91.4569091796875,91.8407974243164,1592320
2026-02-05 00:45:00+00:00,91.82036590576172,91.83904266357422,91.66900634765625,91.66900634765625,77824
2026-02-05 01:00:00+00:00,91.66338348388672,92.26227569580078,91.57100677490234,92.26227569580078,14401536
2026-02-05 01:15:00+00:00,92.2515640258789,92.2515640258789,90.79096221923828,90.97055053710938,11011584
2026-02-05 01:30:00+00:00,91.63204956054688,92.36827850341797,91.63204956054688,91.844482421875,81121792
2026-02-05 01:45:00+00:00,91.86305236816406,91.96923065185547,91.6866683959961,91.7220458984375,4961280
2026-02-05 02:00:00+00:00,91.71807098388672,91.76123809814453,91.30050659179688,91.30050659179688,15421952
2026-02-05 02:15:00+00:00,91.28768157958984,91.41360473632812,90.9975357055664,91.35093688964844,48695296
2026-02-05 02:30:00+00:00,91.3688735961914,92.32662963867188,91.3688735961914,92.27111053466797,49333760
2026-02-05 02:45:00+00:00,92.2810287475586,92.2810287475586,91.08824920654297,91.1567153930664,20538880
2026-02-05 03:00:00+00:00,90.86430358886719,91.04824829101562,90.5556411743164,90.94259643554688,24175616
2026-02-05 03:15:00+00:00,90.9235610961914,91.14220428466797,90.38186645507812,90.93253326416016,43252224
2026-02-05 03:30:00+00:00,90.93864440917969,91.0208511352539,90.70531463623047,91.0208511352539,20452352
2026-02-05 03:45:00+00:00,90.97985076904297,90.97985076904297,90.78600311279297,90.9151382446289,11265024
2026-02-05 04:00:00+00:00,90.94176483154297,90.99401092529297,90.65052032470703,90.94078063964844,47621120
2026-02-05 04:15:00+00:00,90.761474609375,91.07902526855469,90.47216033935547,90.88794708251953,98246144
2026-02-05 04:30:00+00:00,90.89129638671875,91.28846740722656,90.71456146240234,91.28846740722656,57411072
2026-02-05 04:45:00+00:00,91.30997467041016,91.62232208251953,90.84366607666016,90.876708984375,31976448
2026-02-05 05:00:00+00:00,90.8881607055664,91.15157318115234,90.8846206665039,91.15157318115234,7745024
2026-02-05 05:15:00+00:00,91.20062255859375,91.31449127197266,90.0223159790039,90.03268432617188,55953920
2026-02-05 05:30:00+00:00,90.12564849853516,91.50212860107422,90.12055206298828,91.50212860107422,126404608
2026-02-05 05:45:00+00:00,91.59913635253906,91.59913635253906,91.02059936523438,91.02205657958984,55033856
2026-02-05 06:00:00+00:00,91.00313568115234,91.00313568115234,89.90988159179688,90.17517852783203,43057152
2026-02-05 06:15:00+00:00,90.17031860351562,90.21276092529297,89.7512435913086,89.75354766845703,25946624
2026-02-05 06:30:00+00:00,89.75615692138672,90.2021713256836,89.75615692138672,90.19409942626953,23693312
2026-02-05 06:45:00+00:00,90.17253875732422,90.17253875732422,89.84089660644531,90.02838897705078,12979200
2026-02-05 07:00:00+00:00,90.03057861328125,91.1120376586914,90.02936553955078,90.68196105957031,62354432
2026-02-05 07:15:00+00:00,90.66643524169922,91.25450897216797,90.6182632446289,91.25450897216797,24823808
2026-02-05 07:30:00+00:00,91.24786376953125,91.29975891113281,90.8525390625,90.86815643310547,580096
2026-02-05 07:45:00+00:00,90.91722106933594,91.01214599609375,90.57029724121094,90.57029724121094,1278976
2026-02-05 08:00:00+00:00,90.56513214111328,91.02397155761719,90.52273559570312,90.9878921508789,8582656
2026-02-05 08:15:00+00:00,90.98736572265625,91.40983581542969,90.88176727294922,91.40983581542969,25691648
2026-02-05 08:30:00+00:00,91.3801498413086,92.0287857055664,91.3801498413086,91.88204956054688,31561216
2026-02-05 08:45:00+00:00,91.87596893310547,91.87596893310547,91.68489837646484,91.75818634033203,7857664
2026-02-05 09:00:00+00:00,91.7282943725586,92.63177490234375,91.67272186279297,92.63177490234375,50516992
2026-02-05 09:15:00+00:00,92.63574981689453,92.89727020263672,92.59049987792969,92.59049987792969,7420416
2026-02-05 09:30:00+00:00,92.60453033447266,92.61416625976562,92.27191162109375,92.37104797363281,5686784
2026-02-05 09:45:00+00:00,92.32862854003906,92.4703140258789,92.22932434082031,92.3708267211914,5981696
2026-02-05 10:00:00+00:00,92.36438751220703,92.36438751220703,91.67762756347656,91.68063354492188,9931776
2026-02-05 10:15:00+00:00,91.72229766845703,92.3250503540039,91.72229766845703,92.2928695678711,17015808
2026-02-05 10:30:00+00:00,92.292724609375,92.292724609375,91.58124542236328,91.58124542236328,1618432
2026-02-05 10:45:00+00:00,91.57523345947266,91.57523345947266,90.09678649902344,90.122314453125,58786304
2026-02-05 11:00:00+00:00,90.14212799072266,90.49654388427734,90.14014434814453,90.25698852539062,0
2026-02-05 11:15:00+00:00,90.19703674316406,90.19703674316406,89.00898742675781,89.00898742675781,21044736
2026-02-05 11:30:00+00:00,88.99171447753906,90.40367889404297,88.91584777832031,90.33524322509766,94787584
2026-02-05 11:45:00+00:00,90.3287582397461,90.3287582397461,89.54170227050781,89.57211303710938,73960960
2026-02-05 12:00:00+00:00,89.61004638671875,90.33082580566406,89.61004638671875,89.90096282958984,27469824
2026-02-05 12:15:00+00:00,89.83793640136719,89.83793640136719,88.80216217041016,89.43148803710938,52444160
2026-02-05 12:30:00+00:00,89.40425109863281,89.56465911865234,89.18167114257812,89.3219985961914,69406720
2026-02-05 12:45:00+00:00,89.34986877441406,89.42888641357422,89.10700225830078,89.4142837524414,85282816
2026-02-05 13:00:00+00:00,89.39852905273438,89.5389633178711,89.25749206542969,89.48529052734375,31242752
2026-02-05 13:15:00+00:00,89.36392974853516,89.36392974853516,88.46150970458984,88.46150970458984,19136000
2026-02-05 13:30:00+00:00,88.44153594970703,88.75410461425781,88.25867462158203,88.25938415527344,36835328
2026-02-05 13:45:00+00:00,88.26500701904297,88.50422668457031,88.19092559814453,88.40386199951172,0
2026-02-05 14:00:00+00:00,88.42015075683594,89.25797271728516,88.42015075683594,89.22720336914062,8699904
2026-02-05 14:15:00+00:00,89.21927642822266,89.69134521484375,89.09320831298828,89.69134521484375,11410432
2026-02-05 14:30:00+00:00,89.708740234375,90.9082260131836,89.708740234375,90.43497467041016,26632192
2026-02-05 14:45:00+00:00,90.35501861572266,90.35501861572266,88.80255889892578,88.80255889892578,5779968
2026-02-05 15:00:00+00:00,88.79700469970703,88.79700469970703,86.54632568359375,86.5753173828125,18897920
2026-02-05 15:15:00+00:00,86.54438781738281,86.64051055908203,84.71440124511719,84.71440124511719,182100992
2026-02-05 15:30:00+00:00,84.4987564086914,85.51625061035156,83.9836196899414,85.4715805053711,223284736
2026-02-05 15:45:00+00:00,85.23261260986328,85.49955749511719,84.42893981933594,84.4616470336914,95507456
2026-02-05 16:00:00+00:00,84.44915771484375,84.55159759521484,84.08563232421875,84.08563232421875,57279488
2026-02-05 16:15:00+00:00,84.06485748291016,85.42406463623047,84.0546646118164,85.42406463623047,103724032
2026-02-05 16:30:00+00:00,85.37728118896484,85.57366943359375,84.72509765625,84.72509765625,35335168
2026-02-05 16:45:00+00:00,84.68000030517578,85.75213623046875,84.17535400390625,85.2393569946289,68916224
2026-02-05 17:00:00+00:00,85.29833221435547,85.3353500366211,83.7758560180664,83.85154724121094,9945088
2026-02-05 17:15:00+00:00,83.88346862792969,84.19071197509766,82.6511001586914,84.1440200805664,107079680
2026-02-05 17:30:00+00:00,84.15875244140625,84.15875244140625,83.2092514038086,83.50238037109375,14697472
2026-02-05 17:45:00+00:00,83.49503326416016,83.49503326416016,82.65870666503906,82.65870666503906,4474880
2026-02-05 18:00:00+00:00,82.64427185058594,82.8366470336914,82.6335220336914,82.75933074951172,0
2026-02-05 18:15:00+00:00,82.80084991455078,82.80084991455078,81.83882141113281,81.90126037597656,64686080
2026-02-05 18:30:00+00:00,81.94315338134766,81.94315338134766,81.38722229003906,81.40393829345703,1007616
2026-02-05 18:45:00+00:00,81.44172668457031,82.70780944824219,81.36226654052734,82.68824768066406,47775744
2026-02-05 19:00:00+00:00,82.77157592773438,82.77157592773438,82.2727279663086,82.57445526123047,0
2026-02-05 19:15:00+00:00,82.5481948852539,82.61235046386719,81.86135864257812,81.86559295654297,0
2026-02-05 19:30:00+00:00,81.88236236572266,82.43193817138672,81.87300109863281,81.87300109863281,21766144
2026-02-05 19:45:00+00:00,81.86820983886719,81.86820983886719,81.51378631591797,81.51378631591797,0
2026-02-05 20:00:00+00:00,81.52992248535156,81.7489242553711,81.37061309814453,81.52650451660156,20115456
2026-02-05 20:15:00+00:00,81.4627456665039,81.4627456665039,78.96422576904297,78.96422576904297,307692544
2026-02-05 20:30:00+00:00,78.80030822753906,79.3514404296875,78.2947006225586,79.3514404296875,278275072
2026-02-05 20:45:00+00:00,79.35084533691406,79.35084533691406,78.0549545288086,78.66158294677734,149652480
2026-02-05 21:00:00+00:00,78.6484375,80.39974212646484,78.6484375,79.64087677001953,199708672
2026-02-05 21:15:00+00:00,79.55472564697266,80.0561752319336,78.8016357421875,79.3218994140625,64671744
2026-02-05 21:30:00+00:00,79.54362487792969,80.16522216796875,79.43150329589844,79.60504913330078,117350400
2026-02-05 21:45:00+00:00,79.47272491455078,79.47272491455078,78.67304229736328,78.67304229736328,24394752
2026-02-05 22:00:00+00:00,78.99231719970703,79.33258056640625,78.76820373535156,79.28692626953125,23038976
2026-02-05 22:15:00+00:00,79.27545928955078,79.27545928955078,77.78353118896484,78.50337219238281,61086720
2026-02-05 22:30:00+00:00,78.58792114257812,79.87255859375,78.58792114257812,79.56983184814453,106852352
2026-02-05 22:45:00+00:00,79.62041473388672,80.0526123046875,79.61370086669922,79.89012145996094,48862208
2026-02-05 23:00:00+00:00,79.8436050415039,81.16429901123047,79.69529724121094,81.16429901123047,70350848
2026-02-05 23:15:00+00:00,80.98698425292969,80.98698425292969,79.56275939941406,79.61058044433594,3060736
2026-02-05 23:30:00+00:00,79.6638412475586,79.9404525756836,78.79960632324219,78.79960632324219,39043072
2026-02-05 23:45:00+00:00,78.78054809570312,78.78054809570312,78.21678924560547,78.21678924560547,45903872
2026-02-06 00:00:00+00:00,78.1999282836914,78.2977066040039,75.48970031738281,75.48970031738281,193402880
2026-02-06 00:15:00+00:00,74.86656188964844,74.86656188964844,69.14134979248047,71.21338653564453,968371200
2026-02-06 00:30:00+00:00,71.20155334472656,75.35906219482422,71.20155334472656,74.41339874267578,383464448
2026-02-06 00:45:00+00:00,74.516845703125,76.49374389648438,74.516845703125,75.55033111572266,339857408
2026-02-06 01:00:00+00:00,75.51258850097656,76.95233154296875,75.51258850097656,76.81427764892578,208813056
2026-02-06 01:15:00+00:00,76.79821014404297,77.19293975830078,76.57247161865234,77.14291381835938,103573504
2026-02-06 01:30:00+00:00,77.13159942626953,78.20999145507812,77.13159942626953,78.01848602294922,70113280
2026-02-06 01:45:00+00:00,78.02412414550781,79.39178466796875,78.02412414550781,79.3514633178711,153583616
2026-02-06 02:00:00+00:00,79.34746551513672,79.75023651123047,78.61927795410156,78.61927795410156,66053120
2026-02-06 02:15:00+00:00,78.59468078613281,78.59468078613281,77.05929565429688,77.31318664550781,81801216
2026-02-06 02:30:00+00:00,77.27568054199219,77.96842956542969,77.22233581542969,77.96842956542969,84365312
2026-02-06 02:45:00+00:00,77.9197006225586,77.9197006225586,76.54064178466797,76.5523681640625,15965184
2026-02-06 03:00:00+00:00,76.59822082519531,76.98109436035156,76.5821762084961,76.5821762084961,38691840
2026-02-06 03:15:00+00:00,76.57734680175781,76.74356842041016,76.3372802734375,76.43291473388672,19039232
2026-02-06 03:30:00+00:00,76.44828033447266,76.9190673828125,76.261962890625,76.261962890625,29668352
2026-02-06 03:45:00+00:00,76.24208068847656,76.47503662109375,75.91387939453125,76.42039489746094,46744576
2026-02-06 04:00:00+00:00,76.48238372802734,76.53428649902344,76.30892181396484,76.52447509765625,605184
2026-02-06 04:15:00+00:00,76.51426696777344,77.39781188964844,76.51426696777344,77.39781188964844,6720512
2026-02-06 04:30:00+00:00,77.38092041015625,77.51676177978516,76.93765258789062,76.98335266113281,1647616
2026-02-06 04:45:00+00:00,77.0613784790039,77.76350402832031,77.0613784790039,77.67546844482422,20411392
2026-02-06 05:00:00+00:00,77.67759704589844,78.63990783691406,77.66216278076172,78.63990783691406,47910912
2026-02-06 05:15:00+00:00,78.6740493774414,78.96454620361328,78.5669937133789,78.64595794677734,7350272
2026-02-06 05:30:00+00:00,78.68373107910156,79.79972076416016,78.68373107910156,79.77092742919922,11637760
2026-02-06 05:45:00+00:00,79.80809783935547,81.2600326538086,79.75685119628906,81.115234375,98827264
2026-02-06 06:00:00+00:00,81.0949478149414,81.364013671875,80.9666748046875,81.0139389038086,8208384
2026-02-06 06:15:00+00:00,80.95309448242188,80.95309448242188,80.11646270751953,80.1743392944336,16404480
2026-02-06 06:30:00+00:00,80.19404602050781,80.31571960449219,79.83653259277344,80.04082489013672,17231872
2026-02-06 06:45:00+00:00,79.917236328125,79.917236328125,79.5937728881836,79.5937728881836,19481600
2026-02-06 07:00:00+00:00,79.50894927978516,79.50894927978516,78.7390365600586,78.76504516601562,2709504
2026-02-06 07:15:00+00:00,78.87187194824219,79.23690795898438,78.87187194824219,79.18548583984375,33335296
2026-02-06 07:30:00+00:00,79.23311614990234,80.0997085571289,79.23311614990234,80.06853485107422,70587392
2026-02-06 07:45:00+00:00,79.98332977294922,79.986572265625,79.45512390136719,79.45512390136719,34521088
2026-02-06 08:00:00+00:00,79.46598815917969,79.9057388305664,79.24818420410156,79.87566375732422,47095808
2026-02-06 08:15:00+00:00,79.81755065917969,79.81755065917969,79.25127410888672,79.4509506225586,35494912
2026-02-06 08:30:00+00:00,79.3834228515625,79.3834228515625,78.9212875366211,78.94650268554688,10044416
2026-02-06 08:45:00+00:00,78.94031524658203,79.26969146728516,78.89643096923828,78.99860382080078,33494016
2026-02-06 09:00:00+00:00,78.99637603759766,79.11468505859375,78.98796081542969,79.08979797363281,428032
2026-02-06 09:15:00+00:00,79.14844512939453,79.94210815429688,79.14844512939453,79.94210815429688,41312256
2026-02-06 09:30:00+00:00,79.94046020507812,80.72676086425781,79.94046020507812,80.61693572998047,61243392
2026-02-06 09:45:00+00:00,80.84803771972656,81.48078155517578,80.7586441040039,81.34323120117188,45239296
2026-02-06 10:00:00+00:00,81.34173583984375,81.34173583984375,80.92030334472656,80.92108154296875,8273920
2026-02-06 10:15:00+00:00,80.9527816772461,81.56847381591797,80.9527816772461,81.4708023071289,63777792
2026-02-06 10:30:00+00:00,81.4767837524414,81.59222412109375,81.17584228515625,81.20146942138672,20959232
2026-02-06 10:45:00+00:00,81.2101821899414,81.25935363769531,80.82766723632812,80.8531265258789,1818624
2026-02-06 11:00:00+00:00,80.8426284790039,80.8426284790039,80.6255111694336,80.77616119384766,0
2026-02-06 11:15:00+00:00,80.81258392333984,81.06199645996094,80.81258392333984,80.94956970214844,5985280
2026-02-06 11:30:00+00:00,80.95933532714844,81.31346130371094,80.94733428955078,81.27490234375,0
2026-02-06 11:45:00+00:00,81.25845336914062,81.27818298339844,81.11395263671875,81.22555541992188,0
2026-02-06 12:00:00+00:00,81.21625518798828,81.21625518798828,80.9803695678711,81.00431823730469,0
2026-02-06 12:15:00+00:00,81.0561752319336,81.65950012207031,81.0561752319336,81.65950012207031,0
2026-02-06 12:30:00+00:00,81.63761901855469,81.63761901855469,81.30535125732422,81.47640991210938,0
2026-02-06 12:45:00+00:00,81.4415283203125,81.65379333496094,81.42122650146484,81.65377044677734,0
2026-02-06 13:00:00+00:00,81.69985961914062,82.29715728759766,81.69985961914062,82.29715728759766,43924480
2026-02-06 13:15:00+00:00,82.342529296875,83.11717987060547,82.342529296875,82.73307800292969,65244160
2026-02-06 13:30:00+00:00,82.78987121582031,83.48107147216797,82.54087829589844,83.44403076171875,80018432
2026-02-06 13:45:00+00:00,83.45049285888672,83.48773193359375,83.31697082519531,83.31697082519531,184445952
2026-02-06 14:00:00+00:00,83.30461883544922,83.30461883544922,82.47685241699219,82.53103637695312,0
2026-02-06 14:15:00+00:00,82.53966522216797,82.63511657714844,82.0781478881836,82.306640625,21490688
2026-02-06 14:30:00+00:00,82.3173828125,84.09552001953125,82.3173828125,83.80712890625,109159424
2026-02-06 14:45:00+00:00,84.39163208007812,84.67452239990234,83.91364288330078,83.97969818115234,86285312
2026-02-06 15:00:00+00:00,84.04169464111328,84.39427185058594,83.91162872314453,84.27550506591797,0
2026-02-06 15:15:00+00:00,84.1744155883789,84.1744155883789,83.67829895019531,83.88420104980469,0
2026-02-06 15:30:00+00:00,83.89564514160156,84.44344329833984,83.89564514160156,84.44344329833984,0
2026-02-06 15:45:00+00:00,84.40509796142578,84.8121337890625,84.36882019042969,84.4337387084961,0
2026-02-06 16:00:00+00:00,84.4427490234375,84.94097900390625,84.27110290527344,84.94097900390625,19010560
2026-02-06 16:15:00+00:00,84.91509246826172,86.00849151611328,84.91509246826172,86.00849151611328,7389184
2026-02-06 16:30:00+00:00,85.97415924072266,86.6496353149414,85.97415924072266,86.54446411132812,47510528
2026-02-06 16:45:00+00:00,86.63068389892578,87.10108184814453,86.49060821533203,86.49341583251953,22432768
2026-02-06 17:00:00+00:00,86.60710906982422,87.03201293945312,86.52869415283203,87.03201293945312,21353472
2026-02-06 17:15:00+00:00,86.99547576904297,87.69845581054688,86.8359146118164,87.69845581054688,19155968
2026-02-06 17:30:00+00:00,87.7411880493164,88.44293212890625,87.57726287841797,87.57726287841797,18049024
2026-02-06 17:45:00+00:00,87.51223754882812,87.51223754882812,86.65447235107422,86.90808868408203,28198912
2026-02-06 18:00:00+00:00,86.88706970214844,86.88706970214844,85.50764465332031,85.87992095947266,31894528
2026-02-06 18:15:00+00:00,85.88905334472656,85.91067504882812,85.55978393554688,85.55978393554688,251904
2026-02-06 18:30:00+00:00,85.6728744506836,86.59862518310547,85.66341400146484,86.58307647705078,23602176
2026-02-06 18:45:00+00:00,86.55421447753906,86.59217071533203,86.20053100585938,86.20053100585938,0
2026-02-06 19:00:00+00:00,86.2009048461914,86.35308837890625,85.99790954589844,85.99790954589844,0
2026-02-06 19:15:00+00:00,85.98705291748047,86.32166290283203,85.68949890136719,86.32166290283203,27279360
2026-02-06 19:30:00+00:00,86.33265686035156,86.6857681274414,86.27765655517578,86.6626968383789,29875200
2026-02-06 19:45:00+00:00,86.65615844726562,87.14653015136719,86.65615844726562,87.06073760986328,58520576
2026-02-06 20:00:00+00:00,87.06437683105469,87.06437683105469,86.82527923583984,86.83621215820312,0
2026-02-06 20:15:00+00:00,86.85560607910156,87.16909790039062,86.81382751464844,87.16909790039062,0
2026-02-06 20:30:00+00:00,87.16145324707031,87.68937683105469,87.116943359375,87.20244598388672,0
2026-02-06 20:45:00+00:00,87.24715423583984,87.37994384765625,86.95243072509766,86.95243072509766,0
2026-02-06 21:00:00+00:00,86.95619201660156,87.2278060913086,86.87234497070312,87.0333251953125,0
2026-02-06 21:15:00+00:00,87.0647201538086,87.9576644897461,87.0647201538086,87.9576644897461,5390336
2026-02-06 21:30:00+00:00,87.8464126586914,87.8464126586914,87.60607147216797,87.76644134521484,0
2026-02-06 21:45:00+00:00,87.76333618164062,88.01810455322266,87.76333618164062,88.01810455322266,0
2026-02-06 22:00:00+00:00,88.0078353881836,88.65318298339844,87.98307800292969,88.55554962158203,2790400
2026-02-06 22:15:00+00:00,88.47257232666016,88.77104949951172,88.38412475585938,88.77104949951172,0
2026-02-06 22:30:00+00:00,88.78275299072266,89.50640106201172,88.77873229980469,89.33344268798828,0
2026-02-06 22:45:00+00:00,89.2610855102539,89.47563171386719,89.17937469482422,89.25475311279297,5657600
2026-02-06 23:00:00+00:00,89.25643157958984,89.39464569091797,88.66523742675781,88.66523742675781,0
2026-02-06 23:15:00+00:00,88.61453247070312,88.61453247070312,87.60628509521484,87.70819091796875,3973120
2026-02-06 23:30:00+00:00,87.79270935058594,88.11770629882812,87.79270935058594,87.92987823486328,14667776
2026-02-06 23:45:00+00:00,87.88966369628906,87.88966369628906,87.46504974365234,87.46504974365234,0
2026-02-07 00:00:00+00:00,87.44882202148438,87.44882202148438,86.52063751220703,86.75821685791016,0
2026-02-07 00:15:00+00:00,86.76837158203125,86.91197967529297,86.57890319824219,86.57890319824219,0
2026-02-07 00:30:00+00:00,86.56465148925781,86.56465148925781,86.30661010742188,86.3544921875,0
2026-02-07 00:45:00+00:00,86.33316802978516,86.8365249633789,86.2808609008789,86.59381866455078,0
2026-02-07 01:00:00+00:00,86.59535217285156,86.59535217285156,86.14100646972656,86.14100646972656,0
2026-02-07 01:15:00+00:00,86.13203430175781,86.34178161621094,86.04226684570312,86.34178161621094,0
2026-02-07 01:30:00+00:00,86.34403991699219,86.8154067993164,86.33372497558594,86.76470184326172,0
2026-02-07 01:45:00+00:00,86.75729370117188,87.37908172607422,86.75729370117188,87.19942474365234,0
2026-02-07 02:00:00+00:00,87.21517181396484,87.21517181396484,86.97225952148438,87.11660766601562,0
2026-02-07 02:15:00+00:00,87.08203887939453,87.32762908935547,87.03094482421875,87.32659912109375,0
2026-02-07 02:30:00+00:00,87.31961822509766,87.34117126464844,87.2712631225586,87.2712631225586,0
2026-02-07 02:45:00+00:00,87.27212524414062,87.27212524414062,86.98585510253906,87.17073822021484,0
2026-02-07 03:00:00+00:00,87.25825500488281,88.06810760498047,87.25825500488281,88.06810760498047,0
2026-02-07 03:15:00+00:00,88.03650665283203,88.20111083984375,87.91625213623047,88.17407989501953,0
2026-02-07 03:30:00+00:00,88.1780014038086,88.1780014038086,87.99211120605469,87.99211120605469,0
2026-02-07 03:45:00+00:00,88.04723358154297,88.09254455566406,87.95257568359375,87.97015380859375,0
2026-02-07 04:00:00+00:00,87.99635314941406,88.46585845947266,87.99635314941406,88.46585845947266,8720896
2026-02-07 04:15:00+00:00,88.50865936279297,88.85595703125,88.4020004272461,88.4020004272461,1423360
2026-02-07 04:30:00+00:00,88.3923110961914,88.53087615966797,87.78288269042969,87.78288269042969,0
2026-02-07 04:45:00+00:00,87.74126434326172,87.74126434326172,87.46412658691406,87.52306365966797,0
2026-02-07 05:00:00+00:00,87.56416320800781,88.18350219726562,87.56416320800781,88.16736602783203,0
2026-02-07 05:15:00+00:00,88.16201782226562,88.4485092163086,88.16201782226562,88.30609893798828,0
2026-02-07 05:30:00+00:00,88.2454833984375,88.2454833984375,87.92951965332031,88.0012435913086,0
2026-02-07 05:45:00+00:00,87.99404907226562,88.00060272216797,87.63347625732422,87.66487121582031,0
2026-02-07 06:00:00+00:00,87.68647003173828,88.00868225097656,87.68647003173828,87.91014099121094,0
2026-02-07 06:15:00+00:00,87.90860748291016,87.90860748291016,87.70072174072266,87.8382568359375,0
2026-02-07 06:30:00+00:00,87.82644653320312,87.89344787597656,87.80464935302734,87.86751556396484,0
2026-02-07 06:45:00+00:00,87.80374145507812,87.80374145507812,86.76964569091797,86.76964569091797,0
2026-02-07 07:00:00+00:00,86.51527404785156,86.52755737304688,85.4853286743164,85.4853286743164,15955456
2026-02-07 07:15:00+00:00,85.39508056640625,85.39508056640625,84.39466094970703,85.12773895263672,103955456
2026-02-07 07:30:00+00:00,85.14664459228516,86.06900787353516,84.91726684570312,86.0352783203125,52494848
2026-02-07 07:45:00+00:00,85.99703216552734,85.99703216552734,85.35140228271484,85.35140228271484,768000
2026-02-07 08:00:00+00:00,85.33883666992188,85.41621398925781,85.14800262451172,85.15486907958984,8613376
2026-02-07 08:15:00+00:00,85.14826965332031,85.17418670654297,84.88343048095703,85.12416076660156,2901504
2026-02-07 08:30:00+00:00,85.08399963378906,85.13965606689453,85.00659942626953,85.13965606689453,1796096
2026-02-07 08:45:00+00:00,85.1479263305664,85.5837173461914,85.1479263305664,85.43256378173828,2161664
2026-02-07 09:00:00+00:00,85.36949920654297,85.50171661376953,85.3662109375,85.50171661376953,4566016
2026-02-07 09:15:00+00:00,85.50131225585938,85.57740020751953,85.42254638671875,85.44112396240234,0
2026-02-07 09:30:00+00:00,85.4307861328125,85.4307861328125,84.94326782226562,84.94326782226562,0
2026-02-07 09:45:00+00:00,84.9330062866211,85.14775848388672,84.90725708007812,85.13799285888672,629248
2026-02-07 10:00:00+00:00,85.13569641113281,85.23347473144531,85.1277847290039,85.14122009277344,429568
2026-02-07 10:15:00+00:00,85.11658477783203,85.26698303222656,85.03135681152344,85.26698303222656,1145344
2026-02-07 10:30:00+00:00,85.21072387695312,85.21072387695312,84.74092864990234,84.79080963134766,1445888
2026-02-07 10:45:00+00:00,84.80084228515625,84.83129119873047,84.71149444580078,84.7857894897461,0
