Datetime,open,high,low,close,volume
2025-12-10 00:00:00+00:00,2.108492851257324,2.108875036239624,2.107853889465332,2.10803484916687,2108416
2025-12-10 00:15:00+00:00,2.107771158218384,2.107771158218384,2.0994062423706055,2.0994062423706055,11041536
2025-12-10 00:30:00+00:00,2.099976062774658,2.1019344329833984,2.0979726314544678,2.0979726314544678,5891328
2025-12-10 00:45:00+00:00,2.097979784011841,2.097979784011841,2.0931148529052734,2.0931148529052734,13612288
2025-12-10 01:00:00+00:00,2.092663526535034,2.0932681560516357,2.0913174152374268,2.0920557975769043,1082112
2025-12-10 01:15:00+00:00,2.092148780822754,2.0937814712524414,2.0914559364318848,2.0928404331207275,7483904
2025-12-10 01:30:00+00:00,2.0929012298583984,2.092939615249634,2.088723659515381,2.0888454914093018,1200128
2025-12-10 01:45:00+00:00,2.0889689922332764,2.091256618499756,2.0889503955841064,2.0909583568573,929280
2025-12-10 02:00:00+00:00,2.0893869400024414,2.0894105434417725,2.085848331451416,2.086968183517456,113664
2025-12-10 02:15:00+00:00,2.0869383811950684,2.09088397026062,2.0867230892181396,2.09088397026062,7547392
2025-12-10 02:30:00+00:00,2.091140031814575,2.09177827835083,2.089160442352295,2.089160442352295,6530816
2025-12-10 02:45:00+00:00,2.089442491531372,2.089442491531372,2.086658239364624,2.086658239364624,4097536
2025-12-10 03:00:00+00:00,2.0875983238220215,2.0875983238220215,2.0859756469726562,2.0868172645568848,2463744
2025-12-10 03:15:00+00:00,2.086801052093506,2.086801052093506,2.0843923091888428,2.084411382675171,1646848
2025-12-10 03:30:00+00:00,2.084360122680664,2.084360122680664,2.083310127258301,2.084351062774658,3240448
2025-12-10 03:45:00+00:00,2.084397792816162,2.0848100185394287,2.084397792816162,2.084437608718872,8869632
2025-12-10 04:00:00+00:00,2.083432912826538,2.0860331058502197,2.0825605392456055,2.0860331058502197,13125376
2025-12-10 04:15:00+00:00,2.086137294769287,2.0898354053497314,2.086137294769287,2.0872297286987305,14396672
2025-12-10 04:30:00+00:00,2.0872464179992676,2.09210467338562,2.087207078933716,2.0920615196228027,548864
2025-12-10 04:45:00+00:00,2.092188596725464,2.0939767360687256,2.092188596725464,2.0922200679779053,4550656
2025-12-10 05:00:00+00:00,2.0920910835266113,2.0920910835266113,2.0893359184265137,2.0893359184265137,2475776
2025-12-10 05:15:00+00:00,2.089653491973877,2.091656446456909,2.0894808769226074,2.0894808769226074,5631488
2025-12-10 05:30:00+00:00,2.0886926651000977,2.0886926651000977,2.085952043533325,2.086430788040161,2425600
2025-12-10 05:45:00+00:00,2.0864145755767822,2.0879147052764893,2.0864145755767822,2.0879147052764893,1772288
2025-12-10 06:00:00+00:00,2.088569164276123,2.088569164276123,2.086113691329956,2.087778091430664,7592192
2025-12-10 06:15:00+00:00,2.087796449661255,2.0881094932556152,2.0870885848999023,2.088087320327759,3974912
2025-12-10 06:30:00+00:00,2.088103771209717,2.0891499519348145,2.0871739387512207,2.0871739387512207,600832
2025-12-10 06:45:00+00:00,2.0874125957489014,2.0883960723876953,2.0855894088745117,2.08674955368042,1471232
2025-12-10 07:00:00+00:00,2.0861752033233643,2.0861752033233643,2.082737684249878,2.0828301906585693,2360064
2025-12-10 07:15:00+00:00,2.0828068256378174,2.0828068256378174,2.079526901245117,2.080434560775757,17491968
2025-12-10 07:30:00+00:00,2.080425500869751,2.080918073654175,2.0792410373687744,2.080918073654175,8330240
2025-12-10 07:45:00+00:00,2.0814812183380127,2.084087610244751,2.0814812183380127,2.0835678577423096,10281216
2025-12-10 08:00:00+00:00,2.0836079120635986,2.0845394134521484,2.0836079120635986,2.083906888961792,1685248
2025-12-10 08:15:00+00:00,2.0838735103607178,2.0838735103607178,2.0823001861572266,2.0823466777801514,0
2025-12-10 08:30:00+00:00,2.082326650619507,2.0824060440063477,2.0803685188293457,2.0803685188293457,13937920
2025-12-10 08:45:00+00:00,2.0801644325256348,2.0804636478424072,2.079101324081421,2.079101324081421,5317120
2025-12-10 09:00:00+00:00,2.079073667526245,2.079073667526245,2.0750885009765625,2.0750885009765625,19987968
2025-12-10 09:15:00+00:00,2.0750391483306885,2.0750391483306885,2.073349952697754,2.074150800704956,15589120
2025-12-10 09:30:00+00:00,2.074223041534424,2.0786566734313965,2.074223041534424,2.0786566734313965,12162560
2025-12-10 09:45:00+00:00,2.078716516494751,2.087451219558716,2.078716516494751,2.087451219558716,26589184
2025-12-10 10:00:00+00:00,2.0875232219696045,2.0941529273986816,2.0873053073883057,2.0873053073883057,53259520
2025-12-10 10:15:00+00:00,2.087174415588379,2.08721923828125,2.075653314590454,2.075653314590454,27191040
2025-12-10 10:30:00+00:00,2.0755386352539062,2.0755386352539062,2.070626974105835,2.070626974105835,30868480
2025-12-10 10:45:00+00:00,2.0709738731384277,2.0729141235351562,2.0709738731384277,2.0728187561035156,20300800
2025-12-10 11:00:00+00:00,2.0721933841705322,2.074052095413208,2.070984125137329,2.073878526687622,14787840
2025-12-10 11:15:00+00:00,2.0735671520233154,2.0735671520233154,2.070518732070923,2.070570230484009,6382592
2025-12-10 11:30:00+00:00,2.0705201625823975,2.0705201625823975,2.066930055618286,2.066930055618286,19239680
2025-12-10 11:45:00+00:00,2.067382335662842,2.071437120437622,2.067382335662842,2.071437120437622,18940672
2025-12-10 12:00:00+00:00,2.071516752243042,2.071977138519287,2.067336320877075,2.067336320877075,6412032
2025-12-10 12:15:00+00:00,2.067326784133911,2.067326784133911,2.064206600189209,2.064206600189209,4001536
2025-12-10 12:30:00+00:00,2.064209461212158,2.0657520294189453,2.0619354248046875,2.0623810291290283,5412352
2025-12-10 12:45:00+00:00,2.0625436305999756,2.06376051902771,2.060879945755005,2.063396453857422,14920704
2025-12-10 13:00:00+00:00,2.063401460647583,2.065162420272827,2.0623631477355957,2.0623631477355957,3869184
2025-12-10 13:15:00+00:00,2.0624847412109375,2.06587553024292,2.0624847412109375,2.06587553024292,15501056
2025-12-10 13:30:00+00:00,2.0657482147216797,2.0663914680480957,2.0641279220581055,2.0643410682678223,5885440
2025-12-10 13:45:00+00:00,2.0645673274993896,2.0663986206054688,2.0645673274993896,2.064793348312378,8037632
2025-12-10 14:00:00+00:00,2.0649495124816895,2.0649495124816895,2.063748836517334,2.0637495517730713,1919488
2025-12-10 14:15:00+00:00,2.063613176345825,2.063613176345825,2.0614676475524902,2.0614676475524902,4239616
2025-12-10 14:30:00+00:00,2.061743974685669,2.064167022705078,2.06137752532959,2.064167022705078,6746624
2025-12-10 14:45:00+00:00,2.0636723041534424,2.0636723041534424,2.0614876747131348,2.0624756813049316,9857536
2025-12-10 15:00:00+00:00,2.0626790523529053,2.0712568759918213,2.0626790523529053,2.0712568759918213,0
2025-12-10 15:15:00+00:00,2.0713605880737305,2.0716378688812256,2.068345069885254,2.0687904357910156,0
2025-12-10 15:30:00+00:00,2.068758249282837,2.070256471633911,2.064577579498291,2.065643787384033,0
2025-12-10 15:45:00+00:00,2.066380500793457,2.066380500793457,2.0618958473205566,2.061978578567505,0
2025-12-10 16:00:00+00:00,2.0619778633117676,2.0639896392822266,2.0598390102386475,2.0639896392822266,0
2025-12-10 16:15:00+00:00,2.0639827251434326,2.072270393371582,2.0639827251434326,2.0716521739959717,0
2025-12-10 16:30:00+00:00,2.071838140487671,2.071838140487671,2.066688060760498,2.0667965412139893,0
2025-12-10 16:45:00+00:00,2.0677218437194824,2.072967290878296,2.0677218437194824,2.069154739379883,0
2025-12-10 17:00:00+00:00,2.06890869140625,2.06890869140625,2.0650062561035156,2.065505027770996,0
2025-12-10 17:15:00+00:00,2.065845489501953,2.073800802230835,2.065845489501953,2.0735225677490234,0
2025-12-10 17:30:00+00:00,2.0732617378234863,2.0732617378234863,2.0678625106811523,2.0678625106811523,0
2025-12-10 17:45:00+00:00,2.0679192543029785,2.0679192543029785,2.0620720386505127,2.0622317790985107,0
2025-12-10 18:00:00+00:00,2.06231951713562,2.06404972076416,2.060992479324341,2.06404972076416,0
2025-12-10 18:15:00+00:00,2.0640549659729004,2.0650627613067627,2.060497283935547,2.061210870742798,0
2025-12-10 18:30:00+00:00,2.062462568283081,2.081247568130493,2.062462568283081,2.0702128410339355,33684480
2025-12-10 18:45:00+00:00,2.0702521800994873,2.0738027095794678,2.0670008659362793,2.0670008659362793,11649536
2025-12-10 19:00:00+00:00,2.067124366760254,2.0731751918792725,2.055344581604004,2.0728094577789307,178618112
2025-12-10 19:15:00+00:00,2.0728931427001953,2.074538230895996,2.062391757965088,2.062391757965088,21395456
2025-12-10 19:30:00+00:00,2.062556505203247,2.0739760398864746,2.0623700618743896,2.0628292560577393,76907520
2025-12-10 19:45:00+00:00,2.0626132488250732,2.0698297023773193,2.0626132488250732,2.0698297023773193,33524224
2025-12-10 20:00:00+00:00,2.0694663524627686,2.0858089923858643,2.065037965774536,2.0853612422943115,35940608
2025-12-10 20:15:00+00:00,2.0870559215545654,2.107454538345337,2.0826356410980225,2.089142084121704,107239424
2025-12-10 20:30:00+00:00,2.0893592834472656,2.0914082527160645,2.0888893604278564,2.091114044189453,3553536
2025-12-10 20:45:00+00:00,2.090794563293457,2.090794563293457,2.0644309520721436,2.064941883087158,38062592
2025-12-10 21:00:00+00:00,2.0651299953460693,2.0671939849853516,2.0511364936828613,2.054807424545288,43360000
2025-12-10 21:15:00+00:00,2.0549848079681396,2.0633933544158936,2.0549848079681396,2.0620291233062744,24698624
2025-12-10 21:30:00+00:00,2.061750888824463,2.061750888824463,2.0531582832336426,2.054262638092041,14513408
2025-12-10 21:45:00+00:00,2.0545804500579834,2.055055618286133,2.053152322769165,2.0535426139831543,0
2025-12-10 22:00:00+00:00,2.0518558025360107,2.054378032684326,2.048908233642578,2.0506818294525146,7517440
2025-12-10 22:15:00+00:00,2.0505290031433105,2.052079916000366,2.04168701171875,2.0498664379119873,31668992
2025-12-10 22:30:00+00:00,2.0482192039489746,2.0536890029907227,2.0465805530548096,2.053626537322998,11444224
2025-12-10 22:45:00+00:00,2.0536959171295166,2.0557522773742676,2.0534725189208984,2.05527925491333,2836224
2025-12-10 23:00:00+00:00,2.055391550064087,2.055391550064087,2.0519187450408936,2.053189754486084,714240
2025-12-10 23:15:00+00:00,2.052438974380493,2.052438974380493,2.049363136291504,2.049363136291504,706048
2025-12-10 23:30:00+00:00,2.0484073162078857,2.0491445064544678,2.046328544616699,2.0490610599517822,2641408
2025-12-10 23:45:00+00:00,2.0490498542785645,2.0490498542785645,2.0439352989196777,2.0439352989196777,7243264
2025-12-11 00:00:00+00:00,2.0433685779571533,2.04641056060791,2.042522430419922,2.045250177383423,2968320
2025-12-11 00:15:00+00:00,2.0452053546905518,2.045680284500122,2.0439465045928955,2.044370174407959,0
2025-12-11 00:30:00+00:00,2.043872117996216,2.043872117996216,2.0297675132751465,2.0297675132751465,27496192
2025-12-11 00:45:00+00:00,2.0300681591033936,2.0315825939178467,2.0258798599243164,2.0291366577148438,56823040
2025-12-11 01:00:00+00:00,2.0289194583892822,2.0289700031280518,2.0231544971466064,2.0231544971466064,15302912
2025-12-11 01:15:00+00:00,2.023137331008911,2.023137331008911,2.01621150970459,2.0215795040130615,53858304
2025-12-11 01:30:00+00:00,2.021522045135498,2.0244665145874023,2.021522045135498,2.0225491523742676,14047744
2025-12-11 01:45:00+00:00,2.022383451461792,2.022383451461792,2.0157854557037354,2.0157854557037354,11356160
2025-12-11 02:00:00+00:00,2.0155861377716064,2.0155861377716064,2.0071115493774414,2.0071115493774414,34001920
2025-12-11 02:15:00+00:00,2.0071303844451904,2.008635997772217,2.0042502880096436,2.00801944732666,38123520
2025-12-11 02:30:00+00:00,2.007984161376953,2.009061813354492,2.0053577423095703,2.009061813354492,24484352
2025-12-11 02:45:00+00:00,2.0088953971862793,2.0088953971862793,2.00578236579895,2.00578236579895,18356480
2025-12-11 03:00:00+00:00,2.005788564682007,2.005854606628418,1.99634850025177,1.9965242147445679,48545024
2025-12-11 03:15:00+00:00,1.9967938661575317,2.0048959255218506,1.9967938661575317,2.001655340194702,32689408
2025-12-11 03:30:00+00:00,1.999489665031433,2.002164363861084,1.9980430603027344,2.002164363861084,15637504
2025-12-11 03:45:00+00:00,2.0020647048950195,2.0027542114257812,2.0015783309936523,2.001694679260254,1008640
2025-12-11 04:00:00+00:00,1.9996511936187744,2.0029172897338867,1.9991861581802368,2.0029072761535645,11093248
2025-12-11 04:15:00+00:00,2.0036094188690186,2.003892421722412,2.001370668411255,2.0037450790405273,4039936
2025-12-11 04:30:00+00:00,2.003929853439331,2.009035348892212,2.0038697719573975,2.009035348892212,8489984
2025-12-11 04:45:00+00:00,2.009030818939209,2.0190744400024414,2.009030818939209,2.0190744400024414,26054656
2025-12-11 05:00:00+00:00,2.01861310005188,2.01861310005188,2.009582757949829,2.009582757949829,837376
2025-12-11 05:15:00+00:00,2.0092790126800537,2.0132663249969482,2.0087223052978516,2.0116119384765625,653056
2025-12-11 05:30:00+00:00,2.011683702468872,2.0120584964752197,2.010990858078003,2.011254072189331,1847296
2025-12-11 05:45:00+00:00,2.011279821395874,2.0156807899475098,2.011279821395874,2.0156807899475098,8133120
2025-12-11 06:00:00+00:00,2.0156571865081787,2.0156571865081787,2.013371706008911,2.013371706008911,0
2025-12-11 06:15:00+00:00,2.013561964035034,2.0144710540771484,2.0097579956054688,2.0097579956054688,7583744
2025-12-11 06:30:00+00:00,2.0095932483673096,2.0130693912506104,2.0095415115356445,2.0114097595214844,16784640
2025-12-11 06:45:00+00:00,2.0113043785095215,2.013216257095337,2.0111777782440186,2.013216257095337,2580224
2025-12-11 07:00:00+00:00,2.013679265975952,2.014002799987793,2.0135579109191895,2.0138235092163086,0
2025-12-11 07:15:00+00:00,2.01377534866333,2.01377534866333,2.0105929374694824,2.0105929374694824,0
2025-12-11 07:30:00+00:00,2.010646104812622,2.0122883319854736,2.009890079498291,2.009890079498291,0
2025-12-11 07:45:00+00:00,2.0095055103302,2.0095055103302,2.0074853897094727,2.0074965953826904,2381312
2025-12-11 08:00:00+00:00,2.007115125656128,2.0073628425598145,2.0043585300445557,2.0046753883361816,3334400
2025-12-11 08:15:00+00:00,2.0046226978302,2.0063815116882324,2.003566026687622,2.0063815116882324,3406080
2025-12-11 08:30:00+00:00,2.005854845046997,2.005854845046997,2.0032525062561035,2.004420042037964,455680
2025-12-11 08:45:00+00:00,2.0044736862182617,2.0116348266601562,2.0044736862182617,2.0109658241271973,10151168
2025-12-11 09:00:00+00:00,2.0112850666046143,2.0123493671417236,2.0104241371154785,2.010741710662842,3118592
2025-12-11 09:15:00+00:00,2.010741710662842,2.0155322551727295,2.0107250213623047,2.0155322551727295,0
2025-12-11 09:30:00+00:00,2.0167953968048096,2.0178728103637695,2.0161423683166504,2.0162787437438965,4585472
2025-12-11 09:45:00+00:00,2.016066312789917,2.0165040493011475,2.013547420501709,2.013547420501709,836096
2025-12-11 10:00:00+00:00,2.0136969089508057,2.0156543254852295,2.0136969089508057,2.014672040939331,0
2025-12-11 10:15:00+00:00,2.014935255050659,2.0156145095825195,2.012606620788574,2.013272523880005,0
2025-12-11 10:30:00+00:00,2.012880563735962,2.012880563735962,2.0107412338256836,2.0110702514648438,0
2025-12-11 10:45:00+00:00,2.011227607727051,2.015388011932373,2.0111420154571533,2.015388011932373,0
2025-12-11 11:00:00+00:00,2.015665292739868,2.017169237136841,2.015660047531128,2.017085552215576,0
2025-12-11 11:15:00+00:00,2.017014741897583,2.018202543258667,2.015676975250244,2.018202543258667,3023616
2025-12-11 11:30:00+00:00,2.0178005695343018,2.0178873538970947,2.017261028289795,2.017324209213257,0
2025-12-11 11:45:00+00:00,2.0173254013061523,2.0173254013061523,2.010263442993164,2.010263442993164,0
2025-12-11 12:00:00+00:00,2.0101120471954346,2.0101120471954346,2.006706476211548,2.006706476211548,381184
2025-12-11 12:15:00+00:00,2.006711006164551,2.0092999935150146,2.0065011978149414,2.0092403888702393,1081600
2025-12-11 12:30:00+00:00,2.0095293521881104,2.0113697052001953,2.008828639984131,2.0113697052001953,12039680
2025-12-11 12:45:00+00:00,2.0116679668426514,2.0130774974823,2.008936643600464,2.008936643600464,0
2025-12-11 13:00:00+00:00,2.008880853652954,2.0095019340515137,2.007822275161743,2.0078811645507812,0
2025-12-11 13:15:00+00:00,2.0079007148742676,2.0125856399536133,2.007042646408081,2.0125856399536133,4213760
2025-12-11 13:30:00+00:00,2.0134687423706055,2.013957977294922,2.011599540710449,2.0137033462524414,0
2025-12-11 13:45:00+00:00,2.013594388961792,2.013594388961792,2.0099105834960938,2.0100157260894775,0
2025-12-11 14:00:00+00:00,2.009953737258911,2.010078191757202,2.0090994834899902,2.0095956325531006,1217536
2025-12-11 14:15:00+00:00,2.0095982551574707,2.0096940994262695,2.0046777725219727,2.0047168731689453,7282944
2025-12-11 14:30:00+00:00,2.0037481784820557,2.0061471462249756,2.0031180381774902,2.0054211616516113,32600320
2025-12-11 14:45:00+00:00,2.00451397895813,2.00451397895813,1.9866033792495728,1.9887892007827759,103869440
2025-12-11 15:00:00+00:00,1.990140676498413,2.0002281665802,1.990140676498413,1.999592661857605,31618560
2025-12-11 15:15:00+00:00,1.9994019269943237,2.0037989616394043,1.9974313974380493,2.0037686824798584,35063808
2025-12-11 15:30:00+00:00,2.000633716583252,2.0010104179382324,1.9961249828338623,1.996679663658142,16352000
2025-12-11 15:45:00+00:00,1.9966120719909668,1.9967811107635498,1.9935240745544434,1.9964672327041626,3095552
2025-12-11 16:00:00+00:00,1.9969605207443237,1.9974322319030762,1.9880889654159546,1.9880889654159546,6988288
2025-12-11 16:15:00+00:00,1.9882574081420898,1.9909549951553345,1.9882574081420898,1.9906224012374878,5406208
2025-12-11 16:30:00+00:00,1.9909931421279907,1.9982277154922485,1.9892281293869019,1.9982277154922485,6953216
2025-12-11 16:45:00+00:00,1.9982213973999023,2.0012943744659424,1.9912093877792358,1.9912093877792358,7987712
2025-12-11 17:00:00+00:00,1.9916207790374756,1.9916207790374756,1.98723566532135,1.9875625371932983,8076032
2025-12-11 17:15:00+00:00,1.9878270626068115,1.99595046043396,1.9877886772155762,1.9958785772323608,2868736
2025-12-11 17:30:00+00:00,1.995134711265564,1.99563729763031,1.992875337600708,1.994323492050171,3973120
2025-12-11 17:45:00+00:00,1.9939113855361938,1.9951952695846558,1.9932775497436523,1.9951952695846558,8636416
2025-12-11 18:00:00+00:00,1.9953149557113647,2.002443552017212,1.9946293830871582,2.002298355102539,10507776
2025-12-11 18:15:00+00:00,2.0020751953125,2.00518536567688,2.0020751953125,2.0030667781829834,5655552
2025-12-11 18:30:00+00:00,2.002927303314209,2.007859230041504,2.0020854473114014,2.007859230041504,0
2025-12-11 18:45:00+00:00,2.0100977420806885,2.0173633098602295,2.0076417922973633,2.0076417922973633,36435456
2025-12-11 19:00:00+00:00,2.0088417530059814,2.0114328861236572,2.0052177906036377,2.0065455436706543,0
2025-12-11 19:15:00+00:00,2.008730173110962,2.015984058380127,2.008730173110962,2.01593279838562,702208
2025-12-11 19:30:00+00:00,2.0161614418029785,2.023911714553833,2.0161614418029785,2.0228142738342285,0
2025-12-11 19:45:00+00:00,2.0233328342437744,2.0241711139678955,2.0156586170196533,2.0156586170196533,0
2025-12-11 20:00:00+00:00,2.0159225463867188,2.019578695297241,2.0125527381896973,2.019578695297241,0
2025-12-11 20:15:00+00:00,2.019918203353882,2.0204663276672363,2.0140326023101807,2.0142998695373535,0
2025-12-11 20:30:00+00:00,2.0150558948516846,2.0240318775177,2.0150558948516846,2.023977518081665,0
2025-12-11 20:45:00+00:00,2.02396559715271,2.0262506008148193,2.0226285457611084,2.0262506008148193,0
2025-12-11 21:00:00+00:00,2.026179790496826,2.0382237434387207,2.0260486602783203,2.037886619567871,0
2025-12-11 21:15:00+00:00,2.0374510288238525,2.047252655029297,2.0374510288238525,2.041764974594116,26979072
2025-12-11 21:30:00+00:00,2.041964054107666,2.052788019180298,2.041964054107666,2.0495710372924805,29948672
2025-12-11 21:45:00+00:00,2.0505499839782715,2.05245304107666,2.045449733734131,2.045449733734131,17974784
2025-12-11 22:00:00+00:00,2.045473575592041,2.0459506511688232,2.0436275005340576,2.0436275005340576,0
2025-12-11 22:15:00+00:00,2.0438232421875,2.0439348220825195,2.032773733139038,2.033053398132324,0
2025-12-11 22:30:00+00:00,2.032867908477783,2.0382297039031982,2.032867908477783,2.0338990688323975,403968
2025-12-11 22:45:00+00:00,2.034034490585327,2.0340373516082764,2.031623125076294,2.033421754837036,1016832
2025-12-11 23:00:00+00:00,2.033487319946289,2.035552501678467,2.033487319946289,2.0354673862457275,2186752
2025-12-11 23:15:00+00:00,2.0350847244262695,2.035423517227173,2.0344197750091553,2.0348777770996094,1060864
2025-12-11 23:30:00+00:00,2.0343823432922363,2.0400116443634033,2.0343823432922363,2.0400116443634033,1046016
2025-12-11 23:45:00+00:00,2.0400261878967285,2.040245294570923,2.0355420112609863,2.0355420112609863,0
2025-12-12 00:00:00+00:00,2.0354299545288086,2.0354299545288086,2.029517889022827,2.029517889022827,0
2025-12-12 00:15:00+00:00,2.0295464992523193,2.037581443786621,2.0295464992523193,2.0334632396698,2823424
2025-12-12 00:30:00+00:00,2.0334668159484863,2.0346248149871826,2.033156633377075,2.034311294555664,0
2025-12-12 00:45:00+00:00,2.0340816974639893,2.0340816974639893,2.026872158050537,2.026872158050537,0
2025-12-12 01:00:00+00:00,2.025876522064209,2.0268146991729736,2.0218145847320557,2.0238940715789795,2011136
2025-12-12 01:15:00+00:00,2.024169921875,2.030141592025757,2.024169921875,2.0284066200256348,0
2025-12-12 01:30:00+00:00,2.0286381244659424,2.0306649208068848,2.0278360843658447,2.0306649208068848,0
2025-12-12 01:45:00+00:00,2.0303406715393066,2.030761241912842,2.028871536254883,2.028871536254883,0
2025-12-12 02:00:00+00:00,2.0292065143585205,2.0346102714538574,2.02748966217041,2.0346102714538574,0
2025-12-12 02:15:00+00:00,2.035369873046875,2.039010524749756,2.0353243350982666,2.039010524749756,0
2025-12-12 02:30:00+00:00,2.0384087562561035,2.0396971702575684,2.0384087562561035,2.039135217666626,0
2025-12-12 02:45:00+00:00,2.0391056537628174,2.042013168334961,2.038254976272583,2.041829824447632,449536
2025-12-12 03:00:00+00:00,2.04166579246521,2.0421652793884277,2.0387606620788574,2.0387606620788574,0
2025-12-12 03:15:00+00:00,2.0380146503448486,2.0380146503448486,2.0315816402435303,2.031698703765869,0
2025-12-12 03:30:00+00:00,2.0312628746032715,2.0333755016326904,2.0312628746032715,2.0333642959594727,0
2025-12-12 03:45:00+00:00,2.033402681350708,2.034858226776123,2.0327630043029785,2.0327630043029785,0
2025-12-12 04:00:00+00:00,2.032731056213379,2.032731056213379,2.031259059906006,2.0313141345977783,0
2025-12-12 04:15:00+00:00,2.0310494899749756,2.0310494899749756,2.029557466506958,2.029590606689453,0
2025-12-12 04:30:00+00:00,2.029529571533203,2.029529571533203,2.027449607849121,2.0283243656158447,0
2025-12-12 04:45:00+00:00,2.028418779373169,2.029764175415039,2.02831768989563,2.029764175415039,0
2025-12-12 05:00:00+00:00,2.029761791229248,2.0341274738311768,2.029761791229248,2.0304579734802246,0
2025-12-12 05:15:00+00:00,2.0286777019500732,2.0288147926330566,2.0263779163360596,2.0263779163360596,0
2025-12-12 05:30:00+00:00,2.0264892578125,2.02912974357605,2.0261805057525635,2.02912974357605,0
2025-12-12 05:45:00+00:00,2.0292651653289795,2.035658836364746,2.0292651653289795,2.035658836364746,69120
2025-12-12 06:00:00+00:00,2.0358142852783203,2.0402581691741943,2.0358142852783203,2.0402581691741943,7143680
2025-12-12 06:15:00+00:00,2.040292263031006,2.040978193283081,2.039659261703491,2.0397472381591797,1070336
2025-12-12 06:30:00+00:00,2.039700984954834,2.039700984954834,2.0380148887634277,2.0387678146362305,0
2025-12-12 06:45:00+00:00,2.0389082431793213,2.040271282196045,2.0383143424987793,2.040271282196045,21760
2025-12-12 07:00:00+00:00,2.0402936935424805,2.041391611099243,2.040158748626709,2.040158748626709,507136
2025-12-12 07:15:00+00:00,2.0399010181427,2.04015851020813,2.0394275188446045,2.0399045944213867,0
2025-12-12 07:30:00+00:00,2.0398058891296387,2.0398058891296387,2.0351855754852295,2.0358641147613525,0
2025-12-12 07:45:00+00:00,2.036001205444336,2.038191795349121,2.0353500843048096,2.038191795349121,0
2025-12-12 08:00:00+00:00,2.0378031730651855,2.0378031730651855,2.036633253097534,2.036633253097534,0
2025-12-12 08:15:00+00:00,2.0366430282592773,2.0366430282592773,2.0326430797576904,2.0326504707336426,492288
2025-12-12 08:30:00+00:00,2.031649589538574,2.031649589538574,2.0298967361450195,2.029966115951538,0
2025-12-12 08:45:00+00:00,2.02992844581604,2.02992844581604,2.028150796890259,2.028170108795166,0
2025-12-12 09:00:00+00:00,2.0286197662353516,2.0290303230285645,2.028357744216919,2.028752088546753,0
2025-12-12 09:15:00+00:00,2.0288960933685303,2.0313708782196045,2.0288960933685303,2.029352903366089,0
2025-12-12 09:30:00+00:00,2.0277292728424072,2.027736186981201,2.026876926422119,2.0276999473571777,0
2025-12-12 09:45:00+00:00,2.027637243270874,2.0347580909729004,2.027477741241455,2.0347580909729004,2981376
2025-12-12 10:00:00+00:00,2.0360240936279297,2.0380313396453857,2.0360240936279297,2.037675619125366,1852928
2025-12-12 10:15:00+00:00,2.037686586380005,2.0377278327941895,2.035626173019409,2.0357279777526855,2365440
2025-12-12 10:30:00+00:00,2.035717487335205,2.037780523300171,2.035717487335205,2.037637233734131,2152192
2025-12-12 10:45:00+00:00,2.037518262863159,2.0389745235443115,2.0367753505706787,2.0388612747192383,141824
2025-12-12 11:00:00+00:00,2.0387675762176514,2.038968801498413,2.03840970993042,2.038867235183716,0
2025-12-12 11:15:00+00:00,2.039159059524536,2.039159059524536,2.0371501445770264,2.038882255554199,2868224
2025-12-12 11:30:00+00:00,2.038884401321411,2.042081117630005,2.038884401321411,2.0419535636901855,3084544
2025-12-12 11:45:00+00:00,2.0419344902038574,2.0435447692871094,2.0419344902038574,2.0420660972595215,4384768
2025-12-12 12:00:00+00:00,2.042227268218994,2.042227268218994,2.040318489074707,2.040318489074707,0
2025-12-12 12:15:00+00:00,2.040231466293335,2.0411460399627686,2.0397722721099854,2.040644884109497,0
2025-12-12 12:30:00+00:00,2.0405967235565186,2.043156623840332,2.0405733585357666,2.04128098487854,0
2025-12-12 12:45:00+00:00,2.040773868560791,2.044595241546631,2.0388875007629395,2.044595241546631,34032384
2025-12-12 13:00:00+00:00,2.0446441173553467,2.044755697250366,2.043863296508789,2.043872356414795,0
2025-12-12 13:15:00+00:00,2.0440480709075928,2.0453550815582275,2.0426084995269775,2.0426084995269775,4485376
2025-12-12 13:30:00+00:00,2.04171085357666,2.0417795181274414,2.040529489517212,2.041369676589966,0
2025-12-12 13:45:00+00:00,2.0412757396698,2.0412757396698,2.0399372577667236,2.0404701232910156,1451520
2025-12-12 14:00:00+00:00,2.0410757064819336,2.0412755012512207,2.037935495376587,2.037935495376587,0
2025-12-12 14:15:00+00:00,2.037868022918701,2.0389339923858643,2.0362467765808105,2.0362467765808105,156928
2025-12-12 14:30:00+00:00,2.0361757278442383,2.040342092514038,2.034799337387085,2.0396921634674072,0
2025-12-12 14:45:00+00:00,2.039642810821533,2.039999008178711,2.036581039428711,2.03887939453125,0
2025-12-12 15:00:00+00:00,2.03728985786438,2.03728985786438,2.028167963027954,2.029981851577759,0
2025-12-12 15:15:00+00:00,2.0293807983398438,2.0293807983398438,2.0168397426605225,2.0168397426605225,0
2025-12-12 15:30:00+00:00,2.0107836723327637,2.0107836723327637,1.999253273010254,2.0000362396240234,82972672
2025-12-12 15:45:00+00:00,2.0000600814819336,2.0031282901763916,1.9881833791732788,1.9881833791732788,54630912
2025-12-12 16:00:00+00:00,1.982659935951233,1.9933993816375732,1.9805017709732056,1.992204189300537,124729088
2025-12-12 16:15:00+00:00,1.9901732206344604,1.9914695024490356,1.982517123222351,1.9908884763717651,71749888
2025-12-12 16:30:00+00:00,1.9912559986114502,1.9915615320205688,1.9804532527923584,1.9817222356796265,35872256
2025-12-12 16:45:00+00:00,1.9823304414749146,1.9892498254776,1.9823304414749146,1.9880893230438232,27765248
2025-12-12 17:00:00+00:00,1.9887171983718872,1.9968070983886719,1.9884999990463257,1.9964598417282104,16524032
2025-12-12 17:15:00+00:00,1.998023509979248,2.0015392303466797,1.9924730062484741,1.9924730062484741,16718080
2025-12-12 17:30:00+00:00,1.9895960092544556,1.9957126379013062,1.9892908334732056,1.9957126379013062,11969024
2025-12-12 17:45:00+00:00,1.9960821866989136,1.9994676113128662,1.9960821866989136,1.9974955320358276,4530176
2025-12-12 18:00:00+00:00,1.9962799549102783,2.0028316974639893,1.995826244354248,2.0028316974639893,6966016
2025-12-12 18:15:00+00:00,2.004706859588623,2.005753993988037,2.0020010471343994,2.004929542541504,6088192
2025-12-12 18:30:00+00:00,2.0077004432678223,2.0191383361816406,2.0077004432678223,2.0191383361816406,15321856
2025-12-12 18:45:00+00:00,2.0185022354125977,2.023916482925415,2.0154528617858887,2.0154528617858887,0
2025-12-12 19:00:00+00:00,2.014925479888916,2.014925479888916,2.010833263397217,2.011525869369507,0
2025-12-12 19:15:00+00:00,2.010927677154541,2.0124239921569824,2.0068557262420654,2.0068557262420654,0
2025-12-12 19:30:00+00:00,2.0071938037872314,2.007697820663452,2.0042099952697754,2.0042099952697754,0
2025-12-12 19:45:00+00:00,2.0041897296905518,2.0045289993286133,2.000983953475952,2.0035042762756348,1938688
2025-12-12 20:00:00+00:00,2.0038061141967773,2.0040154457092285,2.0013198852539062,2.0013198852539062,0
2025-12-12 20:15:00+00:00,2.001589059829712,2.0045368671417236,2.0002267360687256,2.000347852706909,2294016
2025-12-12 20:30:00+00:00,2.0010809898376465,2.0016090869903564,2.0005252361297607,2.0011465549468994,0
2025-12-12 20:45:00+00:00,2.0014662742614746,2.0060174465179443,2.0014662742614746,2.0051796436309814,2827008
2025-12-12 21:00:00+00:00,2.0031328201293945,2.0037314891815186,2.0013065338134766,2.0014405250549316,0
2025-12-12 21:15:00+00:00,2.0018413066864014,2.0018413066864014,1.9993661642074585,1.9994010925292969,0
2025-12-12 21:30:00+00:00,1.9999256134033203,2.002284526824951,1.9997835159301758,2.002284526824951,0
2025-12-12 21:45:00+00:00,2.0023276805877686,2.004307508468628,2.0023276805877686,2.0043020248413086,0
2025-12-12 22:00:00+00:00,2.004748582839966,2.0093042850494385,2.004748582839966,2.0093042850494385,0
2025-12-12 22:15:00+00:00,2.0102953910827637,2.0106446743011475,2.0080389976501465,2.0083367824554443,0
2025-12-12 22:30:00+00:00,2.008420944213867,2.0118868350982666,2.008413553237915,2.011857748031616,0
2025-12-12 22:45:00+00:00,2.0118281841278076,2.0118281841278076,2.0099117755889893,2.0099117755889893,0
2025-12-12 23:00:00+00:00,2.01016902923584,2.016623020172119,2.01016902923584,2.015062093734741,0
2025-12-12 23:15:00+00:00,2.0149736404418945,2.0149800777435303,2.011597156524658,2.011597156524658,0
2025-12-12 23:30:00+00:00,2.011366128921509,2.011366128921509,2.0097291469573975,2.0107266902923584,0
2025-12-12 23:45:00+00:00,2.0107014179229736,2.0107014179229736,2.0092825889587402,2.0092825889587402,0
2025-12-13 00:00:00+00:00,2.009129047393799,2.012604236602783,2.0091025829315186,2.012028455734253,1788928
2025-12-13 00:15:00+00:00,2.0112555027008057,2.0112555027008057,2.0089266300201416,2.0089266300201416,0
2025-12-13 00:30:00+00:00,2.0089991092681885,2.0117380619049072,2.0089991092681885,2.0112712383270264,399872
2025-12-13 00:45:00+00:00,2.011409282684326,2.012989044189453,2.0111241340637207,2.012960195541382,146944
2025-12-13 01:00:00+00:00,2.0128819942474365,2.0160388946533203,2.0128819942474365,2.0158815383911133,0
2025-12-13 01:15:00+00:00,2.0150516033172607,2.0150701999664307,2.0133237838745117,2.0136332511901855,0
2025-12-13 01:30:00+00:00,2.014054536819458,2.0142486095428467,2.0121114253997803,2.0121114253997803,0
2025-12-13 01:45:00+00:00,2.0120129585266113,2.0120129585266113,2.010690689086914,2.01145076751709,349696
2025-12-13 02:00:00+00:00,2.011591911315918,2.015697717666626,2.011591911315918,2.015697717666626,1367296
2025-12-13 02:15:00+00:00,2.0172629356384277,2.020176410675049,2.0172629356384277,2.019211530685425,328960
2025-12-13 02:30:00+00:00,2.0198073387145996,2.0198073387145996,2.017871618270874,2.017871618270874,1235968
2025-12-13 02:45:00+00:00,2.0177838802337646,2.0177838802337646,2.015882730484009,2.015882730484009,0
2025-12-13 03:00:00+00:00,2.015836477279663,2.0179283618927,2.015836477279663,2.0179283618927,2434048
2025-12-13 03:15:00+00:00,2.0188310146331787,2.0223498344421387,2.0188310146331787,2.0222620964050293,12244224
2025-12-13 03:30:00+00:00,2.0212225914001465,2.0213470458984375,2.020357131958008,2.0211269855499268,4790272
2025-12-13 03:45:00+00:00,2.021162509918213,2.023014545440674,2.021162509918213,2.022602081298828,4980480
2025-12-13 04:00:00+00:00,2.0232598781585693,2.0251247882843018,2.023197650909424,2.0251247882843018,4573440
2025-12-13 04:15:00+00:00,2.024747371673584,2.028712749481201,2.0244812965393066,2.028712749481201,12928000
2025-12-13 04:30:00+00:00,2.0283775329589844,2.029911518096924,2.0266811847686768,2.029911518096924,18307840
2025-12-13 04:45:00+00:00,2.0299232006073,2.0333094596862793,2.0296430587768555,2.0333094596862793,11630080
2025-12-13 05:00:00+00:00,2.0335187911987305,2.0471553802490234,2.0335187911987305,2.043800115585327,47717120
2025-12-13 05:15:00+00:00,2.0416550636291504,2.0416550636291504,2.034595489501953,2.034595489501953,34509824
2025-12-13 05:30:00+00:00,2.0342724323272705,2.0344109535217285,2.0319204330444336,2.0319204330444336,11318528
2025-12-13 05:45:00+00:00,2.0319578647613525,2.0319578647613525,2.0307393074035645,2.0310704708099365,8889088
2025-12-13 06:00:00+00:00,2.031053066253662,2.0343058109283447,2.031053066253662,2.0338401794433594,0
2025-12-13 06:15:00+00:00,2.0338406562805176,2.0338406562805176,2.031191825866699,2.031193733215332,37376
2025-12-13 06:30:00+00:00,2.031074047088623,2.0313496589660645,2.029444694519043,2.0313496589660645,12484608
2025-12-13 06:45:00+00:00,2.0307867527008057,2.0307867527008057,2.028947353363037,2.0298731327056885,1525760
2025-12-13 07:00:00+00:00,2.0292179584503174,2.0300581455230713,2.028247594833374,2.028320789337158,0
2025-12-13 07:15:00+00:00,2.0281968116760254,2.0303378105163574,2.0278735160827637,2.0303070545196533,428800
2025-12-13 07:30:00+00:00,2.0310299396514893,2.031432628631592,2.029278516769409,2.029278516769409,0
2025-12-13 07:45:00+00:00,2.0293543338775635,2.0293543338775635,2.0281708240509033,2.028628349304199,571392
2025-12-13 08:00:00+00:00,2.028562068939209,2.036231517791748,2.028562068939209,2.036231517791748,4771840
2025-12-13 08:15:00+00:00,2.036264419555664,2.042146682739258,2.036264419555664,2.040231466293335,22581504
2025-12-13 08:30:00+00:00,2.0400564670562744,2.0400564670562744,2.0378472805023193,2.038087844848633,1579008
2025-12-13 08:45:00+00:00,2.038163423538208,2.040437698364258,2.038031816482544,2.038031816482544,2975488
2025-12-13 09:00:00+00:00,2.0380046367645264,2.0380046367645264,2.03658127784729,2.0369322299957275,732672
2025-12-13 09:15:00+00:00,2.0368120670318604,2.037323474884033,2.036585807800293,2.0370233058929443,1610496
2025-12-13 09:30:00+00:00,2.0365164279937744,2.0386850833892822,2.0365164279937744,2.0386850833892822,1598464
2025-12-13 09:45:00+00:00,2.0382535457611084,2.0382535457611084,2.032632827758789,2.032632827758789,8363520
2025-12-13 10:00:00+00:00,2.032531261444092,2.0346169471740723,2.0319278240203857,2.0346169471740723,2064640
2025-12-13 10:15:00+00:00,2.03542423248291,2.0378363132476807,2.03542423248291,2.037738561630249,0
2025-12-13 10:30:00+00:00,2.0377564430236816,2.0388565063476562,2.0377564430236816,2.0388565063476562,249088
2025-12-13 10:45:00+00:00,2.0387182235717773,2.039663314819336,2.0373926162719727,2.0373942852020264,736000
2025-12-13 11:00:00+00:00,2.037329912185669,2.038538694381714,2.037329912185669,2.038538694381714,0
2025-12-13 11:15:00+00:00,2.038442373275757,2.038442373275757,2.0360147953033447,2.0360147953033447,785920
2025-12-13 11:30:00+00:00,2.0359482765197754,2.0359482765197754,2.0349950790405273,2.035019874572754,0
2025-12-13 11:45:00+00:00,2.0350141525268555,2.03564190864563,2.0343658924102783,2.0345003604888916,0
2025-12-13 12:00:00+00:00,2.034494638442993,2.03861927986145,2.0337398052215576,2.038618803024292,3342592
2025-12-13 12:15:00+00:00,2.038811683654785,2.0389232635498047,2.037839889526367,2.0389232635498047,7712512
2025-12-13 12:30:00+00:00,2.0390501022338867,2.0419976711273193,2.038346767425537,2.038346767425537,17007104
2025-12-13 12:45:00+00:00,2.0376460552215576,2.0376460552215576,2.0315933227539062,2.031930923461914,2754816
2025-12-13 13:00:00+00:00,2.032562017440796,2.0344996452331543,2.032489776611328,2.0337133407592773,7134976
2025-12-13 13:15:00+00:00,2.0337400436401367,2.0371439456939697,2.0337400436401367,2.0348291397094727,0
2025-12-13 13:30:00+00:00,2.0347228050231934,2.03544282913208,2.0335352420806885,2.035299301147461,279040
2025-12-13 13:45:00+00:00,2.0352087020874023,2.0356857776641846,2.034512996673584,2.034512996673584,0
2025-12-13 14:00:00+00:00,2.0348992347717285,2.035231828689575,2.0337131023406982,2.034295082092285,0
2025-12-13 14:15:00+00:00,2.0345399379730225,2.0362908840179443,2.0320539474487305,2.0320539474487305,120576
2025-12-13 14:30:00+00:00,2.0317695140838623,2.0345919132232666,2.0301296710968018,2.034395933151245,0
2025-12-13 14:45:00+00:00,2.034475326538086,2.0382795333862305,2.034475326538086,2.0380609035491943,0
2025-12-13 15:00:00+00:00,2.0375044345855713,2.0395069122314453,2.0372679233551025,2.0372679233551025,0
2025-12-13 15:15:00+00:00,2.037248134613037,2.037248134613037,2.033111095428467,2.0334813594818115,0
2025-12-13 15:30:00+00:00,2.033468246459961,2.034116744995117,2.03340220451355,2.033419609069824,0
2025-12-13 15:45:00+00:00,2.033353328704834,2.033353328704834,2.0302817821502686,2.030294179916382,0
2025-12-13 16:00:00+00:00,2.030294179916382,2.0320184230804443,2.030294179916382,2.0319390296936035,0
2025-12-13 16:15:00+00:00,2.0319480895996094,2.0319664478302,2.029208183288574,2.029208183288574,0
2025-12-13 16:30:00+00:00,2.0292632579803467,2.0292632579803467,2.026582956314087,2.0265839099884033,0
2025-12-13 16:45:00+00:00,2.026380777359009,2.026529312133789,2.0256969928741455,2.026244878768921,0
2025-12-13 17:00:00+00:00,2.026287317276001,2.026287317276001,2.019944906234741,2.020120620727539,0
2025-12-13 17:15:00+00:00,2.0201315879821777,2.0207858085632324,2.019902229309082,2.020676612854004,0
2025-12-13 17:30:00+00:00,2.020582437515259,2.0228707790374756,2.020237445831299,2.0228707790374756,0
2025-12-13 17:45:00+00:00,2.0229008197784424,2.0237207412719727,2.0206949710845947,2.0206949710845947,0
2025-12-13 18:00:00+00:00,2.020705461502075,2.020705461502075,2.0195608139038086,2.0195608139038086,0
2025-12-13 18:15:00+00:00,2.020081043243408,2.022855281829834,2.020081043243408,2.022428512573242,0
2025-12-13 18:30:00+00:00,2.0225582122802734,2.0225582122802734,2.02128529548645,2.02128529548645,0
2025-12-13 18:45:00+00:00,2.021254301071167,2.021254301071167,2.017653226852417,2.017760753631592,0
2025-12-13 19:00:00+00:00,2.017777919769287,2.017948627471924,2.016763210296631,2.0176541805267334,2041856
2025-12-13 19:15:00+00:00,2.0176970958709717,2.018380880355835,2.0176331996917725,2.0180158615112305,162304
2025-12-13 19:30:00+00:00,2.017939805984497,2.019172430038452,2.0172765254974365,2.019172430038452,0
2025-12-13 19:45:00+00:00,2.019441843032837,2.020738363265991,2.019441843032837,2.019946336746216,0
2025-12-13 20:00:00+00:00,2.0203359127044678,2.0208563804626465,2.020204544067383,2.0208394527435303,0
2025-12-13 20:15:00+00:00,2.0207748413085938,2.0213754177093506,2.0205814838409424,2.0209543704986572,0
2025-12-13 20:30:00+00:00,2.021007537841797,2.0215842723846436,2.0203444957733154,2.020393133163452,0
2025-12-13 20:45:00+00:00,2.0202043056488037,2.0202043056488037,2.0178980827331543,2.0179131031036377,0
2025-12-13 21:00:00+00:00,2.017355442047119,2.017355442047119,2.015660285949707,2.015660285949707,0
2025-12-13 21:15:00+00:00,2.015617847442627,2.0164122581481934,2.0155673027038574,2.0158071517944336,0
2025-12-13 21:30:00+00:00,2.0158259868621826,2.017737865447998,2.0127573013305664,2.017737865447998,7756544
2025-12-13 21:45:00+00:00,2.0178959369659424,2.0216360092163086,2.017479658126831,2.0216360092163086,150272
2025-12-13 22:00:00+00:00,2.022433280944824,2.0227439403533936,2.021620512008667,2.021620512008667,0
2025-12-13 22:15:00+00:00,2.0213449001312256,2.0225653648376465,2.020493507385254,2.020493507385254,0
2025-12-13 22:30:00+00:00,2.02051043510437,2.0219478607177734,2.0199036598205566,2.0212790966033936,0
2025-12-13 22:45:00+00:00,2.0214176177978516,2.024475574493408,2.0214176177978516,2.0226571559906006,81536
2025-12-13 23:00:00+00:00,2.0227456092834473,2.0227456092834473,2.0211334228515625,2.021157741546631,0
2025-12-13 23:15:00+00:00,2.0211591720581055,2.022066116333008,2.020623207092285,2.0218350887298584,0
2025-12-13 23:30:00+00:00,2.0218253135681152,2.0218355655670166,2.021211862564087,2.02170467376709,551936
2025-12-13 23:45:00+00:00,2.021852970123291,2.024001359939575,2.021852970123291,2.024001359939575,506112
2025-12-14 00:00:00+00:00,2.023280143737793,2.023280143737793,2.019536018371582,2.019710063934326,0
2025-12-14 00:15:00+00:00,2.020777940750122,2.02156138420105,2.020777940750122,2.02156138420105,1888896
2025-12-14 00:30:00+00:00,2.0216562747955322,2.025855779647827,2.0216562747955322,2.024890422821045,4711680
2025-12-14 00:45:00+00:00,2.0249271392822266,2.026888132095337,2.0249271392822266,2.0259644985198975,2039936
2025-12-14 01:00:00+00:00,2.0261282920837402,2.028920888900757,2.0261282920837402,2.028920888900757,546688
2025-12-14 01:15:00+00:00,2.0289220809936523,2.02947998046875,2.0288102626800537,2.02947998046875,0
2025-12-14 01:30:00+00:00,2.0300135612487793,2.0300135612487793,2.025408983230591,2.025408983230591,65664
2025-12-14 01:45:00+00:00,2.0248465538024902,2.0260884761810303,2.0248265266418457,2.0260884761810303,0
2025-12-14 02:00:00+00:00,2.026197671890259,2.0283238887786865,2.026137590408325,2.028153657913208,0
2025-12-14 02:15:00+00:00,2.027618646621704,2.0276341438293457,2.0265305042266846,2.0276341438293457,0
2025-12-14 02:30:00+00:00,2.02746319770813,2.027587413787842,2.025662422180176,2.025662422180176,0
2025-12-14 02:45:00+00:00,2.025787353515625,2.026564598083496,2.025787353515625,2.026564598083496,0
2025-12-14 03:00:00+00:00,2.027667760848999,2.0297818183898926,2.027667760848999,2.028846263885498,0
2025-12-14 03:15:00+00:00,2.0287489891052246,2.0287489891052246,2.0272109508514404,2.0272223949432373,0
2025-12-14 03:30:00+00:00,2.02721905708313,2.02721905708313,2.0253632068634033,2.025643825531006,0
2025-12-14 03:45:00+00:00,2.025693893432617,2.025693893432617,2.0245156288146973,2.02504301071167,0
2025-12-14 04:00:00+00:00,2.024977684020996,2.0254156589508057,2.0232720375061035,2.0232720375061035,0
2025-12-14 04:15:00+00:00,2.0233211517333984,2.023716926574707,2.0225305557250977,2.0225305557250977,0
2025-12-14 04:30:00+00:00,2.021761894226074,2.021796703338623,2.018954277038574,2.018954277038574,0
2025-12-14 04:45:00+00:00,2.018768787384033,2.018768787384033,2.0173580646514893,2.0173580646514893,0
2025-12-14 05:00:00+00:00,2.0170042514801025,2.017005443572998,2.0148379802703857,2.0148379802703857,0
2025-12-14 05:15:00+00:00,2.014894962310791,2.0149383544921875,2.012746810913086,2.012746810913086,0
2025-12-14 05:30:00+00:00,2.0125014781951904,2.015951156616211,2.0124425888061523,2.015951156616211,0
2025-12-14 05:45:00+00:00,2.0159521102905273,2.017467975616455,2.0159521102905273,2.017167329788208,0
2025-12-14 06:00:00+00:00,2.017120599746704,2.017120599746704,2.0138590335845947,2.0139410495758057,0
2025-12-14 06:15:00+00:00,2.0139408111572266,2.0141656398773193,2.0130910873413086,2.0130910873413086,0
2025-12-14 06:30:00+00:00,2.0130960941314697,2.016298532485962,2.012901782989502,2.016298532485962,0
2025-12-14 06:45:00+00:00,2.016317367553711,2.018031120300293,2.016317367553711,2.017209529876709,0
2025-12-14 07:00:00+00:00,2.0172693729400635,2.0178565979003906,2.0169105529785156,2.017627239227295,0
2025-12-14 07:15:00+00:00,2.0176303386688232,2.0188679695129395,2.0171456336975098,2.0188679695129395,659584
2025-12-14 07:30:00+00:00,2.0196475982666016,2.019921064376831,2.018576145172119,2.018576145172119,0
2025-12-14 07:45:00+00:00,2.0183589458465576,2.0196824073791504,2.018155097961426,2.0193049907684326,450688
2025-12-14 08:00:00+00:00,2.0195045471191406,2.0231168270111084,2.019477605819702,2.021815776824951,0
2025-12-14 08:15:00+00:00,2.021700143814087,2.021700143814087,2.0198092460632324,2.0202627182006836,0
2025-12-14 08:30:00+00:00,2.0196990966796875,2.0196990966796875,2.017974853515625,2.018019676208496,0
2025-12-14 08:45:00+00:00,2.0180068016052246,2.0180068016052246,2.015881061553955,2.015881061553955,0
2025-12-14 09:00:00+00:00,2.015756130218506,2.015756130218506,2.015138864517212,2.015176296234131,0
2025-12-14 09:15:00+00:00,2.0150556564331055,2.0150556564331055,2.0137245655059814,2.0139403343200684,0
2025-12-14 09:30:00+00:00,2.0137932300567627,2.0148231983184814,2.0131337642669678,2.0144989490509033,483968
2025-12-14 09:45:00+00:00,2.014547109603882,2.014716625213623,2.01354718208313,2.01354718208313,0
2025-12-14 10:00:00+00:00,2.0131382942199707,2.0131382942199707,2.01163387298584,2.01163387298584,2884864
2025-12-14 10:15:00+00:00,2.0086021423339844,2.0107922554016113,2.0083930492401123,2.0107052326202393,18521728
2025-12-14 10:30:00+00:00,2.010240077972412,2.010240077972412,2.0074501037597656,2.007685899734497,5996032
2025-12-14 10:45:00+00:00,2.007673978805542,2.008695125579834,2.007673978805542,2.0080032348632812,1180288
2025-12-14 11:00:00+00:00,2.0072662830352783,2.0077500343322754,2.0069916248321533,2.0076239109039307,11883392
2025-12-14 11:15:00+00:00,2.0075433254241943,2.0075433254241943,2.0053489208221436,2.0053489208221436,11205888
2025-12-14 11:30:00+00:00,2.004742383956909,2.004742383956909,2.0006582736968994,2.0006582736968994,23079936
2025-12-14 11:45:00+00:00,1.9997166395187378,2.001690149307251,1.9962706565856934,2.0011706352233887,40086912
2025-12-14 12:00:00+00:00,2.0013160705566406,2.0027902126312256,1.9995381832122803,2.002563238143921,8966144
2025-12-14 12:15:00+00:00,2.0018370151519775,2.002112865447998,2.0004518032073975,2.0004518032073975,9005056
2025-12-14 12:30:00+00:00,2.000436544418335,2.0043439865112305,1.999976396560669,2.0043439865112305,0
2025-12-14 12:45:00+00:00,2.0048599243164062,2.006540298461914,2.0048599243164062,2.005610466003418,0
2025-12-14 13:00:00+00:00,2.0049333572387695,2.0049333572387695,2.0005505084991455,2.001164436340332,1180416
2025-12-14 13:15:00+00:00,2.0011324882507324,2.0011324882507324,1.9990997314453125,1.9990997314453125,15681792
2025-12-14 13:30:00+00:00,1.9991812705993652,2.0007550716400146,1.9991812705993652,1.999272346496582,7560448
2025-12-14 13:45:00+00:00,1.9990946054458618,2.00219464302063,1.9986439943313599,2.00219464302063,9371392
2025-12-14 14:00:00+00:00,2.0046815872192383,2.0062525272369385,2.004105806350708,2.005715847015381,5095424
2025-12-14 14:15:00+00:00,2.0055646896362305,2.0055646896362305,2.002608060836792,2.002608060836792,1357952
2025-12-14 14:30:00+00:00,2.0025787353515625,2.0025787353515625,1.993396282196045,1.993396282196045,10970112
2025-12-14 14:45:00+00:00,1.993106484413147,1.993868350982666,1.9915947914123535,1.9937875270843506,22157184
2025-12-14 15:00:00+00:00,1.9940109252929688,1.9953360557556152,1.9933509826660156,1.9935702085494995,1326208
2025-12-14 15:15:00+00:00,1.9936209917068481,1.9951006174087524,1.9928797483444214,1.9928797483444214,1335936
2025-12-14 15:30:00+00:00,1.9931062459945679,1.9953199625015259,1.9922202825546265,1.9953199625015259,5018240
2025-12-14 15:45:00+00:00,1.9952373504638672,1.995787501335144,1.9935351610183716,1.9935351610183716,846720
2025-12-14 16:00:00+00:00,1.9934206008911133,1.9945404529571533,1.9920088052749634,1.9945404529571533,2379648
2025-12-14 16:15:00+00:00,1.9945777654647827,2.0011796951293945,1.9945777654647827,2.0011796951293945,4928128
2025-12-14 16:30:00+00:00,2.001145124435425,2.0018463134765625,1.995547890663147,1.995547890663147,0
2025-12-14 16:45:00+00:00,1.9952598810195923,1.996725082397461,1.9939086437225342,1.9953768253326416,6854016
2025-12-14 17:00:00+00:00,1.9958664178848267,1.9973825216293335,1.9949371814727783,1.9949371814727783,0
2025-12-14 17:15:00+00:00,1.993301272392273,1.993301272392273,1.9895648956298828,1.9908751249313354,20861056
2025-12-14 17:30:00+00:00,1.990747094154358,1.990747094154358,1.989148497581482,1.9903115034103394,6248320
2025-12-14 17:45:00+00:00,1.9902814626693726,1.990343689918518,1.9887572526931763,1.9887572526931763,1615616
2025-12-14 18:00:00+00:00,1.9887157678604126,1.990334391593933,1.9877368211746216,1.9901820421218872,0
2025-12-14 18:15:00+00:00,1.990085244178772,1.9921772480010986,1.988211750984192,1.9883016347885132,6375808
2025-12-14 18:30:00+00:00,1.988229751586914,1.9899007081985474,1.9882148504257202,1.9895726442337036,4157184
2025-12-14 18:45:00+00:00,1.989530324935913,1.9931286573410034,1.9888004064559937,1.9931286573410034,4116992
2025-12-14 19:00:00+00:00,1.9931164979934692,1.9931598901748657,1.9879124164581299,1.9880059957504272,0
2025-12-14 19:15:00+00:00,1.9879965782165527,1.9879965782165527,1.985524296760559,1.98701012134552,864000
2025-12-14 19:30:00+00:00,1.9871259927749634,1.9879016876220703,1.9853461980819702,1.9857161045074463,2410880
2025-12-14 19:45:00+00:00,1.9856176376342773,1.9886163473129272,1.9856176376342773,1.988569974899292,9310720
2025-12-14 20:00:00+00:00,1.9887076616287231,1.9899327754974365,1.98828125,1.9889063835144043,11432064
2025-12-14 20:15:00+00:00,1.9900201559066772,1.9946199655532837,1.9900201559066772,1.9915804862976074,21927040
2025-12-14 20:30:00+00:00,1.9915201663970947,1.9918125867843628,1.990251898765564,1.9914442300796509,8823808
2025-12-14 20:45:00+00:00,1.9914973974227905,1.9919489622116089,1.9891506433486938,1.9891506433486938,6469376
2025-12-14 21:00:00+00:00,1.989046335220337,1.989046335220337,1.9871902465820312,1.9879709482192993,0
2025-12-14 21:15:00+00:00,1.987903356552124,1.991644263267517,1.987903356552124,1.9905471801757812,2357760
2025-12-14 21:30:00+00:00,1.9903303384780884,1.9903303384780884,1.9896702766418457,1.9896702766418457,0
2025-12-14 21:45:00+00:00,1.9894906282424927,1.9894906282424927,1.9861308336257935,1.9870998859405518,6324096
2025-12-14 22:00:00+00:00,1.9871273040771484,1.9929322004318237,1.9871273040771484,1.991768717765808,3155968
2025-12-14 22:15:00+00:00,1.9916523694992065,1.9916523694992065,1.9886388778686523,1.988651156425476,6999424
2025-12-14 22:30:00+00:00,1.9886890649795532,1.9886890649795532,1.985708236694336,1.9858866930007935,15497856
2025-12-14 22:45:00+00:00,1.9859094619750977,1.9888181686401367,1.9847569465637207,1.9887702465057373,6171648
2025-12-14 23:00:00+00:00,1.992153525352478,1.992153525352478,1.985439419746399,1.9855352640151978,9603840
2025-12-14 23:15:00+00:00,1.9856916666030884,1.986016035079956,1.9841878414154053,1.98464035987854,10869376
2025-12-14 23:30:00+00:00,1.9847533702850342,1.985871434211731,1.9732692241668701,1.9801387786865234,121860480
2025-12-14 23:45:00+00:00,1.9799867868423462,1.9821929931640625,1.9776626825332642,1.9794217348098755,24990080
2025-12-15 00:00:00+00:00,1.9795013666152954,1.9826315641403198,1.9795013666152954,1.980607032775879,15931008
2025-12-15 00:15:00+00:00,1.9802360534667969,1.9871748685836792,1.9787126779556274,1.9871679544448853,25663104
2025-12-15 00:30:00+00:00,1.9871939420700073,1.9879451990127563,1.9783490896224976,1.9783490896224976,9365632
2025-12-15 00:45:00+00:00,1.978513479232788,1.9847238063812256,1.9780528545379639,1.9847238063812256,11267200
2025-12-15 01:00:00+00:00,1.9847047328948975,1.9853779077529907,1.983712077140808,1.9850664138793945,5760000
2025-12-15 01:15:00+00:00,1.985049843788147,1.985049843788147,1.9814491271972656,1.9815142154693604,7804032
2025-12-15 01:30:00+00:00,1.981573462486267,2.000014543533325,1.9813627004623413,1.9959280490875244,40297472
2025-12-15 01:45:00+00:00,1.9951744079589844,1.9983913898468018,1.9944911003112793,1.9983913898468018,24205952
2025-12-15 02:00:00+00:00,1.998520851135254,2.004997968673706,1.998520851135254,2.0021910667419434,20939776
2025-12-15 02:15:00+00:00,2.0021560192108154,2.0092575550079346,2.0018062591552734,2.007133722305298,33450368
2025-12-15 02:30:00+00:00,2.0073931217193604,2.007685422897339,2.0009310245513916,2.0009310245513916,11150848
2025-12-15 02:45:00+00:00,2.0008511543273926,2.0008511543273926,1.995243787765503,1.995243787765503,11940608
2025-12-15 03:00:00+00:00,1.9953453540802002,1.995898723602295,1.9940952062606812,1.9942578077316284,4602624
2025-12-15 03:15:00+00:00,1.99416983127594,1.9997178316116333,1.99416983127594,1.9997178316116333,8716032
2025-12-15 03:30:00+00:00,1.9993462562561035,1.9993462562561035,1.9949498176574707,1.9949498176574707,5529728
2025-12-15 03:45:00+00:00,1.9949853420257568,1.9961079359054565,1.9946599006652832,1.9959903955459595,5095424
2025-12-15 04:00:00+00:00,1.995861291885376,1.999682903289795,1.995861291885376,1.999682903289795,1384576
2025-12-15 04:15:00+00:00,1.9996944665908813,2.000704288482666,1.9965773820877075,1.9965773820877075,9740288
2025-12-15 04:30:00+00:00,1.996618628501892,1.9996707439422607,1.9962375164031982,1.9996707439422607,7111552
2025-12-15 04:45:00+00:00,1.9996905326843262,2.0030195713043213,1.9996905326843262,2.002910852432251,1565184
2025-12-15 05:00:00+00:00,2.001626968383789,2.001626968383789,1.999892234802246,2.0010976791381836,746240
2025-12-15 05:15:00+00:00,2.0013670921325684,2.0029594898223877,2.0013670921325684,2.001455783843994,2060800
2025-12-15 05:30:00+00:00,2.001377820968628,2.001377820968628,1.9986076354980469,1.9986076354980469,2306432
2025-12-15 05:45:00+00:00,1.9984911680221558,2.0004608631134033,1.9978362321853638,2.0003907680511475,5496832
2025-12-15 06:00:00+00:00,2.0003974437713623,2.0011463165283203,1.9978049993515015,1.9978049993515015,1368960
2025-12-15 06:15:00+00:00,1.9976898431777954,1.9976898431777954,1.9972468614578247,1.9975370168685913,1066624
2025-12-15 06:30:00+00:00,1.9973680973052979,1.9984813928604126,1.9969918727874756,1.9983454942703247,1080832
2025-12-15 06:45:00+00:00,1.998364806175232,2.00307559967041,1.998364806175232,2.0019309520721436,13570816
2025-12-15 07:00:00+00:00,2.0019898414611816,2.0027425289154053,1.9965265989303589,1.9965953826904297,13898752
2025-12-15 07:15:00+00:00,1.997109293937683,1.9981523752212524,1.997109293937683,1.9977318048477173,2867200
2025-12-15 07:30:00+00:00,1.9976410865783691,1.9983817338943481,1.9954290390014648,1.9954290390014648,6974208
2025-12-15 07:45:00+00:00,1.9953807592391968,1.9955694675445557,1.9942305088043213,1.9954371452331543,2412544
2025-12-15 08:00:00+00:00,1.9954451322555542,1.9966883659362793,1.9939539432525635,1.9939539432525635,3569536
2025-12-15 08:15:00+00:00,1.993894338607788,1.9958696365356445,1.992798089981079,1.9958696365356445,7459328
2025-12-15 08:30:00+00:00,1.9959425926208496,1.9980378150939941,1.9959425926208496,1.9980378150939941,6750592
2025-12-15 08:45:00+00:00,1.998052954673767,1.9980568885803223,1.996093988418579,1.996093988418579,792192
2025-12-15 09:00:00+00:00,1.994777798652649,1.9970905780792236,1.9945257902145386,1.9963608980178833,14573312
2025-12-15 09:15:00+00:00,1.9966745376586914,1.9986947774887085,1.9966745376586914,1.9986947774887085,6964992
2025-12-15 09:30:00+00:00,1.9979852437973022,1.9980430603027344,1.997133493423462,1.997133493423462,1027840
2025-12-15 09:45:00+00:00,1.9971750974655151,1.9993042945861816,1.9969712495803833,1.9986255168914795,10423552
2025-12-15 10:00:00+00:00,1.9986001253128052,1.9987165927886963,1.997743844985962,1.997743844985962,9621120
2025-12-15 10:15:00+00:00,1.9975067377090454,1.9975067377090454,1.9953110218048096,1.9960423707962036,0
2025-12-15 10:30:00+00:00,1.9965215921401978,1.9997034072875977,1.9956305027008057,1.9956305027008057,11330560
2025-12-15 10:45:00+00:00,1.9952034950256348,1.9952034950256348,1.9940534830093384,1.9940625429153442,6280832
2025-12-15 11:00:00+00:00,1.9940358400344849,1.9943957328796387,1.9936434030532837,1.9942048788070679,0
2025-12-15 11:15:00+00:00,1.994063377380371,1.994063377380371,1.9925627708435059,1.9926012754440308,0
2025-12-15 11:30:00+00:00,1.9923335313796997,1.9923741817474365,1.988133430480957,1.988133430480957,0
2025-12-15 11:45:00+00:00,1.9870179891586304,1.9881153106689453,1.9855146408081055,1.9880439043045044,0
2025-12-15 12:00:00+00:00,1.988090991973877,1.988090991973877,1.983765721321106,1.98384428024292,840448
2025-12-15 12:15:00+00:00,1.9839379787445068,1.9861482381820679,1.9839379787445068,1.9853830337524414,0
2025-12-15 12:30:00+00:00,1.9852557182312012,1.985626459121704,1.9850445985794067,1.9855430126190186,2505344
2025-12-15 12:45:00+00:00,1.985604166984558,1.9856297969818115,1.984887719154358,1.984887719154358,1491712
2025-12-15 13:00:00+00:00,1.9844516515731812,1.9844516515731812,1.969904899597168,1.9710862636566162,49994112
2025-12-15 13:15:00+00:00,1.9714559316635132,1.9728785753250122,1.9656612873077393,1.9656612873077393,29477248
2025-12-15 13:30:00+00:00,1.964873194694519,1.9660414457321167,1.9595385789871216,1.9660414457321167,46649088
2025-12-15 13:45:00+00:00,1.967637300491333,1.968184232711792,1.9661823511123657,1.9661823511123657,18717440
2025-12-15 14:00:00+00:00,1.966068148612976,1.9732904434204102,1.965936541557312,1.9732904434204102,17298688
2025-12-15 14:15:00+00:00,1.9748471975326538,1.9774012565612793,1.9720264673233032,1.9720264673233032,27520384
2025-12-15 14:30:00+00:00,1.9727166891098022,1.9727166891098022,1.9698379039764404,1.9708425998687744,21324800
2025-12-15 14:45:00+00:00,1.9703541994094849,1.9703541994094849,1.939084768295288,1.939084768295288,89953536
2025-12-15 15:00:00+00:00,1.9405968189239502,1.9405968189239502,1.933453917503357,1.935922622680664,166551296
2025-12-15 15:15:00+00:00,1.9355703592300415,1.9355703592300415,1.9187276363372803,1.9187276363372803,133297408
2025-12-15 15:30:00+00:00,1.9203245639801025,1.9253913164138794,1.9203245639801025,1.9221625328063965,77552128
2025-12-15 15:45:00+00:00,1.9233320951461792,1.9311410188674927,1.9219646453857422,1.9225516319274902,64340736
2025-12-15 16:00:00+00:00,1.9241611957550049,1.925930380821228,1.9236541986465454,1.9244009256362915,40897280
2025-12-15 16:15:00+00:00,1.9246879816055298,1.928739309310913,1.9246879816055298,1.9275028705596924,25879552
2025-12-15 16:30:00+00:00,1.9270910024642944,1.9270910024642944,1.914180874824524,1.914455533027649,50477312
2025-12-15 16:45:00+00:00,1.9131652116775513,1.9156193733215332,1.9110370874404907,1.9117406606674194,47369472
2025-12-15 17:00:00+00:00,1.9123469591140747,1.9130216836929321,1.9070721864700317,1.9070721864700317,51995904
2025-12-15 17:15:00+00:00,1.9071762561798096,1.9078412055969238,1.905159831047058,1.9070621728897095,15614976
2025-12-15 17:30:00+00:00,1.9073666334152222,1.9073666334152222,1.8988308906555176,1.901057243347168,74199296
2025-12-15 17:45:00+00:00,1.9005011320114136,1.9005376100540161,1.8924157619476318,1.8924157619476318,39411200
2025-12-15 18:00:00+00:00,1.8921047449111938,1.8940205574035645,1.8912065029144287,1.8940205574035645,36796416
2025-12-15 18:15:00+00:00,1.8942103385925293,1.8942103385925293,1.8884146213531494,1.8884146213531494,18601472
2025-12-15 18:30:00+00:00,1.8864214420318604,1.8864214420318604,1.8777172565460205,1.8846559524536133,97005312
2025-12-15 18:45:00+00:00,1.8840715885162354,1.8922934532165527,1.8835581541061401,1.8921140432357788,35275008
2025-12-15 19:00:00+00:00,1.8922275304794312,1.9018043279647827,1.8922275304794312,1.8964415788650513,58648320
2025-12-15 19:15:00+00:00,1.8949971199035645,1.9040600061416626,1.8947396278381348,1.902734398841858,30785280
2025-12-15 19:30:00+00:00,1.9025033712387085,1.9062565565109253,1.9025033712387085,1.905207872390747,32206080
2025-12-15 19:45:00+00:00,1.905120611190796,1.905120611190796,1.8984017372131348,1.8984017372131348,27647232
2025-12-15 20:00:00+00:00,1.898186206817627,1.898186206817627,1.8868991136550903,1.8868991136550903,25560064
2025-12-15 20:15:00+00:00,1.8870779275894165,1.8870779275894165,1.8817343711853027,1.8838928937911987,15787520
2025-12-15 20:30:00+00:00,1.8838260173797607,1.8882571458816528,1.8835490942001343,1.8876738548278809,23851264
2025-12-15 20:45:00+00:00,1.8863399028778076,1.8863399028778076,1.884364128112793,1.8857330083847046,16288768
2025-12-15 21:00:00+00:00,1.8854961395263672,1.885599136352539,1.882461667060852,1.882494330406189,30861568
2025-12-15 21:15:00+00:00,1.882494568824768,1.894142746925354,1.882494568824768,1.894142746925354,27776768
2025-12-15 21:30:00+00:00,1.8948216438293457,1.898767352104187,1.8938045501708984,1.8968939781188965,23831552
2025-12-15 21:45:00+00:00,1.8967890739440918,1.8967890739440918,1.8929253816604614,1.8929253816604614,8904192
2025-12-15 22:00:00+00:00,1.8929177522659302,1.8929177522659302,1.8890981674194336,1.8890981674194336,13300736
2025-12-15 22:15:00+00:00,1.888962984085083,1.888962984085083,1.8829692602157593,1.8833411931991577,26460672
2025-12-15 22:30:00+00:00,1.8834171295166016,1.8858766555786133,1.8834171295166016,1.8856621980667114,8888064
2025-12-15 22:45:00+00:00,1.885454535484314,1.8887797594070435,1.88504159450531,1.8887797594070435,7895040
2025-12-15 23:00:00+00:00,1.889208197593689,1.895694375038147,1.889208197593689,1.895694375038147,8604672
2025-12-15 23:15:00+00:00,1.8961009979248047,1.8961009979248047,1.891754150390625,1.891754150390625,9331968
2025-12-15 23:30:00+00:00,1.8918570280075073,1.8969032764434814,1.8918570280075073,1.8969032764434814,0
2025-12-15 23:45:00+00:00,1.897054672241211,1.8986819982528687,1.896158218383789,1.8986819982528687,0
2025-12-16 00:00:00+00:00,1.898456335067749,1.898456335067749,1.8941246271133423,1.8941246271133423,3570688
2025-12-16 00:15:00+00:00,1.8940870761871338,1.8957479000091553,1.8921585083007812,1.8957479000091553,0
2025-12-16 00:30:00+00:00,1.895713448524475,1.895713448524475,1.890694260597229,1.890794038772583,156160
2025-12-16 00:45:00+00:00,1.8901201486587524,1.8901201486587524,1.8804806470870972,1.8804806470870972,14153984
2025-12-16 01:00:00+00:00,1.8803074359893799,1.8896799087524414,1.8798524141311646,1.8896799087524414,23022848
2025-12-16 01:15:00+00:00,1.88936448097229,1.88936448097229,1.8834459781646729,1.8834459781646729,12744960
2025-12-16 01:30:00+00:00,1.8835017681121826,1.8845677375793457,1.8768997192382812,1.8770246505737305,10610432
2025-12-16 01:45:00+00:00,1.8774937391281128,1.8780874013900757,1.8725699186325073,1.8725699186325073,21614336
2025-12-16 02:00:00+00:00,1.872869610786438,1.872869610786438,1.8641456365585327,1.8658913373947144,33936640
2025-12-16 02:15:00+00:00,1.8658796548843384,1.8705871105194092,1.8640114068984985,1.8705871105194092,18275840
2025-12-16 02:30:00+00:00,1.8706544637680054,1.8755249977111816,1.8706544637680054,1.871324896812439,14069504
2025-12-16 02:45:00+00:00,1.8713082075119019,1.8716953992843628,1.867570400238037,1.867570400238037,10716672
2025-12-16 03:00:00+00:00,1.8679081201553345,1.8709520101547241,1.8674805164337158,1.8674805164337158,7185920
2025-12-16 03:15:00+00:00,1.86710524559021,1.86710524559021,1.8635731935501099,1.864725947380066,19181568
2025-12-16 03:30:00+00:00,1.8651484251022339,1.8686975240707397,1.862117052078247,1.8686975240707397,28735744
2025-12-16 03:45:00+00:00,1.8687893152236938,1.8706672191619873,1.8687893152236938,1.8706672191619873,13962496
2025-12-16 04:00:00+00:00,1.8707658052444458,1.8735785484313965,1.8705127239227295,1.8735785484313965,16489728
2025-12-16 04:15:00+00:00,1.8732529878616333,1.8732529878616333,1.867587924003601,1.867587924003601,6001408
2025-12-16 04:30:00+00:00,1.8674737215042114,1.8674737215042114,1.863311767578125,1.8633509874343872,8677120
2025-12-16 04:45:00+00:00,1.8631908893585205,1.8694038391113281,1.861519694328308,1.8694038391113281,36529152
2025-12-16 05:00:00+00:00,1.8696266412734985,1.8730570077896118,1.8696266412734985,1.8721128702163696,13361152
2025-12-16 05:15:00+00:00,1.8719959259033203,1.8719959259033203,1.8699209690093994,1.8699660301208496,2737920
2025-12-16 05:30:00+00:00,1.8699861764907837,1.8765935897827148,1.8697980642318726,1.8765935897827148,15123712
2025-12-16 05:45:00+00:00,1.8811060190200806,1.881822109222412,1.8807592391967773,1.8813621997833252,13903616
2025-12-16 06:00:00+00:00,1.8814460039138794,1.887475609779358,1.8814460039138794,1.887424111366272,16981504
2025-12-16 06:15:00+00:00,1.8873802423477173,1.8892942667007446,1.8848415613174438,1.8890790939331055,15680000
2025-12-16 06:30:00+00:00,1.8890646696090698,1.8927061557769775,1.8890646696090698,1.8927061557769775,17085440
2025-12-16 06:45:00+00:00,1.8927366733551025,1.8960753679275513,1.8927366733551025,1.8960753679275513,5141504
2025-12-16 07:00:00+00:00,1.8958334922790527,1.8964604139328003,1.8935916423797607,1.8935916423797607,418560
2025-12-16 07:15:00+00:00,1.8933544158935547,1.8933544158935547,1.8878024816513062,1.8878693580627441,10906880
2025-12-16 07:30:00+00:00,1.8879367113113403,1.8879367113113403,1.8792750835418701,1.8792750835418701,5405184
2025-12-16 07:45:00+00:00,1.8791375160217285,1.8791375160217285,1.8766815662384033,1.8769487142562866,8547072
2025-12-16 08:00:00+00:00,1.8769384622573853,1.8800195455551147,1.8763765096664429,1.8799635171890259,5696768
2025-12-16 08:15:00+00:00,1.8798998594284058,1.8798998594284058,1.8772093057632446,1.8786956071853638,9025792
2025-12-16 08:30:00+00:00,1.8788321018218994,1.880582332611084,1.8788321018218994,1.880582332611084,4381952
2025-12-16 08:45:00+00:00,1.8806558847427368,1.8828010559082031,1.877815842628479,1.877815842628479,6679296
2025-12-16 09:00:00+00:00,1.8778818845748901,1.8784795999526978,1.8776051998138428,1.8782305717468262,0
2025-12-16 09:15:00+00:00,1.878309726715088,1.8797470331192017,1.8775802850723267,1.8775802850723267,3621120
2025-12-16 09:30:00+00:00,1.8774428367614746,1.8799632787704468,1.8774428367614746,1.8794779777526855,7492096
2025-12-16 09:45:00+00:00,1.879878044128418,1.8806382417678833,1.878780484199524,1.878780484199524,1797632
2025-12-16 10:00:00+00:00,1.8785232305526733,1.8802878856658936,1.8785232305526733,1.8802365064620972,59136
2025-12-16 10:15:00+00:00,1.8801651000976562,1.8842817544937134,1.8801651000976562,1.8842817544937134,5901824
2025-12-16 10:30:00+00:00,1.8840144872665405,1.9015213251113892,1.883446455001831,1.9015213251113892,31218688
2025-12-16 10:45:00+00:00,1.9015977382659912,1.9099470376968384,1.9015977382659912,1.9099470376968384,53121792
2025-12-16 11:00:00+00:00,1.909038782119751,1.909038782119751,1.9068852663040161,1.9073683023452759,12230912
2025-12-16 11:15:00+00:00,1.9076635837554932,1.915121078491211,1.9076635837554932,1.915121078491211,26544640
2025-12-16 11:30:00+00:00,1.9155694246292114,1.9238412380218506,1.9155694246292114,1.9195475578308105,40941056
2025-12-16 11:45:00+00:00,1.920218586921692,1.920218586921692,1.9187668561935425,1.9193787574768066,10164480
2025-12-16 12:00:00+00:00,1.9194029569625854,1.9257467985153198,1.9194029569625854,1.925540566444397,9569024
2025-12-16 12:15:00+00:00,1.9250901937484741,1.9284594058990479,1.9250901937484741,1.9264650344848633,17173248
2025-12-16 12:30:00+00:00,1.9262409210205078,1.9262409210205078,1.9235783815383911,1.925020694732666,16169984
2025-12-16 12:45:00+00:00,1.9254108667373657,1.9361790418624878,1.9254108667373657,1.9361790418624878,32203776
2025-12-16 13:00:00+00:00,1.9359219074249268,1.9359219074249268,1.9315799474716187,1.9315799474716187,0
2025-12-16 13:15:00+00:00,1.932395339012146,1.9408642053604126,1.932395339012146,1.9389690160751343,2897664
2025-12-16 13:30:00+00:00,1.9395396709442139,1.941150426864624,1.9210965633392334,1.9232953786849976,60177920
2025-12-16 13:45:00+00:00,1.9218075275421143,1.9218075275421143,1.9185460805892944,1.9190770387649536,20095488
2025-12-16 14:00:00+00:00,1.9182566404342651,1.9212021827697754,1.905994176864624,1.9191293716430664,41683200
2025-12-16 14:15:00+00:00,1.9191659688949585,1.9214105606079102,1.917853832244873,1.917853832244873,0
2025-12-16 14:30:00+00:00,1.9179681539535522,1.9220904111862183,1.9179681539535522,1.918557047843933,30097920
2025-12-16 14:45:00+00:00,1.9178709983825684,1.9255880117416382,1.9144610166549683,1.9200022220611572,13999360
2025-12-16 15:00:00+00:00,1.9202698469161987,1.9273221492767334,1.919089913368225,1.9260680675506592,0
2025-12-16 15:15:00+00:00,1.9266142845153809,1.9266142845153809,1.9207072257995605,1.921278953552246,0
2025-12-16 15:30:00+00:00,1.9268590211868286,1.930666208267212,1.926060676574707,1.9271601438522339,0
2025-12-16 15:45:00+00:00,1.927682876586914,1.9433928728103638,1.927682876586914,1.9433928728103638,7726080
2025-12-16 16:00:00+00:00,1.9424301385879517,1.9424301385879517,1.937636375427246,1.937636375427246,0
2025-12-16 16:15:00+00:00,1.9366403818130493,1.9366403818130493,1.9324091672897339,1.9345499277114868,0
2025-12-16 16:30:00+00:00,1.9339624643325806,1.9339624643325806,1.9202765226364136,1.9202765226364136,0
2025-12-16 16:45:00+00:00,1.921325445175171,1.9286518096923828,1.921325445175171,1.9286518096923828,0
2025-12-16 17:00:00+00:00,1.9283592700958252,1.9287759065628052,1.9261960983276367,1.9287759065628052,0
2025-12-16 17:15:00+00:00,1.9317649602890015,1.9325186014175415,1.9228764772415161,1.9228764772415161,0
2025-12-16 17:30:00+00:00,1.9230306148529053,1.9257419109344482,1.9215290546417236,1.9215290546417236,0
2025-12-16 17:45:00+00:00,1.9209213256835938,1.9209213256835938,1.9166159629821777,1.9166603088378906,0
2025-12-16 18:00:00+00:00,1.9164576530456543,1.9223660230636597,1.9164576530456543,1.9223660230636597,0
2025-12-16 18:15:00+00:00,1.9221609830856323,1.9221609830856323,1.918219804763794,1.9185196161270142,0
2025-12-16 18:30:00+00:00,1.9185928106307983,1.9314393997192383,1.9185928106307983,1.9311761856079102,0
2025-12-16 18:45:00+00:00,1.932058334350586,1.9366426467895508,1.9320045709609985,1.9337022304534912,4246016
2025-12-16 19:00:00+00:00,1.9335627555847168,1.9335627555847168,1.9207327365875244,1.9207327365875244,0
2025-12-16 19:15:00+00:00,1.9202888011932373,1.9202888011932373,1.9167966842651367,1.9179044961929321,0
2025-12-16 19:30:00+00:00,1.9180018901824951,1.921818733215332,1.9180018901824951,1.9215425252914429,0
2025-12-16 19:45:00+00:00,1.9223606586456299,1.9288618564605713,1.9223606586456299,1.9275623559951782,0
2025-12-16 20:00:00+00:00,1.9274036884307861,1.929142713546753,1.9266643524169922,1.9268311262130737,0
2025-12-16 20:15:00+00:00,1.925158143043518,1.9293386936187744,1.9245574474334717,1.929243564605713,0
2025-12-16 20:30:00+00:00,1.9292842149734497,1.9309964179992676,1.9286651611328125,1.9309964179992676,0
2025-12-16 20:45:00+00:00,1.930962324142456,1.930962324142456,1.9280749559402466,1.92890465259552,0
2025-12-16 21:00:00+00:00,1.928818702697754,1.928818702697754,1.9204844236373901,1.9235566854476929,0
2025-12-16 21:15:00+00:00,1.9231362342834473,1.925902009010315,1.9231362342834473,1.925902009010315,0
2025-12-16 21:30:00+00:00,1.9261478185653687,1.9289677143096924,1.9261478185653687,1.9283745288848877,0
2025-12-16 21:45:00+00:00,1.9282170534133911,1.9282170534133911,1.9265552759170532,1.9265552759170532,0
2025-12-16 22:00:00+00:00,1.9265151023864746,1.9268745183944702,1.9250010251998901,1.9250010251998901,0
2025-12-16 22:15:00+00:00,1.924576759338379,1.9278693199157715,1.9243354797363281,1.9274712800979614,0
2025-12-16 22:30:00+00:00,1.9278827905654907,1.9278827905654907,1.9265369176864624,1.9275439977645874,0
2025-12-16 22:45:00+00:00,1.9277757406234741,1.9277757406234741,1.926727056503296,1.926816463470459,0
2025-12-16 23:00:00+00:00,1.9264193773269653,1.9264695644378662,1.9246705770492554,1.9246705770492554,0
2025-12-16 23:15:00+00:00,1.9252207279205322,1.928052306175232,1.9252207279205322,1.926090121269226,0
2025-12-16 23:30:00+00:00,1.9261054992675781,1.9261054992675781,1.9248031377792358,1.9258930683135986,0
2025-12-16 23:45:00+00:00,1.9259905815124512,1.93003249168396,1.9259905815124512,1.93003249168396,0
2025-12-17 00:00:00+00:00,1.9289698600769043,1.9289698600769043,1.9262596368789673,1.9268790483474731,0
2025-12-17 00:15:00+00:00,1.9264843463897705,1.9264843463897705,1.922956109046936,1.9257057905197144,2923008
2025-12-17 00:30:00+00:00,1.9255949258804321,1.9255949258804321,1.9209600687026978,1.9209696054458618,0
2025-12-17 00:45:00+00:00,1.9209239482879639,1.9230451583862305,1.9202940464019775,1.9230451583862305,0
2025-12-17 01:00:00+00:00,1.9244695901870728,1.930313229560852,1.924214243888855,1.9295636415481567,0
2025-12-17 01:15:00+00:00,1.928490161895752,1.9342634677886963,1.928490161895752,1.9311704635620117,12966656
2025-12-17 01:30:00+00:00,1.9327284097671509,1.9327284097671509,1.9279874563217163,1.9279874563217163,0
2025-12-17 01:45:00+00:00,1.9277234077453613,1.9277234077453613,1.9222816228866577,1.9222816228866577,0
2025-12-17 02:00:00+00:00,1.922376036643982,1.9225575923919678,1.9202861785888672,1.9202861785888672,0
2025-12-17 02:15:00+00:00,1.9198256731033325,1.9198256731033325,1.916693925857544,1.9168213605880737,0
2025-12-17 02:30:00+00:00,1.9167606830596924,1.9223326444625854,1.9156602621078491,1.9223326444625854,6733312
2025-12-17 02:45:00+00:00,1.9221619367599487,1.9309630393981934,1.9221619367599487,1.9309630393981934,6332160
2025-12-17 03:00:00+00:00,1.9310202598571777,1.9348978996276855,1.9310202598571777,1.9317117929458618,4454912
2025-12-17 03:15:00+00:00,1.9313971996307373,1.9313971996307373,1.929490327835083,1.9303914308547974,0
2025-12-17 03:30:00+00:00,1.9304300546646118,1.9308277368545532,1.929399013519287,1.9300569295883179,0
2025-12-17 03:45:00+00:00,1.9301034212112427,1.9306919574737549,1.9273790121078491,1.9273790121078491,0
2025-12-17 04:00:00+00:00,1.926857829093933,1.9280658960342407,1.926857829093933,1.9269652366638184,0
2025-12-17 04:15:00+00:00,1.9269378185272217,1.9269378185272217,1.9204621315002441,1.923803448677063,1618432
2025-12-17 04:30:00+00:00,1.9217439889907837,1.923587679862976,1.9205234050750732,1.9216924905776978,0
2025-12-17 04:45:00+00:00,1.9208675622940063,1.9209933280944824,1.9191862344741821,1.9191862344741821,0
2025-12-17 05:00:00+00:00,1.9191969633102417,1.9191969633102417,1.9135584831237793,1.9163724184036255,2240000
2025-12-17 05:15:00+00:00,1.9162341356277466,1.9162341356277466,1.909581184387207,1.9097133874893188,7595776
2025-12-17 05:30:00+00:00,1.9101085662841797,1.9128397703170776,1.9101085662841797,1.9125220775604248,13025280
2025-12-17 05:45:00+00:00,1.9128168821334839,1.9194399118423462,1.9128168821334839,1.9194399118423462,1889280
2025-12-17 06:00:00+00:00,1.9195207357406616,1.9250811338424683,1.9195207357406616,1.9249624013900757,270592
2025-12-17 06:15:00+00:00,1.925796389579773,1.9271984100341797,1.9253995418548584,1.9268156290054321,0
2025-12-17 06:30:00+00:00,1.9260228872299194,1.9260228872299194,1.9233641624450684,1.9233641624450684,0
2025-12-17 06:45:00+00:00,1.9232916831970215,1.9232916831970215,1.9212394952774048,1.9212552309036255,0
2025-12-17 07:00:00+00:00,1.9212355613708496,1.924081563949585,1.9212355613708496,1.9224592447280884,0
2025-12-17 07:15:00+00:00,1.922054409980774,1.922054409980774,1.9191311597824097,1.9207431077957153,0
2025-12-17 07:30:00+00:00,1.920737862586975,1.9261829853057861,1.920737862586975,1.9257383346557617,8547328
2025-12-17 07:45:00+00:00,1.9250637292861938,1.9250637292861938,1.9241060018539429,1.9243499040603638,568576
2025-12-17 08:00:00+00:00,1.9241814613342285,1.9241814613342285,1.9205875396728516,1.9209858179092407,0
2025-12-17 08:15:00+00:00,1.9210596084594727,1.9210596084594727,1.9149547815322876,1.9149547815322876,36352
2025-12-17 08:30:00+00:00,1.914927363395691,1.914927363395691,1.9088386297225952,1.9088386297225952,2208512
2025-12-17 08:45:00+00:00,1.9089335203170776,1.9089335203170776,1.9060232639312744,1.9060232639312744,5101824
2025-12-17 09:00:00+00:00,1.9062317609786987,1.9070814847946167,1.9051393270492554,1.9051393270492554,8441856
2025-12-17 09:15:00+00:00,1.9051780700683594,1.9051780700683594,1.9011319875717163,1.901199460029602,10325248
2025-12-17 09:30:00+00:00,1.9010117053985596,1.9036495685577393,1.9005306959152222,1.9036495685577393,11906816
2025-12-17 09:45:00+00:00,1.9037312269210815,1.9042177200317383,1.901949405670166,1.901949405670166,273152
2025-12-17 10:00:00+00:00,1.901936650276184,1.901936650276184,1.8992549180984497,1.900539755821228,4440832
2025-12-17 10:15:00+00:00,1.9011168479919434,1.9060653448104858,1.9011168479919434,1.9059685468673706,6362112
2025-12-17 10:30:00+00:00,1.9043976068496704,1.9059691429138184,1.9036785364151,1.9056411981582642,4626432
2025-12-17 10:45:00+00:00,1.9057269096374512,1.9062732458114624,1.9048374891281128,1.9056795835494995,0
2025-12-17 11:00:00+00:00,1.9057533740997314,1.9104113578796387,1.9057533740997314,1.9104113578796387,0
2025-12-17 11:15:00+00:00,1.9104526042938232,1.9122251272201538,1.9104526042938232,1.9107054471969604,0
2025-12-17 11:30:00+00:00,1.9104572534561157,1.9127464294433594,1.9097756147384644,1.9127464294433594,0
2025-12-17 11:45:00+00:00,1.9127591848373413,1.9139058589935303,1.9126607179641724,1.9129350185394287,0
2025-12-17 12:00:00+00:00,1.9130187034606934,1.9137392044067383,1.9122886657714844,1.9122886657714844,0
2025-12-17 12:15:00+00:00,1.9118391275405884,1.9118391275405884,1.9099429845809937,1.911187767982483,0
2025-12-17 12:30:00+00:00,1.9113266468048096,1.9113266468048096,1.9093328714370728,1.909919023513794,249600
2025-12-17 12:45:00+00:00,1.9095871448516846,1.9104198217391968,1.9086393117904663,1.9096167087554932,0
2025-12-17 13:00:00+00:00,1.9098074436187744,1.912358283996582,1.9098074436187744,1.9122318029403687,0
2025-12-17 13:15:00+00:00,1.9098401069641113,1.9098401069641113,1.9063551425933838,1.90711510181427,0
2025-12-17 13:30:00+00:00,1.9068586826324463,1.910194993019104,1.9068586826324463,1.910194993019104,0
2025-12-17 13:45:00+00:00,1.9107062816619873,1.9198461771011353,1.9107062816619873,1.9198461771011353,5030656
2025-12-17 14:00:00+00:00,1.9203464984893799,1.922203540802002,1.9199856519699097,1.920215368270874,0
2025-12-17 14:15:00+00:00,1.9201716184616089,1.9270074367523193,1.9201716184616089,1.926700234413147,2827520
2025-12-17 14:30:00+00:00,1.9265979528427124,1.9273113012313843,1.9176620244979858,1.9177135229110718,754944
2025-12-17 14:45:00+00:00,1.9176744222640991,1.959768295288086,1.912196397781372,1.9590506553649902,100181248
2025-12-17 15:00:00+00:00,1.9633179903030396,1.97762930393219,1.9633179903030396,1.977116346359253,166734080
2025-12-17 15:15:00+00:00,1.978516936302185,1.9818893671035767,1.9671176671981812,1.9671176671981812,59499520
2025-12-17 15:30:00+00:00,1.9678919315338135,1.9698964357376099,1.9558597803115845,1.9558597803115845,34316288
2025-12-17 15:45:00+00:00,1.9444371461868286,1.9444371461868286,1.9135384559631348,1.9135384559631348,84560384
2025-12-17 16:00:00+00:00,1.9135891199111938,1.9183107614517212,1.9135891199111938,1.9161020517349243,18320640
2025-12-17 16:15:00+00:00,1.9139162302017212,1.9139162302017212,1.8884813785552979,1.8886122703552246,101561088
2025-12-17 16:30:00+00:00,1.8844561576843262,1.8869084119796753,1.8828145265579224,1.8828145265579224,45709824
2025-12-17 16:45:00+00:00,1.8842943906784058,1.8947114944458008,1.8842943906784058,1.8947114944458008,31875584
2025-12-17 17:00:00+00:00,1.8964160680770874,1.8964160680770874,1.8821970224380493,1.886372447013855,16094464
2025-12-17 17:15:00+00:00,1.8858920335769653,1.8899153470993042,1.8837567567825317,1.8899153470993042,22135296
2025-12-17 17:30:00+00:00,1.888559341430664,1.888559341430664,1.8793162107467651,1.8793162107467651,11956480
2025-12-17 17:45:00+00:00,1.8785648345947266,1.8785648345947266,1.8734370470046997,1.8734370470046997,24678400
2025-12-17 18:00:00+00:00,1.8732521533966064,1.8788948059082031,1.8732521533966064,1.8782600164413452,4636672
2025-12-17 18:15:00+00:00,1.876599907875061,1.8783334493637085,1.8733159303665161,1.8757197856903076,15726080
2025-12-17 18:30:00+00:00,1.875908613204956,1.875908613204956,1.8617000579833984,1.8617000579833984,24389376
2025-12-17 18:45:00+00:00,1.8593547344207764,1.8593547344207764,1.855998158454895,1.855998158454895,40269568
2025-12-17 19:00:00+00:00,1.8565945625305176,1.8576682806015015,1.8515238761901855,1.8515238761901855,39919616
2025-12-17 19:15:00+00:00,1.8520448207855225,1.855960726737976,1.8520448207855225,1.8540852069854736,34043648
2025-12-17 19:30:00+00:00,1.853987455368042,1.8549903631210327,1.8503140211105347,1.8537659645080566,29181440
2025-12-17 19:45:00+00:00,1.8529400825500488,1.8647444248199463,1.8529400825500488,1.863507866859436,34798848
2025-12-17 20:00:00+00:00,1.8637686967849731,1.8644309043884277,1.859515905380249,1.859515905380249,10350080
2025-12-17 20:15:00+00:00,1.860673427581787,1.8800702095031738,1.860673427581787,1.8800702095031738,44133888
2025-12-17 20:30:00+00:00,1.8805397748947144,1.881871223449707,1.8774385452270508,1.878811240196228,28185856
2025-12-17 20:45:00+00:00,1.8800346851348877,1.8804374933242798,1.8770694732666016,1.8770694732666016,9001216
2025-12-17 21:00:00+00:00,1.8770339488983154,1.8770339488983154,1.8736604452133179,1.8736604452133179,643328
2025-12-17 21:15:00+00:00,1.872891902923584,1.872891902923584,1.8658554553985596,1.8658554553985596,12874240
2025-12-17 21:30:00+00:00,1.865899682044983,1.865899682044983,1.8630064725875854,1.8634302616119385,10145024
2025-12-17 21:45:00+00:00,1.8635807037353516,1.8635807037353516,1.8609492778778076,1.8630397319793701,10705408
2025-12-17 22:00:00+00:00,1.8625997304916382,1.8625997304916382,1.8582584857940674,1.8620792627334595,12638720
2025-12-17 22:15:00+00:00,1.861855387687683,1.866943597793579,1.860389232635498,1.866943597793579,10329600
2025-12-17 22:30:00+00:00,1.866557240486145,1.8684029579162598,1.8641479015350342,1.8641479015350342,4441600
2025-12-17 22:45:00+00:00,1.8644278049468994,1.8695420026779175,1.8639636039733887,1.8695420026779175,7447808
2025-12-17 23:00:00+00:00,1.86931312084198,1.86931312084198,1.861751675605774,1.861751675605774,3414528
2025-12-17 23:15:00+00:00,1.8613741397857666,1.8613741397857666,1.857486367225647,1.857486367225647,12934656
2025-12-17 23:30:00+00:00,1.8576818704605103,1.8617990016937256,1.8576818704605103,1.8617990016937256,6313728
2025-12-17 23:45:00+00:00,1.8617877960205078,1.8622251749038696,1.8615139722824097,1.8617379665374756,3955200
2025-12-18 00:00:00+00:00,1.862199306488037,1.862199306488037,1.8605502843856812,1.860679030418396,1049856
2025-12-18 00:15:00+00:00,1.860763669013977,1.8631837368011475,1.860763669013977,1.8631837368011475,709120
2025-12-18 00:30:00+00:00,1.8640300035476685,1.868265986442566,1.8640300035476685,1.8652852773666382,8035584
2025-12-18 00:45:00+00:00,1.865304708480835,1.8682270050048828,1.8650882244110107,1.8682270050048828,0
2025-12-18 01:00:00+00:00,1.8685096502304077,1.8685096502304077,1.8559645414352417,1.8559645414352417,4052736
2025-12-18 01:15:00+00:00,1.856010913848877,1.8586081266403198,1.856010913848877,1.8582849502563477,0
2025-12-18 01:30:00+00:00,1.8581266403198242,1.8581266403198242,1.8570102453231812,1.8570102453231812,1645056
2025-12-18 01:45:00+00:00,1.8572536706924438,1.8575633764266968,1.8546758890151978,1.8550341129302979,7910144
2025-12-18 02:00:00+00:00,1.8550914525985718,1.861713171005249,1.8548818826675415,1.861713171005249,11879424
2025-12-18 02:15:00+00:00,1.863007664680481,1.8683619499206543,1.8618465662002563,1.8620398044586182,16843264
2025-12-18 02:30:00+00:00,1.8621639013290405,1.865049958229065,1.8621639013290405,1.865049958229065,3874560
2025-12-18 02:45:00+00:00,1.8653558492660522,1.8663536310195923,1.8640249967575073,1.8640249967575073,939776
2025-12-18 03:00:00+00:00,1.8634852170944214,1.8634852170944214,1.861533284187317,1.8621180057525635,0
2025-12-18 03:15:00+00:00,1.8621180057525635,1.8621180057525635,1.854833960533142,1.854833960533142,3090176
2025-12-18 03:30:00+00:00,1.8540183305740356,1.8554097414016724,1.8530049324035645,1.855379343032837,7284736
2025-12-18 03:45:00+00:00,1.855167269706726,1.8557853698730469,1.8547747135162354,1.8550865650177002,0
2025-12-18 04:00:00+00:00,1.8550691604614258,1.8582290410995483,1.8550691604614258,1.8574326038360596,7126528
2025-12-18 04:15:00+00:00,1.8576911687850952,1.8591246604919434,1.8576911687850952,1.8586164712905884,0
2025-12-18 04:30:00+00:00,1.8576443195343018,1.8583840131759644,1.8565595149993896,1.8565595149993896,1101056
2025-12-18 04:45:00+00:00,1.8565057516098022,1.85683274269104,1.8541065454483032,1.8541065454483032,2703872
2025-12-18 05:00:00+00:00,1.854060173034668,1.854060173034668,1.8474228382110596,1.8474228382110596,8369920
2025-12-18 05:15:00+00:00,1.8467481136322021,1.8467481136322021,1.8382283449172974,1.8382424116134644,32756736
2025-12-18 05:30:00+00:00,1.83650803565979,1.8411285877227783,1.833718180656433,1.8409773111343384,27245568
2025-12-18 05:45:00+00:00,1.8397216796875,1.8397216796875,1.8314456939697266,1.8315037488937378,18577408
2025-12-18 06:00:00+00:00,1.831512451171875,1.8340214490890503,1.8312569856643677,1.8340214490890503,7225856
2025-12-18 06:15:00+00:00,1.8347772359848022,1.835157871246338,1.8330416679382324,1.8330934047698975,5836288
2025-12-18 06:30:00+00:00,1.832821249961853,1.833540439605713,1.8315590620040894,1.8317817449569702,6380800
2025-12-18 06:45:00+00:00,1.8317415714263916,1.8318543434143066,1.8294661045074463,1.83139169216156,18334208
2025-12-18 07:00:00+00:00,1.8323984146118164,1.838881254196167,1.8323984146118164,1.838881254196167,13863168
2025-12-18 07:15:00+00:00,1.8409522771835327,1.8423622846603394,1.840890645980835,1.8423622846603394,8739072
2025-12-18 07:30:00+00:00,1.842423915863037,1.8426872491836548,1.8378568887710571,1.8378568887710571,0
2025-12-18 07:45:00+00:00,1.8377200365066528,1.8383358716964722,1.8370667695999146,1.8383358716964722,1471232
2025-12-18 08:00:00+00:00,1.8387356996536255,1.841323733329773,1.8387356996536255,1.8403615951538086,2762240
2025-12-18 08:15:00+00:00,1.8412683010101318,1.8456135988235474,1.8403675556182861,1.8451194763183594,11328256
2025-12-18 08:30:00+00:00,1.8457386493682861,1.847874402999878,1.8453540802001953,1.847874402999878,7767296
2025-12-18 08:45:00+00:00,1.8474745750427246,1.8518357276916504,1.8465038537979126,1.8518357276916504,11959296
2025-12-18 09:00:00+00:00,1.8518662452697754,1.8527929782867432,1.8515865802764893,1.852272391319275,5819136
2025-12-18 09:15:00+00:00,1.8520628213882446,1.8563817739486694,1.8520331382751465,1.8563817739486694,0
2025-12-18 09:30:00+00:00,1.8574814796447754,1.863869309425354,1.8574814796447754,1.863869309425354,7666944
2025-12-18 09:45:00+00:00,1.863885521888733,1.869956612586975,1.863885521888733,1.8696213960647583,18275328
2025-12-18 10:00:00+00:00,1.8696610927581787,1.8762789964675903,1.8694357872009277,1.8762789964675903,3951872
2025-12-18 10:15:00+00:00,1.8762723207473755,1.877712368965149,1.874186396598816,1.877712368965149,7071744
2025-12-18 10:30:00+00:00,1.87766695022583,1.8791733980178833,1.8747360706329346,1.874825358390808,4423168
2025-12-18 10:45:00+00:00,1.8751418590545654,1.8759198188781738,1.8745918273925781,1.874638557434082,4524288
2025-12-18 11:00:00+00:00,1.8747960329055786,1.8757418394088745,1.8730493783950806,1.8730493783950806,14474240
2025-12-18 11:15:00+00:00,1.8730350732803345,1.8730350732803345,1.8672958612442017,1.8673378229141235,12763392
2025-12-18 11:30:00+00:00,1.8672316074371338,1.8688489198684692,1.8672316074371338,1.868273138999939,6549248
2025-12-18 11:45:00+00:00,1.8684505224227905,1.8755412101745605,1.8684505224227905,1.8755412101745605,6500608
2025-12-18 12:00:00+00:00,1.8769060373306274,1.8778469562530518,1.875388264656067,1.875388264656067,2388992
2025-12-18 12:15:00+00:00,1.8751184940338135,1.8765640258789062,1.8731670379638672,1.8742048740386963,2193920
2025-12-18 12:30:00+00:00,1.8755230903625488,1.8860483169555664,1.8755230903625488,1.8860483169555664,20243456
2025-12-18 12:45:00+00:00,1.8858660459518433,1.8860933780670166,1.8814997673034668,1.8815715312957764,822016
2025-12-18 13:00:00+00:00,1.8822182416915894,1.8908684253692627,1.8822182416915894,1.8906725645065308,20600064
2025-12-18 13:15:00+00:00,1.8906383514404297,1.895350694656372,1.8906383514404297,1.8919988870620728,18535680
2025-12-18 13:30:00+00:00,1.8919026851654053,1.9119858741760254,1.8919026851654053,1.9119858741760254,136745728
2025-12-18 13:45:00+00:00,1.9165072441101074,1.919463872909546,1.915102481842041,1.915102481842041,54689024
2025-12-18 14:00:00+00:00,1.9149606227874756,1.9210231304168701,1.907732367515564,1.907732367515564,26497792
2025-12-18 14:15:00+00:00,1.9060347080230713,1.9092899560928345,1.896921992301941,1.9090875387191772,66180352
2025-12-18 14:30:00+00:00,1.9091402292251587,1.9092522859573364,1.8958518505096436,1.8983067274093628,36948736
2025-12-18 14:45:00+00:00,1.8976833820343018,1.9017809629440308,1.895978331565857,1.901713490486145,238848
2025-12-18 15:00:00+00:00,1.9016435146331787,1.9054867029190063,1.9005237817764282,1.9005237817764282,0
2025-12-18 15:15:00+00:00,1.9008127450942993,1.9130754470825195,1.8997218608856201,1.9130754470825195,0
2025-12-18 15:30:00+00:00,1.9149776697158813,1.930562973022461,1.9142026901245117,1.930562973022461,19060480
2025-12-18 15:45:00+00:00,1.927462100982666,1.927462100982666,1.9177651405334473,1.9179739952087402,0
2025-12-18 16:00:00+00:00,1.9180917739868164,1.9180917739868164,1.9156996011734009,1.916510820388794,0
2025-12-18 16:15:00+00:00,1.9159762859344482,1.9159762859344482,1.908779501914978,1.908779501914978,0
2025-12-18 16:30:00+00:00,1.9088943004608154,1.9117591381072998,1.9076889753341675,1.911672592163086,0
2025-12-18 16:45:00+00:00,1.9118832349777222,1.912732720375061,1.9085155725479126,1.908637523651123,0
2025-12-18 17:00:00+00:00,1.9091895818710327,1.909240484237671,1.8770171403884888,1.8770171403884888,33786624
2025-12-18 17:15:00+00:00,1.8764777183532715,1.8764777183532715,1.8446754217147827,1.8474539518356323,84741632
2025-12-18 17:30:00+00:00,1.8504533767700195,1.869553804397583,1.8504533767700195,1.868477702140808,55591168
2025-12-18 17:45:00+00:00,1.869652509689331,1.870176911354065,1.864127278327942,1.8641482591629028,1248512
2025-12-18 18:00:00+00:00,1.8650753498077393,1.869730830192566,1.8632087707519531,1.869730830192566,8764928
2025-12-18 18:15:00+00:00,1.8697199821472168,1.8711503744125366,1.8606164455413818,1.8606164455413818,8369920
2025-12-18 18:30:00+00:00,1.8598026037216187,1.8635785579681396,1.8598026037216187,1.8631653785705566,0
2025-12-18 18:45:00+00:00,1.8626130819320679,1.8626130819320679,1.8424919843673706,1.8426628112792969,0
2025-12-18 19:00:00+00:00,1.8424506187438965,1.8424506187438965,1.8359133005142212,1.8388168811798096,2404608
2025-12-18 19:15:00+00:00,1.8382408618927002,1.8382408618927002,1.8316651582717896,1.8334739208221436,9495040
2025-12-18 19:30:00+00:00,1.8337115049362183,1.8337115049362183,1.8204944133758545,1.8212511539459229,46828544
2025-12-18 19:45:00+00:00,1.8204641342163086,1.8204641342163086,1.8051731586456299,1.8056018352508545,87660032
2025-12-18 20:00:00+00:00,1.8061933517456055,1.8197733163833618,1.8061933517456055,1.8196684122085571,26842112
2025-12-18 20:15:00+00:00,1.8191300630569458,1.8191300630569458,1.8169565200805664,1.8169565200805664,2403840
2025-12-18 20:30:00+00:00,1.8137564659118652,1.8137564659118652,1.8101469278335571,1.8101469278335571,10962432
2025-12-18 20:45:00+00:00,1.810144066810608,1.810144066810608,1.8043197393417358,1.8050458431243896,17528320
2025-12-18 21:00:00+00:00,1.8075734376907349,1.8136670589447021,1.8075734376907349,1.8136670589447021,75564544
2025-12-18 21:15:00+00:00,1.8138476610183716,1.8154271841049194,1.8125895261764526,1.813555359840393,36867328
2025-12-18 21:30:00+00:00,1.8166377544403076,1.8192894458770752,1.811700463294983,1.811700463294983,28768512
2025-12-18 21:45:00+00:00,1.8125628232955933,1.8172485828399658,1.8125628232955933,1.8171461820602417,11176704
2025-12-18 22:00:00+00:00,1.8172402381896973,1.8216116428375244,1.8171409368515015,1.8216116428375244,8661504
2025-12-18 22:15:00+00:00,1.8207553625106812,1.8207553625106812,1.816149115562439,1.8164002895355225,0
2025-12-18 22:30:00+00:00,1.8169389963150024,1.8197804689407349,1.8168165683746338,1.8168165683746338,5533184
2025-12-18 22:45:00+00:00,1.817054271697998,1.8189928531646729,1.8163514137268066,1.818305253982544,2763264
2025-12-18 23:00:00+00:00,1.8183411359786987,1.8183411359786987,1.8129167556762695,1.8129366636276245,3416832
2025-12-18 23:15:00+00:00,1.8133679628372192,1.8142112493515015,1.8107147216796875,1.810773253440857,2915328
2025-12-18 23:30:00+00:00,1.8107250928878784,1.8123762607574463,1.808537244796753,1.808537244796753,7579648
2025-12-18 23:45:00+00:00,1.8076382875442505,1.808045744895935,1.8073168992996216,1.8077465295791626,10567680
2025-12-19 00:00:00+00:00,1.8076260089874268,1.8099125623703003,1.8054345846176147,1.8096399307250977,15003904
2025-12-19 00:15:00+00:00,1.8090169429779053,1.8090169429779053,1.7989048957824707,1.7989048957824707,32472320
2025-12-19 00:30:00+00:00,1.7971997261047363,1.7971997261047363,1.7838952541351318,1.7838952541351318,56638976
2025-12-19 00:45:00+00:00,1.7824153900146484,1.7915081977844238,1.7824153900146484,1.7915081977844238,46109952
2025-12-19 01:00:00+00:00,1.7913583517074585,1.7913583517074585,1.781753659248352,1.784670352935791,12581376
2025-12-19 01:15:00+00:00,1.7840324640274048,1.7877039909362793,1.7822895050048828,1.7823926210403442,6614784
2025-12-19 01:30:00+00:00,1.7818653583526611,1.7818653583526611,1.773242712020874,1.773242712020874,40321280
2025-12-19 01:45:00+00:00,1.7729183435440063,1.7818732261657715,1.772857904434204,1.7818385362625122,23600384
2025-12-19 02:00:00+00:00,1.7816828489303589,1.7816828489303589,1.7765833139419556,1.7775737047195435,12412672
2025-12-19 02:15:00+00:00,1.7766660451889038,1.781839370727539,1.775589942932129,1.781839370727539,2350848
2025-12-19 02:30:00+00:00,1.7843490839004517,1.7845065593719482,1.7808442115783691,1.7844423055648804,21933312
2025-12-19 02:45:00+00:00,1.7844420671463013,1.7955832481384277,1.7844420671463013,1.7950578927993774,42094336
2025-12-19 03:00:00+00:00,1.7940393686294556,1.813880443572998,1.7940393686294556,1.813880443572998,88061696
2025-12-19 03:15:00+00:00,1.8134444952011108,1.8326843976974487,1.810596227645874,1.8326843976974487,105820928
2025-12-19 03:30:00+00:00,1.843417763710022,1.848969578742981,1.8349201679229736,1.8411515951156616,124787200
2025-12-19 03:45:00+00:00,1.8413841724395752,1.8480185270309448,1.8411457538604736,1.8411457538604736,53334016
2025-12-19 04:00:00+00:00,1.8412935733795166,1.8458998203277588,1.8390815258026123,1.8458998203277588,45396480
2025-12-19 04:15:00+00:00,1.846227765083313,1.8472493886947632,1.8444573879241943,1.8455837965011597,21144064
2025-12-19 04:30:00+00:00,1.8452407121658325,1.8457967042922974,1.840221643447876,1.840221643447876,15450624
2025-12-19 04:45:00+00:00,1.840544581413269,1.841240406036377,1.839229702949524,1.839229702949524,11540480
2025-12-19 05:00:00+00:00,1.8392136096954346,1.8392136096954346,1.8308545351028442,1.8318485021591187,6462464
2025-12-19 05:15:00+00:00,1.8322117328643799,1.832411527633667,1.827651858329773,1.8282212018966675,0
2025-12-19 05:30:00+00:00,1.8281782865524292,1.8315988779067993,1.8264142274856567,1.8312838077545166,0
2025-12-19 05:45:00+00:00,1.8308926820755005,1.8308926820755005,1.8285185098648071,1.829248070716858,1111552
2025-12-19 06:00:00+00:00,1.8278099298477173,1.833005666732788,1.8278099298477173,1.8319675922393799,0
2025-12-19 06:15:00+00:00,1.832047462463379,1.8321765661239624,1.8299616575241089,1.8321765661239624,2185728
2025-12-19 06:30:00+00:00,1.8327009677886963,1.8419125080108643,1.8327009677886963,1.841444969177246,13721088
2025-12-19 06:45:00+00:00,1.8418915271759033,1.8465055227279663,1.8395516872406006,1.8465055227279663,15750656
2025-12-19 07:00:00+00:00,1.8466776609420776,1.8734279870986938,1.8466776609420776,1.8734279870986938,59451904
2025-12-19 07:15:00+00:00,1.871987223625183,1.871987223625183,1.8623992204666138,1.8627814054489136,47671296
2025-12-19 07:30:00+00:00,1.8630061149597168,1.8630061149597168,1.8598333597183228,1.8615057468414307,30783488
2025-12-19 07:45:00+00:00,1.8617345094680786,1.8649911880493164,1.8617345094680786,1.8649911880493164,17247232
2025-12-19 08:00:00+00:00,1.8653010129928589,1.8677958250045776,1.8649019002914429,1.865848422050476,7971840
2025-12-19 08:15:00+00:00,1.8647433519363403,1.8654603958129883,1.861635446548462,1.861635446548462,6342144
2025-12-19 08:30:00+00:00,1.861545205116272,1.866274356842041,1.8602417707443237,1.866274356842041,6883840
2025-12-19 08:45:00+00:00,1.8662446737289429,1.8687235116958618,1.8662446737289429,1.867342472076416,6185984
2025-12-19 09:00:00+00:00,1.8663713932037354,1.8673007488250732,1.8649471998214722,1.8669800758361816,621056
2025-12-19 09:15:00+00:00,1.8668577671051025,1.8668577671051025,1.865044116973877,1.8651968240737915,3879424
2025-12-19 09:30:00+00:00,1.8651400804519653,1.86569082736969,1.863126516342163,1.8635174036026,598016
2025-12-19 09:45:00+00:00,1.8636138439178467,1.8637707233428955,1.8625279664993286,1.8633594512939453,5479936
2025-12-19 10:00:00+00:00,1.8633930683135986,1.866263508796692,1.862974762916565,1.8647061586380005,2467840
2025-12-19 10:15:00+00:00,1.864912748336792,1.8667778968811035,1.8635121583938599,1.8637796640396118,582144
2025-12-19 10:30:00+00:00,1.8635287284851074,1.8650046586990356,1.8635287284851074,1.8649489879608154,422912
2025-12-19 10:45:00+00:00,1.8649020195007324,1.8649965524673462,1.8641630411148071,1.8642934560775757,2419200
2025-12-19 11:00:00+00:00,1.8644709587097168,1.8656139373779297,1.8639835119247437,1.8656139373779297,0
2025-12-19 11:15:00+00:00,1.8656588792800903,1.866708517074585,1.865162968635559,1.8665835857391357,0
2025-12-19 11:30:00+00:00,1.866546630859375,1.8681132793426514,1.8664867877960205,1.8681132793426514,6392832
2025-12-19 11:45:00+00:00,1.8689810037612915,1.8697474002838135,1.8689786195755005,1.869386911392212,0
2025-12-19 12:00:00+00:00,1.869397759437561,1.8704618215560913,1.8662772178649902,1.8703594207763672,10771968
2025-12-19 12:15:00+00:00,1.8704211711883545,1.8735060691833496,1.8704211711883545,1.8735060691833496,11038208
2025-12-19 12:30:00+00:00,1.8732962608337402,1.875651478767395,1.8723219633102417,1.875651478767395,8024576
2025-12-19 12:45:00+00:00,1.8757610321044922,1.8829240798950195,1.8757610321044922,1.8783146142959595,33145344
2025-12-19 13:00:00+00:00,1.8786420822143555,1.881447196006775,1.8786420822143555,1.8797800540924072,0
2025-12-19 13:15:00+00:00,1.8801188468933105,1.8822511434555054,1.8800818920135498,1.8800818920135498,0
2025-12-19 13:30:00+00:00,1.8800605535507202,1.8800605535507202,1.8714709281921387,1.872291922569275,0
2025-12-19 13:45:00+00:00,1.8722387552261353,1.8722387552261353,1.867706537246704,1.867706537246704,0
2025-12-19 14:00:00+00:00,1.8672317266464233,1.8759846687316895,1.8665755987167358,1.8759846687316895,1790976
2025-12-19 14:15:00+00:00,1.8767188787460327,1.8770151138305664,1.8699448108673096,1.8706990480422974,0
2025-12-19 14:30:00+00:00,1.8711262941360474,1.8720823526382446,1.8663854598999023,1.8671995401382446,0
2025-12-19 14:45:00+00:00,1.8709625005722046,1.8827722072601318,1.8709625005722046,1.8759821653366089,36194304
2025-12-19 15:00:00+00:00,1.8762353658676147,1.8821852207183838,1.876015543937683,1.8821852207183838,7680512
2025-12-19 15:15:00+00:00,1.8821109533309937,1.9004762172698975,1.8775084018707275,1.8775084018707275,102168064
2025-12-19 15:30:00+00:00,1.8778793811798096,1.8804181814193726,1.8751695156097412,1.878803014755249,7058432
2025-12-19 15:45:00+00:00,1.8789622783660889,1.8789622783660889,1.8744640350341797,1.8744640350341797,80384
2025-12-19 16:00:00+00:00,1.8745622634887695,1.8885780572891235,1.8745622634887695,1.888469934463501,19579904
2025-12-19 16:15:00+00:00,1.8906430006027222,1.8908544778823853,1.887893795967102,1.889616847038269,6114816
2025-12-19 16:30:00+00:00,1.889643907546997,1.8963308334350586,1.889643907546997,1.8942599296569824,48185344
2025-12-19 16:45:00+00:00,1.8942432403564453,1.8942432403564453,1.8880348205566406,1.8880348205566406,32748032
2025-12-19 17:00:00+00:00,1.8880783319473267,1.9043629169464111,1.8880783319473267,1.9041553735733032,0
2025-12-19 17:15:00+00:00,1.902403712272644,1.9055954217910767,1.8998637199401855,1.8998637199401855,0
2025-12-19 17:30:00+00:00,1.898632526397705,1.898632526397705,1.882910132408142,1.8830112218856812,6878208
2025-12-19 17:45:00+00:00,1.882680058479309,1.8861533403396606,1.8798351287841797,1.8827083110809326,2436096
2025-12-19 18:00:00+00:00,1.8805582523345947,1.8805582523345947,1.8766605854034424,1.8795796632766724,3253248
2025-12-19 18:15:00+00:00,1.8806663751602173,1.8883854150772095,1.8806663751602173,1.8883776664733887,4626944
2025-12-19 18:30:00+00:00,1.8885279893875122,1.889026403427124,1.8862392902374268,1.8863141536712646,0
2025-12-19 18:45:00+00:00,1.8863928318023682,1.8956634998321533,1.8863928318023682,1.8956634998321533,2266112
2025-12-19 19:00:00+00:00,1.8947995901107788,1.8994523286819458,1.8940346240997314,1.8993995189666748,0
2025-12-19 19:15:00+00:00,1.8998196125030518,1.9077705144882202,1.899490475654602,1.9077705144882202,2132480
2025-12-19 19:30:00+00:00,1.9076128005981445,1.9148586988449097,1.907382607460022,1.9148586988449097,4858880
2025-12-19 19:45:00+00:00,1.9148505926132202,1.9158235788345337,1.9088693857192993,1.9088693857192993,0
2025-12-19 20:00:00+00:00,1.9084031581878662,1.9084031581878662,1.9071661233901978,1.9071661233901978,0
2025-12-19 20:15:00+00:00,1.9072506427764893,1.914581298828125,1.9072506427764893,1.9138469696044922,0
2025-12-19 20:30:00+00:00,1.9134292602539062,1.9148120880126953,1.9110034704208374,1.9117729663848877,2999552
2025-12-19 20:45:00+00:00,1.9114478826522827,1.9128162860870361,1.906699299812317,1.906699299812317,2312960
2025-12-19 21:00:00+00:00,1.907754898071289,1.907754898071289,1.905234694480896,1.9061917066574097,0
2025-12-19 21:15:00+00:00,1.9064844846725464,1.908200740814209,1.9064844846725464,1.9072529077529907,0
2025-12-19 21:30:00+00:00,1.9070780277252197,1.9070780277252197,1.9055804014205933,1.9055804014205933,0
2025-12-19 21:45:00+00:00,1.9053765535354614,1.9053765535354614,1.9018069505691528,1.9018069505691528,0
2025-12-19 22:00:00+00:00,1.9019043445587158,1.9066061973571777,1.9019043445587158,1.904500126838684,0
2025-12-19 22:15:00+00:00,1.9045144319534302,1.9074846506118774,1.9042197465896606,1.9074846506118774,1261312
2025-12-19 22:30:00+00:00,1.907606840133667,1.9090135097503662,1.9072400331497192,1.9090135097503662,0
2025-12-19 22:45:00+00:00,1.9089710712432861,1.909533977508545,1.9079768657684326,1.9079768657684326,0
2025-12-19 23:00:00+00:00,1.9080123901367188,1.9080123901367188,1.9036744832992554,1.9036744832992554,0
2025-12-19 23:15:00+00:00,1.9035587310791016,1.9047050476074219,1.9025534391403198,1.9047050476074219,0
2025-12-19 23:30:00+00:00,1.9042377471923828,1.9042377471923828,1.9024676084518433,1.9038437604904175,0
2025-12-19 23:45:00+00:00,1.9044926166534424,1.9072484970092773,1.9044926166534424,1.9072484970092773,0
2025-12-20 00:00:00+00:00,1.9074257612228394,1.9075819253921509,1.902477741241455,1.9037768840789795,0
2025-12-20 00:15:00+00:00,1.904751181602478,1.9072858095169067,1.904751181602478,1.9072858095169067,805632
2025-12-20 00:30:00+00:00,1.9076285362243652,1.9076285362243652,1.9046543836593628,1.9046858549118042,0
2025-12-20 00:45:00+00:00,1.9046592712402344,1.9055975675582886,1.903468370437622,1.9055975675582886,0
2025-12-20 01:00:00+00:00,1.9055333137512207,1.905741810798645,1.9031964540481567,1.9031964540481567,0
2025-12-20 01:15:00+00:00,1.9031600952148438,1.9038090705871582,1.9024782180786133,1.903705358505249,0
2025-12-20 01:30:00+00:00,1.903554081916809,1.903554081916809,1.9021905660629272,1.9021905660629272,0
2025-12-20 01:45:00+00:00,1.9021456241607666,1.9025392532348633,1.9015699625015259,1.901771068572998,0
2025-12-20 02:00:00+00:00,1.9016571044921875,1.901737928390503,1.8987758159637451,1.8987758159637451,0
2025-12-20 02:15:00+00:00,1.898677110671997,1.9002419710159302,1.8985059261322021,1.8985059261322021,0
2025-12-20 02:30:00+00:00,1.898316740989685,1.898316740989685,1.8951398134231567,1.897078037261963,1003264
2025-12-20 02:45:00+00:00,1.8992607593536377,1.8993512392044067,1.8971247673034668,1.8971247673034668,0
2025-12-20 03:00:00+00:00,1.8971612453460693,1.8979021310806274,1.8968369960784912,1.8969223499298096,0
2025-12-20 03:15:00+00:00,1.8966732025146484,1.898349404335022,1.8958654403686523,1.898349404335022,0
2025-12-20 03:30:00+00:00,1.8983548879623413,1.9046931266784668,1.8983548879623413,1.9046931266784668,0
2025-12-20 03:45:00+00:00,1.904698371887207,1.904698371887207,1.9036836624145508,1.903830885887146,0
2025-12-20 04:00:00+00:00,1.903599500656128,1.9046810865402222,1.900542974472046,1.900542974472046,0
2025-12-20 04:15:00+00:00,1.900739312171936,1.9007658958435059,1.8998976945877075,1.9005624055862427,0
2025-12-20 04:30:00+00:00,1.9006544351577759,1.9017044305801392,1.9006544351577759,1.9013614654541016,0
2025-12-20 04:45:00+00:00,1.902273416519165,1.9048190116882324,1.902273416519165,1.9034324884414673,0
2025-12-20 05:00:00+00:00,1.9037622213363647,1.9051148891448975,1.9037622213363647,1.9046884775161743,0
2025-12-20 05:15:00+00:00,1.9047963619232178,1.909509539604187,1.9047963619232178,1.909509539604187,0
2025-12-20 05:30:00+00:00,1.9096208810806274,1.915961742401123,1.9096208810806274,1.9144723415374756,1428736
2025-12-20 05:45:00+00:00,1.9142017364501953,1.9142017364501953,1.91307532787323,1.91307532787323,1139456
2025-12-20 06:00:00+00:00,1.9131197929382324,1.915244221687317,1.913077473640442,1.915244221687317,0
2025-12-20 06:15:00+00:00,1.9152462482452393,1.9152462482452393,1.9144905805587769,1.9147207736968994,508672
2025-12-20 06:30:00+00:00,1.9146969318389893,1.914771556854248,1.9140506982803345,1.9140942096710205,0
2025-12-20 06:45:00+00:00,1.9145116806030273,1.9149755239486694,1.9137365818023682,1.9149755239486694,0
2025-12-20 07:00:00+00:00,1.915090799331665,1.915730357170105,1.9117685556411743,1.9117685556411743,0
2025-12-20 07:15:00+00:00,1.9116718769073486,1.9116718769073486,1.9068529605865479,1.9077092409133911,0
2025-12-20 07:30:00+00:00,1.9087107181549072,1.9125351905822754,1.9087107181549072,1.912408471107483,0
2025-12-20 07:45:00+00:00,1.912329077720642,1.9132513999938965,1.912329077720642,1.9130380153656006,0
2025-12-20 08:00:00+00:00,1.9130690097808838,1.918508529663086,1.9130690097808838,1.918508529663086,190208
2025-12-20 08:15:00+00:00,1.918419361114502,1.9254952669143677,1.9181389808654785,1.9254952669143677,9451264
2025-12-20 08:30:00+00:00,1.9274542331695557,1.9355546236038208,1.9274542331695557,1.9345569610595703,36143104
2025-12-20 08:45:00+00:00,1.9327327013015747,1.9331364631652832,1.9293593168258667,1.9293593168258667,4965376
2025-12-20 09:00:00+00:00,1.9298611879348755,1.932989239692688,1.9298611879348755,1.9322936534881592,0
2025-12-20 09:15:00+00:00,1.9323683977127075,1.9379161596298218,1.932131290435791,1.9379161596298218,12055552
2025-12-20 09:30:00+00:00,1.9382286071777344,1.9515860080718994,1.9382286071777344,1.9515860080718994,52344064
2025-12-20 09:45:00+00:00,1.953290581703186,1.953290581703186,1.9494173526763916,1.9496486186981201,18820608
2025-12-20 10:00:00+00:00,1.9504759311676025,1.9533778429031372,1.9504759311676025,1.9533226490020752,1656576
2025-12-20 10:15:00+00:00,1.9531270265579224,1.9531270265579224,1.9476547241210938,1.9476547241210938,4030720
2025-12-20 10:30:00+00:00,1.9461859464645386,1.9462381601333618,1.9436330795288086,1.9440889358520508,25439488
2025-12-20 10:45:00+00:00,1.944785237312317,1.9474347829818726,1.9413282871246338,1.9413282871246338,4027648
2025-12-20 11:00:00+00:00,1.9408092498779297,1.940874457359314,1.9354078769683838,1.9354078769683838,9308672
2025-12-20 11:15:00+00:00,1.9346362352371216,1.938955545425415,1.9330353736877441,1.938955545425415,33949696
2025-12-20 11:30:00+00:00,1.9389160871505737,1.9406285285949707,1.9389160871505737,1.940508246421814,2228224
2025-12-20 11:45:00+00:00,1.940597653388977,1.9427947998046875,1.940597653388977,1.941759467124939,4768512
2025-12-20 12:00:00+00:00,1.9418224096298218,1.9452584981918335,1.9418224096298218,1.9447976350784302,0
2025-12-20 12:15:00+00:00,1.9448862075805664,1.9453240633010864,1.942824125289917,1.942824125289917,0
2025-12-20 12:30:00+00:00,1.9428282976150513,1.9428282976150513,1.9406441450119019,1.941566824913025,0
2025-12-20 12:45:00+00:00,1.9408657550811768,1.9412137269973755,1.940520167350769,1.940520167350769,0
2025-12-20 13:00:00+00:00,1.9401909112930298,1.9411324262619019,1.931450366973877,1.931450366973877,5266432
2025-12-20 13:15:00+00:00,1.9314637184143066,1.9314637184143066,1.9241278171539307,1.9241278171539307,43112704
2025-12-20 13:30:00+00:00,1.9236611127853394,1.9263267517089844,1.9211920499801636,1.9262940883636475,8087040
2025-12-20 13:45:00+00:00,1.9264472723007202,1.9297068119049072,1.9264472723007202,1.9281396865844727,1479936
2025-12-20 14:00:00+00:00,1.927785038948059,1.927785038948059,1.9209318161010742,1.9214575290679932,0
2025-12-20 14:15:00+00:00,1.9215195178985596,1.9232615232467651,1.9215195178985596,1.9226539134979248,0
2025-12-20 14:30:00+00:00,1.9226571321487427,1.922831654548645,1.9209004640579224,1.9213899374008179,0
2025-12-20 14:45:00+00:00,1.9231919050216675,1.9278658628463745,1.9231919050216675,1.927772879600525,0
2025-12-20 15:00:00+00:00,1.927877426147461,1.9294352531433105,1.925795316696167,1.9294352531433105,0
2025-12-20 15:15:00+00:00,1.9297441244125366,1.9329925775527954,1.9189457893371582,1.9189457893371582,0
2025-12-20 15:30:00+00:00,1.9190595149993896,1.9216755628585815,1.9190595149993896,1.921094536781311,0
2025-12-20 15:45:00+00:00,1.9207278490066528,1.9215606451034546,1.920693278312683,1.9208343029022217,0
2025-12-20 16:00:00+00:00,1.9211024045944214,1.9239007234573364,1.920871615409851,1.9239007234573364,0
2025-12-20 16:15:00+00:00,1.9239203929901123,1.9258041381835938,1.9239203929901123,1.9258041381835938,7515392
2025-12-20 16:30:00+00:00,1.925750732421875,1.9272407293319702,1.9247312545776367,1.9247312545776367,0
2025-12-20 16:45:00+00:00,1.9252803325653076,1.92666757106781,1.9252803325653076,1.9264622926712036,0
2025-12-20 17:00:00+00:00,1.9277644157409668,1.9293352365493774,1.926547884941101,1.9266523122787476,0
2025-12-20 17:15:00+00:00,1.9265998601913452,1.9265998601913452,1.924580693244934,1.924580693244934,0
2025-12-20 17:30:00+00:00,1.924480676651001,1.924480676651001,1.9220038652420044,1.9220916032791138,0
2025-12-20 17:45:00+00:00,1.9223164319992065,1.9234082698822021,1.9223164319992065,1.9229027032852173,0
2025-12-20 18:00:00+00:00,1.922930359840393,1.9244685173034668,1.92116117477417,1.92116117477417,2173952
2025-12-20 18:15:00+00:00,1.921104073524475,1.9212013483047485,1.9203180074691772,1.9204657077789307,0
2025-12-20 18:30:00+00:00,1.9204694032669067,1.9206262826919556,1.9196131229400635,1.9201481342315674,339200
2025-12-20 18:45:00+00:00,1.9202184677124023,1.923299789428711,1.9199278354644775,1.9228501319885254,750336
2025-12-20 19:00:00+00:00,1.9228323698043823,1.9228323698043823,1.9201959371566772,1.9217796325683594,0
2025-12-20 19:15:00+00:00,1.9217967987060547,1.9217967987060547,1.9201335906982422,1.920569658279419,0
2025-12-20 19:30:00+00:00,1.9205482006072998,1.9212239980697632,1.9205482006072998,1.920698642730713,0
2025-12-20 19:45:00+00:00,1.9208012819290161,1.9247112274169922,1.920785903930664,1.9247112274169922,0
2025-12-20 20:00:00+00:00,1.924349308013916,1.9265010356903076,1.923886775970459,1.9265010356903076,0
2025-12-20 20:15:00+00:00,1.9264628887176514,1.9264628887176514,1.9251407384872437,1.92571222782135,0
2025-12-20 20:30:00+00:00,1.925511121749878,1.925511121749878,1.92404305934906,1.9240773916244507,0
2025-12-20 20:45:00+00:00,1.9244128465652466,1.9252843856811523,1.9241544008255005,1.92527174949646,0
2025-12-20 21:00:00+00:00,1.9255419969558716,1.9271303415298462,1.9255419969558716,1.9262293577194214,0
2025-12-20 21:15:00+00:00,1.9262107610702515,1.9267754554748535,1.9257378578186035,1.9262515306472778,0
2025-12-20 21:30:00+00:00,1.9261988401412964,1.9290122985839844,1.9260648488998413,1.9290122985839844,639104
2025-12-20 21:45:00+00:00,1.9290908575057983,1.9293462038040161,1.9283241033554077,1.9293462038040161,59392
2025-12-20 22:00:00+00:00,1.9302767515182495,1.931658148765564,1.9300001859664917,1.9300001859664917,902784
2025-12-20 22:15:00+00:00,1.9307278394699097,1.931480884552002,1.9277222156524658,1.9289507865905762,478464
2025-12-20 22:30:00+00:00,1.929451584815979,1.932342767715454,1.9294379949569702,1.932342767715454,0
2025-12-20 22:45:00+00:00,1.931201457977295,1.9351905584335327,1.9308034181594849,1.9348806142807007,3756160
2025-12-20 23:00:00+00:00,1.9344428777694702,1.9344428777694702,1.9321842193603516,1.9333617687225342,8448
2025-12-20 23:15:00+00:00,1.9333624839782715,1.9345083236694336,1.9331861734390259,1.933225393295288,0
2025-12-20 23:30:00+00:00,1.9335259199142456,1.9335259199142456,1.9319055080413818,1.9319055080413818,0
2025-12-20 23:45:00+00:00,1.931869387626648,1.9322692155838013,1.9312583208084106,1.9322692155838013,1109248
2025-12-21 00:00:00+00:00,1.932358741760254,1.9347095489501953,1.9316519498825073,1.9316519498825073,1381504
2025-12-21 00:15:00+00:00,1.9314442873001099,1.937556266784668,1.9314043521881104,1.9371076822280884,4325888
2025-12-21 00:30:00+00:00,1.9368846416473389,1.9368846416473389,1.9326988458633423,1.9333692789077759,7036672
2025-12-21 00:45:00+00:00,1.9332542419433594,1.9357918500900269,1.9332542419433594,1.935774803161621,3020672
2025-12-21 01:00:00+00:00,1.9361858367919922,1.9386308193206787,1.9361858367919922,1.9376055002212524,1153024
2025-12-21 01:15:00+00:00,1.9365006685256958,1.9372377395629883,1.935532569885254,1.9364187717437744,5471872
2025-12-21 01:30:00+00:00,1.937389850616455,1.939073085784912,1.9334025382995605,1.9334025382995605,19538816
2025-12-21 01:45:00+00:00,1.9333758354187012,1.9333758354187012,1.929807424545288,1.929807424545288,18733696
2025-12-21 02:00:00+00:00,1.929713249206543,1.929713249206543,1.9262433052062988,1.9262433052062988,8979840
2025-12-21 02:15:00+00:00,1.9262850284576416,1.9262850284576416,1.9203133583068848,1.9203133583068848,18465408
2025-12-21 02:30:00+00:00,1.9208828210830688,1.9234035015106201,1.9194589853286743,1.9196982383728027,20375680
2025-12-21 02:45:00+00:00,1.9195455312728882,1.923036813735962,1.9195455312728882,1.923036813735962,27249280
2025-12-21 03:00:00+00:00,1.9230351448059082,1.9278463125228882,1.9230351448059082,1.9264954328536987,17144832
2025-12-21 03:15:00+00:00,1.9267072677612305,1.9339405298233032,1.9267072677612305,1.9339405298233032,24785664
2025-12-21 03:30:00+00:00,1.9341087341308594,1.9341087341308594,1.9309728145599365,1.9309728145599365,9395456
2025-12-21 03:45:00+00:00,1.9308311939239502,1.9308311939239502,1.9289827346801758,1.9291352033615112,10738688
2025-12-21 04:00:00+00:00,1.9290345907211304,1.9291131496429443,1.9274736642837524,1.9274736642837524,2800896
2025-12-21 04:15:00+00:00,1.9274203777313232,1.928460717201233,1.9273039102554321,1.928460717201233,8218112
2025-12-21 04:30:00+00:00,1.9284014701843262,1.9287186861038208,1.9269081354141235,1.9269081354141235,9750784
2025-12-21 04:45:00+00:00,1.9268391132354736,1.9268391132354736,1.9245339632034302,1.9245339632034302,8413952
2025-12-21 05:00:00+00:00,1.9246126413345337,1.9251117706298828,1.9242968559265137,1.9248969554901123,11729920
2025-12-21 05:15:00+00:00,1.9257783889770508,1.9259775876998901,1.9251126050949097,1.9256563186645508,9765888
2025-12-21 05:30:00+00:00,1.9251729249954224,1.9251729249954224,1.9226521253585815,1.9234402179718018,7442944
2025-12-21 05:45:00+00:00,1.923275113105774,1.9232951402664185,1.9224239587783813,1.9224239587783813,6545152
2025-12-21 06:00:00+00:00,1.92247474193573,1.922507882118225,1.9217360019683838,1.9224505424499512,11549440
2025-12-21 06:15:00+00:00,1.9224116802215576,1.9232511520385742,1.9209288358688354,1.9209288358688354,13348608
2025-12-21 06:30:00+00:00,1.9209039211273193,1.9211736917495728,1.920837163925171,1.9209367036819458,12380160
2025-12-21 06:45:00+00:00,1.9209829568862915,1.921173095703125,1.9203261137008667,1.920716404914856,13279744
2025-12-21 07:00:00+00:00,1.9206576347351074,1.9206576347351074,1.9202349185943604,1.9203392267227173,6196992
2025-12-21 07:15:00+00:00,1.9203436374664307,1.9241580963134766,1.9203436374664307,1.9241580963134766,14713088
2025-12-21 07:30:00+00:00,1.924428939819336,1.9254186153411865,1.9242852926254272,1.9244394302368164,25184256
2025-12-21 07:45:00+00:00,1.92388916015625,1.9254393577575684,1.9235931634902954,1.9235931634902954,26402304
2025-12-21 08:00:00+00:00,1.9241694211959839,1.9244859218597412,1.9229274988174438,1.9229274988174438,16219392
2025-12-21 08:15:00+00:00,1.922993540763855,1.9263720512390137,1.922993540763855,1.9263720512390137,9799936
2025-12-21 08:30:00+00:00,1.9263899326324463,1.9373887777328491,1.9263899326324463,1.9372854232788086,8642304
2025-12-21 08:45:00+00:00,1.9375590085983276,1.9385440349578857,1.9363130331039429,1.9363130331039429,20704000
2025-12-21 09:00:00+00:00,1.9363887310028076,1.9378491640090942,1.9345380067825317,1.9358420372009277,20192256
2025-12-21 09:15:00+00:00,1.9360411167144775,1.942490816116333,1.9360411167144775,1.942490816116333,22796288
2025-12-21 09:30:00+00:00,1.9420965909957886,1.9462770223617554,1.9416277408599854,1.943393349647522,0
2025-12-21 09:45:00+00:00,1.943351149559021,1.946177363395691,1.943351149559021,1.9457359313964844,4152064
2025-12-21 10:00:00+00:00,1.9459145069122314,1.9471838474273682,1.9439345598220825,1.9439345598220825,9058304
2025-12-21 10:15:00+00:00,1.943943977355957,1.9441777467727661,1.937901258468628,1.937901258468628,11483904
2025-12-21 10:30:00+00:00,1.9372767210006714,1.9372767210006714,1.9348764419555664,1.9365304708480835,2298880
2025-12-21 10:45:00+00:00,1.9363830089569092,1.9363830089569092,1.9327324628829956,1.9328681230545044,6707200
2025-12-21 11:00:00+00:00,1.932913064956665,1.933275818824768,1.9321266412734985,1.9321266412734985,11776
2025-12-21 11:15:00+00:00,1.932100772857666,1.9336237907409668,1.9315707683563232,1.9336237907409668,0
2025-12-21 11:30:00+00:00,1.9339256286621094,1.9347763061523438,1.9331644773483276,1.9333126544952393,4113920
2025-12-21 11:45:00+00:00,1.9332904815673828,1.9332904815673828,1.932275652885437,1.9331495761871338,1183232
2025-12-21 12:00:00+00:00,1.9336140155792236,1.9364675283432007,1.9333503246307373,1.9364641904830933,0
2025-12-21 12:15:00+00:00,1.9360400438308716,1.9367883205413818,1.935640811920166,1.9360296726226807,1864960
2025-12-21 12:30:00+00:00,1.936092734336853,1.9366260766983032,1.9317042827606201,1.9317042827606201,3056640
2025-12-21 12:45:00+00:00,1.9317002296447754,1.9317002296447754,1.928341269493103,1.9284932613372803,9145088
2025-12-21 13:00:00+00:00,1.9285614490509033,1.9285703897476196,1.9195938110351562,1.9207453727722168,21889024
2025-12-21 13:15:00+00:00,1.9203970432281494,1.9203970432281494,1.9125559329986572,1.9125559329986572,8401664
2025-12-21 13:30:00+00:00,1.9094191789627075,1.9094191789627075,1.9011826515197754,1.9011826515197754,30787328
2025-12-21 13:45:00+00:00,1.9011300802230835,1.9011300802230835,1.896828293800354,1.897104024887085,14449408
2025-12-21 14:00:00+00:00,1.8974086046218872,1.9107699394226074,1.8974086046218872,1.9079183340072632,38450688
2025-12-21 14:15:00+00:00,1.9070261716842651,1.9070261716842651,1.904857873916626,1.904857873916626,23250432
2025-12-21 14:30:00+00:00,1.9050712585449219,1.9063814878463745,1.9036951065063477,1.9040077924728394,997632
2025-12-21 14:45:00+00:00,1.904144287109375,1.9048221111297607,1.902998685836792,1.9048221111297607,0
2025-12-21 15:00:00+00:00,1.9049301147460938,1.905949354171753,1.9011234045028687,1.9016540050506592,2478080
2025-12-21 15:15:00+00:00,1.90137779712677,1.90137779712677,1.8997745513916016,1.9005002975463867,0
2025-12-21 15:30:00+00:00,1.9003432989120483,1.902503490447998,1.9003432989120483,1.900970458984375,0
2025-12-21 15:45:00+00:00,1.901012897491455,1.9064360857009888,1.901012897491455,1.9039418697357178,3816192
2025-12-21 16:00:00+00:00,1.903968334197998,1.903968334197998,1.9010529518127441,1.9012492895126343,2600704
2025-12-21 16:15:00+00:00,1.9008756875991821,1.9063957929611206,1.9005310535430908,1.9060875177383423,0
2025-12-21 16:30:00+00:00,1.9054218530654907,1.9054218530654907,1.904526710510254,1.9047988653182983,0
2025-12-21 16:45:00+00:00,1.9047623872756958,1.9055205583572388,1.9043798446655273,1.9055205583572388,0
2025-12-21 17:00:00+00:00,1.9056106805801392,1.916852593421936,1.9056106805801392,1.916852593421936,22859520
2025-12-21 17:15:00+00:00,1.916764497756958,1.916764497756958,1.9110753536224365,1.9110753536224365,2828800
2025-12-21 17:30:00+00:00,1.9110713005065918,1.9110713005065918,1.9094254970550537,1.910791277885437,1005568
2025-12-21 17:45:00+00:00,1.9108272790908813,1.9115142822265625,1.9083802700042725,1.9083802700042725,1568256
2025-12-21 18:00:00+00:00,1.9082388877868652,1.9083374738693237,1.903300166130066,1.903300166130066,2256384
2025-12-21 18:15:00+00:00,1.903400182723999,1.9054841995239258,1.903400182723999,1.9054841995239258,282624
2025-12-21 18:30:00+00:00,1.9055302143096924,1.9088140726089478,1.9055302143096924,1.9088140726089478,4095488
2025-12-21 18:45:00+00:00,1.908825397491455,1.912223219871521,1.908825397491455,1.912223219871521,0
2025-12-21 19:00:00+00:00,1.912811279296875,1.9152164459228516,1.912811279296875,1.9152164459228516,973824
2025-12-21 19:15:00+00:00,1.9151793718338013,1.9152991771697998,1.913582682609558,1.9136847257614136,0
2025-12-21 19:30:00+00:00,1.9135617017745972,1.9137283563613892,1.9107576608657837,1.9137283563613892,4654848
2025-12-21 19:45:00+00:00,1.913708209991455,1.9172114133834839,1.913708209991455,1.9172114133834839,4576000
2025-12-21 20:00:00+00:00,1.9172693490982056,1.9175063371658325,1.9134252071380615,1.9134423732757568,0
2025-12-21 20:15:00+00:00,1.9132696390151978,1.9133769273757935,1.9123749732971191,1.9133769273757935,43776
2025-12-21 20:30:00+00:00,1.9133294820785522,1.9149876832962036,1.9133294820785522,1.9149876832962036,0
2025-12-21 20:45:00+00:00,1.9149078130722046,1.9149078130722046,1.913364052772522,1.913364052772522,0
2025-12-21 21:00:00+00:00,1.9133150577545166,1.9133150577545166,1.9116172790527344,1.9125337600708008,0
2025-12-21 21:15:00+00:00,1.9125523567199707,1.9154318571090698,1.9120721817016602,1.9154318571090698,2422784
2025-12-21 21:30:00+00:00,1.9153715372085571,1.917022943496704,1.9140385389328003,1.9140385389328003,1527552
2025-12-21 21:45:00+00:00,1.9136407375335693,1.9136407375335693,1.9093596935272217,1.909769058227539,0
2025-12-21 22:00:00+00:00,1.9080008268356323,1.9081233739852905,1.9066178798675537,1.9081233739852905,462848
2025-12-21 22:15:00+00:00,1.908589243888855,1.9128203392028809,1.908589243888855,1.910771369934082,3073536
2025-12-21 22:30:00+00:00,1.9109327793121338,1.9140242338180542,1.9109327793121338,1.9140242338180542,1179136
2025-12-21 22:45:00+00:00,1.9144971370697021,1.9171780347824097,1.9144971370697021,1.9166479110717773,1325568
2025-12-21 23:00:00+00:00,1.9166758060455322,1.9217133522033691,1.9166758060455322,1.9217133522033691,15705344
2025-12-21 23:15:00+00:00,1.9219518899917603,1.9243972301483154,1.921409010887146,1.921409010887146,10504448
2025-12-21 23:30:00+00:00,1.9214024543762207,1.9237749576568604,1.9195961952209473,1.923576831817627,7320832
2025-12-21 23:45:00+00:00,1.9235761165618896,1.9239449501037598,1.9229340553283691,1.9229340553283691,796416
2025-12-22 00:00:00+00:00,1.9219814538955688,1.931038737297058,1.9219814538955688,1.931038737297058,10654976
2025-12-22 00:15:00+00:00,1.9400136470794678,1.9400136470794678,1.927897334098816,1.9294548034667969,66806784
2025-12-22 00:30:00+00:00,1.9298292398452759,1.9322175979614258,1.9280327558517456,1.930330753326416,11064576
2025-12-22 00:45:00+00:00,1.9305832386016846,1.9317126274108887,1.9286973476409912,1.9286973476409912,744960
2025-12-22 01:00:00+00:00,1.9283990859985352,1.9284749031066895,1.9256935119628906,1.9281377792358398,7793920
2025-12-22 01:15:00+00:00,1.927922010421753,1.9333683252334595,1.927922010421753,1.9333683252334595,5889024
2025-12-22 01:30:00+00:00,1.9332066774368286,1.9345747232437134,1.9332066774368286,1.9340503215789795,0
2025-12-22 01:45:00+00:00,1.9339311122894287,1.9339311122894287,1.9214333295822144,1.9214333295822144,3138560
2025-12-22 02:00:00+00:00,1.9212628602981567,1.9212628602981567,1.9104044437408447,1.9115809202194214,26103040
2025-12-22 02:15:00+00:00,1.9110908508300781,1.9136989116668701,1.9103221893310547,1.9136989116668701,6720512
2025-12-22 02:30:00+00:00,1.9132474660873413,1.916628360748291,1.9129819869995117,1.915489912033081,0
2025-12-22 02:45:00+00:00,1.9159901142120361,1.9189108610153198,1.9159901142120361,1.9188690185546875,0
2025-12-22 03:00:00+00:00,1.918776273727417,1.918776273727417,1.9147824048995972,1.9177463054656982,0
2025-12-22 03:15:00+00:00,1.9176877737045288,1.9229075908660889,1.9176877737045288,1.9229075908660889,528128
2025-12-22 03:30:00+00:00,1.9228878021240234,1.924019455909729,1.9207545518875122,1.9207545518875122,0
2025-12-22 03:45:00+00:00,1.9207265377044678,1.9212819337844849,1.9202255010604858,1.9204431772232056,0
2025-12-22 04:00:00+00:00,1.9202144145965576,1.9205844402313232,1.919334053993225,1.9195798635482788,525312
2025-12-22 04:15:00+00:00,1.9193840026855469,1.921320915222168,1.9190101623535156,1.921320915222168,2852096
2025-12-22 04:30:00+00:00,1.921392798423767,1.9224750995635986,1.9194414615631104,1.9210988283157349,3486720
2025-12-22 04:45:00+00:00,1.9209604263305664,1.923619031906128,1.9207961559295654,1.9224683046340942,5698816
2025-12-22 05:00:00+00:00,1.9227988719940186,1.9263025522232056,1.9227988719940186,1.9260411262512207,0
2025-12-22 05:15:00+00:00,1.9259995222091675,1.9263256788253784,1.9217188358306885,1.921741008758545,0
2025-12-22 05:30:00+00:00,1.9216288328170776,1.9216288328170776,1.9189039468765259,1.920451283454895,0
2025-12-22 05:45:00+00:00,1.9203906059265137,1.9210152626037598,1.920096755027771,1.9207489490509033,0
2025-12-22 06:00:00+00:00,1.9206897020339966,1.9206897020339966,1.9147599935531616,1.9147599935531616,0
2025-12-22 06:15:00+00:00,1.914689064025879,1.917553424835205,1.914281964302063,1.9160559177398682,2628864
2025-12-22 06:30:00+00:00,1.9160948991775513,1.9171576499938965,1.9160948991775513,1.9171576499938965,0
2025-12-22 06:45:00+00:00,1.9172775745391846,1.9190813302993774,1.9172775745391846,1.9190051555633545,0
2025-12-22 07:00:00+00:00,1.9186912775039673,1.924473524093628,1.9178798198699951,1.9240795373916626,3439616
2025-12-22 07:15:00+00:00,1.924168586730957,1.9242620468139648,1.9234868288040161,1.9239331483840942,0
2025-12-22 07:30:00+00:00,1.9237854480743408,1.9259768724441528,1.9236148595809937,1.9259768724441528,0
2025-12-22 07:45:00+00:00,1.926262617111206,1.927230715751648,1.9261161088943481,1.9261704683303833,0
2025-12-22 08:00:00+00:00,1.9263416528701782,1.9281789064407349,1.9243557453155518,1.9243557453155518,0
2025-12-22 08:15:00+00:00,1.9245012998580933,1.9295122623443604,1.9245012998580933,1.9267162084579468,9512192
2025-12-22 08:30:00+00:00,1.926879644393921,1.9287418127059937,1.9266191720962524,1.9266191720962524,4929536
2025-12-22 08:45:00+00:00,1.926216721534729,1.926216721534729,1.9199309349060059,1.9199309349060059,1159168
2025-12-22 09:00:00+00:00,1.9195977449417114,1.9195977449417114,1.917519211769104,1.917519211769104,0
2025-12-22 09:15:00+00:00,1.9172618389129639,1.9175670146942139,1.9161843061447144,1.9172619581222534,0
2025-12-22 09:30:00+00:00,1.9173169136047363,1.918747901916504,1.9166964292526245,1.9171775579452515,0
2025-12-22 09:45:00+00:00,1.9171340465545654,1.9214683771133423,1.9171340465545654,1.9214683771133423,0
2025-12-22 10:00:00+00:00,1.9215891361236572,1.9215891361236572,1.917930006980896,1.9184259176254272,0
2025-12-22 10:15:00+00:00,1.9192920923233032,1.9241563081741333,1.9192920923233032,1.9241563081741333,0
2025-12-22 10:30:00+00:00,1.924140214920044,1.927200198173523,1.924140214920044,1.92659592628479,2411776
2025-12-22 10:45:00+00:00,1.9265743494033813,1.9265743494033813,1.925203561782837,1.925203561782837,0
2025-12-22 11:00:00+00:00,1.9252983331680298,1.9269232749938965,1.9252983331680298,1.9264377355575562,0
2025-12-22 11:15:00+00:00,1.9264386892318726,1.9264386892318726,1.9246883392333984,1.9255411624908447,662784
2025-12-22 11:30:00+00:00,1.9257066249847412,1.9316478967666626,1.9257066249847412,1.9316478967666626,8728576
2025-12-22 11:45:00+00:00,1.9319294691085815,1.9347409009933472,1.9319294691085815,1.9340895414352417,10885120
2025-12-22 12:00:00+00:00,1.9340606927871704,1.9356157779693604,1.9340606927871704,1.934696912765503,6292736
2025-12-22 12:15:00+00:00,1.934584379196167,1.9381229877471924,1.934584379196167,1.9381229877471924,15169792
2025-12-22 12:30:00+00:00,1.9381375312805176,1.9418624639511108,1.9348779916763306,1.9348779916763306,26415360
2025-12-22 12:45:00+00:00,1.934621810913086,1.9346503019332886,1.9329980611801147,1.9333258867263794,2974208
2025-12-22 13:00:00+00:00,1.9350236654281616,1.936288833618164,1.9310355186462402,1.9310355186462402,3138304
2025-12-22 13:15:00+00:00,1.9309192895889282,1.93190336227417,1.9301927089691162,1.93190336227417,0
2025-12-22 13:30:00+00:00,1.9319636821746826,1.9319636821746826,1.928839087486267,1.9288513660430908,0
2025-12-22 13:45:00+00:00,1.9285798072814941,1.93240225315094,1.9285798072814941,1.93240225315094,0
2025-12-22 14:00:00+00:00,1.9327396154403687,1.9360493421554565,1.9327396154403687,1.9345076084136963,0
2025-12-22 14:15:00+00:00,1.9347437620162964,1.9381664991378784,1.9347437620162964,1.9381664991378784,1093376
2025-12-22 14:30:00+00:00,1.9379271268844604,1.9379271268844604,1.927936315536499,1.927936315536499,38695680
2025-12-22 14:45:00+00:00,1.9291446208953857,1.938210368156433,1.9291446208953857,1.9378557205200195,36059392
2025-12-22 15:00:00+00:00,1.9381533861160278,1.9436882734298706,1.9381533861160278,1.9394598007202148,14637568
2025-12-22 15:15:00+00:00,1.9361616373062134,1.937767505645752,1.9287983179092407,1.9296574592590332,26204928
2025-12-22 15:30:00+00:00,1.9298286437988281,1.9298286437988281,1.9252278804779053,1.928263545036316,30950400
2025-12-22 15:45:00+00:00,1.928828477859497,1.933823585510254,1.928828477859497,1.9335155487060547,11196416
2025-12-22 16:00:00+00:00,1.9334691762924194,1.9374749660491943,1.9334691762924194,1.9374749660491943,0
2025-12-22 16:15:00+00:00,1.9374099969863892,1.9394439458847046,1.9369919300079346,1.9394439458847046,16637696
2025-12-22 16:30:00+00:00,1.9394665956497192,1.940226674079895,1.9348466396331787,1.935912847518921,16364800
2025-12-22 16:45:00+00:00,1.9357374906539917,1.9362783432006836,1.9337074756622314,1.9362783432006836,16580608
2025-12-22 17:00:00+00:00,1.9380650520324707,1.9380650520324707,1.9269965887069702,1.9282041788101196,9120000
2025-12-22 17:15:00+00:00,1.927837610244751,1.927837610244751,1.9253097772598267,1.9262117147445679,2673920
2025-12-22 17:30:00+00:00,1.9261069297790527,1.9298815727233887,1.923572063446045,1.9298815727233887,12861440
2025-12-22 17:45:00+00:00,1.9288579225540161,1.9288579225540161,1.9280751943588257,1.9285261631011963,4477696
2025-12-22 18:00:00+00:00,1.9288585186004639,1.931884527206421,1.9288585186004639,1.931884527206421,171776
2025-12-22 18:15:00+00:00,1.931713581085205,1.9324880838394165,1.929065465927124,1.9324880838394165,8507136
2025-12-22 18:30:00+00:00,1.9326386451721191,1.9356637001037598,1.9326386451721191,1.9356637001037598,7540736
2025-12-22 18:45:00+00:00,1.9359054565429688,1.9359054565429688,1.930249571800232,1.930249571800232,4588800
2025-12-22 19:00:00+00:00,1.9294122457504272,1.9294122457504272,1.918290376663208,1.9197875261306763,29744128
2025-12-22 19:15:00+00:00,1.9192510843276978,1.9192510843276978,1.912886619567871,1.9129432439804077,24200192
2025-12-22 19:30:00+00:00,1.9128555059432983,1.9128555059432983,1.907292366027832,1.907369613647461,26022400
2025-12-22 19:45:00+00:00,1.9069169759750366,1.9070769548416138,1.9026128053665161,1.9027189016342163,16836608
2025-12-22 20:00:00+00:00,1.9028160572052002,1.9042415618896484,1.9007315635681152,1.903551459312439,32568832
2025-12-22 20:15:00+00:00,1.9034935235977173,1.9034935235977173,1.8938801288604736,1.8939002752304077,42476800
2025-12-22 20:30:00+00:00,1.8938742876052856,1.8962408304214478,1.8928056955337524,1.8956575393676758,33147392
2025-12-22 20:45:00+00:00,1.8983427286148071,1.8989816904067993,1.8956856727600098,1.8984602689743042,33697024
2025-12-22 21:00:00+00:00,1.8977030515670776,1.8982268571853638,1.8963167667388916,1.8963167667388916,15096064
2025-12-22 21:15:00+00:00,1.8961368799209595,1.8977935314178467,1.8953585624694824,1.8977935314178467,12539392
2025-12-22 21:30:00+00:00,1.8977373838424683,1.9017740488052368,1.897678017616272,1.9017252922058105,13265408
2025-12-22 21:45:00+00:00,1.9015636444091797,1.9015636444091797,1.896773099899292,1.896924614906311,7440384
2025-12-22 22:00:00+00:00,1.896863579750061,1.896863579750061,1.8936048746109009,1.8953777551651,10368000
2025-12-22 22:15:00+00:00,1.8957206010818481,1.9022037982940674,1.8957206010818481,1.899627923965454,18994432
2025-12-22 22:30:00+00:00,1.8995474576950073,1.8996758460998535,1.8983532190322876,1.8992379903793335,9276416
2025-12-22 22:45:00+00:00,1.899172306060791,1.9066040515899658,1.899172306060791,1.9066040515899658,14946816
2025-12-22 23:00:00+00:00,1.9069867134094238,1.9069867134094238,1.9026621580123901,1.9032716751098633,1251072
2025-12-22 23:15:00+00:00,1.903464913368225,1.9050195217132568,1.9032783508300781,1.9050195217132568,3473408
2025-12-22 23:30:00+00:00,1.9050014019012451,1.9050014019012451,1.902327299118042,1.902327299118042,967424
2025-12-22 23:45:00+00:00,1.9020934104919434,1.902726411819458,1.9008499383926392,1.902726411819458,5232128
2025-12-23 00:00:00+00:00,1.9026238918304443,1.9026904106140137,1.9000394344329834,1.9002339839935303,0
2025-12-23 00:15:00+00:00,1.9002732038497925,1.9026979207992554,1.9000884294509888,1.9013547897338867,0
2025-12-23 00:30:00+00:00,1.901394009590149,1.9070125818252563,1.901394009590149,1.9031773805618286,706816
2025-12-23 00:45:00+00:00,1.9023470878601074,1.903782606124878,1.9023411273956299,1.903782606124878,1003776
2025-12-23 01:00:00+00:00,1.9036669731140137,1.905143141746521,1.9033856391906738,1.9041138887405396,1350656
2025-12-23 01:15:00+00:00,1.9037257432937622,1.9037257432937622,1.9016414880752563,1.9016414880752563,3712000
2025-12-23 01:30:00+00:00,1.9015201330184937,1.9016398191452026,1.897949457168579,1.897949457168579,5420544
2025-12-23 01:45:00+00:00,1.8979932069778442,1.8992351293563843,1.897922396659851,1.897964596748352,2169856
2025-12-23 02:00:00+00:00,1.8978819847106934,1.9019206762313843,1.8971325159072876,1.9019206762313843,0
2025-12-23 02:15:00+00:00,1.9021174907684326,1.9039074182510376,1.9020940065383911,1.9025990962982178,0
2025-12-23 02:30:00+00:00,1.9025408029556274,1.9028561115264893,1.893734097480774,1.893734097480774,10609920
2025-12-23 02:45:00+00:00,1.8929613828659058,1.8940337896347046,1.8921520709991455,1.8930808305740356,13671424
2025-12-23 03:00:00+00:00,1.8931081295013428,1.8932371139526367,1.887713074684143,1.8879013061523438,22068224
2025-12-23 03:15:00+00:00,1.888934850692749,1.8917851448059082,1.888934850692749,1.8909776210784912,5891328
2025-12-23 03:30:00+00:00,1.8910313844680786,1.8932288885116577,1.8905515670776367,1.8932116031646729,1748224
2025-12-23 03:45:00+00:00,1.8935374021530151,1.8936223983764648,1.8924813270568848,1.8930498361587524,3425536
2025-12-23 04:00:00+00:00,1.8919034004211426,1.894047737121582,1.8906261920928955,1.894047737121582,3907072
2025-12-23 04:15:00+00:00,1.894331693649292,1.894331693649292,1.893261194229126,1.893261194229126,0
2025-12-23 04:30:00+00:00,1.8932262659072876,1.8932262659072876,1.889596939086914,1.889596939086914,0
2025-12-23 04:45:00+00:00,1.8896230459213257,1.8896230459213257,1.887914776802063,1.8879666328430176,0
2025-12-23 05:00:00+00:00,1.8878966569900513,1.8886579275131226,1.8867813348770142,1.8886579275131226,1130752
2025-12-23 05:15:00+00:00,1.8882907629013062,1.8886516094207764,1.8874984979629517,1.8881173133850098,6050560
2025-12-23 05:30:00+00:00,1.8880950212478638,1.8880950212478638,1.881756067276001,1.8836332559585571,27312896
2025-12-23 05:45:00+00:00,1.8822869062423706,1.8822869062423706,1.8808573484420776,1.8819326162338257,6816000
2025-12-23 06:00:00+00:00,1.8810135126113892,1.8840171098709106,1.8809086084365845,1.8823295831680298,3597568
2025-12-23 06:15:00+00:00,1.8823413848876953,1.8823413848876953,1.8750587701797485,1.8755069971084595,33980160
2025-12-23 06:30:00+00:00,1.8754119873046875,1.8755096197128296,1.8746079206466675,1.874783992767334,17865216
2025-12-23 06:45:00+00:00,1.8753455877304077,1.8824450969696045,1.8753455877304077,1.882236361503601,15218944
2025-12-23 07:00:00+00:00,1.8820629119873047,1.88495671749115,1.8813637495040894,1.8829014301300049,955648
2025-12-23 07:15:00+00:00,1.8825249671936035,1.8830657005310059,1.8803082704544067,1.8830657005310059,11178752
2025-12-23 07:30:00+00:00,1.8824268579483032,1.8835630416870117,1.8816375732421875,1.8817322254180908,2642176
2025-12-23 07:45:00+00:00,1.8816310167312622,1.8837270736694336,1.8814730644226074,1.8818490505218506,4024064
2025-12-23 08:00:00+00:00,1.8818057775497437,1.8818057775497437,1.8798695802688599,1.8799426555633545,1080832
2025-12-23 08:15:00+00:00,1.8795456886291504,1.8799961805343628,1.8793612718582153,1.8796093463897705,0
2025-12-23 08:30:00+00:00,1.8794307708740234,1.8797812461853027,1.8792362213134766,1.8792362213134766,0
2025-12-23 08:45:00+00:00,1.879286289215088,1.879286289215088,1.8764605522155762,1.8764605522155762,0
2025-12-23 09:00:00+00:00,1.8764607906341553,1.8810545206069946,1.8764607906341553,1.8810545206069946,1310720
2025-12-23 09:15:00+00:00,1.8812119960784912,1.8823928833007812,1.8799142837524414,1.8813574314117432,0
2025-12-23 09:30:00+00:00,1.881435751914978,1.8829913139343262,1.881075382232666,1.8829877376556396,13568
2025-12-23 09:45:00+00:00,1.8830369710922241,1.8858497142791748,1.8830369710922241,1.8857536315917969,385792
2025-12-23 10:00:00+00:00,1.8856418132781982,1.8891302347183228,1.885103702545166,1.8884273767471313,2131456
2025-12-23 10:15:00+00:00,1.8884592056274414,1.8911672830581665,1.8884092569351196,1.8911672830581665,0
2025-12-23 10:30:00+00:00,1.891146183013916,1.8930819034576416,1.891146183013916,1.8930819034576416,0
2025-12-23 10:45:00+00:00,1.8930238485336304,1.898261308670044,1.8930238485336304,1.8966264724731445,177664
2025-12-23 11:00:00+00:00,1.8977866172790527,1.9005531072616577,1.8977866172790527,1.9005531072616577,2980352
2025-12-23 11:15:00+00:00,1.9000580310821533,1.9020789861679077,1.8996915817260742,1.9005275964736938,1647360
2025-12-23 11:30:00+00:00,1.9006282091140747,1.9019206762313843,1.8992840051651,1.9019206762313843,0
2025-12-23 11:45:00+00:00,1.9020545482635498,1.904093623161316,1.9020545482635498,1.9040768146514893,0
2025-12-23 12:00:00+00:00,1.9040477275848389,1.9040477275848389,1.9012104272842407,1.9012104272842407,0
2025-12-23 12:15:00+00:00,1.9010562896728516,1.9010562896728516,1.8976457118988037,1.8985289335250854,0
2025-12-23 12:30:00+00:00,1.897763967514038,1.9003452062606812,1.897763967514038,1.9003452062606812,0
2025-12-23 12:45:00+00:00,1.8994450569152832,1.9006984233856201,1.8987663984298706,1.9005005359649658,2312448
2025-12-23 13:00:00+00:00,1.90043044090271,1.90043044090271,1.8974381685256958,1.8974381685256958,0
2025-12-23 13:15:00+00:00,1.896939754486084,1.896939754486084,1.892202377319336,1.892202377319336,0
2025-12-23 13:30:00+00:00,1.8924236297607422,1.8924317359924316,1.886440396308899,1.8869680166244507,19931648
2025-12-23 13:45:00+00:00,1.8871819972991943,1.8871819972991943,1.8798773288726807,1.879936695098877,21452032
2025-12-23 14:00:00+00:00,1.8796194791793823,1.8834484815597534,1.878373384475708,1.8834484815597534,7420416
2025-12-23 14:15:00+00:00,1.8828624486923218,1.8828624486923218,1.8761303424835205,1.8775403499603271,1612544
2025-12-23 14:30:00+00:00,1.8777207136154175,1.8807462453842163,1.8776742219924927,1.8805145025253296,0
2025-12-23 14:45:00+00:00,1.8794771432876587,1.8794771432876587,1.866700291633606,1.86716890335083,41307648
2025-12-23 15:00:00+00:00,1.868890643119812,1.8802028894424438,1.868890643119812,1.8783831596374512,20960768
2025-12-23 15:15:00+00:00,1.8778668642044067,1.8887289762496948,1.8778668642044067,1.8839499950408936,20594176
2025-12-23 15:30:00+00:00,1.8836907148361206,1.8853731155395508,1.8819838762283325,1.8821125030517578,0
2025-12-23 15:45:00+00:00,1.8820613622665405,1.8824775218963623,1.8809797763824463,1.881150245666504,0
2025-12-23 16:00:00+00:00,1.8811514377593994,1.8869309425354004,1.880574107170105,1.8840042352676392,17771520
2025-12-23 16:15:00+00:00,1.8839393854141235,1.8882851600646973,1.8839393854141235,1.886552333831787,7444992
2025-12-23 16:30:00+00:00,1.8866524696350098,1.8869057893753052,1.8837003707885742,1.883712649345398,0
2025-12-23 16:45:00+00:00,1.8838577270507812,1.8904348611831665,1.8838577270507812,1.8904348611831665,5043200
2025-12-23 17:00:00+00:00,1.890425682067871,1.890425682067871,1.8879938125610352,1.8879938125610352,0
2025-12-23 17:15:00+00:00,1.8875964879989624,1.8875964879989624,1.8826268911361694,1.882633924484253,5312512
2025-12-23 17:30:00+00:00,1.8824312686920166,1.8824312686920166,1.8798507452011108,1.8806792497634888,5970176
2025-12-23 17:45:00+00:00,1.8810337781906128,1.8810337781906128,1.874271273612976,1.874271273612976,8524544
2025-12-23 18:00:00+00:00,1.8739005327224731,1.8739005327224731,1.8694583177566528,1.8694583177566528,22101504
2025-12-23 18:15:00+00:00,1.8701342344284058,1.8768024444580078,1.8701342344284058,1.8767355680465698,15453696
2025-12-23 18:30:00+00:00,1.876886248588562,1.8820291757583618,1.876886248588562,1.88161301612854,13974528
2025-12-23 18:45:00+00:00,1.8826117515563965,1.8826117515563965,1.8811538219451904,1.8816795349121094,10099200
2025-12-23 19:00:00+00:00,1.8814866542816162,1.884385108947754,1.8814866542816162,1.8826539516448975,0
2025-12-23 19:15:00+00:00,1.882676601409912,1.884182095527649,1.8813440799713135,1.8813440799713135,0
2025-12-23 19:30:00+00:00,1.8811542987823486,1.8811542987823486,1.8788981437683105,1.8809784650802612,0
2025-12-23 19:45:00+00:00,1.8817464113235474,1.8817522525787354,1.8810116052627563,1.8815418481826782,0
2025-12-23 20:00:00+00:00,1.8817647695541382,1.8818559646606445,1.8799173831939697,1.8802343606948853,0
2025-12-23 20:15:00+00:00,1.8802838325500488,1.8852870464324951,1.8802838325500488,1.8851525783538818,0
2025-12-23 20:30:00+00:00,1.885023593902588,1.8909374475479126,1.8837546110153198,1.8907777070999146,5710080
2025-12-23 20:45:00+00:00,1.8910282850265503,1.8910282850265503,1.884381651878357,1.884381651878357,0
2025-12-23 21:00:00+00:00,1.8833931684494019,1.8833931684494019,1.8777989149093628,1.8777989149093628,23296
2025-12-23 21:15:00+00:00,1.8781968355178833,1.8833445310592651,1.8781968355178833,1.882660984992981,0
2025-12-23 21:30:00+00:00,1.8827028274536133,1.8827028274536133,1.880267858505249,1.8803021907806396,0
2025-12-23 21:45:00+00:00,1.8812888860702515,1.8813576698303223,1.8807014226913452,1.8810895681381226,0
2025-12-23 22:00:00+00:00,1.8810516595840454,1.8820871114730835,1.8799270391464233,1.8799270391464233,0
2025-12-23 22:15:00+00:00,1.880014419555664,1.880361557006836,1.878015160560608,1.878553867340088,0
2025-12-23 22:30:00+00:00,1.8778272867202759,1.879445195198059,1.876309871673584,1.879445195198059,982272
2025-12-23 22:45:00+00:00,1.8811331987380981,1.881960391998291,1.8786207437515259,1.8786207437515259,0
2025-12-23 23:00:00+00:00,1.8786965608596802,1.8786965608596802,1.8761296272277832,1.8761742115020752,0
2025-12-23 23:15:00+00:00,1.8762803077697754,1.8762803077697754,1.8738884925842285,1.874457597732544,3165440
2025-12-23 23:30:00+00:00,1.8753482103347778,1.876616358757019,1.8753482103347778,1.8757106065750122,1791744
2025-12-23 23:45:00+00:00,1.8757569789886475,1.8759245872497559,1.8728563785552979,1.8728563785552979,700928
2025-12-24 00:00:00+00:00,1.8727281093597412,1.873788595199585,1.8718546628952026,1.8718546628952026,1147648
2025-12-24 00:15:00+00:00,1.8719134330749512,1.8719202280044556,1.8707460165023804,1.8708471059799194,0
2025-12-24 00:30:00+00:00,1.8708186149597168,1.8713924884796143,1.8696671724319458,1.8710747957229614,1297664
2025-12-24 00:45:00+00:00,1.8722012042999268,1.87251615524292,1.8706834316253662,1.8724788427352905,3795968
2025-12-24 01:00:00+00:00,1.8725898265838623,1.8748427629470825,1.8724956512451172,1.8745065927505493,722432
2025-12-24 01:15:00+00:00,1.874853491783142,1.8758349418640137,1.8747807741165161,1.8758349418640137,431616
2025-12-24 01:30:00+00:00,1.8755558729171753,1.8755558729171753,1.8737390041351318,1.8737390041351318,477952
2025-12-24 01:45:00+00:00,1.873606562614441,1.873606562614441,1.8705604076385498,1.8705604076385498,628224
2025-12-24 02:00:00+00:00,1.8706495761871338,1.8706495761871338,1.8603686094284058,1.860461711883545,6763776
2025-12-24 02:15:00+00:00,1.8612252473831177,1.8637877702713013,1.8612252473831177,1.8633177280426025,5071872
2025-12-24 02:30:00+00:00,1.8628405332565308,1.8628405332565308,1.8571524620056152,1.8571524620056152,0
2025-12-24 02:45:00+00:00,1.856448769569397,1.856448769569397,1.852798581123352,1.8548310995101929,4815360
2025-12-24 03:00:00+00:00,1.8546195030212402,1.8546195030212402,1.8471754789352417,1.8473609685897827,0
2025-12-24 03:15:00+00:00,1.847311019897461,1.8545005321502686,1.8470486402511597,1.8545005321502686,8588288
2025-12-24 03:30:00+00:00,1.8544563055038452,1.8579225540161133,1.8544563055038452,1.8579225540161133,2936320
2025-12-24 03:45:00+00:00,1.8580082654953003,1.8613415956497192,1.8580082654953003,1.860878348350525,2424064
2025-12-24 04:00:00+00:00,1.860866665840149,1.8649955987930298,1.8606297969818115,1.8649955987930298,0
2025-12-24 04:15:00+00:00,1.8650903701782227,1.8656758069992065,1.860616683959961,1.860616683959961,1233152
2025-12-24 04:30:00+00:00,1.8597050905227661,1.8606454133987427,1.8577536344528198,1.860430121421814,2586624
2025-12-24 04:45:00+00:00,1.8602267503738403,1.8602267503738403,1.8543397188186646,1.8544353246688843,0
2025-12-24 05:00:00+00:00,1.8543875217437744,1.855080485343933,1.85302734375,1.85302734375,0
2025-12-24 05:15:00+00:00,1.85308039188385,1.854401707649231,1.85308039188385,1.8541772365570068,2940032
2025-12-24 05:30:00+00:00,1.853001356124878,1.853001356124878,1.8458081483840942,1.8459022045135498,6384896
2025-12-24 05:45:00+00:00,1.8455190658569336,1.8465608358383179,1.8442174196243286,1.8463512659072876,9844992
2025-12-24 06:00:00+00:00,1.8462666273117065,1.8462666273117065,1.8387495279312134,1.8387495279312134,11770496
2025-12-24 06:15:00+00:00,1.838535189628601,1.8430310487747192,1.8375813961029053,1.842761754989624,0
2025-12-24 06:30:00+00:00,1.8426753282546997,1.845163106918335,1.8415192365646362,1.845163106918335,223232
2025-12-24 06:45:00+00:00,1.8448282480239868,1.8499164581298828,1.844691514968872,1.8493049144744873,3290368
2025-12-24 07:00:00+00:00,1.8506909608840942,1.851955771446228,1.850636601448059,1.851955771446228,3870976
2025-12-24 07:15:00+00:00,1.8519775867462158,1.8523972034454346,1.8504552841186523,1.8515236377716064,0
2025-12-24 07:30:00+00:00,1.8514460325241089,1.8553885221481323,1.8513352870941162,1.8553885221481323,1356288
2025-12-24 07:45:00+00:00,1.8553544282913208,1.8570142984390259,1.8553544282913208,1.856109857559204,20738304
2025-12-24 08:00:00+00:00,1.8558286428451538,1.8563532829284668,1.855168342590332,1.8560672998428345,4947456
2025-12-24 08:15:00+00:00,1.856079339981079,1.8589818477630615,1.856079339981079,1.856619954109192,6091008
2025-12-24 08:30:00+00:00,1.8571057319641113,1.8582406044006348,1.8555042743682861,1.8566536903381348,10235904
2025-12-24 08:45:00+00:00,1.8568531274795532,1.8568531274795532,1.852423906326294,1.852423906326294,1143680
2025-12-24 09:00:00+00:00,1.8523447513580322,1.856012225151062,1.8523447513580322,1.856012225151062,5120512
2025-12-24 09:15:00+00:00,1.856117606163025,1.8567925691604614,1.8557668924331665,1.855806827545166,691200
2025-12-24 09:30:00+00:00,1.8556832075119019,1.8556832075119019,1.8543040752410889,1.8543633222579956,0
2025-12-24 09:45:00+00:00,1.8544222116470337,1.8560959100723267,1.854029893875122,1.854029893875122,2845952
2025-12-24 10:00:00+00:00,1.8539663553237915,1.8582839965820312,1.8535354137420654,1.8582839965820312,3063424
2025-12-24 10:15:00+00:00,1.8592902421951294,1.8631784915924072,1.8592902421951294,1.8631784915924072,4620928
2025-12-24 10:30:00+00:00,1.863874077796936,1.8673990964889526,1.863874077796936,1.8673990964889526,15766528
2025-12-24 10:45:00+00:00,1.8673312664031982,1.8679410219192505,1.8671213388442993,1.8671213388442993,988032
2025-12-24 11:00:00+00:00,1.8665275573730469,1.8735127449035645,1.8665275573730469,1.8735127449035645,3077376
2025-12-24 11:15:00+00:00,1.873629093170166,1.873629093170166,1.8708387613296509,1.8708387613296509,1192448
2025-12-24 11:30:00+00:00,1.8707388639450073,1.871716022491455,1.870274305343628,1.871716022491455,0
2025-12-24 11:45:00+00:00,1.8717278242111206,1.8719494342803955,1.868800163269043,1.868849754333496,105600
2025-12-24 12:00:00+00:00,1.8687514066696167,1.8687514066696167,1.8652235269546509,1.8652739524841309,0
2025-12-24 12:15:00+00:00,1.8653234243392944,1.8660147190093994,1.863913655281067,1.864359736442566,454016
2025-12-24 12:30:00+00:00,1.8648980855941772,1.869987964630127,1.8648980855941772,1.869987964630127,2612224
2025-12-24 12:45:00+00:00,1.8700233697891235,1.8709020614624023,1.867337942123413,1.8708739280700684,6721408
2025-12-24 13:00:00+00:00,1.8706578016281128,1.871065616607666,1.8677866458892822,1.8677866458892822,0
2025-12-24 13:15:00+00:00,1.8677568435668945,1.8677568435668945,1.8669298887252808,1.8672081232070923,0
2025-12-24 13:30:00+00:00,1.8672709465026855,1.8676949739456177,1.864963173866272,1.8651249408721924,0
2025-12-24 13:45:00+00:00,1.8652124404907227,1.869009017944336,1.8652124404907227,1.8689923286437988,0
2025-12-24 14:00:00+00:00,1.869067907333374,1.874672532081604,1.869067907333374,1.874672532081604,0
2025-12-24 14:15:00+00:00,1.8752217292785645,1.8755866289138794,1.8710522651672363,1.8710522651672363,473472
2025-12-24 14:30:00+00:00,1.870998740196228,1.870998740196228,1.8575950860977173,1.8661773204803467,21436160
2025-12-24 14:45:00+00:00,1.8658926486968994,1.8658926486968994,1.858373761177063,1.858373761177063,5352832
2025-12-24 15:00:00+00:00,1.8587074279785156,1.8613961935043335,1.8587074279785156,1.8605061769485474,0
2025-12-24 15:15:00+00:00,1.85901939868927,1.8593053817749023,1.8553316593170166,1.8577849864959717,0
2025-12-24 15:30:00+00:00,1.857701301574707,1.8661247491836548,1.857701301574707,1.8661247491836548,12016640
2025-12-24 15:45:00+00:00,1.8662922382354736,1.8662922382354736,1.8619214296340942,1.862033486366272,9654272
2025-12-24 16:00:00+00:00,1.8621439933776855,1.8635599613189697,1.8621439933776855,1.8631856441497803,0
2025-12-24 16:15:00+00:00,1.8634175062179565,1.86406409740448,1.8589444160461426,1.8589444160461426,428416
2025-12-24 16:30:00+00:00,1.8584039211273193,1.865817904472351,1.8584039211273193,1.865817904472351,17123584
2025-12-24 16:45:00+00:00,1.8654948472976685,1.8657448291778564,1.8604364395141602,1.8604364395141602,2520832
2025-12-24 17:00:00+00:00,1.8607083559036255,1.866136074066162,1.8604624271392822,1.8647511005401611,9135616
2025-12-24 17:15:00+00:00,1.8646931648254395,1.8652195930480957,1.8638837337493896,1.8641263246536255,1198720
2025-12-24 17:30:00+00:00,1.8640241622924805,1.8656375408172607,1.8608802556991577,1.8608802556991577,5193344
2025-12-24 17:45:00+00:00,1.8607152700424194,1.8607152700424194,1.8557530641555786,1.8557530641555786,6326528
2025-12-24 18:00:00+00:00,1.853039264678955,1.8534579277038574,1.8506178855895996,1.8510117530822754,645504
2025-12-24 18:15:00+00:00,1.8511723279953003,1.8566296100616455,1.8511723279953003,1.856303334236145,0
2025-12-24 18:30:00+00:00,1.8560348749160767,1.8560348749160767,1.8543734550476074,1.8552381992340088,0
2025-12-24 18:45:00+00:00,1.8554589748382568,1.8570504188537598,1.854905605316162,1.8549636602401733,0
2025-12-24 19:00:00+00:00,1.8550950288772583,1.856953501701355,1.8550859689712524,1.8552227020263672,0
2025-12-24 19:15:00+00:00,1.8549333810806274,1.855410099029541,1.8537464141845703,1.854305624961853,8084352
2025-12-24 19:30:00+00:00,1.8544319868087769,1.8571770191192627,1.8544319868087769,1.8571770191192627,2782848
2025-12-24 19:45:00+00:00,1.857420802116394,1.8609437942504883,1.857420802116394,1.8609437942504883,3702784
2025-12-24 20:00:00+00:00,1.8610762357711792,1.8645943403244019,1.8610737323760986,1.8645466566085815,8228096
2025-12-24 20:15:00+00:00,1.8644615411758423,1.8668076992034912,1.8644615411758423,1.8663301467895508,8253312
2025-12-24 20:30:00+00:00,1.86624276638031,1.867014765739441,1.8646817207336426,1.8646817207336426,1126912
2025-12-24 20:45:00+00:00,1.8647013902664185,1.8647013902664185,1.862043857574463,1.8623020648956299,0
2025-12-24 21:00:00+00:00,1.8629931211471558,1.8636707067489624,1.8625057935714722,1.8626060485839844,0
2025-12-24 21:15:00+00:00,1.8626068830490112,1.8628870248794556,1.8618069887161255,1.862837553024292,0
2025-12-24 21:30:00+00:00,1.8628549575805664,1.8641681671142578,1.862763524055481,1.8641681671142578,6144128
2025-12-24 21:45:00+00:00,1.8641574382781982,1.8642098903656006,1.8623385429382324,1.8623385429382324,4759808
2025-12-24 22:00:00+00:00,1.8624082803726196,1.8641060590744019,1.8624082803726196,1.863909363746643,2569856
2025-12-24 22:15:00+00:00,1.863808512687683,1.863808512687683,1.8606618642807007,1.8606963157653809,4111488
2025-12-24 22:30:00+00:00,1.860697627067566,1.8662357330322266,1.860313892364502,1.8662357330322266,2953728
2025-12-24 22:45:00+00:00,1.8663437366485596,1.8672142028808594,1.8662759065628052,1.8672142028808594,1754496
2025-12-24 23:00:00+00:00,1.8674029111862183,1.8679146766662598,1.8629506826400757,1.8638139963150024,457856
2025-12-24 23:15:00+00:00,1.8638283014297485,1.8640797138214111,1.8620401620864868,1.8620401620864868,0
2025-12-24 23:30:00+00:00,1.8620542287826538,1.8620542287826538,1.8611456155776978,1.8611456155776978,0
2025-12-24 23:45:00+00:00,1.861215353012085,1.8618216514587402,1.861171007156372,1.861171007156372,0
2025-12-25 00:00:00+00:00,1.8611924648284912,1.8617256879806519,1.8605973720550537,1.861611008644104,0
2025-12-25 00:15:00+00:00,1.861771821975708,1.863222360610962,1.861771821975708,1.8620641231536865,922496
2025-12-25 00:30:00+00:00,1.8620100021362305,1.8633663654327393,1.8613996505737305,1.8618742227554321,0
2025-12-25 00:45:00+00:00,1.861379623413086,1.861379623413086,1.857701301574707,1.8577184677124023,0
2025-12-25 01:00:00+00:00,1.8576561212539673,1.8576561212539673,1.8565495014190674,1.8574646711349487,0
2025-12-25 01:15:00+00:00,1.8575825691223145,1.857869029045105,1.8569682836532593,1.8577125072479248,0
2025-12-25 01:30:00+00:00,1.8576468229293823,1.8594574928283691,1.8568003177642822,1.8594574928283691,0
2025-12-25 01:45:00+00:00,1.8597110509872437,1.8644698858261108,1.8597110509872437,1.8644698858261108,0
2025-12-25 02:00:00+00:00,1.8644448518753052,1.8644448518753052,1.8631198406219482,1.8639150857925415,0
2025-12-25 02:15:00+00:00,1.8639543056488037,1.8655896186828613,1.8639543056488037,1.8648864030838013,0
2025-12-25 02:30:00+00:00,1.8648868799209595,1.8677408695220947,1.8648868799209595,1.8677408695220947,0
2025-12-25 02:45:00+00:00,1.867828607559204,1.8705586194992065,1.867828607559204,1.8703358173370361,0
2025-12-25 03:00:00+00:00,1.8699774742126465,1.8699774742126465,1.8681697845458984,1.8684543371200562,0
2025-12-25 03:15:00+00:00,1.868209958076477,1.8714512586593628,1.8675217628479004,1.8714240789413452,0
2025-12-25 03:30:00+00:00,1.8713634014129639,1.8724974393844604,1.8713634014129639,1.8724974393844604,0
2025-12-25 03:45:00+00:00,1.8724267482757568,1.8724267482757568,1.8693698644638062,1.8693698644638062,319488
2025-12-25 04:00:00+00:00,1.8693933486938477,1.8694126605987549,1.8687105178833008,1.8687105178833008,0
2025-12-25 04:15:00+00:00,1.8687440156936646,1.871507167816162,1.8687440156936646,1.8708404302597046,298112
2025-12-25 04:30:00+00:00,1.8707256317138672,1.8707256317138672,1.8693188428878784,1.8698400259017944,0
2025-12-25 04:45:00+00:00,1.8697847127914429,1.8727312088012695,1.8697847127914429,1.8726387023925781,0
2025-12-25 05:00:00+00:00,1.872558832168579,1.872558832168579,1.8692657947540283,1.8692657947540283,0
2025-12-25 05:15:00+00:00,1.8683420419692993,1.8690751791000366,1.8683420419692993,1.8690738677978516,0
2025-12-25 05:30:00+00:00,1.8690706491470337,1.8703347444534302,1.8690706491470337,1.8694531917572021,0
2025-12-25 05:45:00+00:00,1.869558572769165,1.8702950477600098,1.8686832189559937,1.8686832189559937,0
2025-12-25 06:00:00+00:00,1.868713140487671,1.868713140487671,1.8661210536956787,1.8661210536956787,0
2025-12-25 06:15:00+00:00,1.8660361766815186,1.8702200651168823,1.8660361766815186,1.8702200651168823,0
2025-12-25 06:30:00+00:00,1.870191216468811,1.8729380369186401,1.870191216468811,1.8720645904541016,1900544
2025-12-25 06:45:00+00:00,1.8722500801086426,1.874556064605713,1.8722500801086426,1.874556064605713,0
2025-12-25 07:00:00+00:00,1.874303936958313,1.8744432926177979,1.872667908668518,1.873181700706482,266880
2025-12-25 07:15:00+00:00,1.873317003250122,1.873317003250122,1.8725923299789429,1.8730288743972778,0
2025-12-25 07:30:00+00:00,1.8729993104934692,1.8729993104934692,1.872185230255127,1.8724838495254517,740864
2025-12-25 07:45:00+00:00,1.8724373579025269,1.8734736442565918,1.8723012208938599,1.8734732866287231,0
2025-12-25 08:00:00+00:00,1.873463749885559,1.8773983716964722,1.8732084035873413,1.8767703771591187,7092096
2025-12-25 08:15:00+00:00,1.8762468099594116,1.8762468099594116,1.869049310684204,1.869773268699646,6045952
2025-12-25 08:30:00+00:00,1.8697271347045898,1.8700850009918213,1.8677970170974731,1.8700850009918213,2572160
2025-12-25 08:45:00+00:00,1.8701260089874268,1.8728859424591064,1.8696913719177246,1.8728859424591064,203008
2025-12-25 09:00:00+00:00,1.8728842735290527,1.8728842735290527,1.868965983390808,1.868965983390808,304128
2025-12-25 09:15:00+00:00,1.868949055671692,1.868949055671692,1.8672486543655396,1.8672813177108765,1629056
2025-12-25 09:30:00+00:00,1.8670896291732788,1.867807388305664,1.8660037517547607,1.867807388305664,2293120
2025-12-25 09:45:00+00:00,1.8680247068405151,1.8716497421264648,1.8680247068405151,1.8711669445037842,7100800
2025-12-25 10:00:00+00:00,1.8711203336715698,1.8711203336715698,1.865295648574829,1.865295648574829,955520
2025-12-25 10:15:00+00:00,1.8649005889892578,1.8649005889892578,1.8620572090148926,1.8622170686721802,2900736
2025-12-25 10:30:00+00:00,1.8620997667312622,1.8620997667312622,1.8559967279434204,1.8559967279434204,7889152
2025-12-25 10:45:00+00:00,1.8544429540634155,1.8560625314712524,1.8544429540634155,1.8560361862182617,1748608
2025-12-25 11:00:00+00:00,1.8561840057373047,1.857900619506836,1.8561840057373047,1.8573834896087646,0
2025-12-25 11:15:00+00:00,1.8573576211929321,1.8592885732650757,1.8571275472640991,1.8592885732650757,0
2025-12-25 11:30:00+00:00,1.8592742681503296,1.8615211248397827,1.8582894802093506,1.8582894802093506,10975872
2025-12-25 11:45:00+00:00,1.8583167791366577,1.8588823080062866,1.856828212738037,1.8586336374282837,1179648
2025-12-25 12:00:00+00:00,1.8585457801818848,1.8585457801818848,1.8568439483642578,1.8568439483642578,0
2025-12-25 12:15:00+00:00,1.8566033840179443,1.8584764003753662,1.855745792388916,1.8584764003753662,0
2025-12-25 12:30:00+00:00,1.858790397644043,1.8607978820800781,1.858790397644043,1.8607978820800781,0
2025-12-25 12:45:00+00:00,1.861147165298462,1.8632599115371704,1.861147165298462,1.8632599115371704,880256
2025-12-25 13:00:00+00:00,1.8632868528366089,1.8651281595230103,1.8632868528366089,1.8651281595230103,1816704
2025-12-25 13:15:00+00:00,1.8652191162109375,1.8660087585449219,1.8636869192123413,1.8642832040786743,8203008
2025-12-25 13:30:00+00:00,1.864269495010376,1.865633249282837,1.864269495010376,1.865633249282837,455680
2025-12-25 13:45:00+00:00,1.8661516904830933,1.8680278062820435,1.8661516904830933,1.8671457767486572,6063360
2025-12-25 14:00:00+00:00,1.8671578168869019,1.8680003881454468,1.8661640882492065,1.8661640882492065,0
2025-12-25 14:15:00+00:00,1.8661212921142578,1.866835355758667,1.8657093048095703,1.8657763004302979,0
2025-12-25 14:30:00+00:00,1.8657481670379639,1.8668467998504639,1.8653066158294678,1.866452932357788,0
2025-12-25 14:45:00+00:00,1.8663893938064575,1.8679553270339966,1.8662816286087036,1.8677051067352295,0
2025-12-25 15:00:00+00:00,1.8678398132324219,1.8684669733047485,1.8667333126068115,1.8680411577224731,0
2025-12-25 15:15:00+00:00,1.8680657148361206,1.872165322303772,1.8674747943878174,1.872165322303772,8509312
2025-12-25 15:30:00+00:00,1.8722807168960571,1.8746432065963745,1.871366024017334,1.8746432065963745,1919104
2025-12-25 15:45:00+00:00,1.8786715269088745,1.885102391242981,1.8782800436019897,1.8828251361846924,38686080
2025-12-25 16:00:00+00:00,1.882752776145935,1.882752776145935,1.8791288137435913,1.8791288137435913,1239680
2025-12-25 16:15:00+00:00,1.878962516784668,1.8804609775543213,1.878962516784668,1.8797098398208618,2715904
2025-12-25 16:30:00+00:00,1.8790349960327148,1.8790349960327148,1.8757404088974,1.8757404088974,0
2025-12-25 16:45:00+00:00,1.8758227825164795,1.8758227825164795,1.8711239099502563,1.8711601495742798,824320
2025-12-25 17:00:00+00:00,1.8710553646087646,1.8710553646087646,1.8691283464431763,1.8699313402175903,0
2025-12-25 17:15:00+00:00,1.8697690963745117,1.8697690963745117,1.8675414323806763,1.8675414323806763,3628288
2025-12-25 17:30:00+00:00,1.8674540519714355,1.8674540519714355,1.8652087450027466,1.8664366006851196,347904
2025-12-25 17:45:00+00:00,1.8664604425430298,1.869953989982605,1.8664604425430298,1.8699268102645874,0
2025-12-25 18:00:00+00:00,1.8699496984481812,1.872017741203308,1.8699496984481812,1.8716663122177124,0
2025-12-25 18:15:00+00:00,1.8717613220214844,1.871980905532837,1.8703866004943848,1.870825171470642,0
2025-12-25 18:30:00+00:00,1.8707140684127808,1.8727984428405762,1.8702890872955322,1.8727984428405762,5116416
2025-12-25 18:45:00+00:00,1.8726437091827393,1.8727439641952515,1.8716599941253662,1.8725258111953735,1092480
2025-12-25 19:00:00+00:00,1.8725274801254272,1.8725955486297607,1.8720238208770752,1.8722107410430908,0
2025-12-25 19:15:00+00:00,1.8721797466278076,1.8722416162490845,1.87040376663208,1.87040376663208,0
2025-12-25 19:30:00+00:00,1.8703820705413818,1.871114730834961,1.8702914714813232,1.871114730834961,0
2025-12-25 19:45:00+00:00,1.8714463710784912,1.871744155883789,1.8708984851837158,1.8716843128204346,0
2025-12-25 20:00:00+00:00,1.871659278869629,1.8718887567520142,1.8705894947052002,1.870749592781067,0
2025-12-25 20:15:00+00:00,1.8707339763641357,1.8707339763641357,1.8676717281341553,1.8676717281341553,614528
2025-12-25 20:30:00+00:00,1.8676115274429321,1.8676115274429321,1.86457097530365,1.86457097530365,0
2025-12-25 20:45:00+00:00,1.8645938634872437,1.8675405979156494,1.8645938634872437,1.8673014640808105,1040256
2025-12-25 21:00:00+00:00,1.8673759698867798,1.8675538301467896,1.866753339767456,1.8675538301467896,0
2025-12-25 21:15:00+00:00,1.867668867111206,1.867668867111206,1.8660935163497925,1.8661245107650757,2079232
2025-12-25 21:30:00+00:00,1.8665311336517334,1.867014765739441,1.8663413524627686,1.8663413524627686,0
2025-12-25 21:45:00+00:00,1.8663276433944702,1.8664218187332153,1.8647688627243042,1.8648055791854858,667520
2025-12-25 22:00:00+00:00,1.8648210763931274,1.8648210763931274,1.860064148902893,1.8601949214935303,7962624
2025-12-25 22:15:00+00:00,1.859984040260315,1.8608345985412598,1.85948646068573,1.859542727470398,489856
2025-12-25 22:30:00+00:00,1.8596845865249634,1.8607395887374878,1.8580763339996338,1.8580763339996338,984192
2025-12-25 22:45:00+00:00,1.8565547466278076,1.8565547466278076,1.8438869714736938,1.8449833393096924,57811328
2025-12-25 23:00:00+00:00,1.8440947532653809,1.8481539487838745,1.8420146703720093,1.848130702972412,19296640
2025-12-25 23:15:00+00:00,1.8478021621704102,1.8478021621704102,1.842639446258545,1.8429019451141357,13451008
2025-12-25 23:30:00+00:00,1.8413420915603638,1.8413420915603638,1.8318132162094116,1.8337985277175903,47995776
2025-12-25 23:45:00+00:00,1.8331905603408813,1.8331905603408813,1.830260157585144,1.8317663669586182,35595264
2025-12-26 00:00:00+00:00,1.8317747116088867,1.8347313404083252,1.827661156654358,1.82781183719635,23040000
2025-12-26 00:15:00+00:00,1.828430414199829,1.832335114479065,1.825568675994873,1.8304204940795898,22457344
2025-12-26 00:30:00+00:00,1.830621361732483,1.8318266868591309,1.8291661739349365,1.8291661739349365,16852096
2025-12-26 00:45:00+00:00,1.8293958902359009,1.8301842212677002,1.829334020614624,1.8295267820358276,10338944
2025-12-26 01:00:00+00:00,1.82975172996521,1.835246205329895,1.82975172996521,1.8347562551498413,10591360
2025-12-26 01:15:00+00:00,1.8348298072814941,1.835968255996704,1.8348298072814941,1.8358871936798096,12187392
2025-12-26 01:30:00+00:00,1.8362988233566284,1.837494134902954,1.8362988233566284,1.8374725580215454,5830784
2025-12-26 01:45:00+00:00,1.837753176689148,1.837753176689148,1.8365079164505005,1.8365079164505005,4322048
2025-12-26 02:00:00+00:00,1.8364894390106201,1.839245319366455,1.834608554840088,1.839245319366455,8427648
2025-12-26 02:15:00+00:00,1.8416500091552734,1.8731598854064941,1.8416500091552734,1.8713213205337524,99355904
2025-12-26 02:30:00+00:00,1.8711059093475342,1.8761423826217651,1.8711059093475342,1.871673345565796,48559488
2025-12-26 02:45:00+00:00,1.872206449508667,1.8723876476287842,1.8697690963745117,1.8701598644256592,26143872
2025-12-26 03:00:00+00:00,1.869797706604004,1.8702694177627563,1.8670461177825928,1.869099497795105,16763264
2025-12-26 03:15:00+00:00,1.8686437606811523,1.8686437606811523,1.8628385066986084,1.8628385066986084,11717248
2025-12-26 03:30:00+00:00,1.8625075817108154,1.8625075817108154,1.859198808670044,1.859198808670044,9570176
2025-12-26 03:45:00+00:00,1.8594961166381836,1.8637804985046387,1.8594961166381836,1.8633912801742554,7147776
2025-12-26 04:00:00+00:00,1.8630707263946533,1.8630707263946533,1.854979157447815,1.8558183908462524,9105664
2025-12-26 04:15:00+00:00,1.855798602104187,1.8580608367919922,1.855798602104187,1.8563027381896973,9404672
2025-12-26 04:30:00+00:00,1.8576825857162476,1.8617496490478516,1.8576825857162476,1.8617496490478516,9027200
2025-12-26 04:45:00+00:00,1.8631937503814697,1.8663197755813599,1.8631937503814697,1.8648723363876343,14604672
2025-12-26 05:00:00+00:00,1.8648754358291626,1.8652420043945312,1.8644658327102661,1.865036129951477,3071488
2025-12-26 05:15:00+00:00,1.8650975227355957,1.8650975227355957,1.863429069519043,1.863429069519043,4002176
2025-12-26 05:30:00+00:00,1.8635081052780151,1.8658289909362793,1.8634226322174072,1.8658289909362793,5328896
2025-12-26 05:45:00+00:00,1.8671934604644775,1.869726538658142,1.8671934604644775,1.8690290451049805,13473280
2025-12-26 06:00:00+00:00,1.8687000274658203,1.8696708679199219,1.868570327758789,1.8692429065704346,6484480
2025-12-26 06:15:00+00:00,1.8692494630813599,1.8719998598098755,1.8692494630813599,1.8704290390014648,9366528
2025-12-26 06:30:00+00:00,1.870345950126648,1.875710368156433,1.8688290119171143,1.875710368156433,18173184
2025-12-26 06:45:00+00:00,1.8756695985794067,1.8758654594421387,1.8737523555755615,1.8740018606185913,14983552
2025-12-26 07:00:00+00:00,1.873988151550293,1.877600073814392,1.8737127780914307,1.877600073814392,13205376
2025-12-26 07:15:00+00:00,1.8777492046356201,1.8801937103271484,1.8777492046356201,1.8800369501113892,27380352
2025-12-26 07:30:00+00:00,1.8800694942474365,1.8800694942474365,1.869476318359375,1.869476318359375,19948800
2025-12-26 07:45:00+00:00,1.868628740310669,1.868628740310669,1.8633776903152466,1.8633776903152466,14183424
2025-12-26 08:00:00+00:00,1.8633924722671509,1.8651747703552246,1.8632879257202148,1.8636159896850586,4263040
2025-12-26 08:15:00+00:00,1.863806128501892,1.868025302886963,1.863806128501892,1.8668780326843262,0
2025-12-26 08:30:00+00:00,1.8661953210830688,1.8661953210830688,1.862886667251587,1.862886667251587,0
2025-12-26 08:45:00+00:00,1.8629060983657837,1.8647695779800415,1.8622019290924072,1.8647695779800415,1056384
2025-12-26 09:00:00+00:00,1.8651667833328247,1.86845064163208,1.8651667833328247,1.86845064163208,1869056
2025-12-26 09:15:00+00:00,1.8684661388397217,1.8700112104415894,1.8684661388397217,1.8692902326583862,2497024
2025-12-26 09:30:00+00:00,1.8692501783370972,1.8709297180175781,1.8691710233688354,1.8709297180175781,460672
2025-12-26 09:45:00+00:00,1.8711603879928589,1.8757439851760864,1.8711603879928589,1.875741958618164,8649344
2025-12-26 10:00:00+00:00,1.875649094581604,1.8757857084274292,1.8745242357254028,1.8748575448989868,446976
2025-12-26 10:15:00+00:00,1.8746949434280396,1.8746949434280396,1.8724769353866577,1.8739334344863892,4308352
2025-12-26 10:30:00+00:00,1.8739386796951294,1.8760119676589966,1.8739386796951294,1.875556230545044,8576000
2025-12-26 10:45:00+00:00,1.8756005764007568,1.8786543607711792,1.8756005764007568,1.878173589706421,6040448
2025-12-26 11:00:00+00:00,1.8781757354736328,1.8781757354736328,1.8759100437164307,1.8759100437164307,815616
2025-12-26 11:15:00+00:00,1.8758419752120972,1.8758419752120972,1.8729406595230103,1.8729406595230103,3675904
2025-12-26 11:30:00+00:00,1.8730499744415283,1.8731542825698853,1.8715887069702148,1.8715887069702148,0
2025-12-26 11:45:00+00:00,1.8715077638626099,1.8715459108352661,1.870891809463501,1.8711628913879395,0
2025-12-26 12:00:00+00:00,1.8711390495300293,1.8715999126434326,1.8708714246749878,1.8714455366134644,2711040
2025-12-26 12:15:00+00:00,1.8708046674728394,1.87196946144104,1.8702354431152344,1.8719021081924438,278400
2025-12-26 12:30:00+00:00,1.8718267679214478,1.8718267679214478,1.8707311153411865,1.8712626695632935,1675904
2025-12-26 12:45:00+00:00,1.8715132474899292,1.8717164993286133,1.870823621749878,1.8713557720184326,4844544
2025-12-26 13:00:00+00:00,1.871341586112976,1.8734112977981567,1.869795322418213,1.8734112977981567,4536192
2025-12-26 13:15:00+00:00,1.8735127449035645,1.87445068359375,1.8732959032058716,1.8742629289627075,1024
2025-12-26 13:30:00+00:00,1.8739889860153198,1.8767701387405396,1.8730367422103882,1.8767701387405396,10035200
2025-12-26 13:45:00+00:00,1.876309871673584,1.877504825592041,1.8760156631469727,1.8774491548538208,10463616
2025-12-26 14:00:00+00:00,1.8769608736038208,1.8769608736038208,1.8751140832901,1.8752191066741943,2686592
2025-12-26 14:15:00+00:00,1.8750197887420654,1.8765177726745605,1.8750197887420654,1.875908613204956,11438336
2025-12-26 14:30:00+00:00,1.8754805326461792,1.8754805326461792,1.8645635843276978,1.8645635843276978,25113344
2025-12-26 14:45:00+00:00,1.8645354509353638,1.8645354509353638,1.845617413520813,1.845784068107605,69889280
2025-12-26 15:00:00+00:00,1.8455086946487427,1.8455086946487427,1.8325155973434448,1.8325155973434448,79622016
2025-12-26 15:15:00+00:00,1.8325467109680176,1.8359348773956299,1.830143690109253,1.8344354629516602,49554432
2025-12-26 15:30:00+00:00,1.8347156047821045,1.837439775466919,1.834133505821228,1.834133505821228,34055936
2025-12-26 15:45:00+00:00,1.834141492843628,1.8360487222671509,1.8322893381118774,1.832521677017212,8699904
2025-12-26 16:00:00+00:00,1.8334646224975586,1.8419082164764404,1.8334646224975586,1.8413801193237305,19965440
2025-12-26 16:15:00+00:00,1.8413255214691162,1.844167709350586,1.841275930404663,1.8421350717544556,8049408
2025-12-26 16:30:00+00:00,1.8422309160232544,1.8424395322799683,1.8408313989639282,1.8424395322799683,9332992
2025-12-26 16:45:00+00:00,1.8423435688018799,1.8427727222442627,1.83720862865448,1.83720862865448,7216896
2025-12-26 17:00:00+00:00,1.836844563484192,1.838852047920227,1.8366435766220093,1.8385378122329712,5797376
2025-12-26 17:15:00+00:00,1.8387242555618286,1.841817855834961,1.8381487131118774,1.841817855834961,6942976
2025-12-26 17:30:00+00:00,1.8421592712402344,1.8460334539413452,1.8421592712402344,1.8460334539413452,9062656
2025-12-26 17:45:00+00:00,1.8460456132888794,1.8465856313705444,1.8428586721420288,1.8428586721420288,11376896
2025-12-26 18:00:00+00:00,1.8428682088851929,1.8444911241531372,1.8419358730316162,1.8444911241531372,2325248
2025-12-26 18:15:00+00:00,1.8445367813110352,1.8447388410568237,1.843314290046692,1.8433266878128052,734208
2025-12-26 18:30:00+00:00,1.8433613777160645,1.8454328775405884,1.8413023948669434,1.8454328775405884,3911680
2025-12-26 18:45:00+00:00,1.8451365232467651,1.8451365232467651,1.8436405658721924,1.844388484954834,3002624
2025-12-26 19:00:00+00:00,1.8443790674209595,1.8454911708831787,1.844153881072998,1.8452986478805542,3238656
2025-12-26 19:15:00+00:00,1.845221996307373,1.845221996307373,1.8432800769805908,1.8432800769805908,4660992
2025-12-26 19:30:00+00:00,1.8432594537734985,1.8450182676315308,1.843216061592102,1.8450182676315308,3938048
2025-12-26 19:45:00+00:00,1.845058798789978,1.8457521200180054,1.8442100286483765,1.8442878723144531,6887936
2025-12-26 20:00:00+00:00,1.8447297811508179,1.8465667963027954,1.8444814682006836,1.8458839654922485,2699776
2025-12-26 20:15:00+00:00,1.8461544513702393,1.8480682373046875,1.846101999282837,1.8480682373046875,2505728
2025-12-26 20:30:00+00:00,1.8480619192123413,1.8497850894927979,1.8480619192123413,1.8497850894927979,0
2025-12-26 20:45:00+00:00,1.8503456115722656,1.8570165634155273,1.8503456115722656,1.8553674221038818,17723392
2025-12-26 21:00:00+00:00,1.8549085855484009,1.8549165725708008,1.8514349460601807,1.8517130613327026,3791104
2025-12-26 21:15:00+00:00,1.8523648977279663,1.8530244827270508,1.8504164218902588,1.8504164218902588,3297536
2025-12-26 21:30:00+00:00,1.8503477573394775,1.8503477573394775,1.8477742671966553,1.8477742671966553,3363328
2025-12-26 21:45:00+00:00,1.8479547500610352,1.8486194610595703,1.8473600149154663,1.8473600149154663,835072
2025-12-26 22:00:00+00:00,1.846544861793518,1.8478827476501465,1.846544861793518,1.8477004766464233,0
2025-12-26 22:15:00+00:00,1.8476651906967163,1.8476651906967163,1.8455215692520142,1.8455215692520142,795392
2025-12-26 22:30:00+00:00,1.8454790115356445,1.8462132215499878,1.8450313806533813,1.8450313806533813,1298432
2025-12-26 22:45:00+00:00,1.8444886207580566,1.844863772392273,1.8434641361236572,1.8447864055633545,0
2025-12-26 23:00:00+00:00,1.845949649810791,1.8470274209976196,1.845406413078308,1.845406413078308,0
2025-12-26 23:15:00+00:00,1.845383644104004,1.845383644104004,1.8441829681396484,1.8442054986953735,0
2025-12-26 23:30:00+00:00,1.8441981077194214,1.8444477319717407,1.8431047201156616,1.8431047201156616,0
2025-12-26 23:45:00+00:00,1.8429292440414429,1.843023657798767,1.8421810865402222,1.8429611921310425,0
2025-12-27 00:00:00+00:00,1.8426309823989868,1.843321681022644,1.842113733291626,1.843321681022644,0
2025-12-27 00:15:00+00:00,1.843043327331543,1.843043327331543,1.8414403200149536,1.841534972190857,0
2025-12-27 00:30:00+00:00,1.8415740728378296,1.8439027070999146,1.8415740728378296,1.8439027070999146,0
2025-12-27 00:45:00+00:00,1.8440552949905396,1.8440697193145752,1.8435176610946655,1.8438479900360107,0
2025-12-27 01:00:00+00:00,1.8441053628921509,1.8441053628921509,1.8436357975006104,1.8438438177108765,0
2025-12-27 01:15:00+00:00,1.843806505203247,1.843806505203247,1.843035101890564,1.8434969186782837,0
2025-12-27 01:30:00+00:00,1.8434813022613525,1.843684434890747,1.8434813022613525,1.843553066253662,0
2025-12-27 01:45:00+00:00,1.8435273170471191,1.8441365957260132,1.8428617715835571,1.8441365957260132,2238464
2025-12-27 02:00:00+00:00,1.8450132608413696,1.845873475074768,1.8445014953613281,1.845873475074768,0
2025-12-27 02:15:00+00:00,1.845923662185669,1.846547245979309,1.8448576927185059,1.8448641300201416,0
2025-12-27 02:30:00+00:00,1.8449372053146362,1.846634030342102,1.8447695970535278,1.846634030342102,0
2025-12-27 02:45:00+00:00,1.846482515335083,1.8493882417678833,1.846482515335083,1.848294973373413,0
2025-12-27 03:00:00+00:00,1.8482348918914795,1.8492544889450073,1.8464751243591309,1.8464751243591309,0
2025-12-27 03:15:00+00:00,1.8465344905853271,1.849135160446167,1.8465344905853271,1.8491086959838867,0
2025-12-27 03:30:00+00:00,1.8490608930587769,1.8515496253967285,1.8490608930587769,1.8515143394470215,0
2025-12-27 03:45:00+00:00,1.8514870405197144,1.8514870405197144,1.8502620458602905,1.8502634763717651,0
2025-12-27 04:00:00+00:00,1.8506578207015991,1.8506578207015991,1.8491604328155518,1.8492511510849,0
2025-12-27 04:15:00+00:00,1.8489596843719482,1.849019169807434,1.8478517532348633,1.8478702306747437,0
2025-12-27 04:30:00+00:00,1.847885251045227,1.847885251045227,1.8470890522003174,1.8471360206604004,0
2025-12-27 04:45:00+00:00,1.8471163511276245,1.8472011089324951,1.8465925455093384,1.8465925455093384,0
2025-12-27 05:00:00+00:00,1.8467137813568115,1.847418189048767,1.846475601196289,1.846527338027954,0
2025-12-27 05:15:00+00:00,1.8463996648788452,1.8464221954345703,1.8457716703414917,1.846096396446228,0
2025-12-27 05:30:00+00:00,1.846179723739624,1.846929907798767,1.846179723739624,1.8469189405441284,672256
2025-12-27 05:45:00+00:00,1.8469548225402832,1.847970962524414,1.8469548225402832,1.847970962524414,0
2025-12-27 06:00:00+00:00,1.848220944404602,1.848220944404602,1.8470633029937744,1.847597360610962,0
2025-12-27 06:15:00+00:00,1.847573161125183,1.847573161125183,1.8467345237731934,1.8474884033203125,0
2025-12-27 06:30:00+00:00,1.8474563360214233,1.8474563360214233,1.8468550443649292,1.8472514152526855,0
2025-12-27 06:45:00+00:00,1.8473024368286133,1.8473024368286133,1.846755027770996,1.846755027770996,0
2025-12-27 07:00:00+00:00,1.84676194190979,1.8484638929367065,1.84676194190979,1.8484638929367065,0
2025-12-27 07:15:00+00:00,1.8486382961273193,1.8505287170410156,1.8485878705978394,1.8504971265792847,0
2025-12-27 07:30:00+00:00,1.8503236770629883,1.8503236770629883,1.8478171825408936,1.8478171825408936,0
2025-12-27 07:45:00+00:00,1.847764253616333,1.847764253616333,1.846827745437622,1.847170114517212,0
2025-12-27 08:00:00+00:00,1.846880316734314,1.848239779472351,1.846880316734314,1.8475267887115479,0
2025-12-27 08:15:00+00:00,1.8475619554519653,1.849352240562439,1.8475456237792969,1.849352240562439,0
2025-12-27 08:30:00+00:00,1.849300503730774,1.8497068881988525,1.849047303199768,1.8491020202636719,0
2025-12-27 08:45:00+00:00,1.8490996360778809,1.8491840362548828,1.8486237525939941,1.8489270210266113,271616
2025-12-27 09:00:00+00:00,1.8489195108413696,1.8513548374176025,1.8489195108413696,1.8513448238372803,0
2025-12-27 09:15:00+00:00,1.8515111207962036,1.8534371852874756,1.8515111207962036,1.8520307540893555,3244672
2025-12-27 09:30:00+00:00,1.851962924003601,1.851962924003601,1.8504860401153564,1.8504860401153564,0
2025-12-27 09:45:00+00:00,1.8505549430847168,1.850888967514038,1.8503479957580566,1.8503479957580566,0
2025-12-27 10:00:00+00:00,1.8502687215805054,1.8506020307540894,1.8495920896530151,1.8506020307540894,0
2025-12-27 10:15:00+00:00,1.8504714965820312,1.8506113290786743,1.8497172594070435,1.8501216173171997,0
2025-12-27 10:30:00+00:00,1.8499197959899902,1.8499197959899902,1.8461896181106567,1.8461896181106567,0
2025-12-27 10:45:00+00:00,1.8463129997253418,1.8467155694961548,1.8461905717849731,1.8467105627059937,0
2025-12-27 11:00:00+00:00,1.8470916748046875,1.8475462198257446,1.8470845222473145,1.8472100496292114,0
2025-12-27 11:15:00+00:00,1.8475342988967896,1.848257303237915,1.8474889993667603,1.847692847251892,0
2025-12-27 11:30:00+00:00,1.8476636409759521,1.8497203588485718,1.8474782705307007,1.8497203588485718,0
2025-12-27 11:45:00+00:00,1.8497233390808105,1.8506888151168823,1.8495739698410034,1.8505394458770752,216704
2025-12-27 12:00:00+00:00,1.8509830236434937,1.8513466119766235,1.8508249521255493,1.8508590459823608,0
2025-12-27 12:15:00+00:00,1.8507822751998901,1.8507822751998901,1.85008704662323,1.850488305091858,141440
2025-12-27 12:30:00+00:00,1.8505440950393677,1.8516606092453003,1.8505440950393677,1.851151943206787,0
2025-12-27 12:45:00+00:00,1.8512130975723267,1.851413369178772,1.850391149520874,1.850391149520874,0
2025-12-27 13:00:00+00:00,1.8504420518875122,1.8504420518875122,1.8487802743911743,1.8487802743911743,0
2025-12-27 13:15:00+00:00,1.8486322164535522,1.8486322164535522,1.8459721803665161,1.8460146188735962,227840
2025-12-27 13:30:00+00:00,1.8460218906402588,1.8469899892807007,1.8456323146820068,1.8469899892807007,1502848
2025-12-27 13:45:00+00:00,1.847001314163208,1.847428560256958,1.8459711074829102,1.8459711074829102,0
2025-12-27 14:00:00+00:00,1.8458964824676514,1.8458964824676514,1.8432167768478394,1.843912124633789,0
2025-12-27 14:15:00+00:00,1.843780279159546,1.8443509340286255,1.843631386756897,1.84383225440979,0
2025-12-27 14:30:00+00:00,1.8438087701797485,1.847031593322754,1.8438087701797485,1.847031593322754,0
2025-12-27 14:45:00+00:00,1.8472278118133545,1.8481814861297607,1.8472278118133545,1.8481814861297607,0
2025-12-27 15:00:00+00:00,1.8480075597763062,1.8480075597763062,1.847206950187683,1.847206950187683,0
2025-12-27 15:15:00+00:00,1.8473453521728516,1.847813367843628,1.8470607995986938,1.847813367843628,0
2025-12-27 15:30:00+00:00,1.8478513956069946,1.8488831520080566,1.8478513956069946,1.8488831520080566,0
2025-12-27 15:45:00+00:00,1.8488439321517944,1.84986412525177,1.8488439321517944,1.8490839004516602,0
2025-12-27 16:00:00+00:00,1.8490662574768066,1.8490662574768066,1.8483569622039795,1.8483595848083496,0
2025-12-27 16:15:00+00:00,1.8483325242996216,1.8483325242996216,1.846852421760559,1.846852421760559,0
2025-12-27 16:30:00+00:00,1.8468894958496094,1.8468894958496094,1.845609426498413,1.845609426498413,0
2025-12-27 16:45:00+00:00,1.8455498218536377,1.8455498218536377,1.843821406364441,1.843821406364441,0
2025-12-27 17:00:00+00:00,1.843793511390686,1.8457871675491333,1.843793511390686,1.8446208238601685,5012416
2025-12-27 17:15:00+00:00,1.8446552753448486,1.8472126722335815,1.8440093994140625,1.8472126722335815,8001408
2025-12-27 17:30:00+00:00,1.8471828699111938,1.8471828699111938,1.8451822996139526,1.8451822996139526,0
2025-12-27 17:45:00+00:00,1.8452551364898682,1.8479710817337036,1.8452551364898682,1.8479710817337036,3992448
2025-12-27 18:00:00+00:00,1.8478319644927979,1.8509126901626587,1.8478319644927979,1.8501529693603516,17245440
2025-12-27 18:15:00+00:00,1.8500490188598633,1.850834846496582,1.8497267961502075,1.850834846496582,79680
2025-12-27 18:30:00+00:00,1.8506989479064941,1.8506989479064941,1.8502036333084106,1.8503689765930176,0
2025-12-27 18:45:00+00:00,1.8502854108810425,1.8502854108810425,1.849170207977295,1.849176287651062,0
2025-12-27 19:00:00+00:00,1.8491640090942383,1.8497220277786255,1.8481671810150146,1.8497220277786255,0
2025-12-27 19:15:00+00:00,1.8497953414916992,1.8502981662750244,1.8497953414916992,1.8500860929489136,293760
2025-12-27 19:30:00+00:00,1.8501111268997192,1.8512554168701172,1.8501111268997192,1.8512554168701172,532992
2025-12-27 19:45:00+00:00,1.8515675067901611,1.8547779321670532,1.8515675067901611,1.8540918827056885,643776
2025-12-27 20:00:00+00:00,1.854223608970642,1.8570184707641602,1.854223608970642,1.8555163145065308,6580672
2025-12-27 20:15:00+00:00,1.8555699586868286,1.8565332889556885,1.854655385017395,1.854655385017395,3462976
2025-12-27 20:30:00+00:00,1.8546299934387207,1.8546299934387207,1.8535088300704956,1.8535728454589844,0
2025-12-27 20:45:00+00:00,1.8536344766616821,1.8548688888549805,1.8536344766616821,1.8542766571044922,0
2025-12-27 21:00:00+00:00,1.8545030355453491,1.8566547632217407,1.8545030355453491,1.8566547632217407,0
2025-12-27 21:15:00+00:00,1.856790542602539,1.858217477798462,1.856790542602539,1.8580397367477417,745152
2025-12-27 21:30:00+00:00,1.858029842376709,1.8592368364334106,1.858029842376709,1.8586130142211914,461312
2025-12-27 21:45:00+00:00,1.8585424423217773,1.8596844673156738,1.858242154121399,1.8596844673156738,942656
2025-12-27 22:00:00+00:00,1.8607755899429321,1.8624075651168823,1.8607755899429321,1.8624075651168823,3902272
2025-12-27 22:15:00+00:00,1.863762617111206,1.8694887161254883,1.863762617111206,1.8664473295211792,32418944
2025-12-27 22:30:00+00:00,1.8649306297302246,1.8649306297302246,1.86199152469635,1.8625050783157349,3168576
2025-12-27 22:45:00+00:00,1.862561821937561,1.8638452291488647,1.8620879650115967,1.8636280298233032,755776
2025-12-27 23:00:00+00:00,1.8633019924163818,1.8633019924163818,1.861857295036316,1.8619630336761475,0
2025-12-27 23:15:00+00:00,1.862355351448059,1.8640737533569336,1.862355351448059,1.8637168407440186,740224
2025-12-27 23:30:00+00:00,1.8637596368789673,1.8649364709854126,1.8636479377746582,1.8649364709854126,623616
2025-12-27 23:45:00+00:00,1.8649829626083374,1.8737589120864868,1.8649829626083374,1.8729342222213745,27880768
2025-12-28 00:00:00+00:00,1.8726767301559448,1.8732051849365234,1.8712900876998901,1.8713371753692627,2240064
2025-12-28 00:15:00+00:00,1.871035099029541,1.8715142011642456,1.8699917793273926,1.8699917793273926,3253184
2025-12-28 00:30:00+00:00,1.8697713613510132,1.8721755743026733,1.8689918518066406,1.8721755743026733,3265920
2025-12-28 00:45:00+00:00,1.8720459938049316,1.8727895021438599,1.8705639839172363,1.8705698251724243,4345984
2025-12-28 01:00:00+00:00,1.8705695867538452,1.8728574514389038,1.8705695867538452,1.8728574514389038,2634432
2025-12-28 01:15:00+00:00,1.8727295398712158,1.8727295398712158,1.8690268993377686,1.8690268993377686,2421312
2025-12-28 01:30:00+00:00,1.8687998056411743,1.8705065250396729,1.8682726621627808,1.8705065250396729,2059968
2025-12-28 01:45:00+00:00,1.8703809976577759,1.8703809976577759,1.8690670728683472,1.8690670728683472,1688960
2025-12-28 02:00:00+00:00,1.8691415786743164,1.869702935218811,1.868954062461853,1.869702935218811,0
2025-12-28 02:15:00+00:00,1.8702136278152466,1.8726813793182373,1.8702136278152466,1.8726813793182373,109312
2025-12-28 02:30:00+00:00,1.8726886510849,1.8750560283660889,1.8726886510849,1.8739618062973022,2396864
2025-12-28 02:45:00+00:00,1.8738799095153809,1.8738799095153809,1.872393012046814,1.872393012046814,240320
2025-12-28 03:00:00+00:00,1.8723552227020264,1.8727061748504639,1.8716120719909668,1.8716120719909668,675072
2025-12-28 03:15:00+00:00,1.871427297592163,1.871427297592163,1.870903730392456,1.870903730392456,25088
2025-12-28 03:30:00+00:00,1.8708738088607788,1.8721169233322144,1.8708738088607788,1.8721169233322144,0
2025-12-28 03:45:00+00:00,1.8721024990081787,1.8731400966644287,1.8721024990081787,1.8731400966644287,808192
2025-12-28 04:00:00+00:00,1.8731340169906616,1.8749980926513672,1.872911810874939,1.8749359846115112,2084992
2025-12-28 04:15:00+00:00,1.8749927282333374,1.875169038772583,1.874147891998291,1.874147891998291,6995072
2025-12-28 04:30:00+00:00,1.8741284608840942,1.8745545148849487,1.8731440305709839,1.8745311498641968,3125248
2025-12-28 04:45:00+00:00,1.8745057582855225,1.8745057582855225,1.8735013008117676,1.8737103939056396,1736320
2025-12-28 05:00:00+00:00,1.873660922050476,1.8746291399002075,1.8728306293487549,1.874618649482727,1218048
2025-12-28 05:15:00+00:00,1.8745242357254028,1.8746583461761475,1.873267412185669,1.873267412185669,2326976
2025-12-28 05:30:00+00:00,1.8732118606567383,1.8743152618408203,1.8729947805404663,1.8743152618408203,4705152
2025-12-28 05:45:00+00:00,1.8741066455841064,1.8741066455841064,1.8725327253341675,1.8725697994232178,4724736
2025-12-28 06:00:00+00:00,1.8725641965866089,1.8726617097854614,1.872035264968872,1.8726617097854614,2105920
2025-12-28 06:15:00+00:00,1.8727378845214844,1.874599814414978,1.8727378845214844,1.874599814414978,3115328
2025-12-28 06:30:00+00:00,1.8748929500579834,1.8767198324203491,1.8747555017471313,1.8767198324203491,6574272
2025-12-28 06:45:00+00:00,1.8766002655029297,1.8766002655029297,1.8755981922149658,1.8756479024887085,4899584
2025-12-28 07:00:00+00:00,1.8755323886871338,1.8766188621520996,1.8755323886871338,1.8764598369598389,3140352
2025-12-28 07:15:00+00:00,1.8764913082122803,1.8767929077148438,1.8759069442749023,1.8759069442749023,761344
2025-12-28 07:30:00+00:00,1.875573992729187,1.8757784366607666,1.8745059967041016,1.8745059967041016,0
2025-12-28 07:45:00+00:00,1.8744651079177856,1.8744651079177856,1.8724963665008545,1.872518539428711,1471296
2025-12-28 08:00:00+00:00,1.872512936592102,1.8735442161560059,1.872512936592102,1.8735182285308838,1045184
2025-12-28 08:15:00+00:00,1.8735545873641968,1.8737130165100098,1.8717161417007446,1.8717161417007446,1129408
2025-12-28 08:30:00+00:00,1.8716650009155273,1.87282395362854,1.871463418006897,1.87282395362854,6523968
2025-12-28 08:45:00+00:00,1.8724699020385742,1.8724699020385742,1.869170069694519,1.869170069694519,4752384
2025-12-28 09:00:00+00:00,1.8688973188400269,1.8688973188400269,1.8667174577713013,1.8667174577713013,39360
2025-12-28 09:15:00+00:00,1.8666951656341553,1.866884469985962,1.866250991821289,1.866884469985962,0
2025-12-28 09:30:00+00:00,1.8669975996017456,1.8673090934753418,1.8637917041778564,1.8637917041778564,7845632
2025-12-28 09:45:00+00:00,1.863837718963623,1.863837718963623,1.86300790309906,1.8632185459136963,1109376
2025-12-28 10:00:00+00:00,1.8633270263671875,1.8667672872543335,1.8633270263671875,1.8667672872543335,2778560
2025-12-28 10:15:00+00:00,1.8667882680892944,1.8675687313079834,1.8667503595352173,1.8673880100250244,1802880
2025-12-28 10:30:00+00:00,1.8674519062042236,1.8689347505569458,1.8674519062042236,1.8682405948638916,812032
2025-12-28 10:45:00+00:00,1.868238091468811,1.8690820932388306,1.8680839538574219,1.8690820932388306,1854912
2025-12-28 11:00:00+00:00,1.8691285848617554,1.8718831539154053,1.8691285848617554,1.8718831539154053,1808896
2025-12-28 11:15:00+00:00,1.8721317052841187,1.8721317052841187,1.8706494569778442,1.8706494569778442,0
2025-12-28 11:30:00+00:00,1.8706508874893188,1.8706508874893188,1.868632435798645,1.868632435798645,297600
2025-12-28 11:45:00+00:00,1.8686885833740234,1.8702073097229004,1.8686885833740234,1.8702073097229004,1780608
2025-12-28 12:00:00+00:00,1.8702315092086792,1.8703341484069824,1.8691257238388062,1.8691257238388062,0
2025-12-28 12:15:00+00:00,1.8692307472229004,1.869296908378601,1.868752360343933,1.868752360343933,0
2025-12-28 12:30:00+00:00,1.8688052892684937,1.8691110610961914,1.8668066263198853,1.8668066263198853,1577280
2025-12-28 12:45:00+00:00,1.8667175769805908,1.8667175769805908,1.8651981353759766,1.8651981353759766,2816512
2025-12-28 13:00:00+00:00,1.8651785850524902,1.8665242195129395,1.864791750907898,1.8660976886749268,1169472
2025-12-28 13:15:00+00:00,1.866025447845459,1.8669047355651855,1.8655565977096558,1.8668245077133179,0
2025-12-28 13:30:00+00:00,1.8669202327728271,1.8678146600723267,1.8667526245117188,1.867645502090454,0
2025-12-28 13:45:00+00:00,1.8676092624664307,1.8676092624664307,1.865602970123291,1.865656852722168,1959552
2025-12-28 14:00:00+00:00,1.8656580448150635,1.8695675134658813,1.8656580448150635,1.8695675134658813,430720
2025-12-28 14:15:00+00:00,1.8693832159042358,1.8704566955566406,1.869356393814087,1.8702267408370972,3024704
2025-12-28 14:30:00+00:00,1.8703516721725464,1.8726664781570435,1.8703516721725464,1.8726664781570435,6927872
2025-12-28 14:45:00+00:00,1.8726811408996582,1.8734593391418457,1.871056318283081,1.871056318283081,8214272
2025-12-28 15:00:00+00:00,1.871085524559021,1.8726626634597778,1.870465874671936,1.8726626634597778,4515584
2025-12-28 15:15:00+00:00,1.8726457357406616,1.8726457357406616,1.8715192079544067,1.8715192079544067,1551232
2025-12-28 15:30:00+00:00,1.8715193271636963,1.8721596002578735,1.8701450824737549,1.8720649480819702,2980864
2025-12-28 15:45:00+00:00,1.8719611167907715,1.8723341226577759,1.869316816329956,1.869316816329956,2105984
2025-12-28 16:00:00+00:00,1.86923348903656,1.869996428489685,1.8691550493240356,1.8697659969329834,380288
2025-12-28 16:15:00+00:00,1.8698374032974243,1.8700679540634155,1.8680237531661987,1.8680237531661987,3523456
2025-12-28 16:30:00+00:00,1.8679105043411255,1.8679105043411255,1.8667057752609253,1.866817593574524,3907328
2025-12-28 16:45:00+00:00,1.866631269454956,1.866631269454956,1.865098237991333,1.8651280403137207,2973440
2025-12-28 17:00:00+00:00,1.8651262521743774,1.8672425746917725,1.8651262521743774,1.8672425746917725,0
2025-12-28 17:15:00+00:00,1.8672953844070435,1.869462251663208,1.8672953844070435,1.869462251663208,0
2025-12-28 17:30:00+00:00,1.8694636821746826,1.8694636821746826,1.8686257600784302,1.868710994720459,0
2025-12-28 17:45:00+00:00,1.868751049041748,1.8692773580551147,1.8676899671554565,1.8676899671554565,0
2025-12-28 18:00:00+00:00,1.867703914642334,1.867703914642334,1.8625563383102417,1.8626514673233032,4844928
2025-12-28 18:15:00+00:00,1.8624166250228882,1.8624166250228882,1.857592225074768,1.8581933975219727,35668928
2025-12-28 18:30:00+00:00,1.8581942319869995,1.8601019382476807,1.8581942319869995,1.8600239753723145,4404032
2025-12-28 18:45:00+00:00,1.8597512245178223,1.8597512245178223,1.8555500507354736,1.8559558391571045,5563648
2025-12-28 19:00:00+00:00,1.8555020093917847,1.8559144735336304,1.8539944887161255,1.8559033870697021,8564480
2025-12-28 19:15:00+00:00,1.8560599088668823,1.8560831546783447,1.8550597429275513,1.855254888534546,6912000
2025-12-28 19:30:00+00:00,1.855095386505127,1.8554587364196777,1.8543825149536133,1.8543825149536133,6622592
2025-12-28 19:45:00+00:00,1.8543349504470825,1.8557857275009155,1.8538873195648193,1.8556631803512573,0
2025-12-28 20:00:00+00:00,1.8558218479156494,1.8558218479156494,1.8541460037231445,1.8543864488601685,257536
2025-12-28 20:15:00+00:00,1.8552393913269043,1.8592807054519653,1.8552393913269043,1.8592807054519653,1197952
2025-12-28 20:30:00+00:00,1.8592652082443237,1.8596606254577637,1.8592652082443237,1.8595116138458252,1013504
2025-12-28 20:45:00+00:00,1.859500765800476,1.8602491617202759,1.8581510782241821,1.8583182096481323,2701184
2025-12-28 21:00:00+00:00,1.8583332300186157,1.8583332300186157,1.8558621406555176,1.8568800687789917,5467392
2025-12-28 21:15:00+00:00,1.856997013092041,1.8580044507980347,1.856997013092041,1.8576817512512207,1345024
2025-12-28 21:30:00+00:00,1.8575884103775024,1.858139991760254,1.857231616973877,1.8576974868774414,448000
2025-12-28 21:45:00+00:00,1.8577160835266113,1.8600572347640991,1.8577160835266113,1.8599591255187988,949888
2025-12-28 22:00:00+00:00,1.8600084781646729,1.8608864545822144,1.8600084781646729,1.860818862915039,0
2025-12-28 22:15:00+00:00,1.8609704971313477,1.8617147207260132,1.8599833250045776,1.8617147207260132,0
2025-12-28 22:30:00+00:00,1.8616793155670166,1.8616793155670166,1.860348105430603,1.8615587949752808,0
2025-12-28 22:45:00+00:00,1.861695647239685,1.8675965070724487,1.861695647239685,1.8675775527954102,5413120
2025-12-28 23:00:00+00:00,1.867501974105835,1.8675955533981323,1.861796259880066,1.861796259880066,2312704
2025-12-28 23:15:00+00:00,1.861754059791565,1.8639769554138184,1.861754059791565,1.861754298210144,876416
2025-12-28 23:30:00+00:00,1.8616338968276978,1.8622167110443115,1.8600740432739258,1.8622167110443115,3502976
2025-12-28 23:45:00+00:00,1.8622465133666992,1.8649132251739502,1.8622465133666992,1.864375352859497,0
2025-12-29 00:00:00+00:00,1.8642436265945435,1.8645251989364624,1.8634847402572632,1.8644596338272095,0
2025-12-29 00:15:00+00:00,1.8638705015182495,1.867791771888733,1.862599492073059,1.867791771888733,5053184
2025-12-29 00:30:00+00:00,1.8682187795639038,1.8739643096923828,1.8682187795639038,1.873163104057312,22139008
2025-12-29 00:45:00+00:00,1.8729610443115234,1.8736517429351807,1.8722903728485107,1.8722903728485107,9534656
2025-12-29 01:00:00+00:00,1.8722796440124512,1.8723409175872803,1.8679317235946655,1.8685983419418335,4192256
2025-12-29 01:15:00+00:00,1.8685510158538818,1.871280312538147,1.8669772148132324,1.871280312538147,4451584
2025-12-29 01:30:00+00:00,1.8712913990020752,1.8824732303619385,1.8708652257919312,1.8822602033615112,34404992
2025-12-29 01:45:00+00:00,1.881145715713501,1.882737398147583,1.88077712059021,1.8812142610549927,27385472
2025-12-29 02:00:00+00:00,1.8812978267669678,1.891325831413269,1.8812978267669678,1.891325831413269,50280064
2025-12-29 02:15:00+00:00,1.89308762550354,1.8931300640106201,1.8881057500839233,1.8886268138885498,39362944
2025-12-29 02:30:00+00:00,1.8906869888305664,1.8915014266967773,1.8902324438095093,1.890234351158142,10638592
2025-12-29 02:45:00+00:00,1.8900678157806396,1.8905909061431885,1.8890866041183472,1.8905271291732788,8610048
2025-12-29 03:00:00+00:00,1.8904457092285156,1.893648386001587,1.8903967142105103,1.893648386001587,11957760
2025-12-29 03:15:00+00:00,1.894987940788269,1.8965553045272827,1.8949824571609497,1.8965553045272827,15829504
2025-12-29 03:30:00+00:00,1.8966671228408813,1.909454107284546,1.8966671228408813,1.9092965126037598,55360128
2025-12-29 03:45:00+00:00,1.909740686416626,1.9138917922973633,1.909740686416626,1.9136073589324951,35334016
2025-12-29 04:00:00+00:00,1.9132293462753296,1.9140535593032837,1.9097050428390503,1.9098994731903076,19326208
2025-12-29 04:15:00+00:00,1.9117118120193481,1.9140492677688599,1.9102880954742432,1.9102880954742432,17464320
2025-12-29 04:30:00+00:00,1.9104361534118652,1.912922739982605,1.9096579551696777,1.9116724729537964,17513984
2025-12-29 04:45:00+00:00,1.9114993810653687,1.9123988151550293,1.9109588861465454,1.9123988151550293,14044032
2025-12-29 05:00:00+00:00,1.9123573303222656,1.9123573303222656,1.9115266799926758,1.9119644165039062,8689664
2025-12-29 05:15:00+00:00,1.912169337272644,1.912169337272644,1.906724214553833,1.9067304134368896,36086656
2025-12-29 05:30:00+00:00,1.9067020416259766,1.9067020416259766,1.905689001083374,1.906618356704712,13642368
2025-12-29 05:45:00+00:00,1.906997561454773,1.9074116945266724,1.902981162071228,1.902981162071228,15233024
2025-12-29 06:00:00+00:00,1.9014639854431152,1.902004361152649,1.8984085321426392,1.902004361152649,17814784
2025-12-29 06:15:00+00:00,1.9022802114486694,1.9055711030960083,1.9022802114486694,1.903041124343872,8228992
2025-12-29 06:30:00+00:00,1.9019757509231567,1.9025702476501465,1.9017071723937988,1.9025623798370361,6670208
2025-12-29 06:45:00+00:00,1.9026001691818237,1.90296471118927,1.9005004167556763,1.9005402326583862,6647040
2025-12-29 07:00:00+00:00,1.9005024433135986,1.901323676109314,1.893473744392395,1.8967573642730713,30775936
2025-12-29 07:15:00+00:00,1.8962522745132446,1.8962522745132446,1.8912814855575562,1.8913971185684204,16355328
2025-12-29 07:30:00+00:00,1.8911120891571045,1.8960938453674316,1.8911120891571045,1.8960938453674316,11956352
2025-12-29 07:45:00+00:00,1.8952871561050415,1.8989001512527466,1.8946975469589233,1.8989001512527466,9918592
2025-12-29 08:00:00+00:00,1.898781657218933,1.8993984460830688,1.8972010612487793,1.8993984460830688,9161216
2025-12-29 08:15:00+00:00,1.8995341062545776,1.9017246961593628,1.8995341062545776,1.9017246961593628,8541824
2025-12-29 08:30:00+00:00,1.9017246961593628,1.9018703699111938,1.8998613357543945,1.8998764753341675,4909440
2025-12-29 08:45:00+00:00,1.8998488187789917,1.8998488187789917,1.8963679075241089,1.8963921070098877,5985920
2025-12-29 09:00:00+00:00,1.896391749382019,1.896391749382019,1.8946688175201416,1.8952863216400146,4882304
2025-12-29 09:15:00+00:00,1.8950597047805786,1.8956820964813232,1.8934929370880127,1.8934929370880127,14876928
2025-12-29 09:30:00+00:00,1.8933731317520142,1.8933731317520142,1.8716485500335693,1.8716485500335693,51064448
2025-12-29 09:45:00+00:00,1.8713117837905884,1.8713117837905884,1.8681572675704956,1.8711222410202026,52285056
2025-12-29 10:00:00+00:00,1.8714154958724976,1.878382921218872,1.8714154958724976,1.878382921218872,21736832
2025-12-29 10:15:00+00:00,1.8779371976852417,1.8779371976852417,1.8756802082061768,1.8764169216156006,7254656
2025-12-29 10:30:00+00:00,1.8764604330062866,1.8764604330062866,1.8745360374450684,1.875382661819458,5567616
2025-12-29 10:45:00+00:00,1.8755513429641724,1.8764052391052246,1.87502920627594,1.87502920627594,7112192
2025-12-29 11:00:00+00:00,1.8742694854736328,1.8744126558303833,1.8728766441345215,1.8743361234664917,6910976
2025-12-29 11:15:00+00:00,1.8741185665130615,1.8741610050201416,1.8732737302780151,1.8734670877456665,5337600
2025-12-29 11:30:00+00:00,1.8733925819396973,1.8734207153320312,1.8718706369400024,1.8723465204238892,8337280
2025-12-29 11:45:00+00:00,1.8722341060638428,1.8722341060638428,1.8706640005111694,1.8706640005111694,6861568
2025-12-29 12:00:00+00:00,1.870526909828186,1.870526909828186,1.8574522733688354,1.8574522733688354,50296576
2025-12-29 12:15:00+00:00,1.8582286834716797,1.863642930984497,1.8556076288223267,1.863642930984497,48798720
2025-12-29 12:30:00+00:00,1.8632850646972656,1.8652491569519043,1.8629230260849,1.8650736808776855,21705088
2025-12-29 12:45:00+00:00,1.8649486303329468,1.8655725717544556,1.8642655611038208,1.8652312755584717,4358784
2025-12-29 13:00:00+00:00,1.86479651927948,1.8663113117218018,1.86479651927948,1.865265130996704,7031040
2025-12-29 13:15:00+00:00,1.8647336959838867,1.8651196956634521,1.8627763986587524,1.8627763986587524,8259712
2025-12-29 13:30:00+00:00,1.8628065586090088,1.8628065586090088,1.8595991134643555,1.8595991134643555,8752128
2025-12-29 13:45:00+00:00,1.8595103025436401,1.8595881462097168,1.858070969581604,1.8595881462097168,9273600
2025-12-29 14:00:00+00:00,1.860439658164978,1.8622387647628784,1.8602367639541626,1.860897183418274,6700160
2025-12-29 14:15:00+00:00,1.8614766597747803,1.8638217449188232,1.8607460260391235,1.8620901107788086,14007424
2025-12-29 14:30:00+00:00,1.863677978515625,1.874364972114563,1.863677978515625,1.8706259727478027,36441600
2025-12-29 14:45:00+00:00,1.8710486888885498,1.8725558519363403,1.867868423461914,1.867868423461914,17488128
2025-12-29 15:00:00+00:00,1.8657549619674683,1.866099238395691,1.863187551498413,1.866099238395691,18946944
2025-12-29 15:15:00+00:00,1.86622953414917,1.8706201314926147,1.86622953414917,1.8705956935882568,20709632
2025-12-29 15:30:00+00:00,1.8704314231872559,1.8704314231872559,1.8669193983078003,1.8676562309265137,13379840
2025-12-29 15:45:00+00:00,1.8679451942443848,1.8685786724090576,1.8644713163375854,1.8648886680603027,12142336
2025-12-29 16:00:00+00:00,1.8645703792572021,1.8650422096252441,1.8639966249465942,1.8650422096252441,6464128
2025-12-29 16:15:00+00:00,1.865097999572754,1.865097999572754,1.8593252897262573,1.8595194816589355,10887168
2025-12-29 16:30:00+00:00,1.8595436811447144,1.86089289188385,1.8595436811447144,1.8600763082504272,5736960
2025-12-29 16:45:00+00:00,1.860116958618164,1.8629424571990967,1.860116958618164,1.861189603805542,7281664
2025-12-29 17:00:00+00:00,1.86107337474823,1.8620582818984985,1.860620141029358,1.861003041267395,5195776
2025-12-29 17:15:00+00:00,1.8610256910324097,1.8626320362091064,1.860397219657898,1.860397219657898,5952768
2025-12-29 17:30:00+00:00,1.8604480028152466,1.8604984283447266,1.8591936826705933,1.8595454692840576,11381504
2025-12-29 17:45:00+00:00,1.8594943284988403,1.863843321800232,1.8594943284988403,1.863325834274292,7375360
2025-12-29 18:00:00+00:00,1.8633707761764526,1.864600419998169,1.8612713813781738,1.8612713813781738,1346304
2025-12-29 18:15:00+00:00,1.8612955808639526,1.862778902053833,1.8609803915023804,1.8613221645355225,0
2025-12-29 18:30:00+00:00,1.8613226413726807,1.8615707159042358,1.8587958812713623,1.85889732837677,1533184
2025-12-29 18:45:00+00:00,1.8588619232177734,1.8588619232177734,1.8548544645309448,1.8548544645309448,11231744
2025-12-29 19:00:00+00:00,1.8548423051834106,1.854862093925476,1.851204752922058,1.854862093925476,20440064
2025-12-29 19:15:00+00:00,1.8547523021697998,1.856605052947998,1.8547508716583252,1.8548210859298706,3824384
2025-12-29 19:30:00+00:00,1.854722261428833,1.856411337852478,1.8528333902359009,1.8529486656188965,2117632
2025-12-29 19:45:00+00:00,1.8529741764068604,1.8529741764068604,1.8512741327285767,1.8512741327285767,9251328
2025-12-29 20:00:00+00:00,1.8513572216033936,1.85280442237854,1.8505905866622925,1.8522703647613525,5257472
2025-12-29 20:15:00+00:00,1.852689504623413,1.85379159450531,1.8505107164382935,1.8505107164382935,5367808
2025-12-29 20:30:00+00:00,1.8501557111740112,1.8501557111740112,1.8463276624679565,1.8465428352355957,27449856
2025-12-29 20:45:00+00:00,1.8466684818267822,1.8473948240280151,1.8463523387908936,1.8473948240280151,10635008
2025-12-29 21:00:00+00:00,1.847530722618103,1.8490650653839111,1.8472859859466553,1.8490650653839111,6054656
2025-12-29 21:15:00+00:00,1.8492475748062134,1.8492475748062134,1.8471367359161377,1.8476577997207642,2852352
2025-12-29 21:30:00+00:00,1.8475896120071411,1.850164532661438,1.847347378730774,1.850164532661438,6087680
2025-12-29 21:45:00+00:00,1.8502180576324463,1.8515651226043701,1.8502180576324463,1.8510024547576904,3447808
2025-12-29 22:00:00+00:00,1.8511134386062622,1.851201057434082,1.8455610275268555,1.8455610275268555,6816256
2025-12-29 22:15:00+00:00,1.8455209732055664,1.84938383102417,1.8455209732055664,1.8492953777313232,12017152
2025-12-29 22:30:00+00:00,1.8493050336837769,1.8514100313186646,1.848857045173645,1.8514100313186646,6630144
2025-12-29 22:45:00+00:00,1.8516234159469604,1.8528045415878296,1.8516234159469604,1.8523739576339722,851456
2025-12-29 23:00:00+00:00,1.8521937131881714,1.8521937131881714,1.8502514362335205,1.8502514362335205,2832640
2025-12-29 23:15:00+00:00,1.8502029180526733,1.8502029180526733,1.8495157957077026,1.8495157957077026,3367424
2025-12-29 23:30:00+00:00,1.849520206451416,1.849520206451416,1.8468091487884521,1.8468164205551147,6779392
2025-12-29 23:45:00+00:00,1.8467358350753784,1.8476248979568481,1.8467094898223877,1.8476248979568481,1224192
2025-12-30 00:00:00+00:00,1.8482255935668945,1.8509361743927002,1.8482255935668945,1.8508602380752563,2954496
2025-12-30 00:15:00+00:00,1.8510277271270752,1.851639986038208,1.8506953716278076,1.8510901927947998,379392
2025-12-30 00:30:00+00:00,1.8509273529052734,1.8509273529052734,1.8471944332122803,1.8472100496292114,842752
2025-12-30 00:45:00+00:00,1.847106695175171,1.8488390445709229,1.847106695175171,1.8488320112228394,0
2025-12-30 01:00:00+00:00,1.8488399982452393,1.8492087125778198,1.847848653793335,1.8492087125778198,552192
2025-12-30 01:15:00+00:00,1.8489795923233032,1.8489795923233032,1.8481067419052124,1.8481067419052124,0
2025-12-30 01:30:00+00:00,1.8480080366134644,1.8480080366134644,1.8455554246902466,1.8461918830871582,614912
2025-12-30 01:45:00+00:00,1.8460488319396973,1.8468800783157349,1.8455349206924438,1.8455349206924438,0
2025-12-30 02:00:00+00:00,1.8456178903579712,1.8458027839660645,1.8441519737243652,1.8442918062210083,0
2025-12-30 02:15:00+00:00,1.8443981409072876,1.8477013111114502,1.8443981409072876,1.8461040258407593,0
2025-12-30 02:30:00+00:00,1.845908761024475,1.8460259437561035,1.8447859287261963,1.8451286554336548,2601216
2025-12-30 02:45:00+00:00,1.8453147411346436,1.8488551378250122,1.8453147411346436,1.8488551378250122,10533888
2025-12-30 03:00:00+00:00,1.8489588499069214,1.84968101978302,1.8486909866333008,1.8486909866333008,0
2025-12-30 03:15:00+00:00,1.8489022254943848,1.8540401458740234,1.8487061262130737,1.8540401458740234,7967232
2025-12-30 03:30:00+00:00,1.8549062013626099,1.855953335762024,1.8549062013626099,1.8553708791732788,0
2025-12-30 03:45:00+00:00,1.8555010557174683,1.8601341247558594,1.8555010557174683,1.8598546981811523,0
2025-12-30 04:00:00+00:00,1.8595579862594604,1.8603510856628418,1.8569811582565308,1.856982946395874,0
2025-12-30 04:15:00+00:00,1.8570244312286377,1.86013925075531,1.8570244312286377,1.86013925075531,0
2025-12-30 04:30:00+00:00,1.859998345375061,1.8602628707885742,1.8596775531768799,1.859939694404602,0
2025-12-30 04:45:00+00:00,1.8599507808685303,1.860453724861145,1.8592196702957153,1.8592196702957153,0
2025-12-30 05:00:00+00:00,1.8592143058776855,1.85967218875885,1.8588521480560303,1.85967218875885,0
2025-12-30 05:15:00+00:00,1.8598334789276123,1.860025405883789,1.857079267501831,1.857079267501831,0
2025-12-30 05:30:00+00:00,1.8570480346679688,1.8570480346679688,1.8541631698608398,1.8543459177017212,0
2025-12-30 05:45:00+00:00,1.854454755783081,1.8566057682037354,1.8543626070022583,1.8564422130584717,0
2025-12-30 06:00:00+00:00,1.8564143180847168,1.8611363172531128,1.8563482761383057,1.8606737852096558,0
2025-12-30 06:15:00+00:00,1.8607736825942993,1.8615775108337402,1.8604753017425537,1.8605821132659912,0
2025-12-30 06:30:00+00:00,1.8606209754943848,1.862787127494812,1.8606209754943848,1.8627381324768066,32256
2025-12-30 06:45:00+00:00,1.8633464574813843,1.8646358251571655,1.8613715171813965,1.8613715171813965,4002688
2025-12-30 07:00:00+00:00,1.861302137374878,1.861302137374878,1.8595939874649048,1.8605717420578003,0
2025-12-30 07:15:00+00:00,1.8614526987075806,1.8614526987075806,1.8576730489730835,1.8577240705490112,0
2025-12-30 07:30:00+00:00,1.857605218887329,1.8601115942001343,1.8560813665390015,1.8601115942001343,3015808
2025-12-30 07:45:00+00:00,1.8593742847442627,1.8593742847442627,1.8579785823822021,1.8579785823822021,0
2025-12-30 08:00:00+00:00,1.8580310344696045,1.8666436672210693,1.8580310344696045,1.8666436672210693,12435712
2025-12-30 08:15:00+00:00,1.866196870803833,1.8672367334365845,1.8639352321624756,1.8639569282531738,23959552
2025-12-30 08:30:00+00:00,1.863858699798584,1.8655579090118408,1.8628578186035156,1.8655579090118408,2331520
2025-12-30 08:45:00+00:00,1.8656210899353027,1.8656210899353027,1.863657832145691,1.86376953125,0
2025-12-30 09:00:00+00:00,1.8638309240341187,1.8658896684646606,1.8638309240341187,1.8656268119812012,979584
2025-12-30 09:15:00+00:00,1.865433931350708,1.865433931350708,1.8636213541030884,1.8637534379959106,2531200
2025-12-30 09:30:00+00:00,1.8636960983276367,1.8645206689834595,1.8635237216949463,1.8635832071304321,0
2025-12-30 09:45:00+00:00,1.8638710975646973,1.8678011894226074,1.8638710975646973,1.867197871208191,0
2025-12-30 10:00:00+00:00,1.8671358823776245,1.8671358823776245,1.865377426147461,1.865377426147461,0
2025-12-30 10:15:00+00:00,1.865397334098816,1.8666141033172607,1.8650810718536377,1.8658312559127808,1538816
2025-12-30 10:30:00+00:00,1.8658140897750854,1.8658140897750854,1.8644905090332031,1.8647841215133667,1190528
2025-12-30 10:45:00+00:00,1.8648505210876465,1.8650553226470947,1.8601053953170776,1.8601053953170776,2607744
2025-12-30 11:00:00+00:00,1.860116720199585,1.8610163927078247,1.8598852157592773,1.8608052730560303,0
2025-12-30 11:15:00+00:00,1.860517978668213,1.86060631275177,1.8599820137023926,1.8599820137023926,0
2025-12-30 11:30:00+00:00,1.8600014448165894,1.8605667352676392,1.8597043752670288,1.8597043752670288,0
2025-12-30 11:45:00+00:00,1.8596731424331665,1.8606476783752441,1.8591607809066772,1.8592634201049805,4654080
2025-12-30 12:00:00+00:00,1.8601148128509521,1.8628383874893188,1.8601148128509521,1.8628383874893188,0
2025-12-30 12:15:00+00:00,1.8633277416229248,1.8648803234100342,1.8633277416229248,1.8645343780517578,0
2025-12-30 12:30:00+00:00,1.8645257949829102,1.8647916316986084,1.8634284734725952,1.8634530305862427,0
2025-12-30 12:45:00+00:00,1.8634357452392578,1.8634357452392578,1.8618146181106567,1.8618146181106567,294784
2025-12-30 13:00:00+00:00,1.8619194030761719,1.8619194030761719,1.8593182563781738,1.8593182563781738,3050368
2025-12-30 13:15:00+00:00,1.8593579530715942,1.8612635135650635,1.8593579530715942,1.8611830472946167,1515520
2025-12-30 13:30:00+00:00,1.8611761331558228,1.861357569694519,1.8598461151123047,1.8613308668136597,1806976
2025-12-30 13:45:00+00:00,1.8614095449447632,1.862078070640564,1.8614095449447632,1.8618003129959106,0
2025-12-30 14:00:00+00:00,1.861804485321045,1.861804485321045,1.8574132919311523,1.859399437904358,10075136
2025-12-30 14:15:00+00:00,1.8590151071548462,1.8617465496063232,1.8590151071548462,1.8617465496063232,1438848
2025-12-30 14:30:00+00:00,1.8612966537475586,1.8638582229614258,1.860474705696106,1.8612549304962158,0
2025-12-30 14:45:00+00:00,1.8617397546768188,1.8713023662567139,1.8617397546768188,1.8710718154907227,22930944
2025-12-30 15:00:00+00:00,1.8710062503814697,1.8729289770126343,1.8648499250411987,1.865483283996582,5305728
2025-12-30 15:15:00+00:00,1.8655534982681274,1.8677347898483276,1.8653937578201294,1.8677347898483276,2089728
2025-12-30 15:30:00+00:00,1.8676220178604126,1.8705036640167236,1.8676220178604126,1.8703219890594482,2563328
2025-12-30 15:45:00+00:00,1.8707889318466187,1.876400351524353,1.8707889318466187,1.8761887550354004,13366912
2025-12-30 16:00:00+00:00,1.8761286735534668,1.8763118982315063,1.873769998550415,1.873769998550415,7980800
2025-12-30 16:15:00+00:00,1.87359619140625,1.8786537647247314,1.872811198234558,1.8778002262115479,7995520
2025-12-30 16:30:00+00:00,1.8777589797973633,1.8777589797973633,1.8712220191955566,1.8712220191955566,5875840
2025-12-30 16:45:00+00:00,1.8711491823196411,1.8747422695159912,1.8694885969161987,1.8747422695159912,9435392
2025-12-30 17:00:00+00:00,1.8747066259384155,1.8794924020767212,1.8747066259384155,1.8794924020767212,7641088
2025-12-30 17:15:00+00:00,1.8796123266220093,1.8800967931747437,1.8770476579666138,1.8800967931747437,11866624
2025-12-30 17:30:00+00:00,1.8801242113113403,1.8826154470443726,1.8801242113113403,1.8801344633102417,22273920
2025-12-30 17:45:00+00:00,1.8797975778579712,1.8797975778579712,1.8736670017242432,1.8736670017242432,21564800
2025-12-30 18:00:00+00:00,1.8735238313674927,1.8745561838150024,1.872997522354126,1.8745561838150024,1553920
2025-12-30 18:15:00+00:00,1.8747111558914185,1.8772181272506714,1.8747111558914185,1.8772181272506714,6471040
2025-12-30 18:30:00+00:00,1.8773027658462524,1.8809783458709717,1.8770502805709839,1.879239559173584,13405568
2025-12-30 18:45:00+00:00,1.8792518377304077,1.8792518377304077,1.8745687007904053,1.8765299320220947,3332736
2025-12-30 19:00:00+00:00,1.8767176866531372,1.8771950006484985,1.8729207515716553,1.8729207515716553,0
2025-12-30 19:15:00+00:00,1.872593641281128,1.875939965248108,1.872593641281128,1.875939965248108,5844352
2025-12-30 19:30:00+00:00,1.876267671585083,1.8778793811798096,1.8758717775344849,1.8772695064544678,3327360
2025-12-30 19:45:00+00:00,1.8770086765289307,1.8770086765289307,1.873517632484436,1.874082326889038,0
2025-12-30 20:00:00+00:00,1.8740684986114502,1.874285340309143,1.8731440305709839,1.8736298084259033,427008
2025-12-30 20:15:00+00:00,1.8736313581466675,1.8739031553268433,1.8714590072631836,1.8714590072631836,2003456
2025-12-30 20:30:00+00:00,1.8714358806610107,1.8714358806610107,1.8687430620193481,1.8687430620193481,240384
2025-12-30 20:45:00+00:00,1.8687267303466797,1.8687853813171387,1.8661434650421143,1.8661434650421143,11419008
2025-12-30 21:00:00+00:00,1.8666458129882812,1.8689656257629395,1.8666458129882812,1.8682726621627808,369792
2025-12-30 21:15:00+00:00,1.8683183193206787,1.8698080778121948,1.8683183193206787,1.869619369506836,635520
2025-12-30 21:30:00+00:00,1.8694207668304443,1.8698103427886963,1.8686387538909912,1.8687235116958618,1641728
2025-12-30 21:45:00+00:00,1.868890643119812,1.8706488609313965,1.868890643119812,1.8706488609313965,5077632
2025-12-30 22:00:00+00:00,1.8706861734390259,1.8751235008239746,1.8706861734390259,1.8751235008239746,282752
2025-12-30 22:15:00+00:00,1.8751791715621948,1.8755584955215454,1.8733316659927368,1.8741240501403809,283392
2025-12-30 22:30:00+00:00,1.8742481470108032,1.8751798868179321,1.8719075918197632,1.8720375299453735,3964928
2025-12-30 22:45:00+00:00,1.8719298839569092,1.8719298839569092,1.8704243898391724,1.8704856634140015,0
2025-12-30 23:00:00+00:00,1.8705779314041138,1.8714174032211304,1.8702853918075562,1.8714174032211304,0
2025-12-30 23:15:00+00:00,1.8712775707244873,1.8747589588165283,1.871220588684082,1.8747589588165283,6394880
2025-12-30 23:30:00+00:00,1.874796748161316,1.8753422498703003,1.874796748161316,1.8748947381973267,215680
2025-12-30 23:45:00+00:00,1.8750056028366089,1.8754805326461792,1.8748353719711304,1.8754805326461792,1024768
2025-12-31 00:00:00+00:00,1.8747297525405884,1.8747893571853638,1.872960090637207,1.872960090637207,2075520
2025-12-31 00:15:00+00:00,1.8728748559951782,1.8728748559951782,1.8708231449127197,1.8708971738815308,2422400
2025-12-31 00:30:00+00:00,1.8713159561157227,1.8737943172454834,1.8713159561157227,1.8737943172454834,0
2025-12-31 00:45:00+00:00,1.8738079071044922,1.8741766214370728,1.872604250907898,1.872604250907898,3855360
2025-12-31 01:00:00+00:00,1.8720052242279053,1.8724086284637451,1.8707807064056396,1.8712128400802612,3014656
2025-12-31 01:15:00+00:00,1.8712550401687622,1.8772974014282227,1.8712550401687622,1.8772974014282227,18650880
2025-12-31 01:30:00+00:00,1.877337098121643,1.8805835247039795,1.877337098121643,1.879410982131958,8523392
2025-12-31 01:45:00+00:00,1.8793734312057495,1.8797398805618286,1.8776572942733765,1.8776572942733765,4669824
2025-12-31 02:00:00+00:00,1.8773249387741089,1.8773314952850342,1.875077724456787,1.875754714012146,232448
2025-12-31 02:15:00+00:00,1.8757530450820923,1.8767023086547852,1.8757530450820923,1.8757914304733276,276608
2025-12-31 02:30:00+00:00,1.8756872415542603,1.87643301486969,1.875157117843628,1.8759719133377075,301056
2025-12-31 02:45:00+00:00,1.8759818077087402,1.8762143850326538,1.8752692937850952,1.8760898113250732,21120
2025-12-31 03:00:00+00:00,1.8763445615768433,1.8764530420303345,1.8744566440582275,1.8744566440582275,2980480
2025-12-31 03:15:00+00:00,1.8742259740829468,1.8742259740829468,1.8700131177902222,1.8700722455978394,0
2025-12-31 03:30:00+00:00,1.8701283931732178,1.870286464691162,1.8681364059448242,1.8681364059448242,1896576
2025-12-31 03:45:00+00:00,1.868438482284546,1.8690154552459717,1.868438482284546,1.8689504861831665,0
2025-12-31 04:00:00+00:00,1.8689247369766235,1.8692352771759033,1.8678139448165894,1.8678139448165894,0
2025-12-31 04:15:00+00:00,1.867858648300171,1.867858648300171,1.866186499595642,1.866186499595642,5906944
2025-12-31 04:30:00+00:00,1.8662289381027222,1.8671212196350098,1.8661881685256958,1.8670833110809326,1940352
2025-12-31 04:45:00+00:00,1.8670743703842163,1.8673388957977295,1.866464376449585,1.866464376449585,1837312
2025-12-31 05:00:00+00:00,1.8663872480392456,1.8679454326629639,1.8663872480392456,1.8679454326629639,1297408
2025-12-31 05:15:00+00:00,1.868001937866211,1.868001937866211,1.866911768913269,1.8679529428482056,1998464
2025-12-31 05:30:00+00:00,1.8680956363677979,1.869223713874817,1.8680956363677979,1.869223713874817,1185920
2025-12-31 05:45:00+00:00,1.8692045211791992,1.8700389862060547,1.8692045211791992,1.8696091175079346,3927808
2025-12-31 06:00:00+00:00,1.8696107864379883,1.8701727390289307,1.8691990375518799,1.8701727390289307,0
2025-12-31 06:15:00+00:00,1.870211124420166,1.8725881576538086,1.870211124420166,1.872570276260376,3179520
2025-12-31 06:30:00+00:00,1.8727160692214966,1.8730387687683105,1.871503472328186,1.8716069459915161,0
2025-12-31 06:45:00+00:00,1.8715686798095703,1.8721262216567993,1.871567726135254,1.871618628501892,0
2025-12-31 07:00:00+00:00,1.8715490102767944,1.8715490102767944,1.8689775466918945,1.8692851066589355,0
2025-12-31 07:15:00+00:00,1.8693227767944336,1.8693227767944336,1.8673365116119385,1.8689072132110596,716416
2025-12-31 07:30:00+00:00,1.8688489198684692,1.86928391456604,1.8688396215438843,1.8690285682678223,0
2025-12-31 07:45:00+00:00,1.8687083721160889,1.8693386316299438,1.8684773445129395,1.8693386316299438,1351552
2025-12-31 08:00:00+00:00,1.86934494972229,1.871869444847107,1.86934494972229,1.8713693618774414,0
2025-12-31 08:15:00+00:00,1.8713176250457764,1.8713176250457764,1.870343565940857,1.8703765869140625,0
2025-12-31 08:30:00+00:00,1.870321273803711,1.870321273803711,1.8654221296310425,1.8654221296310425,0
2025-12-31 08:45:00+00:00,1.8654537200927734,1.8654537200927734,1.864050030708313,1.8647633790969849,5554944
2025-12-31 09:00:00+00:00,1.8647388219833374,1.8683208227157593,1.8647388219833374,1.8679234981536865,525824
2025-12-31 09:15:00+00:00,1.8679062128067017,1.8683494329452515,1.8676561117172241,1.8683125972747803,0
2025-12-31 09:30:00+00:00,1.8681902885437012,1.8681902885437012,1.8672714233398438,1.8672714233398438,0
2025-12-31 09:45:00+00:00,1.8673027753829956,1.8682584762573242,1.8671748638153076,1.8682584762573242,0
2025-12-31 10:00:00+00:00,1.8681800365447998,1.8693745136260986,1.8680691719055176,1.8693745136260986,0
2025-12-31 10:15:00+00:00,1.8693667650222778,1.8702812194824219,1.8684639930725098,1.8684639930725098,214784
2025-12-31 10:30:00+00:00,1.8683756589889526,1.8684332370758057,1.867984652519226,1.8684332370758057,430336
2025-12-31 10:45:00+00:00,1.8684263229370117,1.8689321279525757,1.868147611618042,1.8686312437057495,0
2025-12-31 11:00:00+00:00,1.8695387840270996,1.8721767663955688,1.8694854974746704,1.8721767663955688,3756928
2025-12-31 11:15:00+00:00,1.8720635175704956,1.872506022453308,1.87140691280365,1.872506022453308,1721728
2025-12-31 11:30:00+00:00,1.8725075721740723,1.8774815797805786,1.8725075721740723,1.877382516860962,35996288
2025-12-31 11:45:00+00:00,1.8774465322494507,1.8775333166122437,1.8763247728347778,1.8763247728347778,3447424
2025-12-31 12:00:00+00:00,1.8764477968215942,1.8764477968215942,1.875712513923645,1.8758196830749512,1331328
2025-12-31 12:15:00+00:00,1.875663161277771,1.8761005401611328,1.874754548072815,1.874754548072815,0
2025-12-31 12:30:00+00:00,1.8747644424438477,1.8752319812774658,1.8733888864517212,1.8733888864517212,2275328
2025-12-31 12:45:00+00:00,1.8733553886413574,1.8733553886413574,1.8720240592956543,1.873191475868225,4345472
2025-12-31 13:00:00+00:00,1.873494029045105,1.8752340078353882,1.873494029045105,1.8749302625656128,0
2025-12-31 13:15:00+00:00,1.874964952468872,1.8756959438323975,1.874964952468872,1.8753435611724854,764800
2025-12-31 13:30:00+00:00,1.8750944137573242,1.8750944137573242,1.871484637260437,1.8716483116149902,2208768
2025-12-31 13:45:00+00:00,1.8716094493865967,1.873905897140503,1.8711544275283813,1.8733160495758057,10172032
2025-12-31 14:00:00+00:00,1.8734629154205322,1.8780055046081543,1.8734629154205322,1.8771034479141235,8016896
2025-12-31 14:15:00+00:00,1.876847267150879,1.876847267150879,1.8712141513824463,1.8712141513824463,5945344
2025-12-31 14:30:00+00:00,1.8712131977081299,1.8712131977081299,1.8665355443954468,1.8665355443954468,3243392
2025-12-31 14:45:00+00:00,1.8664525747299194,1.8664525747299194,1.8635401725769043,1.8635401725769043,630528
2025-12-31 15:00:00+00:00,1.8635581731796265,1.8643561601638794,1.860282063484192,1.8607556819915771,7315200
2025-12-31 15:15:00+00:00,1.8609273433685303,1.8609273433685303,1.856586217880249,1.8574774265289307,15847808
2025-12-31 15:30:00+00:00,1.8571380376815796,1.8571380376815796,1.8527032136917114,1.8552124500274658,15618944
2025-12-31 15:45:00+00:00,1.8549420833587646,1.8572368621826172,1.8549420833587646,1.8572368621826172,708480
2025-12-31 16:00:00+00:00,1.856813669204712,1.8568475246429443,1.85416579246521,1.8543968200683594,0
2025-12-31 16:15:00+00:00,1.854286789894104,1.8553297519683838,1.8528680801391602,1.8533879518508911,8091776
2025-12-31 16:30:00+00:00,1.8533473014831543,1.8533473014831543,1.8472899198532104,1.8472899198532104,18831744
2025-12-31 16:45:00+00:00,1.8481897115707397,1.8481897115707397,1.8429452180862427,1.8430261611938477,41503872
2025-12-31 17:00:00+00:00,1.8428202867507935,1.8428202867507935,1.836513876914978,1.836513876914978,12743168
2025-12-31 17:15:00+00:00,1.8365087509155273,1.8410305976867676,1.8359861373901367,1.8409830331802368,14340480
2025-12-31 17:30:00+00:00,1.8405348062515259,1.8405348062515259,1.8377068042755127,1.8377068042755127,590464
2025-12-31 17:45:00+00:00,1.8378340005874634,1.8378340005874634,1.8340814113616943,1.8340814113616943,2769536
2025-12-31 18:00:00+00:00,1.8340117931365967,1.8374254703521729,1.8319791555404663,1.8374254703521729,14970112
2025-12-31 18:15:00+00:00,1.8370177745819092,1.8374027013778687,1.8365002870559692,1.8367031812667847,6953856
2025-12-31 18:30:00+00:00,1.8367427587509155,1.8371827602386475,1.8358850479125977,1.8358850479125977,0
2025-12-31 18:45:00+00:00,1.8359324932098389,1.8359324932098389,1.832885503768921,1.832885503768921,718976
2025-12-31 19:00:00+00:00,1.8327809572219849,1.835120439529419,1.8327809572219849,1.835120439529419,0
2025-12-31 19:15:00+00:00,1.83501136302948,1.83501136302948,1.8294464349746704,1.8294464349746704,18371584
2025-12-31 19:30:00+00:00,1.8293578624725342,1.8293578624725342,1.8262888193130493,1.8268306255340576,20246656
2025-12-31 19:45:00+00:00,1.8257131576538086,1.8276208639144897,1.8257131576538086,1.8269984722137451,10095744
2025-12-31 20:00:00+00:00,1.8268308639526367,1.8268308639526367,1.8140941858291626,1.8140941858291626,33173376
2025-12-31 20:15:00+00:00,1.814171314239502,1.815543293952942,1.8116357326507568,1.815543293952942,36773632
2025-12-31 20:30:00+00:00,1.815436840057373,1.8182001113891602,1.814939260482788,1.8151016235351562,14921728
2025-12-31 20:45:00+00:00,1.8151746988296509,1.8297348022460938,1.8151746988296509,1.8296093940734863,11291264
2025-12-31 21:00:00+00:00,1.8292497396469116,1.8293792009353638,1.8266063928604126,1.8293792009353638,10532096
2025-12-31 21:15:00+00:00,1.829384684562683,1.8310538530349731,1.829384684562683,1.830877661705017,6252928
2025-12-31 21:30:00+00:00,1.8307812213897705,1.8380104303359985,1.8307812213897705,1.8380104303359985,80782208
2025-12-31 21:45:00+00:00,1.8380473852157593,1.8394684791564941,1.8376710414886475,1.8378742933273315,7762560
2025-12-31 22:00:00+00:00,1.837890386581421,1.839377522468567,1.8377273082733154,1.839377522468567,3566080
2025-12-31 22:15:00+00:00,1.8394207954406738,1.841922402381897,1.8394207954406738,1.841922402381897,12814592
2025-12-31 22:30:00+00:00,1.84181809425354,1.84181809425354,1.838638186454773,1.838638186454773,10910336
2025-12-31 22:45:00+00:00,1.8386410474777222,1.8386410474777222,1.8360706567764282,1.8365956544876099,7670400
2025-12-31 23:00:00+00:00,1.8369827270507812,1.8392528295516968,1.8369827270507812,1.8392528295516968,4621440
2025-12-31 23:15:00+00:00,1.8392339944839478,1.8396763801574707,1.8388335704803467,1.8396605253219604,3288320
2025-12-31 23:30:00+00:00,1.8397462368011475,1.8407841920852661,1.8397462368011475,1.8405841588974,6337920
2025-12-31 23:45:00+00:00,1.8405966758728027,1.8405966758728027,1.8393245935440063,1.8399324417114258,10059648
2026-01-01 00:00:00+00:00,1.8399866819381714,1.8401607275009155,1.8389164209365845,1.8389164209365845,3248640
2026-01-01 00:15:00+00:00,1.8388762474060059,1.8398501873016357,1.838620662689209,1.8398501873016357,4077824
2026-01-01 00:30:00+00:00,1.839963674545288,1.8411997556686401,1.839963674545288,1.8408761024475098,3140992
2026-01-01 00:45:00+00:00,1.8409132957458496,1.843624472618103,1.8404417037963867,1.8431367874145508,17667968
2026-01-01 01:00:00+00:00,1.8430193662643433,1.8433657884597778,1.8420392274856567,1.8433657884597778,3526528
2026-01-01 01:15:00+00:00,1.843472957611084,1.8435190916061401,1.8413379192352295,1.8413410186767578,0
2026-01-01 01:30:00+00:00,1.841245174407959,1.841245174407959,1.8391841650009155,1.8405070304870605,0
2026-01-01 01:45:00+00:00,1.8405171632766724,1.8405171632766724,1.8389850854873657,1.8392618894577026,0
2026-01-01 02:00:00+00:00,1.8392900228500366,1.8393441438674927,1.8382549285888672,1.8393441438674927,0
2026-01-01 02:15:00+00:00,1.8392547369003296,1.8392547369003296,1.837477684020996,1.837487816810608,697600
2026-01-01 02:30:00+00:00,1.8374475240707397,1.8382691144943237,1.8373236656188965,1.8382691144943237,4294656
2026-01-01 02:45:00+00:00,1.8382619619369507,1.8385393619537354,1.8375438451766968,1.8375438451766968,0
2026-01-01 03:00:00+00:00,1.8373392820358276,1.8373392820358276,1.8367472887039185,1.8371425867080688,0
2026-01-01 03:15:00+00:00,1.8372057676315308,1.8382627964019775,1.8372057676315308,1.8378585577011108,733696
2026-01-01 03:30:00+00:00,1.8376537561416626,1.837676763534546,1.836883306503296,1.836883306503296,0
2026-01-01 03:45:00+00:00,1.836869239807129,1.836869239807129,1.832692265510559,1.832692265510559,6597632
2026-01-01 04:00:00+00:00,1.8319621086120605,1.8319621086120605,1.8280104398727417,1.8280104398727417,9970560
2026-01-01 04:15:00+00:00,1.827791452407837,1.827791452407837,1.825240969657898,1.8260432481765747,12295040
2026-01-01 04:30:00+00:00,1.8259928226470947,1.8277277946472168,1.8259928226470947,1.8277277946472168,5228288
2026-01-01 04:45:00+00:00,1.8275532722473145,1.8275532722473145,1.825956106185913,1.8271417617797852,6798720
2026-01-01 05:00:00+00:00,1.8272725343704224,1.8392671346664429,1.8272725343704224,1.8392671346664429,15934720
2026-01-01 05:15:00+00:00,1.8395167589187622,1.84559965133667,1.8395167589187622,1.8455991744995117,23491328
2026-01-01 05:30:00+00:00,1.846132755279541,1.8495410680770874,1.8457145690917969,1.8460325002670288,17659776
2026-01-01 05:45:00+00:00,1.845790982246399,1.845790982246399,1.843200922012329,1.843200922012329,43008
2026-01-01 06:00:00+00:00,1.8428322076797485,1.8431214094161987,1.8427314758300781,1.8429038524627686,1952000
2026-01-01 06:15:00+00:00,1.8429975509643555,1.843542218208313,1.842420220375061,1.8435356616973877,1509760
2026-01-01 06:30:00+00:00,1.843576431274414,1.8436897993087769,1.8433682918548584,1.8434250354766846,560640
2026-01-01 06:45:00+00:00,1.84341561794281,1.8438314199447632,1.8433406352996826,1.8435635566711426,737536
2026-01-01 07:00:00+00:00,1.8434613943099976,1.8436975479125977,1.8425050973892212,1.8425050973892212,0
2026-01-01 07:15:00+00:00,1.8425592184066772,1.8431137800216675,1.8413399457931519,1.8413622379302979,0
2026-01-01 07:30:00+00:00,1.8412703275680542,1.841544270515442,1.8411545753479004,1.8411545753479004,170112
2026-01-01 07:45:00+00:00,1.8410577774047852,1.8410577774047852,1.8389785289764404,1.8390804529190063,0
2026-01-01 08:00:00+00:00,1.8390700817108154,1.840471863746643,1.8390700817108154,1.840471863746643,0
2026-01-01 08:15:00+00:00,1.8404635190963745,1.8426387310028076,1.8404635190963745,1.8426387310028076,0
2026-01-01 08:30:00+00:00,1.8426600694656372,1.8441578149795532,1.8426600694656372,1.8437087535858154,195968
2026-01-01 08:45:00+00:00,1.843569040298462,1.8448811769485474,1.843569040298462,1.8448811769485474,0
2026-01-01 09:00:00+00:00,1.8453251123428345,1.850426435470581,1.8453251123428345,1.8501603603363037,2906368
2026-01-01 09:15:00+00:00,1.8502092361450195,1.8502092361450195,1.8476037979125977,1.8476037979125977,2995584
2026-01-01 09:30:00+00:00,1.8475900888442993,1.847998023033142,1.8469042778015137,1.847998023033142,2711808
2026-01-01 09:45:00+00:00,1.8479959964752197,1.8491605520248413,1.8479959964752197,1.848876953125,1185408
2026-01-01 10:00:00+00:00,1.8492907285690308,1.8496900796890259,1.8492166996002197,1.8496900796890259,0
2026-01-01 10:15:00+00:00,1.8497682809829712,1.8498039245605469,1.849482536315918,1.8497158288955688,409728
2026-01-01 10:30:00+00:00,1.8497425317764282,1.8508285284042358,1.8497425317764282,1.8508285284042358,0
2026-01-01 10:45:00+00:00,1.8509650230407715,1.8510019779205322,1.850602149963379,1.8506276607513428,0
2026-01-01 11:00:00+00:00,1.850688099861145,1.8518940210342407,1.850688099861145,1.8518940210342407,0
2026-01-01 11:15:00+00:00,1.8518292903900146,1.8518292903900146,1.8493144512176514,1.849325180053711,1113728
2026-01-01 11:30:00+00:00,1.8497416973114014,1.8497848510742188,1.8481682538986206,1.8486262559890747,0
2026-01-01 11:45:00+00:00,1.8496546745300293,1.8519539833068848,1.8496546745300293,1.8519539833068848,770944
2026-01-01 12:00:00+00:00,1.8519866466522217,1.852799415588379,1.8519548177719116,1.8521876335144043,0
2026-01-01 12:15:00+00:00,1.8520320653915405,1.8520320653915405,1.8496356010437012,1.8499956130981445,0
2026-01-01 12:30:00+00:00,1.8499783277511597,1.850922703742981,1.8496707677841187,1.850922703742981,0
2026-01-01 12:45:00+00:00,1.850466012954712,1.8509197235107422,1.8502728939056396,1.8503090143203735,0
2026-01-01 13:00:00+00:00,1.8502248525619507,1.851677656173706,1.850011944770813,1.851677656173706,0
2026-01-01 13:15:00+00:00,1.8517327308654785,1.8552769422531128,1.8517327308654785,1.8543016910552979,3907584
2026-01-01 13:30:00+00:00,1.8542057275772095,1.8545138835906982,1.854020357131958,1.8543781042099,0
2026-01-01 13:45:00+00:00,1.8544056415557861,1.855217695236206,1.8541446924209595,1.8552144765853882,610048
2026-01-01 14:00:00+00:00,1.8552193641662598,1.8564294576644897,1.855164885520935,1.8564252853393555,811392
2026-01-01 14:15:00+00:00,1.8565031290054321,1.8565031290054321,1.851788878440857,1.851798176765442,1441408
2026-01-01 14:30:00+00:00,1.85152268409729,1.854506492614746,1.8513423204421997,1.854506492614746,0
2026-01-01 14:45:00+00:00,1.8544903993606567,1.8562123775482178,1.8544903993606567,1.8552236557006836,0
2026-01-01 15:00:00+00:00,1.8543846607208252,1.8543846607208252,1.8536877632141113,1.8542242050170898,0
2026-01-01 15:15:00+00:00,1.854270339012146,1.8545321226119995,1.8503408432006836,1.8503742218017578,0
2026-01-01 15:30:00+00:00,1.8505332469940186,1.8549762964248657,1.8505332469940186,1.8549762964248657,0
2026-01-01 15:45:00+00:00,1.8547379970550537,1.858868956565857,1.8547379970550537,1.858868956565857,16484992
2026-01-01 16:00:00+00:00,1.8590259552001953,1.860107421875,1.8581137657165527,1.8581137657165527,0
2026-01-01 16:15:00+00:00,1.8581833839416504,1.8581833839416504,1.8555068969726562,1.855979084968567,0
2026-01-01 16:30:00+00:00,1.856101632118225,1.8597431182861328,1.856101632118225,1.8597431182861328,0
2026-01-01 16:45:00+00:00,1.859390377998352,1.860312581062317,1.8593698740005493,1.86020827293396,0
2026-01-01 17:00:00+00:00,1.8604586124420166,1.8659029006958008,1.8604586124420166,1.8659029006958008,0
2026-01-01 17:15:00+00:00,1.8658839464187622,1.8676401376724243,1.865414023399353,1.867232322692871,1677696
2026-01-01 17:30:00+00:00,1.867424488067627,1.8709229230880737,1.867424488067627,1.8705723285675049,5421696
2026-01-01 17:45:00+00:00,1.8698359727859497,1.8698359727859497,1.867559552192688,1.8676130771636963,90496
2026-01-01 18:00:00+00:00,1.8671505451202393,1.8674789667129517,1.866584062576294,1.866899013519287,0
2026-01-01 18:15:00+00:00,1.8667174577713013,1.8667174577713013,1.863463044166565,1.8634976148605347,1145856
2026-01-01 18:30:00+00:00,1.8634952306747437,1.8653937578201294,1.8634952306747437,1.8653937578201294,0
2026-01-01 18:45:00+00:00,1.8660619258880615,1.8660619258880615,1.8645637035369873,1.865006923675537,0
2026-01-01 19:00:00+00:00,1.8651591539382935,1.8672329187393188,1.8651591539382935,1.8667021989822388,0
2026-01-01 19:15:00+00:00,1.8666847944259644,1.867425799369812,1.8658137321472168,1.867425799369812,0
2026-01-01 19:30:00+00:00,1.8673957586288452,1.8697272539138794,1.8671813011169434,1.8697272539138794,0
2026-01-01 19:45:00+00:00,1.8698822259902954,1.8704806566238403,1.8698822259902954,1.870402216911316,0
2026-01-01 20:00:00+00:00,1.870402216911316,1.8718712329864502,1.870402216911316,1.8708559274673462,0
2026-01-01 20:15:00+00:00,1.8710472583770752,1.8726346492767334,1.8710472583770752,1.8715027570724487,0
2026-01-01 20:30:00+00:00,1.8714967966079712,1.8714967966079712,1.867875099182129,1.8681267499923706,0
2026-01-01 20:45:00+00:00,1.868004560470581,1.8685290813446045,1.8677194118499756,1.868138074874878,0
2026-01-01 21:00:00+00:00,1.8681952953338623,1.869243860244751,1.868042230606079,1.869243860244751,0
2026-01-01 21:15:00+00:00,1.869193434715271,1.8692641258239746,1.8687586784362793,1.8687788248062134,114432
2026-01-01 21:30:00+00:00,1.8679256439208984,1.8679256439208984,1.8663859367370605,1.867843508720398,0
2026-01-01 21:45:00+00:00,1.8677935600280762,1.8681813478469849,1.8671989440917969,1.8680919408798218,0
2026-01-01 22:00:00+00:00,1.8681188821792603,1.8704321384429932,1.8681188821792603,1.870046854019165,1140224
2026-01-01 22:15:00+00:00,1.8700984716415405,1.8700984716415405,1.8682196140289307,1.868813157081604,0
2026-01-01 22:30:00+00:00,1.8687695264816284,1.8691754341125488,1.8677417039871216,1.868342399597168,0
2026-01-01 22:45:00+00:00,1.868963360786438,1.872723937034607,1.868963360786438,1.872723937034607,0
2026-01-01 23:00:00+00:00,1.8727420568466187,1.8740334510803223,1.8715821504592896,1.8723304271697998,3512832
2026-01-01 23:15:00+00:00,1.872261881828308,1.8766542673110962,1.8722261190414429,1.8766542673110962,7516800
2026-01-01 23:30:00+00:00,1.8766767978668213,1.8775871992111206,1.8766767978668213,1.8772146701812744,4873088
2026-01-01 23:45:00+00:00,1.8775538206100464,1.8777908086776733,1.8764076232910156,1.8777908086776733,1825664
2026-01-02 00:00:00+00:00,1.8777636289596558,1.8779850006103516,1.874306082725525,1.8743611574172974,1827712
2026-01-02 00:15:00+00:00,1.874310851097107,1.8754390478134155,1.8737545013427734,1.8750245571136475,2954880
2026-01-02 00:30:00+00:00,1.874976396560669,1.8761135339736938,1.8736622333526611,1.8736622333526611,1576064
2026-01-02 00:45:00+00:00,1.8741345405578613,1.8760329484939575,1.8741345405578613,1.8760329484939575,0
2026-01-02 01:00:00+00:00,1.8761281967163086,1.877091407775879,1.8761281967163086,1.8770196437835693,2711552
2026-01-02 01:15:00+00:00,1.8761430978775024,1.876175880432129,1.87453293800354,1.87453293800354,0
2026-01-02 01:30:00+00:00,1.8744860887527466,1.8744860887527466,1.8720471858978271,1.8720471858978271,1943680
2026-01-02 01:45:00+00:00,1.8718736171722412,1.8718736171722412,1.8703832626342773,1.8704065084457397,3454592
2026-01-02 02:00:00+00:00,1.8704007863998413,1.8704007863998413,1.867849349975586,1.867849349975586,2919040
2026-01-02 02:15:00+00:00,1.8678908348083496,1.8683403730392456,1.867539405822754,1.8683403730392456,2113792
2026-01-02 02:30:00+00:00,1.8681938648223877,1.8701838254928589,1.8679262399673462,1.8701838254928589,0
2026-01-02 02:45:00+00:00,1.8703471422195435,1.8742282390594482,1.8703471422195435,1.8742282390594482,3548032
2026-01-02 03:00:00+00:00,1.87434983253479,1.8776469230651855,1.8738893270492554,1.8776469230651855,15219200
2026-01-02 03:15:00+00:00,1.879700779914856,1.879700779914856,1.8786722421646118,1.878924012184143,14092288
2026-01-02 03:30:00+00:00,1.878936767578125,1.8852075338363647,1.878936767578125,1.8852075338363647,27386496
2026-01-02 03:45:00+00:00,1.885410189628601,1.8888717889785767,1.885410189628601,1.8868848085403442,21837056
2026-01-02 04:00:00+00:00,1.8869539499282837,1.887190818786621,1.8831124305725098,1.8831124305725098,857344
2026-01-02 04:15:00+00:00,1.8820394277572632,1.8820394277572632,1.8783714771270752,1.8783714771270752,0
2026-01-02 04:30:00+00:00,1.8780345916748047,1.8780345916748047,1.8768593072891235,1.8777525424957275,1061248
2026-01-02 04:45:00+00:00,1.8761435747146606,1.8761649131774902,1.8752001523971558,1.8756049871444702,1989888
2026-01-02 05:00:00+00:00,1.8754582405090332,1.8754582405090332,1.8740237951278687,1.874026894569397,0
2026-01-02 05:15:00+00:00,1.8735848665237427,1.8741378784179688,1.871138095855713,1.871138095855713,0
2026-01-02 05:30:00+00:00,1.8712071180343628,1.8719799518585205,1.8707530498504639,1.8718734979629517,141568
2026-01-02 05:45:00+00:00,1.872745156288147,1.8737832307815552,1.872745156288147,1.87369966506958,4571904
2026-01-02 06:00:00+00:00,1.8737154006958008,1.8737154006958008,1.8729530572891235,1.8736786842346191,4031744
2026-01-02 06:15:00+00:00,1.8736299276351929,1.8743922710418701,1.8736299276351929,1.8743922710418701,9773696
2026-01-02 06:30:00+00:00,1.874380111694336,1.876264214515686,1.8743449449539185,1.876264214515686,15080448
2026-01-02 06:45:00+00:00,1.8769490718841553,1.8784033060073853,1.8767422437667847,1.8767422437667847,11727872
2026-01-02 07:00:00+00:00,1.8767116069793701,1.8767116069793701,1.8753761053085327,1.8758033514022827,1000960
2026-01-02 07:15:00+00:00,1.875817060470581,1.875817060470581,1.8711588382720947,1.8711588382720947,4214784
2026-01-02 07:30:00+00:00,1.8710132837295532,1.8710132837295532,1.869234561920166,1.8700085878372192,5179776
2026-01-02 07:45:00+00:00,1.8699921369552612,1.8701221942901611,1.8697664737701416,1.8698657751083374,4569216
2026-01-02 08:00:00+00:00,1.8697993755340576,1.872510313987732,1.8696078062057495,1.872510313987732,5283712
2026-01-02 08:15:00+00:00,1.8733196258544922,1.8733196258544922,1.8715500831604004,1.8718966245651245,3278976
2026-01-02 08:30:00+00:00,1.8718332052230835,1.8732389211654663,1.871158242225647,1.8732389211654663,3920512
2026-01-02 08:45:00+00:00,1.873376727104187,1.8758866786956787,1.873376727104187,1.8758866786956787,7445888
2026-01-02 09:00:00+00:00,1.8759541511535645,1.880599021911621,1.8759541511535645,1.880599021911621,9547136
2026-01-02 09:15:00+00:00,1.8807512521743774,1.8814258575439453,1.8795764446258545,1.8814258575439453,11786368
2026-01-02 09:30:00+00:00,1.881306529045105,1.882280945777893,1.8811781406402588,1.882280945777893,4682112
2026-01-02 09:45:00+00:00,1.8824700117111206,1.894665241241455,1.8824700117111206,1.894219160079956,82501376
2026-01-02 10:00:00+00:00,1.894195318222046,1.9012295007705688,1.894195318222046,1.8998079299926758,43954688
2026-01-02 10:15:00+00:00,1.9000164270401,1.9017633199691772,1.8987137079238892,1.8987137079238892,26503936
2026-01-02 10:30:00+00:00,1.8983814716339111,1.8983814716339111,1.8954623937606812,1.8954726457595825,16949248
2026-01-02 10:45:00+00:00,1.8954437971115112,1.897036075592041,1.8954437971115112,1.8958964347839355,17184896
2026-01-02 11:00:00+00:00,1.895882248878479,1.895882248878479,1.8919281959533691,1.8919281959533691,16979200
2026-01-02 11:15:00+00:00,1.8918377161026,1.8918377161026,1.8898757696151733,1.8913322687149048,16116992
2026-01-02 11:30:00+00:00,1.8910225629806519,1.8910225629806519,1.8880044221878052,1.8880044221878052,12828288
2026-01-02 11:45:00+00:00,1.8881852626800537,1.888846516609192,1.886958360671997,1.888829231262207,6897024
2026-01-02 12:00:00+00:00,1.8888475894927979,1.8891804218292236,1.8881038427352905,1.8883966207504272,3507456
2026-01-02 12:15:00+00:00,1.888472557067871,1.8925118446350098,1.888472557067871,1.8925118446350098,12407552
2026-01-02 12:30:00+00:00,1.892599105834961,1.898716688156128,1.892599105834961,1.8963326215744019,24114560
2026-01-02 12:45:00+00:00,1.89607834815979,1.8972810506820679,1.89607834815979,1.8970791101455688,11384448
2026-01-02 13:00:00+00:00,1.8970533609390259,1.897877812385559,1.8963979482650757,1.8963979482650757,6494976
2026-01-02 13:15:00+00:00,1.89673912525177,1.901134967803955,1.89673912525177,1.901134967803955,8989312
2026-01-02 13:30:00+00:00,1.9012349843978882,1.9016209840774536,1.899848222732544,1.9016209840774536,12509184
2026-01-02 13:45:00+00:00,1.9012917280197144,1.9012945890426636,1.8969541788101196,1.8969541788101196,12934144
2026-01-02 14:00:00+00:00,1.896147608757019,1.8986122608184814,1.8960341215133667,1.8986122608184814,6445056
2026-01-02 14:15:00+00:00,1.8979521989822388,1.899326205253601,1.891650676727295,1.899326205253601,30649472
2026-01-02 14:30:00+00:00,1.8991117477416992,1.9057023525238037,1.8905220031738281,1.9057023525238037,67257728
2026-01-02 14:45:00+00:00,1.9057743549346924,1.9168087244033813,1.9051973819732666,1.9168087244033813,106189696
2026-01-02 15:00:00+00:00,1.918617844581604,1.9189363718032837,1.9118826389312744,1.9118826389312744,56362496
2026-01-02 15:15:00+00:00,1.9097445011138916,1.9099215269088745,1.9008809328079224,1.9071022272109985,40799744
2026-01-02 15:30:00+00:00,1.9072178602218628,1.918731451034546,1.9071260690689087,1.918731451034546,39252224
2026-01-02 15:45:00+00:00,1.9192163944244385,1.9224985837936401,1.91621994972229,1.91621994972229,13715456
2026-01-02 16:00:00+00:00,1.9161642789840698,1.9220020771026611,1.9161642789840698,1.9220020771026611,27253248
2026-01-02 16:15:00+00:00,1.9271987676620483,1.9395840167999268,1.9271987676620483,1.9395840167999268,87747328
2026-01-02 16:30:00+00:00,1.940808653831482,1.958191990852356,1.940808653831482,1.9543113708496094,117611264
2026-01-02 16:45:00+00:00,1.9542081356048584,1.9584338665008545,1.9521524906158447,1.9584338665008545,70938368
2026-01-02 17:00:00+00:00,1.9586718082427979,1.9817217588424683,1.9586718082427979,1.9812034368515015,109964032
2026-01-02 17:15:00+00:00,1.9852120876312256,1.9931440353393555,1.9852120876312256,1.9902340173721313,90986240
2026-01-02 17:30:00+00:00,1.9901210069656372,1.9901210069656372,1.9777878522872925,1.985495924949646,66107904
2026-01-02 17:45:00+00:00,1.9876991510391235,1.993251919746399,1.9836868047714233,1.9929533004760742,55489536
2026-01-02 18:00:00+00:00,1.9928230047225952,1.9933021068572998,1.9872064590454102,1.9878891706466675,30490368
2026-01-02 18:15:00+00:00,1.9889556169509888,1.9906461238861084,1.9882649183273315,1.988613247871399,34833152
2026-01-02 18:30:00+00:00,1.9891432523727417,1.9914445877075195,1.984472393989563,1.984472393989563,48434944
2026-01-02 18:45:00+00:00,1.9850560426712036,1.9856631755828857,1.9716068506240845,1.9748973846435547,64236032
2026-01-02 19:00:00+00:00,1.9750075340270996,1.9810986518859863,1.9743810892105103,1.9810986518859863,36960000
2026-01-02 19:15:00+00:00,1.9818843603134155,1.9915058612823486,1.9818843603134155,1.9902125597000122,41967104
2026-01-02 19:30:00+00:00,1.9907288551330566,1.992569923400879,1.9907288551330566,1.992569923400879,24807936
2026-01-02 19:45:00+00:00,1.9925326108932495,1.9925326108932495,1.9889209270477295,1.9910380840301514,29193216
2026-01-02 20:00:00+00:00,1.9911246299743652,1.993252158164978,1.9911246299743652,1.9931256771087646,21625856
2026-01-02 20:15:00+00:00,1.994128704071045,1.994128704071045,1.9905633926391602,1.9905633926391602,24508416
2026-01-02 20:30:00+00:00,1.9905574321746826,1.9905574321746826,1.986964225769043,1.9895519018173218,15020032
2026-01-02 20:45:00+00:00,1.990373134613037,1.990373134613037,1.9812568426132202,1.9816365242004395,28827904
2026-01-02 21:00:00+00:00,1.9806565046310425,1.984628438949585,1.9806565046310425,1.9829142093658447,33908736
2026-01-02 21:15:00+00:00,1.9830234050750732,1.989535927772522,1.9830234050750732,1.989535927772522,20808960
2026-01-02 21:30:00+00:00,1.9899253845214844,2.00127911567688,1.9899253845214844,2.000819683074951,64325632
2026-01-02 21:45:00+00:00,2.000873327255249,2.017536163330078,2.000873327255249,2.0169363021850586,92672768
2026-01-02 22:00:00+00:00,2.0166015625,2.022834539413452,2.0154199600219727,2.0154199600219727,79884544
2026-01-02 22:15:00+00:00,2.013284921646118,2.013284921646118,2.0118515491485596,2.0126802921295166,28764928
2026-01-02 22:30:00+00:00,2.012648582458496,2.01779842376709,2.012648582458496,2.014301061630249,24516096
2026-01-02 22:45:00+00:00,2.0153915882110596,2.020479679107666,2.0153915882110596,2.0180444717407227,20710400
2026-01-02 23:00:00+00:00,2.01790452003479,2.01790452003479,2.013126850128174,2.013126850128174,6265600
2026-01-02 23:15:00+00:00,2.0130419731140137,2.0160374641418457,2.0108745098114014,2.0108745098114014,10409472
2026-01-02 23:30:00+00:00,2.0104620456695557,2.0104620456695557,2.0086042881011963,2.0086042881011963,18224640
2026-01-02 23:45:00+00:00,2.0086817741394043,2.0086817741394043,2.005949020385742,2.005949020385742,14353920
2026-01-03 00:00:00+00:00,2.006054401397705,2.0130679607391357,2.006054401397705,2.0130045413970947,4219136
2026-01-03 00:15:00+00:00,2.0132381916046143,2.030869960784912,2.0132381916046143,2.030869960784912,44719104
2026-01-03 00:30:00+00:00,2.031259298324585,2.0370686054229736,2.026583671569824,2.0292861461639404,56467456
2026-01-03 00:45:00+00:00,2.0283124446868896,2.0283124446868896,2.0176429748535156,2.0176429748535156,36546560
2026-01-03 01:00:00+00:00,2.0177009105682373,2.025867223739624,2.0152409076690674,2.025867223739624,29798912
2026-01-03 01:15:00+00:00,2.027428150177002,2.027428150177002,2.0220391750335693,2.0237951278686523,11061248
2026-01-03 01:30:00+00:00,2.023892641067505,2.029388189315796,2.023892641067505,2.028458595275879,9121536
2026-01-03 01:45:00+00:00,2.0283310413360596,2.02978515625,2.0283310413360596,2.02978515625,6526464
2026-01-03 02:00:00+00:00,2.029344320297241,2.029344320297241,2.0215976238250732,2.023364782333374,7850240
2026-01-03 02:15:00+00:00,2.023244857788086,2.025832414627075,2.020008087158203,2.025832414627075,8219904
2026-01-03 02:30:00+00:00,2.025783061981201,2.0261120796203613,2.024651288986206,2.0251941680908203,5330432
2026-01-03 02:45:00+00:00,2.0252652168273926,2.0261595249176025,2.024580478668213,2.024717330932617,5405696
2026-01-03 03:00:00+00:00,2.0246284008026123,2.0248022079467773,2.0203802585601807,2.0203802585601807,0
2026-01-03 03:15:00+00:00,2.0211169719696045,2.0226874351501465,2.0210037231445312,2.0226874351501465,832768
2026-01-03 03:30:00+00:00,2.0228374004364014,2.0299243927001953,2.0228374004364014,2.0299243927001953,0
2026-01-03 03:45:00+00:00,2.0299415588378906,2.0368056297302246,2.0299415588378906,2.0368056297302246,23683840
2026-01-03 04:00:00+00:00,2.0383141040802,2.045062303543091,2.0382163524627686,2.0439348220825195,43197184
2026-01-03 04:15:00+00:00,2.043583869934082,2.051224708557129,2.043583869934082,2.051224708557129,40468736
2026-01-03 04:30:00+00:00,2.051478385925293,2.053532600402832,2.04717755317688,2.04717755317688,33788416
2026-01-03 04:45:00+00:00,2.046064853668213,2.04813289642334,2.046064853668213,2.0478601455688477,13073152
2026-01-03 05:00:00+00:00,2.048145055770874,2.052233934402466,2.048095941543579,2.048597812652588,8422144
2026-01-03 05:15:00+00:00,2.048424482345581,2.048424482345581,2.040585517883301,2.040585517883301,23173120
2026-01-03 05:30:00+00:00,2.04075288772583,2.04075288772583,2.0304677486419678,2.0304677486419678,22228992
2026-01-03 05:45:00+00:00,2.0302298069000244,2.0308125019073486,2.0295121669769287,2.0308125019073486,13497600
2026-01-03 06:00:00+00:00,2.030557870864868,2.03434419631958,2.030557870864868,2.0343081951141357,5474560
2026-01-03 06:15:00+00:00,2.0341498851776123,2.0341498851776123,2.028911828994751,2.028911828994751,482048
2026-01-03 06:30:00+00:00,2.0289056301116943,2.0289056301116943,2.0226869583129883,2.0226869583129883,5334016
2026-01-03 06:45:00+00:00,2.019089698791504,2.019089698791504,2.0131969451904297,2.0131969451904297,36270336
2026-01-03 07:00:00+00:00,2.0128066539764404,2.0141921043395996,2.0103585720062256,2.0103585720062256,12659200
2026-01-03 07:15:00+00:00,2.010262966156006,2.010262966156006,1.9930132627487183,1.9936258792877197,84843520
2026-01-03 07:30:00+00:00,1.992709994316101,1.999345064163208,1.9896310567855835,1.999345064163208,57370112
2026-01-03 07:45:00+00:00,1.9991517066955566,1.9991517066955566,1.9939383268356323,1.9939383268356323,15859200
2026-01-03 08:00:00+00:00,1.993356704711914,1.9978291988372803,1.993356704711914,1.9977036714553833,13963776
2026-01-03 08:15:00+00:00,1.997812032699585,2.0040934085845947,1.997812032699585,2.003706932067871,22187264
2026-01-03 08:30:00+00:00,2.0038936138153076,2.006805419921875,2.0038936138153076,2.00495982170105,16714752
2026-01-03 08:45:00+00:00,2.005056381225586,2.007459878921509,2.005056381225586,2.006503105163574,19462656
2026-01-03 09:00:00+00:00,2.006770610809326,2.0093793869018555,2.006770610809326,2.009307861328125,1458944
2026-01-03 09:15:00+00:00,2.0092904567718506,2.0149545669555664,2.009169340133667,2.014850616455078,6185472
2026-01-03 09:30:00+00:00,2.014775276184082,2.01955509185791,2.0128235816955566,2.01955509185791,27059200
2026-01-03 09:45:00+00:00,2.019717216491699,2.0204782485961914,2.0161588191986084,2.0161588191986084,0
2026-01-03 10:00:00+00:00,2.015716075897217,2.015716075897217,2.0110976696014404,2.0110976696014404,0
2026-01-03 10:15:00+00:00,2.010765314102173,2.010765314102173,2.0081849098205566,2.0081849098205566,0
2026-01-03 10:30:00+00:00,2.0080854892730713,2.0090599060058594,2.006019115447998,2.008251428604126,2649600
2026-01-03 10:45:00+00:00,2.00785756111145,2.00785756111145,2.0057225227355957,2.005845069885254,0
2026-01-03 11:00:00+00:00,2.005764961242676,2.005764961242676,1.9992767572402954,1.9992865324020386,0
2026-01-03 11:15:00+00:00,1.999449372291565,2.00112247467041,1.999449372291565,2.0010173320770264,1946368
2026-01-03 11:30:00+00:00,2.000958204269409,2.000958204269409,1.9994357824325562,1.9999475479125977,0
2026-01-03 11:45:00+00:00,1.9999535083770752,1.9999651908874512,1.9982160329818726,1.9982160329818726,1227264
2026-01-03 12:00:00+00:00,1.998564600944519,1.9991506338119507,1.9969927072525024,1.9991506338119507,818944
2026-01-03 12:15:00+00:00,1.999207854270935,2.003833293914795,1.999207854270935,2.003833293914795,282112
2026-01-03 12:30:00+00:00,2.003636121749878,2.003636121749878,1.995754361152649,1.9960469007492065,0
2026-01-03 12:45:00+00:00,1.9968034029006958,2.00115704536438,1.9968034029006958,2.001136541366577,8963328
2026-01-03 13:00:00+00:00,2.001063823699951,2.002497911453247,2.001063823699951,2.001110792160034,863488
2026-01-03 13:15:00+00:00,2.0010833740234375,2.0028743743896484,2.0010833740234375,2.0024712085723877,0
2026-01-03 13:30:00+00:00,2.0023081302642822,2.003624200820923,2.001941442489624,2.0028438568115234,399360
2026-01-03 13:45:00+00:00,2.0027949810028076,2.0070462226867676,2.002626657485962,2.0069682598114014,1773568
2026-01-03 14:00:00+00:00,2.006174325942993,2.007856607437134,2.004875898361206,2.007856607437134,0
2026-01-03 14:15:00+00:00,2.0082814693450928,2.0153708457946777,2.0082814693450928,2.0149691104888916,2528768
2026-01-03 14:30:00+00:00,2.0150914192199707,2.0150914192199707,2.0138769149780273,2.0146102905273438,0
2026-01-03 14:45:00+00:00,2.0136234760284424,2.0136234760284424,2.0084922313690186,2.008596658706665,0
2026-01-03 15:00:00+00:00,2.0088930130004883,2.009786605834961,2.0070979595184326,2.0070979595184326,0
2026-01-03 15:15:00+00:00,2.007081985473633,2.007081985473633,2.0058271884918213,2.006007671356201,0
2026-01-03 15:30:00+00:00,2.0059597492218018,2.0077426433563232,2.0059597492218018,2.0068655014038086,0
2026-01-03 15:45:00+00:00,2.0068511962890625,2.0068511962890625,2.0054945945739746,2.005833148956299,0
2026-01-03 16:00:00+00:00,2.0057907104492188,2.006532669067383,2.003894090652466,2.0039944648742676,0
2026-01-03 16:15:00+00:00,2.004002094268799,2.0041751861572266,2.001199960708618,2.0022363662719727,0
2026-01-03 16:30:00+00:00,2.002331018447876,2.005805730819702,2.002331018447876,2.005805730819702,0
2026-01-03 16:45:00+00:00,2.006817102432251,2.007065534591675,2.0043561458587646,2.0043561458587646,0
2026-01-03 17:00:00+00:00,2.0042712688446045,2.0042712688446045,1.9988954067230225,1.9988954067230225,0
2026-01-03 17:15:00+00:00,1.9985970258712769,1.999671459197998,1.9981012344360352,1.999618649482727,0
2026-01-03 17:30:00+00:00,1.9996870756149292,2.0029449462890625,1.9996870756149292,2.0029449462890625,0
2026-01-03 17:45:00+00:00,2.0028798580169678,2.003030776977539,2.0015482902526855,2.001603603363037,0
2026-01-03 18:00:00+00:00,2.0011565685272217,2.0011565685272217,1.998124361038208,1.9981279373168945,0
2026-01-03 18:15:00+00:00,1.9981948137283325,2.006768226623535,1.9981948137283325,2.006768226623535,0
2026-01-03 18:30:00+00:00,2.0067782402038574,2.008486032485962,2.0066986083984375,2.007037401199341,0
2026-01-03 18:45:00+00:00,2.0071117877960205,2.0085203647613525,2.00706148147583,2.0085203647613525,0
2026-01-03 19:00:00+00:00,2.0085458755493164,2.0085458755493164,2.0046029090881348,2.0046029090881348,0
2026-01-03 19:15:00+00:00,2.004528045654297,2.0064079761505127,2.004528045654297,2.005068778991699,0
2026-01-03 19:30:00+00:00,2.005121946334839,2.0061655044555664,2.005121946334839,2.0057425498962402,0
2026-01-03 19:45:00+00:00,2.005650758743286,2.005650758743286,2.00453519821167,2.0048882961273193,0
2026-01-03 20:00:00+00:00,2.004889726638794,2.006110191345215,2.0000548362731934,2.000295400619507,0
2026-01-03 20:15:00+00:00,2.000286340713501,2.001711845397949,1.999930500984192,2.001711845397949,0
2026-01-03 20:30:00+00:00,2.001692533493042,2.0082919597625732,2.001692533493042,2.0082919597625732,0
2026-01-03 20:45:00+00:00,2.0087616443634033,2.0089163780212402,2.006589651107788,2.006622791290283,0
2026-01-03 21:00:00+00:00,2.006657600402832,2.0069854259490967,2.0054728984832764,2.006645679473877,0
2026-01-03 21:15:00+00:00,2.0071961879730225,2.009072780609131,2.0066139698028564,2.009072780609131,0
2026-01-03 21:30:00+00:00,2.0090866088867188,2.0111494064331055,2.0087897777557373,2.009775400161743,0
2026-01-03 21:45:00+00:00,2.009826898574829,2.009826898574829,2.008654832839966,2.008730411529541,0
2026-01-03 22:00:00+00:00,2.0086677074432373,2.0086677074432373,2.0063586235046387,2.0063586235046387,0
2026-01-03 22:15:00+00:00,2.006287097930908,2.011624574661255,2.006287097930908,2.011449098587036,0
2026-01-03 22:30:00+00:00,2.0115277767181396,2.0132205486297607,2.010955572128296,2.0127763748168945,0
2026-01-03 22:45:00+00:00,2.013847827911377,2.013852834701538,2.0122623443603516,2.0123021602630615,0
2026-01-03 23:00:00+00:00,2.0125744342803955,2.0136141777038574,2.0125744342803955,2.0127387046813965,0
2026-01-03 23:15:00+00:00,2.0132875442504883,2.016779661178589,2.0132875442504883,2.0161101818084717,0
2026-01-03 23:30:00+00:00,2.016073226928711,2.0171399116516113,2.016016721725464,2.0171399116516113,0
2026-01-03 23:45:00+00:00,2.0172030925750732,2.017695426940918,2.0172030925750732,2.017482280731201,0
2026-01-04 00:00:00+00:00,2.0174977779388428,2.0287060737609863,2.0171597003936768,2.0287060737609863,42365696
2026-01-04 00:15:00+00:00,2.028650999069214,2.031494140625,2.028650999069214,2.031494140625,9854208
2026-01-04 00:30:00+00:00,2.030822515487671,2.0325307846069336,2.029204845428467,2.029204845428467,0
2026-01-04 00:45:00+00:00,2.029513120651245,2.044325113296509,2.029513120651245,2.043966770172119,3774208
2026-01-04 01:00:00+00:00,2.0435707569122314,2.0435707569122314,2.0373401641845703,2.0377156734466553,0
2026-01-04 01:15:00+00:00,2.0391530990600586,2.039212226867676,2.0350589752197266,2.037242889404297,326656
2026-01-04 01:30:00+00:00,2.0363399982452393,2.0363399982452393,2.029163122177124,2.029163122177124,375296
2026-01-04 01:45:00+00:00,2.0294620990753174,2.0330874919891357,2.029113292694092,2.0330874919891357,10565376
2026-01-04 02:00:00+00:00,2.0330896377563477,2.0340375900268555,2.0316686630249023,2.033228635787964,8012544
2026-01-04 02:15:00+00:00,2.0336363315582275,2.035233974456787,2.033595561981201,2.034269094467163,12162048
2026-01-04 02:30:00+00:00,2.0339057445526123,2.0342087745666504,2.0330522060394287,2.0330522060394287,4459520
2026-01-04 02:45:00+00:00,2.033186912536621,2.033186912536621,2.0284223556518555,2.0285542011260986,6457856
2026-01-04 03:00:00+00:00,2.0286929607391357,2.037609338760376,2.0286929607391357,2.037609338760376,4955648
2026-01-04 03:15:00+00:00,2.0371432304382324,2.0410537719726562,2.0371432304382324,2.0399796962738037,27022336
2026-01-04 03:30:00+00:00,2.0386650562286377,2.0461418628692627,2.0378177165985107,2.0461418628692627,21163520
2026-01-04 03:45:00+00:00,2.0460963249206543,2.0586044788360596,2.0460963249206543,2.056866407394409,56144896
2026-01-04 04:00:00+00:00,2.0571227073669434,2.058760404586792,2.055851697921753,2.057737350463867,3441152
2026-01-04 04:15:00+00:00,2.0610969066619873,2.0649538040161133,2.058640956878662,2.058640956878662,17457408
2026-01-04 04:30:00+00:00,2.0584845542907715,2.0612564086914062,2.0571367740631104,2.0571367740631104,0
2026-01-04 04:45:00+00:00,2.057093858718872,2.059527635574341,2.0550053119659424,2.059527635574341,21957888
2026-01-04 05:00:00+00:00,2.0594706535339355,2.0627949237823486,2.058701276779175,2.0627949237823486,15750912
2026-01-04 05:15:00+00:00,2.0619568824768066,2.0714192390441895,2.0619568824768066,2.071298122406006,14943232
2026-01-04 05:30:00+00:00,2.0703067779541016,2.0703067779541016,2.0641002655029297,2.064114570617676,4557568
2026-01-04 05:45:00+00:00,2.0640265941619873,2.066602945327759,2.06326961517334,2.0665175914764404,0
2026-01-04 06:00:00+00:00,2.0657601356506348,2.0694360733032227,2.0657601356506348,2.0694360733032227,7444736
2026-01-04 06:15:00+00:00,2.069359302520752,2.0695788860321045,2.067359685897827,2.067359685897827,13458944
2026-01-04 06:30:00+00:00,2.067272663116455,2.0673828125,2.0627963542938232,2.0627963542938232,2612992
2026-01-04 06:45:00+00:00,2.061760902404785,2.0702481269836426,2.061760902404785,2.06877064704895,6330880
2026-01-04 07:00:00+00:00,2.068094253540039,2.0766115188598633,2.068094253540039,2.07623291015625,15776256
2026-01-04 07:15:00+00:00,2.0738728046417236,2.0738728046417236,2.0640153884887695,2.0647308826446533,0
2026-01-04 07:30:00+00:00,2.064405679702759,2.0722811222076416,2.064405679702759,2.0722811222076416,0
2026-01-04 07:45:00+00:00,2.0725808143615723,2.073578357696533,2.07240629196167,2.07240629196167,0
2026-01-04 08:00:00+00:00,2.0718421936035156,2.0718421936035156,2.0615127086639404,2.0716042518615723,27123712
2026-01-04 08:15:00+00:00,2.0770785808563232,2.081014394760132,2.076690912246704,2.076706647872925,41295616
2026-01-04 08:30:00+00:00,2.0751211643218994,2.0788676738739014,2.0751211643218994,2.0774080753326416,71168
2026-01-04 08:45:00+00:00,2.0772793292999268,2.077380895614624,2.0747833251953125,2.0751359462738037,583936
2026-01-04 09:00:00+00:00,2.0753040313720703,2.076165199279785,2.0724546909332275,2.0724546909332275,2090240
2026-01-04 09:15:00+00:00,2.072524070739746,2.0740017890930176,2.0699877738952637,2.0699877738952637,5294848
2026-01-04 09:30:00+00:00,2.069662094116211,2.0704760551452637,2.0688910484313965,2.0704760551452637,0
2026-01-04 09:45:00+00:00,2.0706236362457275,2.083770513534546,2.0706236362457275,2.083770513534546,24191744
2026-01-04 10:00:00+00:00,2.083826780319214,2.0845701694488525,2.081646680831909,2.0829687118530273,9720832
2026-01-04 10:15:00+00:00,2.0828664302825928,2.0828664302825928,2.0789215564727783,2.079505443572998,2003712
2026-01-04 10:30:00+00:00,2.0794589519500732,2.0858194828033447,2.0794589519500732,2.0858194828033447,10323456
2026-01-04 10:45:00+00:00,2.086794137954712,2.0885088443756104,2.0867133140563965,2.0885088443756104,19052544
2026-01-04 11:00:00+00:00,2.0887551307678223,2.0888965129852295,2.086076498031616,2.0872855186462402,5499136
2026-01-04 11:15:00+00:00,2.0869531631469727,2.087068557739258,2.0856282711029053,2.0858843326568604,3967744
2026-01-04 11:30:00+00:00,2.0863442420959473,2.0863442420959473,2.0836360454559326,2.085963487625122,6141952
2026-01-04 11:45:00+00:00,2.0861527919769287,2.0935633182525635,2.0861527919769287,2.0928707122802734,27766784
2026-01-04 12:00:00+00:00,2.092914342880249,2.0955045223236084,2.092914342880249,2.0940616130828857,22849280
2026-01-04 12:15:00+00:00,2.0940353870391846,2.116752862930298,2.0940353870391846,2.116752862930298,88960512
2026-01-04 12:30:00+00:00,2.1163294315338135,2.1163294315338135,2.1073801517486572,2.1073801517486572,47121408
2026-01-04 12:45:00+00:00,2.107074499130249,2.1155974864959717,2.1063332557678223,2.114741563796997,30952704
2026-01-04 13:00:00+00:00,2.114854574203491,2.114854574203491,2.1104421615600586,2.1121320724487305,30806784
2026-01-04 13:15:00+00:00,2.1085383892059326,2.1088595390319824,2.09873366355896,2.09873366355896,46590464
2026-01-04 13:30:00+00:00,2.0982134342193604,2.0982134342193604,2.0947341918945312,2.0950798988342285,46928896
2026-01-04 13:45:00+00:00,2.094036817550659,2.101064443588257,2.094036817550659,2.1010515689849854,6212096
2026-01-04 14:00:00+00:00,2.1008825302124023,2.1008825302124023,2.0966222286224365,2.1004602909088135,17719296
2026-01-04 14:15:00+00:00,2.1003577709198,2.101719856262207,2.0964794158935547,2.0964794158935547,476160
2026-01-04 14:30:00+00:00,2.0965678691864014,2.0965678691864014,2.085268259048462,2.085268259048462,37699584
2026-01-04 14:45:00+00:00,2.083505630493164,2.08856201171875,2.083505630493164,2.0871689319610596,24838656
2026-01-04 15:00:00+00:00,2.0877091884613037,2.0906920433044434,2.0877091884613037,2.089010000228882,3809024
2026-01-04 15:15:00+00:00,2.089003086090088,2.0928006172180176,2.089003086090088,2.090683698654175,11208192
2026-01-04 15:30:00+00:00,2.090799331665039,2.090799331665039,2.0869407653808594,2.0883536338806152,11410688
2026-01-04 15:45:00+00:00,2.08803391456604,2.092297077178955,2.084946870803833,2.0908122062683105,28062976
2026-01-04 16:00:00+00:00,2.090733051300049,2.090733051300049,2.084545373916626,2.085768222808838,38746112
2026-01-04 16:15:00+00:00,2.085855722427368,2.0866315364837646,2.085517644882202,2.085517644882202,4473088
2026-01-04 16:30:00+00:00,2.085415840148926,2.089428424835205,2.085415840148926,2.0865869522094727,8751104
2026-01-04 16:45:00+00:00,2.08697247505188,2.0912764072418213,2.08697247505188,2.091141700744629,5484800
2026-01-04 17:00:00+00:00,2.091111183166504,2.093881130218506,2.0902798175811768,2.093881130218506,4628480
2026-01-04 17:15:00+00:00,2.0940446853637695,2.0986886024475098,2.0940446853637695,2.0964152812957764,14618624
2026-01-04 17:30:00+00:00,2.0944039821624756,2.0945518016815186,2.092420816421509,2.092420816421509,7209216
2026-01-04 17:45:00+00:00,2.092256546020508,2.093308448791504,2.090785503387451,2.093200922012329,6020096
2026-01-04 18:00:00+00:00,2.093344211578369,2.093683958053589,2.088144063949585,2.088144063949585,3620864
2026-01-04 18:15:00+00:00,2.0879714488983154,2.088887929916382,2.086618185043335,2.086618185043335,2120192
2026-01-04 18:30:00+00:00,2.086582899093628,2.086582899093628,2.078824996948242,2.0808331966400146,36548864
2026-01-04 18:45:00+00:00,2.081489086151123,2.087700605392456,2.081489086151123,2.087578535079956,11106816
2026-01-04 19:00:00+00:00,2.0875046253204346,2.0875046253204346,2.074680805206299,2.0752601623535156,18033920
2026-01-04 19:15:00+00:00,2.0764319896698,2.079880952835083,2.0759665966033936,2.079197883605957,17736192
2026-01-04 19:30:00+00:00,2.0793590545654297,2.085240602493286,2.0793590545654297,2.079444408416748,13976832
2026-01-04 19:45:00+00:00,2.079050302505493,2.0815048217773438,2.07690691947937,2.0815048217773438,10367488
2026-01-04 20:00:00+00:00,2.0815258026123047,2.0871541500091553,2.0815258026123047,2.0871541500091553,3038464
2026-01-04 20:15:00+00:00,2.088749647140503,2.09023118019104,2.088738441467285,2.09023118019104,6373120
2026-01-04 20:30:00+00:00,2.0902304649353027,2.092776298522949,2.0902304649353027,2.0924253463745117,1958144
2026-01-04 20:45:00+00:00,2.092332363128662,2.092332363128662,2.0903429985046387,2.0903429985046387,0
2026-01-04 21:00:00+00:00,2.090407133102417,2.098022699356079,2.090407133102417,2.098022699356079,16963584
2026-01-04 21:15:00+00:00,2.0979325771331787,2.098635673522949,2.0971858501434326,2.098616123199463,10474752
2026-01-04 21:30:00+00:00,2.098299980163574,2.098299980163574,2.0915467739105225,2.0915467739105225,393472
2026-01-04 21:45:00+00:00,2.0916483402252197,2.095944404602051,2.0916483402252197,2.0959348678588867,10987264
2026-01-04 22:00:00+00:00,2.0958235263824463,2.0978281497955322,2.095334053039551,2.096290111541748,2043648
2026-01-04 22:15:00+00:00,2.092630624771118,2.0932531356811523,2.0889971256256104,2.089026689529419,2869504
2026-01-04 22:30:00+00:00,2.088531255722046,2.088531255722046,2.082627773284912,2.082627773284912,5804800
2026-01-04 22:45:00+00:00,2.0825700759887695,2.083561897277832,2.0814363956451416,2.081636428833008,1270784
2026-01-04 23:00:00+00:00,2.0822103023529053,2.093959093093872,2.0822103023529053,2.092073917388916,17618944
2026-01-04 23:15:00+00:00,2.0872533321380615,2.089573383331299,2.0872533321380615,2.0889511108398438,1843456
2026-01-04 23:30:00+00:00,2.0882318019866943,2.0907301902770996,2.0867159366607666,2.088979721069336,10212608
2026-01-04 23:45:00+00:00,2.08891224861145,2.0903916358947754,2.086885929107666,2.0898876190185547,2903296
2026-01-05 00:00:00+00:00,2.0900380611419678,2.090970993041992,2.08896803855896,2.090970993041992,0
2026-01-05 00:15:00+00:00,2.094815731048584,2.0989558696746826,2.094815731048584,2.097132921218872,16274688
2026-01-05 00:30:00+00:00,2.0972940921783447,2.101487636566162,2.0970144271850586,2.101487636566162,9835776
2026-01-05 00:45:00+00:00,2.1015732288360596,2.111135721206665,2.1015732288360596,2.1093835830688477,23122176
2026-01-05 01:00:00+00:00,2.1099390983581543,2.1244423389434814,2.1099390983581543,2.1244423389434814,59196416
2026-01-05 01:15:00+00:00,2.1255390644073486,2.131377696990967,2.1255390644073486,2.131377696990967,40429568
2026-01-05 01:30:00+00:00,2.1315243244171143,2.152005195617676,2.1315243244171143,2.152005195617676,80986368
2026-01-05 01:45:00+00:00,2.1517863273620605,2.1608498096466064,2.150977849960327,2.1565303802490234,70886912
2026-01-05 02:00:00+00:00,2.156108856201172,2.1571497917175293,2.150362014770508,2.150362014770508,25724928
2026-01-05 02:15:00+00:00,2.1502974033355713,2.1506166458129883,2.1405019760131836,2.140812397003174,15523584
2026-01-05 02:30:00+00:00,2.1402969360351562,2.145787239074707,2.1392085552215576,2.1392085552215576,36083200
2026-01-05 02:45:00+00:00,2.1390178203582764,2.1440091133117676,2.1376075744628906,2.143442392349243,24712960
2026-01-05 03:00:00+00:00,2.1432888507843018,2.145843029022217,2.142676830291748,2.142676830291748,11318784
2026-01-05 03:15:00+00:00,2.1413605213165283,2.1413605213165283,2.138322114944458,2.14083194732666,2174720
2026-01-05 03:30:00+00:00,2.140974283218384,2.1493163108825684,2.140974283218384,2.1447856426239014,20909568
2026-01-05 03:45:00+00:00,2.1443257331848145,2.1443257331848145,2.140343427658081,2.1423637866973877,0
2026-01-05 04:00:00+00:00,2.142347812652588,2.1425461769104004,2.1390421390533447,2.1390421390533447,0
2026-01-05 04:15:00+00:00,2.137441396713257,2.138233184814453,2.125915050506592,2.1262381076812744,10027008
2026-01-05 04:30:00+00:00,2.1259820461273193,2.1259820461273193,2.121330976486206,2.121330976486206,17224704
2026-01-05 04:45:00+00:00,2.1209328174591064,2.1265807151794434,2.120509624481201,2.1265673637390137,5110528
2026-01-05 05:00:00+00:00,2.1264498233795166,2.12672758102417,2.123929500579834,2.12672758102417,0
2026-01-05 05:15:00+00:00,2.1272757053375244,2.1328043937683105,2.1272757053375244,2.1327037811279297,0
2026-01-05 05:30:00+00:00,2.1326370239257812,2.1326370239257812,2.129639148712158,2.131021738052368,0
2026-01-05 05:45:00+00:00,2.1309962272644043,2.1314404010772705,2.1260087490081787,2.1260087490081787,10322688
2026-01-05 06:00:00+00:00,2.126032590866089,2.126032590866089,2.122056484222412,2.1256346702575684,0
2026-01-05 06:15:00+00:00,2.125842332839966,2.126290798187256,2.116825580596924,2.116825580596924,0
2026-01-05 06:30:00+00:00,2.11691951751709,2.1198832988739014,2.113615036010742,2.1198832988739014,17624576
2026-01-05 06:45:00+00:00,2.1201512813568115,2.122823715209961,2.1201512813568115,2.122823715209961,0
2026-01-05 07:00:00+00:00,2.1226675510406494,2.130551338195801,2.1226675510406494,2.130551338195801,0
2026-01-05 07:15:00+00:00,2.1315135955810547,2.1323635578155518,2.1305603981018066,2.1312944889068604,0
2026-01-05 07:30:00+00:00,2.131060838699341,2.131281614303589,2.1297800540924072,2.131281614303589,0
2026-01-05 07:45:00+00:00,2.131239652633667,2.132730007171631,2.131239652633667,2.131340742111206,721920
2026-01-05 08:00:00+00:00,2.1317358016967773,2.140907049179077,2.1317358016967773,2.140907049179077,0
2026-01-05 08:15:00+00:00,2.1412813663482666,2.149035930633545,2.1412813663482666,2.148797035217285,0
2026-01-05 08:30:00+00:00,2.1487932205200195,2.1487932205200195,2.139267683029175,2.139267683029175,4994560
2026-01-05 08:45:00+00:00,2.138993978500366,2.141186237335205,2.1386921405792236,2.140143632888794,1627648
2026-01-05 09:00:00+00:00,2.1399407386779785,2.1399407386779785,2.1307435035705566,2.1307435035705566,16423424
2026-01-05 09:15:00+00:00,2.130507469177246,2.1365745067596436,2.129828691482544,2.1365745067596436,13525760
2026-01-05 09:30:00+00:00,2.138331174850464,2.1443727016448975,2.1372053623199463,2.1426784992218018,15121152
2026-01-05 09:45:00+00:00,2.14276385307312,2.142989158630371,2.138827085494995,2.1388397216796875,6295808
2026-01-05 10:00:00+00:00,2.1380116939544678,2.1428608894348145,2.1378979682922363,2.1425185203552246,12958720
2026-01-05 10:15:00+00:00,2.1453182697296143,2.1458935737609863,2.1451873779296875,2.1458935737609863,9556480
2026-01-05 10:30:00+00:00,2.144829034805298,2.144829034805298,2.1347386837005615,2.1347386837005615,8593920
2026-01-05 10:45:00+00:00,2.1348397731781006,2.139394998550415,2.1348397731781006,2.1387109756469727,0
2026-01-05 11:00:00+00:00,2.1368136405944824,2.1368136405944824,2.1315667629241943,2.1315667629241943,4751360
2026-01-05 11:15:00+00:00,2.1313529014587402,2.132444143295288,2.1292338371276855,2.132444143295288,5670144
2026-01-05 11:30:00+00:00,2.13154673576355,2.13154673576355,2.127587080001831,2.127587080001831,4824320
2026-01-05 11:45:00+00:00,2.1275415420532227,2.1324424743652344,2.1275415420532227,2.13224458694458,2108672
2026-01-05 12:00:00+00:00,2.132239580154419,2.1328234672546387,2.130016803741455,2.1316235065460205,5336320
2026-01-05 12:15:00+00:00,2.1325788497924805,2.1337921619415283,2.127532482147217,2.1275641918182373,2523136
2026-01-05 12:30:00+00:00,2.127321720123291,2.127321720123291,2.1242504119873047,2.1242504119873047,0
2026-01-05 12:45:00+00:00,2.1242783069610596,2.126941204071045,2.1242783069610596,2.1267101764678955,0
2026-01-05 13:00:00+00:00,2.1263949871063232,2.129045248031616,2.1251814365386963,2.129045248031616,0
2026-01-05 13:15:00+00:00,2.1293134689331055,2.1293134689331055,2.1216416358947754,2.122262954711914,0
2026-01-05 13:30:00+00:00,2.122086763381958,2.122086763381958,2.113044500350952,2.113044500350952,11128320
2026-01-05 13:45:00+00:00,2.1134629249572754,2.117934465408325,2.1134629249572754,2.1172239780426025,20308736
2026-01-05 14:00:00+00:00,2.1167993545532227,2.1174943447113037,2.1151552200317383,2.1173665523529053,13578496
2026-01-05 14:15:00+00:00,2.1173646450042725,2.1178886890411377,2.113987684249878,2.1144320964813232,11374336
2026-01-05 14:30:00+00:00,2.1198015213012695,2.1347920894622803,2.1195695400238037,2.1347920894622803,35655168
2026-01-05 14:45:00+00:00,2.1364214420318604,2.1496737003326416,2.1364214420318604,2.1496737003326416,63807744
2026-01-05 15:00:00+00:00,2.1479923725128174,2.1485278606414795,2.1440200805664062,2.1448862552642822,48619264
2026-01-05 15:15:00+00:00,2.145794153213501,2.1549596786499023,2.145794153213501,2.1503102779388428,59156736
2026-01-05 15:30:00+00:00,2.149552822113037,2.1653852462768555,2.149552822113037,2.1653311252593994,70319616
2026-01-05 15:45:00+00:00,2.1647801399230957,2.1665940284729004,2.1620662212371826,2.1665940284729004,33752064
2026-01-05 16:00:00+00:00,2.1657421588897705,2.172559976577759,2.1657421588897705,2.172559976577759,17149952
2026-01-05 16:15:00+00:00,2.1732163429260254,2.1810126304626465,2.1732163429260254,2.1803629398345947,77474048
2026-01-05 16:30:00+00:00,2.1774613857269287,2.1842403411865234,2.1774613857269287,2.1829311847686768,54816000
2026-01-05 16:45:00+00:00,2.1827707290649414,2.1939868927001953,2.1821789741516113,2.192143201828003,53345792
2026-01-05 17:00:00+00:00,2.1926333904266357,2.193225145339966,2.190534830093384,2.190534830093384,38289920
2026-01-05 17:15:00+00:00,2.1900827884674072,2.1900827884674072,2.1762239933013916,2.1762239933013916,46253312
2026-01-05 17:30:00+00:00,2.1784791946411133,2.189136266708374,2.1784791946411133,2.189136266708374,42460160
2026-01-05 17:45:00+00:00,2.192457914352417,2.1996612548828125,2.192457914352417,2.1996612548828125,84951808
2026-01-05 18:00:00+00:00,2.2045750617980957,2.21160888671875,2.2041752338409424,2.210599899291992,82265856
2026-01-05 18:15:00+00:00,2.212315082550049,2.2209107875823975,2.2105629444122314,2.2209107875823975,77196032
2026-01-05 18:30:00+00:00,2.222196102142334,2.2365798950195312,2.222196102142334,2.2365798950195312,78987776
2026-01-05 18:45:00+00:00,2.2375223636627197,2.2636027336120605,2.2375223636627197,2.263397693634033,179805696
2026-01-05 19:00:00+00:00,2.2626984119415283,2.2708895206451416,2.262561321258545,2.2707302570343018,106218496
2026-01-05 19:15:00+00:00,2.270723342895508,2.270723342895508,2.264918088912964,2.268815040588379,73495552
2026-01-05 19:30:00+00:00,2.2695188522338867,2.277139902114868,2.2695188522338867,2.271737813949585,87620096
2026-01-05 19:45:00+00:00,2.271655559539795,2.2755510807037354,2.268571138381958,2.2755510807037354,79284736
2026-01-05 20:00:00+00:00,2.2779672145843506,2.318836212158203,2.2779672145843506,2.3124232292175293,247299584
2026-01-05 20:15:00+00:00,2.3152761459350586,2.335676670074463,2.3152761459350586,2.335676670074463,198901248
2026-01-05 20:30:00+00:00,2.342559576034546,2.342559576034546,2.313892364501953,2.313892364501953,222884864
2026-01-05 20:45:00+00:00,2.3166701793670654,2.320540189743042,2.3001630306243896,2.3043253421783447,131694080
2026-01-05 21:00:00+00:00,2.3149795532226562,2.3260631561279297,2.3149795532226562,2.3252949714660645,108349440
2026-01-05 21:15:00+00:00,2.3252737522125244,2.334702968597412,2.3252737522125244,2.3326940536499023,60520448
2026-01-05 21:30:00+00:00,2.3280105590820312,2.332256317138672,2.327315092086792,2.3320677280426025,88145920
2026-01-05 21:45:00+00:00,2.3318822383880615,2.3363490104675293,2.329986333847046,2.334545373916626,70722048
2026-01-05 22:00:00+00:00,2.33449125289917,2.33449125289917,2.3253417015075684,2.327707052230835,31173632
2026-01-05 22:15:00+00:00,2.3281259536743164,2.333346128463745,2.3277475833892822,2.332719564437866,57095168
2026-01-05 22:30:00+00:00,2.3316047191619873,2.3402767181396484,2.329453468322754,2.3402767181396484,60480512
2026-01-05 22:45:00+00:00,2.3371798992156982,2.33735728263855,2.3334131240844727,2.337317705154419,36130816
2026-01-05 23:00:00+00:00,2.3365848064422607,2.3466739654541016,2.335510015487671,2.3466739654541016,45723648
2026-01-05 23:15:00+00:00,2.349139451980591,2.358330726623535,2.349139451980591,2.3541617393493652,126391808
2026-01-05 23:30:00+00:00,2.3576583862304688,2.3597986698150635,2.3542518615722656,2.3575565814971924,76399104
2026-01-05 23:45:00+00:00,2.357809543609619,2.3592655658721924,2.3483290672302246,2.3483290672302246,47752192
2026-01-06 00:00:00+00:00,2.348585844039917,2.356355667114258,2.332653045654297,2.332653045654297,54404096
2026-01-06 00:15:00+00:00,2.3312907218933105,2.345736026763916,2.3216168880462646,2.345736026763916,126616064
2026-01-06 00:30:00+00:00,2.3453006744384766,2.353933334350586,2.3383352756500244,2.340785026550293,73751040
2026-01-06 00:45:00+00:00,2.343101978302002,2.3622701168060303,2.343101978302002,2.3622701168060303,65513984
2026-01-06 01:00:00+00:00,2.369873285293579,2.3809406757354736,2.369873285293579,2.374171733856201,68913152
2026-01-06 01:15:00+00:00,2.375544309616089,2.387805938720703,2.375544309616089,2.3851349353790283,66923008
2026-01-06 01:30:00+00:00,2.386997699737549,2.395707368850708,2.373112678527832,2.373974323272705,51324416
2026-01-06 01:45:00+00:00,2.373032808303833,2.373032808303833,2.3659355640411377,2.3659355640411377,0
2026-01-06 02:00:00+00:00,2.367314338684082,2.3866679668426514,2.367314338684082,2.383044958114624,14294528
2026-01-06 02:15:00+00:00,2.3844804763793945,2.4101483821868896,2.383718490600586,2.4101483821868896,73783296
2026-01-06 02:30:00+00:00,2.4071383476257324,2.4071383476257324,2.3973851203918457,2.4022722244262695,57841152
2026-01-06 02:45:00+00:00,2.4007251262664795,2.4007251262664795,2.3887972831726074,2.3923234939575195,35427840
2026-01-06 03:00:00+00:00,2.3922595977783203,2.3949830532073975,2.3904614448547363,2.3933145999908447,19967488
2026-01-06 03:15:00+00:00,2.3941924571990967,2.3966543674468994,2.389326810836792,2.389326810836792,22377984
2026-01-06 03:30:00+00:00,2.3897175788879395,2.391181230545044,2.3888931274414062,2.390735387802124,19861504
2026-01-06 03:45:00+00:00,2.390716314315796,2.3914284706115723,2.3840537071228027,2.384232997894287,25457152
2026-01-06 04:00:00+00:00,2.3849081993103027,2.3853776454925537,2.375770330429077,2.377232551574707,15693824
2026-01-06 04:15:00+00:00,2.377501964569092,2.380524158477783,2.3713600635528564,2.3713600635528564,18643456
2026-01-06 04:30:00+00:00,2.3694870471954346,2.3869881629943848,2.3694870471954346,2.3869881629943848,40516608
2026-01-06 04:45:00+00:00,2.389660120010376,2.389660120010376,2.387829542160034,2.3884201049804688,21462528
2026-01-06 05:00:00+00:00,2.3881418704986572,2.4000167846679688,2.3881418704986572,2.4000167846679688,88073216
2026-01-06 05:15:00+00:00,2.4018332958221436,2.4018332958221436,2.3948471546173096,2.3948471546173096,36431360
2026-01-06 05:30:00+00:00,2.394535779953003,2.394535779953003,2.3920247554779053,2.3933277130126953,21671936
2026-01-06 05:45:00+00:00,2.3934121131896973,2.3934121131896973,2.3854143619537354,2.387352466583252,27723776
2026-01-06 06:00:00+00:00,2.3872718811035156,2.3952972888946533,2.3872718811035156,2.391336679458618,45146624
2026-01-06 06:15:00+00:00,2.393198251724243,2.393198251724243,2.3766896724700928,2.3783769607543945,27958272
2026-01-06 06:30:00+00:00,2.381847620010376,2.381847620010376,2.377610921859741,2.381112575531006,21701120
2026-01-06 06:45:00+00:00,2.382204055786133,2.383803129196167,2.3782198429107666,2.3782198429107666,36197376
2026-01-06 07:00:00+00:00,2.377983570098877,2.377983570098877,2.3726274967193604,2.3729472160339355,17801728
2026-01-06 07:15:00+00:00,2.373802423477173,2.373802423477173,2.355895757675171,2.355895757675171,58423296
2026-01-06 07:30:00+00:00,2.3560171127319336,2.3560171127319336,2.3399155139923096,2.3399155139923096,98482688
2026-01-06 07:45:00+00:00,2.3395895957946777,2.3395895957946777,2.3270585536956787,2.3308794498443604,109434368
2026-01-06 08:00:00+00:00,2.3309836387634277,2.3422329425811768,2.329411029815674,2.3422329425811768,60352000
2026-01-06 08:15:00+00:00,2.3406660556793213,2.3406660556793213,2.3369736671447754,2.338653087615967,18105856
2026-01-06 08:30:00+00:00,2.338125705718994,2.339313507080078,2.336435317993164,2.336904287338257,4918272
2026-01-06 08:45:00+00:00,2.3353323936462402,2.3357765674591064,2.3302576541900635,2.3357765674591064,31604736
2026-01-06 09:00:00+00:00,2.3334734439849854,2.3450980186462402,2.3334734439849854,2.3423478603363037,17936896
2026-01-06 09:15:00+00:00,2.3412716388702393,2.343863010406494,2.3392937183380127,2.3436713218688965,8475648
2026-01-06 09:30:00+00:00,2.3437137603759766,2.344130277633667,2.3401072025299072,2.344130277633667,3874816
2026-01-06 09:45:00+00:00,2.3443634510040283,2.3536555767059326,2.3443634510040283,2.3533148765563965,40663552
2026-01-06 10:00:00+00:00,2.353062868118286,2.353062868118286,2.348520278930664,2.3520209789276123,3910656
2026-01-06 10:15:00+00:00,2.353729009628296,2.353729009628296,2.34891676902771,2.34891676902771,4896768
2026-01-06 10:30:00+00:00,2.348877429962158,2.3552722930908203,2.348877429962158,2.354459762573242,2859520
2026-01-06 10:45:00+00:00,2.355750799179077,2.3613901138305664,2.355750799179077,2.360487461090088,16508416
2026-01-06 11:00:00+00:00,2.360111951828003,2.364514112472534,2.35982084274292,2.364514112472534,14020608
2026-01-06 11:15:00+00:00,2.367971181869507,2.367971181869507,2.3641836643218994,2.3641836643218994,20020736
2026-01-06 11:30:00+00:00,2.3643200397491455,2.3722052574157715,2.3643200397491455,2.371737003326416,38479872
2026-01-06 11:45:00+00:00,2.3716835975646973,2.3727869987487793,2.3716835975646973,2.3720436096191406,34822144
2026-01-06 12:00:00+00:00,2.374333381652832,2.3905587196350098,2.374333381652832,2.3882923126220703,69990400
2026-01-06 12:15:00+00:00,2.3856427669525146,2.3868789672851562,2.3828229904174805,2.3832883834838867,15563776
2026-01-06 12:30:00+00:00,2.384331703186035,2.384331703186035,2.3710525035858154,2.3710525035858154,23159808
2026-01-06 12:45:00+00:00,2.370465040206909,2.375141143798828,2.370465040206909,2.375141143798828,24110080
2026-01-06 13:00:00+00:00,2.3726775646209717,2.372981548309326,2.368950843811035,2.3707635402679443,17598464
2026-01-06 13:15:00+00:00,2.372405767440796,2.373448610305786,2.370037078857422,2.370600938796997,20357120
2026-01-06 13:30:00+00:00,2.3705835342407227,2.371924877166748,2.3700385093688965,2.3705081939697266,2940416
2026-01-06 13:45:00+00:00,2.3703389167785645,2.3729546070098877,2.369798421859741,2.3729546070098877,10096640
2026-01-06 14:00:00+00:00,2.3727669715881348,2.378419876098633,2.3710994720458984,2.378419876098633,13091328
2026-01-06 14:15:00+00:00,2.384220600128174,2.3881804943084717,2.384220600128174,2.3879294395446777,101890560
2026-01-06 14:30:00+00:00,2.388162136077881,2.388162136077881,2.3837764263153076,2.3837764263153076,34170880
2026-01-06 14:45:00+00:00,2.3818440437316895,2.38623309135437,2.3739218711853027,2.375563144683838,26849792
2026-01-06 15:00:00+00:00,2.378659963607788,2.379448890686035,2.377448081970215,2.379120111465454,3986432
2026-01-06 15:15:00+00:00,2.381802558898926,2.387996196746826,2.381802558898926,2.3877246379852295,8340480
2026-01-06 15:30:00+00:00,2.3857333660125732,2.3857333660125732,2.345578193664551,2.345578193664551,21972992
2026-01-06 15:45:00+00:00,2.343750476837158,2.3482158184051514,2.3387398719787598,2.339524507522583,53238784
2026-01-06 16:00:00+00:00,2.345698595046997,2.3503618240356445,2.3366682529449463,2.337315082550049,16624128
2026-01-06 16:15:00+00:00,2.33598256111145,2.3365674018859863,2.302290201187134,2.302290201187134,95775232
2026-01-06 16:30:00+00:00,2.3016035556793213,2.3016035556793213,2.2900617122650146,2.2900617122650146,139968000
2026-01-06 16:45:00+00:00,2.2792444229125977,2.28948974609375,2.271742343902588,2.283137321472168,141953536
2026-01-06 17:00:00+00:00,2.28263521194458,2.28263521194458,2.278052806854248,2.2791850566864014,43713536
2026-01-06 17:15:00+00:00,2.2788476943969727,2.2788476943969727,2.27255916595459,2.275623321533203,15874048
2026-01-06 17:30:00+00:00,2.2752068042755127,2.285191059112549,2.270941734313965,2.270941734313965,20945920
2026-01-06 17:45:00+00:00,2.2688350677490234,2.2688350677490234,2.2185187339782715,2.2185187339782715,272152576
2026-01-06 18:00:00+00:00,2.2157607078552246,2.2419164180755615,2.213348627090454,2.2419164180755615,102051840
2026-01-06 18:15:00+00:00,2.24162220954895,2.2444980144500732,2.2402760982513428,2.2444980144500732,3567616
2026-01-06 18:30:00+00:00,2.248976469039917,2.248976469039917,2.2437214851379395,2.2437214851379395,0
2026-01-06 18:45:00+00:00,2.2451186180114746,2.246927261352539,2.242967128753662,2.2431695461273193,0
2026-01-06 19:00:00+00:00,2.243579864501953,2.2502756118774414,2.243579864501953,2.2502756118774414,0
2026-01-06 19:15:00+00:00,2.2510695457458496,2.253549575805664,2.2404093742370605,2.2404093742370605,0
2026-01-06 19:30:00+00:00,2.2403829097747803,2.2432992458343506,2.232032060623169,2.232032060623169,0
2026-01-06 19:45:00+00:00,2.231870412826538,2.2324111461639404,2.225846290588379,2.2274231910705566,0
2026-01-06 20:00:00+00:00,2.227635145187378,2.2510480880737305,2.227635145187378,2.2510480880737305,0
2026-01-06 20:15:00+00:00,2.2509512901306152,2.262277126312256,2.2508633136749268,2.262277126312256,0
2026-01-06 20:30:00+00:00,2.261622428894043,2.2636523246765137,2.2611660957336426,2.262838840484619,0
2026-01-06 20:45:00+00:00,2.26309871673584,2.26309871673584,2.257230758666992,2.2599897384643555,0
2026-01-06 21:00:00+00:00,2.2587366104125977,2.260601282119751,2.252135992050171,2.2590622901916504,0
2026-01-06 21:15:00+00:00,2.2599990367889404,2.2761001586914062,2.2599990367889404,2.2748382091522217,47862784
2026-01-06 21:30:00+00:00,2.278364658355713,2.2871253490448,2.278364658355713,2.283747911453247,10918912
2026-01-06 21:45:00+00:00,2.2854933738708496,2.2854933738708496,2.2781362533569336,2.283454179763794,7426048
2026-01-06 22:00:00+00:00,2.2832019329071045,2.28588604927063,2.2821102142333984,2.2822163105010986,6811136
2026-01-06 22:15:00+00:00,2.2815704345703125,2.2815704345703125,2.2775774002075195,2.281104564666748,0
2026-01-06 22:30:00+00:00,2.282292366027832,2.286933660507202,2.282292366027832,2.286933660507202,0
2026-01-06 22:45:00+00:00,2.288931131362915,2.293123483657837,2.288931131362915,2.2910401821136475,2919936
2026-01-06 23:00:00+00:00,2.290895700454712,2.2956862449645996,2.290895700454712,2.2956862449645996,1832960
2026-01-06 23:15:00+00:00,2.297152042388916,2.301917314529419,2.297060966491699,2.299105644226074,0
2026-01-06 23:30:00+00:00,2.2994329929351807,2.3032126426696777,2.2994329929351807,2.301194667816162,0
2026-01-06 23:45:00+00:00,2.301149606704712,2.307774782180786,2.301149606704712,2.307774782180786,12980736
2026-01-07 00:00:00+00:00,2.3042476177215576,2.3054699897766113,2.3009963035583496,2.3054699897766113,0
2026-01-07 00:15:00+00:00,2.3058648109436035,2.316556215286255,2.3058648109436035,2.315394401550293,0
2026-01-07 00:30:00+00:00,2.314967393875122,2.314967393875122,2.305065870285034,2.305065870285034,0
2026-01-07 00:45:00+00:00,2.3046536445617676,2.3046536445617676,2.291027307510376,2.291027307510376,0
2026-01-07 01:00:00+00:00,2.2898988723754883,2.2898988723754883,2.281486749649048,2.281486749649048,0
2026-01-07 01:15:00+00:00,2.275965690612793,2.275965690612793,2.260403871536255,2.270765781402588,517632
2026-01-07 01:30:00+00:00,2.267686605453491,2.267686605453491,2.258385419845581,2.2600491046905518,0
2026-01-07 01:45:00+00:00,2.260180711746216,2.2632315158843994,2.2594223022460938,2.2632150650024414,0
2026-01-07 02:00:00+00:00,2.264416456222534,2.2707879543304443,2.2615442276000977,2.2707879543304443,0
2026-01-07 02:15:00+00:00,2.2711257934570312,2.2711257934570312,2.262948513031006,2.2649667263031006,0
2026-01-07 02:30:00+00:00,2.261639356613159,2.2665483951568604,2.261139154434204,2.2665483951568604,0
2026-01-07 02:45:00+00:00,2.2685444355010986,2.275230884552002,2.268312692642212,2.275230884552002,0
2026-01-07 03:00:00+00:00,2.274956703186035,2.2749714851379395,2.2711753845214844,2.271597385406494,0
2026-01-07 03:15:00+00:00,2.2713706493377686,2.278441905975342,2.2703680992126465,2.2762279510498047,0
2026-01-07 03:30:00+00:00,2.276047945022583,2.276047945022583,2.262573480606079,2.262573480606079,0
2026-01-07 03:45:00+00:00,2.2627274990081787,2.263868570327759,2.2623682022094727,2.2638537883758545,0
2026-01-07 04:00:00+00:00,2.2639639377593994,2.2703633308410645,2.2639639377593994,2.2690811157226562,0
2026-01-07 04:15:00+00:00,2.268664836883545,2.268664836883545,2.2654874324798584,2.265510082244873,0
2026-01-07 04:30:00+00:00,2.2659835815429688,2.267124652862549,2.262042760848999,2.2621896266937256,0
2026-01-07 04:45:00+00:00,2.2641594409942627,2.2641594409942627,2.257655143737793,2.257655143737793,0
2026-01-07 05:00:00+00:00,2.25797963142395,2.25797963142395,2.252209424972534,2.252209424972534,0
2026-01-07 05:15:00+00:00,2.255115509033203,2.2567684650421143,2.2508084774017334,2.2508084774017334,0
2026-01-07 05:30:00+00:00,2.2509121894836426,2.2606284618377686,2.2496862411499023,2.2606284618377686,14349312
2026-01-07 05:45:00+00:00,2.260512590408325,2.260512590408325,2.250314950942993,2.250711441040039,0
2026-01-07 06:00:00+00:00,2.2507083415985107,2.2567074298858643,2.2507083415985107,2.2567074298858643,0
2026-01-07 06:15:00+00:00,2.257065534591675,2.2610812187194824,2.257065534591675,2.2610812187194824,0
2026-01-07 06:30:00+00:00,2.262402057647705,2.2640669345855713,2.259694814682007,2.26017165184021,0
2026-01-07 06:45:00+00:00,2.259880304336548,2.2600579261779785,2.2586379051208496,2.259596586227417,0
2026-01-07 07:00:00+00:00,2.2623891830444336,2.2736988067626953,2.2623891830444336,2.271763324737549,2872320
2026-01-07 07:15:00+00:00,2.2716004848480225,2.2752721309661865,2.2716004848480225,2.2752721309661865,0
2026-01-07 07:30:00+00:00,2.2753334045410156,2.282606840133667,2.275285243988037,2.282606840133667,0
2026-01-07 07:45:00+00:00,2.2816219329833984,2.2816219329833984,2.275071382522583,2.275883197784424,0
2026-01-07 08:00:00+00:00,2.277519464492798,2.2818241119384766,2.277519464492798,2.281283140182495,0
2026-01-07 08:15:00+00:00,2.2812886238098145,2.281729221343994,2.2762258052825928,2.276702880859375,0
2026-01-07 08:30:00+00:00,2.277987480163574,2.2833497524261475,2.277987480163574,2.279146671295166,340480
2026-01-07 08:45:00+00:00,2.2796919345855713,2.2853033542633057,2.2796919345855713,2.28462290763855,0
2026-01-07 09:00:00+00:00,2.281770944595337,2.2821390628814697,2.2690372467041016,2.2690372467041016,0
2026-01-07 09:15:00+00:00,2.2688674926757812,2.2688674926757812,2.2560372352600098,2.2560372352600098,6660608
2026-01-07 09:30:00+00:00,2.2558114528656006,2.2558114528656006,2.2381696701049805,2.2381696701049805,31529984
2026-01-07 09:45:00+00:00,2.2381739616394043,2.240959882736206,2.234264373779297,2.2404019832611084,20761600
2026-01-07 10:00:00+00:00,2.2391250133514404,2.2414116859436035,2.2376909255981445,2.2414116859436035,8626688
2026-01-07 10:15:00+00:00,2.240997791290283,2.2411909103393555,2.238053321838379,2.238224983215332,3068928
2026-01-07 10:30:00+00:00,2.2380757331848145,2.247918128967285,2.2380757331848145,2.247918128967285,7215616
2026-01-07 10:45:00+00:00,2.2477989196777344,2.249495267868042,2.245452642440796,2.245553731918335,2960896
2026-01-07 11:00:00+00:00,2.2468769550323486,2.2525579929351807,2.2468769550323486,2.2511818408966064,0
2026-01-07 11:15:00+00:00,2.2516932487487793,2.252124547958374,2.250286817550659,2.251471757888794,0
2026-01-07 11:30:00+00:00,2.251549005508423,2.2533552646636963,2.2507708072662354,2.2522737979888916,0
2026-01-07 11:45:00+00:00,2.251814842224121,2.251814842224121,2.2466115951538086,2.249915599822998,0
2026-01-07 12:00:00+00:00,2.249479055404663,2.249479055404663,2.2467141151428223,2.248992443084717,0
2026-01-07 12:15:00+00:00,2.2481226921081543,2.252354383468628,2.2469210624694824,2.2469210624694824,0
2026-01-07 12:30:00+00:00,2.2469379901885986,2.24721622467041,2.2437100410461426,2.2437100410461426,0
2026-01-07 12:45:00+00:00,2.2445855140686035,2.2477569580078125,2.2445855140686035,2.2467284202575684,0
2026-01-07 13:00:00+00:00,2.2470507621765137,2.2470507621765137,2.239569902420044,2.239569902420044,0
2026-01-07 13:15:00+00:00,2.238298177719116,2.2509477138519287,2.238298177719116,2.2505979537963867,227840
2026-01-07 13:30:00+00:00,2.250711441040039,2.250711441040039,2.2482948303222656,2.2500407695770264,5269504
2026-01-07 13:45:00+00:00,2.2500524520874023,2.2500524520874023,2.2425403594970703,2.2425403594970703,1524224
2026-01-07 14:00:00+00:00,2.242466926574707,2.242466926574707,2.2231054306030273,2.2231054306030273,10294784
2026-01-07 14:15:00+00:00,2.223453998565674,2.223627805709839,2.212488889694214,2.212488889694214,0
2026-01-07 14:30:00+00:00,2.212874412536621,2.2305662631988525,2.2119221687316895,2.2305662631988525,35341824
2026-01-07 14:45:00+00:00,2.2296302318573,2.229753017425537,2.2255730628967285,2.2297089099884033,0
2026-01-07 15:00:00+00:00,2.2278220653533936,2.2278220653533936,2.2105143070220947,2.2105143070220947,12007424
2026-01-07 15:15:00+00:00,2.2073802947998047,2.2073802947998047,2.1874523162841797,2.190279722213745,83422208
2026-01-07 15:30:00+00:00,2.1909873485565186,2.1979734897613525,2.1909372806549072,2.1973867416381836,13165056
2026-01-07 15:45:00+00:00,2.197219133377075,2.1981594562530518,2.19267201423645,2.19267201423645,0
2026-01-07 16:00:00+00:00,2.1941158771514893,2.2084298133850098,2.1941158771514893,2.2084298133850098,0
2026-01-07 16:15:00+00:00,2.208453416824341,2.217369556427002,2.208453416824341,2.2139649391174316,0
2026-01-07 16:30:00+00:00,2.213284730911255,2.213284730911255,2.204332113265991,2.2072086334228516,0
2026-01-07 16:45:00+00:00,2.2087883949279785,2.2115771770477295,2.202684164047241,2.202684164047241,0
2026-01-07 17:00:00+00:00,2.20121431350708,2.20121431350708,2.1967275142669678,2.1967275142669678,0
2026-01-07 17:15:00+00:00,2.1966426372528076,2.206483840942383,2.1962246894836426,2.206421375274658,0
2026-01-07 17:30:00+00:00,2.205777168273926,2.2061853408813477,2.201986312866211,2.201986312866211,0
2026-01-07 17:45:00+00:00,2.2023403644561768,2.2023403644561768,2.191324234008789,2.191920042037964,0
2026-01-07 18:00:00+00:00,2.1919105052948,2.193331718444824,2.190995216369629,2.191190481185913,0
2026-01-07 18:15:00+00:00,2.1909806728363037,2.1925888061523438,2.1901440620422363,2.1912264823913574,0
2026-01-07 18:30:00+00:00,2.1914212703704834,2.19987416267395,2.1914212703704834,2.195988178253174,6144000
2026-01-07 18:45:00+00:00,2.194911479949951,2.194911479949951,2.184560537338257,2.1848304271698,0
2026-01-07 19:00:00+00:00,2.1868960857391357,2.1902952194213867,2.183251142501831,2.183251142501831,5747712
2026-01-07 19:15:00+00:00,2.1833744049072266,2.1833744049072266,2.1724021434783936,2.1724328994750977,13771776
2026-01-07 19:30:00+00:00,2.1762731075286865,2.191328525543213,2.1762731075286865,2.1897857189178467,13045760
2026-01-07 19:45:00+00:00,2.189553737640381,2.194817304611206,2.189491033554077,2.194657564163208,0
2026-01-07 20:00:00+00:00,2.193697452545166,2.1940698623657227,2.1917483806610107,2.1917483806610107,0
2026-01-07 20:15:00+00:00,2.190295457839966,2.190295457839966,2.1777727603912354,2.1780879497528076,0
2026-01-07 20:30:00+00:00,2.1783363819122314,2.182112693786621,2.1780014038085938,2.179772138595581,0
2026-01-07 20:45:00+00:00,2.178640127182007,2.178640127182007,2.173210382461548,2.177816152572632,5125120
2026-01-07 21:00:00+00:00,2.1750874519348145,2.175565719604492,2.172409772872925,2.175475835800171,0
2026-01-07 21:15:00+00:00,2.1792383193969727,2.179525375366211,2.176877021789551,2.179525375366211,0
2026-01-07 21:30:00+00:00,2.1817071437835693,2.182284116744995,2.1790034770965576,2.1815903186798096,0
2026-01-07 21:45:00+00:00,2.18160343170166,2.18160343170166,2.1780872344970703,2.178169012069702,0
2026-01-07 22:00:00+00:00,2.1782002449035645,2.1799569129943848,2.1748905181884766,2.1799569129943848,0
2026-01-07 22:15:00+00:00,2.1793506145477295,2.179896354675293,2.177443504333496,2.1779394149780273,0
2026-01-07 22:30:00+00:00,2.1781253814697266,2.184499502182007,2.1781253814697266,2.1806693077087402,1943552
2026-01-07 22:45:00+00:00,2.180457830429077,2.180457830429077,2.1710424423217773,2.1710424423217773,6687744
2026-01-07 23:00:00+00:00,2.168870687484741,2.168870687484741,2.156625747680664,2.1627180576324463,30921984
2026-01-07 23:15:00+00:00,2.162949800491333,2.175124168395996,2.162949800491333,2.1741793155670166,12437760
2026-01-07 23:30:00+00:00,2.17406964302063,2.174351930618286,2.1703085899353027,2.1703085899353027,0
2026-01-07 23:45:00+00:00,2.1673262119293213,2.1673262119293213,2.1648166179656982,2.1673033237457275,0
2026-01-08 00:00:00+00:00,2.16668438911438,2.16668438911438,2.1622371673583984,2.1634581089019775,262656
2026-01-08 00:15:00+00:00,2.162954330444336,2.162954330444336,2.152369260787964,2.152369260787964,11213312
2026-01-08 00:30:00+00:00,2.1523704528808594,2.1523704528808594,2.1497433185577393,2.151395559310913,0
2026-01-08 00:45:00+00:00,2.1524784564971924,2.169113874435425,2.1524784564971924,2.169113874435425,7918848
2026-01-08 01:00:00+00:00,2.168850898742676,2.1748464107513428,2.1685972213745117,2.1748464107513428,0
2026-01-08 01:15:00+00:00,2.1748032569885254,2.1791677474975586,2.1706929206848145,2.1791677474975586,0
2026-01-08 01:30:00+00:00,2.179960012435913,2.185208320617676,2.179960012435913,2.185208320617676,0
2026-01-08 01:45:00+00:00,2.1855273246765137,2.186174154281616,2.1824252605438232,2.1824252605438232,0
2026-01-08 02:00:00+00:00,2.180567741394043,2.180567741394043,2.1738176345825195,2.1757938861846924,14601728
2026-01-08 02:15:00+00:00,2.1768999099731445,2.1854162216186523,2.1749701499938965,2.1749701499938965,23801088
2026-01-08 02:30:00+00:00,2.1747052669525146,2.1747052669525146,2.1614270210266113,2.163159132003784,16250112
2026-01-08 02:45:00+00:00,2.1635236740112305,2.165550708770752,2.1613922119140625,2.1647627353668213,8943104
2026-01-08 03:00:00+00:00,2.1648919582366943,2.1707417964935303,2.1648919582366943,2.170539617538452,8574208
2026-01-08 03:15:00+00:00,2.1699116230010986,2.1699116230010986,2.160785436630249,2.160785436630249,4054784
2026-01-08 03:30:00+00:00,2.1605679988861084,2.1616711616516113,2.1570093631744385,2.1570093631744385,7508736
2026-01-08 03:45:00+00:00,2.1498756408691406,2.1501243114471436,2.147521734237671,2.147646427154541,25175040
2026-01-08 04:00:00+00:00,2.1489145755767822,2.154310941696167,2.1482834815979004,2.1504898071289062,8432128
2026-01-08 04:15:00+00:00,2.151585817337036,2.160526752471924,2.150745153427124,2.160498857498169,9572864
2026-01-08 04:30:00+00:00,2.1606945991516113,2.1669604778289795,2.1606945991516113,2.1632421016693115,4668160
2026-01-08 04:45:00+00:00,2.162482500076294,2.1627023220062256,2.15946364402771,2.1602537631988525,0
2026-01-08 05:00:00+00:00,2.1606013774871826,2.1619679927825928,2.1591062545776367,2.1607401371002197,0
2026-01-08 05:15:00+00:00,2.1601383686065674,2.160322427749634,2.155745267868042,2.155745267868042,0
2026-01-08 05:30:00+00:00,2.155325412750244,2.155325412750244,2.1496822834014893,2.1496822834014893,0
2026-01-08 05:45:00+00:00,2.1487674713134766,2.1487674713134766,2.1399245262145996,2.140033483505249,6806784
2026-01-08 06:00:00+00:00,2.140375852584839,2.1417887210845947,2.128052234649658,2.1284232139587402,33877504
2026-01-08 06:15:00+00:00,2.1283671855926514,2.1283671855926514,2.122842788696289,2.123722791671753,63566336
2026-01-08 06:30:00+00:00,2.1256864070892334,2.129300594329834,2.1256864070892334,2.1292226314544678,29445632
2026-01-08 06:45:00+00:00,2.128993272781372,2.128993272781372,2.111257553100586,2.111257553100586,53385216
2026-01-08 07:00:00+00:00,2.110139846801758,2.1114470958709717,2.1027274131774902,2.1114470958709717,90228480
2026-01-08 07:15:00+00:00,2.111239194869995,2.111239194869995,2.109508514404297,2.110905170440674,28806912
2026-01-08 07:30:00+00:00,2.1115241050720215,2.1176974773406982,2.1115241050720215,2.114586353302002,22983424
2026-01-08 07:45:00+00:00,2.1147892475128174,2.1165969371795654,2.1128602027893066,2.1164493560791016,16923904
2026-01-08 08:00:00+00:00,2.116452217102051,2.1242215633392334,2.116452217102051,2.1242215633392334,20131072
2026-01-08 08:15:00+00:00,2.12448787689209,2.1281747817993164,2.12448787689209,2.1281747817993164,23980544
2026-01-08 08:30:00+00:00,2.128326892852783,2.128326892852783,2.116389274597168,2.116389274597168,9195008
2026-01-08 08:45:00+00:00,2.1165525913238525,2.1165525913238525,2.1084201335906982,2.1084511280059814,21504
2026-01-08 09:00:00+00:00,2.1088457107543945,2.115633487701416,2.1088457107543945,2.1144046783447266,9934080
2026-01-08 09:15:00+00:00,2.114274263381958,2.114274263381958,2.1001546382904053,2.100308656692505,7145472
2026-01-08 09:30:00+00:00,2.1002867221832275,2.104449987411499,2.1002867221832275,2.1018309593200684,0
2026-01-08 09:45:00+00:00,2.1018192768096924,2.1048898696899414,2.097321033477783,2.097321033477783,0
2026-01-08 10:00:00+00:00,2.0974435806274414,2.0974435806274414,2.085888624191284,2.088261842727661,30904576
2026-01-08 10:15:00+00:00,2.0895419120788574,2.101290225982666,2.0895419120788574,2.1012189388275146,27201536
2026-01-08 10:30:00+00:00,2.100968837738037,2.100968837738037,2.097594976425171,2.097820281982422,5745152
2026-01-08 10:45:00+00:00,2.097766160964966,2.1031601428985596,2.097766160964966,2.103053569793701,17718784
2026-01-08 11:00:00+00:00,2.1024606227874756,2.1024606227874756,2.0929431915283203,2.0931599140167236,5813760
2026-01-08 11:15:00+00:00,2.092977285385132,2.0942840576171875,2.089210033416748,2.09270977973938,31386624
2026-01-08 11:30:00+00:00,2.093027353286743,2.093970775604248,2.0830934047698975,2.0844380855560303,36286976
2026-01-08 11:45:00+00:00,2.0834898948669434,2.0882394313812256,2.0819101333618164,2.087944269180298,22586368
2026-01-08 12:00:00+00:00,2.0885941982269287,2.08889102935791,2.0737719535827637,2.0761234760284424,26052608
2026-01-08 12:15:00+00:00,2.0759098529815674,2.0829453468322754,2.0759098529815674,2.0822508335113525,28447744
2026-01-08 12:30:00+00:00,2.082286834716797,2.082286834716797,2.0746023654937744,2.0748744010925293,22249472
2026-01-08 12:45:00+00:00,2.075188398361206,2.075681686401367,2.0728108882904053,2.075481414794922,17858048
2026-01-08 13:00:00+00:00,2.075664758682251,2.0820279121398926,2.075664758682251,2.0820279121398926,5313024
2026-01-08 13:15:00+00:00,2.0815916061401367,2.0861945152282715,2.0808427333831787,2.0861945152282715,2665472
2026-01-08 13:30:00+00:00,2.086319923400879,2.089008331298828,2.084303379058838,2.086942434310913,10912768
2026-01-08 13:45:00+00:00,2.086932897567749,2.087348222732544,2.084409236907959,2.0855612754821777,2417152
2026-01-08 14:00:00+00:00,2.0856807231903076,2.08642840385437,2.083287477493286,2.08642840385437,0
2026-01-08 14:15:00+00:00,2.085979461669922,2.085979461669922,2.073538303375244,2.073538303375244,0
2026-01-08 14:30:00+00:00,2.074183225631714,2.0819597244262695,2.0737175941467285,2.074345350265503,20663296
2026-01-08 14:45:00+00:00,2.073820114135742,2.0920660495758057,2.0660769939422607,2.086351156234741,141032448
2026-01-08 15:00:00+00:00,2.086468458175659,2.091939687728882,2.077526807785034,2.091939687728882,46465536
2026-01-08 15:15:00+00:00,2.0921127796173096,2.1098310947418213,2.0921127796173096,2.1098310947418213,9534464
2026-01-08 15:30:00+00:00,2.1094143390655518,2.112318754196167,2.104063034057617,2.112318754196167,588288
2026-01-08 15:45:00+00:00,2.1116087436676025,2.1144044399261475,2.1070618629455566,2.1144044399261475,9910272
2026-01-08 16:00:00+00:00,2.1160669326782227,2.131654977798462,2.1160669326782227,2.127178192138672,54882304
2026-01-08 16:15:00+00:00,2.1266555786132812,2.1266555786132812,2.1151952743530273,2.1235451698303223,34162176
2026-01-08 16:30:00+00:00,2.124224901199341,2.1248183250427246,2.11667537689209,2.1223533153533936,23710720
2026-01-08 16:45:00+00:00,2.122281312942505,2.139737844467163,2.122281312942505,2.139737844467163,57746432
2026-01-08 17:00:00+00:00,2.1401355266571045,2.151780605316162,2.1401355266571045,2.151254653930664,44361216
2026-01-08 17:15:00+00:00,2.151111364364624,2.151111364364624,2.143606424331665,2.143606424331665,18002432
2026-01-08 17:30:00+00:00,2.1423609256744385,2.1480326652526855,2.1399199962615967,2.1480162143707275,23006208
2026-01-08 17:45:00+00:00,2.149095296859741,2.1618471145629883,2.1490249633789062,2.161681652069092,30829568
2026-01-08 18:00:00+00:00,2.1617610454559326,2.1621322631835938,2.1524951457977295,2.1524951457977295,17061888
2026-01-08 18:15:00+00:00,2.1520369052886963,2.1520369052886963,2.1413044929504395,2.1414105892181396,9824256
2026-01-08 18:30:00+00:00,2.1415112018585205,2.142637014389038,2.126838445663452,2.127746343612671,13764608
2026-01-08 18:45:00+00:00,2.1291327476501465,2.1366329193115234,2.1291327476501465,2.134552001953125,12298240
2026-01-08 19:00:00+00:00,2.134652614593506,2.1429455280303955,2.134652614593506,2.1429085731506348,4762624
2026-01-08 19:15:00+00:00,2.1426095962524414,2.1426095962524414,2.137349843978882,2.1375832557678223,0
2026-01-08 19:30:00+00:00,2.1375935077667236,2.146721601486206,2.1375935077667236,2.1429784297943115,0
2026-01-08 19:45:00+00:00,2.1411170959472656,2.1416361331939697,2.1352033615112305,2.135460376739502,651264
2026-01-08 20:00:00+00:00,2.135685920715332,2.135685920715332,2.1184818744659424,2.1194698810577393,7656448
2026-01-08 20:15:00+00:00,2.119333505630493,2.119425058364868,2.1158132553100586,2.115957260131836,2463744
2026-01-08 20:30:00+00:00,2.1163313388824463,2.1250593662261963,2.1163313388824463,2.1242101192474365,8077824
2026-01-08 20:45:00+00:00,2.123793125152588,2.129892110824585,2.123793125152588,2.1295735836029053,212992
2026-01-08 21:00:00+00:00,2.127694845199585,2.129446029663086,2.1249940395355225,2.1293842792510986,0
2026-01-08 21:15:00+00:00,2.1292550563812256,2.1299448013305664,2.127139091491699,2.127187967300415,6767616
2026-01-08 21:30:00+00:00,2.127002477645874,2.1409406661987305,2.1269562244415283,2.1398274898529053,21063680
2026-01-08 21:45:00+00:00,2.137680768966675,2.1396119594573975,2.1356096267700195,2.1396119594573975,10560000
2026-01-08 22:00:00+00:00,2.1390488147735596,2.1400809288024902,2.1371042728424072,2.1394202709198,3885056
2026-01-08 22:15:00+00:00,2.139244318008423,2.1408770084381104,2.1356024742126465,2.1356024742126465,2832384
2026-01-08 22:30:00+00:00,2.136242628097534,2.1368675231933594,2.1239724159240723,2.1249918937683105,4055552
2026-01-08 22:45:00+00:00,2.1248443126678467,2.1312813758850098,2.1248443126678467,2.1312813758850098,0
2026-01-08 23:00:00+00:00,2.1311757564544678,2.1327850818634033,2.1302285194396973,2.1302285194396973,0
2026-01-08 23:15:00+00:00,2.129420518875122,2.1296603679656982,2.1273324489593506,2.129477024078369,5665792
2026-01-08 23:30:00+00:00,2.12957501411438,2.130323886871338,2.126757860183716,2.126757860183716,0
2026-01-08 23:45:00+00:00,2.126737117767334,2.126737117767334,2.122422456741333,2.122422456741333,0
2026-01-09 00:00:00+00:00,2.121964931488037,2.1232478618621826,2.121293067932129,2.1224522590637207,0
2026-01-09 00:15:00+00:00,2.1224377155303955,2.1251299381256104,2.1221201419830322,2.124130964279175,0
2026-01-09 00:30:00+00:00,2.1239569187164307,2.1300275325775146,2.123652696609497,2.1300275325775146,0
2026-01-09 00:45:00+00:00,2.1307919025421143,2.134000778198242,2.1307919025421143,2.1316561698913574,0
2026-01-09 01:00:00+00:00,2.1314220428466797,2.1314220428466797,2.1292004585266113,2.1292872428894043,0
2026-01-09 01:15:00+00:00,2.129723072052002,2.131094217300415,2.1238646507263184,2.1238646507263184,652288
2026-01-09 01:30:00+00:00,2.127030372619629,2.1359965801239014,2.115272283554077,2.115272283554077,30706688
2026-01-09 01:45:00+00:00,2.114659547805786,2.1156375408172607,2.1109955310821533,2.111433506011963,2751488
2026-01-09 02:00:00+00:00,2.1110341548919678,2.1313893795013428,2.1097323894500732,2.1313893795013428,6469632
2026-01-09 02:15:00+00:00,2.131303548812866,2.132359743118286,2.1296355724334717,2.1296355724334717,0
2026-01-09 02:30:00+00:00,2.1294822692871094,2.1294822692871094,2.1231727600097656,2.1233255863189697,0
2026-01-09 02:45:00+00:00,2.1235268115997314,2.124823570251465,2.116738796234131,2.116738796234131,0
2026-01-09 03:00:00+00:00,2.1166226863861084,2.1235005855560303,2.1163997650146484,2.123483180999756,1428992
2026-01-09 03:15:00+00:00,2.123649835586548,2.124974250793457,2.1191208362579346,2.11915922164917,753152
2026-01-09 03:30:00+00:00,2.1191728115081787,2.12367582321167,2.1173934936523438,2.12367582321167,0
2026-01-09 03:45:00+00:00,2.124067783355713,2.1316699981689453,2.124067783355713,2.1315441131591797,0
2026-01-09 04:00:00+00:00,2.1318368911743164,2.1327719688415527,2.1273434162139893,2.1273434162139893,0
2026-01-09 04:15:00+00:00,2.127210855484009,2.128751754760742,2.125950336456299,2.128751754760742,0
2026-01-09 04:30:00+00:00,2.1287648677825928,2.1301512718200684,2.1268436908721924,2.127302408218384,0
2026-01-09 04:45:00+00:00,2.1272308826446533,2.128411293029785,2.126058578491211,2.126058578491211,0
2026-01-09 05:00:00+00:00,2.125994920730591,2.130502223968506,2.125972032546997,2.1302759647369385,6906368
2026-01-09 05:15:00+00:00,2.1305503845214844,2.1305949687957764,2.1258633136749268,2.1268961429595947,2557440
2026-01-09 05:30:00+00:00,2.126842498779297,2.1301310062408447,2.126831293106079,2.13008975982666,7538176
2026-01-09 05:45:00+00:00,2.129901647567749,2.134068012237549,2.1296706199645996,2.134047269821167,0
2026-01-09 06:00:00+00:00,2.1341159343719482,2.134462356567383,2.130310535430908,2.130310535430908,0
2026-01-09 06:15:00+00:00,2.130310535430908,2.1323888301849365,2.130310535430908,2.130890369415283,0
2026-01-09 06:30:00+00:00,2.1309425830841064,2.140470266342163,2.1305532455444336,2.140470266342163,8110080
2026-01-09 06:45:00+00:00,2.1404166221618652,2.14205002784729,2.1404166221618652,2.1407270431518555,4046848
2026-01-09 07:00:00+00:00,2.140859365463257,2.140859365463257,2.135878562927246,2.1367530822753906,0
2026-01-09 07:15:00+00:00,2.136629819869995,2.136629819869995,2.134222984313965,2.134222984313965,0
2026-01-09 07:30:00+00:00,2.1344780921936035,2.134514331817627,2.130774974822998,2.1308748722076416,0
2026-01-09 07:45:00+00:00,2.1308248043060303,2.1308248043060303,2.1218080520629883,2.1218080520629883,1537024
2026-01-09 08:00:00+00:00,2.121511220932007,2.121511220932007,2.1160950660705566,2.117338180541992,8082432
2026-01-09 08:15:00+00:00,2.1171813011169434,2.1191251277923584,2.1161274909973145,2.118079423904419,0
2026-01-09 08:30:00+00:00,2.1175262928009033,2.1175262928009033,2.1036877632141113,2.103882074356079,653824
2026-01-09 08:45:00+00:00,2.1031699180603027,2.1031699180603027,2.0745742321014404,2.0789945125579834,90876416
2026-01-09 09:00:00+00:00,2.0790493488311768,2.0916554927825928,2.0790493488311768,2.090869426727295,17680640
2026-01-09 09:15:00+00:00,2.0910451412200928,2.0919084548950195,2.089838743209839,2.0919084548950195,1904128
2026-01-09 09:30:00+00:00,2.0942981243133545,2.099104642868042,2.0942981243133545,2.099104642868042,19672064
2026-01-09 09:45:00+00:00,2.098914861679077,2.099140167236328,2.0951409339904785,2.0951409339904785,0
2026-01-09 10:00:00+00:00,2.0952939987182617,2.0985255241394043,2.0928051471710205,2.0984532833099365,0
2026-01-09 10:15:00+00:00,2.0983011722564697,2.102703094482422,2.098048448562622,2.1019339561462402,0
2026-01-09 10:30:00+00:00,2.101961374282837,2.101961374282837,2.0988848209381104,2.100536584854126,0
2026-01-09 10:45:00+00:00,2.1003904342651367,2.1006288528442383,2.099543333053589,2.099543333053589,0
2026-01-09 11:00:00+00:00,2.0994842052459717,2.1009793281555176,2.0967447757720947,2.0967447757720947,0
2026-01-09 11:15:00+00:00,2.0969698429107666,2.1007814407348633,2.0969698429107666,2.1006956100463867,0
2026-01-09 11:30:00+00:00,2.1006343364715576,2.103922128677368,2.099440336227417,2.099440336227417,0
2026-01-09 11:45:00+00:00,2.0996224880218506,2.101978063583374,2.0996224880218506,2.1004157066345215,0
2026-01-09 12:00:00+00:00,2.100447654724121,2.100785255432129,2.0956735610961914,2.0956735610961914,0
2026-01-09 12:15:00+00:00,2.0953190326690674,2.0953190326690674,2.090463161468506,2.092102527618408,0
2026-01-09 12:30:00+00:00,2.092205762863159,2.093636989593506,2.0917375087738037,2.0932233333587646,0
2026-01-09 12:45:00+00:00,2.0927340984344482,2.097045421600342,2.092155933380127,2.096426248550415,0
2026-01-09 13:00:00+00:00,2.0963592529296875,2.0985829830169678,2.0930795669555664,2.0985829830169678,7818240
2026-01-09 13:15:00+00:00,2.0987424850463867,2.102548837661743,2.0987424850463867,2.102548837661743,14145536
2026-01-09 13:30:00+00:00,2.1025946140289307,2.107367753982544,2.100118637084961,2.1054224967956543,72644608
2026-01-09 13:45:00+00:00,2.1046836376190186,2.1055946350097656,2.101167678833008,2.104527235031128,11012096
2026-01-09 14:00:00+00:00,2.104262590408325,2.104262590408325,2.092233419418335,2.0927557945251465,5140480
2026-01-09 14:15:00+00:00,2.0924649238586426,2.0935311317443848,2.0908846855163574,2.091695785522461,2057728
2026-01-09 14:30:00+00:00,2.0919110774993896,2.09488844871521,2.088454008102417,2.0904040336608887,0
2026-01-09 14:45:00+00:00,2.0846898555755615,2.0884294509887695,2.0846898555755615,2.0854556560516357,0
2026-01-09 15:00:00+00:00,2.088411569595337,2.090787172317505,2.08512806892395,2.088068962097168,0
2026-01-09 15:15:00+00:00,2.0883891582489014,2.1252028942108154,2.0883891582489014,2.1252028942108154,34340608
2026-01-09 15:30:00+00:00,2.1262731552124023,2.153425455093384,2.1216981410980225,2.1235153675079346,148092672
2026-01-09 15:45:00+00:00,2.122121572494507,2.1260344982147217,2.1076719760894775,2.1100046634674072,75358976
2026-01-09 16:00:00+00:00,2.1103761196136475,2.13393235206604,2.1103761196136475,2.133852005004883,1836544
2026-01-09 16:15:00+00:00,2.1357836723327637,2.1382651329040527,2.1282835006713867,2.1282835006713867,8429568
2026-01-09 16:30:00+00:00,2.127113103866577,2.127113103866577,2.1197407245635986,2.1216437816619873,882688
2026-01-09 16:45:00+00:00,2.122580051422119,2.1313371658325195,2.122580051422119,2.130737543106079,0
2026-01-09 17:00:00+00:00,2.130061626434326,2.130061626434326,2.1183629035949707,2.1183629035949707,0
2026-01-09 17:15:00+00:00,2.118145227432251,2.118145227432251,2.1018433570861816,2.101867914199829,0
2026-01-09 17:30:00+00:00,2.101038932800293,2.101038932800293,2.0960190296173096,2.0980262756347656,8877056
2026-01-09 17:45:00+00:00,2.0971946716308594,2.1074938774108887,2.0971946716308594,2.1071183681488037,1619200
2026-01-09 18:00:00+00:00,2.1071038246154785,2.1071038246154785,2.100691556930542,2.100691556930542,0
2026-01-09 18:15:00+00:00,2.1005477905273438,2.1005477905273438,2.082258462905884,2.082258462905884,1714688
2026-01-09 18:30:00+00:00,2.0825939178466797,2.0920066833496094,2.082139492034912,2.0917274951934814,18198784
2026-01-09 18:45:00+00:00,2.0925796031951904,2.094031810760498,2.091888904571533,2.0937061309814453,0
2026-01-09 19:00:00+00:00,2.091238498687744,2.091238498687744,2.0825307369232178,2.0825307369232178,0
2026-01-09 19:15:00+00:00,2.0824661254882812,2.0824661254882812,2.0784308910369873,2.081240177154541,3185920
2026-01-09 19:30:00+00:00,2.0812528133392334,2.0834805965423584,2.0797204971313477,2.083458662033081,4791808
2026-01-09 19:45:00+00:00,2.08319091796875,2.0890285968780518,2.0830562114715576,2.083320140838623,4567808
2026-01-09 20:00:00+00:00,2.081244945526123,2.083165407180786,2.080354690551758,2.083165407180786,0
2026-01-09 20:15:00+00:00,2.083320140838623,2.086826801300049,2.083320140838623,2.086439609527588,482304
2026-01-09 20:30:00+00:00,2.086325168609619,2.08868145942688,2.0855133533477783,2.085977792739868,858112
2026-01-09 20:45:00+00:00,2.0853614807128906,2.086209297180176,2.0834503173828125,2.0858960151672363,244992
2026-01-09 21:00:00+00:00,2.0834832191467285,2.0834832191467285,2.0792410373687744,2.0805892944335938,7591168
2026-01-09 21:15:00+00:00,2.080479145050049,2.0871517658233643,2.07944393157959,2.0871517658233643,0
2026-01-09 21:30:00+00:00,2.086954116821289,2.088865280151367,2.085909843444824,2.086026906967163,577536
2026-01-09 21:45:00+00:00,2.086627960205078,2.08943510055542,2.086028575897217,2.089432716369629,0
2026-01-09 22:00:00+00:00,2.0896944999694824,2.0902233123779297,2.087219715118408,2.089261293411255,0
2026-01-09 22:15:00+00:00,2.089083671569824,2.0892114639282227,2.0870933532714844,2.087806463241577,0
2026-01-09 22:30:00+00:00,2.0893430709838867,2.0959157943725586,2.0893430709838867,2.0937888622283936,1755136
2026-01-09 22:45:00+00:00,2.0915892124176025,2.0947701930999756,2.0915639400482178,2.094433307647705,0
2026-01-09 23:00:00+00:00,2.09483003616333,2.095180034637451,2.0937483310699463,2.0937483310699463,0
2026-01-09 23:15:00+00:00,2.0937674045562744,2.093918800354004,2.091862440109253,2.0929203033447266,583424
2026-01-09 23:30:00+00:00,2.092904806137085,2.094412326812744,2.092904806137085,2.093600034713745,0
2026-01-09 23:45:00+00:00,2.0937020778656006,2.0947797298431396,2.091492176055908,2.091492176055908,0
2026-01-10 00:00:00+00:00,2.0924854278564453,2.0932724475860596,2.0919125080108643,2.0928783416748047,0
2026-01-10 00:15:00+00:00,2.092764377593994,2.092764377593994,2.0910210609436035,2.0912368297576904,2994432
2026-01-10 00:30:00+00:00,2.0913126468658447,2.0923914909362793,2.0907468795776367,2.0907468795776367,758528
2026-01-10 00:45:00+00:00,2.090747356414795,2.090747356414795,2.0880415439605713,2.0883209705352783,722688
2026-01-10 01:00:00+00:00,2.088995933532715,2.090773105621338,2.0889792442321777,2.0890743732452393,0
2026-01-10 01:15:00+00:00,2.0891823768615723,2.0912842750549316,2.0890820026397705,2.0912842750549316,0
2026-01-10 01:30:00+00:00,2.090960741043091,2.093234062194824,2.090196371078491,2.093234062194824,0
2026-01-10 01:45:00+00:00,2.093170404434204,2.0938596725463867,2.0924034118652344,2.092966079711914,0
2026-01-10 02:00:00+00:00,2.0929365158081055,2.0938563346862793,2.0929365158081055,2.0930898189544678,0
2026-01-10 02:15:00+00:00,2.093285322189331,2.09564208984375,2.0928754806518555,2.09564208984375,0
2026-01-10 02:30:00+00:00,2.0959534645080566,2.0974438190460205,2.0912225246429443,2.0912225246429443,0
2026-01-10 02:45:00+00:00,2.091148614883423,2.09120512008667,2.089639902114868,2.091057062149048,0
2026-01-10 03:00:00+00:00,2.091559648513794,2.091559648513794,2.087069511413574,2.0876331329345703,0
2026-01-10 03:15:00+00:00,2.0876646041870117,2.0938241481781006,2.0876646041870117,2.0938241481781006,0
2026-01-10 03:30:00+00:00,2.0937564373016357,2.0940520763397217,2.09086537361145,2.09086537361145,0
2026-01-10 03:45:00+00:00,2.0904500484466553,2.0904500484466553,2.0884509086608887,2.0895957946777344,0
2026-01-10 04:00:00+00:00,2.089460611343384,2.089460611343384,2.081264019012451,2.081264019012451,1196032
2026-01-10 04:15:00+00:00,2.0810747146606445,2.0820045471191406,2.0808868408203125,2.0820045471191406,660736
2026-01-10 04:30:00+00:00,2.082118511199951,2.0837676525115967,2.0817315578460693,2.0837676525115967,2712576
2026-01-10 04:45:00+00:00,2.083904981613159,2.0847179889678955,2.0823404788970947,2.0823404788970947,119296
2026-01-10 05:00:00+00:00,2.0820395946502686,2.083627223968506,2.0801455974578857,2.0835721492767334,59392
2026-01-10 05:15:00+00:00,2.0836334228515625,2.085181951522827,2.0836334228515625,2.0851123332977295,0
2026-01-10 05:30:00+00:00,2.085081100463867,2.0886850357055664,2.0839459896087646,2.0886850357055664,0
2026-01-10 05:45:00+00:00,2.0886306762695312,2.0891222953796387,2.0884976387023926,2.0890352725982666,0
2026-01-10 06:00:00+00:00,2.088738441467285,2.088738441467285,2.087972402572632,2.087972402572632,0
2026-01-10 06:15:00+00:00,2.088658094406128,2.088658094406128,2.084610939025879,2.085796594619751,0
2026-01-10 06:30:00+00:00,2.085949182510376,2.087495803833008,2.085949182510376,2.087495803833008,0
2026-01-10 06:45:00+00:00,2.087831974029541,2.091313362121582,2.087831974029541,2.0905990600585938,0
2026-01-10 07:00:00+00:00,2.0905468463897705,2.095128297805786,2.090236186981201,2.095128297805786,1652736
2026-01-10 07:15:00+00:00,2.095259666442871,2.0960845947265625,2.0948147773742676,2.094935894012451,1033728
2026-01-10 07:30:00+00:00,2.0949079990386963,2.0955214500427246,2.093430757522583,2.093510627746582,0
2026-01-10 07:45:00+00:00,2.0937087535858154,2.0974059104919434,2.0937087535858154,2.0974059104919434,0
2026-01-10 08:00:00+00:00,2.097590446472168,2.0985629558563232,2.097362756729126,2.0985004901885986,0
2026-01-10 08:15:00+00:00,2.0984599590301514,2.0984599590301514,2.0967748165130615,2.097189426422119,0
2026-01-10 08:30:00+00:00,2.097106695175171,2.097106695175171,2.0911166667938232,2.0911166667938232,0
2026-01-10 08:45:00+00:00,2.0911498069763184,2.0915074348449707,2.0891027450561523,2.0897316932678223,0
2026-01-10 09:00:00+00:00,2.0904786586761475,2.0907962322235107,2.089865207672119,2.089865207672119,0
2026-01-10 09:15:00+00:00,2.089961528778076,2.0912508964538574,2.089958906173706,2.0912508964538574,0
2026-01-10 09:30:00+00:00,2.091268539428711,2.093256711959839,2.0908825397491455,2.0930190086364746,0
2026-01-10 09:45:00+00:00,2.093123197555542,2.0946080684661865,2.093123197555542,2.0941312313079834,0
2026-01-10 10:00:00+00:00,2.094228744506836,2.0942933559417725,2.0937304496765137,2.0937304496765137,0
2026-01-10 10:15:00+00:00,2.094533920288086,2.0945518016815186,2.0941996574401855,2.0945518016815186,0
2026-01-10 10:30:00+00:00,2.094648838043213,2.098353385925293,2.094648838043213,2.098353385925293,0
2026-01-10 10:45:00+00:00,2.0984878540039062,2.101367950439453,2.0980923175811768,2.100674867630005,6523392
2026-01-10 11:00:00+00:00,2.1016857624053955,2.1016857624053955,2.0983757972717285,2.098750352859497,0
2026-01-10 11:15:00+00:00,2.0987703800201416,2.1006197929382324,2.0987703800201416,2.1006197929382324,0
2026-01-10 11:30:00+00:00,2.100619316101074,2.1012420654296875,2.099567413330078,2.0995965003967285,0
2026-01-10 11:45:00+00:00,2.099712371826172,2.099712371826172,2.098330497741699,2.099095582962036,0
2026-01-10 12:00:00+00:00,2.0991694927215576,2.1033613681793213,2.0991694927215576,2.1033613681793213,0
2026-01-10 12:15:00+00:00,2.1032869815826416,2.1062469482421875,2.1032869815826416,2.104743242263794,0
2026-01-10 12:30:00+00:00,2.1047186851501465,2.1047186851501465,2.101508855819702,2.101508855819702,0
2026-01-10 12:45:00+00:00,2.1012659072875977,2.1012659072875977,2.0992350578308105,2.0992860794067383,0
2026-01-10 13:00:00+00:00,2.0990161895751953,2.0990161895751953,2.095839262008667,2.095839262008667,0
2026-01-10 13:15:00+00:00,2.0957837104797363,2.0957837104797363,2.093963623046875,2.093963623046875,0
2026-01-10 13:30:00+00:00,2.093919038772583,2.0951855182647705,2.0929532051086426,2.094909191131592,0
2026-01-10 13:45:00+00:00,2.0949790477752686,2.0949790477752686,2.091486930847168,2.091486930847168,0
2026-01-10 14:00:00+00:00,2.0914976596832275,2.0914976596832275,2.087165594100952,2.0872602462768555,0
2026-01-10 14:15:00+00:00,2.087313652038574,2.0891480445861816,2.0871541500091553,2.0883495807647705,0
2026-01-10 14:30:00+00:00,2.0883429050445557,2.0883429050445557,2.0871524810791016,2.087283134460449,0
2026-01-10 14:45:00+00:00,2.0872082710266113,2.087977170944214,2.0872082710266113,2.087595224380493,0
2026-01-10 15:00:00+00:00,2.087618112564087,2.089501142501831,2.087618112564087,2.089465856552124,0
2026-01-10 15:15:00+00:00,2.0894432067871094,2.0908901691436768,2.0894432067871094,2.090794086456299,0
2026-01-10 15:30:00+00:00,2.0907185077667236,2.0917558670043945,2.0899131298065186,2.0917558670043945,0
2026-01-10 15:45:00+00:00,2.091792106628418,2.091792106628418,2.090927839279175,2.090927839279175,0
2026-01-10 16:00:00+00:00,2.09079909324646,2.0938382148742676,2.0907862186431885,2.0925774574279785,0
2026-01-10 16:15:00+00:00,2.0924878120422363,2.0924878120422363,2.0889699459075928,2.0903208255767822,0
2026-01-10 16:30:00+00:00,2.09028959274292,2.0928890705108643,2.0898704528808594,2.0928890705108643,0
2026-01-10 16:45:00+00:00,2.092866897583008,2.0931124687194824,2.091888904571533,2.091888904571533,0
2026-01-10 17:00:00+00:00,2.0919361114501953,2.0937857627868652,2.091890573501587,2.0928127765655518,0
2026-01-10 17:15:00+00:00,2.092942237854004,2.0938751697540283,2.092942237854004,2.0938751697540283,0
2026-01-10 17:30:00+00:00,2.0938639640808105,2.0941169261932373,2.0927908420562744,2.0927908420562744,0
2026-01-10 17:45:00+00:00,2.09281063079834,2.09281063079834,2.088027000427246,2.088027000427246,0
2026-01-10 18:00:00+00:00,2.0881004333496094,2.0891048908233643,2.086672306060791,2.0867574214935303,0
2026-01-10 18:15:00+00:00,2.0871620178222656,2.093068838119507,2.0871620178222656,2.0930254459381104,0
2026-01-10 18:30:00+00:00,2.093132734298706,2.0972766876220703,2.093132734298706,2.097053289413452,0
2026-01-10 18:45:00+00:00,2.0970826148986816,2.0970826148986816,2.0957746505737305,2.096290111541748,0
2026-01-10 19:00:00+00:00,2.096141815185547,2.096141815185547,2.093899965286255,2.093899965286255,0
2026-01-10 19:15:00+00:00,2.093783378601074,2.0956175327301025,2.0936381816864014,2.0956175327301025,0
2026-01-10 19:30:00+00:00,2.095588207244873,2.095588207244873,2.094066858291626,2.094066858291626,0
2026-01-10 19:45:00+00:00,2.09387469291687,2.09387469291687,2.090841293334961,2.090841293334961,0
2026-01-10 20:00:00+00:00,2.091298818588257,2.0923452377319336,2.091298818588257,2.0922012329101562,0
2026-01-10 20:15:00+00:00,2.0922460556030273,2.0922460556030273,2.0912015438079834,2.0912015438079834,0
2026-01-10 20:30:00+00:00,2.0912020206451416,2.0914089679718018,2.089801788330078,2.089801788330078,0
2026-01-10 20:45:00+00:00,2.0897445678710938,2.0909945964813232,2.0897445678710938,2.0906057357788086,0
2026-01-10 21:00:00+00:00,2.090439558029175,2.090439558029175,2.087092638015747,2.0873525142669678,0
2026-01-10 21:15:00+00:00,2.0873661041259766,2.088331699371338,2.086864709854126,2.088239908218384,77824
2026-01-10 21:30:00+00:00,2.0878472328186035,2.088071584701538,2.0870063304901123,2.0876612663269043,0
2026-01-10 21:45:00+00:00,2.08748722076416,2.0886881351470947,2.087364435195923,2.0886881351470947,0
2026-01-10 22:00:00+00:00,2.088663101196289,2.0907764434814453,2.0873353481292725,2.0905635356903076,718208
2026-01-10 22:15:00+00:00,2.0904712677001953,2.090977668762207,2.0894947052001953,2.0899031162261963,0
2026-01-10 22:30:00+00:00,2.0899765491485596,2.0919811725616455,2.0899765491485596,2.091883897781372,0
2026-01-10 22:45:00+00:00,2.0918467044830322,2.0918781757354736,2.086367607116699,2.086367607116699,1704960
2026-01-10 23:00:00+00:00,2.0863518714904785,2.087531566619873,2.085087299346924,2.086988925933838,4419584
2026-01-10 23:15:00+00:00,2.0867061614990234,2.088543176651001,2.086461305618286,2.088543176651001,0
2026-01-10 23:30:00+00:00,2.08854341506958,2.0886998176574707,2.086617946624756,2.087637424468994,1772928
2026-01-10 23:45:00+00:00,2.0876708030700684,2.088761329650879,2.0874226093292236,2.0880608558654785,0
2026-01-11 00:00:00+00:00,2.0880322456359863,2.0880322456359863,2.0864155292510986,2.0865962505340576,5940992
2026-01-11 00:15:00+00:00,2.086717128753662,2.0898475646972656,2.086717128753662,2.087759494781494,4880000
2026-01-11 00:30:00+00:00,2.087759494781494,2.087759494781494,2.0858614444732666,2.0858614444732666,0
2026-01-11 00:45:00+00:00,2.0856735706329346,2.0878653526306152,2.0853865146636963,2.0878653526306152,0
2026-01-11 01:00:00+00:00,2.0878846645355225,2.0880844593048096,2.0861754417419434,2.0861754417419434,0
2026-01-11 01:15:00+00:00,2.086200475692749,2.086967706680298,2.0858612060546875,2.086655378341675,943488
2026-01-11 01:30:00+00:00,2.0866951942443848,2.0872743129730225,2.0859737396240234,2.0865747928619385,151552
2026-01-11 01:45:00+00:00,2.087165594100952,2.0896155834198,2.087165594100952,2.0896155834198,2085504
2026-01-11 02:00:00+00:00,2.089871644973755,2.089935302734375,2.0882859230041504,2.0894293785095215,905984
2026-01-11 02:15:00+00:00,2.0901529788970947,2.091095209121704,2.0901529788970947,2.0909056663513184,1016576
2026-01-11 02:30:00+00:00,2.0906505584716797,2.0912177562713623,2.0896496772766113,2.0912177562713623,0
2026-01-11 02:45:00+00:00,2.091308832168579,2.0927329063415527,2.091308832168579,2.09134840965271,3700608
2026-01-11 03:00:00+00:00,2.0912885665893555,2.0912885665893555,2.090320587158203,2.0903759002685547,0
2026-01-11 03:15:00+00:00,2.0903756618499756,2.091803550720215,2.0903756618499756,2.0912179946899414,541824
2026-01-11 03:30:00+00:00,2.0911223888397217,2.0915651321411133,2.0906925201416016,2.0915536880493164,667904
2026-01-11 03:45:00+00:00,2.0915517807006836,2.0921483039855957,2.0911593437194824,2.0921268463134766,875648
2026-01-11 04:00:00+00:00,2.0921378135681152,2.092373847961426,2.091491460800171,2.0922982692718506,0
2026-01-11 04:15:00+00:00,2.092350482940674,2.0923728942871094,2.0900228023529053,2.0900228023529053,0
2026-01-11 04:30:00+00:00,2.0897574424743652,2.0899226665496826,2.088517189025879,2.0899226665496826,0
2026-01-11 04:45:00+00:00,2.0892133712768555,2.090423822402954,2.0883758068084717,2.090423822402954,0
2026-01-11 05:00:00+00:00,2.090341329574585,2.090341329574585,2.0894808769226074,2.089564800262451,184448
2026-01-11 05:15:00+00:00,2.0896403789520264,2.0896403789520264,2.088388681411743,2.088625907897949,46464
2026-01-11 05:30:00+00:00,2.088590145111084,2.090559244155884,2.0883355140686035,2.0904176235198975,0
2026-01-11 05:45:00+00:00,2.0904855728149414,2.092742919921875,2.0904855728149414,2.092634916305542,4081408
2026-01-11 06:00:00+00:00,2.0927038192749023,2.0930228233337402,2.0923006534576416,2.0929746627807617,2715776
2026-01-11 06:15:00+00:00,2.093003988265991,2.093003988265991,2.087055206298828,2.087055206298828,2255616
2026-01-11 06:30:00+00:00,2.0860445499420166,2.086885929107666,2.0848217010498047,2.086885929107666,3131776
2026-01-11 06:45:00+00:00,2.0869691371917725,2.090890645980835,2.0869691371917725,2.090890645980835,1881984
2026-01-11 07:00:00+00:00,2.090909481048584,2.0942676067352295,2.090909481048584,2.092921018600464,0
2026-01-11 07:15:00+00:00,2.0928049087524414,2.0928049087524414,2.0908055305480957,2.0908055305480957,0
2026-01-11 07:30:00+00:00,2.090787172317505,2.090787172317505,2.0892961025238037,2.089590549468994,0
2026-01-11 07:45:00+00:00,2.0895297527313232,2.0904197692871094,2.0894434452056885,2.0904197692871094,0
2026-01-11 08:00:00+00:00,2.090113878250122,2.090113878250122,2.0869648456573486,2.0869648456573486,0
2026-01-11 08:15:00+00:00,2.0868773460388184,2.0885326862335205,2.086763858795166,2.0885326862335205,0
2026-01-11 08:30:00+00:00,2.089113473892212,2.0911355018615723,2.089113473892212,2.0911355018615723,393728
2026-01-11 08:45:00+00:00,2.0910840034484863,2.0941262245178223,2.090977668762207,2.094043493270874,4217984
2026-01-11 09:00:00+00:00,2.0940423011779785,2.0940423011779785,2.0928149223327637,2.093162775039673,998912
2026-01-11 09:15:00+00:00,2.093169689178467,2.0942981243133545,2.093169689178467,2.093547821044922,3275904
2026-01-11 09:30:00+00:00,2.093536615371704,2.093536615371704,2.0900323390960693,2.0900323390960693,194048
2026-01-11 09:45:00+00:00,2.0900471210479736,2.0906717777252197,2.089590072631836,2.090242862701416,0
2026-01-11 10:00:00+00:00,2.0901527404785156,2.0914247035980225,2.0886497497558594,2.0914247035980225,2308096
2026-01-11 10:15:00+00:00,2.091522216796875,2.091946840286255,2.090092658996582,2.090144395828247,1414400
2026-01-11 10:30:00+00:00,2.090193271636963,2.0907394886016846,2.0898361206054688,2.0907394886016846,0
2026-01-11 10:45:00+00:00,2.0901143550872803,2.0902748107910156,2.089604616165161,2.0902748107910156,0
2026-01-11 11:00:00+00:00,2.0902936458587646,2.0904829502105713,2.0896694660186768,2.090399742126465,0
2026-01-11 11:15:00+00:00,2.090364933013916,2.0914950370788574,2.0899481773376465,2.09135103225708,0
2026-01-11 11:30:00+00:00,2.091374635696411,2.093214273452759,2.091374635696411,2.093214273452759,0
2026-01-11 11:45:00+00:00,2.0928030014038086,2.0931529998779297,2.092642068862915,2.0931267738342285,0
2026-01-11 12:00:00+00:00,2.093073844909668,2.0952727794647217,2.093073844909668,2.0952608585357666,4671488
2026-01-11 12:15:00+00:00,2.095262289047241,2.098464250564575,2.095262289047241,2.098464250564575,4864256
2026-01-11 12:30:00+00:00,2.09859037399292,2.0996201038360596,2.0985183715820312,2.0986571311950684,1440384
2026-01-11 12:45:00+00:00,2.0988523960113525,2.1023006439208984,2.0988523960113525,2.101607322692871,11519872
2026-01-11 13:00:00+00:00,2.1016271114349365,2.1018636226654053,2.1001245975494385,2.1001245975494385,1802624
2026-01-11 13:15:00+00:00,2.1001336574554443,2.100496768951416,2.0976903438568115,2.097773790359497,1251072
2026-01-11 13:30:00+00:00,2.097796678543091,2.097796678543091,2.0949454307556152,2.0949454307556152,2993792
2026-01-11 13:45:00+00:00,2.094634532928467,2.0949809551239014,2.0935776233673096,2.0946102142333984,6625408
2026-01-11 14:00:00+00:00,2.094848394393921,2.0981476306915283,2.094848394393921,2.0981476306915283,1432064
2026-01-11 14:15:00+00:00,2.0981945991516113,2.0994489192962646,2.0980231761932373,2.0994348526000977,0
2026-01-11 14:30:00+00:00,2.099536895751953,2.100212574005127,2.0988738536834717,2.100025177001953,5494016
2026-01-11 14:45:00+00:00,2.0999319553375244,2.102857828140259,2.098419189453125,2.102857828140259,4250880
2026-01-11 15:00:00+00:00,2.1029212474823,2.104299783706665,2.098694086074829,2.098694086074829,8100352
2026-01-11 15:15:00+00:00,2.0986592769622803,2.0986592769622803,2.0977632999420166,2.0984647274017334,3953792
2026-01-11 15:30:00+00:00,2.0983545780181885,2.0983545780181885,2.095655918121338,2.095655918121338,4591104
2026-01-11 15:45:00+00:00,2.0945069789886475,2.0945069789886475,2.085183620452881,2.086524248123169,47751168
2026-01-11 16:00:00+00:00,2.0865485668182373,2.088733673095703,2.0863285064697266,2.0868237018585205,6804224
2026-01-11 16:15:00+00:00,2.0868265628814697,2.0893890857696533,2.086644172668457,2.0893890857696533,7506688
2026-01-11 16:30:00+00:00,2.090277910232544,2.0985097885131836,2.090277910232544,2.097527265548706,33063936
2026-01-11 16:45:00+00:00,2.0975027084350586,2.097949981689453,2.093419075012207,2.093419075012207,13993856
2026-01-11 17:00:00+00:00,2.0934195518493652,2.094712018966675,2.0926504135131836,2.0944719314575195,814336
2026-01-11 17:15:00+00:00,2.094400644302368,2.094400644302368,2.090475082397461,2.090475082397461,4617216
2026-01-11 17:30:00+00:00,2.090440511703491,2.090440511703491,2.087315559387207,2.087324619293213,7056000
2026-01-11 17:45:00+00:00,2.0874547958374023,2.090777635574341,2.0874547958374023,2.090777635574341,1330944
2026-01-11 18:00:00+00:00,2.0908074378967285,2.091122627258301,2.087632417678833,2.0878167152404785,0
2026-01-11 18:15:00+00:00,2.0878283977508545,2.0888302326202393,2.087632894515991,2.0883023738861084,713088
2026-01-11 18:30:00+00:00,2.088658094406128,2.089571714401245,2.086533784866333,2.0873045921325684,2289152
2026-01-11 18:45:00+00:00,2.0873751640319824,2.091322660446167,2.0873751640319824,2.0911805629730225,3784448
2026-01-11 19:00:00+00:00,2.091193437576294,2.092282295227051,2.090212821960449,2.092282295227051,1891328
2026-01-11 19:15:00+00:00,2.0922529697418213,2.0928072929382324,2.089606761932373,2.089606761932373,2497408
2026-01-11 19:30:00+00:00,2.0893030166625977,2.0893030166625977,2.0871803760528564,2.0872085094451904,2380928
2026-01-11 19:45:00+00:00,2.0871076583862305,2.0871076583862305,2.0846216678619385,2.085294723510742,11362560
2026-01-11 20:00:00+00:00,2.0852367877960205,2.0852367877960205,2.0597028732299805,2.0597028732299805,105163264
2026-01-11 20:15:00+00:00,2.059950590133667,2.059950590133667,2.0496363639831543,2.0545310974121094,80233216
2026-01-11 20:30:00+00:00,2.0541176795959473,2.0604372024536133,2.0540060997009277,2.059640407562256,34621696
2026-01-11 20:45:00+00:00,2.059720516204834,2.0611162185668945,2.059159278869629,2.0611162185668945,16208384
2026-01-11 21:00:00+00:00,2.0613486766815186,2.0613486766815186,2.0544698238372803,2.056422233581543,13764352
2026-01-11 21:15:00+00:00,2.05651593208313,2.0595741271972656,2.05651593208313,2.0589256286621094,10445312
2026-01-11 21:30:00+00:00,2.0589332580566406,2.06308913230896,2.0589332580566406,2.06308913230896,12038016
2026-01-11 21:45:00+00:00,2.0630719661712646,2.0714008808135986,2.0630719661712646,2.0714008808135986,18305664
2026-01-11 22:00:00+00:00,2.0714590549468994,2.0714590549468994,2.0568413734436035,2.0574448108673096,19380864
2026-01-11 22:15:00+00:00,2.057243824005127,2.063129186630249,2.0559635162353516,2.063129186630249,14781184
2026-01-11 22:30:00+00:00,2.062915325164795,2.063213586807251,2.060119867324829,2.063213586807251,17327360
2026-01-11 22:45:00+00:00,2.063244342803955,2.0648252964019775,2.061239719390869,2.061239719390869,6428160
2026-01-11 23:00:00+00:00,2.060900926589966,2.060900926589966,2.050632953643799,2.05617356300354,31906304
2026-01-11 23:15:00+00:00,2.0569050312042236,2.0695159435272217,2.0569050312042236,2.0670151710510254,39670016
2026-01-11 23:30:00+00:00,2.0664494037628174,2.0670063495635986,2.0637712478637695,2.066195249557495,10453248
2026-01-11 23:45:00+00:00,2.0663015842437744,2.0708084106445312,2.0663015842437744,2.0708084106445312,11732352
2026-01-12 00:00:00+00:00,2.070913314819336,2.070913314819336,2.061697244644165,2.0619966983795166,7464576
2026-01-12 00:15:00+00:00,2.062178373336792,2.062178373336792,2.053934097290039,2.054100275039673,69687424
2026-01-12 00:30:00+00:00,2.0541157722473145,2.054805278778076,2.0410146713256836,2.0410146713256836,61217152
2026-01-12 00:45:00+00:00,2.040806770324707,2.0437116622924805,2.0377726554870605,2.0437116622924805,66571520
2026-01-12 01:00:00+00:00,2.044081687927246,2.0713863372802734,2.044081687927246,2.063866376876831,96047104
2026-01-12 01:15:00+00:00,2.0642364025115967,2.0692715644836426,2.063912868499756,2.0689077377319336,32571264
2026-01-12 01:30:00+00:00,2.0692267417907715,2.0712482929229736,2.0564723014831543,2.0564723014831543,40922496
2026-01-12 01:45:00+00:00,2.0571539402008057,2.06538987159729,2.0571539402008057,2.062488317489624,32163072
2026-01-12 02:00:00+00:00,2.0624959468841553,2.0718371868133545,2.0620527267456055,2.0718371868133545,34797568
2026-01-12 02:15:00+00:00,2.0724828243255615,2.081385612487793,2.0724828243255615,2.075408458709717,41036288
2026-01-12 02:30:00+00:00,2.0776963233947754,2.0869882106781006,2.0776963233947754,2.0869882106781006,39916288
2026-01-12 02:45:00+00:00,2.0870845317840576,2.1001203060150146,2.0870845317840576,2.0992133617401123,64429824
2026-01-12 03:00:00+00:00,2.0990195274353027,2.0990195274353027,2.0957555770874023,2.0978126525878906,33368320
2026-01-12 03:15:00+00:00,2.0978126525878906,2.100820779800415,2.0978126525878906,2.100231409072876,25113856
2026-01-12 03:30:00+00:00,2.100142240524292,2.100142240524292,2.087691068649292,2.087691068649292,44986880
2026-01-12 03:45:00+00:00,2.0877084732055664,2.0877084732055664,2.0830795764923096,2.0830795764923096,28283648
2026-01-12 04:00:00+00:00,2.0831503868103027,2.0839524269104004,2.0807032585144043,2.083950996398926,34915328
2026-01-12 04:15:00+00:00,2.0841732025146484,2.0885560512542725,2.0841732025146484,2.0871150493621826,12417536
2026-01-12 04:30:00+00:00,2.0871846675872803,2.090996503829956,2.0871846675872803,2.0906429290771484,19489024
2026-01-12 04:45:00+00:00,2.090754508972168,2.0913000106811523,2.0884227752685547,2.0884227752685547,9477888
2026-01-12 05:00:00+00:00,2.0883021354675293,2.0883021354675293,2.0855607986450195,2.0875015258789062,20907776
2026-01-12 05:15:00+00:00,2.0868899822235107,2.087611675262451,2.0850839614868164,2.086469888687134,10372352
2026-01-12 05:30:00+00:00,2.0865960121154785,2.087810516357422,2.082777738571167,2.082777738571167,11211520
2026-01-12 05:45:00+00:00,2.082632064819336,2.082632064819336,2.080566644668579,2.0807695388793945,2225664
2026-01-12 06:00:00+00:00,2.080644130706787,2.0816361904144287,2.077082395553589,2.0816361904144287,23180288
2026-01-12 06:15:00+00:00,2.081657648086548,2.081716775894165,2.0781822204589844,2.0781822204589844,21495040
2026-01-12 06:30:00+00:00,2.0780439376831055,2.0780439376831055,2.069821834564209,2.0702767372131348,28625920
2026-01-12 06:45:00+00:00,2.070531129837036,2.070594549179077,2.067800998687744,2.068793535232544,23018752
2026-01-12 07:00:00+00:00,2.0685806274414062,2.0724074840545654,2.0682976245880127,2.0692074298858643,17231616
2026-01-12 07:15:00+00:00,2.0684947967529297,2.0684947967529297,2.0587706565856934,2.0587706565856934,29540352
2026-01-12 07:30:00+00:00,2.0594208240509033,2.060755491256714,2.0528576374053955,2.052985429763794,36064256
2026-01-12 07:45:00+00:00,2.052884578704834,2.054060935974121,2.0521368980407715,2.054060935974121,34127616
2026-01-12 08:00:00+00:00,2.053546190261841,2.056290864944458,2.05234956741333,2.056290864944458,29660416
2026-01-12 08:15:00+00:00,2.0557682514190674,2.0557682514190674,2.0528366565704346,2.0528719425201416,26293760
2026-01-12 08:30:00+00:00,2.0527894496917725,2.0527894496917725,2.0405030250549316,2.0405030250549316,67289344
2026-01-12 08:45:00+00:00,2.0401322841644287,2.0475730895996094,2.0374670028686523,2.0475730895996094,49028352
2026-01-12 09:00:00+00:00,2.04750657081604,2.048471689224243,2.0461645126342773,2.048471689224243,27683840
2026-01-12 09:15:00+00:00,2.0484116077423096,2.0503642559051514,2.0465049743652344,2.0465049743652344,31321856
2026-01-12 09:30:00+00:00,2.046220541000366,2.046220541000366,2.044151782989502,2.045387029647827,26896640
2026-01-12 09:45:00+00:00,2.045287609100342,2.045928716659546,2.042203664779663,2.042203664779663,26012928
2026-01-12 10:00:00+00:00,2.042001724243164,2.0447263717651367,2.040983200073242,2.04304838180542,23692288
2026-01-12 10:15:00+00:00,2.043030261993408,2.043030261993408,2.0378172397613525,2.038038492202759,19928064
2026-01-12 10:30:00+00:00,2.0380280017852783,2.0396337509155273,2.0377204418182373,2.0386123657226562,21212928
2026-01-12 10:45:00+00:00,2.038569211959839,2.038569211959839,2.0341601371765137,2.0344398021698,51777536
2026-01-12 11:00:00+00:00,2.0343871116638184,2.038296699523926,2.0339393615722656,2.038296699523926,30247168
2026-01-12 11:15:00+00:00,2.038362979888916,2.0408616065979004,2.037815809249878,2.040734052658081,34878208
2026-01-12 11:30:00+00:00,2.0406713485717773,2.0420033931732178,2.040069580078125,2.040639877319336,31128064
2026-01-12 11:45:00+00:00,2.0408167839050293,2.045660972595215,2.0408167839050293,2.045660972595215,13678848
2026-01-12 12:00:00+00:00,2.0457146167755127,2.0477044582366943,2.0455636978149414,2.0468621253967285,5079808
2026-01-12 12:15:00+00:00,2.0469377040863037,2.0512375831604004,2.046903371810913,2.050935983657837,7875328
2026-01-12 12:30:00+00:00,2.050739049911499,2.050739049911499,2.0469255447387695,2.0469255447387695,14736896
2026-01-12 12:45:00+00:00,2.046846628189087,2.0480873584747314,2.046227216720581,2.0472960472106934,446976
2026-01-12 13:00:00+00:00,2.0473289489746094,2.048797369003296,2.04331374168396,2.04331374168396,3219968
2026-01-12 13:15:00+00:00,2.04288911819458,2.0474600791931152,2.04288911819458,2.0465688705444336,3235584
2026-01-12 13:30:00+00:00,2.04663348197937,2.0533149242401123,2.04663348197937,2.0503811836242676,16235776
2026-01-12 13:45:00+00:00,2.050405263900757,2.0508642196655273,2.047769546508789,2.0500032901763916,12039168
2026-01-12 14:00:00+00:00,2.0497779846191406,2.0506136417388916,2.048373222351074,2.0506136417388916,3476736
2026-01-12 14:15:00+00:00,2.050734043121338,2.051274061203003,2.0438952445983887,2.047971487045288,23637248
2026-01-12 14:30:00+00:00,2.0487518310546875,2.0663986206054688,2.0487518310546875,2.0663986206054688,80582144
2026-01-12 14:45:00+00:00,2.0668578147888184,2.0692930221557617,2.0666515827178955,2.0691776275634766,41087232
2026-01-12 15:00:00+00:00,2.069288969039917,2.0726118087768555,2.069288969039917,2.071584463119507,15195648
2026-01-12 15:15:00+00:00,2.071720838546753,2.084699869155884,2.071720838546753,2.0831542015075684,44673280
2026-01-12 15:30:00+00:00,2.0836338996887207,2.0882840156555176,2.0834875106811523,2.0872159004211426,39919872
2026-01-12 15:45:00+00:00,2.0854060649871826,2.089715003967285,2.0854060649871826,2.089715003967285,9845504
2026-01-12 16:00:00+00:00,2.0896735191345215,2.095188856124878,2.0896735191345215,2.0950050354003906,33746432
2026-01-12 16:15:00+00:00,2.0945234298706055,2.097151756286621,2.090439796447754,2.097151756286621,37339648
2026-01-12 16:30:00+00:00,2.0977797508239746,2.1050901412963867,2.092427968978882,2.092427968978882,39260928
2026-01-12 16:45:00+00:00,2.092576026916504,2.094331741333008,2.0913548469543457,2.0938327312469482,16459520
2026-01-12 17:00:00+00:00,2.0938217639923096,2.0954365730285645,2.08725643157959,2.08725643157959,18461952
2026-01-12 17:15:00+00:00,2.0875368118286133,2.0875368118286133,2.074169397354126,2.0744290351867676,19916288
2026-01-12 17:30:00+00:00,2.0744457244873047,2.0744457244873047,2.060004472732544,2.067615509033203,59169792
2026-01-12 17:45:00+00:00,2.0664448738098145,2.06660532951355,2.065483570098877,2.0659117698669434,23921408
2026-01-12 18:00:00+00:00,2.0660178661346436,2.0702126026153564,2.0659990310668945,2.0702126026153564,18679808
2026-01-12 18:15:00+00:00,2.0700979232788086,2.0735044479370117,2.069949150085449,2.0723187923431396,13598720
2026-01-12 18:30:00+00:00,2.07275128364563,2.0744080543518066,2.0619986057281494,2.062220335006714,10226432
2026-01-12 18:45:00+00:00,2.062563896179199,2.0658164024353027,2.062563896179199,2.065652370452881,12701440
2026-01-12 19:00:00+00:00,2.0654385089874268,2.0654385089874268,2.060590982437134,2.063596487045288,16255232
2026-01-12 19:15:00+00:00,2.063086748123169,2.0671889781951904,2.063086748123169,2.065784454345703,7623168
2026-01-12 19:30:00+00:00,2.066016912460327,2.0662622451782227,2.0642142295837402,2.0642142295837402,3910144
2026-01-12 19:45:00+00:00,2.0640499591827393,2.0689709186553955,2.061713933944702,2.0689709186553955,1753856
2026-01-12 20:00:00+00:00,2.068883180618286,2.0720221996307373,2.068221092224121,2.0700063705444336,0
2026-01-12 20:15:00+00:00,2.0703046321868896,2.0703046321868896,2.065964460372925,2.0672378540039062,0
2026-01-12 20:30:00+00:00,2.067587375640869,2.0681371688842773,2.0639054775238037,2.06441330909729,0
2026-01-12 20:45:00+00:00,2.0643818378448486,2.0643818378448486,2.0632543563842773,2.0634078979492188,2292480
2026-01-12 21:00:00+00:00,2.063490867614746,2.063490867614746,2.0550403594970703,2.056461811065674,5564416
2026-01-12 21:15:00+00:00,2.056215763092041,2.056215763092041,2.053208827972412,2.053208827972412,8810496
2026-01-12 21:30:00+00:00,2.0528817176818848,2.0528817176818848,2.049647569656372,2.049647569656372,883200
2026-01-12 21:45:00+00:00,2.049607276916504,2.049607276916504,2.041318655014038,2.04241943359375,16337152
2026-01-12 22:00:00+00:00,2.0436654090881348,2.055172920227051,2.0436654090881348,2.0548553466796875,3864832
2026-01-12 22:15:00+00:00,2.0549447536468506,2.0549447536468506,2.05377197265625,2.054652452468872,1176064
2026-01-12 22:30:00+00:00,2.054572582244873,2.054572582244873,2.0529000759124756,2.0534019470214844,0
2026-01-12 22:45:00+00:00,2.0533647537231445,2.0535166263580322,2.0521671772003174,2.052428960800171,0
2026-01-12 23:00:00+00:00,2.0524868965148926,2.0524868965148926,2.046199083328247,2.0462405681610107,0
2026-01-12 23:15:00+00:00,2.046255350112915,2.052659034729004,2.046255350112915,2.0526161193847656,0
2026-01-12 23:30:00+00:00,2.052525281906128,2.053924083709717,2.051398515701294,2.0517947673797607,0
2026-01-12 23:45:00+00:00,2.051795482635498,2.052495241165161,2.051452875137329,2.0524840354919434,0
2026-01-13 00:00:00+00:00,2.0524966716766357,2.0539727210998535,2.0521240234375,2.0525598526000977,0
2026-01-13 00:15:00+00:00,2.0523290634155273,2.0566346645355225,2.051356792449951,2.0566346645355225,0
2026-01-13 00:30:00+00:00,2.0560340881347656,2.056084394454956,2.0525264739990234,2.052595615386963,0
2026-01-13 00:45:00+00:00,2.052734613418579,2.0556182861328125,2.0518317222595215,2.0556182861328125,0
2026-01-13 01:00:00+00:00,2.0555431842803955,2.0596859455108643,2.0555431842803955,2.0592527389526367,0
2026-01-13 01:15:00+00:00,2.059055805206299,2.0595650672912598,2.056624174118042,2.056624174118042,0
2026-01-13 01:30:00+00:00,2.056492805480957,2.056492805480957,2.047607183456421,2.047790288925171,0
2026-01-13 01:45:00+00:00,2.047762155532837,2.050233840942383,2.0474283695220947,2.0501248836517334,0
2026-01-13 02:00:00+00:00,2.0503854751586914,2.055266857147217,2.0503854751586914,2.0546202659606934,0
2026-01-13 02:15:00+00:00,2.054593324661255,2.0576069355010986,2.054593324661255,2.0571765899658203,0
2026-01-13 02:30:00+00:00,2.057131290435791,2.057175397872925,2.052835464477539,2.052835464477539,0
2026-01-13 02:45:00+00:00,2.052311420440674,2.052311420440674,2.049612283706665,2.0520241260528564,0
2026-01-13 03:00:00+00:00,2.0518152713775635,2.0518152713775635,2.048067331314087,2.0489628314971924,0
2026-01-13 03:15:00+00:00,2.049069881439209,2.0543041229248047,2.049069881439209,2.053335666656494,0
2026-01-13 03:30:00+00:00,2.0532634258270264,2.0532634258270264,2.0494086742401123,2.049467086791992,0
2026-01-13 03:45:00+00:00,2.0493648052215576,2.0493648052215576,2.045912265777588,2.0470056533813477,0
2026-01-13 04:00:00+00:00,2.0467886924743652,2.049375295639038,2.0467886924743652,2.049375295639038,0
2026-01-13 04:15:00+00:00,2.049321413040161,2.0526962280273438,2.049321413040161,2.050184965133667,2056192
2026-01-13 04:30:00+00:00,2.0503604412078857,2.0503604412078857,2.0487170219421387,2.050119400024414,0
2026-01-13 04:45:00+00:00,2.0502846240997314,2.052798271179199,2.049391984939575,2.052798271179199,598784
2026-01-13 05:00:00+00:00,2.052974224090576,2.059736490249634,2.052974224090576,2.059736490249634,0
2026-01-13 05:15:00+00:00,2.059835910797119,2.0721242427825928,2.059835910797119,2.071563243865967,32489216
2026-01-13 05:30:00+00:00,2.0715224742889404,2.0715224742889404,2.063908576965332,2.063908576965332,6659072
2026-01-13 05:45:00+00:00,2.0639567375183105,2.065218210220337,2.0624375343322754,2.0624375343322754,9148416
2026-01-13 06:00:00+00:00,2.061901807785034,2.063767433166504,2.060511827468872,2.060511827468872,878848
2026-01-13 06:15:00+00:00,2.0602831840515137,2.0602831840515137,2.0591325759887695,2.0594558715820312,0
2026-01-13 06:30:00+00:00,2.059241771697998,2.0598301887512207,2.0578365325927734,2.0594406127929688,0
2026-01-13 06:45:00+00:00,2.05887770652771,2.0627715587615967,2.0573818683624268,2.0615134239196777,1792000
2026-01-13 07:00:00+00:00,2.061443567276001,2.061443567276001,2.056779146194458,2.0568790435791016,18505728
2026-01-13 07:15:00+00:00,2.0569210052490234,2.0569210052490234,2.054949998855591,2.0551395416259766,0
2026-01-13 07:30:00+00:00,2.0550427436828613,2.0564208030700684,2.0544440746307373,2.0562164783477783,0
2026-01-13 07:45:00+00:00,2.0561466217041016,2.0561466217041016,2.0509798526763916,2.0509798526763916,0
2026-01-13 08:00:00+00:00,2.051180362701416,2.059638261795044,2.051180362701416,2.0587708950042725,0
2026-01-13 08:15:00+00:00,2.0587096214294434,2.0587096214294434,2.056792736053467,2.056792736053467,0
2026-01-13 08:30:00+00:00,2.0568346977233887,2.0601308345794678,2.0555567741394043,2.0601308345794678,0
2026-01-13 08:45:00+00:00,2.060288429260254,2.0652072429656982,2.060288429260254,2.0637402534484863,0
2026-01-13 09:00:00+00:00,2.063640832901001,2.064826011657715,2.0631141662597656,2.06378436088562,0
2026-01-13 09:15:00+00:00,2.06394362449646,2.0698225498199463,2.063720226287842,2.069762945175171,0
2026-01-13 09:30:00+00:00,2.069561243057251,2.0706067085266113,2.0628397464752197,2.0628929138183594,0
2026-01-13 09:45:00+00:00,2.0633115768432617,2.064556121826172,2.062901496887207,2.063066005706787,0
2026-01-13 10:00:00+00:00,2.06362247467041,2.0669820308685303,2.063309907913208,2.066351890563965,0
2026-01-13 10:15:00+00:00,2.0659003257751465,2.0659003257751465,2.063408374786377,2.063408374786377,0
2026-01-13 10:30:00+00:00,2.0635712146759033,2.0635712146759033,2.059089422225952,2.059089422225952,0
2026-01-13 10:45:00+00:00,2.0589599609375,2.0589599609375,2.0574042797088623,2.0583572387695312,0
2026-01-13 11:00:00+00:00,2.058427333831787,2.058499813079834,2.057096004486084,2.058375835418701,0
2026-01-13 11:15:00+00:00,2.0583229064941406,2.0604915618896484,2.0580391883850098,2.0604915618896484,0
2026-01-13 11:30:00+00:00,2.0604419708251953,2.0604419708251953,2.0594980716705322,2.0599825382232666,0
2026-01-13 11:45:00+00:00,2.0599424839019775,2.0599424839019775,2.0582470893859863,2.0587856769561768,0
2026-01-13 12:00:00+00:00,2.058523654937744,2.058523654937744,2.056509256362915,2.0570778846740723,466432
2026-01-13 12:15:00+00:00,2.0557093620300293,2.0590314865112305,2.0557093620300293,2.0582094192504883,0
2026-01-13 12:30:00+00:00,2.0582199096679688,2.0605082511901855,2.0582199096679688,2.0605082511901855,0
2026-01-13 12:45:00+00:00,2.0605013370513916,2.0614378452301025,2.060410737991333,2.060858964920044,0
2026-01-13 13:00:00+00:00,2.0608913898468018,2.0610008239746094,2.05920672416687,2.0596542358398438,1162496
2026-01-13 13:15:00+00:00,2.059511423110962,2.0602424144744873,2.0587799549102783,2.0602424144744873,405248
2026-01-13 13:30:00+00:00,2.0606558322906494,2.0727596282958984,2.0606558322906494,2.0662291049957275,91098112
2026-01-13 13:45:00+00:00,2.066906690597534,2.0693247318267822,2.066906690597534,2.067322254180908,31554304
2026-01-13 14:00:00+00:00,2.0667989253997803,2.0678930282592773,2.0635480880737305,2.0678930282592773,6675968
2026-01-13 14:15:00+00:00,2.067885637283325,2.0798487663269043,2.067885637283325,2.0798487663269043,5029888
2026-01-13 14:30:00+00:00,2.0801684856414795,2.092919111251831,2.0801684856414795,2.0924155712127686,14398976
2026-01-13 14:45:00+00:00,2.0913121700286865,2.0913121700286865,2.0764105319976807,2.0764105319976807,18552320
2026-01-13 15:00:00+00:00,2.0768373012542725,2.0768373012542725,2.0713722705841064,2.074110269546509,10769920
2026-01-13 15:15:00+00:00,2.07427716255188,2.07427716255188,2.0664212703704834,2.0693891048431396,685568
2026-01-13 15:30:00+00:00,2.06982159614563,2.0856525897979736,2.06982159614563,2.084989070892334,11495680
2026-01-13 15:45:00+00:00,2.084993362426758,2.096252918243408,2.0813381671905518,2.096158742904663,24664576
2026-01-13 16:00:00+00:00,2.0971245765686035,2.103848457336426,2.0971245765686035,2.0992822647094727,29940480
2026-01-13 16:15:00+00:00,2.0989978313446045,2.0989978313446045,2.090074300765991,2.092081308364868,11324416
2026-01-13 16:30:00+00:00,2.092561721801758,2.106259822845459,2.092561721801758,2.106259822845459,26897152
2026-01-13 16:45:00+00:00,2.105482578277588,2.1103034019470215,2.105482578277588,2.1081387996673584,38660864
2026-01-13 17:00:00+00:00,2.107132911682129,2.107132911682129,2.0939462184906006,2.0940427780151367,19615232
2026-01-13 17:15:00+00:00,2.0942270755767822,2.0942270755767822,2.086561441421509,2.0922627449035645,12142592
2026-01-13 17:30:00+00:00,2.0921709537506104,2.093841314315796,2.091533899307251,2.0933330059051514,0
2026-01-13 17:45:00+00:00,2.092791795730591,2.0935423374176025,2.0898075103759766,2.09004545211792,0
2026-01-13 18:00:00+00:00,2.0894434452056885,2.0964395999908447,2.0894434452056885,2.0964395999908447,9902592
2026-01-13 18:15:00+00:00,2.0969557762145996,2.1063778400421143,2.0969557762145996,2.105478048324585,21983232
2026-01-13 18:30:00+00:00,2.1052350997924805,2.107435941696167,2.1042685508728027,2.105228900909424,5768192
2026-01-13 18:45:00+00:00,2.1055898666381836,2.1093926429748535,2.104100465774536,2.104304790496826,16429312
2026-01-13 19:00:00+00:00,2.1043741703033447,2.1077587604522705,2.1043741703033447,2.1077587604522705,3361792
2026-01-13 19:15:00+00:00,2.1075403690338135,2.1094517707824707,2.1073451042175293,2.1094517707824707,11779072
2026-01-13 19:30:00+00:00,2.109487533569336,2.1200504302978516,2.109487533569336,2.1200504302978516,42806272
2026-01-13 19:45:00+00:00,2.1198878288269043,2.13566517829895,2.1198878288269043,2.135572671890259,57465856
2026-01-13 20:00:00+00:00,2.138362407684326,2.142400026321411,2.138362407684326,2.139432191848755,61616384
2026-01-13 20:15:00+00:00,2.139930009841919,2.1438684463500977,2.139930009841919,2.1409549713134766,56696064
2026-01-13 20:30:00+00:00,2.1398825645446777,2.1398825645446777,2.121448040008545,2.121753692626953,63085568
2026-01-13 20:45:00+00:00,2.122138500213623,2.128246307373047,2.122138500213623,2.127350091934204,33458944
2026-01-13 21:00:00+00:00,2.1283164024353027,2.1367690563201904,2.1283164024353027,2.1322567462921143,20954624
2026-01-13 21:15:00+00:00,2.1322898864746094,2.13466739654541,2.130561351776123,2.1328299045562744,5426432
2026-01-13 21:30:00+00:00,2.1324801445007324,2.1324801445007324,2.123831033706665,2.1238999366760254,15968000
2026-01-13 21:45:00+00:00,2.123948574066162,2.12485933303833,2.1212613582611084,2.1212613582611084,0
2026-01-13 22:00:00+00:00,2.1207473278045654,2.1560676097869873,2.1207473278045654,2.154646396636963,122276608
2026-01-13 22:15:00+00:00,2.15785551071167,2.167825698852539,2.15785551071167,2.163496255874634,132782592
2026-01-13 22:30:00+00:00,2.1607484817504883,2.163954019546509,2.1554365158081055,2.163954019546509,71809024
2026-01-13 22:45:00+00:00,2.163972854614258,2.173675537109375,2.163972854614258,2.1718101501464844,89267968
2026-01-13 23:00:00+00:00,2.1718339920043945,2.1788735389709473,2.1718339920043945,2.177184820175171,61590784
2026-01-13 23:15:00+00:00,2.1772258281707764,2.1796443462371826,2.1680235862731934,2.1680235862731934,65024512
2026-01-13 23:30:00+00:00,2.168210029602051,2.168210029602051,2.152991771697998,2.1563093662261963,53450752
2026-01-13 23:45:00+00:00,2.156817674636841,2.1639089584350586,2.1533687114715576,2.1639089584350586,48454400
2026-01-14 00:00:00+00:00,2.1639084815979004,2.1654796600341797,2.1602165699005127,2.1615757942199707,16441088
2026-01-14 00:15:00+00:00,2.1615726947784424,2.1630935668945312,2.159560203552246,2.162562608718872,21765376
2026-01-14 00:30:00+00:00,2.1624155044555664,2.169384241104126,2.1579277515411377,2.169384241104126,41190400
2026-01-14 00:45:00+00:00,2.170062780380249,2.1738760471343994,2.164151668548584,2.1664271354675293,46603520
2026-01-14 01:00:00+00:00,2.1652133464813232,2.1703855991363525,2.165177583694458,2.1703855991363525,34370048
2026-01-14 01:15:00+00:00,2.1704163551330566,2.17179274559021,2.1677043437957764,2.169262170791626,24181248
2026-01-14 01:30:00+00:00,2.1691062450408936,2.1704869270324707,2.160926580429077,2.160947561264038,13816320
2026-01-14 01:45:00+00:00,2.162033796310425,2.17392635345459,2.162033796310425,2.17392635345459,52299264
2026-01-14 02:00:00+00:00,2.1739859580993652,2.175966739654541,2.1733717918395996,2.175966739654541,36850688
2026-01-14 02:15:00+00:00,2.176370620727539,2.1855456829071045,2.176370620727539,2.1768531799316406,56263168
2026-01-14 02:30:00+00:00,2.174220323562622,2.1769261360168457,2.173366069793701,2.176638126373291,25051136
2026-01-14 02:45:00+00:00,2.1765847206115723,2.1765847206115723,2.169466018676758,2.1698806285858154,26687488
2026-01-14 03:00:00+00:00,2.1698837280273438,2.1711015701293945,2.1698837280273438,2.1711015701293945,10183168
2026-01-14 03:15:00+00:00,2.1708824634552,2.172462224960327,2.1671197414398193,2.1672616004943848,6686720
2026-01-14 03:30:00+00:00,2.1672654151916504,2.1775548458099365,2.1671643257141113,2.1773018836975098,23345408
2026-01-14 03:45:00+00:00,2.177643060684204,2.180715560913086,2.176095724105835,2.180715560913086,20305920
2026-01-14 04:00:00+00:00,2.1814229488372803,2.182101249694824,2.1723625659942627,2.1723625659942627,27770880
2026-01-14 04:15:00+00:00,2.1723837852478027,2.1739280223846436,2.170976161956787,2.1739280223846436,17896704
2026-01-14 04:30:00+00:00,2.1737873554229736,2.1737873554229736,2.1673901081085205,2.1673901081085205,9756160
2026-01-14 04:45:00+00:00,2.167311668395996,2.167311668395996,2.1629462242126465,2.1629462242126465,21284864
2026-01-14 05:00:00+00:00,2.16294002532959,2.16294002532959,2.1575262546539307,2.1577303409576416,20236288
2026-01-14 05:15:00+00:00,2.157701015472412,2.1609246730804443,2.154759645462036,2.154759645462036,16972800
2026-01-14 05:30:00+00:00,2.1548421382904053,2.159069299697876,2.154808282852173,2.157719612121582,13806592
2026-01-14 05:45:00+00:00,2.157304525375366,2.157304525375366,2.1527507305145264,2.1527507305145264,21109760
2026-01-14 06:00:00+00:00,2.1526107788085938,2.1526107788085938,2.1427903175354004,2.1456727981567383,54728192
2026-01-14 06:15:00+00:00,2.1454033851623535,2.145799398422241,2.1409714221954346,2.1409714221954346,25121792
2026-01-14 06:30:00+00:00,2.1408891677856445,2.1409780979156494,2.1346442699432373,2.1409780979156494,37225984
2026-01-14 06:45:00+00:00,2.1410534381866455,2.1475698947906494,2.1410534381866455,2.1475698947906494,24130048
2026-01-14 07:00:00+00:00,2.1476328372955322,2.1538429260253906,2.147592306137085,2.1518514156341553,17879040
2026-01-14 07:15:00+00:00,2.1517653465270996,2.1517653465270996,2.147585153579712,2.147585153579712,12634112
2026-01-14 07:30:00+00:00,2.147554636001587,2.147554636001587,2.141714572906494,2.142218589782715,25880576
2026-01-14 07:45:00+00:00,2.1423206329345703,2.1472105979919434,2.1423206329345703,2.1468915939331055,14142976
2026-01-14 08:00:00+00:00,2.146965980529785,2.1479508876800537,2.1469006538391113,2.1479508876800537,12939264
2026-01-14 08:15:00+00:00,2.1479358673095703,2.149930477142334,2.1479358673095703,2.148794651031494,7363072
2026-01-14 08:30:00+00:00,2.1487183570861816,2.1487183570861816,2.145310401916504,2.145310401916504,4966912
2026-01-14 08:45:00+00:00,2.145296573638916,2.145296573638916,2.143519639968872,2.143519639968872,2253312
2026-01-14 09:00:00+00:00,2.1433448791503906,2.149144172668457,2.142122983932495,2.149144172668457,10604032
2026-01-14 09:15:00+00:00,2.149519443511963,2.150862216949463,2.149519443511963,2.1496987342834473,5448704
2026-01-14 09:30:00+00:00,2.149430513381958,2.150315284729004,2.148367404937744,2.1484575271606445,4217344
2026-01-14 09:45:00+00:00,2.148481607437134,2.149474620819092,2.1475729942321777,2.1475729942321777,2784768
2026-01-14 10:00:00+00:00,2.1474363803863525,2.1474363803863525,2.1461570262908936,2.146704912185669,5380096
2026-01-14 10:15:00+00:00,2.1467161178588867,2.1469779014587402,2.135021924972534,2.1352744102478027,18204672
2026-01-14 10:30:00+00:00,2.1354525089263916,2.1383447647094727,2.131664276123047,2.138174533843994,34549760
2026-01-14 10:45:00+00:00,2.1381258964538574,2.138186454772949,2.135890007019043,2.135890007019043,930304
2026-01-14 11:00:00+00:00,2.134608507156372,2.134608507156372,2.1257455348968506,2.1258552074432373,11715072
2026-01-14 11:15:00+00:00,2.1259472370147705,2.126085042953491,2.124535322189331,2.126085042953491,15910912
2026-01-14 11:30:00+00:00,2.125997543334961,2.1264617443084717,2.1218762397766113,2.1218762397766113,4819968
2026-01-14 11:45:00+00:00,2.1219611167907715,2.1219611167907715,2.11352801322937,2.11352801322937,22684160
2026-01-14 12:00:00+00:00,2.113957166671753,2.1176397800445557,2.1138875484466553,2.117612838745117,20810752
2026-01-14 12:15:00+00:00,2.1176350116729736,2.120802640914917,2.1176350116729736,2.120734930038452,13878272
2026-01-14 12:30:00+00:00,2.120762825012207,2.1238908767700195,2.1205146312713623,2.1238908767700195,15967744
2026-01-14 12:45:00+00:00,2.123386859893799,2.123988151550293,2.1222620010375977,2.123988151550293,6090752
2026-01-14 13:00:00+00:00,2.1239876747131348,2.1239876747131348,2.1196110248565674,2.120575189590454,363008
2026-01-14 13:15:00+00:00,2.1201019287109375,2.1252357959747314,2.1197283267974854,2.1252357959747314,13907968
2026-01-14 13:30:00+00:00,2.125264883041382,2.1267552375793457,2.122824192047119,2.123086452484131,0
2026-01-14 13:45:00+00:00,2.1229968070983887,2.1229968070983887,2.112910747528076,2.113337516784668,4257280
2026-01-14 14:00:00+00:00,2.1134209632873535,2.1326792240142822,2.1134209632873535,2.1326792240142822,34208768
2026-01-14 14:15:00+00:00,2.1326684951782227,2.1396660804748535,2.1320955753326416,2.1382646560668945,26164224
2026-01-14 14:30:00+00:00,2.1381330490112305,2.144514560699463,2.1366758346557617,2.144514560699463,6809088
2026-01-14 14:45:00+00:00,2.1445043087005615,2.166456937789917,2.1445043087005615,2.1597368717193604,60174336
2026-01-14 15:00:00+00:00,2.159345865249634,2.1622166633605957,2.1502764225006104,2.1622166633605957,52938752
2026-01-14 15:15:00+00:00,2.1622681617736816,2.171135902404785,2.1622681617736816,2.1704721450805664,68271616
2026-01-14 15:30:00+00:00,2.1701385974884033,2.1701385974884033,2.147120237350464,2.147120237350464,28447232
2026-01-14 15:45:00+00:00,2.1473848819732666,2.153257369995117,2.1467270851135254,2.153186082839966,23084032
2026-01-14 16:00:00+00:00,2.1532318592071533,2.1650564670562744,2.1532318592071533,2.1650564670562744,1480704
2026-01-14 16:15:00+00:00,2.1651997566223145,2.1712820529937744,2.1650185585021973,2.165137529373169,10352640
2026-01-14 16:30:00+00:00,2.1652395725250244,2.1724538803100586,2.1606321334838867,2.1671032905578613,558080
2026-01-14 16:45:00+00:00,2.166036367416382,2.169583797454834,2.1593949794769287,2.1593949794769287,6270976
2026-01-14 17:00:00+00:00,2.1595611572265625,2.1641347408294678,2.159386157989502,2.1641347408294678,0
2026-01-14 17:15:00+00:00,2.1640443801879883,2.1643640995025635,2.15974497795105,2.1612789630889893,6778880
2026-01-14 17:30:00+00:00,2.1609697341918945,2.1609697341918945,2.144817352294922,2.146991729736328,26438656
2026-01-14 17:45:00+00:00,2.1468183994293213,2.1510119438171387,2.139867067337036,2.139867067337036,21346304
2026-01-14 18:00:00+00:00,2.140044689178467,2.1437532901763916,2.1379287242889404,2.1429316997528076,2611200
2026-01-14 18:15:00+00:00,2.1426422595977783,2.1469948291778564,2.1393680572509766,2.1469948291778564,14786560
2026-01-14 18:30:00+00:00,2.147552728652954,2.1506614685058594,2.1281652450561523,2.1305696964263916,21394944
2026-01-14 18:45:00+00:00,2.1298820972442627,2.1416730880737305,2.1276705265045166,2.141538143157959,16254976
2026-01-14 19:00:00+00:00,2.1411349773406982,2.1421902179718018,2.1377456188201904,2.1421830654144287,15796736
2026-01-14 19:15:00+00:00,2.14223575592041,2.150594711303711,2.14223575592041,2.150594711303711,31512576
2026-01-14 19:30:00+00:00,2.152285575866699,2.157193422317505,2.151794195175171,2.155583381652832,26057216
2026-01-14 19:45:00+00:00,2.1554393768310547,2.1554393768310547,2.146601915359497,2.146601915359497,0
2026-01-14 20:00:00+00:00,2.146479606628418,2.156979560852051,2.1456165313720703,2.156979560852051,0
2026-01-14 20:15:00+00:00,2.1567845344543457,2.1567845344543457,2.148430347442627,2.148430347442627,0
2026-01-14 20:30:00+00:00,2.1478519439697266,2.150362014770508,2.1443030834198,2.1496758460998535,0
2026-01-14 20:45:00+00:00,2.149296283721924,2.149296283721924,2.1419012546539307,2.145051956176758,0
2026-01-14 21:00:00+00:00,2.1460258960723877,2.1485652923583984,2.145970106124878,2.145970106124878,0
2026-01-14 21:15:00+00:00,2.1456215381622314,2.148664951324463,2.1449058055877686,2.1486470699310303,0
2026-01-14 21:30:00+00:00,2.149120807647705,2.1533753871917725,2.149120807647705,2.150953531265259,0
2026-01-14 21:45:00+00:00,2.1507883071899414,2.1507883071899414,2.145698070526123,2.145749807357788,677888
2026-01-14 22:00:00+00:00,2.1459460258483887,2.146946430206299,2.143649101257324,2.1442854404449463,0
2026-01-14 22:15:00+00:00,2.1443233489990234,2.14540696144104,2.142230272293091,2.142230272293091,0
2026-01-14 22:30:00+00:00,2.1421749591827393,2.1421749591827393,2.133883237838745,2.133883237838745,0
2026-01-14 22:45:00+00:00,2.134169340133667,2.138338565826416,2.1341300010681152,2.135178804397583,0
2026-01-14 23:00:00+00:00,2.13527250289917,2.1420092582702637,2.13527250289917,2.1420092582702637,0
2026-01-14 23:15:00+00:00,2.142143964767456,2.142786741256714,2.137423276901245,2.137423276901245,0
2026-01-14 23:30:00+00:00,2.1372406482696533,2.1372406482696533,2.1330504417419434,2.136695623397827,0
2026-01-14 23:45:00+00:00,2.1368582248687744,2.1399569511413574,2.1368582248687744,2.1399569511413574,0
2026-01-15 00:00:00+00:00,2.139739513397217,2.141615629196167,2.1383068561553955,2.141615629196167,0
2026-01-15 00:15:00+00:00,2.14174222946167,2.142378330230713,2.1349191665649414,2.135089635848999,0
2026-01-15 00:30:00+00:00,2.134840965270996,2.134840965270996,2.130610227584839,2.13252329826355,0
2026-01-15 00:45:00+00:00,2.132758140563965,2.1345677375793457,2.1307191848754883,2.13077974319458,0
2026-01-15 01:00:00+00:00,2.130981922149658,2.138441324234009,2.130981922149658,2.1364190578460693,0
2026-01-15 01:15:00+00:00,2.1363565921783447,2.1363565921783447,2.1271283626556396,2.1281676292419434,949760
2026-01-15 01:30:00+00:00,2.127426862716675,2.127426862716675,2.119380474090576,2.121676445007324,10279168
2026-01-15 01:45:00+00:00,2.121788263320923,2.1222786903381348,2.1183111667633057,2.1183111667633057,0
2026-01-15 02:00:00+00:00,2.1188502311706543,2.122865915298462,2.1188502311706543,2.1201837062835693,0
2026-01-15 02:15:00+00:00,2.119574546813965,2.120969295501709,2.1183388233184814,2.1193251609802246,0
2026-01-15 02:30:00+00:00,2.1193742752075195,2.1211564540863037,2.1111111640930176,2.114696979522705,14940928
2026-01-15 02:45:00+00:00,2.1141252517700195,2.1141252517700195,2.1027777194976807,2.1029655933380127,11984128
2026-01-15 03:00:00+00:00,2.103137731552124,2.104874849319458,2.1022427082061768,2.1046667098999023,2701312
2026-01-15 03:15:00+00:00,2.1044561862945557,2.1044561862945557,2.0933444499969482,2.0935707092285156,23133440
2026-01-15 03:30:00+00:00,2.092796564102173,2.092796564102173,2.08504056930542,2.085423231124878,38005248
2026-01-15 03:45:00+00:00,2.0859196186065674,2.0884134769439697,2.0859196186065674,2.0879600048065186,12531968
2026-01-15 04:00:00+00:00,2.0879757404327393,2.0950405597686768,2.0872697830200195,2.0950405597686768,0
2026-01-15 04:15:00+00:00,2.0950357913970947,2.0982024669647217,2.0943520069122314,2.097745418548584,7667200
2026-01-15 04:30:00+00:00,2.097169876098633,2.0997815132141113,2.095998525619507,2.0997815132141113,1061632
2026-01-15 04:45:00+00:00,2.0996923446655273,2.1008644104003906,2.0996923446655273,2.1001412868499756,0
2026-01-15 05:00:00+00:00,2.100290536880493,2.102515459060669,2.0995523929595947,2.0995523929595947,0
2026-01-15 05:15:00+00:00,2.099654197692871,2.099654197692871,2.097317695617676,2.097437858581543,0
2026-01-15 05:30:00+00:00,2.0973734855651855,2.1013023853302,2.0973734855651855,2.1011600494384766,0
2026-01-15 05:45:00+00:00,2.1011874675750732,2.1014091968536377,2.0998289585113525,2.0998289585113525,0
2026-01-15 06:00:00+00:00,2.09909987449646,2.1002416610717773,2.0983006954193115,2.0983006954193115,0
2026-01-15 06:15:00+00:00,2.098029851913452,2.0983219146728516,2.0961754322052,2.0961754322052,747776
2026-01-15 06:30:00+00:00,2.0960400104522705,2.0960400104522705,2.0901994705200195,2.0901994705200195,0
2026-01-15 06:45:00+00:00,2.090179443359375,2.09281325340271,2.089656114578247,2.0923426151275635,0
2026-01-15 07:00:00+00:00,2.0922889709472656,2.092674732208252,2.0903875827789307,2.092674732208252,0
2026-01-15 07:15:00+00:00,2.092532157897949,2.0991649627685547,2.092532157897949,2.0991649627685547,0
2026-01-15 07:30:00+00:00,2.099104166030884,2.1030499935150146,2.099097967147827,2.1030499935150146,0
2026-01-15 07:45:00+00:00,2.103019952774048,2.1036274433135986,2.0990445613861084,2.099132776260376,0
2026-01-15 08:00:00+00:00,2.099113702774048,2.102400779724121,2.097515344619751,2.097515344619751,0
2026-01-15 08:15:00+00:00,2.0976037979125977,2.10107421875,2.0976037979125977,2.098342180252075,485888
2026-01-15 08:30:00+00:00,2.098081588745117,2.098677635192871,2.0959038734436035,2.098677635192871,0
2026-01-15 08:45:00+00:00,2.0989372730255127,2.102626323699951,2.0989372730255127,2.102583885192871,0
2026-01-15 09:00:00+00:00,2.1026406288146973,2.1026406288146973,2.1004974842071533,2.1004974842071533,0
2026-01-15 09:15:00+00:00,2.100148916244507,2.1020455360412598,2.0984668731689453,2.1020455360412598,678912
2026-01-15 09:30:00+00:00,2.1020638942718506,2.114133596420288,2.101186990737915,2.114133596420288,23002368
2026-01-15 09:45:00+00:00,2.1143105030059814,2.120049238204956,2.1143105030059814,2.1180505752563477,23947776
2026-01-15 10:00:00+00:00,2.118016004562378,2.118016004562378,2.114368200302124,2.114368200302124,1298688
2026-01-15 10:15:00+00:00,2.1139931678771973,2.1148147583007812,2.112804412841797,2.1129379272460938,4372736
2026-01-15 10:30:00+00:00,2.112701416015625,2.112764835357666,2.1102993488311768,2.111546039581299,0
2026-01-15 10:45:00+00:00,2.1117753982543945,2.114255666732788,2.1117753982543945,2.114255666732788,1558784
2026-01-15 11:00:00+00:00,2.1142396926879883,2.1161136627197266,2.1142396926879883,2.1161136627197266,0
2026-01-15 11:15:00+00:00,2.116729736328125,2.1188771724700928,2.1161859035491943,2.1183598041534424,0
2026-01-15 11:30:00+00:00,2.118267059326172,2.1184754371643066,2.11165189743042,2.1118547916412354,1581568
2026-01-15 11:45:00+00:00,2.111992120742798,2.112894296646118,2.1114449501037598,2.111752510070801,0
2026-01-15 12:00:00+00:00,2.111621379852295,2.11399245262146,2.1110689640045166,2.113964080810547,0
2026-01-15 12:15:00+00:00,2.1138916015625,2.1138916015625,2.109138011932373,2.1093881130218506,0
2026-01-15 12:30:00+00:00,2.1092655658721924,2.110470771789551,2.1085822582244873,2.110470771789551,0
2026-01-15 12:45:00+00:00,2.1107659339904785,2.1173367500305176,2.1107659339904785,2.1173043251037598,3873792
2026-01-15 13:00:00+00:00,2.1174821853637695,2.1174871921539307,2.1160502433776855,2.1160502433776855,2729472
2026-01-15 13:15:00+00:00,2.1160173416137695,2.122807264328003,2.1160173416137695,2.1226718425750732,1889792
2026-01-15 13:30:00+00:00,2.1227974891662598,2.1227974891662598,2.116830348968506,2.1190061569213867,0
2026-01-15 13:45:00+00:00,2.1188735961914062,2.1285560131073,2.1188735961914062,2.1280248165130615,4880896
2026-01-15 14:00:00+00:00,2.1282334327697754,2.129757881164551,2.128156900405884,2.129298210144043,0
2026-01-15 14:15:00+00:00,2.1292593479156494,2.1292593479156494,2.1243021488189697,2.1246912479400635,0
2026-01-15 14:30:00+00:00,2.123805284500122,2.123805284500122,2.098968267440796,2.098968267440796,790016
2026-01-15 14:45:00+00:00,2.0990521907806396,2.1012325286865234,2.094414234161377,2.0977988243103027,0
2026-01-15 15:00:00+00:00,2.098006010055542,2.101538896560669,2.097651720046997,2.101538896560669,0
2026-01-15 15:15:00+00:00,2.100919008255005,2.1009204387664795,2.0887868404388428,2.0887868404388428,76032
2026-01-15 15:30:00+00:00,2.088712453842163,2.089245319366455,2.08158016204834,2.0827105045318604,0
2026-01-15 15:45:00+00:00,2.0824575424194336,2.0830039978027344,2.073868989944458,2.0817711353302,34917376
2026-01-15 16:00:00+00:00,2.0828309059143066,2.0915019512176514,2.0828309059143066,2.0911362171173096,7185664
2026-01-15 16:15:00+00:00,2.0910911560058594,2.094240665435791,2.0907487869262695,2.091264486312866,0
2026-01-15 16:30:00+00:00,2.09114670753479,2.09114670753479,2.0860047340393066,2.0908398628234863,0
2026-01-15 16:45:00+00:00,2.0906755924224854,2.091810941696167,2.0906755924224854,2.091810941696167,0
2026-01-15 17:00:00+00:00,2.0914762020111084,2.0916476249694824,2.0835375785827637,2.0862033367156982,0
2026-01-15 17:15:00+00:00,2.085860013961792,2.08634090423584,2.084772825241089,2.08634090423584,0
2026-01-15 17:30:00+00:00,2.0864078998565674,2.0940744876861572,2.0864078998565674,2.0940744876861572,0
2026-01-15 17:45:00+00:00,2.0938477516174316,2.0946836471557617,2.081815719604492,2.081815719604492,0
2026-01-15 18:00:00+00:00,2.0813112258911133,2.0813112258911133,2.0752527713775635,2.0752527713775635,2848256
2026-01-15 18:15:00+00:00,2.07401967048645,2.0746943950653076,2.07194185256958,2.0746943950653076,0
2026-01-15 18:30:00+00:00,2.0746777057647705,2.0762827396392822,2.0675578117370605,2.0675578117370605,1523456
2026-01-15 18:45:00+00:00,2.06819748878479,2.0725948810577393,2.067533254623413,2.071742057800293,20224
2026-01-15 19:00:00+00:00,2.071991443634033,2.071991443634033,2.0646355152130127,2.0683460235595703,0
2026-01-15 19:15:00+00:00,2.066585063934326,2.0694503784179688,2.0632314682006836,2.0632314682006836,0
2026-01-15 19:30:00+00:00,2.0630388259887695,2.0630388259887695,2.0550761222839355,2.055974006652832,13280768
2026-01-15 19:45:00+00:00,2.056257963180542,2.065410852432251,2.056257963180542,2.0640292167663574,11614464
2026-01-15 20:00:00+00:00,2.064408540725708,2.0690855979919434,2.064408540725708,2.0687613487243652,1974784
2026-01-15 20:15:00+00:00,2.0684728622436523,2.0684728622436523,2.061222791671753,2.061222791671753,0
2026-01-15 20:30:00+00:00,2.0602262020111084,2.0635108947753906,2.059657335281372,2.0620172023773193,0
2026-01-15 20:45:00+00:00,2.061704635620117,2.065714120864868,2.0603280067443848,2.065714120864868,730112
2026-01-15 21:00:00+00:00,2.064225673675537,2.066471815109253,2.062972068786621,2.066455125808716,3511296
2026-01-15 21:15:00+00:00,2.066566228866577,2.0722603797912598,2.066566228866577,2.0722274780273438,2387712
2026-01-15 21:30:00+00:00,2.0722453594207764,2.0727345943450928,2.070939302444458,2.0710463523864746,1230336
2026-01-15 21:45:00+00:00,2.0710439682006836,2.0726587772369385,2.0710439682006836,2.072629451751709,442624
2026-01-15 22:00:00+00:00,2.072866916656494,2.0733835697174072,2.0723249912261963,2.0723249912261963,1734912
2026-01-15 22:15:00+00:00,2.0721099376678467,2.0743892192840576,2.070636510848999,2.0743892192840576,2416640
2026-01-15 22:30:00+00:00,2.074429988861084,2.0771634578704834,2.074429988861084,2.077049493789673,0
2026-01-15 22:45:00+00:00,2.0769875049591064,2.077141761779785,2.0752973556518555,2.0752973556518555,0
2026-01-15 23:00:00+00:00,2.075399160385132,2.075399160385132,2.072072744369507,2.0743958950042725,1573120
2026-01-15 23:15:00+00:00,2.0747766494750977,2.0788562297821045,2.0747766494750977,2.077911853790283,0
2026-01-15 23:30:00+00:00,2.077831506729126,2.077831506729126,2.074514865875244,2.074577569961548,0
2026-01-15 23:45:00+00:00,2.0746147632598877,2.078115940093994,2.0745182037353516,2.078115940093994,0
2026-01-16 00:00:00+00:00,2.0781655311584473,2.079460859298706,2.077022075653076,2.077022075653076,0
2026-01-16 00:15:00+00:00,2.0771079063415527,2.078697681427002,2.0771079063415527,2.078697681427002,1489920
2026-01-16 00:30:00+00:00,2.0788612365722656,2.0844645500183105,2.0788612365722656,2.084265947341919,0
2026-01-16 00:45:00+00:00,2.084178924560547,2.0848352909088135,2.0832090377807617,2.0832090377807617,0
2026-01-16 01:00:00+00:00,2.083038568496704,2.083038568496704,2.0762600898742676,2.0764708518981934,0
2026-01-16 01:15:00+00:00,2.0764405727386475,2.078429937362671,2.0764405727386475,2.078429937362671,1213184
2026-01-16 01:30:00+00:00,2.078716516494751,2.08253812789917,2.078716516494751,2.0798699855804443,0
2026-01-16 01:45:00+00:00,2.0798232555389404,2.080207347869873,2.0784308910369873,2.0784308910369873,0
2026-01-16 02:00:00+00:00,2.078129291534424,2.078129291534424,2.0700137615203857,2.0700137615203857,943872
2026-01-16 02:15:00+00:00,2.0700583457946777,2.0709893703460693,2.0675477981567383,2.0709893703460693,3342848
2026-01-16 02:30:00+00:00,2.0711658000946045,2.0732052326202393,2.068203926086426,2.0682778358459473,0
2026-01-16 02:45:00+00:00,2.0683488845825195,2.0726308822631836,2.0681629180908203,2.0726308822631836,0
2026-01-16 03:00:00+00:00,2.0729262828826904,2.0775229930877686,2.0729262828826904,2.0775229930877686,0
2026-01-16 03:15:00+00:00,2.077521324157715,2.077521324157715,2.0732414722442627,2.0732414722442627,0
2026-01-16 03:30:00+00:00,2.073173761367798,2.073173761367798,2.067255973815918,2.0672874450683594,0
2026-01-16 03:45:00+00:00,2.067084550857544,2.067084550857544,2.0654938220977783,2.0654938220977783,0
2026-01-16 04:00:00+00:00,2.0654168128967285,2.0666351318359375,2.0649797916412354,2.066439628601074,0
2026-01-16 04:15:00+00:00,2.0664703845977783,2.0690221786499023,2.0664703845977783,2.0690221786499023,0
2026-01-16 04:30:00+00:00,2.0687177181243896,2.0687177181243896,2.0601539611816406,2.060211658477783,11246336
2026-01-16 04:45:00+00:00,2.0602219104766846,2.0614993572235107,2.0584867000579834,2.0587894916534424,7015424
2026-01-16 05:00:00+00:00,2.0595877170562744,2.0652554035186768,2.0595877170562744,2.0652554035186768,220416
2026-01-16 05:15:00+00:00,2.0652413368225098,2.0652413368225098,2.06327486038208,2.0634443759918213,1858048
2026-01-16 05:30:00+00:00,2.0644280910491943,2.0689144134521484,2.0644280910491943,2.0689144134521484,4139264
2026-01-16 05:45:00+00:00,2.068960666656494,2.071460485458374,2.068960666656494,2.071460485458374,6186752
2026-01-16 06:00:00+00:00,2.0714097023010254,2.071455240249634,2.0675225257873535,2.0675761699676514,683776
2026-01-16 06:15:00+00:00,2.0676376819610596,2.0697388648986816,2.0676376819610596,2.069709539413452,0
2026-01-16 06:30:00+00:00,2.0698065757751465,2.073035955429077,2.0698065757751465,2.073035955429077,1981952
2026-01-16 06:45:00+00:00,2.0730226039886475,2.0739376544952393,2.072401285171509,2.072458267211914,4462080
2026-01-16 07:00:00+00:00,2.0725479125976562,2.072889566421509,2.0722193717956543,2.072889566421509,0
2026-01-16 07:15:00+00:00,2.0729546546936035,2.075636148452759,2.0729546546936035,2.074772357940674,0
2026-01-16 07:30:00+00:00,2.0734903812408447,2.0734918117523193,2.06961989402771,2.069650650024414,0
2026-01-16 07:45:00+00:00,2.0696537494659424,2.071711778640747,2.0696537494659424,2.071711778640747,0
2026-01-16 08:00:00+00:00,2.071716785430908,2.0778889656066895,2.071716785430908,2.077575922012329,3094528
2026-01-16 08:15:00+00:00,2.0775792598724365,2.078662395477295,2.076075792312622,2.0762064456939697,0
2026-01-16 08:30:00+00:00,2.076246738433838,2.0763895511627197,2.073427677154541,2.073582649230957,738048
2026-01-16 08:45:00+00:00,2.073929786682129,2.075223207473755,2.073929786682129,2.0742671489715576,0
2026-01-16 09:00:00+00:00,2.073923110961914,2.0749731063842773,2.0710837841033936,2.0715243816375732,8868096
2026-01-16 09:15:00+00:00,2.0716114044189453,2.0716114044189453,2.067850112915039,2.068108081817627,0
2026-01-16 09:30:00+00:00,2.0686140060424805,2.0686140060424805,2.0679752826690674,2.068485736846924,0
2026-01-16 09:45:00+00:00,2.068455457687378,2.068455457687378,2.0668106079101562,2.0668106079101562,0
2026-01-16 10:00:00+00:00,2.0668182373046875,2.0668182373046875,2.0647976398468018,2.065221071243286,0
2026-01-16 10:15:00+00:00,2.065157175064087,2.065157175064087,2.063018321990967,2.063880205154419,0
2026-01-16 10:30:00+00:00,2.063868761062622,2.063969135284424,2.061897039413452,2.061897039413452,0
2026-01-16 10:45:00+00:00,2.0619285106658936,2.062134027481079,2.059514284133911,2.0605990886688232,12662528
2026-01-16 11:00:00+00:00,2.060606002807617,2.0620498657226562,2.0602359771728516,2.0618937015533447,20992
2026-01-16 11:15:00+00:00,2.0615577697753906,2.0631117820739746,2.059738874435425,2.0631117820739746,3120896
2026-01-16 11:30:00+00:00,2.062913656234741,2.0638351440429688,2.062670946121216,2.062670946121216,0
2026-01-16 11:45:00+00:00,2.0624570846557617,2.0640461444854736,2.0613045692443848,2.063974142074585,1025792
2026-01-16 12:00:00+00:00,2.064066171646118,2.0647189617156982,2.06381893157959,2.0642833709716797,0
2026-01-16 12:15:00+00:00,2.064378023147583,2.0661227703094482,2.064378023147583,2.0661227703094482,6134272
2026-01-16 12:30:00+00:00,2.0654923915863037,2.0654923915863037,2.061203718185425,2.0616061687469482,13905920
2026-01-16 12:45:00+00:00,2.061753749847412,2.0624945163726807,2.060791015625,2.0624678134918213,833536
2026-01-16 13:00:00+00:00,2.0624425411224365,2.0624425411224365,2.05991530418396,2.0605084896087646,2516992
2026-01-16 13:15:00+00:00,2.0605502128601074,2.0612895488739014,2.0603232383728027,2.0605924129486084,0
2026-01-16 13:30:00+00:00,2.0606539249420166,2.0607006549835205,2.0547585487365723,2.0554940700531006,13796608
2026-01-16 13:45:00+00:00,2.055567741394043,2.0580642223358154,2.055567741394043,2.0573930740356445,584960
2026-01-16 14:00:00+00:00,2.057375192642212,2.0605313777923584,2.057375192642212,2.058114528656006,1807616
2026-01-16 14:15:00+00:00,2.0580880641937256,2.0600812435150146,2.0572152137756348,2.0600812435150146,0
2026-01-16 14:30:00+00:00,2.060619831085205,2.063001871109009,2.0591652393341064,2.0594258308410645,0
2026-01-16 14:45:00+00:00,2.0593459606170654,2.059720039367676,2.057483434677124,2.058177947998047,0
2026-01-16 15:00:00+00:00,2.0579946041107178,2.062319278717041,2.054170846939087,2.062319278717041,972032
2026-01-16 15:15:00+00:00,2.0620691776275635,2.0620691776275635,2.0470633506774902,2.0470633506774902,14736640
2026-01-16 15:30:00+00:00,2.0435028076171875,2.0435028076171875,2.035783529281616,2.035783529281616,51194112
2026-01-16 15:45:00+00:00,2.035616636276245,2.035616636276245,2.0294852256774902,2.03342866897583,7282944
2026-01-16 16:00:00+00:00,2.033100128173828,2.038041591644287,2.031675100326538,2.036591053009033,2841856
2026-01-16 16:15:00+00:00,2.0372140407562256,2.041987419128418,2.0372140407562256,2.041987419128418,8963328
2026-01-16 16:30:00+00:00,2.0417542457580566,2.0438199043273926,2.0388925075531006,2.0438199043273926,0
2026-01-16 16:45:00+00:00,2.0437073707580566,2.0447683334350586,2.0423097610473633,2.0424277782440186,10903040
2026-01-16 17:00:00+00:00,2.0425426959991455,2.0438122749328613,2.03905987739563,2.03905987739563,12800
2026-01-16 17:15:00+00:00,2.040362596511841,2.043914794921875,2.040362596511841,2.0418708324432373,700928
2026-01-16 17:30:00+00:00,2.043689250946045,2.0485706329345703,2.043689250946045,2.0485706329345703,2144000
2026-01-16 17:45:00+00:00,2.048743963241577,2.0500285625457764,2.048165798187256,2.0493087768554688,0
2026-01-16 18:00:00+00:00,2.0498759746551514,2.0512092113494873,2.048609972000122,2.048609972000122,0
2026-01-16 18:15:00+00:00,2.0472967624664307,2.0509707927703857,2.0472967624664307,2.050809383392334,0
2026-01-16 18:30:00+00:00,2.050748109817505,2.05083966255188,2.049140214920044,2.04990291595459,0
2026-01-16 18:45:00+00:00,2.0499041080474854,2.0509090423583984,2.04923677444458,2.04923677444458,0
2026-01-16 19:00:00+00:00,2.0491442680358887,2.0491442680358887,2.0437023639678955,2.043883800506592,0
2026-01-16 19:15:00+00:00,2.0440893173217773,2.0462958812713623,2.043335199356079,2.046067714691162,0
2026-01-16 19:30:00+00:00,2.0454347133636475,2.053940773010254,2.0454347133636475,2.053558111190796,3052544
2026-01-16 19:45:00+00:00,2.0534956455230713,2.054643154144287,2.0533084869384766,2.0533344745635986,0
2026-01-16 20:00:00+00:00,2.053391456604004,2.053576707839966,2.0481743812561035,2.049755334854126,0
2026-01-16 20:15:00+00:00,2.0501086711883545,2.057339668273926,2.0501086711883545,2.057339668273926,643840
2026-01-16 20:30:00+00:00,2.0575971603393555,2.066437244415283,2.0575971603393555,2.066437244415283,9935104
2026-01-16 20:45:00+00:00,2.0672693252563477,2.0764620304107666,2.0672693252563477,2.0764620304107666,17408768
2026-01-16 21:00:00+00:00,2.0776612758636475,2.0776612758636475,2.075751543045044,2.076798677444458,7645696
2026-01-16 21:15:00+00:00,2.0718226432800293,2.07253360748291,2.070843458175659,2.072478771209717,28335360
2026-01-16 21:30:00+00:00,2.07485032081604,2.0766687393188477,2.07485032081604,2.0766379833221436,642048
2026-01-16 21:45:00+00:00,2.0766539573669434,2.0766539573669434,2.074113368988037,2.074113368988037,0
2026-01-16 22:00:00+00:00,2.074140787124634,2.074140787124634,2.0720019340515137,2.072176933288574,0
2026-01-16 22:15:00+00:00,2.0721278190612793,2.0745327472686768,2.0721278190612793,2.0743460655212402,1476864
2026-01-16 22:30:00+00:00,2.074051856994629,2.074063777923584,2.069570779800415,2.069570779800415,0
2026-01-16 22:45:00+00:00,2.0697004795074463,2.0727217197418213,2.0697004795074463,2.0727217197418213,3535104
2026-01-16 23:00:00+00:00,2.0728423595428467,2.0728423595428467,2.0697808265686035,2.0698587894439697,0
2026-01-16 23:15:00+00:00,2.069880962371826,2.070404291152954,2.069059133529663,2.070404291152954,694272
2026-01-16 23:30:00+00:00,2.070470094680786,2.0706863403320312,2.068434953689575,2.068434953689575,561152
2026-01-16 23:45:00+00:00,2.068425416946411,2.0692543983459473,2.0679447650909424,2.0681228637695312,1672960
2026-01-17 00:00:00+00:00,2.068063259124756,2.068063259124756,2.065246820449829,2.0658371448516846,0
2026-01-17 00:15:00+00:00,2.0658743381500244,2.067556142807007,2.0656068325042725,2.067502498626709,0
2026-01-17 00:30:00+00:00,2.0676066875457764,2.0676066875457764,2.064000129699707,2.064035177230835,70144
2026-01-17 00:45:00+00:00,2.0641345977783203,2.0641345977783203,2.062657356262207,2.0635805130004883,2579712
2026-01-17 01:00:00+00:00,2.0635006427764893,2.064466953277588,2.0627169609069824,2.064016580581665,10752
2026-01-17 01:15:00+00:00,2.0640573501586914,2.0670504570007324,2.06396746635437,2.0666773319244385,368896
2026-01-17 01:30:00+00:00,2.0672295093536377,2.0672295093536377,2.0649008750915527,2.0649008750915527,219392
2026-01-17 01:45:00+00:00,2.0649826526641846,2.0661118030548096,2.0649826526641846,2.066044330596924,1264384
2026-01-17 02:00:00+00:00,2.066009044647217,2.066009044647217,2.0617265701293945,2.0617265701293945,0
2026-01-17 02:15:00+00:00,2.061657428741455,2.0620315074920654,2.060919761657715,2.061282157897949,0
2026-01-17 02:30:00+00:00,2.0611886978149414,2.0611886978149414,2.05964994430542,2.05964994430542,0
2026-01-17 02:45:00+00:00,2.0595955848693848,2.0605616569519043,2.0591228008270264,2.0605616569519043,0
2026-01-17 03:00:00+00:00,2.0606508255004883,2.0613949298858643,2.0606508255004883,2.061248779296875,0
2026-01-17 03:15:00+00:00,2.0612263679504395,2.0612263679504395,2.0605502128601074,2.0605502128601074,0
2026-01-17 03:30:00+00:00,2.060535430908203,2.060535430908203,2.055966377258301,2.055966377258301,0
2026-01-17 03:45:00+00:00,2.05574631690979,2.05574631690979,2.0540659427642822,2.0547049045562744,8924928
2026-01-17 04:00:00+00:00,2.054574728012085,2.0569159984588623,2.054574728012085,2.0569159984588623,653568
2026-01-17 04:15:00+00:00,2.056962013244629,2.0585834980010986,2.0561366081237793,2.0585834980010986,472064
2026-01-17 04:30:00+00:00,2.0587658882141113,2.0618209838867188,2.0587658882141113,2.0603110790252686,0
2026-01-17 04:45:00+00:00,2.060380697250366,2.0637433528900146,2.060380697250366,2.063741445541382,0
2026-01-17 05:00:00+00:00,2.0635576248168945,2.0635576248168945,2.061811923980713,2.061811923980713,0
2026-01-17 05:15:00+00:00,2.061443328857422,2.0624542236328125,2.06027889251709,2.062361717224121,29952
2026-01-17 05:30:00+00:00,2.062382459640503,2.0641119480133057,2.0615010261535645,2.0641119480133057,0
2026-01-17 05:45:00+00:00,2.0641205310821533,2.0646753311157227,2.0631465911865234,2.0631465911865234,0
2026-01-17 06:00:00+00:00,2.0631277561187744,2.0631277561187744,2.061948299407959,2.0620179176330566,0
2026-01-17 06:15:00+00:00,2.062011480331421,2.062011480331421,2.060664176940918,2.060736656188965,0
2026-01-17 06:30:00+00:00,2.060600519180298,2.0616061687469482,2.0604987144470215,2.0615932941436768,0
2026-01-17 06:45:00+00:00,2.0614256858825684,2.0614256858825684,2.0592901706695557,2.059725522994995,0
2026-01-17 07:00:00+00:00,2.0590929985046387,2.0590929985046387,2.056389570236206,2.0564563274383545,0
2026-01-17 07:15:00+00:00,2.056321859359741,2.058304786682129,2.056321859359741,2.0583019256591797,0
2026-01-17 07:30:00+00:00,2.0583462715148926,2.0596749782562256,2.0583462715148926,2.0595436096191406,0
2026-01-17 07:45:00+00:00,2.059553384780884,2.0597569942474365,2.0580785274505615,2.0580785274505615,0
2026-01-17 08:00:00+00:00,2.057513475418091,2.0591676235198975,2.0574963092803955,2.0590569972991943,0
2026-01-17 08:15:00+00:00,2.059135675430298,2.059785842895508,2.0589938163757324,2.059079170227051,0
2026-01-17 08:30:00+00:00,2.059216260910034,2.0602128505706787,2.0591986179351807,2.0595810413360596,0
2026-01-17 08:45:00+00:00,2.05959415435791,2.0613784790039062,2.05918288230896,2.0613043308258057,488704
2026-01-17 09:00:00+00:00,2.0613362789154053,2.0627338886260986,2.0613362789154053,2.0621657371520996,0
2026-01-17 09:15:00+00:00,2.0621297359466553,2.0623786449432373,2.0615854263305664,2.0623786449432373,0
2026-01-17 09:30:00+00:00,2.062974214553833,2.0636868476867676,2.0622718334198,2.063509225845337,2233472
2026-01-17 09:45:00+00:00,2.0636141300201416,2.064995050430298,2.063220500946045,2.063220500946045,8810880
2026-01-17 10:00:00+00:00,2.063170909881592,2.063417434692383,2.0620474815368652,2.063098669052124,0
2026-01-17 10:15:00+00:00,2.0632035732269287,2.0656235218048096,2.0632035732269287,2.0650360584259033,0
2026-01-17 10:30:00+00:00,2.06520676612854,2.065577507019043,2.0641305446624756,2.064396858215332,0
2026-01-17 10:45:00+00:00,2.0643062591552734,2.0643062591552734,2.061383008956909,2.061383008956909,0
2026-01-17 11:00:00+00:00,2.0613603591918945,2.0613603591918945,2.057659149169922,2.0583927631378174,955648
2026-01-17 11:15:00+00:00,2.058424949645996,2.062011480331421,2.058424949645996,2.062011480331421,0
2026-01-17 11:30:00+00:00,2.062119960784912,2.062624454498291,2.0615744590759277,2.0615744590759277,0
2026-01-17 11:45:00+00:00,2.0615339279174805,2.061797857284546,2.060396909713745,2.0614702701568604,0
2026-01-17 12:00:00+00:00,2.061433792114258,2.06196928024292,2.0607197284698486,2.06196928024292,0
2026-01-17 12:15:00+00:00,2.0619571208953857,2.0624592304229736,2.060368299484253,2.0604796409606934,0
2026-01-17 12:30:00+00:00,2.060499429702759,2.0605742931365967,2.059243679046631,2.059243679046631,0
2026-01-17 12:45:00+00:00,2.059140682220459,2.059140682220459,2.058610677719116,2.059128761291504,0
2026-01-17 13:00:00+00:00,2.0591695308685303,2.059978485107422,2.058793783187866,2.059978485107422,0
2026-01-17 13:15:00+00:00,2.0600829124450684,2.062028408050537,2.0600829124450684,2.061370611190796,0
2026-01-17 13:30:00+00:00,2.0614006519317627,2.0621321201324463,2.060575485229492,2.0616745948791504,0
2026-01-17 13:45:00+00:00,2.061659812927246,2.0624475479125977,2.0614986419677734,2.0615673065185547,0
2026-01-17 14:00:00+00:00,2.061589002609253,2.061589002609253,2.059866189956665,2.0608670711517334,0
2026-01-17 14:15:00+00:00,2.0612525939941406,2.065056085586548,2.0612525939941406,2.0644285678863525,0
2026-01-17 14:30:00+00:00,2.064396858215332,2.076929807662964,2.064396858215332,2.076512098312378,6850816
2026-01-17 14:45:00+00:00,2.076651096343994,2.076651096343994,2.0735223293304443,2.0735480785369873,0
2026-01-17 15:00:00+00:00,2.073564291000366,2.073960781097412,2.0721213817596436,2.0721213817596436,0
2026-01-17 15:15:00+00:00,2.07275128364563,2.0771255493164062,2.07275128364563,2.076127529144287,17641984
2026-01-17 15:30:00+00:00,2.076223373413086,2.077242851257324,2.075490951538086,2.0771565437316895,0
2026-01-17 15:45:00+00:00,2.077141761779785,2.0804269313812256,2.0768706798553467,2.0804269313812256,0
2026-01-17 16:00:00+00:00,2.0804357528686523,2.0804357528686523,2.078566789627075,2.078566789627075,0
2026-01-17 16:15:00+00:00,2.0785627365112305,2.0785627365112305,2.0725512504577637,2.0725512504577637,0
2026-01-17 16:30:00+00:00,2.0729126930236816,2.073296546936035,2.07019305229187,2.0722174644470215,1105664
2026-01-17 16:45:00+00:00,2.072036027908325,2.0721919536590576,2.0704104900360107,2.0721919536590576,0
2026-01-17 17:00:00+00:00,2.072157859802246,2.0759053230285645,2.072157859802246,2.075756549835205,0
2026-01-17 17:15:00+00:00,2.0757384300231934,2.076146364212036,2.0754029750823975,2.07562255859375,0
2026-01-17 17:30:00+00:00,2.0756726264953613,2.0770418643951416,2.0752713680267334,2.0770418643951416,0
2026-01-17 17:45:00+00:00,2.077256202697754,2.0778565406799316,2.0731217861175537,2.0732057094573975,0
2026-01-17 18:00:00+00:00,2.075932502746582,2.0786399841308594,2.0745773315429688,2.0747311115264893,10433280
2026-01-17 18:15:00+00:00,2.074580430984497,2.0756895542144775,2.074284076690674,2.0756895542144775,0
2026-01-17 18:30:00+00:00,2.0756607055664062,2.075896739959717,2.0750865936279297,2.0750865936279297,0
2026-01-17 18:45:00+00:00,2.075044870376587,2.075044870376587,2.0735223293304443,2.0735223293304443,0
2026-01-17 19:00:00+00:00,2.074349880218506,2.075211524963379,2.0741324424743652,2.075211524963379,0
2026-01-17 19:15:00+00:00,2.0754518508911133,2.0757579803466797,2.073800802230835,2.073800802230835,1108864
2026-01-17 19:30:00+00:00,2.0739336013793945,2.075864791870117,2.073702335357666,2.0757062435150146,0
2026-01-17 19:45:00+00:00,2.0754952430725098,2.0754952430725098,2.0734753608703613,2.0734753608703613,0
2026-01-17 20:00:00+00:00,2.073197841644287,2.073197841644287,2.0718307495117188,2.0718307495117188,0
2026-01-17 20:15:00+00:00,2.072046995162964,2.0739970207214355,2.0719046592712402,2.0732603073120117,0
2026-01-17 20:30:00+00:00,2.0732479095458984,2.0732479095458984,2.071087598800659,2.071087598800659,0
2026-01-17 20:45:00+00:00,2.071035385131836,2.0716516971588135,2.071035385131836,2.071230888366699,0
2026-01-17 21:00:00+00:00,2.0712246894836426,2.0712246894836426,2.070152759552002,2.070152759552002,0
2026-01-17 21:15:00+00:00,2.069911479949951,2.069911479949951,2.0680203437805176,2.0680203437805176,0
2026-01-17 21:30:00+00:00,2.0680081844329834,2.0680081844329834,2.0664689540863037,2.0669806003570557,2588672
2026-01-17 21:45:00+00:00,2.067146062850952,2.0691404342651367,2.067146062850952,2.067901134490967,0
2026-01-17 22:00:00+00:00,2.0679008960723877,2.0680718421936035,2.0670957565307617,2.0670957565307617,0
2026-01-17 22:15:00+00:00,2.0663840770721436,2.067539691925049,2.0660507678985596,2.0660507678985596,39808
2026-01-17 22:30:00+00:00,2.0661609172821045,2.0661609172821045,2.061570882797241,2.0623724460601807,3347712
2026-01-17 22:45:00+00:00,2.0622355937957764,2.0645651817321777,2.060720205307007,2.0645651817321777,0
2026-01-17 23:00:00+00:00,2.064143419265747,2.0651307106018066,2.0638785362243652,2.0650157928466797,283392
2026-01-17 23:15:00+00:00,2.0652318000793457,2.0652318000793457,2.062868118286133,2.062868118286133,521728
2026-01-17 23:30:00+00:00,2.0628511905670166,2.063892364501953,2.0626418590545654,2.063534736633301,0
2026-01-17 23:45:00+00:00,2.063448190689087,2.063448190689087,2.0623984336853027,2.062424898147583,271104
2026-01-18 00:00:00+00:00,2.0625979900360107,2.0640604496002197,2.061831474304199,2.0640604496002197,0
2026-01-18 00:15:00+00:00,2.0644147396087646,2.0659666061401367,2.0644147396087646,2.0652618408203125,2788224
2026-01-18 00:30:00+00:00,2.065187692642212,2.065187692642212,2.06144380569458,2.061497211456299,1123968
2026-01-18 00:45:00+00:00,2.061440944671631,2.061440944671631,2.0596420764923096,2.059678554534912,0
2026-01-18 01:00:00+00:00,2.059591293334961,2.059591293334961,2.0557937622070312,2.0557940006256104,12972288
2026-01-18 01:15:00+00:00,2.0557632446289062,2.0576894283294678,2.055445432662964,2.0573103427886963,9659392
2026-01-18 01:30:00+00:00,2.0574119091033936,2.058159589767456,2.056781053543091,2.056781053543091,1969664
2026-01-18 01:45:00+00:00,2.0566999912261963,2.0566999912261963,2.050802707672119,2.05094313621521,17348992
2026-01-18 02:00:00+00:00,2.0510289669036865,2.0542726516723633,2.051023006439209,2.0542726516723633,2262400
2026-01-18 02:15:00+00:00,2.054227113723755,2.05584454536438,2.0534839630126953,2.0535566806793213,3080704
2026-01-18 02:30:00+00:00,2.053629159927368,2.053629159927368,2.0497312545776367,2.0504586696624756,5702656
2026-01-18 02:45:00+00:00,2.050457000732422,2.0525388717651367,2.050457000732422,2.0523643493652344,1990272
2026-01-18 03:00:00+00:00,2.052427291870117,2.054544687271118,2.0522115230560303,2.0537660121917725,12203136
2026-01-18 03:15:00+00:00,2.0534040927886963,2.054288625717163,2.0529303550720215,2.054288625717163,5347456
2026-01-18 03:30:00+00:00,2.054424524307251,2.059025287628174,2.054424524307251,2.0590131282806396,778112
2026-01-18 03:45:00+00:00,2.0590314865112305,2.0590314865112305,2.0576467514038086,2.0576467514038086,0
2026-01-18 04:00:00+00:00,2.0575454235076904,2.0575454235076904,2.0542960166931152,2.0543229579925537,0
2026-01-18 04:15:00+00:00,2.0545170307159424,2.0545170307159424,2.0537197589874268,2.0539984703063965,0
2026-01-18 04:30:00+00:00,2.0540478229522705,2.0542590618133545,2.0530524253845215,2.0538580417633057,0
2026-01-18 04:45:00+00:00,2.0538249015808105,2.054824113845825,2.0538249015808105,2.0546767711639404,0
2026-01-18 05:00:00+00:00,2.054704427719116,2.054704427719116,2.0527477264404297,2.053574800491333,0
2026-01-18 05:15:00+00:00,2.053691864013672,2.0546562671661377,2.053691864013672,2.053783655166626,4571648
2026-01-18 05:30:00+00:00,2.053692579269409,2.053692579269409,2.050252676010132,2.05122971534729,13570432
2026-01-18 05:45:00+00:00,2.0517170429229736,2.054741621017456,2.0517170429229736,2.0544655323028564,9864448
2026-01-18 06:00:00+00:00,2.0543861389160156,2.0563650131225586,2.054252862930298,2.0563650131225586,530560
2026-01-18 06:15:00+00:00,2.0563747882843018,2.056691884994507,2.0555596351623535,2.05637526512146,56576
2026-01-18 06:30:00+00:00,2.056321859359741,2.0580697059631348,2.055868148803711,2.0580697059631348,892032
2026-01-18 06:45:00+00:00,2.0580523014068604,2.058502674102783,2.0576112270355225,2.0577125549316406,267520
2026-01-18 07:00:00+00:00,2.0577471256256104,2.058344841003418,2.0552823543548584,2.0552823543548584,1899008
2026-01-18 07:15:00+00:00,2.0552103519439697,2.0552423000335693,2.0548031330108643,2.0552423000335693,1709952
2026-01-18 07:30:00+00:00,2.0553321838378906,2.0553977489471436,2.0528016090393066,2.0533854961395264,6165120
2026-01-18 07:45:00+00:00,2.053403377532959,2.0538666248321533,2.0533149242401123,2.0533149242401123,1078912
2026-01-18 08:00:00+00:00,2.053182601928711,2.053182601928711,2.0510098934173584,2.0510425567626953,2553344
2026-01-18 08:15:00+00:00,2.05118465423584,2.053522825241089,2.0510611534118652,2.053522825241089,1451392
2026-01-18 08:30:00+00:00,2.0534191131591797,2.0571770668029785,2.0534191131591797,2.0571770668029785,256896
2026-01-18 08:45:00+00:00,2.057161569595337,2.057955741882324,2.056670665740967,2.057861804962158,21376
2026-01-18 09:00:00+00:00,2.057634115219116,2.057634115219116,2.056291103363037,2.0565741062164307,577920
2026-01-18 09:15:00+00:00,2.056488275527954,2.056870222091675,2.055833578109741,2.0561282634735107,496000
2026-01-18 09:30:00+00:00,2.05611252784729,2.058208703994751,2.0561017990112305,2.0581624507904053,4617728
2026-01-18 09:45:00+00:00,2.058105945587158,2.060504913330078,2.0578107833862305,2.060353994369507,0
2026-01-18 10:00:00+00:00,2.060284376144409,2.060284376144409,2.0554730892181396,2.0554730892181396,4295680
2026-01-18 10:15:00+00:00,2.0555036067962646,2.055748701095581,2.055058002471924,2.055058002471924,611072
2026-01-18 10:30:00+00:00,2.05507755279541,2.0552823543548584,2.0546815395355225,2.0551302433013916,0
2026-01-18 10:45:00+00:00,2.055128574371338,2.0569939613342285,2.055009126663208,2.056957244873047,3975296
2026-01-18 11:00:00+00:00,2.056868314743042,2.056868314743042,2.0550594329833984,2.0551445484161377,0
2026-01-18 11:15:00+00:00,2.0551390647888184,2.055299997329712,2.0546116828918457,2.0546116828918457,1433216
2026-01-18 11:30:00+00:00,2.054440975189209,2.054440975189209,2.053635835647583,2.0539305210113525,872704
2026-01-18 11:45:00+00:00,2.054115056991577,2.0549161434173584,2.053938865661621,2.0547025203704834,1379840
2026-01-18 12:00:00+00:00,2.054723024368286,2.054723024368286,2.05311918258667,2.0534424781799316,1678592
2026-01-18 12:15:00+00:00,2.053374767303467,2.0538477897644043,2.0530664920806885,2.0538477897644043,0
2026-01-18 12:30:00+00:00,2.0544991493225098,2.0551114082336426,2.0544168949127197,2.0551114082336426,704128
2026-01-18 12:45:00+00:00,2.055152416229248,2.055152416229248,2.052941083908081,2.052941083908081,1341568
2026-01-18 13:00:00+00:00,2.0528719425201416,2.0528719425201416,2.049347400665283,2.0495262145996094,6482432
2026-01-18 13:15:00+00:00,2.049391269683838,2.050591468811035,2.0483529567718506,2.0491514205932617,3123328
2026-01-18 13:30:00+00:00,2.049159526824951,2.052269697189331,2.0485641956329346,2.052269697189331,5585280
2026-01-18 13:45:00+00:00,2.0522873401641846,2.05271315574646,2.0516881942749023,2.0516881942749023,1295360
2026-01-18 14:00:00+00:00,2.0516834259033203,2.0516834259033203,2.0502939224243164,2.051424741744995,1828480
2026-01-18 14:15:00+00:00,2.051870107650757,2.0574913024902344,2.051870107650757,2.0574028491973877,6976384
2026-01-18 14:30:00+00:00,2.057281732559204,2.0579214096069336,2.053964138031006,2.053964138031006,252544
2026-01-18 14:45:00+00:00,2.0539345741271973,2.0539345741271973,2.051835060119629,2.051835060119629,0
2026-01-18 15:00:00+00:00,2.0518765449523926,2.0518765449523926,2.0475103855133057,2.048109769821167,0
2026-01-18 15:15:00+00:00,2.048213005065918,2.0513532161712646,2.048213005065918,2.0509133338928223,0
2026-01-18 15:30:00+00:00,2.050886869430542,2.050886869430542,2.0499019622802734,2.050701141357422,0
2026-01-18 15:45:00+00:00,2.0505549907684326,2.0505549907684326,2.0491418838500977,2.0494725704193115,0
2026-01-18 16:00:00+00:00,2.049494743347168,2.053922176361084,2.049107789993286,2.053922176361084,0
2026-01-18 16:15:00+00:00,2.0539052486419678,2.054107666015625,2.052600383758545,2.0526468753814697,0
2026-01-18 16:30:00+00:00,2.0526700019836426,2.0532431602478027,2.052299976348877,2.0532431602478027,0
2026-01-18 16:45:00+00:00,2.053473472595215,2.055725574493408,2.053473472595215,2.054572105407715,1764096
2026-01-18 17:00:00+00:00,2.051114320755005,2.055344343185425,2.050872802734375,2.0526633262634277,23402624
2026-01-18 17:15:00+00:00,2.0526812076568604,2.0526812076568604,2.0507683753967285,2.0512959957122803,0
2026-01-18 17:30:00+00:00,2.0510897636413574,2.0510897636413574,2.0479559898376465,2.0479819774627686,1723136
2026-01-18 17:45:00+00:00,2.0478663444519043,2.0478663444519043,2.0468077659606934,2.0473666191101074,406016
2026-01-18 18:00:00+00:00,2.047654390335083,2.048388957977295,2.0468850135803223,2.048081159591675,0
2026-01-18 18:15:00+00:00,2.048121690750122,2.0526223182678223,2.048121690750122,2.0526223182678223,901632
2026-01-18 18:30:00+00:00,2.053654670715332,2.061279296875,2.053654670715332,2.0592994689941406,26036608
2026-01-18 18:45:00+00:00,2.0590977668762207,2.063920497894287,2.0588772296905518,2.063629627227783,9991808
2026-01-18 19:00:00+00:00,2.0629327297210693,2.0629327297210693,2.059455633163452,2.059455633163452,2842240
2026-01-18 19:15:00+00:00,2.059549331665039,2.059549331665039,2.0570309162139893,2.0573227405548096,2375936
2026-01-18 19:30:00+00:00,2.057271957397461,2.057271957397461,2.0562713146209717,2.057159423828125,1197056
2026-01-18 19:45:00+00:00,2.0571320056915283,2.0571320056915283,2.053032398223877,2.053032398223877,1901696
2026-01-18 20:00:00+00:00,2.0531435012817383,2.0531435012817383,2.0515270233154297,2.0515270233154297,639488
2026-01-18 20:15:00+00:00,2.0515944957733154,2.0560624599456787,2.0515944957733154,2.0560624599456787,2419072
2026-01-18 20:30:00+00:00,2.056338310241699,2.058907985687256,2.0554721355438232,2.0555617809295654,959744
2026-01-18 20:45:00+00:00,2.0555970668792725,2.056450843811035,2.0548295974731445,2.054887056350708,527744
2026-01-18 21:00:00+00:00,2.0550694465637207,2.057701826095581,2.0550694465637207,2.057701826095581,2129024
2026-01-18 21:15:00+00:00,2.0576531887054443,2.0580849647521973,2.0565671920776367,2.0566012859344482,535808
2026-01-18 21:30:00+00:00,2.0566318035125732,2.056973695755005,2.05631422996521,2.056779146194458,0
2026-01-18 21:45:00+00:00,2.0567777156829834,2.0585217475891113,2.0564146041870117,2.0564146041870117,1922176
2026-01-18 22:00:00+00:00,2.0564117431640625,2.0593934059143066,2.0564117431640625,2.0593934059143066,4531072
2026-01-18 22:15:00+00:00,2.0599966049194336,2.06091570854187,2.0579564571380615,2.0579564571380615,1618304
2026-01-18 22:30:00+00:00,2.0578596591949463,2.0592212677001953,2.0563573837280273,2.0592212677001953,0
2026-01-18 22:45:00+00:00,2.059217929840088,2.059551477432251,2.058992862701416,2.059502124786377,116096
2026-01-18 23:00:00+00:00,2.059134006500244,2.0591862201690674,2.0416650772094727,2.042541265487671,38964352
2026-01-18 23:15:00+00:00,2.0423836708068848,2.0439538955688477,2.0276074409484863,2.0276074409484863,67340032
2026-01-18 23:30:00+00:00,2.027317523956299,2.027317523956299,2.0079472064971924,2.0079472064971924,134321152
2026-01-18 23:45:00+00:00,2.0086605548858643,2.0086605548858643,1.991735577583313,1.9927006959915161,160244096
2026-01-19 00:00:00+00:00,1.9925767183303833,1.9925767183303833,1.9353057146072388,1.9353057146072388,580213120
2026-01-19 00:15:00+00:00,1.9330925941467285,1.934192180633545,1.927056074142456,1.9326512813568115,200464384
2026-01-19 00:30:00+00:00,1.9342366456985474,1.9447062015533447,1.931435227394104,1.9447062015533447,137758976
2026-01-19 00:45:00+00:00,1.9457131624221802,1.9538910388946533,1.9442322254180908,1.9442389011383057,99119616
2026-01-19 01:00:00+00:00,1.9443520307540894,1.953434705734253,1.9419028759002686,1.9530212879180908,51074560
2026-01-19 01:15:00+00:00,1.9527491331100464,1.9537819623947144,1.9496492147445679,1.9509649276733398,37597440
2026-01-19 01:30:00+00:00,1.9507977962493896,1.9596717357635498,1.9507977962493896,1.9538421630859375,48656384
2026-01-19 01:45:00+00:00,1.9536300897598267,1.9536300897598267,1.947709560394287,1.9515111446380615,33754368
2026-01-19 02:00:00+00:00,1.9517254829406738,1.954214096069336,1.9512522220611572,1.9539024829864502,31313664
2026-01-19 02:15:00+00:00,1.9541367292404175,1.9598336219787598,1.9534651041030884,1.9569158554077148,33093888
2026-01-19 02:30:00+00:00,1.9570503234863281,1.95879328250885,1.9569931030273438,1.9580328464508057,19412480
2026-01-19 02:45:00+00:00,1.9581090211868286,1.9581090211868286,1.9563640356063843,1.9563640356063843,20199936
2026-01-19 03:00:00+00:00,1.9565420150756836,1.956852912902832,1.954992651939392,1.9550083875656128,4970240
2026-01-19 03:15:00+00:00,1.9557064771652222,1.9600855112075806,1.9557064771652222,1.9571799039840698,32427520
2026-01-19 03:30:00+00:00,1.9568912982940674,1.9590834379196167,1.9557687044143677,1.9590834379196167,20009216
2026-01-19 03:45:00+00:00,1.9590240716934204,1.9661428928375244,1.959010362625122,1.96610689163208,30050304
2026-01-19 04:00:00+00:00,1.966141939163208,1.9716042280197144,1.9654661417007446,1.9713984727859497,29050880
2026-01-19 04:15:00+00:00,1.9712949991226196,1.9712949991226196,1.9649020433425903,1.9650013446807861,23122176
2026-01-19 04:30:00+00:00,1.9652525186538696,1.9666744470596313,1.9652525186538696,1.9654514789581299,17537280
2026-01-19 04:45:00+00:00,1.965360164642334,1.9664119482040405,1.9622353315353394,1.966139793395996,30062848
2026-01-19 05:00:00+00:00,1.965863585472107,1.965863585472107,1.9610117673873901,1.9610117673873901,25825792
2026-01-19 05:15:00+00:00,1.96230149269104,1.9631630182266235,1.9589897394180298,1.9612895250320435,45880064
2026-01-19 05:30:00+00:00,1.962149739265442,1.9651089906692505,1.962149739265442,1.9625130891799927,32326144
2026-01-19 05:45:00+00:00,1.9631943702697754,1.96392822265625,1.9608955383300781,1.9610240459442139,29875968
2026-01-19 06:00:00+00:00,1.9610291719436646,1.961517572402954,1.960750937461853,1.960955262184143,15448832
2026-01-19 06:15:00+00:00,1.9608644247055054,1.9628888368606567,1.9593433141708374,1.9628888368606567,26919168
2026-01-19 06:30:00+00:00,1.962223768234253,1.9637237787246704,1.9560524225234985,1.9560524225234985,37966592
2026-01-19 06:45:00+00:00,1.9560972452163696,1.9560972452163696,1.9534869194030762,1.9556571245193481,23196160
2026-01-19 07:00:00+00:00,1.9565736055374146,1.960318684577942,1.9541665315628052,1.9541665315628052,31400192
2026-01-19 07:15:00+00:00,1.9547061920166016,1.956668496131897,1.9547061920166016,1.9564694166183472,16520704
2026-01-19 07:30:00+00:00,1.9558827877044678,1.9576421976089478,1.9558827877044678,1.9575308561325073,15636736
2026-01-19 07:45:00+00:00,1.9576255083084106,1.9595897197723389,1.9573274850845337,1.9595897197723389,15080448
2026-01-19 08:00:00+00:00,1.9597289562225342,1.9632773399353027,1.9597289562225342,1.9632773399353027,21536000
2026-01-19 08:15:00+00:00,1.9637200832366943,1.9789773225784302,1.9637200832366943,1.9788110256195068,52961536
2026-01-19 08:30:00+00:00,1.9780189990997314,1.9780189990997314,1.9737862348556519,1.9737862348556519,29107968
2026-01-19 08:45:00+00:00,1.9745409488677979,1.979205846786499,1.9745409488677979,1.9789379835128784,28333568
2026-01-19 09:00:00+00:00,1.9788099527359009,1.9794672727584839,1.9769041538238525,1.9769041538238525,12606720
2026-01-19 09:15:00+00:00,1.9765987396240234,1.9765987396240234,1.974808692932129,1.974808692932129,12343040
2026-01-19 09:30:00+00:00,1.9747157096862793,1.9751790761947632,1.974212408065796,1.974923849105835,9033728
2026-01-19 09:45:00+00:00,1.9748196601867676,1.976528525352478,1.9748196601867676,1.976528525352478,11882496
2026-01-19 10:00:00+00:00,1.977216362953186,1.978662371635437,1.9771125316619873,1.9785280227661133,10280704
2026-01-19 10:15:00+00:00,1.9793490171432495,1.9811919927597046,1.9756085872650146,1.9756085872650146,19335424
2026-01-19 10:30:00+00:00,1.9756124019622803,1.9759379625320435,1.9742995500564575,1.9759379625320435,12214528
2026-01-19 10:45:00+00:00,1.9759081602096558,1.9788867235183716,1.9759081602096558,1.9786529541015625,5877760
2026-01-19 11:00:00+00:00,1.9790772199630737,1.9803082942962646,1.9759228229522705,1.9759228229522705,14140928
2026-01-19 11:15:00+00:00,1.9762102365493774,1.9775182008743286,1.9751940965652466,1.9752498865127563,10834944
2026-01-19 11:30:00+00:00,1.975293755531311,1.9759811162948608,1.9748291969299316,1.9752694368362427,14644736
2026-01-19 11:45:00+00:00,1.9752956628799438,1.9756948947906494,1.9715090990066528,1.9716075658798218,11128064
2026-01-19 12:00:00+00:00,1.9715901613235474,1.9727675914764404,1.9713163375854492,1.9722015857696533,10642688
2026-01-19 12:15:00+00:00,1.9732651710510254,1.9749945402145386,1.9729236364364624,1.9729236364364624,10571264
2026-01-19 12:30:00+00:00,1.9726719856262207,1.9738181829452515,1.9713879823684692,1.9738181829452515,14636800
2026-01-19 12:45:00+00:00,1.9728974103927612,1.9731212854385376,1.9689440727233887,1.9689440727233887,9879552
2026-01-19 13:00:00+00:00,1.9696756601333618,1.9708613157272339,1.9682124853134155,1.9695656299591064,4247808
2026-01-19 13:15:00+00:00,1.9694254398345947,1.9694254398345947,1.9661636352539062,1.967325210571289,10640384
2026-01-19 13:30:00+00:00,1.9674134254455566,1.9717872142791748,1.9674134254455566,1.9717448949813843,10673664
2026-01-19 13:45:00+00:00,1.9716508388519287,1.9718024730682373,1.970860242843628,1.9712119102478027,3410432
2026-01-19 14:00:00+00:00,1.9715850353240967,1.9738149642944336,1.971411943435669,1.971411943435669,12768256
2026-01-19 14:15:00+00:00,1.9717965126037598,1.9779847860336304,1.9717965126037598,1.9778683185577393,10180096
2026-01-19 14:30:00+00:00,1.9777483940124512,1.978975772857666,1.9768532514572144,1.976879358291626,9027840
2026-01-19 14:45:00+00:00,1.976897120475769,1.9812387228012085,1.9768882989883423,1.979060411453247,12754688
2026-01-19 15:00:00+00:00,1.9789294004440308,1.9816577434539795,1.9788789749145508,1.981213927268982,983808
2026-01-19 15:15:00+00:00,1.9815168380737305,1.9815168380737305,1.9794719219207764,1.980353832244873,8576000
2026-01-19 15:30:00+00:00,1.9800115823745728,1.9800115823745728,1.9777400493621826,1.9777400493621826,8786176
2026-01-19 15:45:00+00:00,1.9777288436889648,1.9806734323501587,1.9777288436889648,1.9806734323501587,3947008
2026-01-19 16:00:00+00:00,1.9806491136550903,1.9824732542037964,1.9804199934005737,1.9816738367080688,2051584
2026-01-19 16:15:00+00:00,1.9818204641342163,2.001983165740967,1.9818204641342163,2.001983165740967,39616512
2026-01-19 16:30:00+00:00,2.0017075538635254,2.003048896789551,2.000034809112549,2.002460241317749,41474304
2026-01-19 16:45:00+00:00,2.0048468112945557,2.025184392929077,2.0048468112945557,2.0239007472991943,71880960
2026-01-19 17:00:00+00:00,2.023627996444702,2.023627996444702,2.0129990577697754,2.0133328437805176,9587456
2026-01-19 17:15:00+00:00,2.013465404510498,2.018714666366577,2.013465404510498,2.017975091934204,21621760
2026-01-19 17:30:00+00:00,2.018078088760376,2.018078088760376,2.009140968322754,2.0093774795532227,20675840
2026-01-19 17:45:00+00:00,2.010127067565918,2.018152952194214,2.010127067565918,2.018152952194214,29946368
2026-01-19 18:00:00+00:00,2.01802921295166,2.0215535163879395,2.0176966190338135,2.0207056999206543,21035008
2026-01-19 18:15:00+00:00,2.0206170082092285,2.0206170082092285,2.0150632858276367,2.0150632858276367,16064768
2026-01-19 18:30:00+00:00,2.0148520469665527,2.015225648880005,2.0121352672576904,2.0136020183563232,1835520
2026-01-19 18:45:00+00:00,2.0137362480163574,2.0139195919036865,2.0103952884674072,2.011077642440796,0
2026-01-19 19:00:00+00:00,2.010866641998291,2.0110576152801514,2.009615182876587,2.0100107192993164,730624
2026-01-19 19:15:00+00:00,2.010078191757202,2.0125231742858887,2.010078191757202,2.0119757652282715,7583744
2026-01-19 19:30:00+00:00,2.0118484497070312,2.0138375759124756,2.0111618041992188,2.0138375759124756,6438912
2026-01-19 19:45:00+00:00,2.0136263370513916,2.0149290561676025,2.0125627517700195,2.0129644870758057,5492736
2026-01-19 20:00:00+00:00,2.0129027366638184,2.014080047607422,2.0078930854797363,2.0078930854797363,8484096
2026-01-19 20:15:00+00:00,2.0080690383911133,2.008237838745117,2.005844831466675,2.008237838745117,16088832
2026-01-19 20:30:00+00:00,2.008188009262085,2.008558511734009,2.003948211669922,2.0039758682250977,7814656
2026-01-19 20:45:00+00:00,2.0039355754852295,2.0039355754852295,2.001094102859497,2.001190185546875,8871424
2026-01-19 21:00:00+00:00,2.0011496543884277,2.0051474571228027,2.0011496543884277,2.002102851867676,11511552
2026-01-19 21:15:00+00:00,2.002237558364868,2.002237558364868,1.998181939125061,1.9984724521636963,13175296
2026-01-19 21:30:00+00:00,1.9986368417739868,1.9994863271713257,1.9985613822937012,1.9994076490402222,6896384
2026-01-19 21:45:00+00:00,1.9992280006408691,1.9998247623443604,1.9984748363494873,1.9996503591537476,2892544
2026-01-19 22:00:00+00:00,1.9993809461593628,1.9993809461593628,1.9890779256820679,1.9890779256820679,27282432
2026-01-19 22:15:00+00:00,1.9892151355743408,1.9929438829421997,1.988261103630066,1.992774486541748,37907200
2026-01-19 22:30:00+00:00,1.9926681518554688,1.9926681518554688,1.9857380390167236,1.9857380390167236,21629696
2026-01-19 22:45:00+00:00,1.985498070716858,1.9857715368270874,1.9838244915008545,1.9844244718551636,12359168
2026-01-19 23:00:00+00:00,1.9836218357086182,1.9876099824905396,1.9820077419281006,1.9876099824905396,813824
2026-01-19 23:15:00+00:00,1.9876797199249268,1.9881881475448608,1.983613133430481,1.9880481958389282,1259008
2026-01-19 23:30:00+00:00,1.9881234169006348,1.9919098615646362,1.9881234169006348,1.9893394708633423,0
2026-01-19 23:45:00+00:00,1.9892263412475586,1.9900373220443726,1.986372709274292,1.986372709274292,0
2026-01-20 00:00:00+00:00,1.9863430261611938,1.9878886938095093,1.9854177236557007,1.9876987934112549,0
2026-01-20 00:15:00+00:00,1.9877381324768066,1.9877381324768066,1.983093500137329,1.9833391904830933,0
2026-01-20 00:30:00+00:00,1.983452558517456,1.9870429039001465,1.983452558517456,1.9870429039001465,0
2026-01-20 00:45:00+00:00,1.9870116710662842,1.9874849319458008,1.9836586713790894,1.9836586713790894,0
2026-01-20 01:00:00+00:00,1.9842230081558228,1.9843693971633911,1.9771679639816284,1.9771679639816284,0
2026-01-20 01:15:00+00:00,1.977895736694336,1.9818894863128662,1.9777815341949463,1.981801986694336,0
2026-01-20 01:30:00+00:00,1.9819411039352417,1.9827942848205566,1.9743622541427612,1.9743622541427612,0
2026-01-20 01:45:00+00:00,1.9741722345352173,1.9742686748504639,1.972182035446167,1.9736167192459106,0
2026-01-20 02:00:00+00:00,1.9734435081481934,1.9734435081481934,1.9641731977462769,1.9643793106079102,0
2026-01-20 02:15:00+00:00,1.9641450643539429,1.9646899700164795,1.9629096984863281,1.9629096984863281,0
2026-01-20 02:30:00+00:00,1.9636073112487793,1.9676505327224731,1.9636073112487793,1.9676505327224731,172800
2026-01-20 02:45:00+00:00,1.9676815271377563,1.9681310653686523,1.9663920402526855,1.9665647745132446,2035968
2026-01-20 03:00:00+00:00,1.9677211046218872,1.9677211046218872,1.9587230682373047,1.958868384361267,4391936
2026-01-20 03:15:00+00:00,1.9588797092437744,1.959761381149292,1.957737922668457,1.9578943252563477,0
2026-01-20 03:30:00+00:00,1.9581869840621948,1.9581869840621948,1.9563229084014893,1.9578821659088135,5898752
2026-01-20 03:45:00+00:00,1.9581685066223145,1.9603253602981567,1.9581685066223145,1.9597742557525635,2898688
2026-01-20 04:00:00+00:00,1.9597898721694946,1.962740421295166,1.9597898721694946,1.9601154327392578,0
2026-01-20 04:15:00+00:00,1.9605810642242432,1.9609651565551758,1.959520936012268,1.9607784748077393,436992
2026-01-20 04:30:00+00:00,1.9616755247116089,1.9703857898712158,1.9616755247116089,1.9691153764724731,6362880
2026-01-20 04:45:00+00:00,1.969151496887207,1.96958327293396,1.9653244018554688,1.9653244018554688,1241088
2026-01-20 05:00:00+00:00,1.9651433229446411,1.9651433229446411,1.9573906660079956,1.9573906660079956,5891072
2026-01-20 05:15:00+00:00,1.9572330713272095,1.9598183631896973,1.9557451009750366,1.9598183631896973,0
2026-01-20 05:30:00+00:00,1.9616475105285645,1.9633915424346924,1.958156704902649,1.958156704902649,0
2026-01-20 05:45:00+00:00,1.9591187238693237,1.9653651714324951,1.9591187238693237,1.9641133546829224,1292800
2026-01-20 06:00:00+00:00,1.9639579057693481,1.9639579057693481,1.959128975868225,1.959128975868225,0
2026-01-20 06:15:00+00:00,1.9590744972229004,1.9590744972229004,1.9446016550064087,1.9540411233901978,35126784
2026-01-20 06:30:00+00:00,1.9546012878417969,1.9551845788955688,1.9468079805374146,1.9502782821655273,6484736
2026-01-20 06:45:00+00:00,1.9503904581069946,1.9517227411270142,1.9464621543884277,1.9478679895401,8080896
2026-01-20 07:00:00+00:00,1.9478861093521118,1.9505438804626465,1.9467295408248901,1.9505438804626465,6845184
2026-01-20 07:15:00+00:00,1.9506115913391113,1.9516993761062622,1.9502098560333252,1.9503079652786255,5250816
2026-01-20 07:30:00+00:00,1.9502649307250977,1.953453540802002,1.949798822402954,1.9533932209014893,4268032
2026-01-20 07:45:00+00:00,1.9532893896102905,1.9532893896102905,1.9494060277938843,1.9494060277938843,1751040
2026-01-20 08:00:00+00:00,1.9494596719741821,1.9505729675292969,1.947457194328308,1.947457194328308,3671808
2026-01-20 08:15:00+00:00,1.9475901126861572,1.9475901126861572,1.936112403869629,1.9395999908447266,19320320
2026-01-20 08:30:00+00:00,1.9396648406982422,1.9396648406982422,1.9237971305847168,1.9242044687271118,109099776
2026-01-20 08:45:00+00:00,1.9236873388290405,1.9266681671142578,1.9215339422225952,1.9264509677886963,85547520
2026-01-20 09:00:00+00:00,1.9264978170394897,1.9269061088562012,1.924081563949585,1.9269061088562012,16406784
2026-01-20 09:15:00+00:00,1.9269094467163086,1.9278050661087036,1.9267380237579346,1.9270700216293335,3504896
2026-01-20 09:30:00+00:00,1.9271821975708008,1.9271821975708008,1.923541784286499,1.923541784286499,11589888
2026-01-20 09:45:00+00:00,1.9236440658569336,1.9236440658569336,1.9215792417526245,1.9232206344604492,10387968
2026-01-20 10:00:00+00:00,1.9230855703353882,1.9280074834823608,1.9230855703353882,1.9279801845550537,4029696
2026-01-20 10:15:00+00:00,1.928096055984497,1.928096055984497,1.9261479377746582,1.9270941019058228,1927680
2026-01-20 10:30:00+00:00,1.9273875951766968,1.9293042421340942,1.927022933959961,1.927022933959961,6807808
2026-01-20 10:45:00+00:00,1.9272291660308838,1.9281789064407349,1.9270131587982178,1.9278098344802856,7388160
2026-01-20 11:00:00+00:00,1.927740454673767,1.9342623949050903,1.927740454673767,1.9338914155960083,6821376
2026-01-20 11:15:00+00:00,1.9341658353805542,1.936298131942749,1.933776617050171,1.936298131942749,3350528
2026-01-20 11:30:00+00:00,1.9362494945526123,1.9380195140838623,1.9345241785049438,1.9345241785049438,4936960
2026-01-20 11:45:00+00:00,1.934584140777588,1.9349004030227661,1.9294377565383911,1.9294377565383911,0
2026-01-20 12:00:00+00:00,1.9290028810501099,1.93155038356781,1.9282231330871582,1.93155038356781,2563328
2026-01-20 12:15:00+00:00,1.9316825866699219,1.9316825866699219,1.9285929203033447,1.9289839267730713,3837952
2026-01-20 12:30:00+00:00,1.9289515018463135,1.9324716329574585,1.9289515018463135,1.9322738647460938,791296
2026-01-20 12:45:00+00:00,1.9322686195373535,1.9346096515655518,1.9320995807647705,1.934432864189148,983808
2026-01-20 13:00:00+00:00,1.934492826461792,1.934492826461792,1.9242581129074097,1.9242581129074097,6592000
2026-01-20 13:15:00+00:00,1.9241230487823486,1.9251700639724731,1.9234271049499512,1.9237052202224731,3252224
2026-01-20 13:30:00+00:00,1.9237124919891357,1.9248683452606201,1.9235786199569702,1.924818754196167,19123200
2026-01-20 13:45:00+00:00,1.924849271774292,1.924849271774292,1.9154616594314575,1.9156001806259155,26567424
2026-01-20 14:00:00+00:00,1.9153331518173218,1.9242799282073975,1.9153331518173218,1.9242799282073975,7397632
2026-01-20 14:15:00+00:00,1.9242382049560547,1.9242382049560547,1.9192453622817993,1.919293999671936,16602880
2026-01-20 14:30:00+00:00,1.9192487001419067,1.9296413660049438,1.9184097051620483,1.928904414176941,55277824
2026-01-20 14:45:00+00:00,1.929726004600525,1.929726004600525,1.923930048942566,1.9243741035461426,46656000
2026-01-20 15:00:00+00:00,1.923898458480835,1.923898458480835,1.9155651330947876,1.9211013317108154,54519808
2026-01-20 15:15:00+00:00,1.920745611190796,1.925474762916565,1.9206031560897827,1.921129584312439,55828992
2026-01-20 15:30:00+00:00,1.9207624197006226,1.9207624197006226,1.9130892753601074,1.9132617712020874,37472768
2026-01-20 15:45:00+00:00,1.912950873374939,1.9154698848724365,1.9109433889389038,1.9115468263626099,47917568
2026-01-20 16:00:00+00:00,1.9126564264297485,1.9187438488006592,1.9126564264297485,1.9187438488006592,15420928
2026-01-20 16:15:00+00:00,1.9188076257705688,1.924054503440857,1.9146575927734375,1.9146575927734375,6395136
2026-01-20 16:30:00+00:00,1.9148497581481934,1.9148497581481934,1.9076565504074097,1.9076565504074097,2674688
2026-01-20 16:45:00+00:00,1.9075822830200195,1.909838318824768,1.9031254053115845,1.909275770187378,0
2026-01-20 17:00:00+00:00,1.909084677696228,1.9156696796417236,1.9077612161636353,1.9147168397903442,3720960
2026-01-20 17:15:00+00:00,1.9145139455795288,1.9145139455795288,1.9092100858688354,1.9093754291534424,647168
2026-01-20 17:30:00+00:00,1.9089255332946777,1.9089255332946777,1.905867338180542,1.905867338180542,12119552
2026-01-20 17:45:00+00:00,1.9060015678405762,1.9060015678405762,1.9014898538589478,1.9032520055770874,19864320
2026-01-20 18:00:00+00:00,1.9031355381011963,1.9044243097305298,1.8998984098434448,1.9012569189071655,2119424
2026-01-20 18:15:00+00:00,1.901309847831726,1.9023890495300293,1.8984229564666748,1.9008870124816895,7739136
2026-01-20 18:30:00+00:00,1.9006742238998413,1.9006742238998413,1.896174669265747,1.8973642587661743,12050432
2026-01-20 18:45:00+00:00,1.8974758386611938,1.8974758386611938,1.8952854871749878,1.8968563079833984,22783744
2026-01-20 19:00:00+00:00,1.8968597650527954,1.90418541431427,1.8968597650527954,1.8990778923034668,24791296
2026-01-20 19:15:00+00:00,1.8996522426605225,1.902509093284607,1.89810049533844,1.89810049533844,18519040
2026-01-20 19:30:00+00:00,1.8982110023498535,1.8989458084106445,1.8955262899398804,1.8987716436386108,21543936
2026-01-20 19:45:00+00:00,1.8988134860992432,1.900584101676941,1.8972493410110474,1.8996784687042236,14425088
2026-01-20 20:00:00+00:00,1.8997948169708252,1.8997948169708252,1.8974683284759521,1.8986090421676636,1216000
2026-01-20 20:15:00+00:00,1.8983099460601807,1.905866265296936,1.8977137804031372,1.9057260751724243,16388096
2026-01-20 20:30:00+00:00,1.9061108827590942,1.907068133354187,1.9018703699111938,1.9018703699111938,8638464
2026-01-20 20:45:00+00:00,1.901807188987732,1.9075489044189453,1.9004113674163818,1.9075489044189453,21636608
2026-01-20 21:00:00+00:00,1.9057056903839111,1.9057056903839111,1.898764967918396,1.8988869190216064,13245440
2026-01-20 21:15:00+00:00,1.8988192081451416,1.8988192081451416,1.8917361497879028,1.8917361497879028,9543168
2026-01-20 21:30:00+00:00,1.889857292175293,1.889865756034851,1.8870983123779297,1.8883709907531738,31596544
2026-01-20 21:45:00+00:00,1.8885198831558228,1.8891751766204834,1.883945345878601,1.8860950469970703,21969408
2026-01-20 22:00:00+00:00,1.8864214420318604,1.8918094635009766,1.8864214420318604,1.8910201787948608,0
2026-01-20 22:15:00+00:00,1.8913893699645996,1.894681453704834,1.8913893699645996,1.8920090198516846,0
2026-01-20 22:30:00+00:00,1.892274022102356,1.892274022102356,1.8839234113693237,1.8903430700302124,67446016
2026-01-20 22:45:00+00:00,1.8901283740997314,1.8912640810012817,1.8867532014846802,1.889160394668579,28543488
2026-01-20 23:00:00+00:00,1.8887646198272705,1.8887646198272705,1.8862072229385376,1.8883192539215088,0
2026-01-20 23:15:00+00:00,1.888215184211731,1.8883614540100098,1.8844481706619263,1.8857059478759766,1846016
2026-01-20 23:30:00+00:00,1.8856693506240845,1.8893729448318481,1.8856693506240845,1.8869891166687012,0
2026-01-20 23:45:00+00:00,1.8870205879211426,1.89024817943573,1.8870205879211426,1.89024817943573,5185024
2026-01-21 00:00:00+00:00,1.8892583847045898,1.89179265499115,1.8887009620666504,1.89179265499115,4984320
2026-01-21 00:15:00+00:00,1.891761302947998,1.8929179906845093,1.8912897109985352,1.8929179906845093,7203072
2026-01-21 00:30:00+00:00,1.8935589790344238,1.908703088760376,1.8935589790344238,1.906805157661438,35309312
2026-01-21 00:45:00+00:00,1.9065335988998413,1.9115780591964722,1.9065335988998413,1.9115780591964722,27089664
2026-01-21 01:00:00+00:00,1.9112719297409058,1.9116777181625366,1.909982442855835,1.910983920097351,10886144
2026-01-21 01:15:00+00:00,1.9109007120132446,1.9109007120132446,1.9055513143539429,1.9055513143539429,15585280
2026-01-21 01:30:00+00:00,1.9055598974227905,1.90993070602417,1.9055598974227905,1.9062739610671997,5312000
2026-01-21 01:45:00+00:00,1.9058544635772705,1.9058544635772705,1.8981176614761353,1.8981176614761353,7318784
2026-01-21 02:00:00+00:00,1.8979218006134033,1.9025317430496216,1.8979218006134033,1.9016923904418945,0
2026-01-21 02:15:00+00:00,1.9016340970993042,1.9017215967178345,1.8979535102844238,1.8979535102844238,619776
2026-01-21 02:30:00+00:00,1.89621901512146,1.8962465524673462,1.8941107988357544,1.8960076570510864,733952
2026-01-21 02:45:00+00:00,1.8963183164596558,1.8963183164596558,1.8937615156173706,1.8946125507354736,2007296
2026-01-21 03:00:00+00:00,1.8945519924163818,1.8978493213653564,1.8945519924163818,1.8978493213653564,0
2026-01-21 03:15:00+00:00,1.8980283737182617,1.903180718421936,1.8980283737182617,1.9031085968017578,4267264
2026-01-21 03:30:00+00:00,1.9029937982559204,1.9040154218673706,1.9022654294967651,1.903398871421814,918272
2026-01-21 03:45:00+00:00,1.9036051034927368,1.9039500951766968,1.8997763395309448,1.8997763395309448,0
2026-01-21 04:00:00+00:00,1.8997763395309448,1.9011961221694946,1.8997763395309448,1.89980947971344,0
2026-01-21 04:15:00+00:00,1.9000076055526733,1.9032471179962158,1.9000076055526733,1.9032471179962158,0
2026-01-21 04:30:00+00:00,1.9034874439239502,1.9046471118927002,1.9034874439239502,1.9038197994232178,0
2026-01-21 04:45:00+00:00,1.9045443534851074,1.9063199758529663,1.9031134843826294,1.9034380912780762,2305024
2026-01-21 05:00:00+00:00,1.9038947820663452,1.9073712825775146,1.9038947820663452,1.907273769378662,0
2026-01-21 05:15:00+00:00,1.907334327697754,1.907334327697754,1.9051487445831299,1.9052729606628418,0
2026-01-21 05:30:00+00:00,1.905381202697754,1.914169430732727,1.905381202697754,1.914169430732727,2525440
2026-01-21 05:45:00+00:00,1.914363145828247,1.92221999168396,1.914363145828247,1.918940782546997,18605568
2026-01-21 06:00:00+00:00,1.9190925359725952,1.9190925359725952,1.9175390005111694,1.918461799621582,2777856
2026-01-21 06:15:00+00:00,1.9188133478164673,1.9195797443389893,1.9183779954910278,1.9189162254333496,0
2026-01-21 06:30:00+00:00,1.9189196825027466,1.9189196825027466,1.9164010286331177,1.9175480604171753,0
2026-01-21 06:45:00+00:00,1.9175570011138916,1.9175570011138916,1.9146056175231934,1.9146056175231934,0
2026-01-21 07:00:00+00:00,1.914298415184021,1.914298415184021,1.912646770477295,1.912646770477295,0
2026-01-21 07:15:00+00:00,1.9129350185394287,1.9183319807052612,1.9129350185394287,1.9182945489883423,3291136
2026-01-21 07:30:00+00:00,1.9184210300445557,1.918745517730713,1.9081482887268066,1.9081482887268066,5302528
2026-01-21 07:45:00+00:00,1.9081482887268066,1.9081482887268066,1.9062626361846924,1.9062626361846924,163072
2026-01-21 08:00:00+00:00,1.9065043926239014,1.906911849975586,1.9051127433776855,1.9051127433776855,0
2026-01-21 08:15:00+00:00,1.905038595199585,1.905038595199585,1.9018558263778687,1.9018558263778687,0
2026-01-21 08:30:00+00:00,1.902363896369934,1.9058806896209717,1.8987696170806885,1.899265170097351,1955328
2026-01-21 08:45:00+00:00,1.8991270065307617,1.8996837139129639,1.897702932357788,1.8996837139129639,0
2026-01-21 09:00:00+00:00,1.8996901512145996,1.9007724523544312,1.8996901512145996,1.900227665901184,0
2026-01-21 09:15:00+00:00,1.9003442525863647,1.90278959274292,1.9001420736312866,1.90278959274292,21054720
2026-01-21 09:30:00+00:00,1.902840495109558,1.907639980316162,1.9024008512496948,1.907639980316162,1238784
2026-01-21 09:45:00+00:00,1.907662272453308,1.9091582298278809,1.9068230390548706,1.9068230390548706,9193984
2026-01-21 10:00:00+00:00,1.9073119163513184,1.9111278057098389,1.9073119163513184,1.9101758003234863,36198144
2026-01-21 10:15:00+00:00,1.9112845659255981,1.9127285480499268,1.907940149307251,1.907940149307251,8523520
2026-01-21 10:30:00+00:00,1.9080443382263184,1.9080443382263184,1.905501127243042,1.9068046808242798,10090240
2026-01-21 10:45:00+00:00,1.9067604541778564,1.9067604541778564,1.9034119844436646,1.9034875631332397,4853760
2026-01-21 11:00:00+00:00,1.9031816720962524,1.9031816720962524,1.8987244367599487,1.900093913078308,4279552
2026-01-21 11:15:00+00:00,1.901179313659668,1.902693510055542,1.9009699821472168,1.9014135599136353,5136384
2026-01-21 11:30:00+00:00,1.901578426361084,1.901578426361084,1.8993861675262451,1.8996238708496094,7244032
2026-01-21 11:45:00+00:00,1.8994786739349365,1.8994786739349365,1.8925237655639648,1.8925237655639648,19293696
2026-01-21 12:00:00+00:00,1.8925114870071411,1.8925114870071411,1.8864517211914062,1.8864517211914062,33143040
2026-01-21 12:15:00+00:00,1.8858987092971802,1.8861055374145508,1.8838142156600952,1.8838142156600952,43695616
2026-01-21 12:30:00+00:00,1.8834086656570435,1.8882673978805542,1.8818771839141846,1.8882673978805542,36470528
2026-01-21 12:45:00+00:00,1.8882673978805542,1.8949674367904663,1.8882673978805542,1.8949674367904663,32525568
2026-01-21 13:00:00+00:00,1.895018458366394,1.9001494646072388,1.8945274353027344,1.9001494646072388,6379776
2026-01-21 13:15:00+00:00,1.9001104831695557,1.9004225730895996,1.8983275890350342,1.8988966941833496,22469120
2026-01-21 13:30:00+00:00,1.899406909942627,1.9004658460617065,1.8959447145462036,1.8959447145462036,35188224
2026-01-21 13:45:00+00:00,1.895913004875183,1.895913004875183,1.8913772106170654,1.8941929340362549,7962112
2026-01-21 14:00:00+00:00,1.8944237232208252,1.9154213666915894,1.892188310623169,1.9154213666915894,95304192
2026-01-21 14:15:00+00:00,1.9166394472122192,1.937292218208313,1.9166394472122192,1.92659592628479,88968960
2026-01-21 14:30:00+00:00,1.9267455339431763,1.9321985244750977,1.9267455339431763,1.9304380416870117,33848064
2026-01-21 14:45:00+00:00,1.9302729368209839,1.9381804466247559,1.9302729368209839,1.9381804466247559,9656320
2026-01-21 15:00:00+00:00,1.9383430480957031,1.9435114860534668,1.9383430480957031,1.9415628910064697,0
2026-01-21 15:15:00+00:00,1.9425420761108398,1.9504975080490112,1.9425420761108398,1.9445699453353882,12230144
2026-01-21 15:30:00+00:00,1.9447238445281982,1.9447238445281982,1.937807321548462,1.942001223564148,3381504
2026-01-21 15:45:00+00:00,1.9426231384277344,1.9563136100769043,1.9426231384277344,1.9563136100769043,5236736
2026-01-21 16:00:00+00:00,1.956045389175415,1.9561407566070557,1.9501566886901855,1.9501566886901855,2273536
2026-01-21 16:15:00+00:00,1.9495261907577515,1.9495261907577515,1.930212378501892,1.9364063739776611,23100160
2026-01-21 16:30:00+00:00,1.9362422227859497,1.9362422227859497,1.9039186239242554,1.9039186239242554,26597120
2026-01-21 16:45:00+00:00,1.9011727571487427,1.9070627689361572,1.8894455432891846,1.8894455432891846,42692608
2026-01-21 17:00:00+00:00,1.8890935182571411,1.8939290046691895,1.8824875354766846,1.8844908475875854,47633408
2026-01-21 17:15:00+00:00,1.882899522781372,1.8848025798797607,1.8781274557113647,1.880506992340088,51806720
2026-01-21 17:30:00+00:00,1.880715012550354,1.882641077041626,1.8756887912750244,1.8824474811553955,21458176
2026-01-21 17:45:00+00:00,1.8820714950561523,1.8880844116210938,1.8818745613098145,1.8880844116210938,0
2026-01-21 18:00:00+00:00,1.8883423805236816,1.8913615942001343,1.8846532106399536,1.8913615942001343,2670848
2026-01-21 18:15:00+00:00,1.8908703327178955,1.89332115650177,1.8906500339508057,1.8922388553619385,4235264
2026-01-21 18:30:00+00:00,1.8924592733383179,1.8948276042938232,1.8922555446624756,1.8945989608764648,8130048
2026-01-21 18:45:00+00:00,1.8949203491210938,1.9067327976226807,1.8934977054595947,1.9047154188156128,15649792
2026-01-21 19:00:00+00:00,1.9047107696533203,1.905407190322876,1.8985414505004883,1.8995710611343384,0
2026-01-21 19:15:00+00:00,1.8996931314468384,1.9054490327835083,1.8995389938354492,1.9054490327835083,1837312
2026-01-21 19:30:00+00:00,1.912497878074646,1.9736064672470093,1.912497878074646,1.9732913970947266,198550272
2026-01-21 19:45:00+00:00,1.973841905593872,1.9780665636062622,1.9701358079910278,1.9712095260620117,118074368
2026-01-21 20:00:00+00:00,1.9712269306182861,1.9712269306182861,1.9565603733062744,1.9571149349212646,31351808
2026-01-21 20:15:00+00:00,1.9570196866989136,1.9602293968200684,1.9530439376831055,1.9547395706176758,26643456
2026-01-21 20:30:00+00:00,1.954609990119934,1.955994963645935,1.9539190530776978,1.9542409181594849,14432768
2026-01-21 20:45:00+00:00,1.954197645187378,1.9665541648864746,1.954197645187378,1.9665541648864746,5609472
2026-01-21 21:00:00+00:00,1.9678364992141724,1.978348970413208,1.9678364992141724,1.9747636318206787,12682240
2026-01-21 21:15:00+00:00,1.9747904539108276,1.982544183731079,1.9741580486297607,1.9764901399612427,16912896
2026-01-21 21:30:00+00:00,1.9762505292892456,1.9779616594314575,1.9752662181854248,1.9763281345367432,425984
2026-01-21 21:45:00+00:00,1.9756970405578613,1.9770286083221436,1.9738144874572754,1.9743155241012573,6090240
2026-01-21 22:00:00+00:00,1.973956823348999,1.9848034381866455,1.9738585948944092,1.983925461769104,21860864
2026-01-21 22:15:00+00:00,1.983325719833374,1.983325719833374,1.9783504009246826,1.9793332815170288,26511872
2026-01-21 22:30:00+00:00,1.978553056716919,1.978553056716919,1.9716402292251587,1.9716402292251587,0
2026-01-21 22:45:00+00:00,1.9714869260787964,1.9714869260787964,1.9672398567199707,1.9672398567199707,0
2026-01-21 23:00:00+00:00,1.967069149017334,1.967069149017334,1.96211838722229,1.96211838722229,0
2026-01-21 23:15:00+00:00,1.9626402854919434,1.963034749031067,1.955613613128662,1.9564474821090698,4616192
2026-01-21 23:30:00+00:00,1.9565181732177734,1.9565181732177734,1.9513499736785889,1.9513499736785889,11058176
2026-01-21 23:45:00+00:00,1.951169729232788,1.951169729232788,1.941562533378601,1.9454106092453003,24553984
2026-01-22 00:00:00+00:00,1.9457048177719116,1.952665090560913,1.9457048177719116,1.9522114992141724,12339200
2026-01-22 00:15:00+00:00,1.9521452188491821,1.955886721611023,1.951136827468872,1.955886721611023,10998784
2026-01-22 00:30:00+00:00,1.9554778337478638,1.9567890167236328,1.9548388719558716,1.9560778141021729,4691456
2026-01-22 00:45:00+00:00,1.9561388492584229,1.957699179649353,1.9556819200515747,1.95704984664917,0
2026-01-22 01:00:00+00:00,1.9568833112716675,1.957710862159729,1.9543473720550537,1.9555169343948364,0
2026-01-22 01:15:00+00:00,1.955538272857666,1.963139533996582,1.955538272857666,1.9629019498825073,7834624
2026-01-22 01:30:00+00:00,1.9633957147598267,1.9640731811523438,1.957152247428894,1.9574861526489258,6341632
2026-01-22 01:45:00+00:00,1.957409381866455,1.957409381866455,1.9548777341842651,1.9564130306243896,2006016
2026-01-22 02:00:00+00:00,1.9562859535217285,1.9573490619659424,1.955994963645935,1.955994963645935,2921984
2026-01-22 02:15:00+00:00,1.9551966190338135,1.9563556909561157,1.954784870147705,1.956277847290039,8400384
2026-01-22 02:30:00+00:00,1.9553256034851074,1.9553256034851074,1.9508399963378906,1.9508399963378906,2477568
2026-01-22 02:45:00+00:00,1.950844645500183,1.950844645500183,1.9454116821289062,1.9454116821289062,9040896
2026-01-22 03:00:00+00:00,1.9453556537628174,1.9521865844726562,1.945136547088623,1.9520817995071411,8542720
2026-01-22 03:15:00+00:00,1.952069640159607,1.952069640159607,1.9472216367721558,1.9472216367721558,4545536
2026-01-22 03:30:00+00:00,1.9470707178115845,1.9470707178115845,1.9425960779190063,1.9443494081497192,11127808
2026-01-22 03:45:00+00:00,1.9444525241851807,1.9463019371032715,1.9443590641021729,1.9463019371032715,802816
2026-01-22 04:00:00+00:00,1.9461764097213745,1.950345516204834,1.9461764097213745,1.9494751691818237,2810368
2026-01-22 04:15:00+00:00,1.9492623805999756,1.9511688947677612,1.9481277465820312,1.951063632965088,4830720
2026-01-22 04:30:00+00:00,1.950947642326355,1.950951337814331,1.9486331939697266,1.950368046760559,7636480
2026-01-22 04:45:00+00:00,1.950338363647461,1.9518368244171143,1.949955701828003,1.9518368244171143,0
2026-01-22 05:00:00+00:00,1.9516465663909912,1.9516465663909912,1.9502195119857788,1.9502352476119995,0
2026-01-22 05:15:00+00:00,1.9502662420272827,1.9502662420272827,1.94586980342865,1.94586980342865,6945792
2026-01-22 05:30:00+00:00,1.9457920789718628,1.951129674911499,1.9452943801879883,1.9510964155197144,8226304
2026-01-22 05:45:00+00:00,1.951025366783142,1.9520926475524902,1.9495527744293213,1.9495925903320312,0
2026-01-22 06:00:00+00:00,1.9497941732406616,1.9532437324523926,1.9479961395263672,1.94810950756073,1932288
2026-01-22 06:15:00+00:00,1.948581576347351,1.9528969526290894,1.948581576347351,1.9497610330581665,7726592
2026-01-22 06:30:00+00:00,1.9497195482254028,1.9532616138458252,1.9491328001022339,1.9532222747802734,576512
2026-01-22 06:45:00+00:00,1.9533504247665405,1.9555611610412598,1.9530776739120483,1.9534903764724731,4879872
2026-01-22 07:00:00+00:00,1.953458309173584,1.9537400007247925,1.950406551361084,1.950433611869812,0
2026-01-22 07:15:00+00:00,1.949448585510254,1.949448585510254,1.9472131729125977,1.9476101398468018,544768
2026-01-22 07:30:00+00:00,1.9477605819702148,1.9487448930740356,1.9476957321166992,1.94839346408844,0
2026-01-22 07:45:00+00:00,1.9487265348434448,1.9494526386260986,1.9467328786849976,1.9467328786849976,8152064
2026-01-22 08:00:00+00:00,1.9467378854751587,1.9528599977493286,1.9464975595474243,1.95115327835083,0
2026-01-22 08:15:00+00:00,1.9508941173553467,1.9508941173553467,1.9480019807815552,1.948437213897705,0
2026-01-22 08:30:00+00:00,1.948531150817871,1.9505592584609985,1.946966528892517,1.9505592584609985,0
2026-01-22 08:45:00+00:00,1.9505733251571655,1.9566757678985596,1.9505733251571655,1.9566757678985596,719872
2026-01-22 09:00:00+00:00,1.9566925764083862,1.9579280614852905,1.9553409814834595,1.9579280614852905,0
2026-01-22 09:15:00+00:00,1.9581348896026611,1.959706425666809,1.9567476511001587,1.9567476511001587,0
2026-01-22 09:30:00+00:00,1.9566477537155151,1.9617376327514648,1.9562125205993652,1.9617376327514648,1887744
2026-01-22 09:45:00+00:00,1.9618021249771118,1.9620627164840698,1.9606741666793823,1.9606741666793823,0
2026-01-22 10:00:00+00:00,1.9610130786895752,1.961673617362976,1.9591819047927856,1.9593966007232666,0
2026-01-22 10:15:00+00:00,1.959243893623352,1.959243893623352,1.9547597169876099,1.9553914070129395,2062336
2026-01-22 10:30:00+00:00,1.9552624225616455,1.9554474353790283,1.9539203643798828,1.9539228677749634,0
2026-01-22 10:45:00+00:00,1.9542239904403687,1.9550714492797852,1.9527842998504639,1.9531896114349365,0
2026-01-22 11:00:00+00:00,1.9532665014266968,1.9543136358261108,1.9529107809066772,1.9536513090133667,0
2026-01-22 11:15:00+00:00,1.9533272981643677,1.9533272981643677,1.9455070495605469,1.9456210136413574,4931840
2026-01-22 11:30:00+00:00,1.9455913305282593,1.9462244510650635,1.9424247741699219,1.9428588151931763,4011776
2026-01-22 11:45:00+00:00,1.943009614944458,1.9445703029632568,1.9426895380020142,1.9426895380020142,0
2026-01-22 12:00:00+00:00,1.9426367282867432,1.9445642232894897,1.941972255706787,1.944230318069458,0
2026-01-22 12:15:00+00:00,1.9443691968917847,1.9467111825942993,1.9443691968917847,1.9460039138793945,0
2026-01-22 12:30:00+00:00,1.9461824893951416,1.9467693567276,1.9441218376159668,1.9441218376159668,0
2026-01-22 12:45:00+00:00,1.9439862966537476,1.9439862966537476,1.9420089721679688,1.9420089721679688,0
2026-01-22 13:00:00+00:00,1.9408339262008667,1.9408339262008667,1.9338548183441162,1.9340579509735107,3014656
2026-01-22 13:15:00+00:00,1.934119701385498,1.9387651681900024,1.934119701385498,1.9387651681900024,0
2026-01-22 13:30:00+00:00,1.9386181831359863,1.9400954246520996,1.9277827739715576,1.9277827739715576,2254848
2026-01-22 13:45:00+00:00,1.9276584386825562,1.9291753768920898,1.9270086288452148,1.9287588596343994,1529088
2026-01-22 14:00:00+00:00,1.9289692640304565,1.9290132522583008,1.927524209022522,1.9290132522583008,0
2026-01-22 14:15:00+00:00,1.9292469024658203,1.9296716451644897,1.9220105409622192,1.9220105409622192,0
2026-01-22 14:30:00+00:00,1.9221547842025757,1.927059531211853,1.9203596115112305,1.9256932735443115,0
2026-01-22 14:45:00+00:00,1.9256548881530762,1.9256548881530762,1.9166653156280518,1.9166653156280518,4013056
2026-01-22 15:00:00+00:00,1.9166381359100342,1.917459487915039,1.9145821332931519,1.916945457458496,0
2026-01-22 15:15:00+00:00,1.9167526960372925,1.9176782369613647,1.9083995819091797,1.9083995819091797,2247168
2026-01-22 15:30:00+00:00,1.9083192348480225,1.9097281694412231,1.902387022972107,1.9097281694412231,5714432
2026-01-22 15:45:00+00:00,1.9106042385101318,1.9186102151870728,1.9106042385101318,1.9121267795562744,11652096
2026-01-22 16:00:00+00:00,1.9123785495758057,1.914580225944519,1.9115601778030396,1.9115601778030396,0
2026-01-22 16:15:00+00:00,1.9114458560943604,1.915759801864624,1.90645170211792,1.915759801864624,12640512
2026-01-22 16:30:00+00:00,1.9151231050491333,1.9163868427276611,1.912916898727417,1.9163868427276611,0
2026-01-22 16:45:00+00:00,1.9165372848510742,1.9246333837509155,1.9165372848510742,1.9217524528503418,0
2026-01-22 17:00:00+00:00,1.9218076467514038,1.9220926761627197,1.920135736465454,1.920135736465454,0
2026-01-22 17:15:00+00:00,1.919974684715271,1.9210771322250366,1.9166346788406372,1.9166346788406372,0
2026-01-22 17:30:00+00:00,1.9165260791778564,1.9165260791778564,1.912988305091858,1.9142292737960815,0
2026-01-22 17:45:00+00:00,1.914442777633667,1.9264144897460938,1.914442777633667,1.9264144897460938,4517376
2026-01-22 18:00:00+00:00,1.926645040512085,1.9271352291107178,1.9225598573684692,1.9236289262771606,0
2026-01-22 18:15:00+00:00,1.923378348350525,1.928072214126587,1.9231619834899902,1.9256597757339478,382720
2026-01-22 18:30:00+00:00,1.925797700881958,1.929636001586914,1.925797700881958,1.9275566339492798,0
2026-01-22 18:45:00+00:00,1.9274498224258423,1.9276717901229858,1.920662760734558,1.920670986175537,0
2026-01-22 19:00:00+00:00,1.9206234216690063,1.9234981536865234,1.9192357063293457,1.9234981536865234,34304
2026-01-22 19:15:00+00:00,1.9233254194259644,1.9233254194259644,1.9213435649871826,1.9223732948303223,0
2026-01-22 19:30:00+00:00,1.922990083694458,1.9321037530899048,1.922990083694458,1.932098388671875,0
2026-01-22 19:45:00+00:00,1.9321179389953613,1.9329310655593872,1.930544137954712,1.9319969415664673,0
2026-01-22 20:00:00+00:00,1.9320058822631836,1.9320058822631836,1.9282208681106567,1.928549885749817,0
2026-01-22 20:15:00+00:00,1.9289463758468628,1.9303851127624512,1.9241071939468384,1.9241071939468384,0
2026-01-22 20:30:00+00:00,1.9242810010910034,1.9242810010910034,1.9196627140045166,1.919714093208313,0
2026-01-22 20:45:00+00:00,1.9195141792297363,1.922977089881897,1.9195141792297363,1.922977089881897,0
2026-01-22 21:00:00+00:00,1.923327088356018,1.9242135286331177,1.9214720726013184,1.9242135286331177,0
2026-01-22 21:15:00+00:00,1.924081563949585,1.9290273189544678,1.9237678050994873,1.9285633563995361,0
2026-01-22 21:30:00+00:00,1.9285335540771484,1.9285335540771484,1.9242591857910156,1.9242591857910156,0
2026-01-22 21:45:00+00:00,1.9237333536148071,1.9243943691253662,1.9226112365722656,1.924157977104187,0
2026-01-22 22:00:00+00:00,1.9240776300430298,1.9259710311889648,1.9228769540786743,1.9259710311889648,0
2026-01-22 22:15:00+00:00,1.925607681274414,1.9273260831832886,1.924619197845459,1.9269328117370605,0
2026-01-22 22:30:00+00:00,1.926538348197937,1.926538348197937,1.9226396083831787,1.9232538938522339,0
2026-01-22 22:45:00+00:00,1.923359990119934,1.9255658388137817,1.923359990119934,1.9238544702529907,0
2026-01-22 23:00:00+00:00,1.923060655593872,1.923060655593872,1.9157183170318604,1.9174185991287231,0
2026-01-22 23:15:00+00:00,1.9176146984100342,1.9211938381195068,1.9176146984100342,1.921015977859497,0
2026-01-22 23:30:00+00:00,1.9209861755371094,1.9222780466079712,1.9198808670043945,1.9198808670043945,0
2026-01-22 23:45:00+00:00,1.9200053215026855,1.9215837717056274,1.9196728467941284,1.9215837717056274,0
2026-01-23 00:00:00+00:00,1.9216632843017578,1.9219911098480225,1.920567274093628,1.9219911098480225,0
2026-01-23 00:15:00+00:00,1.9220211505889893,1.9234880208969116,1.9220211505889893,1.922349214553833,0
2026-01-23 00:30:00+00:00,1.9223601818084717,1.9223601818084717,1.9178763628005981,1.9178763628005981,0
2026-01-23 00:45:00+00:00,1.9177415370941162,1.9179017543792725,1.9163837432861328,1.9178601503372192,0
2026-01-23 01:00:00+00:00,1.917807698249817,1.9188984632492065,1.9171900749206543,1.9187586307525635,0
2026-01-23 01:15:00+00:00,1.91851806640625,1.91851806640625,1.9171535968780518,1.917356252670288,0
2026-01-23 01:30:00+00:00,1.918553113937378,1.9202966690063477,1.9183292388916016,1.9197392463684082,0
2026-01-23 01:45:00+00:00,1.9197514057159424,1.9213752746582031,1.9197514057159424,1.921203374862671,0
2026-01-23 02:00:00+00:00,1.9207181930541992,1.9207181930541992,1.917054295539856,1.9176393747329712,0
2026-01-23 02:15:00+00:00,1.9176368713378906,1.9179999828338623,1.9150152206420898,1.9150152206420898,0
2026-01-23 02:30:00+00:00,1.9151302576065063,1.916143536567688,1.915046215057373,1.916042685508728,0
2026-01-23 02:45:00+00:00,1.9158698320388794,1.9158698320388794,1.9087380170822144,1.9087380170822144,0
2026-01-23 03:00:00+00:00,1.9085772037506104,1.91096830368042,1.9078261852264404,1.91096830368042,0
2026-01-23 03:15:00+00:00,1.9110443592071533,1.9151315689086914,1.9110443592071533,1.9150482416152954,0
2026-01-23 03:30:00+00:00,1.914986252784729,1.914986252784729,1.9118750095367432,1.912570595741272,0
2026-01-23 03:45:00+00:00,1.9126240015029907,1.9127845764160156,1.9119644165039062,1.9120277166366577,0
2026-01-23 04:00:00+00:00,1.9124850034713745,1.9159252643585205,1.9121034145355225,1.9159252643585205,2624512
2026-01-23 04:15:00+00:00,1.9159252643585205,1.9197304248809814,1.9159252643585205,1.9197304248809814,3502848
2026-01-23 04:30:00+00:00,1.919689655303955,1.91989266872406,1.9186710119247437,1.9194449186325073,2867200
2026-01-23 04:45:00+00:00,1.9196373224258423,1.9213147163391113,1.9193153381347656,1.9193153381347656,6492928
2026-01-23 05:00:00+00:00,1.9192156791687012,1.9192156791687012,1.9173370599746704,1.9173370599746704,0
2026-01-23 05:15:00+00:00,1.9175570011138916,1.917678952217102,1.9112337827682495,1.9112337827682495,1115392
2026-01-23 05:30:00+00:00,1.9112385511398315,1.9115568399429321,1.9108171463012695,1.9108256101608276,0
2026-01-23 05:45:00+00:00,1.910826325416565,1.910826325416565,1.9066051244735718,1.9073561429977417,6458624
2026-01-23 06:00:00+00:00,1.9075063467025757,1.9120417833328247,1.9075063467025757,1.9120386838912964,1142016
2026-01-23 06:15:00+00:00,1.9120734930038452,1.9133127927780151,1.9077666997909546,1.9077666997909546,4560640
2026-01-23 06:30:00+00:00,1.9051157236099243,1.9092296361923218,1.9039355516433716,1.9091415405273438,12269312
2026-01-23 06:45:00+00:00,1.909343957901001,1.9101330041885376,1.9078032970428467,1.9078032970428467,2751488
2026-01-23 07:00:00+00:00,1.9079904556274414,1.908929467201233,1.9072558879852295,1.9083200693130493,5485312
2026-01-23 07:15:00+00:00,1.9084655046463013,1.9103509187698364,1.9084655046463013,1.9103509187698364,0
2026-01-23 07:30:00+00:00,1.9104207754135132,1.91159188747406,1.9104207754135132,1.9114470481872559,0
2026-01-23 07:45:00+00:00,1.9116088151931763,1.9116088151931763,1.9108567237854004,1.9108706712722778,1454080
2026-01-23 08:00:00+00:00,1.9110901355743408,1.9115304946899414,1.9086244106292725,1.9089252948760986,24464384
2026-01-23 08:15:00+00:00,1.9090125560760498,1.9090125560760498,1.9056023359298706,1.9056023359298706,1861120
2026-01-23 08:30:00+00:00,1.9056482315063477,1.9056482315063477,1.9019784927368164,1.9049303531646729,12884480
2026-01-23 08:45:00+00:00,1.9049421548843384,1.9052963256835938,1.9037474393844604,1.9042985439300537,7060224
2026-01-23 09:00:00+00:00,1.9042129516601562,1.9081836938858032,1.9034336805343628,1.9081836938858032,1152000
2026-01-23 09:15:00+00:00,1.9079902172088623,1.9079902172088623,1.9043214321136475,1.9043214321136475,874496
2026-01-23 09:30:00+00:00,1.9042706489562988,1.9060322046279907,1.9020336866378784,1.9060322046279907,2586368
2026-01-23 09:45:00+00:00,1.9058951139450073,1.9063713550567627,1.9055455923080444,1.9063591957092285,1709312
2026-01-23 10:00:00+00:00,1.9062098264694214,1.9078627824783325,1.9060457944869995,1.90700101852417,0
2026-01-23 10:15:00+00:00,1.9071319103240967,1.9094316959381104,1.9071319103240967,1.9092419147491455,45312
2026-01-23 10:30:00+00:00,1.90920090675354,1.90920090675354,1.9068162441253662,1.9075851440429688,0
2026-01-23 10:45:00+00:00,1.9076992273330688,1.9093153476715088,1.9067989587783813,1.9067989587783813,0
2026-01-23 11:00:00+00:00,1.906760334968567,1.9086780548095703,1.905882716178894,1.9086780548095703,3608576
2026-01-23 11:15:00+00:00,1.9086636304855347,1.9093835353851318,1.9086636304855347,1.9093081951141357,0
2026-01-23 11:30:00+00:00,1.9092758893966675,1.91159188747406,1.9090880155563354,1.911548376083374,0
2026-01-23 11:45:00+00:00,1.9114329814910889,1.911443829536438,1.9107908010482788,1.911159634590149,0
2026-01-23 12:00:00+00:00,1.9113595485687256,1.9114441871643066,1.9097586870193481,1.9097586870193481,0
2026-01-23 12:15:00+00:00,1.9096959829330444,1.9097446203231812,1.9084793329238892,1.9095836877822876,1414912
2026-01-23 12:30:00+00:00,1.9093507528305054,1.9093507528305054,1.9077858924865723,1.9083590507507324,702464
2026-01-23 12:45:00+00:00,1.9083280563354492,1.9090757369995117,1.9082298278808594,1.9082589149475098,179456
2026-01-23 13:00:00+00:00,1.9081379175186157,1.9081379175186157,1.9070210456848145,1.9077298641204834,0
2026-01-23 13:15:00+00:00,1.907802700996399,1.9090173244476318,1.907802700996399,1.908240795135498,794112
2026-01-23 13:30:00+00:00,1.90807044506073,1.90807044506073,1.9036298990249634,1.9037419557571411,0
2026-01-23 13:45:00+00:00,1.9037959575653076,1.9049663543701172,1.902740240097046,1.902740240097046,0
2026-01-23 14:00:00+00:00,1.902774691581726,1.9043772220611572,1.9024263620376587,1.902920126914978,0
2026-01-23 14:15:00+00:00,1.9027777910232544,1.9043537378311157,1.9022102355957031,1.9043537378311157,3917056
2026-01-23 14:30:00+00:00,1.9045929908752441,1.905421495437622,1.8906843662261963,1.8940110206604004,25355136
2026-01-23 14:45:00+00:00,1.8935048580169678,1.8935048580169678,1.8888955116271973,1.8926641941070557,6124544
2026-01-23 15:00:00+00:00,1.892679214477539,1.896087646484375,1.892679214477539,1.8956918716430664,0
2026-01-23 15:15:00+00:00,1.895058274269104,1.9004713296890259,1.8917299509048462,1.9004713296890259,9746944
2026-01-23 15:30:00+00:00,1.9000252485275269,1.9068306684494019,1.899392008781433,1.9067835807800293,1480448
2026-01-23 15:45:00+00:00,1.9067468643188477,1.9160152673721313,1.9067468643188477,1.9159754514694214,13529216
2026-01-23 16:00:00+00:00,1.916735053062439,1.925416350364685,1.916735053062439,1.9249045848846436,13382528
2026-01-23 16:15:00+00:00,1.9251264333724976,1.9281094074249268,1.9251264333724976,1.925898551940918,0
2026-01-23 16:30:00+00:00,1.9262034893035889,1.9421533346176147,1.9239163398742676,1.9421533346176147,31006976
2026-01-23 16:45:00+00:00,1.942478060722351,1.9452037811279297,1.9352675676345825,1.9352675676345825,24230656
2026-01-23 17:00:00+00:00,1.9352645874023438,1.9352645874023438,1.9269914627075195,1.9278391599655151,8573312
2026-01-23 17:15:00+00:00,1.9275659322738647,1.9476337432861328,1.9275659322738647,1.947468876838684,98783488
2026-01-23 17:30:00+00:00,1.9480969905853271,1.9583511352539062,1.9480969905853271,1.956085443496704,65001216
2026-01-23 17:45:00+00:00,1.9564391374588013,1.9572685956954956,1.9456819295883179,1.9457505941390991,6139904
2026-01-23 18:00:00+00:00,1.945607304573059,1.9559993743896484,1.944431185722351,1.9541549682617188,32877568
2026-01-23 18:15:00+00:00,1.9527568817138672,1.9527568817138672,1.9488050937652588,1.9488826990127563,15838464
2026-01-23 18:30:00+00:00,1.9486347436904907,1.9515457153320312,1.9467017650604248,1.9467017650604248,7420416
2026-01-23 18:45:00+00:00,1.9466418027877808,1.9466418027877808,1.9422942399978638,1.9450387954711914,12071680
2026-01-23 19:00:00+00:00,1.94438636302948,1.94438636302948,1.9383469820022583,1.9387986660003662,10673664
2026-01-23 19:15:00+00:00,1.9386258125305176,1.9386258125305176,1.9294573068618774,1.9328498840332031,31921152
2026-01-23 19:30:00+00:00,1.9306598901748657,1.9306598901748657,1.9268757104873657,1.9278119802474976,20336128
2026-01-23 19:45:00+00:00,1.9281399250030518,1.9289913177490234,1.9234066009521484,1.9234066009521484,7437312
2026-01-23 20:00:00+00:00,1.9231152534484863,1.9231152534484863,1.9208872318267822,1.922719955444336,14552832
2026-01-23 20:15:00+00:00,1.9226340055465698,1.9229495525360107,1.9198002815246582,1.9198862314224243,388608
2026-01-23 20:30:00+00:00,1.9198074340820312,1.9198074340820312,1.9085360765457153,1.9113186597824097,27471104
2026-01-23 20:45:00+00:00,1.9111500978469849,1.9145745038986206,1.9098042249679565,1.9145745038986206,13795072
2026-01-23 21:00:00+00:00,1.9138892889022827,1.9193644523620605,1.9137020111083984,1.9193644523620605,17081856
2026-01-23 21:15:00+00:00,1.9195407629013062,1.92287015914917,1.9194698333740234,1.9227190017700195,2586624
2026-01-23 21:30:00+00:00,1.9226078987121582,1.9226078987121582,1.9186664819717407,1.9186664819717407,466432
2026-01-23 21:45:00+00:00,1.9184150695800781,1.918440818786621,1.9175434112548828,1.9180318117141724,2557184
2026-01-23 22:00:00+00:00,1.9179569482803345,1.9226988554000854,1.9172377586364746,1.922333002090454,4835072
2026-01-23 22:15:00+00:00,1.9224324226379395,1.923609733581543,1.9213355779647827,1.923609733581543,2896384
2026-01-23 22:30:00+00:00,1.923353672027588,1.9247479438781738,1.9223475456237793,1.9244484901428223,11807488
2026-01-23 22:45:00+00:00,1.9240217208862305,1.9240217208862305,1.921313762664795,1.922837257385254,4231424
2026-01-23 23:00:00+00:00,1.923190951347351,1.923190951347351,1.9197659492492676,1.9197659492492676,3297024
2026-01-23 23:15:00+00:00,1.919769525527954,1.919798493385315,1.9183776378631592,1.9192534685134888,0
2026-01-23 23:30:00+00:00,1.919252872467041,1.9199925661087036,1.919071078300476,1.9191287755966187,887808
2026-01-23 23:45:00+00:00,1.919047474861145,1.9196723699569702,1.9189362525939941,1.9196723699569702,4153856
2026-01-24 00:00:00+00:00,1.9194978475570679,1.9194978475570679,1.9170732498168945,1.9170732498168945,474368
2026-01-24 00:15:00+00:00,1.9170711040496826,1.918408751487732,1.9167598485946655,1.9182573556900024,0
2026-01-24 00:30:00+00:00,1.9181588888168335,1.919531226158142,1.9178569316864014,1.9194340705871582,0
2026-01-24 00:45:00+00:00,1.9194369316101074,1.9194369316101074,1.9177626371383667,1.9177626371383667,0
2026-01-24 01:00:00+00:00,1.917683720588684,1.917683720588684,1.9161415100097656,1.9161415100097656,0
2026-01-24 01:15:00+00:00,1.916147232055664,1.9184489250183105,1.9159574508666992,1.9184489250183105,0
2026-01-24 01:30:00+00:00,1.918480396270752,1.918480396270752,1.9155216217041016,1.9156951904296875,0
2026-01-24 01:45:00+00:00,1.9158728122711182,1.916700839996338,1.9152873754501343,1.916700839996338,0
2026-01-24 02:00:00+00:00,1.9166946411132812,1.9192965030670166,1.9166946411132812,1.9192965030670166,0
2026-01-24 02:15:00+00:00,1.9194129705429077,1.9219892024993896,1.9194129705429077,1.9213294982910156,923648
2026-01-24 02:30:00+00:00,1.9213297367095947,1.9228918552398682,1.920951008796692,1.92288076877594,2704640
2026-01-24 02:45:00+00:00,1.922812581062317,1.922812581062317,1.921309232711792,1.9213283061981201,2215168
2026-01-24 03:00:00+00:00,1.921326994895935,1.9232029914855957,1.9211044311523438,1.9231809377670288,3589120
2026-01-24 03:15:00+00:00,1.9230749607086182,1.9230749607086182,1.921000599861145,1.9214776754379272,796672
2026-01-24 03:30:00+00:00,1.921760082244873,1.92304527759552,1.921760082244873,1.9230059385299683,0
2026-01-24 03:45:00+00:00,1.9230529069900513,1.9231356382369995,1.9211562871932983,1.9212268590927124,588800
2026-01-24 04:00:00+00:00,1.9211534261703491,1.9240576028823853,1.9209766387939453,1.9240576028823853,0
2026-01-24 04:15:00+00:00,1.9240177869796753,1.9244736433029175,1.9230564832687378,1.9230564832687378,0
2026-01-24 04:30:00+00:00,1.9230682849884033,1.9230682849884033,1.9220608472824097,1.9228219985961914,0
2026-01-24 04:45:00+00:00,1.922770619392395,1.922770619392395,1.922109603881836,1.9224591255187988,0
2026-01-24 05:00:00+00:00,1.9224802255630493,1.922731876373291,1.9211102724075317,1.9211102724075317,0
2026-01-24 05:15:00+00:00,1.9209152460098267,1.9209152460098267,1.9201607704162598,1.9205322265625,0
2026-01-24 05:30:00+00:00,1.9205281734466553,1.9209201335906982,1.9198107719421387,1.9198107719421387,0
2026-01-24 05:45:00+00:00,1.9199094772338867,1.920283317565918,1.9186334609985352,1.9186334609985352,2727680
2026-01-24 06:00:00+00:00,1.9189326763153076,1.919151782989502,1.9179242849349976,1.917995810508728,0
2026-01-24 06:15:00+00:00,1.9183005094528198,1.918682336807251,1.9168468713760376,1.9168468713760376,271616
2026-01-24 06:30:00+00:00,1.9168250560760498,1.917324423789978,1.9165852069854736,1.917324423789978,0
2026-01-24 06:45:00+00:00,1.9173407554626465,1.9173429012298584,1.9160548448562622,1.9160548448562622,0
2026-01-24 07:00:00+00:00,1.9160465002059937,1.9163018465042114,1.9157732725143433,1.9163018465042114,0
2026-01-24 07:15:00+00:00,1.9162925481796265,1.91646409034729,1.9151010513305664,1.9151238203048706,0
2026-01-24 07:30:00+00:00,1.9151595830917358,1.9151595830917358,1.9148081541061401,1.9150290489196777,0
2026-01-24 07:45:00+00:00,1.9151517152786255,1.9165419340133667,1.9151517152786255,1.9164243936538696,0
2026-01-24 08:00:00+00:00,1.9163892269134521,1.9164975881576538,1.915912389755249,1.9164892435073853,0
2026-01-24 08:15:00+00:00,1.9164947271347046,1.9173256158828735,1.9164947271347046,1.917269229888916,0
2026-01-24 08:30:00+00:00,1.9173370599746704,1.917956829071045,1.917098045349121,1.917956829071045,0
2026-01-24 08:45:00+00:00,1.9179638624191284,1.9181309938430786,1.9168936014175415,1.9169050455093384,0
2026-01-24 09:00:00+00:00,1.9168750047683716,1.9168750047683716,1.914990782737732,1.9161428213119507,0
2026-01-24 09:15:00+00:00,1.9160290956497192,1.9160290956497192,1.9147652387619019,1.9147652387619019,0
2026-01-24 09:30:00+00:00,1.9147396087646484,1.9147396087646484,1.914273977279663,1.9144785404205322,0
2026-01-24 09:45:00+00:00,1.9144951105117798,1.9144951105117798,1.9136391878128052,1.914103627204895,1426816
2026-01-24 10:00:00+00:00,1.9140839576721191,1.9143949747085571,1.9136284589767456,1.9136284589767456,0
2026-01-24 10:15:00+00:00,1.9135798215866089,1.9135798215866089,1.913022518157959,1.9134314060211182,0
2026-01-24 10:30:00+00:00,1.9134324789047241,1.9141287803649902,1.913301944732666,1.9136065244674683,0
2026-01-24 10:45:00+00:00,1.9136298894882202,1.914806604385376,1.9136298894882202,1.9147107601165771,0
2026-01-24 11:00:00+00:00,1.9146848917007446,1.9160321950912476,1.9146153926849365,1.9160090684890747,0
2026-01-24 11:15:00+00:00,1.9160352945327759,1.9168944358825684,1.9160352945327759,1.91689133644104,0
2026-01-24 11:30:00+00:00,1.9165345430374146,1.9165345430374146,1.9160394668579102,1.9164282083511353,0
2026-01-24 11:45:00+00:00,1.9165327548980713,1.9165383577346802,1.9147753715515137,1.9147753715515137,0
2026-01-24 12:00:00+00:00,1.9147529602050781,1.9147529602050781,1.9135915040969849,1.9135915040969849,0
2026-01-24 12:15:00+00:00,1.9135936498641968,1.9173496961593628,1.9134266376495361,1.9171255826950073,6228224
2026-01-24 12:30:00+00:00,1.9171348810195923,1.9187101125717163,1.9171348810195923,1.917659878730774,1306496
2026-01-24 12:45:00+00:00,1.9176509380340576,1.9178088903427124,1.9169049263000488,1.9169752597808838,0
2026-01-24 13:00:00+00:00,1.9170029163360596,1.9170029163360596,1.9166303873062134,1.9169986248016357,0
2026-01-24 13:15:00+00:00,1.9169999361038208,1.9172587394714355,1.9167239665985107,1.9172587394714355,0
2026-01-24 13:30:00+00:00,1.9173791408538818,1.9173791408538818,1.9167248010635376,1.9169775247573853,0
2026-01-24 13:45:00+00:00,1.9169636964797974,1.9208966493606567,1.9169636964797974,1.9203829765319824,0
2026-01-24 14:00:00+00:00,1.9200133085250854,1.9200133085250854,1.9163832664489746,1.9166278839111328,193920
2026-01-24 14:15:00+00:00,1.916488766670227,1.9170814752578735,1.916488766670227,1.9168765544891357,0
2026-01-24 14:30:00+00:00,1.9169104099273682,1.9175176620483398,1.9167503118515015,1.916798710823059,0
2026-01-24 14:45:00+00:00,1.9167423248291016,1.9178513288497925,1.9159932136535645,1.916088581085205,0
2026-01-24 15:00:00+00:00,1.9162148237228394,1.9184315204620361,1.9162148237228394,1.9174983501434326,0
2026-01-24 15:15:00+00:00,1.9175442457199097,1.9175891876220703,1.9154974222183228,1.9154974222183228,0
2026-01-24 15:30:00+00:00,1.9155571460723877,1.9155571460723877,1.9141961336135864,1.9142099618911743,0
2026-01-24 15:45:00+00:00,1.9141578674316406,1.9141578674316406,1.9107072353363037,1.9107072353363037,0
2026-01-24 16:00:00+00:00,1.9106934070587158,1.9115455150604248,1.9099539518356323,1.9112493991851807,0
2026-01-24 16:15:00+00:00,1.911118507385254,1.911118507385254,1.909602165222168,1.9105547666549683,1816064
2026-01-24 16:30:00+00:00,1.910744071006775,1.9118467569351196,1.910744071006775,1.9113517999649048,0
2026-01-24 16:45:00+00:00,1.911348581314087,1.913710594177246,1.911348581314087,1.9131126403808594,0
2026-01-24 17:00:00+00:00,1.912366509437561,1.912458062171936,1.9116449356079102,1.9118447303771973,0
2026-01-24 17:15:00+00:00,1.911765456199646,1.9128811359405518,1.911765456199646,1.9128811359405518,0
2026-01-24 17:30:00+00:00,1.913008213043213,1.9153671264648438,1.913008213043213,1.9153045415878296,0
2026-01-24 17:45:00+00:00,1.9151569604873657,1.9151569604873657,1.9139032363891602,1.9139659404754639,0
2026-01-24 18:00:00+00:00,1.9142342805862427,1.9145170450210571,1.9139736890792847,1.9144728183746338,0
2026-01-24 18:15:00+00:00,1.914476752281189,1.9152514934539795,1.914476752281189,1.91488778591156,0
2026-01-24 18:30:00+00:00,1.9150334596633911,1.9166775941848755,1.9150334596633911,1.9163836240768433,0
2026-01-24 18:45:00+00:00,1.9165083169937134,1.9172203540802002,1.9158822298049927,1.9171686172485352,0
2026-01-24 19:00:00+00:00,1.9172552824020386,1.9177443981170654,1.9144022464752197,1.9144022464752197,0
2026-01-24 19:15:00+00:00,1.9142190217971802,1.9142190217971802,1.9127309322357178,1.912903070449829,0
2026-01-24 19:30:00+00:00,1.9132323265075684,1.9139480590820312,1.9132323265075684,1.9138643741607666,0
2026-01-24 19:45:00+00:00,1.9139299392700195,1.914154291152954,1.913746953010559,1.913746953010559,0
2026-01-24 20:00:00+00:00,1.9137614965438843,1.9145963191986084,1.9137614965438843,1.914440393447876,0
2026-01-24 20:15:00+00:00,1.9144145250320435,1.9155759811401367,1.9144145250320435,1.9155714511871338,0
2026-01-24 20:30:00+00:00,1.9155676364898682,1.9155676364898682,1.9146686792373657,1.9146686792373657,0
2026-01-24 20:45:00+00:00,1.9147679805755615,1.9151312112808228,1.914576530456543,1.9151312112808228,0
2026-01-24 21:00:00+00:00,1.9149271249771118,1.9149271249771118,1.9124014377593994,1.9124014377593994,0
2026-01-24 21:15:00+00:00,1.912462830543518,1.9137041568756104,1.9124417304992676,1.9136438369750977,0
2026-01-24 21:30:00+00:00,1.9136760234832764,1.913711428642273,1.9131006002426147,1.913711428642273,0
2026-01-24 21:45:00+00:00,1.9138681888580322,1.9146547317504883,1.9138681888580322,1.9145816564559937,0
2026-01-24 22:00:00+00:00,1.9146066904067993,1.9169507026672363,1.9146066904067993,1.9169507026672363,0
2026-01-24 22:15:00+00:00,1.916978359222412,1.9196276664733887,1.916978359222412,1.9191560745239258,0
2026-01-24 22:30:00+00:00,1.9189915657043457,1.9189915657043457,1.9165149927139282,1.9165149927139282,0
2026-01-24 22:45:00+00:00,1.9164725542068481,1.9179179668426514,1.9160008430480957,1.9178920984268188,301184
2026-01-24 23:00:00+00:00,1.9181854724884033,1.9187226295471191,1.916144609451294,1.9162055253982544,0
2026-01-24 23:15:00+00:00,1.9162969589233398,1.916467547416687,1.9150495529174805,1.9150495529174805,496512
2026-01-24 23:30:00+00:00,1.9142366647720337,1.914314866065979,1.9132897853851318,1.9132897853851318,3310400
2026-01-24 23:45:00+00:00,1.9133598804473877,1.9136897325515747,1.9131746292114258,1.913228154182434,3368192
2026-01-25 00:00:00+00:00,1.9129233360290527,1.9135817289352417,1.912401795387268,1.9129128456115723,4903424
2026-01-25 00:15:00+00:00,1.9128179550170898,1.9128179550170898,1.9107815027236938,1.9107815027236938,4583040
2026-01-25 00:30:00+00:00,1.9108637571334839,1.9108637571334839,1.910025954246521,1.9103748798370361,2684480
2026-01-25 00:45:00+00:00,1.910361886024475,1.9107283353805542,1.9093654155731201,1.9107283353805542,0
2026-01-25 01:00:00+00:00,1.9108574390411377,1.9113236665725708,1.9097023010253906,1.9097023010253906,1828096
2026-01-25 01:15:00+00:00,1.9096378087997437,1.9096378087997437,1.906274437904358,1.9063570499420166,9724032
2026-01-25 01:30:00+00:00,1.9062961339950562,1.9062961339950562,1.9032135009765625,1.903252363204956,12637632
2026-01-25 01:45:00+00:00,1.903136134147644,1.903136134147644,1.9017490148544312,1.9024196863174438,7274240
2026-01-25 02:00:00+00:00,1.902550220489502,1.905709147453308,1.902550220489502,1.904591679573059,3299968
2026-01-25 02:15:00+00:00,1.9046849012374878,1.9046849012374878,1.9038323163986206,1.9040719270706177,0
2026-01-25 02:30:00+00:00,1.9039808511734009,1.9045335054397583,1.903520941734314,1.9042603969573975,0
2026-01-25 02:45:00+00:00,1.9042264223098755,1.9045624732971191,1.9038788080215454,1.9044325351715088,284160
2026-01-25 03:00:00+00:00,1.9044463634490967,1.9048082828521729,1.904069185256958,1.9040833711624146,0
2026-01-25 03:15:00+00:00,1.9040255546569824,1.9040255546569824,1.900763988494873,1.900763988494873,6705152
2026-01-25 03:30:00+00:00,1.9007985591888428,1.9007985591888428,1.8979984521865845,1.8981412649154663,11337280
2026-01-25 03:45:00+00:00,1.8980073928833008,1.8980073928833008,1.8963261842727661,1.8978497982025146,8274944
2026-01-25 04:00:00+00:00,1.89804208278656,1.8992745876312256,1.897800087928772,1.8986419439315796,1101888
2026-01-25 04:15:00+00:00,1.8985034227371216,1.8985034227371216,1.8971359729766846,1.8982529640197754,2153024
2026-01-25 04:30:00+00:00,1.8983043432235718,1.900476098060608,1.8983043432235718,1.900102138519287,4493568
2026-01-25 04:45:00+00:00,1.9001562595367432,1.9001588821411133,1.89957857131958,1.89957857131958,0
2026-01-25 05:00:00+00:00,1.8994905948638916,1.8994905948638916,1.8986291885375977,1.8987358808517456,2208832
2026-01-25 05:15:00+00:00,1.8987760543823242,1.8990875482559204,1.897602915763855,1.897602915763855,3767424
2026-01-25 05:30:00+00:00,1.8976608514785767,1.8976608514785767,1.8961408138275146,1.8961408138275146,6292928
2026-01-25 05:45:00+00:00,1.8960843086242676,1.898362636566162,1.8958712816238403,1.898362636566162,0
2026-01-25 06:00:00+00:00,1.8983403444290161,1.8989017009735107,1.8963605165481567,1.8963605165481567,2500032
2026-01-25 06:15:00+00:00,1.8963134288787842,1.8963134288787842,1.894444465637207,1.895018219947815,10162368
2026-01-25 06:30:00+00:00,1.8949248790740967,1.896356463432312,1.8944547176361084,1.8962024450302124,5012224
2026-01-25 06:45:00+00:00,1.8961855173110962,1.8965970277786255,1.8955501317977905,1.895637035369873,1888640
2026-01-25 07:00:00+00:00,1.8956358432769775,1.8956358432769775,1.8944947719573975,1.8947656154632568,1949376
2026-01-25 07:15:00+00:00,1.894547700881958,1.8947985172271729,1.8934855461120605,1.8947985172271729,6925632
2026-01-25 07:30:00+00:00,1.894824743270874,1.895631194114685,1.894824743270874,1.8954346179962158,5853440
2026-01-25 07:45:00+00:00,1.895448923110962,1.895448923110962,1.8924620151519775,1.8925222158432007,4471104
2026-01-25 08:00:00+00:00,1.8925230503082275,1.8963605165481567,1.8922690153121948,1.8956657648086548,4966016
2026-01-25 08:15:00+00:00,1.8949897289276123,1.8952258825302124,1.8935177326202393,1.8952258825302124,6486016
2026-01-25 08:30:00+00:00,1.8950345516204834,1.8950345516204834,1.8912197351455688,1.8912197351455688,16160448
2026-01-25 08:45:00+00:00,1.8914175033569336,1.8914175033569336,1.8892043828964233,1.8892097473144531,22015104
2026-01-25 09:00:00+00:00,1.8890526294708252,1.8890526294708252,1.8862227201461792,1.8864517211914062,21425024
2026-01-25 09:15:00+00:00,1.8863794803619385,1.8875828981399536,1.8863794803619385,1.8875828981399536,11028608
2026-01-25 09:30:00+00:00,1.8879389762878418,1.8928718566894531,1.8879389762878418,1.8928636312484741,22152064
2026-01-25 09:45:00+00:00,1.892910361289978,1.8936693668365479,1.8909785747528076,1.8909785747528076,3561472
2026-01-25 10:00:00+00:00,1.8909467458724976,1.89303457736969,1.8909467458724976,1.89303457736969,2265344
2026-01-25 10:15:00+00:00,1.8931940793991089,1.901699185371399,1.8931940793991089,1.901699185371399,15659392
2026-01-25 10:30:00+00:00,1.9023083448410034,1.9076908826828003,1.9023083448410034,1.9062107801437378,25171712
2026-01-25 10:45:00+00:00,1.9062281847000122,1.9067078828811646,1.9055083990097046,1.9056305885314941,10528640
2026-01-25 11:00:00+00:00,1.9055886268615723,1.9055886268615723,1.9016408920288086,1.9022172689437866,5151232
2026-01-25 11:15:00+00:00,1.9022160768508911,1.9063595533370972,1.9022160768508911,1.9062144756317139,6327296
2026-01-25 11:30:00+00:00,1.9062498807907104,1.9062498807907104,1.9018443822860718,1.9019712209701538,11896576
2026-01-25 11:45:00+00:00,1.9017795324325562,1.9017795324325562,1.89875066280365,1.8994617462158203,6080640
2026-01-25 12:00:00+00:00,1.8994871377944946,1.8994871377944946,1.8981480598449707,1.898950457572937,4450560
2026-01-25 12:15:00+00:00,1.899024248123169,1.89955472946167,1.8970710039138794,1.8979053497314453,1409024
2026-01-25 12:30:00+00:00,1.897625207901001,1.897625207901001,1.895755648612976,1.8958953619003296,8937472
2026-01-25 12:45:00+00:00,1.8960912227630615,1.897200107574463,1.8958861827850342,1.897200107574463,6249216
2026-01-25 13:00:00+00:00,1.8971761465072632,1.8980145454406738,1.896715521812439,1.8969234228134155,2680576
2026-01-25 13:15:00+00:00,1.8968168497085571,1.8968168497085571,1.8952161073684692,1.8952161073684692,2729472
2026-01-25 13:30:00+00:00,1.8952901363372803,1.8952901363372803,1.8933954238891602,1.8946586847305298,6461440
2026-01-25 13:45:00+00:00,1.894737958908081,1.8996105194091797,1.894737958908081,1.8994379043579102,3796352
2026-01-25 14:00:00+00:00,1.8994133472442627,1.8994251489639282,1.8956526517868042,1.8956526517868042,1893632
2026-01-25 14:15:00+00:00,1.8953659534454346,1.8954219818115234,1.8879221677780151,1.8879221677780151,16344448
2026-01-25 14:30:00+00:00,1.8882046937942505,1.8882046937942505,1.8840038776397705,1.8866750001907349,1526144
2026-01-25 14:45:00+00:00,1.8867274522781372,1.8867274522781372,1.8847591876983643,1.8860547542572021,6558208
2026-01-25 15:00:00+00:00,1.8858829736709595,1.8867896795272827,1.8852299451828003,1.8867896795272827,2129792
2026-01-25 15:15:00+00:00,1.8867546319961548,1.887684941291809,1.8858270645141602,1.887684941291809,8692992
2026-01-25 15:30:00+00:00,1.8877533674240112,1.8896188735961914,1.8876631259918213,1.8876631259918213,2328320
2026-01-25 15:45:00+00:00,1.8877424001693726,1.8877424001693726,1.8848190307617188,1.8848190307617188,5337344
2026-01-25 16:00:00+00:00,1.8849269151687622,1.8849269151687622,1.854512095451355,1.854512095451355,131986816
2026-01-25 16:15:00+00:00,1.85407292842865,1.8546373844146729,1.8480931520462036,1.8500750064849854,109145344
2026-01-25 16:30:00+00:00,1.8503071069717407,1.8553237915039062,1.8503071069717407,1.8509169816970825,65178240
2026-01-25 16:45:00+00:00,1.8505566120147705,1.8509944677352905,1.8499085903167725,1.8508508205413818,33766784
2026-01-25 17:00:00+00:00,1.8509472608566284,1.85331392288208,1.8421951532363892,1.8421951532363892,63178112
2026-01-25 17:15:00+00:00,1.8418188095092773,1.8418188095092773,1.837283968925476,1.8389463424682617,53877120
2026-01-25 17:30:00+00:00,1.839115858078003,1.843929409980774,1.8389604091644287,1.843929409980774,23522176
2026-01-25 17:45:00+00:00,1.8448749780654907,1.8485524654388428,1.8448749780654907,1.844983458518982,25924992
2026-01-25 18:00:00+00:00,1.8450360298156738,1.8463478088378906,1.8427534103393555,1.842972755432129,27127680
2026-01-25 18:15:00+00:00,1.8435190916061401,1.8443793058395386,1.8386956453323364,1.8386956453323364,52574464
2026-01-25 18:30:00+00:00,1.8384944200515747,1.8384944200515747,1.8300682306289673,1.8300682306289673,61232128
2026-01-25 18:45:00+00:00,1.8297477960586548,1.8337169885635376,1.8286452293395996,1.8337169885635376,54286848
2026-01-25 19:00:00+00:00,1.8336995840072632,1.835073471069336,1.8332866430282593,1.8333359956741333,37745792
2026-01-25 19:15:00+00:00,1.8311406373977661,1.8311406373977661,1.8186753988265991,1.8186753988265991,63443072
2026-01-25 19:30:00+00:00,1.8184032440185547,1.8255428075790405,1.8161956071853638,1.8255428075790405,63904000
2026-01-25 19:45:00+00:00,1.8251818418502808,1.8251818418502808,1.8145073652267456,1.8157182931900024,59066368
2026-01-25 20:00:00+00:00,1.8158800601959229,1.8216991424560547,1.8158800601959229,1.8201134204864502,46015232
2026-01-25 20:15:00+00:00,1.8180419206619263,1.8192503452301025,1.8168312311172485,1.8189038038253784,38401792
2026-01-25 20:30:00+00:00,1.818740963935852,1.8188557624816895,1.8138712644577026,1.8140614032745361,35206912
2026-01-25 20:45:00+00:00,1.8141294717788696,1.8225520849227905,1.8141294717788696,1.8225520849227905,37316096
2026-01-25 21:00:00+00:00,1.8222426176071167,1.8316998481750488,1.8222426176071167,1.8316574096679688,51207424
2026-01-25 21:15:00+00:00,1.8320908546447754,1.834873914718628,1.8320908546447754,1.8344275951385498,39341312
2026-01-25 21:30:00+00:00,1.8345016241073608,1.8361188173294067,1.8295327425003052,1.8307420015335083,26295808
2026-01-25 21:45:00+00:00,1.8307613134384155,1.8376038074493408,1.8307613134384155,1.8376038074493408,24988416
2026-01-25 22:00:00+00:00,1.837488055229187,1.8378669023513794,1.8328391313552856,1.8333967924118042,20892928
2026-01-25 22:15:00+00:00,1.8338136672973633,1.83513343334198,1.82328462600708,1.82328462600708,16465408
2026-01-25 22:30:00+00:00,1.8228957653045654,1.8228957653045654,1.8187988996505737,1.821640133857727,46530560
2026-01-25 22:45:00+00:00,1.821997046470642,1.8235259056091309,1.8189574480056763,1.8220021724700928,16887296
2026-01-25 23:00:00+00:00,1.822367548942566,1.8340568542480469,1.822367548942566,1.8337957859039307,50620160
2026-01-25 23:15:00+00:00,1.8327171802520752,1.8335871696472168,1.8308407068252563,1.8308407068252563,28539136
2026-01-25 23:30:00+00:00,1.8308204412460327,1.8308204412460327,1.8252743482589722,1.826035499572754,15003648
2026-01-25 23:45:00+00:00,1.8265283107757568,1.8345437049865723,1.8265283107757568,1.832876443862915,21171200
2026-01-26 00:00:00+00:00,1.833092451095581,1.840183973312378,1.833092451095581,1.840183973312378,29901312
2026-01-26 00:15:00+00:00,1.8404552936553955,1.8494534492492676,1.8404552936553955,1.8472442626953125,22204160
2026-01-26 00:30:00+00:00,1.8472274541854858,1.8472274541854858,1.8421204090118408,1.8421204090118408,12271360
2026-01-26 00:45:00+00:00,1.8421732187271118,1.8500134944915771,1.8398473262786865,1.8499820232391357,32430592
2026-01-26 01:00:00+00:00,1.8501497507095337,1.8800348043441772,1.8501497507095337,1.8800348043441772,62917888
2026-01-26 01:15:00+00:00,1.879269003868103,1.8797950744628906,1.875073790550232,1.875073790550232,42614528
2026-01-26 01:30:00+00:00,1.8749417066574097,1.8785120248794556,1.8743896484375,1.8768783807754517,10789120
2026-01-26 01:45:00+00:00,1.877069115638733,1.8846149444580078,1.8761547803878784,1.8837212324142456,48730112
2026-01-26 02:00:00+00:00,1.8838742971420288,1.8838742971420288,1.8740390539169312,1.8747930526733398,17424384
2026-01-26 02:15:00+00:00,1.8748618364334106,1.878956913948059,1.873030662536621,1.878956913948059,28221184
2026-01-26 02:30:00+00:00,1.8793057203292847,1.8814548254013062,1.8773913383483887,1.8773913383483887,18421760
2026-01-26 02:45:00+00:00,1.8773099184036255,1.8773099184036255,1.8751671314239502,1.8752522468566895,14445824
2026-01-26 03:00:00+00:00,1.875170111656189,1.879489779472351,1.874446988105774,1.8788583278656006,11725056
2026-01-26 03:15:00+00:00,1.8791191577911377,1.8791489601135254,1.8741966485977173,1.8741966485977173,1089792
2026-01-26 03:30:00+00:00,1.8741480112075806,1.8741480112075806,1.8697212934494019,1.8699628114700317,7180032
2026-01-26 03:45:00+00:00,1.870172142982483,1.8701777458190918,1.8642170429229736,1.8643827438354492,7013888
2026-01-26 04:00:00+00:00,1.8645529747009277,1.871190071105957,1.8645529747009277,1.8711411952972412,12836352
2026-01-26 04:15:00+00:00,1.8711968660354614,1.8844263553619385,1.870675802230835,1.8844263553619385,35222272
2026-01-26 04:30:00+00:00,1.8843858242034912,1.8883761167526245,1.8823481798171997,1.8823481798171997,20622080
2026-01-26 04:45:00+00:00,1.8822592496871948,1.8822592496871948,1.877251386642456,1.877251386642456,20403712
2026-01-26 05:00:00+00:00,1.8772255182266235,1.8772255182266235,1.8742262125015259,1.8744748830795288,4842496
2026-01-26 05:15:00+00:00,1.8745795488357544,1.876508116722107,1.8745795488357544,1.8765076398849487,6372096
2026-01-26 05:30:00+00:00,1.8768941164016724,1.877654790878296,1.875524640083313,1.875524878501892,6131968
2026-01-26 05:45:00+00:00,1.8757996559143066,1.8789716958999634,1.8757996559143066,1.8789716958999634,11897344
2026-01-26 06:00:00+00:00,1.8789631128311157,1.8789631128311157,1.8776358366012573,1.8776358366012573,2435072
2026-01-26 06:15:00+00:00,1.877405047416687,1.8784297704696655,1.8758679628372192,1.8784297704696655,12844544
2026-01-26 06:30:00+00:00,1.8784140348434448,1.879663109779358,1.8782991170883179,1.878343939781189,3278848
2026-01-26 06:45:00+00:00,1.878469705581665,1.8817349672317505,1.878469705581665,1.879995346069336,12854784
2026-01-26 07:00:00+00:00,1.878864049911499,1.878864049911499,1.8774685859680176,1.8782786130905151,6327552
2026-01-26 07:15:00+00:00,1.8785234689712524,1.880071759223938,1.8785234689712524,1.879532814025879,8505344
2026-01-26 07:30:00+00:00,1.8794095516204834,1.8804233074188232,1.8769831657409668,1.880185604095459,26176768
2026-01-26 07:45:00+00:00,1.879954218864441,1.8804875612258911,1.8778016567230225,1.8804082870483398,5549824
2026-01-26 08:00:00+00:00,1.880380630493164,1.881840467453003,1.8800299167633057,1.881687879562378,5625088
2026-01-26 08:15:00+00:00,1.8814510107040405,1.890832781791687,1.8794952630996704,1.890832781791687,35564288
2026-01-26 08:30:00+00:00,1.890868902206421,1.8919702768325806,1.8874067068099976,1.8874067068099976,22253056
2026-01-26 08:45:00+00:00,1.8874256610870361,1.8874256610870361,1.885612964630127,1.8859190940856934,3358464
2026-01-26 09:00:00+00:00,1.8861454725265503,1.8863931894302368,1.8822351694107056,1.8822351694107056,2945536
2026-01-26 09:15:00+00:00,1.8821474313735962,1.8821474313735962,1.8802987337112427,1.8803976774215698,5558784
2026-01-26 09:30:00+00:00,1.880323886871338,1.8804749250411987,1.8786556720733643,1.8799104690551758,0
2026-01-26 09:45:00+00:00,1.8799166679382324,1.8806270360946655,1.876102089881897,1.876328468322754,12737280
2026-01-26 10:00:00+00:00,1.8764779567718506,1.8854374885559082,1.8764779567718506,1.8849313259124756,17725696
2026-01-26 10:15:00+00:00,1.8850865364074707,1.8858166933059692,1.8840330839157104,1.8850215673446655,0
2026-01-26 10:30:00+00:00,1.88514244556427,1.8878298997879028,1.88514244556427,1.8877274990081787,0
2026-01-26 10:45:00+00:00,1.8876358270645142,1.8876358270645142,1.8852598667144775,1.8852598667144775,0
2026-01-26 11:00:00+00:00,1.8852208852767944,1.8915419578552246,1.8852208852767944,1.8912850618362427,11001600
2026-01-26 11:15:00+00:00,1.8913278579711914,1.8913278579711914,1.8880897760391235,1.8880897760391235,1710848
2026-01-26 11:30:00+00:00,1.8880140781402588,1.8888338804244995,1.887608289718628,1.8887465000152588,6390016
2026-01-26 11:45:00+00:00,1.8887614011764526,1.8893529176712036,1.888709545135498,1.8893529176712036,2622464
2026-01-26 12:00:00+00:00,1.8893179893493652,1.898074746131897,1.8893179893493652,1.8954651355743408,20610816
2026-01-26 12:15:00+00:00,1.8960871696472168,1.8984066247940063,1.8946539163589478,1.8946539163589478,12525824
2026-01-26 12:30:00+00:00,1.8945953845977783,1.8945953845977783,1.8930646181106567,1.8932511806488037,2201088
2026-01-26 12:45:00+00:00,1.8932263851165771,1.8963987827301025,1.8932263851165771,1.8963987827301025,4087552
2026-01-26 13:00:00+00:00,1.8965398073196411,1.8986064195632935,1.8965398073196411,1.8986064195632935,9149440
2026-01-26 13:15:00+00:00,1.8995181322097778,1.9122060537338257,1.8995181322097778,1.9117776155471802,48798464
2026-01-26 13:30:00+00:00,1.9115958213806152,1.9115958213806152,1.906919240951538,1.906919240951538,20978176
2026-01-26 13:45:00+00:00,1.9069455862045288,1.9069455862045288,1.9022079706192017,1.9034367799758911,19481856
2026-01-26 14:00:00+00:00,1.9034305810928345,1.9113775491714478,1.9034305810928345,1.9081475734710693,21591296
2026-01-26 14:15:00+00:00,1.9084492921829224,1.9107428789138794,1.9054433107376099,1.9055476188659668,16759808
2026-01-26 14:30:00+00:00,1.9048486948013306,1.921590805053711,1.9020787477493286,1.921590805053711,73828864
2026-01-26 14:45:00+00:00,1.9200719594955444,1.9200719594955444,1.9116398096084595,1.913862705230713,36829184
2026-01-26 15:00:00+00:00,1.9161553382873535,1.930285930633545,1.9133176803588867,1.930285930633545,60773376
2026-01-26 15:15:00+00:00,1.9295525550842285,1.937290072441101,1.9295525550842285,1.930482268333435,73865984
2026-01-26 15:30:00+00:00,1.930574893951416,1.930574893951416,1.914980173110962,1.914980173110962,40012288
2026-01-26 15:45:00+00:00,1.9154653549194336,1.9234662055969238,1.9154653549194336,1.9230283498764038,63782912
2026-01-26 16:00:00+00:00,1.923201560974121,1.9290452003479004,1.923201560974121,1.9282315969467163,0
2026-01-26 16:15:00+00:00,1.9284613132476807,1.9284613132476807,1.9197713136672974,1.9245147705078125,0
2026-01-26 16:30:00+00:00,1.9243992567062378,1.9265049695968628,1.9216479063034058,1.9216479063034058,0
2026-01-26 16:45:00+00:00,1.921604037284851,1.9247996807098389,1.91792631149292,1.9195376634597778,5036800
2026-01-26 17:00:00+00:00,1.9192041158676147,1.9192041158676147,1.9085904359817505,1.9085904359817505,0
2026-01-26 17:15:00+00:00,1.9074653387069702,1.9074653387069702,1.9041284322738647,1.9060187339782715,1565440
2026-01-26 17:30:00+00:00,1.90531587600708,1.9075863361358643,1.899433970451355,1.9073846340179443,15820288
2026-01-26 17:45:00+00:00,1.9074031114578247,1.9098838567733765,1.9068504571914673,1.9096320867538452,0
2026-01-26 18:00:00+00:00,1.9097555875778198,1.909808874130249,1.9077773094177246,1.9077773094177246,0
2026-01-26 18:15:00+00:00,1.9077668190002441,1.9154469966888428,1.9074162244796753,1.9154469966888428,0
2026-01-26 18:30:00+00:00,1.9153680801391602,1.921838641166687,1.9153680801391602,1.918039083480835,0
2026-01-26 18:45:00+00:00,1.917983055114746,1.917983055114746,1.9137240648269653,1.9143167734146118,0
2026-01-26 19:00:00+00:00,1.9146116971969604,1.9181956052780151,1.9146116971969604,1.9162893295288086,0
2026-01-26 19:15:00+00:00,1.9161478281021118,1.9161478281021118,1.9117035865783691,1.9118629693984985,0
2026-01-26 19:30:00+00:00,1.9116264581680298,1.912313461303711,1.9099318981170654,1.9119902849197388,0
2026-01-26 19:45:00+00:00,1.9117956161499023,1.9117956161499023,1.9052891731262207,1.9052891731262207,0
2026-01-26 20:00:00+00:00,1.90529465675354,1.9058417081832886,1.9028730392456055,1.9028730392456055,0
2026-01-26 20:15:00+00:00,1.902755618095398,1.9036612510681152,1.899267315864563,1.901698112487793,0
2026-01-26 20:30:00+00:00,1.9016836881637573,1.9016836881637573,1.8953531980514526,1.8953531980514526,0
2026-01-26 20:45:00+00:00,1.8954589366912842,1.8954589366912842,1.8916175365447998,1.8917104005813599,0
2026-01-26 21:00:00+00:00,1.8914697170257568,1.8914697170257568,1.8888565301895142,1.8911168575286865,0
2026-01-26 21:15:00+00:00,1.8913308382034302,1.8943480253219604,1.8913308382034302,1.893831491470337,0
2026-01-26 21:30:00+00:00,1.89405357837677,1.9008636474609375,1.89405357837677,1.9006726741790771,8395520
2026-01-26 21:45:00+00:00,1.9008121490478516,1.9008121490478516,1.897878646850586,1.898134469985962,5578752
2026-01-26 22:00:00+00:00,1.8981640338897705,1.8981640338897705,1.8964715003967285,1.8979268074035645,0
2026-01-26 22:15:00+00:00,1.8975906372070312,1.8975906372070312,1.8942930698394775,1.8955157995224,0
2026-01-26 22:30:00+00:00,1.8954877853393555,1.8998219966888428,1.8948577642440796,1.8996467590332031,0
2026-01-26 22:45:00+00:00,1.8994369506835938,1.8995490074157715,1.8980540037155151,1.8980540037155151,0
2026-01-26 23:00:00+00:00,1.8969345092773438,1.8970574140548706,1.8951915502548218,1.896945834159851,0
2026-01-26 23:15:00+00:00,1.8987139463424683,1.9030264616012573,1.8987064361572266,1.9027572870254517,0
2026-01-26 23:30:00+00:00,1.9028922319412231,1.9093550443649292,1.9028922319412231,1.9077223539352417,1138176
2026-01-26 23:45:00+00:00,1.9076507091522217,1.9076507091522217,1.9043270349502563,1.9043270349502563,0
2026-01-27 00:00:00+00:00,1.9027851819992065,1.9027851819992065,1.8999296426773071,1.8999814987182617,0
2026-01-27 00:15:00+00:00,1.899469017982483,1.9013632535934448,1.899469017982483,1.9012644290924072,0
2026-01-27 00:30:00+00:00,1.9012119770050049,1.9012119770050049,1.8977822065353394,1.89823579788208,0
2026-01-27 00:45:00+00:00,1.8983062505722046,1.9007762670516968,1.8983062505722046,1.9007762670516968,0
2026-01-27 01:00:00+00:00,1.9008355140686035,1.900951862335205,1.8971168994903564,1.8976621627807617,0
2026-01-27 01:15:00+00:00,1.897600769996643,1.9022260904312134,1.897361397743225,1.9021636247634888,0
2026-01-27 01:30:00+00:00,1.902112603187561,1.9052925109863281,1.902112603187561,1.9044522047042847,0
2026-01-27 01:45:00+00:00,1.9044790267944336,1.905719518661499,1.9037747383117676,1.9037747383117676,0
2026-01-27 02:00:00+00:00,1.9037610292434692,1.910125732421875,1.9037610292434692,1.9079675674438477,0
2026-01-27 02:15:00+00:00,1.9081182479858398,1.9088846445083618,1.904948353767395,1.904948353767395,0
2026-01-27 02:30:00+00:00,1.9052364826202393,1.9096378087997437,1.9045464992523193,1.909291386604309,0
2026-01-27 02:45:00+00:00,1.9092497825622559,1.910818099975586,1.9090057611465454,1.9107470512390137,0
2026-01-27 03:00:00+00:00,1.9112533330917358,1.9133483171463013,1.9085736274719238,1.9085736274719238,6792448
2026-01-27 03:15:00+00:00,1.9081050157546997,1.9100232124328613,1.90786874294281,1.9096368551254272,2849024
2026-01-27 03:30:00+00:00,1.9095892906188965,1.9109715223312378,1.9088855981826782,1.9109352827072144,0
2026-01-27 03:45:00+00:00,1.9109935760498047,1.9114826917648315,1.907067060470581,1.9071154594421387,0
2026-01-27 04:00:00+00:00,1.9069994688034058,1.9116182327270508,1.9066976308822632,1.9114553928375244,2246656
2026-01-27 04:15:00+00:00,1.9115244150161743,1.9117389917373657,1.9103100299835205,1.9103245735168457,0
2026-01-27 04:30:00+00:00,1.9104312658309937,1.9129366874694824,1.9104312658309937,1.911969780921936,1893888
2026-01-27 04:45:00+00:00,1.9118554592132568,1.9118554592132568,1.9077515602111816,1.9077515602111816,0
2026-01-27 05:00:00+00:00,1.9076318740844727,1.9076318740844727,1.904274821281433,1.9043054580688477,0
2026-01-27 05:15:00+00:00,1.9042421579360962,1.9042421579360962,1.900347113609314,1.9004548788070679,1574912
2026-01-27 05:30:00+00:00,1.9004087448120117,1.9005366563796997,1.9002186059951782,1.9004725217819214,1049344
2026-01-27 05:45:00+00:00,1.900506854057312,1.9006372690200806,1.8994364738464355,1.8994364738464355,0
2026-01-27 06:00:00+00:00,1.8994404077529907,1.899959921836853,1.898944616317749,1.8992924690246582,0
2026-01-27 06:15:00+00:00,1.899489164352417,1.89972722530365,1.898969054222107,1.8995441198349,0
2026-01-27 06:30:00+00:00,1.8995766639709473,1.8995766639709473,1.8950282335281372,1.8950282335281372,4215040
2026-01-27 06:45:00+00:00,1.8949213027954102,1.896032691001892,1.8935644626617432,1.8958864212036133,0
2026-01-27 07:00:00+00:00,1.8960435390472412,1.8978509902954102,1.8956630229949951,1.8978509902954102,330752
2026-01-27 07:15:00+00:00,1.8978368043899536,1.8980082273483276,1.8958919048309326,1.8973535299301147,0
2026-01-27 07:30:00+00:00,1.8974359035491943,1.8978337049484253,1.8970210552215576,1.8971487283706665,0
2026-01-27 07:45:00+00:00,1.8969647884368896,1.8969647884368896,1.8955886363983154,1.8955886363983154,0
2026-01-27 08:00:00+00:00,1.8958771228790283,1.899318814277649,1.8958771228790283,1.8984736204147339,0
2026-01-27 08:15:00+00:00,1.8985540866851807,1.8985540866851807,1.8962827920913696,1.896315097808838,0
2026-01-27 08:30:00+00:00,1.896286129951477,1.896286129951477,1.893060564994812,1.893060564994812,0
2026-01-27 08:45:00+00:00,1.8930236101150513,1.8931010961532593,1.891527533531189,1.89293372631073,0
2026-01-27 09:00:00+00:00,1.8928998708724976,1.8928998708724976,1.8863502740859985,1.8863502740859985,0
2026-01-27 09:15:00+00:00,1.8862992525100708,1.8862992525100708,1.8832330703735352,1.883431315422058,547584
2026-01-27 09:30:00+00:00,1.8833812475204468,1.8843306303024292,1.8830074071884155,1.8840959072113037,2045952
2026-01-27 09:45:00+00:00,1.8841747045516968,1.8841747045516968,1.8817083835601807,1.8817083835601807,0
2026-01-27 10:00:00+00:00,1.8815536499023438,1.8846739530563354,1.8811113834381104,1.8846739530563354,0
2026-01-27 10:15:00+00:00,1.884719729423523,1.8862720727920532,1.884719729423523,1.8858997821807861,1421056
2026-01-27 10:30:00+00:00,1.8852684497833252,1.8852684497833252,1.8825451135635376,1.8826162815093994,866304
2026-01-27 10:45:00+00:00,1.8825836181640625,1.8830009698867798,1.8820537328720093,1.8822205066680908,2288640
2026-01-27 11:00:00+00:00,1.8823609352111816,1.8834662437438965,1.8817764520645142,1.8834662437438965,0
2026-01-27 11:15:00+00:00,1.8833574056625366,1.883394479751587,1.880846619606018,1.880846619606018,0
2026-01-27 11:30:00+00:00,1.8809720277786255,1.8884403705596924,1.8809720277786255,1.8884403705596924,5907712
2026-01-27 11:45:00+00:00,1.8884869813919067,1.8889652490615845,1.8879141807556152,1.8879141807556152,5912064
2026-01-27 12:00:00+00:00,1.8878390789031982,1.8878390789031982,1.8866276741027832,1.88739812374115,0
2026-01-27 12:15:00+00:00,1.8874679803848267,1.889512538909912,1.8874679803848267,1.8884025812149048,0
2026-01-27 12:30:00+00:00,1.8883442878723145,1.8883442878723145,1.8836604356765747,1.8836604356765747,1034240
2026-01-27 12:45:00+00:00,1.8836939334869385,1.883741855621338,1.8826320171356201,1.883290410041809,1057792
2026-01-27 13:00:00+00:00,1.8832992315292358,1.883435606956482,1.8816708326339722,1.8816708326339722,0
2026-01-27 13:15:00+00:00,1.8817260265350342,1.8817964792251587,1.8784819841384888,1.8784819841384888,0
2026-01-27 13:30:00+00:00,1.878443956375122,1.8806564807891846,1.8777592182159424,1.8797553777694702,0
2026-01-27 13:45:00+00:00,1.8796777725219727,1.8796777725219727,1.8740235567092896,1.8740869760513306,2182144
2026-01-27 14:00:00+00:00,1.8741426467895508,1.8821913003921509,1.8741391897201538,1.8821913003921509,1603072
2026-01-27 14:15:00+00:00,1.8823788166046143,1.891090989112854,1.8823788166046143,1.8904937505722046,8119040
2026-01-27 14:30:00+00:00,1.8903924226760864,1.8903924226760864,1.8807307481765747,1.8807307481765747,0
2026-01-27 14:45:00+00:00,1.8804905414581299,1.8825901746749878,1.8804905414581299,1.8813735246658325,0
2026-01-27 15:00:00+00:00,1.8812861442565918,1.8874248266220093,1.8808784484863281,1.8874248266220093,0
2026-01-27 15:15:00+00:00,1.887122392654419,1.887122392654419,1.8809912204742432,1.8811664581298828,0
2026-01-27 15:30:00+00:00,1.8808653354644775,1.8811894655227661,1.8786053657531738,1.8809977769851685,0
2026-01-27 15:45:00+00:00,1.8810796737670898,1.8902300596237183,1.8810796737670898,1.890158772468567,0
2026-01-27 16:00:00+00:00,1.8900864124298096,1.9065837860107422,1.8900864124298096,1.9065837860107422,18510336
2026-01-27 16:15:00+00:00,1.906232476234436,1.9075032472610474,1.9038482904434204,1.9038482904434204,0
2026-01-27 16:30:00+00:00,1.9037094116210938,1.909880518913269,1.9023911952972412,1.909880518913269,6843008
2026-01-27 16:45:00+00:00,1.9099605083465576,1.9099717140197754,1.9049274921417236,1.9087450504302979,10331520
2026-01-27 17:00:00+00:00,1.9091616868972778,1.9108142852783203,1.8977140188217163,1.8977140188217163,2777344
2026-01-27 17:15:00+00:00,1.897129774093628,1.897129774093628,1.884637475013733,1.8901183605194092,10434560
2026-01-27 17:30:00+00:00,1.8902466297149658,1.8922885656356812,1.8799948692321777,1.8799948692321777,2836864
2026-01-27 17:45:00+00:00,1.8799465894699097,1.8799465894699097,1.8773258924484253,1.8776116371154785,19566464
2026-01-27 18:00:00+00:00,1.8777658939361572,1.882850170135498,1.877740502357483,1.8808741569519043,4174336
2026-01-27 18:15:00+00:00,1.8805886507034302,1.8836796283721924,1.8805886507034302,1.8835279941558838,3223680
2026-01-27 18:30:00+00:00,1.8834317922592163,1.8855409622192383,1.8831641674041748,1.8855409622192383,0
2026-01-27 18:45:00+00:00,1.8854881525039673,1.9025195837020874,1.8854881525039673,1.9025195837020874,11195904
2026-01-27 19:00:00+00:00,1.9026010036468506,1.903632640838623,1.9014277458190918,1.9035207033157349,2823936
2026-01-27 19:15:00+00:00,1.9035468101501465,1.904220700263977,1.9016305208206177,1.9016305208206177,0
2026-01-27 19:30:00+00:00,1.9014922380447388,1.9014922380447388,1.8978840112686157,1.9014625549316406,4107520
2026-01-27 19:45:00+00:00,1.9021852016448975,1.9061167240142822,1.9021852016448975,1.9042202234268188,8286208
2026-01-27 20:00:00+00:00,1.904225468635559,1.911286473274231,1.9041974544525146,1.911286473274231,10439936
2026-01-27 20:15:00+00:00,1.911301612854004,1.9230852127075195,1.911301612854004,1.9223918914794922,38362624
2026-01-27 20:30:00+00:00,1.922707200050354,1.922707200050354,1.9142450094223022,1.9142450094223022,12393216
2026-01-27 20:45:00+00:00,1.9137327671051025,1.9217931032180786,1.913177490234375,1.9196032285690308,23068928
2026-01-27 21:00:00+00:00,1.9200325012207031,1.9253569841384888,1.9200325012207031,1.9237602949142456,12084224
2026-01-27 21:15:00+00:00,1.922932744026184,1.9230378866195679,1.9208301305770874,1.9208301305770874,11805184
2026-01-27 21:30:00+00:00,1.9203534126281738,1.9203534126281738,1.9152789115905762,1.9154036045074463,8366336
2026-01-27 21:45:00+00:00,1.9153813123703003,1.9156923294067383,1.910982608795166,1.910982608795166,86016
2026-01-27 22:00:00+00:00,1.9111183881759644,1.9145886898040771,1.9111183881759644,1.9140336513519287,2707968
2026-01-27 22:15:00+00:00,1.9139723777770996,1.9141196012496948,1.9104143381118774,1.911250114440918,8222976
2026-01-27 22:30:00+00:00,1.9114433526992798,1.9200307130813599,1.911012887954712,1.9200307130813599,6239232
2026-01-27 22:45:00+00:00,1.9204015731811523,1.9209766387939453,1.9184517860412598,1.9184517860412598,4622336
2026-01-27 23:00:00+00:00,1.9182401895523071,1.9182401895523071,1.9141314029693604,1.91459321975708,7638016
2026-01-27 23:15:00+00:00,1.914692997932434,1.9169453382492065,1.914692997932434,1.9169453382492065,2828800
2026-01-27 23:30:00+00:00,1.9170387983322144,1.918238878250122,1.9170387983322144,1.9177106618881226,0
2026-01-27 23:45:00+00:00,1.917723536491394,1.9180277585983276,1.9140340089797974,1.9140340089797974,1658624
2026-01-28 00:00:00+00:00,1.9139842987060547,1.9146525859832764,1.9136253595352173,1.9136933088302612,1006592
2026-01-28 00:15:00+00:00,1.9137206077575684,1.9147893190383911,1.9132146835327148,1.9143861532211304,4196864
2026-01-28 00:30:00+00:00,1.914273738861084,1.914273738861084,1.9081894159317017,1.9081894159317017,4518912
2026-01-28 00:45:00+00:00,1.908233880996704,1.9099968671798706,1.9073312282562256,1.9085686206817627,6302720
2026-01-28 01:00:00+00:00,1.9087443351745605,1.9088528156280518,1.9039491415023804,1.9039491415023804,11768832
2026-01-28 01:15:00+00:00,1.9038770198822021,1.9038770198822021,1.8995130062103271,1.8995130062103271,4539904
2026-01-28 01:30:00+00:00,1.8995696306228638,1.8998878002166748,1.8970975875854492,1.8975780010223389,2128896
2026-01-28 01:45:00+00:00,1.8975669145584106,1.900330901145935,1.8975669145584106,1.9003251791000366,3442176
2026-01-28 02:00:00+00:00,1.9003030061721802,1.9009854793548584,1.8957520723342896,1.8957520723342896,0
2026-01-28 02:15:00+00:00,1.8956712484359741,1.8986725807189941,1.893784523010254,1.8986725807189941,8409600
2026-01-28 02:30:00+00:00,1.8987352848052979,1.8991650342941284,1.8974045515060425,1.8982994556427002,1178880
2026-01-28 02:45:00+00:00,1.8980293273925781,1.8991776704788208,1.896659255027771,1.899066686630249,872704
2026-01-28 03:00:00+00:00,1.8990604877471924,1.9000567197799683,1.8978205919265747,1.8978842496871948,0
2026-01-28 03:15:00+00:00,1.8979969024658203,1.8979969024658203,1.896185040473938,1.8974511623382568,2061824
2026-01-28 03:30:00+00:00,1.8972539901733398,1.8985183238983154,1.8968857526779175,1.8976900577545166,2732800
2026-01-28 03:45:00+00:00,1.897818922996521,1.8997297286987305,1.8975406885147095,1.899690866470337,4814080
2026-01-28 04:00:00+00:00,1.899577021598816,1.899577021598816,1.8979133367538452,1.8980095386505127,847872
2026-01-28 04:15:00+00:00,1.89773428440094,1.89773428440094,1.895670771598816,1.895670771598816,4069120
2026-01-28 04:30:00+00:00,1.8957297801971436,1.9004448652267456,1.8957297801971436,1.9004448652267456,777984
2026-01-28 04:45:00+00:00,1.9002782106399536,1.9002782106399536,1.8989877700805664,1.899015188217163,0
2026-01-28 05:00:00+00:00,1.898951530456543,1.9003223180770874,1.898951530456543,1.900172233581543,128000
2026-01-28 05:15:00+00:00,1.8998284339904785,1.8998355865478516,1.8983033895492554,1.8983800411224365,5777920
2026-01-28 05:30:00+00:00,1.8993499279022217,1.9052481651306152,1.8993499279022217,1.9052037000656128,5044480
2026-01-28 05:45:00+00:00,1.9049315452575684,1.9081287384033203,1.9043097496032715,1.9081287384033203,12979200
2026-01-28 06:00:00+00:00,1.9083945751190186,1.9130266904830933,1.9083945751190186,1.9130122661590576,4923136
2026-01-28 06:15:00+00:00,1.9134232997894287,1.9185653924942017,1.9134232997894287,1.918022871017456,15875840
2026-01-28 06:30:00+00:00,1.9177213907241821,1.9183365106582642,1.9129602909088135,1.9129602909088135,5742080
2026-01-28 06:45:00+00:00,1.912990689277649,1.920968770980835,1.9127074480056763,1.9207837581634521,8817920
2026-01-28 07:00:00+00:00,1.9202849864959717,1.9202849864959717,1.9189714193344116,1.9193031787872314,7344896
2026-01-28 07:15:00+00:00,1.9190278053283691,1.9190278053283691,1.916418433189392,1.916418433189392,1284352
2026-01-28 07:30:00+00:00,1.916324257850647,1.916324257850647,1.9128957986831665,1.9137860536575317,3662848
2026-01-28 07:45:00+00:00,1.9138741493225098,1.9145565032958984,1.9130181074142456,1.9130181074142456,2520064
2026-01-28 08:00:00+00:00,1.9130048751831055,1.9147027730941772,1.9130048751831055,1.9146883487701416,1334272
2026-01-28 08:15:00+00:00,1.9148865938186646,1.914974331855774,1.9123483896255493,1.9123483896255493,4492032
2026-01-28 08:30:00+00:00,1.911431074142456,1.9115196466445923,1.9098107814788818,1.910742163658142,6206976
2026-01-28 08:45:00+00:00,1.9094291925430298,1.9094310998916626,1.907234787940979,1.907234787940979,3949568
2026-01-28 09:00:00+00:00,1.9072723388671875,1.9086439609527588,1.90726637840271,1.9082039594650269,8762624
2026-01-28 09:15:00+00:00,1.9080564975738525,1.9080564975738525,1.905479907989502,1.9063605070114136,0
2026-01-28 09:30:00+00:00,1.9063557386398315,1.9174509048461914,1.9063557386398315,1.9173462390899658,16039168
2026-01-28 09:45:00+00:00,1.9173001050949097,1.925690770149231,1.9173001050949097,1.925690770149231,12870144
2026-01-28 10:00:00+00:00,1.9258850812911987,1.928655743598938,1.9258850812911987,1.9282211065292358,12420352
2026-01-28 10:15:00+00:00,1.9284875392913818,1.9300658702850342,1.9248595237731934,1.9248595237731934,10615040
2026-01-28 10:30:00+00:00,1.9248076677322388,1.9279025793075562,1.9244202375411987,1.9279025793075562,6379264
2026-01-28 10:45:00+00:00,1.9278106689453125,1.9279415607452393,1.9261518716812134,1.9261518716812134,691200
2026-01-28 11:00:00+00:00,1.926126480102539,1.926126480102539,1.922540545463562,1.922540545463562,983552
2026-01-28 11:15:00+00:00,1.9225658178329468,1.92461359500885,1.9225658178329468,1.9246102571487427,3468800
2026-01-28 11:30:00+00:00,1.9248093366622925,1.9253487586975098,1.9220523834228516,1.9243953227996826,63744
2026-01-28 11:45:00+00:00,1.9246217012405396,1.9366083145141602,1.9246217012405396,1.9365215301513672,28190208
2026-01-28 12:00:00+00:00,1.9367952346801758,1.9379206895828247,1.9334278106689453,1.9334278106689453,23299584
2026-01-28 12:15:00+00:00,1.9334665536880493,1.9334665536880493,1.9291859865188599,1.9304873943328857,23023104
2026-01-28 12:30:00+00:00,1.9305639266967773,1.9314042329788208,1.929816484451294,1.931063175201416,7682048
2026-01-28 12:45:00+00:00,1.930946946144104,1.930946946144104,1.9241716861724854,1.9241716861724854,14973696
2026-01-28 13:00:00+00:00,1.9241706132888794,1.9271080493927002,1.9238994121551514,1.9271080493927002,8944384
2026-01-28 13:15:00+00:00,1.9271601438522339,1.9284863471984863,1.926702857017517,1.9274742603302002,8892928
2026-01-28 13:30:00+00:00,1.9288103580474854,1.9321608543395996,1.9288103580474854,1.9321608543395996,8359936
2026-01-28 13:45:00+00:00,1.9322209358215332,1.9337105751037598,1.9298089742660522,1.9298089742660522,7575552
2026-01-28 14:00:00+00:00,1.9299770593643188,1.9301352500915527,1.9240515232086182,1.9240515232086182,0
2026-01-28 14:15:00+00:00,1.9240140914916992,1.9240140914916992,1.9164716005325317,1.917844295501709,1139712
2026-01-28 14:30:00+00:00,1.918920636177063,1.9251575469970703,1.9184824228286743,1.9184824228286743,5055232
2026-01-28 14:45:00+00:00,1.918425440788269,1.9189099073410034,1.9159270524978638,1.9185351133346558,7018752
2026-01-28 15:00:00+00:00,1.9183348417282104,1.9201184511184692,1.9106673002243042,1.9106673002243042,5503744
2026-01-28 15:15:00+00:00,1.9096580743789673,1.9096580743789673,1.9033452272415161,1.9067363739013672,35673344
2026-01-28 15:30:00+00:00,1.906287670135498,1.9074479341506958,1.9058115482330322,1.9074479341506958,10380288
2026-01-28 15:45:00+00:00,1.9074666500091553,1.9091743230819702,1.905747413635254,1.9061260223388672,7652864
2026-01-28 16:00:00+00:00,1.9056555032730103,1.9056944847106934,1.903136134147644,1.9037638902664185,0
2026-01-28 16:15:00+00:00,1.9035742282867432,1.90684175491333,1.9035742282867432,1.9067935943603516,0
2026-01-28 16:30:00+00:00,1.9112623929977417,1.9112623929977417,1.9020601511001587,1.9020601511001587,0
2026-01-28 16:45:00+00:00,1.9024229049682617,1.9069515466690063,1.9024102687835693,1.9065678119659424,0
2026-01-28 17:00:00+00:00,1.9063156843185425,1.9077743291854858,1.9056545495986938,1.9077743291854858,0
2026-01-28 17:15:00+00:00,1.9077142477035522,1.9082093238830566,1.9058369398117065,1.9058369398117065,0
2026-01-28 17:30:00+00:00,1.905859112739563,1.911803126335144,1.9035046100616455,1.911803126335144,1828096
2026-01-28 17:45:00+00:00,1.9121277332305908,1.9211177825927734,1.9121277332305908,1.91962468624115,17394432
2026-01-28 18:00:00+00:00,1.9185473918914795,1.9185473918914795,1.9138091802597046,1.9161450862884521,9436416
2026-01-28 18:15:00+00:00,1.9161278009414673,1.9172018766403198,1.911280632019043,1.911280632019043,13966336
2026-01-28 18:30:00+00:00,1.9110194444656372,1.9127130508422852,1.9110194444656372,1.9125791788101196,2002432
2026-01-28 18:45:00+00:00,1.9126139879226685,1.9141600131988525,1.9125208854675293,1.9128849506378174,458496
2026-01-28 19:00:00+00:00,1.9128352403640747,1.9151661396026611,1.9108304977416992,1.9149293899536133,9814784
2026-01-28 19:15:00+00:00,1.9129257202148438,1.9165633916854858,1.9129257202148438,1.9165633916854858,10834432
2026-01-28 19:30:00+00:00,1.9161044359207153,1.9161044359207153,1.9086107015609741,1.9086107015609741,18512128
2026-01-28 19:45:00+00:00,1.908597707748413,1.9187768697738647,1.906557559967041,1.9187768697738647,6304768
2026-01-28 20:00:00+00:00,1.9175095558166504,1.9203463792800903,1.9175095558166504,1.9185234308242798,1767424
2026-01-28 20:15:00+00:00,1.91853928565979,1.9228320121765137,1.91853928565979,1.9228320121765137,0
2026-01-28 20:30:00+00:00,1.9257956743240356,1.9257956743240356,1.9160668849945068,1.9168314933776855,4291584
2026-01-28 20:45:00+00:00,1.9166632890701294,1.9174201488494873,1.914602518081665,1.9174201488494873,0
2026-01-28 21:00:00+00:00,1.9171735048294067,1.9171735048294067,1.9089691638946533,1.9148262739181519,1202432
2026-01-28 21:15:00+00:00,1.9145169258117676,1.9176188707351685,1.9145169258117676,1.9154729843139648,2513152
2026-01-28 21:30:00+00:00,1.9126602411270142,1.913902759552002,1.9073827266693115,1.913902759552002,118016
2026-01-28 21:45:00+00:00,1.913726568222046,1.9152380228042603,1.913726568222046,1.913848876953125,0
2026-01-28 22:00:00+00:00,1.9131743907928467,1.9132513999938965,1.910011649131775,1.910143494606018,0
2026-01-28 22:15:00+00:00,1.9099940061569214,1.9099940061569214,1.9076718091964722,1.9090672731399536,1054464
2026-01-28 22:30:00+00:00,1.9100245237350464,1.9135061502456665,1.9095697402954102,1.9128997325897217,0
2026-01-28 22:45:00+00:00,1.9129647016525269,1.9155919551849365,1.9125189781188965,1.9155919551849365,1491712
2026-01-28 23:00:00+00:00,1.9155960083007812,1.9155960083007812,1.9119899272918701,1.912065029144287,0
2026-01-28 23:15:00+00:00,1.9117419719696045,1.9121675491333008,1.910590410232544,1.910590410232544,713216
2026-01-28 23:30:00+00:00,1.9106730222702026,1.9106730222702026,1.9074541330337524,1.9074541330337524,3000064
2026-01-28 23:45:00+00:00,1.9077895879745483,1.9090864658355713,1.9070146083831787,1.9090864658355713,2840064
2026-01-29 00:00:00+00:00,1.90850830078125,1.9085936546325684,1.9066983461380005,1.9066983461380005,1100288
2026-01-29 00:15:00+00:00,1.906285047531128,1.906285047531128,1.9047355651855469,1.9052969217300415,0
2026-01-29 00:30:00+00:00,1.9038301706314087,1.9038301706314087,1.9015501737594604,1.9015501737594604,1985280
2026-01-29 00:45:00+00:00,1.9015121459960938,1.9017912149429321,1.8996176719665527,1.9017912149429321,4109568
2026-01-29 01:00:00+00:00,1.9019495248794556,1.9045881032943726,1.9019495248794556,1.902693271636963,0
2026-01-29 01:15:00+00:00,1.9014456272125244,1.9014456272125244,1.8935012817382812,1.8939380645751953,11954944
2026-01-29 01:30:00+00:00,1.8959327936172485,1.8959327936172485,1.894738793373108,1.8947983980178833,6385408
2026-01-29 01:45:00+00:00,1.8947292566299438,1.8950068950653076,1.8894588947296143,1.889549970626831,3602176
2026-01-29 02:00:00+00:00,1.8893970251083374,1.8919004201889038,1.889112114906311,1.891868233680725,2011136
2026-01-29 02:15:00+00:00,1.8921023607254028,1.892910361289978,1.890744686126709,1.8917582035064697,2217472
2026-01-29 02:30:00+00:00,1.8913005590438843,1.8913005590438843,1.8769683837890625,1.8774986267089844,52756736
2026-01-29 02:45:00+00:00,1.8773236274719238,1.8773236274719238,1.869913101196289,1.8715269565582275,29531648
2026-01-29 03:00:00+00:00,1.8717353343963623,1.8798418045043945,1.8717353343963623,1.8798418045043945,20882944
2026-01-29 03:15:00+00:00,1.8797987699508667,1.8797987699508667,1.8744338750839233,1.8744338750839233,10285568
2026-01-29 03:30:00+00:00,1.8743813037872314,1.8743813037872314,1.8697670698165894,1.8727468252182007,18631936
2026-01-29 03:45:00+00:00,1.8728981018066406,1.8745174407958984,1.8728636503219604,1.8741459846496582,7258112
2026-01-29 04:00:00+00:00,1.8739659786224365,1.8739659786224365,1.8692207336425781,1.8692207336425781,6657280
2026-01-29 04:15:00+00:00,1.8688112497329712,1.8688112497329712,1.865218162536621,1.8680170774459839,29076224
2026-01-29 04:30:00+00:00,1.8681203126907349,1.8730701208114624,1.8681203126907349,1.8730701208114624,13049088
2026-01-29 04:45:00+00:00,1.8730452060699463,1.8760027885437012,1.8730452060699463,1.875908613204956,12157440
2026-01-29 05:00:00+00:00,1.8758047819137573,1.8777776956558228,1.8758047819137573,1.8762799501419067,5522432
2026-01-29 05:15:00+00:00,1.876473069190979,1.8799293041229248,1.876473069190979,1.8796316385269165,5754368
2026-01-29 05:30:00+00:00,1.8797191381454468,1.8803542852401733,1.878531575202942,1.8794386386871338,15041792
2026-01-29 05:45:00+00:00,1.8794111013412476,1.8794111013412476,1.8765488862991333,1.8765488862991333,2488576
2026-01-29 06:00:00+00:00,1.8763084411621094,1.8779535293579102,1.8763084411621094,1.8772021532058716,5342464
2026-01-29 06:15:00+00:00,1.8771837949752808,1.8787257671356201,1.8771837949752808,1.8787034749984741,6102784
2026-01-29 06:30:00+00:00,1.8787928819656372,1.8858141899108887,1.8787928819656372,1.8836864233016968,14665216
2026-01-29 06:45:00+00:00,1.8837456703186035,1.883965253829956,1.8835591077804565,1.8837511539459229,8081920
2026-01-29 07:00:00+00:00,1.883417010307312,1.883578896522522,1.8832097053527832,1.8832206726074219,8525056
2026-01-29 07:15:00+00:00,1.8832087516784668,1.8850020170211792,1.8822662830352783,1.8848309516906738,23413248
2026-01-29 07:30:00+00:00,1.8841365575790405,1.8850284814834595,1.8831089735031128,1.884339451789856,24555008
2026-01-29 07:45:00+00:00,1.8845950365066528,1.8851547241210938,1.884255290031433,1.884255290031433,25411840
2026-01-29 08:00:00+00:00,1.8838707208633423,1.8838707208633423,1.8783057928085327,1.8783057928085327,40162560
2026-01-29 08:15:00+00:00,1.8779001235961914,1.8791744709014893,1.8757339715957642,1.8791744709014893,31532288
2026-01-29 08:30:00+00:00,1.8802380561828613,1.8834445476531982,1.8802380561828613,1.8806812763214111,28979712
2026-01-29 08:45:00+00:00,1.880673885345459,1.880673885345459,1.8764255046844482,1.8766406774520874,23960320
2026-01-29 09:00:00+00:00,1.876651406288147,1.8770495653152466,1.8732725381851196,1.8732726573944092,14155776
2026-01-29 09:15:00+00:00,1.8731836080551147,1.8731836080551147,1.8722902536392212,1.8722902536392212,86179072
2026-01-29 09:30:00+00:00,1.8721110820770264,1.8721110820770264,1.8704544305801392,1.8715767860412598,22114560
2026-01-29 09:45:00+00:00,1.871645212173462,1.8724004030227661,1.871645212173462,1.871718406677246,25312256
2026-01-29 10:00:00+00:00,1.8716901540756226,1.8719508647918701,1.8710356950759888,1.8719508647918701,13051648
2026-01-29 10:15:00+00:00,1.8720273971557617,1.8732036352157593,1.8720273971557617,1.8727355003356934,18053376
2026-01-29 10:30:00+00:00,1.8728224039077759,1.8728224039077759,1.869923710823059,1.869923710823059,25521664
2026-01-29 10:45:00+00:00,1.869870662689209,1.8716942071914673,1.8688863515853882,1.8716942071914673,26142464
2026-01-29 11:00:00+00:00,1.8716188669204712,1.8716188669204712,1.8698958158493042,1.8700933456420898,31373056
2026-01-29 11:15:00+00:00,1.8703900575637817,1.8705435991287231,1.8667337894439697,1.8667337894439697,74922240
2026-01-29 11:30:00+00:00,1.8667476177215576,1.8678812980651855,1.8658894300460815,1.8675379753112793,56353536
2026-01-29 11:45:00+00:00,1.8665660619735718,1.868255853652954,1.8658665418624878,1.868255853652954,10895104
2026-01-29 12:00:00+00:00,1.8683868646621704,1.8693287372589111,1.8682935237884521,1.868814468383789,0
2026-01-29 12:15:00+00:00,1.8688386678695679,1.8688386678695679,1.8667147159576416,1.867374300956726,0
2026-01-29 12:30:00+00:00,1.867150902748108,1.8697011470794678,1.866385579109192,1.8665560483932495,4889600
2026-01-29 12:45:00+00:00,1.8679100275039673,1.8687926530838013,1.8675898313522339,1.8683215379714966,1591296
2026-01-29 13:00:00+00:00,1.868453860282898,1.8731356859207153,1.868453860282898,1.8726223707199097,440064
2026-01-29 13:15:00+00:00,1.8726078271865845,1.8726333379745483,1.8714991807937622,1.8718253374099731,0
2026-01-29 13:30:00+00:00,1.8719158172607422,1.872477412223816,1.8719158172607422,1.872477412223816,0
2026-01-29 13:45:00+00:00,1.8724644184112549,1.8727564811706543,1.8712326288223267,1.871367335319519,0
2026-01-29 14:00:00+00:00,1.8715600967407227,1.8741495609283447,1.8715600967407227,1.8738105297088623,0
2026-01-29 14:15:00+00:00,1.8733609914779663,1.8733609914779663,1.8707140684127808,1.8707140684127808,0
2026-01-29 14:30:00+00:00,1.867447853088379,1.867447853088379,1.839382290840149,1.839382290840149,136153344
2026-01-29 14:45:00+00:00,1.8331313133239746,1.8416824340820312,1.8302042484283447,1.8302042484283447,99705856
2026-01-29 15:00:00+00:00,1.8300368785858154,1.8300368785858154,1.8077179193496704,1.809043526649475,141923840
2026-01-29 15:15:00+00:00,1.8085731267929077,1.8128944635391235,1.8047362565994263,1.8128944635391235,110434816
2026-01-29 15:30:00+00:00,1.8126945495605469,1.8133530616760254,1.7946841716766357,1.794776201248169,129699840
2026-01-29 15:45:00+00:00,1.7955079078674316,1.8021855354309082,1.7899432182312012,1.8021855354309082,116711168
2026-01-29 16:00:00+00:00,1.8019800186157227,1.8019800186157227,1.7931935787200928,1.798992395401001,53954816
2026-01-29 16:15:00+00:00,1.7997846603393555,1.8025392293930054,1.7978475093841553,1.7982617616653442,53525504
2026-01-29 16:30:00+00:00,1.798253059387207,1.8061394691467285,1.797612190246582,1.8052923679351807,49230592
2026-01-29 16:45:00+00:00,1.804885745048523,1.8130124807357788,1.804885745048523,1.8130124807357788,42845696
2026-01-29 17:00:00+00:00,1.8127793073654175,1.8265037536621094,1.8127793073654175,1.8264111280441284,66755840
2026-01-29 17:15:00+00:00,1.825687289237976,1.838402509689331,1.825170636177063,1.8317710161209106,52470784
2026-01-29 17:30:00+00:00,1.8307477235794067,1.8307477235794067,1.81818425655365,1.81818425655365,16297984
2026-01-29 17:45:00+00:00,1.8181718587875366,1.818297028541565,1.8140015602111816,1.8140015602111816,10697472
2026-01-29 18:00:00+00:00,1.8138561248779297,1.8141288757324219,1.8104444742202759,1.8104444742202759,9637120
2026-01-29 18:15:00+00:00,1.8102649450302124,1.8102649450302124,1.7969987392425537,1.7969987392425537,43075840
2026-01-29 18:30:00+00:00,1.7968244552612305,1.7999191284179688,1.7943520545959473,1.79916512966156,63096832
2026-01-29 18:45:00+00:00,1.798410415649414,1.798410415649414,1.7866791486740112,1.7866791486740112,50151168
2026-01-29 19:00:00+00:00,1.7865583896636963,1.7906430959701538,1.7835352420806885,1.7847814559936523,50760704
2026-01-29 19:15:00+00:00,1.7853238582611084,1.786415457725525,1.7774858474731445,1.7807310819625854,54140928
2026-01-29 19:30:00+00:00,1.7815732955932617,1.7915323972702026,1.7815732955932617,1.787093997001648,38689280
2026-01-29 19:45:00+00:00,1.788266658782959,1.7892358303070068,1.7874338626861572,1.788071870803833,19928576
2026-01-29 20:00:00+00:00,1.7878832817077637,1.7886227369308472,1.7856026887893677,1.785873293876648,6861824
2026-01-29 20:15:00+00:00,1.785515308380127,1.789696216583252,1.7847282886505127,1.7893868684768677,17473024
2026-01-29 20:30:00+00:00,1.7891563177108765,1.7918463945388794,1.7884284257888794,1.7918463945388794,8814080
2026-01-29 20:45:00+00:00,1.794314980506897,1.8030661344528198,1.794314980506897,1.802956223487854,37098496
2026-01-29 21:00:00+00:00,1.8015916347503662,1.8015916347503662,1.7981408834457397,1.800364375114441,8617984
2026-01-29 21:15:00+00:00,1.8006983995437622,1.8006983995437622,1.7986705303192139,1.7986705303192139,3520000
2026-01-29 21:30:00+00:00,1.7980281114578247,1.7983464002609253,1.7961554527282715,1.7966035604476929,15424000
2026-01-29 21:45:00+00:00,1.795816421508789,1.8008496761322021,1.795816421508789,1.8000625371932983,15660544
2026-01-29 22:00:00+00:00,1.8004491329193115,1.8092565536499023,1.8004491329193115,1.8087413311004639,13174784
2026-01-29 22:15:00+00:00,1.8076932430267334,1.8076932430267334,1.8029834032058716,1.8033119440078735,2476032
2026-01-29 22:30:00+00:00,1.805076241493225,1.806140422821045,1.805076241493225,1.8060022592544556,14435328
2026-01-29 22:45:00+00:00,1.8063890933990479,1.8090112209320068,1.8058124780654907,1.8090112209320068,3008000
2026-01-29 23:00:00+00:00,1.808606743812561,1.808606743812561,1.798522710800171,1.798522710800171,10737664
2026-01-29 23:15:00+00:00,1.7985305786132812,1.800631046295166,1.7968500852584839,1.800631046295166,13965824
2026-01-29 23:30:00+00:00,1.799958348274231,1.803253412246704,1.799958348274231,1.8022328615188599,1721856
2026-01-29 23:45:00+00:00,1.804189920425415,1.8050868511199951,1.8041346073150635,1.8050187826156616,10891264
2026-01-30 00:00:00+00:00,1.805070400238037,1.8093211650848389,1.805070400238037,1.8068023920059204,7217152
2026-01-30 00:15:00+00:00,1.8068854808807373,1.8068854808807373,1.80284583568573,1.80284583568573,12353536
2026-01-30 00:30:00+00:00,1.8028072118759155,1.8039541244506836,1.799925684928894,1.8039541244506836,15205888
2026-01-30 00:45:00+00:00,1.8026089668273926,1.8038787841796875,1.7962253093719482,1.7963721752166748,10478080
2026-01-30 01:00:00+00:00,1.7961169481277466,1.79716956615448,1.7950003147125244,1.79716956615448,8795136
2026-01-30 01:15:00+00:00,1.7972326278686523,1.7982902526855469,1.7946525812149048,1.7982587814331055,11150336
2026-01-30 01:30:00+00:00,1.797839879989624,1.797839879989624,1.7618203163146973,1.7618203163146973,176768000
2026-01-30 01:45:00+00:00,1.744084119796753,1.7555996179580688,1.7397769689559937,1.7555996179580688,310725632
2026-01-30 02:00:00+00:00,1.7548813819885254,1.7562217712402344,1.7475947141647339,1.7480785846710205,59657216
2026-01-30 02:15:00+00:00,1.7475626468658447,1.7475626468658447,1.7285135984420776,1.7291321754455566,75515904
2026-01-30 02:30:00+00:00,1.729710340499878,1.7503849267959595,1.7287957668304443,1.7503849267959595,47653376
2026-01-30 02:45:00+00:00,1.7516013383865356,1.7516013383865356,1.7431656122207642,1.7439898252487183,22505472
2026-01-30 03:00:00+00:00,1.744724988937378,1.7547496557235718,1.744724988937378,1.7547496557235718,11572736
2026-01-30 03:15:00+00:00,1.754555583000183,1.7572810649871826,1.7539483308792114,1.7539483308792114,10798592
2026-01-30 03:30:00+00:00,1.7536190748214722,1.7536190748214722,1.7461472749710083,1.7461472749710083,2256896
2026-01-30 03:45:00+00:00,1.743996500968933,1.7461107969284058,1.7434139251708984,1.7459626197814941,22479872
2026-01-30 04:00:00+00:00,1.7456876039505005,1.7545220851898193,1.7456876039505005,1.75442373752594,18028032
2026-01-30 04:15:00+00:00,1.7543314695358276,1.765317678451538,1.7543314695358276,1.762661337852478,19835392
2026-01-30 04:30:00+00:00,1.7625824213027954,1.7658498287200928,1.76023530960083,1.7609171867370605,15063552
2026-01-30 04:45:00+00:00,1.7612375020980835,1.7638628482818604,1.7612375020980835,1.7629071474075317,7165952
2026-01-30 05:00:00+00:00,1.761979103088379,1.7625939846038818,1.758942723274231,1.758942723274231,0
2026-01-30 05:15:00+00:00,1.7587875127792358,1.7618130445480347,1.7570656538009644,1.7618130445480347,9673216
2026-01-30 05:30:00+00:00,1.762475848197937,1.7646907567977905,1.762475848197937,1.7627267837524414,8125952
2026-01-30 05:45:00+00:00,1.7629740238189697,1.765052080154419,1.7629740238189697,1.7639130353927612,8875520
2026-01-30 06:00:00+00:00,1.7634673118591309,1.7634673118591309,1.7512671947479248,1.7512757778167725,1929728
2026-01-30 06:15:00+00:00,1.7512940168380737,1.7512940168380737,1.7464150190353394,1.7464150190353394,3758592
2026-01-30 06:30:00+00:00,1.743161678314209,1.743310809135437,1.7406203746795654,1.7406425476074219,6301184
2026-01-30 06:45:00+00:00,1.740040898323059,1.7409093379974365,1.7350913286209106,1.7381223440170288,27617280
2026-01-30 07:00:00+00:00,1.7383602857589722,1.7517180442810059,1.7382423877716064,1.7517180442810059,22279168
2026-01-30 07:15:00+00:00,1.7521841526031494,1.755826473236084,1.751923680305481,1.751923680305481,7513600
2026-01-30 07:30:00+00:00,1.7518222332000732,1.7518222332000732,1.7471219301223755,1.7473145723342896,0
2026-01-30 07:45:00+00:00,1.7479411363601685,1.7567505836486816,1.7479411363601685,1.7564926147460938,6156288
2026-01-30 08:00:00+00:00,1.7565969228744507,1.756770372390747,1.7553200721740723,1.756770372390747,0
2026-01-30 08:15:00+00:00,1.757209300994873,1.7585915327072144,1.7561571598052979,1.7561571598052979,15872
2026-01-30 08:30:00+00:00,1.755929946899414,1.755929946899414,1.743207573890686,1.743207573890686,0
2026-01-30 08:45:00+00:00,1.7441675662994385,1.7473493814468384,1.7441675662994385,1.7473493814468384,0
2026-01-30 09:00:00+00:00,1.7471940517425537,1.7494933605194092,1.7471940517425537,1.7484335899353027,0
2026-01-30 09:15:00+00:00,1.748407006263733,1.748407006263733,1.740058183670044,1.740058183670044,0
2026-01-30 09:30:00+00:00,1.7397125959396362,1.7453193664550781,1.739076018333435,1.7453193664550781,348160
2026-01-30 09:45:00+00:00,1.745069146156311,1.745069146156311,1.7357306480407715,1.7367933988571167,0
2026-01-30 10:00:00+00:00,1.7370080947875977,1.738639235496521,1.736628770828247,1.7384613752365112,0
2026-01-30 10:15:00+00:00,1.7385567426681519,1.7431315183639526,1.7377110719680786,1.7422841787338257,1040896
2026-01-30 10:30:00+00:00,1.7423650026321411,1.7425504922866821,1.7402938604354858,1.7402938604354858,0
2026-01-30 10:45:00+00:00,1.7405791282653809,1.7475543022155762,1.7405791282653809,1.7467089891433716,3192832
2026-01-30 11:00:00+00:00,1.746894121170044,1.7492351531982422,1.7466851472854614,1.7492351531982422,0
2026-01-30 11:15:00+00:00,1.749194622039795,1.7500810623168945,1.7480448484420776,1.7480448484420776,0
2026-01-30 11:30:00+00:00,1.7481706142425537,1.751094102859497,1.7475087642669678,1.7508989572525024,0
2026-01-30 11:45:00+00:00,1.7505204677581787,1.7652840614318848,1.7504198551177979,1.7652509212493896,18746880
2026-01-30 12:00:00+00:00,1.7669299840927124,1.7695890665054321,1.7668334245681763,1.7677388191223145,13756416
2026-01-30 12:15:00+00:00,1.767696738243103,1.767696738243103,1.7611058950424194,1.7612606287002563,14900224
2026-01-30 12:30:00+00:00,1.7613712549209595,1.7635424137115479,1.761314034461975,1.7614686489105225,6510592
2026-01-30 12:45:00+00:00,1.7612816095352173,1.7612816095352173,1.7578580379486084,1.7579927444458008,449024
2026-01-30 13:00:00+00:00,1.7583099603652954,1.7588392496109009,1.7527804374694824,1.7553058862686157,7358464
2026-01-30 13:15:00+00:00,1.755509376525879,1.7565099000930786,1.754776954650879,1.754776954650879,8576000
2026-01-30 13:30:00+00:00,1.754608154296875,1.7555859088897705,1.7512624263763428,1.7515732049942017,51970560
2026-01-30 13:45:00+00:00,1.7523847818374634,1.75254487991333,1.747319221496582,1.748070240020752,11800064
2026-01-30 14:00:00+00:00,1.7482857704162598,1.7635568380355835,1.7482857704162598,1.76329505443573,17690112
2026-01-30 14:15:00+00:00,1.7634578943252563,1.7634578943252563,1.7575777769088745,1.7576541900634766,4265472
2026-01-30 14:30:00+00:00,1.7573763132095337,1.7657653093338013,1.7559820413589478,1.7657653093338013,0
2026-01-30 14:45:00+00:00,1.765958547592163,1.7703076601028442,1.7585539817810059,1.7585539817810059,79921152
2026-01-30 15:00:00+00:00,1.7584997415542603,1.772754430770874,1.7584997415542603,1.7717475891113281,8363520
2026-01-30 15:15:00+00:00,1.7674946784973145,1.7691130638122559,1.7515393495559692,1.7515393495559692,14602752
2026-01-30 15:30:00+00:00,1.7456302642822266,1.7731740474700928,1.7444616556167603,1.7693902254104614,56930304
2026-01-30 15:45:00+00:00,1.7710109949111938,1.7712111473083496,1.7579612731933594,1.7579612731933594,4584960
2026-01-30 16:00:00+00:00,1.7581865787506104,1.7619155645370483,1.7561614513397217,1.7619155645370483,0
2026-01-30 16:15:00+00:00,1.76224684715271,1.76224684715271,1.7514803409576416,1.7550718784332275,8660992
2026-01-30 16:30:00+00:00,1.7607979774475098,1.7671927213668823,1.75983726978302,1.7671927213668823,18178560
2026-01-30 16:45:00+00:00,1.76717209815979,1.76717209815979,1.7592605352401733,1.7592605352401733,0
2026-01-30 17:00:00+00:00,1.7594287395477295,1.7597180604934692,1.7503794431686401,1.7515701055526733,0
2026-01-30 17:15:00+00:00,1.751590609550476,1.768270492553711,1.7508678436279297,1.768182396888733,2785280
2026-01-30 17:30:00+00:00,1.768267273902893,1.768267273902893,1.7555766105651855,1.7555766105651855,0
2026-01-30 17:45:00+00:00,1.7557848691940308,1.7581431865692139,1.7523667812347412,1.7523667812347412,0
2026-01-30 18:00:00+00:00,1.7509883642196655,1.7523716688156128,1.7442532777786255,1.7443562746047974,0
2026-01-30 18:15:00+00:00,1.7445563077926636,1.7445563077926636,1.7135812044143677,1.7253177165985107,29257728
2026-01-30 18:30:00+00:00,1.725771427154541,1.7285410165786743,1.7232967615127563,1.7274158000946045,2027520
2026-01-30 18:45:00+00:00,1.7324566841125488,1.7692779302597046,1.7324566841125488,1.7692779302597046,82121216
2026-01-30 19:00:00+00:00,1.7696558237075806,1.7769365310668945,1.7696558237075806,1.7732810974121094,16024064
2026-01-30 19:15:00+00:00,1.773636817932129,1.7801086902618408,1.7728331089019775,1.7789592742919922,922112
2026-01-30 19:30:00+00:00,1.7782152891159058,1.7782152891159058,1.7701119184494019,1.7703869342803955,0
2026-01-30 19:45:00+00:00,1.7700097560882568,1.7755006551742554,1.768474817276001,1.7734512090682983,5788672
2026-01-30 20:00:00+00:00,1.7727950811386108,1.7727950811386108,1.756274938583374,1.7567399740219116,667136
2026-01-30 20:15:00+00:00,1.7568471431732178,1.7615854740142822,1.7523939609527588,1.7523939609527588,21014528
2026-01-30 20:30:00+00:00,1.7528512477874756,1.7528512477874756,1.738607406616211,1.7388113737106323,48085504
2026-01-30 20:45:00+00:00,1.7394436597824097,1.7410506010055542,1.7377153635025024,1.7410506010055542,23939584
2026-01-30 21:00:00+00:00,1.7402904033660889,1.7413594722747803,1.73626708984375,1.7376970052719116,7564288
2026-01-30 21:15:00+00:00,1.7373639345169067,1.7453529834747314,1.7373639345169067,1.7423560619354248,22284288
2026-01-30 21:30:00+00:00,1.741647481918335,1.741647481918335,1.728752851486206,1.7290483713150024,2641920
2026-01-30 21:45:00+00:00,1.7290804386138916,1.73037588596344,1.7256033420562744,1.7299764156341553,19194368
2026-01-30 22:00:00+00:00,1.729541301727295,1.729541301727295,1.7262614965438843,1.7262614965438843,11409408
2026-01-30 22:15:00+00:00,1.7253632545471191,1.7253632545471191,1.717365026473999,1.717365026473999,18925568
2026-01-30 22:30:00+00:00,1.717248797416687,1.7272167205810547,1.717248797416687,1.7268387079238892,21254656
2026-01-30 22:45:00+00:00,1.7267858982086182,1.7267858982086182,1.7253342866897583,1.7256653308868408,7735296
2026-01-30 23:00:00+00:00,1.7260123491287231,1.7261500358581543,1.7233972549438477,1.7235627174377441,2418176
2026-01-30 23:15:00+00:00,1.723578929901123,1.7278708219528198,1.723578929901123,1.7265430688858032,4921344
2026-01-30 23:30:00+00:00,1.7271537780761719,1.7296682596206665,1.7260644435882568,1.7296682596206665,1803264
2026-01-30 23:45:00+00:00,1.7303049564361572,1.7327157258987427,1.7303049564361572,1.7324219942092896,12257792
2026-01-31 00:00:00+00:00,1.7323875427246094,1.733816146850586,1.7323875427246094,1.7334892749786377,273408
2026-01-31 00:15:00+00:00,1.7334942817687988,1.7345800399780273,1.7326864004135132,1.7345800399780273,3966464
2026-01-31 00:30:00+00:00,1.7344093322753906,1.7366368770599365,1.7341547012329102,1.7366327047348022,1080832
2026-01-31 00:45:00+00:00,1.7365044355392456,1.7365044355392456,1.7333271503448486,1.7340065240859985,0
2026-01-31 01:00:00+00:00,1.7340104579925537,1.7404073476791382,1.7340104579925537,1.7404073476791382,4771840
2026-01-31 01:15:00+00:00,1.7405977249145508,1.742802619934082,1.739881992340088,1.7426555156707764,0
2026-01-31 01:30:00+00:00,1.7420505285263062,1.7420505285263062,1.737559199333191,1.7391523122787476,0
2026-01-31 01:45:00+00:00,1.7394251823425293,1.7441307306289673,1.7394251823425293,1.7441307306289673,0
2026-01-31 02:00:00+00:00,1.7440301179885864,1.7440301179885864,1.7378112077713013,1.7379673719406128,0
2026-01-31 02:15:00+00:00,1.7382407188415527,1.7382407188415527,1.7354642152786255,1.73606538772583,0
2026-01-31 02:30:00+00:00,1.7360117435455322,1.7491734027862549,1.7358814477920532,1.7491734027862549,0
2026-01-31 02:45:00+00:00,1.748946189880371,1.7490414381027222,1.7476942539215088,1.7476942539215088,0
2026-01-31 03:00:00+00:00,1.7476738691329956,1.7486323118209839,1.7465499639511108,1.7465499639511108,0
2026-01-31 03:15:00+00:00,1.747117280960083,1.7476136684417725,1.7459876537322998,1.7459876537322998,0
2026-01-31 03:30:00+00:00,1.746044397354126,1.746044397354126,1.744891881942749,1.744891881942749,0
2026-01-31 03:45:00+00:00,1.744816541671753,1.744816541671753,1.7412374019622803,1.741442322731018,0
2026-01-31 04:00:00+00:00,1.741447925567627,1.7451528310775757,1.741447925567627,1.7443510293960571,0
2026-01-31 04:15:00+00:00,1.7444456815719604,1.7444456815719604,1.7414170503616333,1.7432506084442139,0
2026-01-31 04:30:00+00:00,1.743139624595642,1.743139624595642,1.7400827407836914,1.74010169506073,0
2026-01-31 04:45:00+00:00,1.7397408485412598,1.7397408485412598,1.7348121404647827,1.7348469495773315,0
2026-01-31 05:00:00+00:00,1.7348756790161133,1.7350587844848633,1.7301452159881592,1.7301452159881592,0
2026-01-31 05:15:00+00:00,1.7301958799362183,1.7320959568023682,1.7293857336044312,1.7320959568023682,1476864
2026-01-31 05:30:00+00:00,1.7320921421051025,1.7348203659057617,1.7320921421051025,1.7339727878570557,0
2026-01-31 05:45:00+00:00,1.7339832782745361,1.7349241971969604,1.7335240840911865,1.734239935874939,2037248
2026-01-31 06:00:00+00:00,1.7342724800109863,1.7357922792434692,1.7337517738342285,1.7349509000778198,0
2026-01-31 06:15:00+00:00,1.7350072860717773,1.7350072860717773,1.7280290126800537,1.728106141090393,0
2026-01-31 06:30:00+00:00,1.725785255432129,1.725785255432129,1.721409797668457,1.7215721607208252,0
2026-01-31 06:45:00+00:00,1.7217634916305542,1.7264704704284668,1.7217634916305542,1.7261948585510254,0
2026-01-31 07:00:00+00:00,1.7261689901351929,1.7287297248840332,1.7261689901351929,1.7268478870391846,7812096
2026-01-31 07:15:00+00:00,1.7268568277359009,1.7269877195358276,1.7240608930587769,1.7267948389053345,4084992
2026-01-31 07:30:00+00:00,1.7266452312469482,1.7266452312469482,1.714443325996399,1.714443325996399,20275456
2026-01-31 07:45:00+00:00,1.7145473957061768,1.7171356678009033,1.7145473957061768,1.716630220413208,4665344
2026-01-31 08:00:00+00:00,1.7165043354034424,1.7178587913513184,1.7138162851333618,1.7139328718185425,0
2026-01-31 08:15:00+00:00,1.7142298221588135,1.7142298221588135,1.7050520181655884,1.7050520181655884,53543680
2026-01-31 08:30:00+00:00,1.7052032947540283,1.7052032947540283,1.6863794326782227,1.6863794326782227,115819008
2026-01-31 08:45:00+00:00,1.6863294839859009,1.6932377815246582,1.683404564857483,1.6928448677062988,68914688
2026-01-31 09:00:00+00:00,1.6927369832992554,1.695805311203003,1.6924052238464355,1.695805311203003,8900352
2026-01-31 09:15:00+00:00,1.6958274841308594,1.697198510169983,1.6925956010818481,1.6925956010818481,3301632
2026-01-31 09:30:00+00:00,1.693079948425293,1.702518343925476,1.693079948425293,1.7005836963653564,526848
2026-01-31 09:45:00+00:00,1.70045006275177,1.70045006275177,1.698172926902771,1.6992985010147095,0
2026-01-31 10:00:00+00:00,1.6990902423858643,1.6990902423858643,1.694621205329895,1.694737434387207,6683904
2026-01-31 10:15:00+00:00,1.6947535276412964,1.6997150182724,1.694556713104248,1.699591875076294,675072
2026-01-31 10:30:00+00:00,1.6996536254882812,1.7062898874282837,1.6996536254882812,1.7062734365463257,8748544
2026-01-31 10:45:00+00:00,1.7065072059631348,1.707533836364746,1.705831527709961,1.705831527709961,5699072
2026-01-31 11:00:00+00:00,1.7058048248291016,1.7058048248291016,1.7002465724945068,1.7002465724945068,0
2026-01-31 11:15:00+00:00,1.6999508142471313,1.700832724571228,1.6990673542022705,1.7007933855056763,5216000
2026-01-31 11:30:00+00:00,1.7007319927215576,1.7018077373504639,1.7005716562271118,1.7010115385055542,0
2026-01-31 11:45:00+00:00,1.7009823322296143,1.7009823322296143,1.6981441974639893,1.6985927820205688,0
2026-01-31 12:00:00+00:00,1.6986440420150757,1.6986846923828125,1.6941391229629517,1.6941391229629517,692480
2026-01-31 12:15:00+00:00,1.6940869092941284,1.6940869092941284,1.6923463344573975,1.6929051876068115,9517824
2026-01-31 12:30:00+00:00,1.6930302381515503,1.6930302381515503,1.6900337934494019,1.6913813352584839,8132608
2026-01-31 12:45:00+00:00,1.6912856101989746,1.6915583610534668,1.6868476867675781,1.6891708374023438,19052288
2026-01-31 13:00:00+00:00,1.6890103816986084,1.6890103816986084,1.6850088834762573,1.6850088834762573,6239488
2026-01-31 13:15:00+00:00,1.6853954792022705,1.6862967014312744,1.6848622560501099,1.6850812435150146,5851136
2026-01-31 13:30:00+00:00,1.6851186752319336,1.6854174137115479,1.6746315956115723,1.6746315956115723,24490496
2026-01-31 13:45:00+00:00,1.674849510192871,1.674849510192871,1.672642707824707,1.672918438911438,19974144
2026-01-31 14:00:00+00:00,1.6729735136032104,1.6759183406829834,1.6643610000610352,1.6644763946533203,17603072
2026-01-31 14:15:00+00:00,1.6641441583633423,1.6641441583633423,1.6409388780593872,1.6409388780593872,183716096
2026-01-31 14:30:00+00:00,1.6407766342163086,1.6407766342163086,1.6178232431411743,1.6179505586624146,213319680
2026-01-31 14:45:00+00:00,1.6183888912200928,1.6372281312942505,1.6183888912200928,1.6372281312942505,66643968
2026-01-31 15:00:00+00:00,1.6373687982559204,1.6521382331848145,1.6369216442108154,1.6498165130615234,12275200
2026-01-31 15:15:00+00:00,1.6483064889907837,1.6483064889907837,1.6394670009613037,1.64030122756958,0
2026-01-31 15:30:00+00:00,1.6440547704696655,1.6464811563491821,1.6428394317626953,1.6428394317626953,0
2026-01-31 15:45:00+00:00,1.642879843711853,1.643268346786499,1.6371183395385742,1.6371183395385742,0
2026-01-31 16:00:00+00:00,1.6370394229888916,1.6370394229888916,1.6263583898544312,1.6272263526916504,19390720
2026-01-31 16:15:00+00:00,1.6269056797027588,1.6444721221923828,1.6254948377609253,1.6354680061340332,101116416
2026-01-31 16:30:00+00:00,1.6357700824737549,1.6357700824737549,1.6218693256378174,1.6218693256378174,841216
2026-01-31 16:45:00+00:00,1.621508002281189,1.621508002281189,1.608887791633606,1.609250783920288,91480576
2026-01-31 17:00:00+00:00,1.6096346378326416,1.61081862449646,1.5710262060165405,1.5770251750946045,232366080
2026-01-31 17:15:00+00:00,1.5778144598007202,1.5778144598007202,1.5604969263076782,1.5614514350891113,307817472
2026-01-31 17:30:00+00:00,1.5626989603042603,1.568373203277588,1.5626989603042603,1.5657985210418701,117860352
2026-01-31 17:45:00+00:00,1.5665630102157593,1.5703797340393066,1.5636258125305176,1.566290259361267,73920000
2026-01-31 18:00:00+00:00,1.56648850440979,1.57419753074646,1.56648850440979,1.5739197731018066,25742336
2026-01-31 18:15:00+00:00,1.5731340646743774,1.5731340646743774,1.5607982873916626,1.5673950910568237,6267392
2026-01-31 18:30:00+00:00,1.5673739910125732,1.5703014135360718,1.547796607017517,1.547796607017517,62318080
2026-01-31 18:45:00+00:00,1.5539273023605347,1.5857369899749756,1.5539273023605347,1.5769041776657104,472760832
2026-01-31 19:00:00+00:00,1.5780677795410156,1.5973573923110962,1.5780677795410156,1.596024990081787,82672128
2026-01-31 19:15:00+00:00,1.5968267917633057,1.6007273197174072,1.5903726816177368,1.5910862684249878,81703424
2026-01-31 19:30:00+00:00,1.5911191701889038,1.5911191701889038,1.578514575958252,1.5790778398513794,54876160
2026-01-31 19:45:00+00:00,1.5787701606750488,1.586261510848999,1.5771214962005615,1.5859955549240112,41826304
2026-01-31 20:00:00+00:00,1.5851058959960938,1.5851058959960938,1.5809003114700317,1.5815606117248535,5854720
2026-01-31 20:15:00+00:00,1.5816657543182373,1.5850392580032349,1.5794191360473633,1.5794191360473633,11378688
2026-01-31 20:30:00+00:00,1.5794943571090698,1.5819588899612427,1.5738029479980469,1.5819588899612427,0
2026-01-31 20:45:00+00:00,1.581303596496582,1.5921916961669922,1.581303596496582,1.5921916961669922,2127872
2026-01-31 21:00:00+00:00,1.5921754837036133,1.5952857732772827,1.5904927253723145,1.5947681665420532,12501504
2026-01-31 21:15:00+00:00,1.5940078496932983,1.6001570224761963,1.590258240699768,1.6001570224761963,19932160
2026-01-31 21:30:00+00:00,1.6004003286361694,1.6190485954284668,1.6004003286361694,1.6190485954284668,52261888
2026-01-31 21:45:00+00:00,1.6190589666366577,1.622577428817749,1.6190589666366577,1.6194652318954468,33508864
2026-01-31 22:00:00+00:00,1.6193839311599731,1.6194236278533936,1.6146020889282227,1.6146020889282227,4428800
2026-01-31 22:15:00+00:00,1.6146596670150757,1.6146596670150757,1.6074721813201904,1.6078131198883057,0
2026-01-31 22:30:00+00:00,1.6080869436264038,1.6100107431411743,1.605696439743042,1.605696439743042,12754432
2026-01-31 22:45:00+00:00,1.6058179140090942,1.612030029296875,1.6055511236190796,1.6117879152297974,20366848
2026-01-31 23:00:00+00:00,1.6116631031036377,1.6170607805252075,1.6116631031036377,1.6157699823379517,10807808
2026-01-31 23:15:00+00:00,1.6157944202423096,1.6461995840072632,1.6157944202423096,1.6450814008712769,88506880
2026-01-31 23:30:00+00:00,1.6455790996551514,1.648787021636963,1.6423470973968506,1.6423470973968506,56311296
2026-01-31 23:45:00+00:00,1.6421172618865967,1.6458830833435059,1.6394240856170654,1.6456201076507568,16534016
2026-02-01 00:00:00+00:00,1.64584219455719,1.6546021699905396,1.6447935104370117,1.6540766954421997,38593024
2026-02-01 00:15:00+00:00,1.6554985046386719,1.6702275276184082,1.6554985046386719,1.6702275276184082,76349952
2026-02-01 00:30:00+00:00,1.6680192947387695,1.6680192947387695,1.6580955982208252,1.6580955982208252,44082688
2026-02-01 00:45:00+00:00,1.6579817533493042,1.6641063690185547,1.6558011770248413,1.6636812686920166,41107968
2026-02-01 01:00:00+00:00,1.663365125656128,1.6634583473205566,1.649696707725525,1.650554895401001,18318848
2026-02-01 01:15:00+00:00,1.6508371829986572,1.652424693107605,1.648929238319397,1.652424693107605,48236544
2026-02-01 01:30:00+00:00,1.653744101524353,1.6597262620925903,1.6480276584625244,1.6482486724853516,26746880
2026-02-01 01:45:00+00:00,1.6486263275146484,1.659218192100525,1.6486263275146484,1.659218192100525,30612992
2026-02-01 02:00:00+00:00,1.6592812538146973,1.6665458679199219,1.6582638025283813,1.6665458679199219,18011648
2026-02-01 02:15:00+00:00,1.6672008037567139,1.6732221841812134,1.6633350849151611,1.663779377937317,36171776
2026-02-01 02:30:00+00:00,1.6638150215148926,1.6702635288238525,1.6638150215148926,1.6694685220718384,9501696
2026-02-01 02:45:00+00:00,1.6694941520690918,1.6727064847946167,1.6694941520690918,1.67115318775177,12826112
2026-02-01 03:00:00+00:00,1.671195149421692,1.671195149421692,1.6662383079528809,1.6662383079528809,9788928
2026-02-01 03:15:00+00:00,1.6662135124206543,1.6662135124206543,1.6611465215682983,1.6615945100784302,5421056
2026-02-01 03:30:00+00:00,1.661727786064148,1.6624701023101807,1.6611988544464111,1.6623786687850952,10403840
2026-02-01 03:45:00+00:00,1.6619539260864258,1.665157675743103,1.6610238552093506,1.6649196147918701,8882688
2026-02-01 04:00:00+00:00,1.664922833442688,1.6687220335006714,1.6642175912857056,1.6687018871307373,9539072
2026-02-01 04:15:00+00:00,1.6682450771331787,1.671052098274231,1.6656169891357422,1.6656169891357422,6745600
2026-02-01 04:30:00+00:00,1.66547429561615,1.66547429561615,1.6622613668441772,1.6641905307769775,4031488
2026-02-01 04:45:00+00:00,1.6640715599060059,1.6660557985305786,1.6640715599060059,1.6660557985305786,2615808
2026-02-01 05:00:00+00:00,1.6657620668411255,1.6657620668411255,1.658726453781128,1.6599574089050293,10787840
2026-02-01 05:15:00+00:00,1.6600124835968018,1.6666234731674194,1.6600124835968018,1.6666234731674194,14581760
2026-02-01 05:30:00+00:00,1.6668405532836914,1.6670387983322144,1.6617062091827393,1.6617062091827393,2296320
2026-02-01 05:45:00+00:00,1.6613390445709229,1.6613390445709229,1.659096360206604,1.659096360206604,13701120
2026-02-01 06:00:00+00:00,1.6591709852218628,1.6691280603408813,1.6583516597747803,1.6690212488174438,33641472
2026-02-01 06:15:00+00:00,1.6690590381622314,1.6694974899291992,1.6662753820419312,1.6662753820419312,10449920
2026-02-01 06:30:00+00:00,1.6663024425506592,1.6663024425506592,1.6570905447006226,1.6587178707122803,4046336
2026-02-01 06:45:00+00:00,1.6589584350585938,1.6589584350585938,1.6554464101791382,1.6554464101791382,10288128
2026-02-01 07:00:00+00:00,1.6556422710418701,1.6566704511642456,1.6512919664382935,1.6517115831375122,7528960
2026-02-01 07:15:00+00:00,1.651441216468811,1.6514546871185303,1.648314356803894,1.6486191749572754,13041152
2026-02-01 07:30:00+00:00,1.6481446027755737,1.6657161712646484,1.6481446027755737,1.664525032043457,12062208
2026-02-01 07:45:00+00:00,1.6649551391601562,1.6672509908676147,1.660412311553955,1.660412311553955,6623232
2026-02-01 08:00:00+00:00,1.6604382991790771,1.6654473543167114,1.6591728925704956,1.6654473543167114,13959168
2026-02-01 08:15:00+00:00,1.6650152206420898,1.6650152206420898,1.6597663164138794,1.6611930131912231,0
2026-02-01 08:30:00+00:00,1.6611214876174927,1.6725119352340698,1.6611214876174927,1.6722815036773682,0
2026-02-01 08:45:00+00:00,1.672049641609192,1.672049641609192,1.6628280878067017,1.6628280878067017,0
2026-02-01 09:00:00+00:00,1.662819743156433,1.6642563343048096,1.662100911140442,1.6628926992416382,0
2026-02-01 09:15:00+00:00,1.6626187562942505,1.6626187562942505,1.6549594402313232,1.6549594402313232,0
2026-02-01 09:30:00+00:00,1.6549941301345825,1.661049485206604,1.654509425163269,1.661049485206604,132096
2026-02-01 09:45:00+00:00,1.6615885496139526,1.6634116172790527,1.6610184907913208,1.6634116172790527,4417024
2026-02-01 10:00:00+00:00,1.6630964279174805,1.6655495166778564,1.6628642082214355,1.6638789176940918,0
2026-02-01 10:15:00+00:00,1.6640863418579102,1.6640863418579102,1.6602091789245605,1.6605676412582397,962048
2026-02-01 10:30:00+00:00,1.660563588142395,1.660617709159851,1.6437898874282837,1.643848180770874,13904384
2026-02-01 10:45:00+00:00,1.6435389518737793,1.6435389518737793,1.6344209909439087,1.6344209909439087,20534784
2026-02-01 11:00:00+00:00,1.6342884302139282,1.6349304914474487,1.6337414979934692,1.6344040632247925,17810944
2026-02-01 11:15:00+00:00,1.635185718536377,1.6358613967895508,1.6329307556152344,1.6338528394699097,3121152
2026-02-01 11:30:00+00:00,1.6337640285491943,1.6505697965621948,1.6337640285491943,1.6505697965621948,38998016
2026-02-01 11:45:00+00:00,1.6503576040267944,1.6507967710494995,1.647458791732788,1.647800326347351,635392
2026-02-01 12:00:00+00:00,1.6476967334747314,1.6480008363723755,1.6447460651397705,1.6447994709014893,0
2026-02-01 12:15:00+00:00,1.6448205709457397,1.6448205709457397,1.6366009712219238,1.6366009712219238,4205568
2026-02-01 12:30:00+00:00,1.6368376016616821,1.6420254707336426,1.6368376016616821,1.640595555305481,2288128
2026-02-01 12:45:00+00:00,1.640207290649414,1.640252947807312,1.638899326324463,1.638951301574707,0
2026-02-01 13:00:00+00:00,1.6388722658157349,1.6477521657943726,1.6388722658157349,1.6476820707321167,881664
2026-02-01 13:15:00+00:00,1.6474307775497437,1.6476020812988281,1.6432380676269531,1.6432380676269531,0
2026-02-01 13:30:00+00:00,1.6434789896011353,1.6434789896011353,1.6386260986328125,1.6386260986328125,0
2026-02-01 13:45:00+00:00,1.6386526823043823,1.639440655708313,1.6287555694580078,1.628922462463379,1614848
2026-02-01 14:00:00+00:00,1.6285901069641113,1.6286379098892212,1.6233179569244385,1.6233179569244385,0
2026-02-01 14:15:00+00:00,1.6231887340545654,1.6231887340545654,1.6151478290557861,1.6151478290557861,0
2026-02-01 14:30:00+00:00,1.6150093078613281,1.6150093078613281,1.6034232378005981,1.606264591217041,0
2026-02-01 14:45:00+00:00,1.6066040992736816,1.6199184656143188,1.6066040992736816,1.6193410158157349,15924736
2026-02-01 15:00:00+00:00,1.6183576583862305,1.6183576583862305,1.604095458984375,1.604095458984375,0
2026-02-01 15:15:00+00:00,1.6036686897277832,1.6036686897277832,1.5849095582962036,1.5849095582962036,37455360
2026-02-01 15:30:00+00:00,1.5851752758026123,1.585762619972229,1.5789932012557983,1.585720181465149,49455104
2026-02-01 15:45:00+00:00,1.585106372833252,1.5939639806747437,1.5846346616744995,1.593045949935913,32377856
2026-02-01 16:00:00+00:00,1.5926434993743896,1.5967258214950562,1.5901174545288086,1.5933998823165894,5350400
2026-02-01 16:15:00+00:00,1.593647837638855,1.599766492843628,1.5858545303344727,1.599766492843628,525824
2026-02-01 16:30:00+00:00,1.599016547203064,1.6016103029251099,1.5908032655715942,1.5908032655715942,0
2026-02-01 16:45:00+00:00,1.590768575668335,1.5929034948349,1.587040901184082,1.5921307802200317,0
2026-02-01 17:00:00+00:00,1.5924886465072632,1.5957417488098145,1.5910446643829346,1.5957417488098145,0
2026-02-01 17:15:00+00:00,1.5957982540130615,1.596312403678894,1.5891233682632446,1.5907174348831177,0
2026-02-01 17:30:00+00:00,1.5931553840637207,1.5960636138916016,1.5896486043930054,1.5956109762191772,0
2026-02-01 17:45:00+00:00,1.5950859785079956,1.5989774465560913,1.593963623046875,1.5968725681304932,0
2026-02-01 18:00:00+00:00,1.5977016687393188,1.6149135828018188,1.5977016687393188,1.6140005588531494,4223488
2026-02-01 18:15:00+00:00,1.6142569780349731,1.6208157539367676,1.6142569780349731,1.6174900531768799,0
2026-02-01 18:30:00+00:00,1.616959571838379,1.6186939477920532,1.616959571838379,1.6184238195419312,0
2026-02-01 18:45:00+00:00,1.6176812648773193,1.6176812648773193,1.6109061241149902,1.6109061241149902,0
2026-02-01 19:00:00+00:00,1.6118141412734985,1.6122592687606812,1.6076231002807617,1.6100226640701294,0
2026-02-01 19:15:00+00:00,1.6093372106552124,1.6093372106552124,1.605486273765564,1.6074259281158447,0
2026-02-01 19:30:00+00:00,1.6068154573440552,1.6083019971847534,1.6032590866088867,1.6032590866088867,0
2026-02-01 19:45:00+00:00,1.6031229496002197,1.6031229496002197,1.5927430391311646,1.5934537649154663,0
2026-02-01 20:00:00+00:00,1.5945109128952026,1.5965971946716309,1.5915621519088745,1.592720866203308,0
2026-02-01 20:15:00+00:00,1.5923200845718384,1.5933760404586792,1.5857291221618652,1.5857291221618652,0
2026-02-01 20:30:00+00:00,1.5855486392974854,1.6072492599487305,1.584513545036316,1.606127142906189,8476672
2026-02-01 20:45:00+00:00,1.6059843301773071,1.6059843301773071,1.5976790189743042,1.5977447032928467,0
2026-02-01 21:00:00+00:00,1.5977325439453125,1.5977330207824707,1.5857586860656738,1.5872576236724854,4279808
2026-02-01 21:15:00+00:00,1.587221384048462,1.5893707275390625,1.5865777730941772,1.5892311334609985,0
2026-02-01 21:30:00+00:00,1.5893255472183228,1.5944671630859375,1.5873907804489136,1.5935325622558594,0
2026-02-01 21:45:00+00:00,1.5927271842956543,1.5927271842956543,1.5861833095550537,1.5864160060882568,499712
2026-02-01 22:00:00+00:00,1.5893617868423462,1.603024959564209,1.5888053178787231,1.603024959564209,20776192
2026-02-01 22:15:00+00:00,1.6024534702301025,1.6033129692077637,1.5927790403366089,1.593492865562439,9865472
2026-02-01 22:30:00+00:00,1.5939077138900757,1.6077420711517334,1.5939077138900757,1.6040887832641602,4303872
2026-02-01 22:45:00+00:00,1.603819489479065,1.603819489479065,1.599112629890442,1.601118564605713,0
2026-02-01 23:00:00+00:00,1.6004904508590698,1.6004904508590698,1.5614824295043945,1.5695329904556274,114051072
2026-02-01 23:15:00+00:00,1.5692044496536255,1.5937010049819946,1.5692044496536255,1.5927722454071045,99669504
2026-02-01 23:30:00+00:00,1.5939052104949951,1.60358464717865,1.5923551321029663,1.6001871824264526,53341952
2026-02-01 23:45:00+00:00,1.6003772020339966,1.6004383563995361,1.5918018817901611,1.5918018817901611,24476160
2026-02-02 00:00:00+00:00,1.5911020040512085,1.5997087955474854,1.5868065357208252,1.5986331701278687,26487296
2026-02-02 00:15:00+00:00,1.5982418060302734,1.6102852821350098,1.5982418060302734,1.6083300113677979,10975488
2026-02-02 00:30:00+00:00,1.6083194017410278,1.6127574443817139,1.6072089672088623,1.6104576587677002,0
2026-02-02 00:45:00+00:00,1.6101938486099243,1.6117552518844604,1.603456735610962,1.6035492420196533,0
2026-02-02 01:00:00+00:00,1.603804349899292,1.6071844100952148,1.5884932279586792,1.5887404680252075,0
2026-02-02 01:15:00+00:00,1.5889439582824707,1.6104050874710083,1.5870413780212402,1.6104050874710083,35815424
2026-02-02 01:30:00+00:00,1.6101676225662231,1.6101676225662231,1.6052532196044922,1.6054784059524536,2292736
2026-02-02 01:45:00+00:00,1.6054168939590454,1.6058712005615234,1.6024843454360962,1.6025151014328003,0
2026-02-02 02:00:00+00:00,1.602613091468811,1.602613091468811,1.5961834192276,1.5961834192276,4550656
2026-02-02 02:15:00+00:00,1.5969027280807495,1.6011199951171875,1.5969027280807495,1.600862979888916,109568
2026-02-02 02:30:00+00:00,1.6010266542434692,1.6012718677520752,1.5935908555984497,1.5935908555984497,2899968
2026-02-02 02:45:00+00:00,1.5930150747299194,1.5930150747299194,1.5869470834732056,1.5874907970428467,3793152
2026-02-02 03:00:00+00:00,1.5876665115356445,1.588369369506836,1.5742270946502686,1.5742270946502686,7075584
2026-02-02 03:15:00+00:00,1.5722320079803467,1.5722320079803467,1.5399724245071411,1.5399724245071411,142515712
2026-02-02 03:30:00+00:00,1.5388444662094116,1.5414140224456787,1.532645583152771,1.539533257484436,158199808
2026-02-02 03:45:00+00:00,1.5393601655960083,1.5790373086929321,1.5391820669174194,1.5790373086929321,136603136
2026-02-02 04:00:00+00:00,1.5788756608963013,1.5791373252868652,1.5614784955978394,1.5614784955978394,37633536
2026-02-02 04:15:00+00:00,1.5613670349121094,1.5890575647354126,1.5608783960342407,1.5889487266540527,66576896
2026-02-02 04:30:00+00:00,1.5889256000518799,1.5929807424545288,1.5883742570877075,1.5883742570877075,42253824
2026-02-02 04:45:00+00:00,1.5882512331008911,1.5882512331008911,1.576206922531128,1.576206922531128,17034752
2026-02-02 05:00:00+00:00,1.5760443210601807,1.5760443210601807,1.561964511871338,1.561964511871338,9139712
2026-02-02 05:15:00+00:00,1.5621273517608643,1.5621273517608643,1.544217824935913,1.544217824935913,53680640
2026-02-02 05:30:00+00:00,1.5445202589035034,1.5484497547149658,1.5398821830749512,1.544026494026184,69912576
2026-02-02 05:45:00+00:00,1.5437978506088257,1.5516778230667114,1.5431069135665894,1.5463851690292358,60898816
2026-02-02 06:00:00+00:00,1.5467331409454346,1.5488367080688477,1.5412875413894653,1.5480152368545532,35337216
2026-02-02 06:15:00+00:00,1.5491423606872559,1.563038945198059,1.549000859260559,1.5533769130706787,51560448
2026-02-02 06:30:00+00:00,1.5538032054901123,1.5591174364089966,1.5350656509399414,1.5591174364089966,129773568
2026-02-02 06:45:00+00:00,1.5569275617599487,1.5805437564849854,1.5569275617599487,1.576093316078186,182339584
2026-02-02 07:00:00+00:00,1.5758898258209229,1.5880554914474487,1.5758898258209229,1.5807452201843262,31586816
2026-02-02 07:15:00+00:00,1.580176830291748,1.5816245079040527,1.5780516862869263,1.5781506299972534,5633536
2026-02-02 07:30:00+00:00,1.5781594514846802,1.5858501195907593,1.5781594514846802,1.5854750871658325,11996672
2026-02-02 07:45:00+00:00,1.5857043266296387,1.587996006011963,1.5814963579177856,1.5816658735275269,38453760
2026-02-02 08:00:00+00:00,1.5812668800354004,1.5885096788406372,1.5799691677093506,1.5885096788406372,19996160
2026-02-02 08:15:00+00:00,1.5884813070297241,1.5918363332748413,1.587664246559143,1.587664246559143,25201152
2026-02-02 08:30:00+00:00,1.5875344276428223,1.5939887762069702,1.5875344276428223,1.5939692258834839,15784448
2026-02-02 08:45:00+00:00,1.594149112701416,1.5953078269958496,1.5939610004425049,1.5939610004425049,7597568
2026-02-02 09:00:00+00:00,1.5932544469833374,1.5932544469833374,1.5894265174865723,1.5901682376861572,8100352
2026-02-02 09:15:00+00:00,1.589820146560669,1.5928469896316528,1.5887483358383179,1.5925304889678955,13504512
2026-02-02 09:30:00+00:00,1.5936975479125977,1.6013343334197998,1.5936975479125977,1.6000370979309082,56154112
2026-02-02 09:45:00+00:00,1.6002449989318848,1.6090166568756104,1.6002449989318848,1.608806848526001,65823232
2026-02-02 10:00:00+00:00,1.6083928346633911,1.6118453741073608,1.6079380512237549,1.6118139028549194,14484480
2026-02-02 10:15:00+00:00,1.6114460229873657,1.6114460229873657,1.6069611310958862,1.6074438095092773,11816960
2026-02-02 10:30:00+00:00,1.6074594259262085,1.6100956201553345,1.6054294109344482,1.60595703125,3373056
2026-02-02 10:45:00+00:00,1.6059800386428833,1.608567476272583,1.6057929992675781,1.608567476272583,0
2026-02-02 11:00:00+00:00,1.6085981130599976,1.615816593170166,1.6085981130599976,1.6148738861083984,15068672
2026-02-02 11:15:00+00:00,1.6154499053955078,1.6168476343154907,1.6154499053955078,1.6166192293167114,12009472
2026-02-02 11:30:00+00:00,1.6168937683105469,1.6217422485351562,1.6168937683105469,1.619420051574707,12853248
2026-02-02 11:45:00+00:00,1.6198939085006714,1.6239593029022217,1.6198939085006714,1.6217769384384155,23574016
2026-02-02 12:00:00+00:00,1.6212334632873535,1.6261322498321533,1.6212334632873535,1.626043438911438,24277504
2026-02-02 12:15:00+00:00,1.6263917684555054,1.644577145576477,1.6263917684555054,1.643202781677246,67402752
2026-02-02 12:30:00+00:00,1.643606424331665,1.643606424331665,1.6401615142822266,1.6401615142822266,49295872
2026-02-02 12:45:00+00:00,1.639845371246338,1.6444019079208374,1.6380666494369507,1.6444019079208374,31826432
2026-02-02 13:00:00+00:00,1.6440527439117432,1.6440527439117432,1.637898325920105,1.6395817995071411,4310016
2026-02-02 13:15:00+00:00,1.639642357826233,1.6473020315170288,1.639642357826233,1.6431338787078857,28928512
2026-02-02 13:30:00+00:00,1.6428020000457764,1.6428020000457764,1.6381826400756836,1.6411339044570923,25562112
2026-02-02 13:45:00+00:00,1.6408989429473877,1.6408989429473877,1.638875126838684,1.63933527469635,20177920
2026-02-02 14:00:00+00:00,1.6391565799713135,1.6391565799713135,1.6282951831817627,1.6282951831817627,5788672
2026-02-02 14:15:00+00:00,1.6280094385147095,1.6293522119522095,1.625957727432251,1.628230094909668,15263744
2026-02-02 14:30:00+00:00,1.628614902496338,1.6387534141540527,1.628614902496338,1.636897325515747,28902400
2026-02-02 14:45:00+00:00,1.6371088027954102,1.6371088027954102,1.6286826133728027,1.6287494897842407,5011456
2026-02-02 15:00:00+00:00,1.628954291343689,1.6366466283798218,1.628954291343689,1.6366466283798218,17191424
2026-02-02 15:15:00+00:00,1.6376168727874756,1.6454781293869019,1.6376168727874756,1.6446839570999146,0
2026-02-02 15:30:00+00:00,1.64441978931427,1.6473171710968018,1.6401846408843994,1.6465210914611816,5992960
2026-02-02 15:45:00+00:00,1.6470921039581299,1.6470921039581299,1.6385691165924072,1.63937246799469,2273280
2026-02-02 16:00:00+00:00,1.6393996477127075,1.6447707414627075,1.6393996477127075,1.6447707414627075,0
2026-02-02 16:15:00+00:00,1.6453595161437988,1.650621771812439,1.6452006101608276,1.6478632688522339,6049280
2026-02-02 16:30:00+00:00,1.6489958763122559,1.6529382467269897,1.6463639736175537,1.6465696096420288,5871616
2026-02-02 16:45:00+00:00,1.646543025970459,1.6466295719146729,1.6419475078582764,1.642988920211792,4921856
2026-02-02 17:00:00+00:00,1.6428171396255493,1.6479411125183105,1.6427884101867676,1.6474403142929077,1107456
2026-02-02 17:15:00+00:00,1.6474645137786865,1.651140570640564,1.6474645137786865,1.647882103919983,6744064
2026-02-02 17:30:00+00:00,1.6480109691619873,1.6486374139785767,1.6393587589263916,1.6399586200714111,790016
2026-02-02 17:45:00+00:00,1.639738917350769,1.6416616439819336,1.6389739513397217,1.6413121223449707,10874368
2026-02-02 18:00:00+00:00,1.641507625579834,1.64176607131958,1.640260100364685,1.640260100364685,0
2026-02-02 18:15:00+00:00,1.6405202150344849,1.640838384628296,1.6380984783172607,1.6380984783172607,0
2026-02-02 18:30:00+00:00,1.6379510164260864,1.6440998315811157,1.6367782354354858,1.6427550315856934,14571520
2026-02-02 18:45:00+00:00,1.64266037940979,1.643011450767517,1.642307162284851,1.6423171758651733,0
2026-02-02 19:00:00+00:00,1.642311930656433,1.642311930656433,1.6378231048583984,1.6389015913009644,2640384
2026-02-02 19:15:00+00:00,1.6388996839523315,1.6395423412322998,1.6367379426956177,1.6367379426956177,0
2026-02-02 19:30:00+00:00,1.6367322206497192,1.6367322206497192,1.6294312477111816,1.6294312477111816,1248768
2026-02-02 19:45:00+00:00,1.6299335956573486,1.6306556463241577,1.6261811256408691,1.6271121501922607,0
2026-02-02 20:00:00+00:00,1.6264089345932007,1.6297403573989868,1.625060796737671,1.6287448406219482,7821312
2026-02-02 20:15:00+00:00,1.6287535429000854,1.6287647485733032,1.6259623765945435,1.6259642839431763,0
2026-02-02 20:30:00+00:00,1.6256731748580933,1.6256731748580933,1.6157933473587036,1.6181492805480957,0
2026-02-02 20:45:00+00:00,1.618255376815796,1.6201491355895996,1.6164823770523071,1.6201491355895996,10863104
2026-02-02 21:00:00+00:00,1.6180245876312256,1.6198266744613647,1.6161681413650513,1.619464635848999,3758080
2026-02-02 21:15:00+00:00,1.619275450706482,1.619275450706482,1.6142324209213257,1.6144474744796753,0
2026-02-02 21:30:00+00:00,1.6144042015075684,1.6228251457214355,1.6141383647918701,1.6228251457214355,143872
2026-02-02 21:45:00+00:00,1.6219223737716675,1.6241060495376587,1.6217747926712036,1.6232221126556396,0
2026-02-02 22:00:00+00:00,1.6231094598770142,1.630308747291565,1.6228981018066406,1.6299164295196533,0
2026-02-02 22:15:00+00:00,1.6299269199371338,1.6299269199371338,1.6229188442230225,1.6229188442230225,0
2026-02-02 22:30:00+00:00,1.6230145692825317,1.6254130601882935,1.6222000122070312,1.6254130601882935,0
2026-02-02 22:45:00+00:00,1.6255667209625244,1.6265767812728882,1.6247098445892334,1.624875545501709,0
2026-02-02 23:00:00+00:00,1.6249401569366455,1.6249401569366455,1.6206591129302979,1.6206591129302979,0
2026-02-02 23:15:00+00:00,1.6206468343734741,1.6206609010696411,1.6187082529067993,1.6187082529067993,0
2026-02-02 23:30:00+00:00,1.618752121925354,1.6229921579360962,1.6180139780044556,1.6223235130310059,0
2026-02-02 23:45:00+00:00,1.6224100589752197,1.6226450204849243,1.6205488443374634,1.6205488443374634,0
2026-02-03 00:00:00+00:00,1.6203672885894775,1.6203672885894775,1.6097841262817383,1.6099737882614136,0
2026-02-03 00:15:00+00:00,1.6106345653533936,1.6144450902938843,1.6106345653533936,1.6144450902938843,0
2026-02-03 00:30:00+00:00,1.6147005558013916,1.6158884763717651,1.6127197742462158,1.6135728359222412,0
2026-02-03 00:45:00+00:00,1.6135057210922241,1.6152712106704712,1.612390160560608,1.6152712106704712,0
2026-02-03 01:00:00+00:00,1.6153417825698853,1.616290807723999,1.6115273237228394,1.6118648052215576,0
2026-02-03 01:15:00+00:00,1.6117500066757202,1.6134940385818481,1.6091103553771973,1.6134940385818481,0
2026-02-03 01:30:00+00:00,1.6136523485183716,1.6136523485183716,1.6083528995513916,1.609412670135498,0
2026-02-03 01:45:00+00:00,1.610033392906189,1.614612102508545,1.610033392906189,1.614612102508545,1828352
2026-02-03 02:00:00+00:00,1.6147289276123047,1.6155471801757812,1.6059962511062622,1.6062214374542236,0
2026-02-03 02:15:00+00:00,1.605849027633667,1.6089701652526855,1.6053128242492676,1.6059961318969727,0
2026-02-03 02:30:00+00:00,1.606040596961975,1.606040596961975,1.6008834838867188,1.6008834838867188,9936896
2026-02-03 02:45:00+00:00,1.6008474826812744,1.6008474826812744,1.5931315422058105,1.5937646627426147,8296448
2026-02-03 03:00:00+00:00,1.5919488668441772,1.5962073802947998,1.590274691581726,1.5962073802947998,10651648
2026-02-03 03:15:00+00:00,1.5961028337478638,1.5972715616226196,1.592436671257019,1.5972715616226196,0
2026-02-03 03:30:00+00:00,1.5975981950759888,1.6074199676513672,1.5975981950759888,1.6074199676513672,0
2026-02-03 03:45:00+00:00,1.6072324514389038,1.6112693548202515,1.6068692207336426,1.6112693548202515,0
2026-02-03 04:00:00+00:00,1.6110386848449707,1.6131951808929443,1.6107890605926514,1.6130666732788086,0
2026-02-03 04:15:00+00:00,1.6131669282913208,1.6135286092758179,1.6107978820800781,1.6107978820800781,0
2026-02-03 04:30:00+00:00,1.6106234788894653,1.6197065114974976,1.6098508834838867,1.6197065114974976,6176768
2026-02-03 04:45:00+00:00,1.6192187070846558,1.6226122379302979,1.6192187070846558,1.6212142705917358,0
2026-02-03 05:00:00+00:00,1.6211916208267212,1.6211916208267212,1.6132183074951172,1.6132183074951172,0
2026-02-03 05:15:00+00:00,1.6130952835083008,1.6130952835083008,1.6088850498199463,1.610945224761963,0
2026-02-03 05:30:00+00:00,1.6109389066696167,1.6128270626068115,1.6109389066696167,1.6121150255203247,0
2026-02-03 05:45:00+00:00,1.6123239994049072,1.6129909753799438,1.6087441444396973,1.6087441444396973,0
2026-02-03 06:00:00+00:00,1.6087480783462524,1.6087480783462524,1.6004947423934937,1.6005139350891113,0
2026-02-03 06:15:00+00:00,1.600275993347168,1.604718804359436,1.5998395681381226,1.604718804359436,0
2026-02-03 06:30:00+00:00,1.6058878898620605,1.6096930503845215,1.6058878898620605,1.6083956956863403,0
2026-02-03 06:45:00+00:00,1.608194351196289,1.6105061769485474,1.6079779863357544,1.6105061769485474,0
2026-02-03 07:00:00+00:00,1.6103683710098267,1.6132090091705322,1.6083142757415771,1.6131103038787842,0
2026-02-03 07:15:00+00:00,1.6131025552749634,1.6131025552749634,1.6096673011779785,1.612030267715454,91136
2026-02-03 07:30:00+00:00,1.6120305061340332,1.6190944910049438,1.6120305061340332,1.617101788520813,0
2026-02-03 07:45:00+00:00,1.6172772645950317,1.6173511743545532,1.6163331270217896,1.6163331270217896,0
2026-02-03 08:00:00+00:00,1.6161314249038696,1.6164100170135498,1.6143823862075806,1.6143823862075806,0
2026-02-03 08:15:00+00:00,1.613916277885437,1.6206581592559814,1.6126011610031128,1.6206581592559814,0
2026-02-03 08:30:00+00:00,1.6206581592559814,1.6228280067443848,1.6203101873397827,1.6228280067443848,0
2026-02-03 08:45:00+00:00,1.6227997541427612,1.622902274131775,1.6158849000930786,1.6158849000930786,0
2026-02-03 09:00:00+00:00,1.6156730651855469,1.6196993589401245,1.6134264469146729,1.6134264469146729,5999872
2026-02-03 09:15:00+00:00,1.6108194589614868,1.6108194589614868,1.597590684890747,1.597590684890747,37588224
2026-02-03 09:30:00+00:00,1.5974231958389282,1.602721095085144,1.5959827899932861,1.6027132272720337,0
2026-02-03 09:45:00+00:00,1.6025192737579346,1.6031137704849243,1.6017467975616455,1.6029785871505737,0
2026-02-03 10:00:00+00:00,1.602857232093811,1.6053178310394287,1.6025627851486206,1.6053178310394287,0
2026-02-03 10:15:00+00:00,1.6051827669143677,1.6051827669143677,1.6016656160354614,1.6027194261550903,162304
2026-02-03 10:30:00+00:00,1.6027027368545532,1.6027027368545532,1.5986217260360718,1.598919153213501,0
2026-02-03 10:45:00+00:00,1.5990954637527466,1.5993099212646484,1.597455382347107,1.5974655151367188,1129984
2026-02-03 11:00:00+00:00,1.5977230072021484,1.6011885404586792,1.5977230072021484,1.600373387336731,0
2026-02-03 11:15:00+00:00,1.6003186702728271,1.6005257368087769,1.5990797281265259,1.5990797281265259,0
2026-02-03 11:30:00+00:00,1.5990591049194336,1.6034351587295532,1.598334550857544,1.6032097339630127,37632
2026-02-03 11:45:00+00:00,1.6031450033187866,1.6046086549758911,1.6029553413391113,1.604134202003479,0
2026-02-03 12:00:00+00:00,1.6039626598358154,1.6039626598358154,1.5992594957351685,1.6018586158752441,0
2026-02-03 12:15:00+00:00,1.6023123264312744,1.6032845973968506,1.6016802787780762,1.6031020879745483,0
2026-02-03 12:30:00+00:00,1.6034997701644897,1.6071008443832397,1.6032757759094238,1.6069068908691406,0
2026-02-03 12:45:00+00:00,1.6069207191467285,1.608391523361206,1.6060152053833008,1.6081032752990723,0
2026-02-03 13:00:00+00:00,1.6078497171401978,1.6097086668014526,1.6058403253555298,1.6094759702682495,0
2026-02-03 13:15:00+00:00,1.6096423864364624,1.6096423864364624,1.6055535078048706,1.6056795120239258,0
2026-02-03 13:30:00+00:00,1.606436014175415,1.6079869270324707,1.6060537099838257,1.60711669921875,0
2026-02-03 13:45:00+00:00,1.6071443557739258,1.6096891164779663,1.6066546440124512,1.6096891164779663,0
2026-02-03 14:00:00+00:00,1.6093670129776,1.6131718158721924,1.6093670129776,1.6114028692245483,0
2026-02-03 14:15:00+00:00,1.6117078065872192,1.612056016921997,1.6082454919815063,1.6111090183258057,0
2026-02-03 14:30:00+00:00,1.6113255023956299,1.6127042770385742,1.5983874797821045,1.5983874797821045,0
2026-02-03 14:45:00+00:00,1.598708152770996,1.601654052734375,1.586338758468628,1.586338758468628,4997376
2026-02-03 15:00:00+00:00,1.5861612558364868,1.5913137197494507,1.5831265449523926,1.5863556861877441,11751680
2026-02-03 15:15:00+00:00,1.5856419801712036,1.601567029953003,1.5813013315200806,1.6012450456619263,62143488
2026-02-03 15:30:00+00:00,1.600975513458252,1.6085275411605835,1.5972708463668823,1.5972708463668823,32722944
2026-02-03 15:45:00+00:00,1.5973447561264038,1.6148138046264648,1.5963917970657349,1.6148138046264648,20033792
2026-02-03 16:00:00+00:00,1.614769697189331,1.6161860227584839,1.6050851345062256,1.6051548719406128,120320
2026-02-03 16:15:00+00:00,1.6049960851669312,1.6049960851669312,1.5929174423217773,1.5931612253189087,12047616
2026-02-03 16:30:00+00:00,1.5923842191696167,1.5923842191696167,1.585815191268921,1.5873688459396362,32327424
2026-02-03 16:45:00+00:00,1.587792992591858,1.58811616897583,1.5842444896697998,1.58524489402771,20934144
2026-02-03 17:00:00+00:00,1.5849554538726807,1.5861001014709473,1.5757553577423096,1.5757553577423096,15362816
2026-02-03 17:15:00+00:00,1.575343132019043,1.5764366388320923,1.5687856674194336,1.5761728286743164,44052992
2026-02-03 17:30:00+00:00,1.5763849020004272,1.5763849020004272,1.5637805461883545,1.5637805461883545,21889280
2026-02-03 17:45:00+00:00,1.5638386011123657,1.5660967826843262,1.559617280960083,1.559617280960083,35450112
2026-02-03 18:00:00+00:00,1.5591336488723755,1.5607407093048096,1.5567079782485962,1.557653784751892,39024640
2026-02-03 18:15:00+00:00,1.5569877624511719,1.5569877624511719,1.5419607162475586,1.5419607162475586,111242496
2026-02-03 18:30:00+00:00,1.5412344932556152,1.5412344932556152,1.5388832092285156,1.5395909547805786,67315456
2026-02-03 18:45:00+00:00,1.5399169921875,1.5399169921875,1.5305633544921875,1.5315924882888794,97739776
2026-02-03 19:00:00+00:00,1.5315678119659424,1.5541115999221802,1.5295486450195312,1.5541115999221802,84599552
2026-02-03 19:15:00+00:00,1.55601167678833,1.5778933763504028,1.55601167678833,1.5683403015136719,126355712
2026-02-03 19:30:00+00:00,1.5704666376113892,1.582998275756836,1.5704666376113892,1.5810796022415161,57670144
2026-02-03 19:45:00+00:00,1.5805652141571045,1.5805652141571045,1.5734082460403442,1.5796788930892944,24265728
2026-02-03 20:00:00+00:00,1.5798488855361938,1.580146312713623,1.5663888454437256,1.5686688423156738,4989440
2026-02-03 20:15:00+00:00,1.5684651136398315,1.5872457027435303,1.5683459043502808,1.5872457027435303,52020224
2026-02-03 20:30:00+00:00,1.587493658065796,1.6193182468414307,1.587493658065796,1.6160715818405151,153543680
2026-02-03 20:45:00+00:00,1.615395426750183,1.615395426750183,1.6106170415878296,1.6118738651275635,35545344
2026-02-03 21:00:00+00:00,1.613389253616333,1.624045729637146,1.613389253616333,1.6235460042953491,54914560
2026-02-03 21:15:00+00:00,1.6239043474197388,1.6253817081451416,1.6175916194915771,1.6175916194915771,28119296
2026-02-03 21:30:00+00:00,1.6173045635223389,1.6173045635223389,1.6073929071426392,1.6079214811325073,11006976
2026-02-03 21:45:00+00:00,1.607609748840332,1.6084558963775635,1.6021876335144043,1.6021876335144043,5270528
2026-02-03 22:00:00+00:00,1.6022053956985474,1.6022053956985474,1.5907015800476074,1.5939610004425049,8311808
2026-02-03 22:15:00+00:00,1.5938373804092407,1.5945714712142944,1.5889836549758911,1.5945714712142944,13909760
2026-02-03 22:30:00+00:00,1.5945721864700317,1.5984970331192017,1.5945260524749756,1.5966475009918213,4782848
2026-02-03 22:45:00+00:00,1.5968363285064697,1.5968363285064697,1.5851424932479858,1.5853732824325562,17138688
2026-02-03 23:00:00+00:00,1.585701823234558,1.5858410596847534,1.5754684209823608,1.5792334079742432,15941632
2026-02-03 23:15:00+00:00,1.5798417329788208,1.5815171003341675,1.5768954753875732,1.5792405605316162,12081664
2026-02-03 23:30:00+00:00,1.5788606405258179,1.5794624090194702,1.5759577751159668,1.5787562131881714,8235264
2026-02-03 23:45:00+00:00,1.5785157680511475,1.5785157680511475,1.5718424320220947,1.5741252899169922,11810560
2026-02-04 00:00:00+00:00,1.5753333568572998,1.5753333568572998,1.5696851015090942,1.5696851015090942,0
2026-02-04 00:15:00+00:00,1.5694475173950195,1.5758984088897705,1.5681811571121216,1.5757536888122559,15919360
2026-02-04 00:30:00+00:00,1.5760304927825928,1.581908941268921,1.5760304927825928,1.5810359716415405,7164928
2026-02-04 00:45:00+00:00,1.5807501077651978,1.5807501077651978,1.5760704278945923,1.5760704278945923,6339328
2026-02-04 01:00:00+00:00,1.5760258436203003,1.589857578277588,1.5753628015518188,1.589857578277588,9647872
2026-02-04 01:15:00+00:00,1.5901448726654053,1.592997431755066,1.5901448726654053,1.591918706893921,7131392
2026-02-04 01:30:00+00:00,1.591678500175476,1.5982869863510132,1.5915443897247314,1.598014235496521,17232384
2026-02-04 01:45:00+00:00,1.5977423191070557,1.5977423191070557,1.5910893678665161,1.5912927389144897,4989952
2026-02-04 02:00:00+00:00,1.5911375284194946,1.5914462804794312,1.5880950689315796,1.5891584157943726,4195584
2026-02-04 02:15:00+00:00,1.5888197422027588,1.588924765586853,1.5844348669052124,1.5844348669052124,4567808
2026-02-04 02:30:00+00:00,1.584133267402649,1.584133267402649,1.5768134593963623,1.5768775939941406,0
2026-02-04 02:45:00+00:00,1.577581524848938,1.5807466506958008,1.5773110389709473,1.5807466506958008,2196736
2026-02-04 03:00:00+00:00,1.5807069540023804,1.5987372398376465,1.5807069540023804,1.5980110168457031,3944960
2026-02-04 03:15:00+00:00,1.5980830192565918,1.5980830192565918,1.5928027629852295,1.5932676792144775,20709632
2026-02-04 03:30:00+00:00,1.5933053493499756,1.6012707948684692,1.5916447639465332,1.6001156568527222,18622976
2026-02-04 03:45:00+00:00,1.5998865365982056,1.5998865365982056,1.5964627265930176,1.597963571548462,7623680
2026-02-04 04:00:00+00:00,1.5978456735610962,1.599461317062378,1.596830129623413,1.5990999937057495,0
2026-02-04 04:15:00+00:00,1.5987799167633057,1.5987799167633057,1.5958666801452637,1.5962351560592651,513536
2026-02-04 04:30:00+00:00,1.5959552526474,1.5967376232147217,1.5955058336257935,1.5955058336257935,6944000
2026-02-04 04:45:00+00:00,1.5954526662826538,1.5954526662826538,1.5931044816970825,1.5931044816970825,0
2026-02-04 05:00:00+00:00,1.5931127071380615,1.5931127071380615,1.5908643007278442,1.592023253440857,0
2026-02-04 05:15:00+00:00,1.5918322801589966,1.5931978225708008,1.591287612915039,1.5918606519699097,0
2026-02-04 05:30:00+00:00,1.5919182300567627,1.5919182300567627,1.5886032581329346,1.5886032581329346,1347072
2026-02-04 05:45:00+00:00,1.5886732339859009,1.5886732339859009,1.583740234375,1.5841118097305298,2027008
2026-02-04 06:00:00+00:00,1.5842138528823853,1.5914807319641113,1.5842138528823853,1.5914807319641113,0
2026-02-04 06:15:00+00:00,1.5914196968078613,1.59233558177948,1.5877481698989868,1.5879179239273071,9608704
2026-02-04 06:30:00+00:00,1.587694525718689,1.5971436500549316,1.5875262022018433,1.5971436500549316,13582848
2026-02-04 06:45:00+00:00,1.5969942808151245,1.6016677618026733,1.5969942808151245,1.6011947393417358,26116608
2026-02-04 07:00:00+00:00,1.6010892391204834,1.6010892391204834,1.5976712703704834,1.5978922843933105,1643008
2026-02-04 07:15:00+00:00,1.5978922843933105,1.6015326976776123,1.5978922843933105,1.5994584560394287,26599168
2026-02-04 07:30:00+00:00,1.5997436046600342,1.6042791604995728,1.5997436046600342,1.6042791604995728,21714432
2026-02-04 07:45:00+00:00,1.6049602031707764,1.6049602031707764,1.6024761199951172,1.6026562452316284,6345728
2026-02-04 08:00:00+00:00,1.6027696132659912,1.6032949686050415,1.6008903980255127,1.602065920829773,1607680
2026-02-04 08:15:00+00:00,1.6021318435668945,1.6048007011413574,1.5998905897140503,1.6003364324569702,1485312
2026-02-04 08:30:00+00:00,1.6002353429794312,1.6038187742233276,1.5997871160507202,1.6038187742233276,894720
2026-02-04 08:45:00+00:00,1.604057788848877,1.6087294816970825,1.604057788848877,1.607808232307434,6332416
2026-02-04 09:00:00+00:00,1.6074421405792236,1.6074421405792236,1.6036072969436646,1.6044831275939941,13234432
2026-02-04 09:15:00+00:00,1.6038973331451416,1.6038973331451416,1.598263144493103,1.5983607769012451,0
2026-02-04 09:30:00+00:00,1.598407506942749,1.5991214513778687,1.5973705053329468,1.598067283630371,4804864
2026-02-04 09:45:00+00:00,1.597071647644043,1.5979485511779785,1.596265435218811,1.596961498260498,156416
2026-02-04 10:00:00+00:00,1.5968817472457886,1.5983150005340576,1.596379280090332,1.5983150005340576,0
2026-02-04 10:15:00+00:00,1.5983868837356567,1.6001079082489014,1.5983868837356567,1.5990214347839355,4536064
2026-02-04 10:30:00+00:00,1.5991201400756836,1.600000023841858,1.5964800119400024,1.5966379642486572,0
2026-02-04 10:45:00+00:00,1.5965110063552856,1.5965110063552856,1.59439218044281,1.59439218044281,221696
2026-02-04 11:00:00+00:00,1.5942214727401733,1.5942214727401733,1.5797516107559204,1.579798698425293,50254336
2026-02-04 11:15:00+00:00,1.579934000968933,1.5866323709487915,1.579511284828186,1.586572289466858,24181760
2026-02-04 11:30:00+00:00,1.5864940881729126,1.5914939641952515,1.586136817932129,1.5896259546279907,14319616
2026-02-04 11:45:00+00:00,1.589906930923462,1.5915740728378296,1.589906930923462,1.59108567237854,314368
2026-02-04 12:00:00+00:00,1.5908865928649902,1.5926258563995361,1.5908865928649902,1.5926258563995361,4487168
2026-02-04 12:15:00+00:00,1.5926902294158936,1.5946816205978394,1.591058373451233,1.591058373451233,0
2026-02-04 12:30:00+00:00,1.5895103216171265,1.5905548334121704,1.5894397497177124,1.5903418064117432,5362944
2026-02-04 12:45:00+00:00,1.5902515649795532,1.5902515649795532,1.5882930755615234,1.5889054536819458,0
2026-02-04 13:00:00+00:00,1.5887787342071533,1.5887787342071533,1.5875885486602783,1.588037371635437,433152
2026-02-04 13:15:00+00:00,1.5880131721496582,1.5880131721496582,1.5802334547042847,1.5802334547042847,9409792
2026-02-04 13:30:00+00:00,1.580193042755127,1.5806331634521484,1.5742429494857788,1.5742429494857788,18847744
2026-02-04 13:45:00+00:00,1.5742393732070923,1.5742393732070923,1.567781925201416,1.567781925201416,39970304
2026-02-04 14:00:00+00:00,1.5674703121185303,1.5696587562561035,1.5649107694625854,1.5663594007492065,12968448
2026-02-04 14:15:00+00:00,1.5677720308303833,1.5677720308303833,1.5646042823791504,1.5647767782211304,13514240
2026-02-04 14:30:00+00:00,1.564876675605774,1.5650070905685425,1.5567529201507568,1.561688780784607,52474112
2026-02-04 14:45:00+00:00,1.5606213808059692,1.564700722694397,1.5489180088043213,1.5489180088043213,10273536
2026-02-04 15:00:00+00:00,1.5481770038604736,1.5546438694000244,1.5433019399642944,1.5546438694000244,52927744
2026-02-04 15:15:00+00:00,1.5543702840805054,1.5550116300582886,1.5471352338790894,1.549904465675354,5723136
2026-02-04 15:30:00+00:00,1.5511730909347534,1.552312970161438,1.5371531248092651,1.5461875200271606,38883328
2026-02-04 15:45:00+00:00,1.545924186706543,1.545924186706543,1.5380232334136963,1.5404715538024902,9899008
2026-02-04 16:00:00+00:00,1.540614366531372,1.5417518615722656,1.5388449430465698,1.539342999458313,18093312
2026-02-04 16:15:00+00:00,1.5383954048156738,1.539575219154358,1.5309289693832397,1.5361849069595337,38722304
2026-02-04 16:30:00+00:00,1.5375924110412598,1.5375924110412598,1.5226222276687622,1.5227601528167725,19763200
2026-02-04 16:45:00+00:00,1.5218048095703125,1.5317498445510864,1.5202783346176147,1.5312145948410034,71498752
2026-02-04 17:00:00+00:00,1.5308756828308105,1.5308756828308105,1.5213266611099243,1.52515709400177,15687680
2026-02-04 17:15:00+00:00,1.5251952409744263,1.5294584035873413,1.517198920249939,1.517198920249939,4993536
2026-02-04 17:30:00+00:00,1.5168803930282593,1.5168803930282593,1.5088411569595337,1.5144652128219604,59877888
2026-02-04 17:45:00+00:00,1.5156502723693848,1.5161529779434204,1.5108433961868286,1.5161529779434204,4211712
2026-02-04 18:00:00+00:00,1.5159640312194824,1.5164718627929688,1.508463740348816,1.5142701864242554,10441216
2026-02-04 18:15:00+00:00,1.512978434562683,1.512978434562683,1.504805326461792,1.5119730234146118,0
2026-02-04 18:30:00+00:00,1.5145928859710693,1.5451011657714844,1.5145928859710693,1.5451011657714844,55808000
2026-02-04 18:45:00+00:00,1.5459903478622437,1.5466639995574951,1.5354175567626953,1.53745436668396,0
2026-02-04 19:00:00+00:00,1.5340358018875122,1.5387165546417236,1.5340358018875122,1.5344316959381104,0
2026-02-04 19:15:00+00:00,1.5338493585586548,1.5352312326431274,1.5279457569122314,1.5279457569122314,0
2026-02-04 19:30:00+00:00,1.5279476642608643,1.5335763692855835,1.5265079736709595,1.5335763692855835,1951744
2026-02-04 19:45:00+00:00,1.5338181257247925,1.5513468980789185,1.5338181257247925,1.5513468980789185,35532544
2026-02-04 20:00:00+00:00,1.551104187965393,1.551104187965393,1.5403152704238892,1.5403152704238892,0
2026-02-04 20:15:00+00:00,1.5387283563613892,1.5419665575027466,1.5381776094436646,1.5381776094436646,0
2026-02-04 20:30:00+00:00,1.5372413396835327,1.5373950004577637,1.5349810123443604,1.5373423099517822,0
2026-02-04 20:45:00+00:00,1.5368636846542358,1.5368671417236328,1.5358332395553589,1.5358394384384155,0
2026-02-04 21:00:00+00:00,1.5354136228561401,1.5354136228561401,1.5234150886535645,1.5244399309158325,0
2026-02-04 21:15:00+00:00,1.5262441635131836,1.5262441635131836,1.5172264575958252,1.5177950859069824,0
2026-02-04 21:30:00+00:00,1.5181299448013306,1.5229887962341309,1.5181299448013306,1.5207303762435913,155904
2026-02-04 21:45:00+00:00,1.5188751220703125,1.5188751220703125,1.5064195394515991,1.5099983215332031,21704192
2026-02-04 22:00:00+00:00,1.5104191303253174,1.511474370956421,1.497360110282898,1.4978352785110474,46648320
2026-02-04 22:15:00+00:00,1.4987330436706543,1.5348671674728394,1.4987330436706543,1.5348671674728394,77381888
2026-02-04 22:30:00+00:00,1.5387736558914185,1.5387736558914185,1.5221660137176514,1.5221660137176514,27130112
2026-02-04 22:45:00+00:00,1.5211236476898193,1.5211236476898193,1.5093406438827515,1.5093406438827515,498432
2026-02-04 23:00:00+00:00,1.5097545385360718,1.5097545385360718,1.5060961246490479,1.5081831216812134,3421440
2026-02-04 23:15:00+00:00,1.5084035396575928,1.5176286697387695,1.507816195487976,1.5176286697387695,39141632
2026-02-04 23:30:00+00:00,1.5172405242919922,1.5194811820983887,1.517088532447815,1.5170923471450806,32308992
2026-02-04 23:45:00+00:00,1.5173335075378418,1.5180317163467407,1.5104670524597168,1.5104670524597168,4049664
2026-02-05 00:00:00+00:00,1.509689211845398,1.509689211845398,1.5023325681686401,1.5023325681686401,3409920
2026-02-05 00:15:00+00:00,1.5018486976623535,1.5092442035675049,1.5004762411117554,1.5092442035675049,13935872
2026-02-05 00:30:00+00:00,1.5096008777618408,1.5096008777618408,1.494908094406128,1.49980890750885,21955840
2026-02-05 00:45:00+00:00,1.4995150566101074,1.499629259109497,1.4904580116271973,1.4904580116271973,15587328
2026-02-05 01:00:00+00:00,1.4879062175750732,1.494992971420288,1.4874285459518433,1.494992971420288,26686464
2026-02-05 01:15:00+00:00,1.494337797164917,1.494337797164917,1.467046856880188,1.4673551321029663,69313280
2026-02-05 01:30:00+00:00,1.47517991065979,1.4858815670013428,1.4729323387145996,1.4734532833099365,105551872
2026-02-05 01:45:00+00:00,1.4783176183700562,1.4785373210906982,1.4694637060165405,1.4711720943450928,26587136
2026-02-05 02:00:00+00:00,1.4710620641708374,1.471563458442688,1.4643112421035767,1.4643112421035767,23056896
2026-02-05 02:15:00+00:00,1.4643282890319824,1.4647866487503052,1.4601854085922241,1.463834524154663,66249216
2026-02-05 02:30:00+00:00,1.4642728567123413,1.4759912490844727,1.4642728567123413,1.474313735961914,55590400
2026-02-05 02:45:00+00:00,1.4744110107421875,1.4744110107421875,1.4582964181900024,1.4582964181900024,41626112
2026-02-05 03:00:00+00:00,1.4530131816864014,1.4597514867782593,1.4501452445983887,1.4569631814956665,51381760
2026-02-05 03:15:00+00:00,1.4568061828613281,1.4576122760772705,1.4481053352355957,1.452294945716858,32755712
2026-02-05 03:30:00+00:00,1.451744794845581,1.451744794845581,1.4440633058547974,1.4457502365112305,24318976
2026-02-05 03:45:00+00:00,1.4451904296875,1.4451904296875,1.4402154684066772,1.4402154684066772,48473088
2026-02-05 04:00:00+00:00,1.440464735031128,1.444823145866394,1.4400802850723267,1.4448051452636719,57208832
2026-02-05 04:15:00+00:00,1.4425082206726074,1.4474279880523682,1.44082510471344,1.4465991258621216,55617024
2026-02-05 04:30:00+00:00,1.4466755390167236,1.4523018598556519,1.44304358959198,1.451954960823059,48773120
2026-02-05 04:45:00+00:00,1.4520565271377563,1.453655481338501,1.4429594278335571,1.4433695077896118,21509120
2026-02-05 05:00:00+00:00,1.4433884620666504,1.444165825843811,1.4414427280426025,1.4441094398498535,12215296
2026-02-05 05:15:00+00:00,1.4450393915176392,1.4468257427215576,1.4313164949417114,1.4314290285110474,48524800
2026-02-05 05:30:00+00:00,1.4335881471633911,1.4506466388702393,1.4321329593658447,1.4506466388702393,81617408
2026-02-05 05:45:00+00:00,1.450767159461975,1.450767159461975,1.4402862787246704,1.4404290914535522,34378240
2026-02-05 06:00:00+00:00,1.4402008056640625,1.4402008056640625,1.4278324842453003,1.428314447402954,34650624
2026-02-05 06:15:00+00:00,1.4282509088516235,1.4286953210830688,1.419711947441101,1.4197419881820679,48499200
2026-02-05 06:30:00+00:00,1.42019784450531,1.4283168315887451,1.42019784450531,1.4280070066452026,54556672
2026-02-05 06:45:00+00:00,1.4263684749603271,1.4263684749603271,1.418741226196289,1.422864317893982,27422208
2026-02-05 07:00:00+00:00,1.4232065677642822,1.4382374286651611,1.4232065677642822,1.4316797256469727,53206016
2026-02-05 07:15:00+00:00,1.4311825037002563,1.440488576889038,1.4311825037002563,1.440440058708191,26305536
2026-02-05 07:30:00+00:00,1.440470576286316,1.4444345235824585,1.436318039894104,1.4364879131317139,7586816
2026-02-05 07:45:00+00:00,1.4373747110366821,1.439138412475586,1.4321658611297607,1.432187557220459,6451712
2026-02-05 08:00:00+00:00,1.4318913221359253,1.4318913221359253,1.4305381774902344,1.4305381774902344,9757184
2026-02-05 08:15:00+00:00,1.430597186088562,1.4313328266143799,1.4277253150939941,1.4312934875488281,25050624
2026-02-05 08:30:00+00:00,1.4308350086212158,1.436630129814148,1.4308350086212158,1.4335358142852783,15727104
2026-02-05 08:45:00+00:00,1.4334862232208252,1.4334862232208252,1.428695559501648,1.4298049211502075,9797632
2026-02-05 09:00:00+00:00,1.4292937517166138,1.4378503561019897,1.42658531665802,1.4378503561019897,30592512
2026-02-05 09:15:00+00:00,1.4374518394470215,1.4374518394470215,1.4288311004638672,1.4288311004638672,22757376
2026-02-05 09:30:00+00:00,1.429303765296936,1.429303765296936,1.4177179336547852,1.4177179336547852,34816000
2026-02-05 09:45:00+00:00,1.416886329650879,1.416886329650879,1.4134658575057983,1.4134658575057983,34437632
2026-02-05 10:00:00+00:00,1.41334867477417,1.41334867477417,1.3985223770141602,1.3986639976501465,63157760
2026-02-05 10:15:00+00:00,1.4004511833190918,1.4097352027893066,1.4004511833190918,1.403188943862915,53918720
2026-02-05 10:30:00+00:00,1.4043197631835938,1.404746651649475,1.3878772258758545,1.3878772258758545,43795456
2026-02-05 10:45:00+00:00,1.3876644372940063,1.3876644372940063,1.360643744468689,1.3616361618041992,159178752
2026-02-05 11:00:00+00:00,1.362623691558838,1.3751639127731323,1.362623691558838,1.369471788406372,47365120
2026-02-05 11:15:00+00:00,1.3675788640975952,1.3675788640975952,1.345375418663025,1.345375418663025,142812160
2026-02-05 11:30:00+00:00,1.3454866409301758,1.3756129741668701,1.3454866409301758,1.3751193284988403,165626368
2026-02-05 11:45:00+00:00,1.3747718334197998,1.3747718334197998,1.359566569328308,1.359787106513977,62002688
2026-02-05 12:00:00+00:00,1.3603402376174927,1.3701516389846802,1.3603402376174927,1.3680534362792969,58158080
2026-02-05 12:15:00+00:00,1.367120385169983,1.367120385169983,1.3567028045654297,1.3655555248260498,83738624
2026-02-05 12:30:00+00:00,1.3647483587265015,1.3674018383026123,1.3619903326034546,1.3625601530075073,69941248
2026-02-05 12:45:00+00:00,1.3627434968948364,1.3647295236587524,1.3602114915847778,1.3647295236587524,75265536
2026-02-05 13:00:00+00:00,1.3644003868103027,1.3644003868103027,1.3603427410125732,1.3607065677642822,41203712
2026-02-05 13:15:00+00:00,1.36006760597229,1.36006760597229,1.34455144405365,1.3449721336364746,74908672
2026-02-05 13:30:00+00:00,1.3446756601333618,1.3554813861846924,1.3446756601333618,1.350777268409729,55888384
2026-02-05 13:45:00+00:00,1.3506450653076172,1.3546041250228882,1.3495641946792603,1.3529773950576782,9668608
2026-02-05 14:00:00+00:00,1.3528079986572266,1.361757755279541,1.352514386177063,1.3576585054397583,34627584
2026-02-05 14:15:00+00:00,1.3575023412704468,1.3612083196640015,1.3541401624679565,1.3612083196640015,28972544
2026-02-05 14:30:00+00:00,1.3610392808914185,1.3751755952835083,1.3603808879852295,1.372771143913269,49103872
2026-02-05 14:45:00+00:00,1.3727971315383911,1.3773925304412842,1.3608886003494263,1.3608886003494263,26106880
2026-02-05 15:00:00+00:00,1.360381841659546,1.360381841659546,1.3269531726837158,1.3273319005966187,27860480
2026-02-05 15:15:00+00:00,1.326651930809021,1.328832983970642,1.2937772274017334,1.2937772274017334,247950848
2026-02-05 15:30:00+00:00,1.2895901203155518,1.299387812614441,1.277177333831787,1.298551082611084,353988608
2026-02-05 15:45:00+00:00,1.298927664756775,1.3070650100708008,1.2889472246170044,1.2934486865997314,145970176
2026-02-05 16:00:00+00:00,1.293891429901123,1.2950977087020874,1.2875688076019287,1.2875688076019287,51704832
2026-02-05 16:15:00+00:00,1.2878121137619019,1.2992535829544067,1.2860561609268188,1.2992535829544067,112366080
2026-02-05 16:30:00+00:00,1.2976603507995605,1.298720121383667,1.2869865894317627,1.2869865894317627,39436800
2026-02-05 16:45:00+00:00,1.285984992980957,1.2921711206436157,1.2758781909942627,1.2824732065200806,88941056
2026-02-05 17:00:00+00:00,1.2823866605758667,1.2823866605758667,1.2365235090255737,1.2373616695404053,96031232
2026-02-05 17:15:00+00:00,1.2367075681686401,1.271651268005371,1.2243831157684326,1.271651268005371,291138560
2026-02-05 17:30:00+00:00,1.2729613780975342,1.2760009765625,1.2623538970947266,1.2666454315185547,87631360
2026-02-05 17:45:00+00:00,1.2664984464645386,1.2664984464645386,1.254848837852478,1.254848837852478,35173376
2026-02-05 18:00:00+00:00,1.2544822692871094,1.2544822692871094,1.2437306642532349,1.2476379871368408,39246848
2026-02-05 18:15:00+00:00,1.248047947883606,1.248140573501587,1.2230888605117798,1.2230888605117798,51387392
2026-02-05 18:30:00+00:00,1.2228574752807617,1.2262259721755981,1.2180900573730469,1.2231383323669434,32594944
2026-02-05 18:45:00+00:00,1.223404049873352,1.2553173303604126,1.2214411497116089,1.2553173303604126,119368704
2026-02-05 19:00:00+00:00,1.2586026191711426,1.2586026191711426,1.2440544366836548,1.2450743913650513,51106816
2026-02-05 19:15:00+00:00,1.2447313070297241,1.2477730512619019,1.2301921844482422,1.2301921844482422,30643200
2026-02-05 19:30:00+00:00,1.2289543151855469,1.2333625555038452,1.223032832145691,1.2233390808105469,52115456
2026-02-05 19:45:00+00:00,1.2229554653167725,1.2229554653167725,1.211065649986267,1.211065649986267,63107072
2026-02-05 20:00:00+00:00,1.2112812995910645,1.2153533697128296,1.2037972211837769,1.2037972211837769,77219840
2026-02-05 20:15:00+00:00,1.20276939868927,1.20276939868927,1.150820255279541,1.163655400276184,288689152
2026-02-05 20:30:00+00:00,1.160942554473877,1.1959009170532227,1.1567343473434448,1.1959009170532227,380965888
2026-02-05 20:45:00+00:00,1.1952826976776123,1.1952826976776123,1.1777516603469849,1.1880288124084473,184560640
2026-02-05 21:00:00+00:00,1.1867729425430298,1.1919317245483398,1.1779544353485107,1.1780840158462524,197747712
2026-02-05 21:15:00+00:00,1.1771796941757202,1.1838629245758057,1.1559869050979614,1.1706502437591553,153504768
2026-02-05 21:30:00+00:00,1.1745660305023193,1.1828738451004028,1.1708227396011353,1.1786912679672241,137089024
2026-02-05 21:45:00+00:00,1.1757051944732666,1.1762778759002686,1.1556025743484497,1.1564000844955444,52859904
2026-02-05 22:00:00+00:00,1.1569565534591675,1.1781903505325317,1.1569565534591675,1.1775285005569458,86194176
2026-02-05 22:15:00+00:00,1.1767631769180298,1.1768336296081543,1.1535985469818115,1.1662126779556274,93333504
2026-02-05 22:30:00+00:00,1.1669598817825317,1.1989881992340088,1.1669598817825317,1.1989881992340088,159985664
2026-02-05 22:45:00+00:00,1.199916124343872,1.2261658906936646,1.199916124343872,1.2214932441711426,216502272
2026-02-05 23:00:00+00:00,1.222344160079956,1.2546180486679077,1.2218515872955322,1.2521803379058838,245685248
2026-02-05 23:15:00+00:00,1.2557920217514038,1.2566379308700562,1.237747073173523,1.240365743637085,91604992
2026-02-05 23:30:00+00:00,1.241579532623291,1.2463315725326538,1.2243399620056152,1.2243399620056152,48594944
2026-02-05 23:45:00+00:00,1.2235362529754639,1.2236191034317017,1.211557149887085,1.213918685913086,41836544
2026-02-06 00:00:00+00:00,1.2126734256744385,1.2138797044754028,1.169219970703125,1.169219970703125,132434944
2026-02-06 00:15:00+00:00,1.1662712097167969,1.1662712097167969,1.1339051723480225,1.1540735960006714,611238912
2026-02-06 00:30:00+00:00,1.153783917427063,1.2158321142196655,1.153783917427063,1.2061675786972046,324450304
2026-02-06 00:45:00+00:00,1.206382393836975,1.2284296751022339,1.206382393836975,1.2147952318191528,180531200
2026-02-06 01:00:00+00:00,1.2148767709732056,1.2406491041183472,1.2148767709732056,1.2394849061965942,142723072
2026-02-06 01:15:00+00:00,1.238285779953003,1.2402127981185913,1.2316826581954956,1.239668846130371,11596800
2026-02-06 01:30:00+00:00,1.2397886514663696,1.2525125741958618,1.2397886514663696,1.2483294010162354,63758336
2026-02-06 01:45:00+00:00,1.248726725578308,1.2855572700500488,1.248726725578308,1.2833284139633179,272537600
2026-02-06 02:00:00+00:00,1.282552719116211,1.282552719116211,1.2666606903076172,1.2666606903076172,36685824
2026-02-06 02:15:00+00:00,1.2660235166549683,1.2660235166549683,1.2454664707183838,1.250031590461731,23259136
2026-02-06 02:30:00+00:00,1.2500522136688232,1.2720348834991455,1.2500522136688232,1.2720348834991455,77748224
2026-02-06 02:45:00+00:00,1.2714667320251465,1.2714667320251465,1.2563769817352295,1.2563769817352295,476160
2026-02-06 03:00:00+00:00,1.256758213043213,1.2653471231460571,1.256758213043213,1.2595043182373047,0
2026-02-06 03:15:00+00:00,1.2594603300094604,1.2641034126281738,1.2594603300094604,1.2620927095413208,11180032
2026-02-06 03:30:00+00:00,1.2631216049194336,1.2725638151168823,1.2631216049194336,1.2690225839614868,22347776
2026-02-06 03:45:00+00:00,1.2684975862503052,1.2684975862503052,1.2606441974639893,1.2656742334365845,665600
2026-02-06 04:00:00+00:00,1.2664045095443726,1.2702200412750244,1.2651344537734985,1.2676681280136108,5487616
2026-02-06 04:15:00+00:00,1.2680844068527222,1.2859972715377808,1.2680844068527222,1.2857578992843628,42116096
2026-02-06 04:30:00+00:00,1.2850548028945923,1.2850548028945923,1.2691574096679688,1.2699425220489502,0
2026-02-06 04:45:00+00:00,1.2712026834487915,1.2785125970840454,1.2712026834487915,1.2777105569839478,26839040
2026-02-06 05:00:00+00:00,1.2781562805175781,1.302028775215149,1.2781562805175781,1.302028775215149,114451456
2026-02-06 05:15:00+00:00,1.3013255596160889,1.3013255596160889,1.290887475013733,1.292651891708374,13649920
2026-02-06 05:30:00+00:00,1.2928885221481323,1.3064874410629272,1.2928885221481323,1.3059719800949097,42387456
2026-02-06 05:45:00+00:00,1.3061425685882568,1.3229053020477295,1.3052012920379639,1.3229053020477295,107724800
2026-02-06 06:00:00+00:00,1.323449730873108,1.3292597532272339,1.318726897239685,1.3196662664413452,58507264
2026-02-06 06:15:00+00:00,1.3194425106048584,1.32607901096344,1.3152165412902832,1.3157693147659302,44197888
2026-02-06 06:30:00+00:00,1.315845251083374,1.315845251083374,1.305955410003662,1.3113642930984497,24168448
2026-02-06 06:45:00+00:00,1.3094408512115479,1.3094408512115479,1.3052054643630981,1.3062559366226196,10049536
2026-02-06 07:00:00+00:00,1.3047280311584473,1.3047280311584473,1.2893251180648804,1.2893251180648804,0
2026-02-06 07:15:00+00:00,1.2906917333602905,1.294796347618103,1.2885783910751343,1.2932482957839966,26950656
2026-02-06 07:30:00+00:00,1.2937899827957153,1.3072378635406494,1.2937899827957153,1.3072378635406494,53923840
2026-02-06 07:45:00+00:00,1.3068773746490479,1.3068773746490479,1.292525053024292,1.292525053024292,0
2026-02-06 08:00:00+00:00,1.292383074760437,1.2988898754119873,1.289379358291626,1.2988898754119873,52466688
2026-02-06 08:15:00+00:00,1.298767328262329,1.298767328262329,1.291616439819336,1.2922320365905762,22722560
2026-02-06 08:30:00+00:00,1.2916148900985718,1.2917026281356812,1.2878021001815796,1.2891011238098145,16555008
2026-02-06 08:45:00+00:00,1.2893341779708862,1.3029788732528687,1.2893341779708862,1.3012385368347168,86925312
2026-02-06 09:00:00+00:00,1.3015016317367554,1.3015016317367554,1.2947026491165161,1.2948338985443115,901120
2026-02-06 09:15:00+00:00,1.2950814962387085,1.305985450744629,1.2950814962387085,1.305985450744629,49997824
2026-02-06 09:30:00+00:00,1.3064894676208496,1.3242660760879517,1.3064894676208496,1.3192214965820312,51672064
2026-02-06 09:45:00+00:00,1.320373296737671,1.3275467157363892,1.3192206621170044,1.3275467157363892,45148160
2026-02-06 10:00:00+00:00,1.3273087739944458,1.3350754976272583,1.3273087739944458,1.3321020603179932,1373184
2026-02-06 10:15:00+00:00,1.3332422971725464,1.3589911460876465,1.3332422971725464,1.3578276634216309,131939328
2026-02-06 10:30:00+00:00,1.359580636024475,1.3779984712600708,1.3590437173843384,1.3721203804016113,190183424
2026-02-06 10:45:00+00:00,1.3720670938491821,1.3780711889266968,1.3615810871124268,1.3615810871124268,17850368
2026-02-06 11:00:00+00:00,1.3610531091690063,1.3610531091690063,1.353539228439331,1.3548561334609985,3377152
2026-02-06 11:15:00+00:00,1.356392741203308,1.3593494892120361,1.3536756038665771,1.3548115491867065,0
2026-02-06 11:30:00+00:00,1.3547120094299316,1.3640486001968384,1.3547120094299316,1.3614757061004639,0
2026-02-06 11:45:00+00:00,1.3618091344833374,1.3667813539505005,1.3600730895996094,1.3667813539505005,13036544
2026-02-06 12:00:00+00:00,1.366963505744934,1.366963505744934,1.3600026369094849,1.361453652381897,1821696
2026-02-06 12:15:00+00:00,1.3620548248291016,1.3746919631958008,1.3615601062774658,1.3746511936187744,28223488
2026-02-06 12:30:00+00:00,1.3746498823165894,1.3775583505630493,1.373869776725769,1.373869776725769,4899840
2026-02-06 12:45:00+00:00,1.373474359512329,1.3762602806091309,1.3723983764648438,1.3759063482284546,5129216
2026-02-06 13:00:00+00:00,1.3769832849502563,1.3965730667114258,1.3769832849502563,1.3960282802581787,97883136
2026-02-06 13:15:00+00:00,1.3968757390975952,1.4036414623260498,1.3964920043945312,1.3984891176223755,70022144
2026-02-06 13:30:00+00:00,1.3982080221176147,1.4370169639587402,1.3973908424377441,1.4352447986602783,205696000
2026-02-06 13:45:00+00:00,1.4359426498413086,1.4359426498413086,1.430944800376892,1.430944800376892,242115584
2026-02-06 14:00:00+00:00,1.4312620162963867,1.4312620162963867,1.4085736274719238,1.4142062664031982,33152000
2026-02-06 14:15:00+00:00,1.4147900342941284,1.4213939905166626,1.406402349472046,1.4091154336929321,65996800
2026-02-06 14:30:00+00:00,1.4093934297561646,1.4519004821777344,1.4093934297561646,1.4442296028137207,240523264
2026-02-06 14:45:00+00:00,1.456631064414978,1.4677152633666992,1.456631064414978,1.4635014533996582,178491392
2026-02-06 15:00:00+00:00,1.470555305480957,1.481137752532959,1.4677215814590454,1.478929877281189,39355392
2026-02-06 15:15:00+00:00,1.4783682823181152,1.4806489944458008,1.4730464220046997,1.4783474206924438,0
2026-02-06 15:30:00+00:00,1.479007601737976,1.5314714908599854,1.479007601737976,1.5314714908599854,75036672
2026-02-06 15:45:00+00:00,1.5312825441360474,1.5387649536132812,1.5091015100479126,1.5165804624557495,115299328
2026-02-06 16:00:00+00:00,1.5166348218917847,1.5247889757156372,1.5127437114715576,1.5247889757156372,82259968
2026-02-06 16:15:00+00:00,1.523698329925537,1.5263292789459229,1.516928791999817,1.5263292789459229,22956032
2026-02-06 16:30:00+00:00,1.5170737504959106,1.5172497034072876,1.5063667297363281,1.5063667297363281,17126400
2026-02-06 16:45:00+00:00,1.5061182975769043,1.5061182975769043,1.493329405784607,1.493329405784607,0
2026-02-06 17:00:00+00:00,1.4935123920440674,1.4977672100067139,1.4873263835906982,1.4977672100067139,0
2026-02-06 17:15:00+00:00,1.4977269172668457,1.5091935396194458,1.496274471282959,1.506257176399231,0
2026-02-06 17:30:00+00:00,1.5062752962112427,1.5120763778686523,1.5009320974349976,1.501684308052063,17497088
2026-02-06 17:45:00+00:00,1.500719428062439,1.502740740776062,1.4946250915527344,1.4973560571670532,4280320
2026-02-06 18:00:00+00:00,1.4972268342971802,1.4972268342971802,1.465954303741455,1.4670544862747192,40069120
2026-02-06 18:15:00+00:00,1.4686273336410522,1.4725863933563232,1.4534690380096436,1.4534690380096436,19005440
2026-02-06 18:30:00+00:00,1.4559974670410156,1.4719576835632324,1.4549665451049805,1.466646432876587,24280064
2026-02-06 18:45:00+00:00,1.466520071029663,1.466520071029663,1.456146001815796,1.4567806720733643,0
2026-02-06 19:00:00+00:00,1.456673502922058,1.4604004621505737,1.4491606950759888,1.4491606950759888,0
2026-02-06 19:15:00+00:00,1.4488468170166016,1.4510964155197144,1.44144606590271,1.4505521059036255,24064000
2026-02-06 19:30:00+00:00,1.450294017791748,1.4506103992462158,1.4448691606521606,1.4448691606521606,0
2026-02-06 19:45:00+00:00,1.4455000162124634,1.4561989307403564,1.4455000162124634,1.4558560848236084,0
2026-02-06 20:00:00+00:00,1.4558660984039307,1.4574768543243408,1.4482609033584595,1.4482609033584595,0
2026-02-06 20:15:00+00:00,1.4486548900604248,1.4490728378295898,1.4456771612167358,1.4490728378295898,0
2026-02-06 20:30:00+00:00,1.448928952217102,1.4579447507858276,1.448928952217102,1.4539544582366943,0
2026-02-06 20:45:00+00:00,1.4547903537750244,1.4595739841461182,1.4454448223114014,1.4454448223114014,0
2026-02-06 21:00:00+00:00,1.4492977857589722,1.453235149383545,1.4458791017532349,1.4513089656829834,0
2026-02-06 21:15:00+00:00,1.4511282444000244,1.4628825187683105,1.4501428604125977,1.4628825187683105,0
2026-02-06 21:30:00+00:00,1.461771011352539,1.461771011352539,1.4532461166381836,1.4551466703414917,1045504
2026-02-06 21:45:00+00:00,1.4547148942947388,1.4579211473464966,1.4524000883102417,1.4579211473464966,0
2026-02-06 22:00:00+00:00,1.4579004049301147,1.4631016254425049,1.4564257860183716,1.4627509117126465,0
2026-02-06 22:15:00+00:00,1.4619125127792358,1.471160650253296,1.4606151580810547,1.471160650253296,0
2026-02-06 22:30:00+00:00,1.471335530281067,1.4840984344482422,1.471335530281067,1.483614444732666,0
2026-02-06 22:45:00+00:00,1.482771396636963,1.4839893579483032,1.4794936180114746,1.4836623668670654,0
2026-02-06 23:00:00+00:00,1.4847337007522583,1.4917380809783936,1.4829435348510742,1.4829435348510742,0
2026-02-06 23:15:00+00:00,1.4831957817077637,1.4831957817077637,1.469271183013916,1.4692915678024292,0
2026-02-06 23:30:00+00:00,1.468424677848816,1.4748926162719727,1.468424677848816,1.4735409021377563,0
2026-02-06 23:45:00+00:00,1.473232626914978,1.473232626914978,1.4681400060653687,1.4717271327972412,0
2026-02-07 00:00:00+00:00,1.471075177192688,1.471075177192688,1.4502215385437012,1.4641281366348267,0
2026-02-07 00:15:00+00:00,1.464542031288147,1.4792983531951904,1.464542031288147,1.4660667181015015,0
2026-02-07 00:30:00+00:00,1.4657801389694214,1.4657801389694214,1.4550395011901855,1.4550395011901855,0
2026-02-07 00:45:00+00:00,1.4550914764404297,1.4603193998336792,1.4510695934295654,1.4562615156173706,3113984
2026-02-07 01:00:00+00:00,1.4563987255096436,1.4569730758666992,1.4423491954803467,1.4423491954803467,0
2026-02-07 01:15:00+00:00,1.4412771463394165,1.4477883577346802,1.438488483428955,1.4477883577346802,0
2026-02-07 01:30:00+00:00,1.447624683380127,1.4549707174301147,1.4462363719940186,1.4510776996612549,0
2026-02-07 01:45:00+00:00,1.450856328010559,1.4737458229064941,1.450856328010559,1.4737458229064941,0
2026-02-07 02:00:00+00:00,1.4731110334396362,1.4731110334396362,1.4624959230422974,1.4625779390335083,0
2026-02-07 02:15:00+00:00,1.463024377822876,1.4673923254013062,1.4621777534484863,1.4673923254013062,0
2026-02-07 02:30:00+00:00,1.4675965309143066,1.4696990251541138,1.464941382408142,1.4650415182113647,0
2026-02-07 02:45:00+00:00,1.4650061130523682,1.4650061130523682,1.4580702781677246,1.4598653316497803,0
2026-02-07 03:00:00+00:00,1.459396481513977,1.4719862937927246,1.459396481513977,1.4719862937927246,22535168
2026-02-07 03:15:00+00:00,1.4720313549041748,1.4771207571029663,1.4711933135986328,1.477034330368042,11269120
2026-02-07 03:30:00+00:00,1.4773669242858887,1.482306957244873,1.47613525390625,1.47613525390625,2249728
2026-02-07 03:45:00+00:00,1.4775139093399048,1.4776169061660767,1.4715148210525513,1.4715769290924072,577536
2026-02-07 04:00:00+00:00,1.472033977508545,1.4744123220443726,1.4710890054702759,1.4740307331085205,5643264
2026-02-07 04:15:00+00:00,1.4747651815414429,1.480883240699768,1.4732247591018677,1.4732247591018677,9570304
2026-02-07 04:30:00+00:00,1.473419189453125,1.473419189453125,1.4603252410888672,1.4603266716003418,0
2026-02-07 04:45:00+00:00,1.46011483669281,1.4623939990997314,1.4559561014175415,1.4604092836380005,11620352
2026-02-07 05:00:00+00:00,1.4604885578155518,1.4636192321777344,1.46014404296875,1.4633711576461792,0
2026-02-07 05:15:00+00:00,1.463290810585022,1.4664101600646973,1.462152361869812,1.462152361869812,0
2026-02-07 05:30:00+00:00,1.4624130725860596,1.4624130725860596,1.4550938606262207,1.456881046295166,0
2026-02-07 05:45:00+00:00,1.4569071531295776,1.4587763547897339,1.4547655582427979,1.4557558298110962,0
2026-02-07 06:00:00+00:00,1.4559816122055054,1.462365984916687,1.4559816122055054,1.462365984916687,0
2026-02-07 06:15:00+00:00,1.4622808694839478,1.4630005359649658,1.4558340311050415,1.4630005359649658,0
2026-02-07 06:30:00+00:00,1.4625662565231323,1.4669795036315918,1.462264060974121,1.466402292251587,0
2026-02-07 06:45:00+00:00,1.4659067392349243,1.4659067392349243,1.4450722932815552,1.4450722932815552,0
2026-02-07 07:00:00+00:00,1.4410091638565063,1.4428304433822632,1.429288625717163,1.429288625717163,18115584
2026-02-07 07:15:00+00:00,1.4282318353652954,1.4282318353652954,1.4124804735183716,1.420223593711853,121537536
2026-02-07 07:30:00+00:00,1.4204304218292236,1.4252419471740723,1.4123256206512451,1.4246323108673096,53791744
2026-02-07 07:45:00+00:00,1.424432396888733,1.424432396888733,1.4136333465576172,1.4136364459991455,3632128
2026-02-07 08:00:00+00:00,1.413491129875183,1.4139095544815063,1.4106563329696655,1.4133821725845337,13805568
2026-02-07 08:15:00+00:00,1.4133425951004028,1.417022705078125,1.4081424474716187,1.4167698621749878,31271936
2026-02-07 08:30:00+00:00,1.415719747543335,1.4211820363998413,1.4139201641082764,1.4210410118103027,23882752
2026-02-07 08:45:00+00:00,1.4199285507202148,1.4263923168182373,1.4199285507202148,1.4256131649017334,4594688
2026-02-07 09:00:00+00:00,1.425316572189331,1.425316572189331,1.4210957288742065,1.4232312440872192,4023296
2026-02-07 09:15:00+00:00,1.4230637550354004,1.4238543510437012,1.419946551322937,1.4199471473693848,846848
2026-02-07 09:30:00+00:00,1.4194905757904053,1.4194905757904053,1.4103657007217407,1.4103657007217407,0
2026-02-07 09:45:00+00:00,1.4102692604064941,1.4116486310958862,1.4088940620422363,1.411633849143982,1097728
2026-02-07 10:00:00+00:00,1.4119904041290283,1.4132639169692993,1.4116015434265137,1.413102626800537,4134912
2026-02-07 10:15:00+00:00,1.412678599357605,1.412678599357605,1.4087023735046387,1.4091100692749023,0
