Datetime,open,high,low,close,volume
2025-11-12 14:30:00+00:00,21.459999084472656,21.739999771118164,21.459999084472656,21.593900680541992,272193
2025-11-12 14:45:00+00:00,21.579999923706055,21.68000030517578,21.579999923706055,21.65999984741211,148146
2025-11-12 15:00:00+00:00,21.6299991607666,21.668399810791016,21.4950008392334,21.5,108375
2025-11-12 15:15:00+00:00,21.489999771118164,21.49839973449707,21.37350082397461,21.382099151611328,197962
2025-11-12 15:30:00+00:00,21.389999389648438,21.41990089416504,21.34429931640625,21.374099731445312,102825
2025-11-12 15:45:00+00:00,21.375,21.43000030517578,21.270999908447266,21.326499938964844,143398
2025-11-12 16:00:00+00:00,21.32740020751953,21.34000015258789,21.2549991607666,21.295000076293945,120810
2025-11-12 16:15:00+00:00,21.295000076293945,21.3700008392334,21.260000228881836,21.31999969482422,133956
2025-11-12 16:30:00+00:00,21.325000762939453,21.3799991607666,21.299999237060547,21.350000381469727,89918
2025-11-12 16:45:00+00:00,21.355499267578125,21.399999618530273,21.299999237060547,21.38990020751953,82001
2025-11-12 17:00:00+00:00,21.3799991607666,21.434999465942383,21.375,21.405000686645508,68030
2025-11-12 17:15:00+00:00,21.405000686645508,21.450000762939453,21.385000228881836,21.440000534057617,76758
2025-11-12 17:30:00+00:00,21.44499969482422,21.488697052001953,21.43000030517578,21.485000610351562,61141
2025-11-12 17:45:00+00:00,21.485000610351562,21.4950008392334,21.440000534057617,21.489999771118164,68890
2025-11-12 18:00:00+00:00,21.485000610351562,21.489999771118164,21.420000076293945,21.42009925842285,49926
2025-11-12 18:15:00+00:00,21.424999237060547,21.434999465942383,21.350000381469727,21.354999542236328,84927
2025-11-12 18:30:00+00:00,21.35650062561035,21.424999237060547,21.34000015258789,21.389999389648438,188070
2025-11-12 18:45:00+00:00,21.385000228881836,21.469999313354492,21.385000228881836,21.453500747680664,168939
2025-11-12 19:00:00+00:00,21.450700759887695,21.465599060058594,21.3799991607666,21.385000228881836,109250
2025-11-12 19:15:00+00:00,21.375,21.434999465942383,21.364999771118164,21.424999237060547,83605
2025-11-12 19:30:00+00:00,21.424999237060547,21.450000762939453,21.399999618530273,21.399999618530273,57312
2025-11-12 19:45:00+00:00,21.405000686645508,21.440000534057617,21.354999542236328,21.364999771118164,217322
2025-11-12 20:00:00+00:00,21.364999771118164,21.3799991607666,21.325000762939453,21.34000015258789,54543
2025-11-12 20:15:00+00:00,21.34000015258789,21.360000610351562,21.31999969482422,21.334999084472656,85776
2025-11-12 20:30:00+00:00,21.334999084472656,21.388673782348633,21.334999084472656,21.354999542236328,224953
2025-11-12 20:45:00+00:00,21.350000381469727,21.439899444580078,21.299999237060547,21.3700008392334,518830
2025-11-13 14:30:00+00:00,21.280000686645508,21.299999237060547,21.059999465942383,21.071300506591797,308853
2025-11-13 14:45:00+00:00,21.059999465942383,21.280000686645508,21.04669952392578,21.18000030517578,229327
2025-11-13 15:00:00+00:00,21.18000030517578,21.270000457763672,21.059999465942383,21.2549991607666,205198
2025-11-13 15:15:00+00:00,21.270000457763672,21.329999923706055,21.200000762939453,21.229999542236328,214655
2025-11-13 15:30:00+00:00,21.2450008392334,21.2549991607666,21.079999923706055,21.110000610351562,505149
2025-11-13 15:45:00+00:00,21.1200008392334,21.139999389648438,21.040000915527344,21.139999389648438,180231
2025-11-13 16:00:00+00:00,21.139999389648438,21.184999465942383,21.059999465942383,21.1299991607666,123758
2025-11-13 16:15:00+00:00,21.1299991607666,21.139999389648438,21.038999557495117,21.131200790405273,135034
2025-11-13 16:30:00+00:00,21.135000228881836,21.179899215698242,21.049999237060547,21.065000534057617,139456
2025-11-13 16:45:00+00:00,21.06999969482422,21.114999771118164,21.044200897216797,21.09000015258789,96129
2025-11-13 17:00:00+00:00,21.084999084472656,21.100000381469727,20.93000030517578,20.959999084472656,383064
2025-11-13 17:15:00+00:00,20.960100173950195,21.049999237060547,20.960100173950195,20.989999771118164,159871
2025-11-13 17:30:00+00:00,20.979999542236328,21.049999237060547,20.969999313354492,20.9950008392334,254454
2025-11-13 17:45:00+00:00,20.9950008392334,20.99650001525879,20.920000076293945,20.924999237060547,215470
2025-11-13 18:00:00+00:00,20.93000030517578,20.979999542236328,20.8799991607666,20.959999084472656,179591
2025-11-13 18:15:00+00:00,20.959999084472656,20.959999084472656,20.890899658203125,20.924999237060547,112187
2025-11-13 18:30:00+00:00,20.92650032043457,20.96500015258789,20.889999389648438,20.916000366210938,130075
2025-11-13 18:45:00+00:00,20.920000076293945,21.024999618530273,20.90999984741211,21.010000228881836,191662
2025-11-13 19:00:00+00:00,21.020000457763672,21.030000686645508,20.989999771118164,21.014999389648438,98509
2025-11-13 19:15:00+00:00,21.016399383544922,21.239999771118164,21.016399383544922,21.235000610351562,268154
2025-11-13 19:30:00+00:00,21.229999542236328,21.2450008392334,21.09000015258789,21.124500274658203,140912
2025-11-13 19:45:00+00:00,21.1299991607666,21.149900436401367,21.069900512695312,21.114999771118164,170636
2025-11-13 20:00:00+00:00,21.115100860595703,21.125,21.041799545288086,21.065000534057617,133099
2025-11-13 20:15:00+00:00,21.064300537109375,21.094999313354492,21.024999618530273,21.094999313354492,312948
2025-11-13 20:30:00+00:00,21.100000381469727,21.1200008392334,20.920000076293945,20.920000076293945,318935
2025-11-13 20:45:00+00:00,20.924999237060547,21.03499984741211,20.90999984741211,20.950000762939453,873991
2025-11-14 14:30:00+00:00,20.649999618530273,20.860000610351562,20.56999969482422,20.829999923706055,728504
2025-11-14 14:45:00+00:00,20.81999969482422,20.93000030517578,20.790300369262695,20.892499923706055,246506
2025-11-14 15:00:00+00:00,20.889999389648438,20.889999389648438,20.540000915527344,20.582000732421875,621756
2025-11-14 15:15:00+00:00,20.579999923706055,20.6299991607666,20.40999984741211,20.56999969482422,663242
2025-11-14 15:30:00+00:00,20.584999084472656,20.670000076293945,20.565000534057617,20.6299991607666,182415
2025-11-14 15:45:00+00:00,20.635000228881836,20.719999313354492,20.625,20.652999877929688,163807
2025-11-14 16:00:00+00:00,20.649999618530273,20.770000457763672,20.631999969482422,20.735000610351562,154238
2025-11-14 16:15:00+00:00,20.735000610351562,20.8799991607666,20.725000381469727,20.84000015258789,140527
2025-11-14 16:30:00+00:00,20.848899841308594,20.950000762939453,20.81999969482422,20.915000915527344,137169
2025-11-14 16:45:00+00:00,20.90999984741211,20.989999771118164,20.849899291992188,20.889999389648438,139420
2025-11-14 17:00:00+00:00,20.885000228881836,20.930999755859375,20.8789005279541,20.905000686645508,43538
2025-11-14 17:15:00+00:00,20.899999618530273,20.920000076293945,20.781600952148438,20.82990074157715,105978
2025-11-14 17:30:00+00:00,20.809999465942383,20.899999618530273,20.760000228881836,20.88450050354004,191006
2025-11-14 17:45:00+00:00,20.885000228881836,20.899999618530273,20.790000915527344,20.81999969482422,94362
2025-11-14 18:00:00+00:00,20.81999969482422,20.829999923706055,20.709999084472656,20.805599212646484,75854
2025-11-14 18:15:00+00:00,20.799999237060547,20.825000762939453,20.739999771118164,20.799999237060547,125313
2025-11-14 18:30:00+00:00,20.799999237060547,20.829999923706055,20.709999084472656,20.709999084472656,77409
2025-11-14 18:45:00+00:00,20.729999542236328,20.831499099731445,20.719999313354492,20.82349967956543,86051
2025-11-14 19:00:00+00:00,20.825000762939453,20.84000015258789,20.764999389648438,20.799999237060547,59807
2025-11-14 19:15:00+00:00,20.808000564575195,20.81999969482422,20.75,20.790000915527344,81561
2025-11-14 19:30:00+00:00,20.78499984741211,20.799999237060547,20.709999084472656,20.764999389648438,90317
2025-11-14 19:45:00+00:00,20.764999389648438,20.81999969482422,20.7450008392334,20.80139923095703,111840
2025-11-14 20:00:00+00:00,20.80500030517578,20.819900512695312,20.739999771118164,20.739999771118164,143687
2025-11-14 20:15:00+00:00,20.75,20.780000686645508,20.691699981689453,20.774999618530273,123237
2025-11-14 20:30:00+00:00,20.770000457763672,20.780000686645508,20.6200008392334,20.635000228881836,252021
2025-11-14 20:45:00+00:00,20.63450050354004,20.65999984741211,20.579999923706055,20.65999984741211,613767
2025-11-17 14:30:00+00:00,20.56999969482422,20.719999313354492,20.510000228881836,20.649999618530273,430550
2025-11-17 14:45:00+00:00,20.649999618530273,20.84000015258789,20.649999618530273,20.760000228881836,197298
2025-11-17 15:00:00+00:00,20.760000228881836,20.8356990814209,20.709999084472656,20.784400939941406,194895
2025-11-17 15:15:00+00:00,20.790000915527344,20.84000015258789,20.703500747680664,20.739999771118164,162175
2025-11-17 15:30:00+00:00,20.739999771118164,20.75,20.579999923706055,20.65999984741211,167912
2025-11-17 15:45:00+00:00,20.65999984741211,20.674999237060547,20.586999893188477,20.625,136144
2025-11-17 16:00:00+00:00,20.6299991607666,20.645000457763672,20.510299682617188,20.514999389648438,124511
2025-11-17 16:15:00+00:00,20.515499114990234,20.610000610351562,20.479999542236328,20.600000381469727,143782
2025-11-17 16:30:00+00:00,20.604999542236328,20.635499954223633,20.584999084472656,20.61009979248047,74550
2025-11-17 16:45:00+00:00,20.600000381469727,20.600000381469727,20.549999237060547,20.579999923706055,70197
2025-11-17 17:00:00+00:00,20.579999923706055,20.579999923706055,20.5,20.540000915527344,74021
2025-11-17 17:15:00+00:00,20.535400390625,20.540000915527344,20.469999313354492,20.4950008392334,74856
2025-11-17 17:30:00+00:00,20.5,20.559999465942383,20.479999542236328,20.485000610351562,82548
2025-11-17 17:45:00+00:00,20.479999542236328,20.520000457763672,20.420000076293945,20.508399963378906,161889
2025-11-17 18:00:00+00:00,20.5049991607666,20.6299991607666,20.4950008392334,20.594999313354492,99013
2025-11-17 18:15:00+00:00,20.59000015258789,20.59000015258789,20.520000457763672,20.539899826049805,83242
2025-11-17 18:30:00+00:00,20.530000686645508,20.59000015258789,20.489999771118164,20.565000534057617,171435
2025-11-17 18:45:00+00:00,20.56999969482422,20.600000381469727,20.489999771118164,20.49250030517578,85190
2025-11-17 19:00:00+00:00,20.4950008392334,20.5,20.420000076293945,20.434999465942383,177576
2025-11-17 19:15:00+00:00,20.434999465942383,20.454999923706055,20.3700008392334,20.399999618530273,132946
2025-11-17 19:30:00+00:00,20.395000457763672,20.405000686645508,20.325000762939453,20.389999389648438,176337
2025-11-17 19:45:00+00:00,20.388599395751953,20.389999389648438,20.280000686645508,20.290000915527344,147925
2025-11-17 20:00:00+00:00,20.295000076293945,20.350000381469727,20.270000457763672,20.334999084472656,166853
2025-11-17 20:15:00+00:00,20.335500717163086,20.375,20.315000534057617,20.350000381469727,101100
2025-11-17 20:30:00+00:00,20.360000610351562,20.40999984741211,20.31999969482422,20.405000686645508,234666
2025-11-17 20:45:00+00:00,20.399999618530273,20.524999618530273,20.395000457763672,20.50860023498535,586146
2025-11-18 14:30:00+00:00,20.389999389648438,20.451099395751953,20.260000228881836,20.367399215698242,324696
2025-11-18 14:45:00+00:00,20.3700008392334,20.469999313354492,20.34000015258789,20.35930061340332,104154
2025-11-18 15:00:00+00:00,20.3700008392334,20.530000686645508,20.360000610351562,20.469999313354492,192917
2025-11-18 15:15:00+00:00,20.46500015258789,20.485000610351562,20.329999923706055,20.34000015258789,134662
2025-11-18 15:30:00+00:00,20.344999313354492,20.40999984741211,20.28499984741211,20.308000564575195,121537
2025-11-18 15:45:00+00:00,20.30069923400879,20.350000381469727,20.2450008392334,20.290000915527344,132894
2025-11-18 16:00:00+00:00,20.280000686645508,20.386966705322266,20.229999542236328,20.364999771118164,215049
2025-11-18 16:15:00+00:00,20.364999771118164,20.380300521850586,20.309999465942383,20.371599197387695,54976
2025-11-18 16:30:00+00:00,20.360000610351562,20.3799991607666,20.280000686645508,20.290000915527344,110049
2025-11-18 16:45:00+00:00,20.295000076293945,20.31999969482422,20.25,20.270000457763672,80705
2025-11-18 17:00:00+00:00,20.270000457763672,20.28499984741211,20.200000762939453,20.219999313354492,101490
2025-11-18 17:15:00+00:00,20.22480010986328,20.289499282836914,20.200000762939453,20.219999313354492,96250
2025-11-18 17:30:00+00:00,20.209999084472656,20.354999542236328,20.18000030517578,20.334999084472656,143779
2025-11-18 17:45:00+00:00,20.329999923706055,20.450000762939453,20.315000534057617,20.405000686645508,89065
2025-11-18 18:00:00+00:00,20.40999984741211,20.459999084472656,20.3799991607666,20.42449951171875,137316
2025-11-18 18:15:00+00:00,20.420000076293945,20.530000686645508,20.420000076293945,20.459999084472656,166046
2025-11-18 18:30:00+00:00,20.459999084472656,20.559999465942383,20.459999084472656,20.479999542236328,67562
2025-11-18 18:45:00+00:00,20.479999542236328,20.559600830078125,20.469999313354492,20.510000228881836,90431
2025-11-18 19:00:00+00:00,20.510000228881836,20.54789924621582,20.469999313354492,20.545000076293945,67900
2025-11-18 19:15:00+00:00,20.54509925842285,20.575000762939453,20.5,20.559900283813477,90123
2025-11-18 19:30:00+00:00,20.55500030517578,20.670000076293945,20.540000915527344,20.579999923706055,131169
2025-11-18 19:45:00+00:00,20.584999084472656,20.6299991607666,20.55500030517578,20.625,90445
2025-11-18 20:00:00+00:00,20.610300064086914,20.639999389648438,20.584999084472656,20.594999313354492,85849
2025-11-18 20:15:00+00:00,20.594999313354492,20.655000686645508,20.56999969482422,20.610000610351562,132287
2025-11-18 20:30:00+00:00,20.604999542236328,20.639999389648438,20.575000762939453,20.575000762939453,103281
2025-11-18 20:45:00+00:00,20.575000762939453,20.6200008392334,20.485000610351562,20.489999771118164,428708
2025-11-19 14:30:00+00:00,20.399999618530273,20.469999313354492,20.299999237060547,20.360000610351562,229719
2025-11-19 14:45:00+00:00,20.375,20.469999313354492,20.350000381469727,20.43199920654297,100986
2025-11-19 15:00:00+00:00,20.446399688720703,20.46820068359375,20.31999969482422,20.46500015258789,118483
2025-11-19 15:15:00+00:00,20.46500015258789,20.489999771118164,20.29010009765625,20.334999084472656,165780
2025-11-19 15:30:00+00:00,20.334999084472656,20.350000381469727,20.219999313354492,20.24970054626465,109265
2025-11-19 15:45:00+00:00,20.2450008392334,20.25,20.16010093688965,20.18549919128418,150163
2025-11-19 16:00:00+00:00,20.18160057067871,20.2450008392334,20.165000915527344,20.174999237060547,117889
2025-11-19 16:15:00+00:00,20.18000030517578,20.225000381469727,20.173500061035156,20.179899215698242,103131
2025-11-19 16:30:00+00:00,20.170000076293945,20.21809959411621,20.1200008392334,20.165000915527344,110494
2025-11-19 16:45:00+00:00,20.165000915527344,20.200000762939453,20.1299991607666,20.184799194335938,127522
2025-11-19 17:00:00+00:00,20.184999465942383,20.219999313354492,20.110000610351562,20.112499237060547,119309
2025-11-19 17:15:00+00:00,20.1200008392334,20.229999542236328,20.11009979248047,20.228200912475586,181084
2025-11-19 17:30:00+00:00,20.225000381469727,20.260000228881836,20.1200008392334,20.21500015258789,364455
2025-11-19 17:45:00+00:00,20.209999084472656,20.350000381469727,20.19499969482422,20.329999923706055,214287
2025-11-19 18:00:00+00:00,20.325000762939453,20.345600128173828,20.25,20.309999465942383,109877
2025-11-19 18:15:00+00:00,20.317899703979492,20.33329963684082,20.244800567626953,20.25,76475
2025-11-19 18:30:00+00:00,20.25,20.350000381469727,20.2450008392334,20.264999389648438,59640
2025-11-19 18:45:00+00:00,20.264999389648438,20.350000381469727,20.18000030517578,20.350000381469727,118908
2025-11-19 19:00:00+00:00,20.354999542236328,20.354999542236328,20.280099868774414,20.325000762939453,84743
2025-11-19 19:15:00+00:00,20.325000762939453,20.34000015258789,20.21500015258789,20.235000610351562,357269
2025-11-19 19:30:00+00:00,20.235000610351562,20.280000686645508,20.219999313354492,20.270000457763672,85995
2025-11-19 19:45:00+00:00,20.280000686645508,20.389999389648438,20.27280044555664,20.344499588012695,229570
2025-11-19 20:00:00+00:00,20.344999313354492,20.40999984741211,20.31999969482422,20.405000686645508,621209
2025-11-19 20:15:00+00:00,20.405000686645508,20.454999923706055,20.395000457763672,20.454999923706055,156664
2025-11-19 20:30:00+00:00,20.459999084472656,20.5049991607666,20.434999465942383,20.44499969482422,142613
2025-11-19 20:45:00+00:00,20.450000762939453,20.5,20.399999618530273,20.415000915527344,685386
2025-11-20 14:30:00+00:00,20.549999237060547,20.690000534057617,20.520000457763672,20.524999618530273,306200
2025-11-20 14:45:00+00:00,20.523500442504883,20.59000015258789,20.5,20.559999465942383,128865
2025-11-20 15:00:00+00:00,20.559999465942383,20.559999465942383,20.40999984741211,20.440000534057617,132668
2025-11-20 15:15:00+00:00,20.424999237060547,20.56999969482422,20.42009925842285,20.524999618530273,102760
2025-11-20 15:30:00+00:00,20.520000457763672,20.530000686645508,20.450000762939453,20.490100860595703,182131
2025-11-20 15:45:00+00:00,20.485000610351562,20.485000610351562,20.41819953918457,20.430700302124023,98766
2025-11-20 16:00:00+00:00,20.420900344848633,20.440000534057617,20.315000534057617,20.315000534057617,78182
2025-11-20 16:15:00+00:00,20.309999465942383,20.315000534057617,20.25,20.25,128030
2025-11-20 16:30:00+00:00,20.25,20.25659942626953,20.179800033569336,20.184999465942383,137434
2025-11-20 16:45:00+00:00,20.18000030517578,20.25,20.049999237060547,20.06999969482422,203981
2025-11-20 17:00:00+00:00,20.059999465942383,20.18000030517578,20.010000228881836,20.059999465942383,233359
2025-11-20 17:15:00+00:00,20.049999237060547,20.075000762939453,19.969999313354492,20.020000457763672,636254
2025-11-20 17:30:00+00:00,20.020000457763672,20.094999313354492,19.985000610351562,19.993499755859375,214937
2025-11-20 17:45:00+00:00,19.979999542236328,20.125,19.954999923706055,20.10300064086914,615642
2025-11-20 18:00:00+00:00,20.079999923706055,20.28689956665039,20.079999923706055,20.28499984741211,172653
2025-11-20 18:15:00+00:00,20.28499984741211,20.298654556274414,20.190000534057617,20.209999084472656,124481
2025-11-20 18:30:00+00:00,20.204500198364258,20.229999542236328,20.11009979248047,20.1200008392334,100652
2025-11-20 18:45:00+00:00,20.125,20.170000076293945,20.061899185180664,20.084999084472656,331272
2025-11-20 19:00:00+00:00,20.09000015258789,20.1200008392334,20.045000076293945,20.1200008392334,76281
2025-11-20 19:15:00+00:00,20.114999771118164,20.139999389648438,20.06999969482422,20.125,117812
2025-11-20 19:30:00+00:00,20.125,20.155000686645508,20.070100784301758,20.09000015258789,104067
2025-11-20 19:45:00+00:00,20.094999313354492,20.15999984741211,20.0585994720459,20.15999984741211,191715
2025-11-20 20:00:00+00:00,20.149999618530273,20.149999618530273,20.049999237060547,20.05500030517578,113682
2025-11-20 20:15:00+00:00,20.059999465942383,20.139999389648438,20.059999465942383,20.13520050048828,119027
2025-11-20 20:30:00+00:00,20.135000228881836,20.145000457763672,20.014999389648438,20.040000915527344,146422
2025-11-20 20:45:00+00:00,20.030000686645508,20.040000915527344,19.93000030517578,19.950000762939453,858336
2025-11-21 14:30:00+00:00,19.950000762939453,20.299999237060547,19.940000534057617,20.13249969482422,594846
2025-11-21 14:45:00+00:00,20.149999618530273,20.170000076293945,20.059999465942383,20.15999984741211,198325
2025-11-21 15:00:00+00:00,20.170000076293945,20.299999237060547,20.15999984741211,20.290000915527344,273974
2025-11-21 15:15:00+00:00,20.299999237060547,20.389999389648438,20.200000762939453,20.200000762939453,221271
2025-11-21 15:30:00+00:00,20.200000762939453,20.23430061340332,20.09000015258789,20.22010040283203,265894
2025-11-21 15:45:00+00:00,20.209999084472656,20.299999237060547,20.15999984741211,20.164499282836914,109258
2025-11-21 16:00:00+00:00,20.170000076293945,20.190000534057617,20.09000015258789,20.155000686645508,275952
2025-11-21 16:15:00+00:00,20.149999618530273,20.298500061035156,20.100000381469727,20.2903995513916,103365
2025-11-21 16:30:00+00:00,20.299999237060547,20.329999923706055,20.270000457763672,20.299999237060547,99031
2025-11-21 16:45:00+00:00,20.295000076293945,20.479999542236328,20.280000686645508,20.459999084472656,423819
2025-11-21 17:00:00+00:00,20.464000701904297,20.600000381469727,20.422000885009766,20.584999084472656,196193
2025-11-21 17:15:00+00:00,20.584800720214844,20.6299991607666,20.520000457763672,20.540000915527344,216674
2025-11-21 17:30:00+00:00,20.549999237060547,20.559999465942383,20.4950008392334,20.522300720214844,121474
2025-11-21 17:45:00+00:00,20.524999618530273,20.530000686645508,20.415000915527344,20.459999084472656,154586
2025-11-21 18:00:00+00:00,20.459999084472656,20.46500015258789,20.270000457763672,20.280000686645508,83346
2025-11-21 18:15:00+00:00,20.289045333862305,20.30500030517578,20.229999542236328,20.290000915527344,160678
2025-11-21 18:30:00+00:00,20.290000915527344,20.34000015258789,20.270000457763672,20.315000534057617,90222
2025-11-21 18:45:00+00:00,20.315000534057617,20.395000457763672,20.26650047302246,20.31999969482422,86086
2025-11-21 19:00:00+00:00,20.31999969482422,20.344999313354492,20.299999237060547,20.309999465942383,53587
2025-11-21 19:15:00+00:00,20.30500030517578,20.309999465942383,20.219999313354492,20.270000457763672,164157
2025-11-21 19:30:00+00:00,20.26289939880371,20.264999389648438,20.094999313354492,20.135000228881836,245958
2025-11-21 19:45:00+00:00,20.1299991607666,20.204999923706055,20.09000015258789,20.108699798583984,95816
2025-11-21 20:00:00+00:00,20.115100860595703,20.125,20.045000076293945,20.09269905090332,130175
2025-11-21 20:15:00+00:00,20.094999313354492,20.100000381469727,19.989999771118164,19.9950008392334,193134
2025-11-21 20:30:00+00:00,19.99139976501465,20.065000534057617,19.989999771118164,20.014999389648438,164351
2025-11-21 20:45:00+00:00,20.014999389648438,20.15999984741211,20.014999389648438,20.15999984741211,448757
2025-11-24 14:30:00+00:00,20.190000534057617,20.520000457763672,20.170000076293945,20.239999771118164,556867
2025-11-24 14:45:00+00:00,20.239999771118164,20.274999618530273,20.13680076599121,20.209999084472656,208989
2025-11-24 15:00:00+00:00,20.21500015258789,20.260000228881836,20.1200008392334,20.229999542236328,277329
2025-11-24 15:15:00+00:00,20.219999313354492,20.2450008392334,20.170000076293945,20.200000762939453,107018
2025-11-24 15:30:00+00:00,20.19499969482422,20.270000457763672,20.16010093688965,20.1653995513916,77096
2025-11-24 15:45:00+00:00,20.170000076293945,20.200000762939453,20.15999984741211,20.18000030517578,84991
2025-11-24 16:00:00+00:00,20.184999465942383,20.290000915527344,20.18000030517578,20.28499984741211,207271
2025-11-24 16:15:00+00:00,20.28499984741211,20.31999969482422,20.219999313354492,20.309999465942383,423380
2025-11-24 16:30:00+00:00,20.299999237060547,20.40999984741211,20.290000915527344,20.399999618530273,228585
2025-11-24 16:45:00+00:00,20.389999389648438,20.399999618530273,20.309999465942383,20.34000015258789,117987
2025-11-24 17:00:00+00:00,20.350000381469727,20.417499542236328,20.344999313354492,20.360000610351562,119904
2025-11-24 17:15:00+00:00,20.360000610351562,20.40999984741211,20.350000381469727,20.399999618530273,55235
2025-11-24 17:30:00+00:00,20.399999618530273,20.420000076293945,20.3700008392334,20.385000228881836,173028
2025-11-24 17:45:00+00:00,20.385000228881836,20.389999389648438,20.350000381469727,20.375,145715
2025-11-24 18:00:00+00:00,20.375,20.415000915527344,20.371599197387695,20.40999984741211,66121
2025-11-24 18:15:00+00:00,20.415000915527344,20.479999542236328,20.364999771118164,20.395000457763672,224135
2025-11-24 18:30:00+00:00,20.399900436401367,20.43000030517578,20.389999389648438,20.424999237060547,75528
2025-11-24 18:45:00+00:00,20.424999237060547,20.43000030517578,20.399999618530273,20.43000030517578,64118
2025-11-24 19:00:00+00:00,20.423500061035156,20.43000030517578,20.354999542236328,20.405000686645508,118632
2025-11-24 19:15:00+00:00,20.405000686645508,20.420000076293945,20.385000228881836,20.400100708007812,93312
2025-11-24 19:30:00+00:00,20.405000686645508,20.479999542236328,20.399999618530273,20.469999313354492,126459
2025-11-24 19:45:00+00:00,20.469999313354492,20.469999313354492,20.420000076293945,20.424999237060547,134383
2025-11-24 20:00:00+00:00,20.43000030517578,20.5,20.424999237060547,20.479999542236328,98976
2025-11-24 20:15:00+00:00,20.485000610351562,20.485000610351562,20.45009994506836,20.475000381469727,86947
2025-11-24 20:30:00+00:00,20.475000381469727,20.540000915527344,20.454999923706055,20.53260040283203,136633
2025-11-24 20:45:00+00:00,20.53499984741211,20.55500030517578,20.489999771118164,20.5,1117722
2025-11-25 14:30:00+00:00,20.489999771118164,20.59000015258789,20.424999237060547,20.42840003967285,272615
2025-11-25 14:45:00+00:00,20.415000915527344,20.700000762939453,20.309999465942383,20.68000030517578,207636
2025-11-25 15:00:00+00:00,20.65999984741211,20.829999923706055,20.59000015258789,20.687999725341797,323028
2025-11-25 15:15:00+00:00,20.690000534057617,20.729999542236328,20.604999542236328,20.700000762939453,119517
2025-11-25 15:30:00+00:00,20.690000534057617,20.815000534057617,20.670000076293945,20.802499771118164,140323
2025-11-25 15:45:00+00:00,20.799999237060547,20.8700008392334,20.729999542236328,20.770000457763672,127289
2025-11-25 16:00:00+00:00,20.774999618530273,20.905000686645508,20.770000457763672,20.84000015258789,128335
2025-11-25 16:15:00+00:00,20.84000015258789,20.969999313354492,20.829999923706055,20.920000076293945,107600
2025-11-25 16:30:00+00:00,20.920000076293945,20.93000030517578,20.8799991607666,20.891599655151367,104680
2025-11-25 16:45:00+00:00,20.889999389648438,20.934999465942383,20.8700008392334,20.934999465942383,75148
2025-11-25 17:00:00+00:00,20.940000534057617,21.09000015258789,20.915000915527344,21.082399368286133,184884
2025-11-25 17:15:00+00:00,21.075199127197266,21.299999237060547,21.030000686645508,21.264999389648438,289607
2025-11-25 17:30:00+00:00,21.264999389648438,21.360000610351562,21.110000610351562,21.139999389648438,316110
2025-11-25 17:45:00+00:00,21.139999389648438,21.219999313354492,21.09000015258789,21.135000228881836,242468
2025-11-25 18:00:00+00:00,21.139999389648438,21.200000762939453,21.030000686645508,21.049999237060547,211443
2025-11-25 18:15:00+00:00,21.049999237060547,21.149999618530273,21.040000915527344,21.135499954223633,81528
2025-11-25 18:30:00+00:00,21.135000228881836,21.15999984741211,21.049999237060547,21.049999237060547,100704
2025-11-25 18:45:00+00:00,21.059999465942383,21.129600524902344,21.059999465942383,21.094999313354492,51410
2025-11-25 19:00:00+00:00,21.094999313354492,21.112499237060547,21.030000686645508,21.05500030517578,50165
2025-11-25 19:15:00+00:00,21.05500030517578,21.075000762939453,20.951400756835938,20.96500015258789,192703
2025-11-25 19:30:00+00:00,20.969999313354492,21.06999969482422,20.963300704956055,21.06999969482422,166878
2025-11-25 19:45:00+00:00,21.06999969482422,21.100000381469727,21.020000457763672,21.079999923706055,69444
2025-11-25 20:00:00+00:00,21.079999923706055,21.1200008392334,21.049999237060547,21.104999542236328,69652
2025-11-25 20:15:00+00:00,21.101999282836914,21.13559913635254,21.08139991760254,21.100000381469727,102451
2025-11-25 20:30:00+00:00,21.104999542236328,21.11750030517578,21.049999237060547,21.065000534057617,136043
2025-11-25 20:45:00+00:00,21.059999465942383,21.18000030517578,21.05500030517578,21.079999923706055,586222
2025-11-26 14:30:00+00:00,21.18000030517578,21.299999237060547,21.110000610351562,21.239999771118164,240985
2025-11-26 14:45:00+00:00,21.270000457763672,21.40999984741211,21.238100051879883,21.341299057006836,326906
2025-11-26 15:00:00+00:00,21.34000015258789,21.450000762939453,21.329999923706055,21.40999984741211,300288
2025-11-26 15:15:00+00:00,21.420000076293945,21.440000534057617,21.344999313354492,21.405000686645508,123898
2025-11-26 15:30:00+00:00,21.40250015258789,21.565000534057617,21.40250015258789,21.459999084472656,216988
2025-11-26 15:45:00+00:00,21.459999084472656,21.526500701904297,21.427200317382812,21.520000457763672,117026
2025-11-26 16:00:00+00:00,21.514999389648438,21.576900482177734,21.490100860595703,21.545000076293945,106271
2025-11-26 16:15:00+00:00,21.540000915527344,21.55500030517578,21.424999237060547,21.429899215698242,76241
2025-11-26 16:30:00+00:00,21.43000030517578,21.459999084472656,21.40999984741211,21.415000915527344,51460
2025-11-26 16:45:00+00:00,21.40999984741211,21.46500015258789,21.3799991607666,21.450000762939453,85311
2025-11-26 17:00:00+00:00,21.443500518798828,21.44499969482422,21.400100708007812,21.420000076293945,50302
2025-11-26 17:15:00+00:00,21.415000915527344,21.469999313354492,21.405000686645508,21.454999923706055,36659
2025-11-26 17:30:00+00:00,21.459999084472656,21.5049991607666,21.44499969482422,21.483600616455078,123735
2025-11-26 17:45:00+00:00,21.485000610351562,21.5,21.47010040283203,21.47010040283203,60954
2025-11-26 18:00:00+00:00,21.47209930419922,21.565000534057617,21.421199798583984,21.545000076293945,99684
2025-11-26 18:15:00+00:00,21.545000076293945,21.579999923706055,21.500200271606445,21.500200271606445,72697
2025-11-26 18:30:00+00:00,21.5049991607666,21.5049991607666,21.459999084472656,21.46500015258789,59416
2025-11-26 18:45:00+00:00,21.454999923706055,21.479999542236328,21.405000686645508,21.46500015258789,87375
2025-11-26 19:00:00+00:00,21.45599937438965,21.524999618530273,21.450000762939453,21.524999618530273,66667
2025-11-26 19:15:00+00:00,21.52630043029785,21.635000228881836,21.524999618530273,21.625,155071
2025-11-26 19:30:00+00:00,21.625,21.709999084472656,21.594999313354492,21.686399459838867,264481
2025-11-26 19:45:00+00:00,21.680299758911133,21.7549991607666,21.65999984741211,21.690099716186523,231889
2025-11-26 20:00:00+00:00,21.690500259399414,21.690500259399414,21.604999542236328,21.690000534057617,177998
2025-11-26 20:15:00+00:00,21.690000534057617,21.799999237060547,21.690000534057617,21.795000076293945,194964
2025-11-26 20:30:00+00:00,21.795000076293945,21.829999923706055,21.770000457763672,21.774999618530273,225126
2025-11-26 20:45:00+00:00,21.774999618530273,21.809999465942383,21.6299991607666,21.639999389648438,710201
2025-11-28 14:30:00+00:00,22.280000686645508,22.559900283813477,22.040000915527344,22.439599990844727,1550791
2025-11-28 14:45:00+00:00,22.420000076293945,22.6200008392334,22.389999389648438,22.43000030517578,1116888
2025-11-28 15:00:00+00:00,22.420000076293945,22.5,22.270000457763672,22.44499969482422,408582
2025-11-28 15:15:00+00:00,22.44499969482422,22.479999542236328,22.360000610351562,22.44499969482422,274534
2025-11-28 15:30:00+00:00,22.44499969482422,22.514999389648438,22.31999969482422,22.354999542236328,428699
2025-11-28 15:45:00+00:00,22.360000610351562,22.400100708007812,22.264999389648438,22.389999389648438,187490
2025-11-28 16:00:00+00:00,22.3799991607666,22.415000915527344,22.343900680541992,22.398300170898438,136882
2025-11-28 16:15:00+00:00,22.389999389648438,22.625,22.3799991607666,22.6200008392334,974854
2025-11-28 16:30:00+00:00,22.6200008392334,22.68589973449707,22.563499450683594,22.6200008392334,414900
2025-11-28 16:45:00+00:00,22.6200008392334,22.75,22.56290054321289,22.623600006103516,332038
2025-11-28 17:00:00+00:00,22.6200008392334,22.6200008392334,22.510000228881836,22.55500030517578,330047
2025-11-28 17:15:00+00:00,22.55500030517578,22.574499130249023,22.415000915527344,22.489999771118164,365102
2025-11-28 17:30:00+00:00,22.485000610351562,22.514999389648438,22.360000610351562,22.47800064086914,404603
2025-11-28 17:45:00+00:00,22.475000381469727,22.53499984741211,22.459999084472656,22.514999389648438,44618
2025-12-01 14:30:00+00:00,22.149999618530273,22.697500228881836,22.110000610351562,22.670000076293945,1058186
2025-12-01 14:45:00+00:00,22.65999984741211,22.709999084472656,22.4950008392334,22.530000686645508,354482
2025-12-01 15:00:00+00:00,22.530000686645508,22.729999542236328,22.530000686645508,22.69499969482422,236562
2025-12-01 15:15:00+00:00,22.690000534057617,22.700000762939453,22.31999969482422,22.330699920654297,304385
2025-12-01 15:30:00+00:00,22.329999923706055,22.6299991607666,22.325000762939453,22.614999771118164,256731
2025-12-01 15:45:00+00:00,22.61549949645996,22.739999771118164,22.604999542236328,22.734500885009766,390661
2025-12-01 16:00:00+00:00,22.729999542236328,22.770000457763672,22.649999618530273,22.70549964904785,225732
2025-12-01 16:15:00+00:00,22.704999923706055,22.860000610351562,22.701448440551758,22.829999923706055,297648
2025-12-01 16:30:00+00:00,22.83449935913086,22.950000762939453,22.809999465942383,22.899999618530273,315136
2025-12-01 16:45:00+00:00,22.896499633789062,23.010000228881836,22.875,22.899900436401367,327471
2025-12-01 17:00:00+00:00,22.899999618530273,22.959999084472656,22.809999465942383,22.920000076293945,257177
2025-12-01 17:15:00+00:00,22.915000915527344,22.940000534057617,22.84000015258789,22.940000534057617,96496
2025-12-01 17:30:00+00:00,22.940000534057617,23.065000534057617,22.8799991607666,22.88990020751953,315640
2025-12-01 17:45:00+00:00,22.88990020751953,22.950000762939453,22.795000076293945,22.889999389648438,276700
2025-12-01 18:00:00+00:00,22.889999389648438,22.899999618530273,22.75,22.764999389648438,164621
2025-12-01 18:15:00+00:00,22.760000228881836,22.780000686645508,22.700000762939453,22.729999542236328,124141
2025-12-01 18:30:00+00:00,22.735000610351562,22.815000534057617,22.71500015258789,22.725000381469727,150805
2025-12-01 18:45:00+00:00,22.725000381469727,22.799999237060547,22.709999084472656,22.77039909362793,114152
2025-12-01 19:00:00+00:00,22.770000457763672,22.770000457763672,22.700000762939453,22.725000381469727,112928
2025-12-01 19:15:00+00:00,22.719999313354492,22.719999313354492,22.520000457763672,22.55500030517578,154300
2025-12-01 19:30:00+00:00,22.55340003967285,22.59000015258789,22.514999389648438,22.522499084472656,156257
2025-12-01 19:45:00+00:00,22.520000457763672,22.584999084472656,22.510000228881836,22.565000534057617,97224
2025-12-01 20:00:00+00:00,22.56999969482422,22.684999465942383,22.56999969482422,22.674999237060547,109219
2025-12-01 20:15:00+00:00,22.679899215698242,22.729999542236328,22.625,22.700000762939453,118514
2025-12-01 20:30:00+00:00,22.700000762939453,22.739999771118164,22.674999237060547,22.729999542236328,176132
2025-12-01 20:45:00+00:00,22.729999542236328,22.790000915527344,22.704999923706055,22.780000686645508,619865
2025-12-02 14:30:00+00:00,22.799999237060547,22.860000610351562,22.479999542236328,22.667499542236328,526115
2025-12-02 14:45:00+00:00,22.65999984741211,22.790000915527344,22.53700065612793,22.72559928894043,302964
2025-12-02 15:00:00+00:00,22.719999313354492,22.889999389648438,22.709999084472656,22.885499954223633,183296
2025-12-02 15:15:00+00:00,22.885000228881836,22.920000076293945,22.684999465942383,22.703899383544922,172241
2025-12-02 15:30:00+00:00,22.704999923706055,22.80500030517578,22.690000534057617,22.75,89346
2025-12-02 15:45:00+00:00,22.735000610351562,22.81999969482422,22.729999542236328,22.799999237060547,81379
2025-12-02 16:00:00+00:00,22.795000076293945,22.8700008392334,22.75,22.760000228881836,111527
2025-12-02 16:15:00+00:00,22.764999389648438,22.81999969482422,22.703500747680664,22.704999923706055,62104
2025-12-02 16:30:00+00:00,22.700000762939453,22.760000228881836,22.655500411987305,22.65999984741211,82145
2025-12-02 16:45:00+00:00,22.65999984741211,22.700000762939453,22.610000610351562,22.68000030517578,187989
2025-12-02 17:00:00+00:00,22.684999465942383,22.799999237060547,22.684999465942383,22.7810001373291,91459
2025-12-02 17:15:00+00:00,22.780000686645508,23.0,22.770000457763672,22.99139976501465,154493
2025-12-02 17:30:00+00:00,23.0,23.2450008392334,22.971399307250977,23.010000228881836,434511
2025-12-02 17:45:00+00:00,23.0,23.139999389648438,22.969999313354492,23.020000457763672,251593
2025-12-02 18:00:00+00:00,23.020000457763672,23.30500030517578,23.020000457763672,23.280000686645508,354197
2025-12-02 18:15:00+00:00,23.270000457763672,23.329999923706055,23.079999923706055,23.135000228881836,276988
2025-12-02 18:30:00+00:00,23.1299991607666,23.270000457763672,22.985000610351562,23.179899215698242,380547
2025-12-02 18:45:00+00:00,23.170000076293945,23.280000686645508,23.1200008392334,23.200000762939453,157914
2025-12-02 19:00:00+00:00,23.204999923706055,23.364999771118164,23.180200576782227,23.30699920654297,440267
2025-12-02 19:15:00+00:00,23.291500091552734,23.30500030517578,23.114999771118164,23.114999771118164,135546
2025-12-02 19:30:00+00:00,23.118000030517578,23.1200008392334,22.985000610351562,23.059999465942383,446376
2025-12-02 19:45:00+00:00,23.059999465942383,23.06999969482422,22.959999084472656,23.014999389648438,200510
2025-12-02 20:00:00+00:00,23.014999389648438,23.049999237060547,22.950000762939453,23.010000228881836,120601
2025-12-02 20:15:00+00:00,23.010000228881836,23.01729965209961,22.90999984741211,22.98539924621582,163057
2025-12-02 20:30:00+00:00,22.989999771118164,23.020000457763672,22.8799991607666,22.885000228881836,179159
2025-12-02 20:45:00+00:00,22.885000228881836,22.954999923706055,22.780000686645508,22.815000534057617,673577
2025-12-03 14:30:00+00:00,22.90999984741211,23.18000030517578,22.71500015258789,23.100000381469727,602157
2025-12-03 14:45:00+00:00,23.079999923706055,23.09000015258789,22.885000228881836,23.014999389648438,382830
2025-12-03 15:00:00+00:00,23.014999389648438,23.16830062866211,22.9950008392334,23.03499984741211,209465
2025-12-03 15:15:00+00:00,23.03499984741211,23.04990005493164,22.905000686645508,22.979999542236328,216319
2025-12-03 15:30:00+00:00,22.969999313354492,22.979999542236328,22.844999313354492,22.864999771118164,243257
2025-12-03 15:45:00+00:00,22.860000610351562,22.954999923706055,22.844999313354492,22.954999923706055,120754
2025-12-03 16:00:00+00:00,22.95479965209961,23.075000762939453,22.95009994506836,23.041400909423828,251825
2025-12-03 16:15:00+00:00,23.045000076293945,23.06999969482422,23.0,23.049999237060547,154769
2025-12-03 16:30:00+00:00,23.054500579833984,23.059999465942383,22.979000091552734,23.010000228881836,324187
2025-12-03 16:45:00+00:00,23.010000228881836,23.030000686645508,22.96739959716797,22.979999542236328,63386
2025-12-03 17:00:00+00:00,22.979999542236328,23.014999389648438,22.964500427246094,23.0,49697
2025-12-03 17:15:00+00:00,22.999900817871094,23.065000534057617,22.994400024414062,23.059999465942383,131708
2025-12-03 17:30:00+00:00,23.06999969482422,23.110000610351562,23.030000686645508,23.046300888061523,89042
2025-12-03 17:45:00+00:00,23.04509925842285,23.094999313354492,23.040000915527344,23.05500030517578,76819
2025-12-03 18:00:00+00:00,23.05500030517578,23.06999969482422,22.979999542236328,22.979999542236328,50926
2025-12-03 18:15:00+00:00,22.989299774169922,22.989999771118164,22.934999465942383,22.96500015258789,4278606
2025-12-03 18:30:00+00:00,22.969900131225586,23.280000686645508,22.96500015258789,23.15999984741211,536952
2025-12-03 18:45:00+00:00,23.161800384521484,23.23550033569336,23.135000228881836,23.165000915527344,204986
2025-12-03 19:00:00+00:00,23.165000915527344,23.229999542236328,23.125,23.135000228881836,85089
2025-12-03 19:15:00+00:00,23.135000228881836,23.170000076293945,23.0,23.145000457763672,374894
2025-12-03 19:30:00+00:00,23.141000747680664,23.227399826049805,23.125,23.209999084472656,216095
2025-12-03 19:45:00+00:00,23.21500015258789,23.219999313354492,23.145000457763672,23.170000076293945,138655
2025-12-03 20:00:00+00:00,23.15999984741211,23.174999237060547,23.1200008392334,23.170000076293945,95216
2025-12-03 20:15:00+00:00,23.149999618530273,23.149999618530273,23.091800689697266,23.125,118227
2025-12-03 20:30:00+00:00,23.125,23.16510009765625,23.0935001373291,23.125,165920
2025-12-03 20:45:00+00:00,23.125,23.280000686645508,23.125,23.219999313354492,656120
2025-12-04 14:30:00+00:00,23.260000228881836,23.469999313354492,23.239999771118164,23.434999465942383,515728
2025-12-04 14:45:00+00:00,23.440000534057617,23.45439910888672,23.198299407958984,23.329999923706055,353151
2025-12-04 15:00:00+00:00,23.34000015258789,23.3799991607666,23.280000686645508,23.309999465942383,265867
2025-12-04 15:15:00+00:00,23.309999465942383,23.40999984741211,23.270000457763672,23.3799991607666,183748
2025-12-04 15:30:00+00:00,23.3700008392334,23.39859962463379,23.26799964904785,23.364999771118164,140482
2025-12-04 15:45:00+00:00,23.364999771118164,23.3700008392334,23.274999618530273,23.334999084472656,113311
2025-12-04 16:00:00+00:00,23.34000015258789,23.3799991607666,23.239999771118164,23.299999237060547,166801
2025-12-04 16:15:00+00:00,23.295000076293945,23.309999465942383,23.225000381469727,23.264999389648438,95503
2025-12-04 16:30:00+00:00,23.264999389648438,23.290000915527344,23.15250015258789,23.15999984741211,151096
2025-12-04 16:45:00+00:00,23.15999984741211,23.34000015258789,23.100000381469727,23.290000915527344,183880
2025-12-04 17:00:00+00:00,23.290000915527344,23.290000915527344,23.18280029296875,23.21470069885254,239023
2025-12-04 17:15:00+00:00,23.219999313354492,23.219999313354492,23.110000610351562,23.125,152046
2025-12-04 17:30:00+00:00,23.1200008392334,23.219999313354492,23.079999923706055,23.170000076293945,130072
2025-12-04 17:45:00+00:00,23.170000076293945,23.2450008392334,23.149999618530273,23.229999542236328,72442
2025-12-04 18:00:00+00:00,23.239999771118164,23.317899703979492,23.19499969482422,23.200000762939453,87784
2025-12-04 18:15:00+00:00,23.209999084472656,23.209999084472656,23.1299991607666,23.139999389648438,200590
2025-12-04 18:30:00+00:00,23.139999389648438,23.15999984741211,22.920000076293945,22.969999313354492,220937
2025-12-04 18:45:00+00:00,22.971399307250977,23.049999237060547,22.645000457763672,23.024999618530273,493536
2025-12-04 19:00:00+00:00,23.030000686645508,23.069299697875977,22.850000381469727,22.88990020751953,844181
2025-12-04 19:15:00+00:00,22.889999389648438,22.950000762939453,22.850000381469727,22.920000076293945,90181
2025-12-04 19:30:00+00:00,22.924999237060547,23.047500610351562,22.924999237060547,23.014999389648438,92340
2025-12-04 19:45:00+00:00,23.010000228881836,23.059999465942383,23.000600814819336,23.049999237060547,39961
2025-12-04 20:00:00+00:00,23.054899215698242,23.100000381469727,23.020000457763672,23.024700164794922,94024
2025-12-04 20:15:00+00:00,23.020000457763672,23.040000915527344,22.923500061035156,22.979999542236328,251966
2025-12-04 20:30:00+00:00,22.975000381469727,23.049999237060547,22.924400329589844,22.935800552368164,875846
2025-12-04 20:45:00+00:00,22.934999465942383,23.030000686645508,22.889999389648438,22.96500015258789,744154
2025-12-05 14:30:00+00:00,23.0,23.042600631713867,22.740100860595703,22.841299057006836,304899
2025-12-05 14:45:00+00:00,22.850000381469727,22.8799991607666,22.610000610351562,22.690000534057617,351623
2025-12-05 15:00:00+00:00,22.690000534057617,22.790000915527344,22.670000076293945,22.704999923706055,240762
2025-12-05 15:15:00+00:00,22.704999923706055,22.738100051879883,22.604999542236328,22.738100051879883,177060
2025-12-05 15:30:00+00:00,22.729999542236328,22.7549991607666,22.600000381469727,22.615100860595703,155521
2025-12-05 15:45:00+00:00,22.61989974975586,22.889999389648438,22.530000686645508,22.889999389648438,276861
2025-12-05 16:00:00+00:00,22.889999389648438,22.93000030517578,22.799999237060547,22.850099563598633,287650
2025-12-05 16:15:00+00:00,22.855499267578125,22.93000030517578,22.810100555419922,22.885000228881836,194533
2025-12-05 16:30:00+00:00,22.888700485229492,22.90999984741211,22.815000534057617,22.834999084472656,146221
2025-12-05 16:45:00+00:00,22.84000015258789,22.889999389648438,22.75,22.875,236092
2025-12-05 17:00:00+00:00,22.8700008392334,22.889999389648438,22.84000015258789,22.854999542236328,225493
2025-12-05 17:15:00+00:00,22.850000381469727,22.905000686645508,22.799999237060547,22.864999771118164,126574
2025-12-05 17:30:00+00:00,22.860000610351562,22.895000457763672,22.81999969482422,22.889999389648438,64071
2025-12-05 17:45:00+00:00,22.885000228881836,22.959999084472656,22.864999771118164,22.95509910583496,84540
2025-12-05 18:00:00+00:00,22.95989990234375,23.010000228881836,22.93000030517578,22.93000030517578,217284
2025-12-05 18:15:00+00:00,22.93000030517578,22.950000762939453,22.860000610351562,22.940000534057617,150830
2025-12-05 18:30:00+00:00,22.940000534057617,22.979999542236328,22.920000076293945,22.954999923706055,69452
2025-12-05 18:45:00+00:00,22.954999923706055,22.975000381469727,22.8799991607666,22.90999984741211,346115
2025-12-05 19:00:00+00:00,22.899999618530273,22.989999771118164,22.8799991607666,22.985000610351562,205446
2025-12-05 19:15:00+00:00,22.979999542236328,22.9950008392334,22.90999984741211,22.93560028076172,80011
2025-12-05 19:30:00+00:00,22.940000534057617,22.959999084472656,22.860000610351562,22.8700008392334,124069
2025-12-05 19:45:00+00:00,22.864999771118164,22.975000381469727,22.825000762939453,22.970500946044922,145045
2025-12-05 20:00:00+00:00,22.972000122070312,22.985000610351562,22.915000915527344,22.944000244140625,179879
2025-12-05 20:15:00+00:00,22.940000534057617,22.979999542236328,22.920000076293945,22.94499969482422,175264
2025-12-05 20:30:00+00:00,22.940000534057617,22.954999923706055,22.8700008392334,22.94499969482422,223895
2025-12-05 20:45:00+00:00,22.940000534057617,23.0,22.905000686645508,22.989999771118164,521091
2025-12-08 14:30:00+00:00,23.030000686645508,23.25,23.020000457763672,23.146499633789062,488656
2025-12-08 14:45:00+00:00,23.139999389648438,23.329999923706055,23.1299991607666,23.229999542236328,250183
2025-12-08 15:00:00+00:00,23.245800018310547,23.350000381469727,23.1200008392334,23.188600540161133,218718
2025-12-08 15:15:00+00:00,23.18000030517578,23.270000457763672,23.149999618530273,23.200899124145508,158606
2025-12-08 15:30:00+00:00,23.190000534057617,23.360000610351562,23.190000534057617,23.28499984741211,199683
2025-12-08 15:45:00+00:00,23.299999237060547,23.3799991607666,23.299999237060547,23.363000869750977,267846
2025-12-08 16:00:00+00:00,23.364999771118164,23.549999237060547,23.30500030517578,23.450000762939453,359234
2025-12-08 16:15:00+00:00,23.440000534057617,23.520000457763672,23.299999237060547,23.315000534057617,291810
2025-12-08 16:30:00+00:00,23.315000534057617,23.350000381469727,23.2549991607666,23.31999969482422,183688
2025-12-08 16:45:00+00:00,23.315000534057617,23.31999969482422,23.2450008392334,23.270000457763672,67166
2025-12-08 17:00:00+00:00,23.274999618530273,23.290000915527344,23.219999313354492,23.28499984741211,86728
2025-12-08 17:15:00+00:00,23.28499984741211,23.31999969482422,23.204999923706055,23.260000228881836,106859
2025-12-08 17:30:00+00:00,23.260000228881836,23.270000457763672,23.219999313354492,23.229999542236328,73648
2025-12-08 17:45:00+00:00,23.229999542236328,23.264999389648438,23.21500015258789,23.21500015258789,55619
2025-12-08 18:00:00+00:00,23.21500015258789,23.219999313354492,23.104999542236328,23.149999618530273,100284
2025-12-08 18:15:00+00:00,23.155000686645508,23.225000381469727,23.1200008392334,23.120100021362305,72363
2025-12-08 18:30:00+00:00,23.129899978637695,23.149999618530273,23.079999923706055,23.145000457763672,174467
2025-12-08 18:45:00+00:00,23.145000457763672,23.145000457763672,23.020000457763672,23.075000762939453,105684
2025-12-08 19:00:00+00:00,23.06999969482422,23.11989974975586,23.059999465942383,23.10580062866211,66037
2025-12-08 19:15:00+00:00,23.110000610351562,23.270000457763672,23.101499557495117,23.239999771118164,146560
2025-12-08 19:30:00+00:00,23.239999771118164,23.239999771118164,23.184999465942383,23.204999923706055,91865
2025-12-08 19:45:00+00:00,23.200000762939453,23.204999923706055,23.145000457763672,23.15999984741211,55494
2025-12-08 20:00:00+00:00,23.170000076293945,23.25,23.149999618530273,23.229999542236328,103195
2025-12-08 20:15:00+00:00,23.229999542236328,23.2450008392334,23.200000762939453,23.21500015258789,62824
2025-12-08 20:30:00+00:00,23.209999084472656,23.239999771118164,23.184999465942383,23.21500015258789,92974
2025-12-08 20:45:00+00:00,23.21500015258789,23.3700008392334,23.204999923706055,23.364999771118164,714131
2025-12-09 14:30:00+00:00,23.25,23.329999923706055,23.100000381469727,23.25,422565
2025-12-09 14:45:00+00:00,23.239999771118164,24.0,23.209999084472656,23.350000381469727,212278
2025-12-09 15:00:00+00:00,23.354999542236328,23.450000762939453,23.329999923706055,23.354999542236328,161302
2025-12-09 15:15:00+00:00,23.350099563598633,23.45199966430664,23.34000015258789,23.424999237060547,161434
2025-12-09 15:30:00+00:00,23.42020034790039,23.440000534057617,23.375,23.420000076293945,342635
2025-12-09 15:45:00+00:00,23.420000076293945,23.5,23.40999984741211,23.44499969482422,231268
2025-12-09 16:00:00+00:00,23.44860076904297,23.489999771118164,23.44499969482422,23.46500015258789,125512
2025-12-09 16:15:00+00:00,23.468000411987305,23.489999771118164,23.360000610351562,23.3700008392334,152698
2025-12-09 16:30:00+00:00,23.3799991607666,23.459999084472656,23.379899978637695,23.4197998046875,108837
2025-12-09 16:45:00+00:00,23.420000076293945,23.44499969482422,23.354999542236328,23.440000534057617,192763
2025-12-09 17:00:00+00:00,23.434999465942383,23.479999542236328,23.420000076293945,23.469999313354492,265177
2025-12-09 17:15:00+00:00,23.469999313354492,23.469999313354492,23.389999389648438,23.43000030517578,87811
2025-12-09 17:30:00+00:00,23.439899444580078,23.450000762939453,23.270000457763672,23.283000946044922,190799
2025-12-09 17:45:00+00:00,23.280000686645508,23.40999984741211,23.25,23.395000457763672,199503
2025-12-09 18:00:00+00:00,23.395000457763672,23.429899215698242,23.3700008392334,23.399999618530273,91276
2025-12-09 18:15:00+00:00,23.408000946044922,23.450000762939453,23.3700008392334,23.399999618530273,150126
2025-12-09 18:30:00+00:00,23.405000686645508,23.43000030517578,23.260000228881836,23.260000228881836,119245
2025-12-09 18:45:00+00:00,23.260000228881836,23.360000610351562,23.229999542236328,23.350000381469727,137639
2025-12-09 19:00:00+00:00,23.350000381469727,23.360000610351562,23.309999465942383,23.350000381469727,86216
2025-12-09 19:15:00+00:00,23.353300094604492,23.3799991607666,23.329999923706055,23.355199813842773,71523
2025-12-09 19:30:00+00:00,23.354999542236328,23.389999389648438,23.34950065612793,23.378999710083008,91148
2025-12-09 19:45:00+00:00,23.375,23.450000762939453,23.370100021362305,23.444499969482422,185253
2025-12-09 20:00:00+00:00,23.44610023498535,23.459999084472656,23.40999984741211,23.444799423217773,211871
2025-12-09 20:15:00+00:00,23.44499969482422,23.469999313354492,23.3700008392334,23.375,242619
2025-12-09 20:30:00+00:00,23.3700008392334,23.489999771118164,23.350000381469727,23.40999984741211,537885
2025-12-09 20:45:00+00:00,23.405000686645508,23.40999984741211,23.104999542236328,23.170000076293945,1310424
2025-12-10 14:30:00+00:00,21.565000534057617,22.469999313354492,21.5,22.20870018005371,2585631
2025-12-10 14:45:00+00:00,22.200000762939453,22.290000915527344,21.719999313354492,21.764999389648438,795910
2025-12-10 15:00:00+00:00,21.770000457763672,22.059999465942383,21.760000228881836,22.030000686645508,631331
2025-12-10 15:15:00+00:00,22.030000686645508,22.030000686645508,21.700000762939453,21.799999237060547,490817
2025-12-10 15:30:00+00:00,21.790000915527344,21.82990074157715,21.625,21.690000534057617,360744
2025-12-10 15:45:00+00:00,21.690000534057617,21.719999313354492,21.524999618530273,21.58009910583496,409256
2025-12-10 16:00:00+00:00,21.584999084472656,21.739999771118164,21.575000762939453,21.690000534057617,281541
2025-12-10 16:15:00+00:00,21.700000762939453,22.1200008392334,21.697099685668945,22.100000381469727,519421
2025-12-10 16:30:00+00:00,22.10601043701172,22.415000915527344,22.079999923706055,22.229999542236328,481860
2025-12-10 16:45:00+00:00,22.25,22.299999237060547,21.954999923706055,21.954999923706055,400554
2025-12-10 17:00:00+00:00,21.950000762939453,21.950000762939453,21.799999237060547,21.81999969482422,252570
2025-12-10 17:15:00+00:00,21.809999465942383,22.049999237060547,21.799999237060547,22.049999237060547,164786
2025-12-10 17:30:00+00:00,22.040000915527344,22.190000534057617,21.959999084472656,22.174999237060547,231607
2025-12-10 17:45:00+00:00,22.174999237060547,22.3700008392334,22.174999237060547,22.309999465942383,247332
2025-12-10 18:00:00+00:00,22.299999237060547,22.31999969482422,22.229999542236328,22.239999771118164,113619
2025-12-10 18:15:00+00:00,22.229999542236328,22.2549991607666,22.114999771118164,22.174999237060547,160889
2025-12-10 18:30:00+00:00,22.174999237060547,22.209999084472656,22.100400924682617,22.170000076293945,116367
2025-12-10 18:45:00+00:00,22.16200065612793,22.30500030517578,22.1200008392334,22.25,182183
2025-12-10 19:00:00+00:00,22.2450008392334,22.306900024414062,22.165000915527344,22.190000534057617,216202
2025-12-10 19:15:00+00:00,22.184999465942383,22.25,22.120100021362305,22.17009925842285,145518
2025-12-10 19:30:00+00:00,22.18000030517578,22.3799991607666,22.104999542236328,22.17009925842285,391051
2025-12-10 19:45:00+00:00,22.15999984741211,22.350000381469727,22.15410041809082,22.290000915527344,157685
2025-12-10 20:00:00+00:00,22.299999237060547,22.439699172973633,22.239999771118164,22.40999984741211,269077
2025-12-10 20:15:00+00:00,22.420000076293945,22.450000762939453,22.320100784301758,22.340099334716797,166821
2025-12-10 20:30:00+00:00,22.34000015258789,22.34000015258789,22.25,22.2549991607666,258273
2025-12-10 20:45:00+00:00,22.2549991607666,22.270000457763672,22.05500030517578,22.110000610351562,807356
2025-12-11 14:30:00+00:00,22.020000457763672,22.18000030517578,21.8799991607666,21.909099578857422,340945
2025-12-11 14:45:00+00:00,21.915599822998047,22.030000686645508,21.735000610351562,21.80500030517578,249407
2025-12-11 15:00:00+00:00,21.81999969482422,21.850000381469727,21.6200008392334,21.780000686645508,235004
2025-12-11 15:15:00+00:00,21.780000686645508,21.90999984741211,21.780000686645508,21.84000015258789,154865
2025-12-11 15:30:00+00:00,21.829999923706055,21.889999389648438,21.780000686645508,21.790000915527344,124126
2025-12-11 15:45:00+00:00,21.78499984741211,21.81999969482422,21.69499969482422,21.78499984741211,105501
2025-12-11 16:00:00+00:00,21.774999618530273,21.807199478149414,21.65999984741211,21.704999923706055,108802
2025-12-11 16:15:00+00:00,21.710100173950195,21.860000610351562,21.68000030517578,21.834999084472656,120779
2025-12-11 16:30:00+00:00,21.84000015258789,21.885499954223633,21.780000686645508,21.799999237060547,103486
2025-12-11 16:45:00+00:00,21.809999465942383,21.81999969482422,21.680599212646484,21.725000381469727,116653
2025-12-11 17:00:00+00:00,21.729999542236328,21.774999618530273,21.700000762939453,21.739999771118164,82610
2025-12-11 17:15:00+00:00,21.73310089111328,21.790000915527344,21.709999084472656,21.764999389648438,69553
2025-12-11 17:30:00+00:00,21.764999389648438,21.81999969482422,21.760000228881836,21.799999237060547,94879
2025-12-11 17:45:00+00:00,21.805500030517578,21.805500030517578,21.71500015258789,21.7450008392334,84484
2025-12-11 18:00:00+00:00,21.739999771118164,21.770000457763672,21.691999435424805,21.700000762939453,96070
2025-12-11 18:15:00+00:00,21.700000762939453,21.71500015258789,21.530000686645508,21.541200637817383,251810
2025-12-11 18:30:00+00:00,21.549999237060547,21.72599983215332,21.545000076293945,21.72599983215332,113653
2025-12-11 18:45:00+00:00,21.725900650024414,21.924999237060547,21.725900650024414,21.890100479125977,211107
2025-12-11 19:00:00+00:00,21.895000457763672,21.90999984741211,21.760000228881836,21.899999618530273,166113
2025-12-11 19:15:00+00:00,21.905000686645508,21.95843505859375,21.864599227905273,21.940000534057617,108622
2025-12-11 19:30:00+00:00,21.94499969482422,22.079999923706055,21.94499969482422,22.03499984741211,204012
2025-12-11 19:45:00+00:00,22.030000686645508,22.03499984741211,21.954999923706055,21.985000610351562,107074
2025-12-11 20:00:00+00:00,21.985000610351562,22.049999237060547,21.93000030517578,22.014999389648438,130150
2025-12-11 20:15:00+00:00,22.014999389648438,22.049999237060547,21.924999237060547,21.93000030517578,107233
2025-12-11 20:30:00+00:00,21.93000030517578,21.947500228881836,21.8700008392334,21.871400833129883,225506
2025-12-11 20:45:00+00:00,21.875,21.8799991607666,21.790000915527344,21.8700008392334,612657
2025-12-12 14:30:00+00:00,21.889999389648438,21.969999313354492,21.7549991607666,21.8700008392334,318425
2025-12-12 14:45:00+00:00,21.882999420166016,21.90999984741211,21.739999771118164,21.739999771118164,175637
2025-12-12 15:00:00+00:00,21.729999542236328,21.799999237060547,21.6200008392334,21.645000457763672,196168
2025-12-12 15:15:00+00:00,21.645000457763672,21.6560001373291,21.53499984741211,21.579999923706055,264551
2025-12-12 15:30:00+00:00,21.579999923706055,21.639999389648438,21.510000228881836,21.635000228881836,221006
2025-12-12 15:45:00+00:00,21.636199951171875,21.639999389648438,21.398500442504883,21.415000915527344,177085
2025-12-12 16:00:00+00:00,21.40999984741211,21.459999084472656,21.290000915527344,21.40999984741211,414642
2025-12-12 16:15:00+00:00,21.399999618530273,21.450000762939453,21.389999389648438,21.424299240112305,171899
2025-12-12 16:30:00+00:00,21.424999237060547,21.424999237060547,21.270000457763672,21.290300369262695,251149
2025-12-12 16:45:00+00:00,21.29450035095215,21.29450035095215,21.149999618530273,21.200000762939453,191658
2025-12-12 17:00:00+00:00,21.190000534057617,21.28499984741211,21.18000030517578,21.236799240112305,216020
2025-12-12 17:15:00+00:00,21.239999771118164,21.270000457763672,21.204999923706055,21.247400283813477,205267
2025-12-12 17:30:00+00:00,21.235000610351562,21.3700008392334,21.21500015258789,21.360000610351562,96731
2025-12-12 17:45:00+00:00,21.360000610351562,21.440000534057617,21.325000762939453,21.380199432373047,112252
2025-12-12 18:00:00+00:00,21.3799991607666,21.424999237060547,21.31999969482422,21.424999237060547,120717
2025-12-12 18:15:00+00:00,21.43000030517578,21.459999084472656,21.334999084472656,21.344999313354492,132880
2025-12-12 18:30:00+00:00,21.350000381469727,21.3700008392334,21.325000762939453,21.34000015258789,62006
2025-12-12 18:45:00+00:00,21.350000381469727,21.354999542236328,21.299999237060547,21.315000534057617,108749
2025-12-12 19:00:00+00:00,21.310100555419922,21.31439971923828,21.209999084472656,21.25,128922
2025-12-12 19:15:00+00:00,21.25,21.260000228881836,21.209999084472656,21.225500106811523,91507
2025-12-12 19:30:00+00:00,21.229999542236328,21.239999771118164,21.1299991607666,21.13599967956543,128863
2025-12-12 19:45:00+00:00,21.135000228881836,21.190000534057617,21.09000015258789,21.184999465942383,144602
2025-12-12 20:00:00+00:00,21.190000534057617,21.190000534057617,21.1299991607666,21.15999984741211,160374
2025-12-12 20:15:00+00:00,21.15999984741211,21.239999771118164,21.15999984741211,21.225000381469727,142045
2025-12-12 20:30:00+00:00,21.219999313354492,21.229999542236328,21.174999237060547,21.219999313354492,183021
2025-12-12 20:45:00+00:00,21.225000381469727,21.270000457763672,21.15999984741211,21.229999542236328,561996
2025-12-15 14:30:00+00:00,21.360000610351562,21.489999771118164,21.079999923706055,21.399999618530273,790963
2025-12-15 14:45:00+00:00,21.399999618530273,21.55120086669922,21.270000457763672,21.31999969482422,333061
2025-12-15 15:00:00+00:00,21.309999465942383,21.558500289916992,21.219999313354492,21.510000228881836,286273
2025-12-15 15:15:00+00:00,21.510000228881836,21.524999618530273,21.3700008392334,21.415800094604492,188610
2025-12-15 15:30:00+00:00,21.420000076293945,21.770000457763672,21.399999618530273,21.634700775146484,485808
2025-12-15 15:45:00+00:00,21.636499404907227,21.850000381469727,21.636499404907227,21.84000015258789,480570
2025-12-15 16:00:00+00:00,21.844999313354492,22.06999969482422,21.809999465942383,22.030000686645508,382537
2025-12-15 16:15:00+00:00,22.030000686645508,22.350000381469727,21.959999084472656,22.024999618530273,495569
2025-12-15 16:30:00+00:00,22.030000686645508,22.09000015258789,21.84000015258789,22.04990005493164,184948
2025-12-15 16:45:00+00:00,22.030000686645508,22.09000015258789,21.969999313354492,22.076099395751953,173566
2025-12-15 17:00:00+00:00,22.079999923706055,22.229999542236328,22.049999237060547,22.204999923706055,198913
2025-12-15 17:15:00+00:00,22.20989990234375,22.364999771118164,22.170000076293945,22.329999923706055,276526
2025-12-15 17:30:00+00:00,22.325000762939453,22.450000762939453,22.299999237060547,22.370100021362305,191846
2025-12-15 17:45:00+00:00,22.363500595092773,22.378799438476562,22.219999313354492,22.309999465942383,164556
2025-12-15 18:00:00+00:00,22.315000534057617,22.434999465942383,22.299999237060547,22.391700744628906,141101
2025-12-15 18:15:00+00:00,22.395000457763672,22.450000762939453,22.239999771118164,22.280000686645508,177998
2025-12-15 18:30:00+00:00,22.274999618530273,22.309999465942383,22.235599517822266,22.287399291992188,148398
2025-12-15 18:45:00+00:00,22.28499984741211,22.510000228881836,22.23550033569336,22.45989990234375,259415
2025-12-15 19:00:00+00:00,22.454999923706055,22.579999923706055,22.421499252319336,22.479999542236328,304399
2025-12-15 19:15:00+00:00,22.469999313354492,22.530000686645508,22.405500411987305,22.510000228881836,163351
2025-12-15 19:30:00+00:00,22.520000457763672,22.520000457763672,22.415000915527344,22.450000762939453,118028
2025-12-15 19:45:00+00:00,22.440000534057617,22.454999923706055,22.3700008392334,22.3799991607666,185716
2025-12-15 20:00:00+00:00,22.3700008392334,22.440000534057617,22.149999618530273,22.170000076293945,403545
2025-12-15 20:15:00+00:00,22.170000076293945,22.229999542236328,22.100000381469727,22.15839958190918,192015
2025-12-15 20:30:00+00:00,22.155000686645508,22.165000915527344,22.06999969482422,22.104999542236328,212344
2025-12-15 20:45:00+00:00,22.110000610351562,22.1299991607666,21.990100860595703,22.079999923706055,634325
2025-12-16 14:30:00+00:00,22.15999984741211,22.200000762939453,21.8887996673584,21.889999389648438,655340
2025-12-16 14:45:00+00:00,21.885000228881836,21.997900009155273,21.799999237060547,21.957300186157227,224003
2025-12-16 15:00:00+00:00,21.940200805664062,22.06999969482422,21.913000106811523,22.040000915527344,146105
2025-12-16 15:15:00+00:00,22.040000915527344,22.049999237060547,21.94499969482422,22.030000686645508,155139
2025-12-16 15:30:00+00:00,22.020000457763672,22.170000076293945,22.000099182128906,22.165000915527344,132804
2025-12-16 15:45:00+00:00,22.16900062561035,22.34000015258789,22.16900062561035,22.25,154763
2025-12-16 16:00:00+00:00,22.260000228881836,22.280000686645508,22.170000076293945,22.190000534057617,137073
2025-12-16 16:15:00+00:00,22.174999237060547,22.289899826049805,22.15999984741211,22.204999923706055,93679
2025-12-16 16:30:00+00:00,22.209999084472656,22.270000457763672,22.170000076293945,22.2549991607666,91116
2025-12-16 16:45:00+00:00,22.260000228881836,22.299999237060547,22.15999984741211,22.22450065612793,72149
2025-12-16 17:00:00+00:00,22.225000381469727,22.270000457763672,22.150100708007812,22.185400009155273,96722
2025-12-16 17:15:00+00:00,22.184999465942383,22.200000762939453,22.075000762939453,22.079999923706055,86695
2025-12-16 17:30:00+00:00,22.084999084472656,22.18549919128418,22.084999084472656,22.174999237060547,82810
2025-12-16 17:45:00+00:00,22.173133850097656,22.174999237060547,22.049999237060547,22.05500030517578,47103
2025-12-16 18:00:00+00:00,22.049999237060547,22.139999389648438,22.020000457763672,22.1299991607666,62987
2025-12-16 18:15:00+00:00,22.1200008392334,22.170000076293945,22.065000534057617,22.139299392700195,69681
2025-12-16 18:30:00+00:00,22.139999389648438,22.174999237060547,22.125,22.139999389648438,44236
2025-12-16 18:45:00+00:00,22.144399642944336,22.165000915527344,22.08009910583496,22.1200008392334,57754
2025-12-16 19:00:00+00:00,22.114999771118164,22.155000686645508,22.100000381469727,22.100000381469727,77877
2025-12-16 19:15:00+00:00,22.104999542236328,22.149999618530273,22.079999923706055,22.110000610351562,60921
2025-12-16 19:30:00+00:00,22.114999771118164,22.225000381469727,22.11440086364746,22.200000762939453,62057
2025-12-16 19:45:00+00:00,22.19499969482422,22.280000686645508,22.190000534057617,22.200000762939453,80088
2025-12-16 20:00:00+00:00,22.200000762939453,22.21500015258789,22.110000610351562,22.170000076293945,61506
2025-12-16 20:15:00+00:00,22.174999237060547,22.219999313354492,22.174999237060547,22.19499969482422,52527
2025-12-16 20:30:00+00:00,22.190000534057617,22.30500030517578,22.190000534057617,22.229900360107422,240540
2025-12-16 20:45:00+00:00,22.219999313354492,22.325000762939453,22.21500015258789,22.290000915527344,385275
2025-12-17 14:30:00+00:00,22.290000915527344,22.735000610351562,22.270000457763672,22.6200008392334,507520
2025-12-17 14:45:00+00:00,22.629499435424805,22.629499435424805,22.479999542236328,22.486000061035156,134746
2025-12-17 15:00:00+00:00,22.499099731445312,22.670000076293945,22.499099731445312,22.649999618530273,137967
2025-12-17 15:15:00+00:00,22.649999618530273,22.790000915527344,22.62339973449707,22.699800491333008,247400
2025-12-17 15:30:00+00:00,22.700000762939453,22.790000915527344,22.625,22.670000076293945,171817
2025-12-17 15:45:00+00:00,22.670000076293945,22.68000030517578,22.530000686645508,22.56999969482422,160836
2025-12-17 16:00:00+00:00,22.56999969482422,22.579999923706055,22.5,22.520000457763672,85525
2025-12-17 16:15:00+00:00,22.514999389648438,22.790000915527344,22.514999389648438,22.790000915527344,176368
2025-12-17 16:30:00+00:00,22.780000686645508,22.829999923706055,22.684999465942383,22.739999771118164,228535
2025-12-17 16:45:00+00:00,22.725000381469727,22.764999389648438,22.642000198364258,22.764999389648438,119850
2025-12-17 17:00:00+00:00,22.770000457763672,22.834999084472656,22.739999771118164,22.790000915527344,108666
2025-12-17 17:15:00+00:00,22.782400131225586,22.959999084472656,22.780000686645508,22.81999969482422,415553
2025-12-17 17:30:00+00:00,22.81999969482422,22.950000762939453,22.81999969482422,22.886600494384766,135338
2025-12-17 17:45:00+00:00,22.885000228881836,23.020000457763672,22.809999465942383,22.829999923706055,475525
2025-12-17 18:00:00+00:00,22.84000015258789,22.93000030517578,22.809999465942383,22.899999618530273,87736
2025-12-17 18:15:00+00:00,22.899999618530273,22.90999984741211,22.856000900268555,22.8799991607666,61808
2025-12-17 18:30:00+00:00,22.875,22.885000228881836,22.799999237060547,22.805599212646484,147040
2025-12-17 18:45:00+00:00,22.80500030517578,22.81999969482422,22.649999618530273,22.700000762939453,128273
2025-12-17 19:00:00+00:00,22.700000762939453,22.75,22.700000762939453,22.71500015258789,104332
2025-12-17 19:15:00+00:00,22.709999084472656,22.735599517822266,22.670000076293945,22.735000610351562,71617
2025-12-17 19:30:00+00:00,22.739999771118164,22.760099411010742,22.700000762939453,22.735000610351562,81074
2025-12-17 19:45:00+00:00,22.735000610351562,22.889999389648438,22.735000610351562,22.864999771118164,95444
2025-12-17 20:00:00+00:00,22.864999771118164,22.940000534057617,22.850000381469727,22.889999389648438,107603
2025-12-17 20:15:00+00:00,22.889999389648438,23.010000228881836,22.88010025024414,22.979999542236328,204100
2025-12-17 20:30:00+00:00,22.975000381469727,23.09000015258789,22.940000534057617,23.040000915527344,338617
2025-12-17 20:45:00+00:00,23.03499984741211,23.170000076293945,22.989999771118164,23.020000457763672,979105
2025-12-18 14:30:00+00:00,22.954999923706055,23.076799392700195,22.774200439453125,22.790000915527344,448820
2025-12-18 14:45:00+00:00,22.780000686645508,23.031299591064453,22.729999542236328,22.989999771118164,269145
2025-12-18 15:00:00+00:00,23.0,23.079999923706055,22.889999389648438,22.950000762939453,202839
2025-12-18 15:15:00+00:00,22.9689998626709,22.996000289916992,22.90999984741211,22.959999084472656,124970
2025-12-18 15:30:00+00:00,22.959999084472656,23.099199295043945,22.950000762939453,22.985000610351562,303440
2025-12-18 15:45:00+00:00,22.979999542236328,23.023700714111328,22.914199829101562,22.960100173950195,95755
2025-12-18 16:00:00+00:00,22.959999084472656,23.020000457763672,22.92460060119629,22.944400787353516,104346
2025-12-18 16:15:00+00:00,22.950000762939453,22.989900588989258,22.920000076293945,22.934999465942383,47927
2025-12-18 16:30:00+00:00,22.934999465942383,23.06999969482422,22.934999465942383,22.979999542236328,111183
2025-12-18 16:45:00+00:00,22.975000381469727,22.989999771118164,22.920000076293945,22.931299209594727,44497
2025-12-18 17:00:00+00:00,22.93000030517578,22.93000030517578,22.76190757751465,22.7987003326416,126904
2025-12-18 17:15:00+00:00,22.799999237060547,22.94339942932129,22.770599365234375,22.8700008392334,133104
2025-12-18 17:30:00+00:00,22.8700008392334,22.91990089416504,22.84000015258789,22.905000686645508,56490
2025-12-18 17:45:00+00:00,22.90999984741211,22.920000076293945,22.833200454711914,22.895000457763672,48869
2025-12-18 18:00:00+00:00,22.890300750732422,22.906200408935547,22.850000381469727,22.8799991607666,39942
2025-12-18 18:15:00+00:00,22.895000457763672,22.940000534057617,22.850099563598633,22.854999542236328,120781
2025-12-18 18:30:00+00:00,22.860000610351562,22.924999237060547,22.856199264526367,22.8700008392334,77618
2025-12-18 18:45:00+00:00,22.864299774169922,22.864299774169922,22.78499984741211,22.809999465942383,127676
2025-12-18 19:00:00+00:00,22.81999969482422,22.829999923706055,22.709999084472656,22.71500015258789,249161
2025-12-18 19:15:00+00:00,22.71500015258789,22.770000457763672,22.690000534057617,22.770000457763672,113418
2025-12-18 19:30:00+00:00,22.760000228881836,22.760000228881836,22.673999786376953,22.690000534057617,72261
2025-12-18 19:45:00+00:00,22.694400787353516,22.695600509643555,22.575000762939453,22.59000015258789,140632
2025-12-18 20:00:00+00:00,22.579999923706055,22.649999618530273,22.579999923706055,22.646299362182617,140058
2025-12-18 20:15:00+00:00,22.645599365234375,22.790000915527344,22.630924224853516,22.770000457763672,115405
2025-12-18 20:30:00+00:00,22.770000457763672,22.795000076293945,22.719999313354492,22.729999542236328,221681
2025-12-18 20:45:00+00:00,22.725000381469727,22.725000381469727,22.530099868774414,22.559999465942383,400205
2025-12-19 14:30:00+00:00,22.579999923706055,22.639999389648438,22.351200103759766,22.389999389648438,597926
2025-12-19 14:45:00+00:00,22.395000457763672,22.479999542236328,22.31999969482422,22.40999984741211,195266
2025-12-19 15:00:00+00:00,22.399999618530273,22.440000534057617,22.280099868774414,22.290000915527344,123192
2025-12-19 15:15:00+00:00,22.280099868774414,22.399999618530273,22.280099868774414,22.350000381469727,99928
2025-12-19 15:30:00+00:00,22.350000381469727,22.459999084472656,22.299999237060547,22.43000030517578,116179
2025-12-19 15:45:00+00:00,22.43000030517578,22.469999313354492,22.399999618530273,22.453399658203125,99960
2025-12-19 16:00:00+00:00,22.440000534057617,22.489999771118164,22.434999465942383,22.469999313354492,72768
2025-12-19 16:15:00+00:00,22.475000381469727,22.4950008392334,22.459999084472656,22.489999771118164,70910
2025-12-19 16:30:00+00:00,22.489999771118164,22.510000228881836,22.420000076293945,22.43000030517578,67742
2025-12-19 16:45:00+00:00,22.424999237060547,22.46500015258789,22.3700008392334,22.46500015258789,75050
2025-12-19 17:00:00+00:00,22.469999313354492,22.489999771118164,22.395000457763672,22.43000030517578,65554
2025-12-19 17:15:00+00:00,22.43000030517578,22.565000534057617,22.43000030517578,22.530000686645508,79834
2025-12-19 17:30:00+00:00,22.524999618530273,22.600000381469727,22.479999542236328,22.514999389648438,142599
2025-12-19 17:45:00+00:00,22.510000228881836,22.514999389648438,22.450000762939453,22.454999923706055,57357
2025-12-19 18:00:00+00:00,22.459999084472656,22.4950008392334,22.444000244140625,22.463899612426758,87975
2025-12-19 18:15:00+00:00,22.460100173950195,22.538700103759766,22.459999084472656,22.535600662231445,26959
2025-12-19 18:30:00+00:00,22.53499984741211,22.543800354003906,22.440000534057617,22.440000534057617,42673
2025-12-19 18:45:00+00:00,22.44499969482422,22.44499969482422,22.395000457763672,22.395000457763672,64580
2025-12-19 19:00:00+00:00,22.399999618530273,22.402000427246094,22.30500030517578,22.3700008392334,99281
2025-12-19 19:15:00+00:00,22.3700008392334,22.40999984741211,22.3700008392334,22.389999389648438,49502
2025-12-19 19:30:00+00:00,22.385000228881836,22.399999618530273,22.364999771118164,22.385000228881836,41400
2025-12-19 19:45:00+00:00,22.389999389648438,22.40999984741211,22.374799728393555,22.389999389648438,92692
2025-12-19 20:00:00+00:00,22.389999389648438,22.479999542236328,22.389999389648438,22.44499969482422,93976
2025-12-19 20:15:00+00:00,22.44499969482422,22.510000228881836,22.40999984741211,22.43000030517578,128843
2025-12-19 20:30:00+00:00,22.43000030517578,22.454999923706055,22.334199905395508,22.34000015258789,204693
2025-12-19 20:45:00+00:00,22.344999313354492,22.540000915527344,22.344999313354492,22.540000915527344,565090
2025-12-22 14:30:00+00:00,22.514999389648438,22.77989959716797,22.479999542236328,22.549999237060547,669705
2025-12-22 14:45:00+00:00,22.53499984741211,22.5403995513916,22.309999465942383,22.315000534057617,458740
2025-12-22 15:00:00+00:00,22.315000534057617,22.348600387573242,22.229999542236328,22.280000686645508,208238
2025-12-22 15:15:00+00:00,22.274999618530273,22.348600387573242,22.219999313354492,22.28499984741211,165616
2025-12-22 15:30:00+00:00,22.290000915527344,22.345399856567383,22.2450008392334,22.281299591064453,141927
2025-12-22 15:45:00+00:00,22.28380012512207,22.334999084472656,22.260000228881836,22.325000762939453,113263
2025-12-22 16:00:00+00:00,22.325000762939453,22.334999084472656,22.274999618530273,22.309999465942383,90712
2025-12-22 16:15:00+00:00,22.315000534057617,22.325000762939453,22.200000762939453,22.204999923706055,121769
2025-12-22 16:30:00+00:00,22.204999923706055,22.219999313354492,22.06999969482422,22.079999923706055,145312
2025-12-22 16:45:00+00:00,22.079999923706055,22.149999618530273,22.079999923706055,22.1299991607666,103205
2025-12-22 17:00:00+00:00,22.12019920349121,22.145000457763672,22.075000762939453,22.09000015258789,99471
2025-12-22 17:15:00+00:00,22.084999084472656,22.106599807739258,22.060100555419922,22.099300384521484,92980
2025-12-22 17:30:00+00:00,22.100000381469727,22.1200008392334,22.0,22.079999923706055,96586
2025-12-22 17:45:00+00:00,22.077999114990234,22.13479995727539,22.030000686645508,22.052499771118164,65066
2025-12-22 18:00:00+00:00,22.057899475097656,22.059999465942383,21.850000381469727,21.89150047302246,231932
2025-12-22 18:15:00+00:00,21.895000457763672,21.96500015258789,21.895000457763672,21.915000915527344,146653
2025-12-22 18:30:00+00:00,21.920000076293945,21.93000030517578,21.851200103759766,21.8799991607666,66510
2025-12-22 18:45:00+00:00,21.871400833129883,21.889999389648438,21.850000381469727,21.8700008392334,105688
2025-12-22 19:00:00+00:00,21.875,21.915000915527344,21.8302001953125,21.854999542236328,76482
2025-12-22 19:15:00+00:00,21.854999542236328,21.920000076293945,21.851200103759766,21.90999984741211,418155
2025-12-22 19:30:00+00:00,21.90980339050293,21.909900665283203,21.850000381469727,21.875,107024
2025-12-22 19:45:00+00:00,21.875,21.895000457763672,21.819900512695312,21.834999084472656,88948
2025-12-22 20:00:00+00:00,21.834999084472656,21.844999313354492,21.799999237060547,21.815000534057617,78493
2025-12-22 20:15:00+00:00,21.809999465942383,21.84000015258789,21.790000915527344,21.833599090576172,126059
2025-12-22 20:30:00+00:00,21.837499618530273,21.8700008392334,21.75,21.77989959716797,1434095
2025-12-22 20:45:00+00:00,21.774999618530273,21.78820037841797,21.700000762939453,21.725000381469727,594166
2025-12-23 14:30:00+00:00,21.65999984741211,21.683000564575195,21.450000762939453,21.559200286865234,352307
2025-12-23 14:45:00+00:00,21.549999237060547,21.59000015258789,21.450000762939453,21.510000228881836,180846
2025-12-23 15:00:00+00:00,21.510000228881836,21.559999465942383,21.447099685668945,21.479999542236328,231342
2025-12-23 15:15:00+00:00,21.475000381469727,21.549999237060547,21.405000686645508,21.424999237060547,188278
2025-12-23 15:30:00+00:00,21.43000030517578,21.459999084472656,21.399999618530273,21.434999465942383,258912
2025-12-23 15:45:00+00:00,21.439899444580078,21.439899444580078,21.34000015258789,21.405000686645508,614942
2025-12-23 16:00:00+00:00,21.40999984741211,21.43000030517578,21.375,21.425800323486328,98556
2025-12-23 16:15:00+00:00,21.424999237060547,21.450000762939453,21.389999389648438,21.389999389648438,72968
2025-12-23 16:30:00+00:00,21.389999389648438,21.440000534057617,21.3700008392334,21.440000534057617,80175
2025-12-23 16:45:00+00:00,21.440000534057617,21.579999923706055,21.434999465942383,21.540000915527344,149157
2025-12-23 17:00:00+00:00,21.520000457763672,21.545000076293945,21.469999313354492,21.520099639892578,125346
2025-12-23 17:15:00+00:00,21.520000457763672,21.520000457763672,21.434999465942383,21.440000534057617,57023
2025-12-23 17:30:00+00:00,21.43000030517578,21.45989990234375,21.399999618530273,21.43000030517578,48267
2025-12-23 17:45:00+00:00,21.43000030517578,21.43000030517578,21.30500030517578,21.319499969482422,75712
2025-12-23 18:00:00+00:00,21.313800811767578,21.34000015258789,21.25,21.272300720214844,103302
2025-12-23 18:15:00+00:00,21.27359962463379,21.280000686645508,21.1299991607666,21.174999237060547,221632
2025-12-23 18:30:00+00:00,21.18000030517578,21.25,21.18000030517578,21.235000610351562,91788
2025-12-23 18:45:00+00:00,21.229999542236328,21.248300552368164,21.200000762939453,21.248300552368164,63450
2025-12-23 19:00:00+00:00,21.25,21.264999389648438,21.229999542236328,21.2549991607666,58708
2025-12-23 19:15:00+00:00,21.250099182128906,21.274999618530273,21.23310089111328,21.270000457763672,82036
2025-12-23 19:30:00+00:00,21.264999389648438,21.309999465942383,21.225000381469727,21.230100631713867,95649
2025-12-23 19:45:00+00:00,21.235000610351562,21.23940086364746,21.204999923706055,21.204999923706055,64608
2025-12-23 20:00:00+00:00,21.204999923706055,21.25,21.20009994506836,21.235000610351562,42906
2025-12-23 20:15:00+00:00,21.235000610351562,21.2460994720459,21.204500198364258,21.229999542236328,52309
2025-12-23 20:30:00+00:00,21.229999542236328,21.34000015258789,21.229999542236328,21.334999084472656,137296
2025-12-23 20:45:00+00:00,21.334999084472656,21.3971004486084,21.235000610351562,21.389999389648438,527033
2025-12-24 14:30:00+00:00,21.229999542236328,21.399999618530273,21.229999542236328,21.360000610351562,216680
2025-12-24 14:45:00+00:00,21.364999771118164,21.40999984741211,21.299999237060547,21.375,94061
2025-12-24 15:00:00+00:00,21.3700008392334,21.524999618530273,21.364999771118164,21.524999618530273,118529
2025-12-24 15:15:00+00:00,21.525100708007812,21.530000686645508,21.460100173950195,21.520000457763672,88484
2025-12-24 15:30:00+00:00,21.519899368286133,21.559900283813477,21.5049991607666,21.510000228881836,55693
2025-12-24 15:45:00+00:00,21.510000228881836,21.56999969482422,21.4950008392334,21.4950008392334,68696
2025-12-24 16:00:00+00:00,21.4950008392334,21.569900512695312,21.4950008392334,21.520000457763672,55513
2025-12-24 16:15:00+00:00,21.524999618530273,21.549999237060547,21.46500015258789,21.489999771118164,240163
2025-12-24 16:30:00+00:00,21.4950008392334,21.5049991607666,21.459999084472656,21.485000610351562,69299
2025-12-24 16:45:00+00:00,21.481700897216797,21.514999389648438,21.481700897216797,21.503999710083008,43640
2025-12-24 17:00:00+00:00,21.510000228881836,21.53499984741211,21.46500015258789,21.475000381469727,189789
2025-12-24 17:15:00+00:00,21.47559928894043,21.53499984741211,21.475000381469727,21.524999618530273,76362
2025-12-24 17:30:00+00:00,21.529399871826172,21.559999465942383,21.469999313354492,21.530000686645508,120380
2025-12-24 17:45:00+00:00,21.524999618530273,21.524999618530273,21.501699447631836,21.510000228881836,3838
2025-12-26 14:30:00+00:00,21.5,21.5,21.280000686645508,21.280000686645508,210898
2025-12-26 14:45:00+00:00,21.290000915527344,21.3799991607666,21.219999313354492,21.264999389648438,284082
2025-12-26 15:00:00+00:00,21.260000228881836,21.260000228881836,21.110000610351562,21.1299991607666,343490
2025-12-26 15:15:00+00:00,21.1299991607666,21.138999938964844,21.040000915527344,21.079999923706055,206941
2025-12-26 15:30:00+00:00,21.078542709350586,21.094999313354492,20.954999923706055,21.020000457763672,377772
2025-12-26 15:45:00+00:00,21.030000686645508,21.065000534057617,20.99799919128418,21.03499984741211,106571
2025-12-26 16:00:00+00:00,21.040000915527344,21.079999923706055,21.02129364013672,21.054000854492188,84631
2025-12-26 16:15:00+00:00,21.059999465942383,21.08970069885254,21.049999237060547,21.075000762939453,76067
2025-12-26 16:30:00+00:00,21.079999923706055,21.1200008392334,21.049999237060547,21.1200008392334,75969
2025-12-26 16:45:00+00:00,21.117799758911133,21.1200008392334,21.075000762939453,21.08880043029785,53430
2025-12-26 17:00:00+00:00,21.08449935913086,21.1299991607666,21.079999923706055,21.125600814819336,79451
2025-12-26 17:15:00+00:00,21.125,21.15999984741211,21.114999771118164,21.15999984741211,71132
2025-12-26 17:30:00+00:00,21.158700942993164,21.189899444580078,21.149999618530273,21.165000915527344,54777
2025-12-26 17:45:00+00:00,21.16309928894043,21.170000076293945,21.122100830078125,21.135000228881836,51339
2025-12-26 18:00:00+00:00,21.135000228881836,21.149900436401367,21.125,21.139999389648438,51556
2025-12-26 18:15:00+00:00,21.139999389648438,21.219999313354492,21.139999389648438,21.199899673461914,76701
2025-12-26 18:30:00+00:00,21.209999084472656,21.260000228881836,21.209999084472656,21.241500854492188,50042
2025-12-26 18:45:00+00:00,21.25,21.270000457763672,21.229900360107422,21.2549991607666,46979
2025-12-26 19:00:00+00:00,21.2549991607666,21.260000228881836,21.20009994506836,21.235000610351562,72134
2025-12-26 19:15:00+00:00,21.239999771118164,21.274999618530273,21.225000381469727,21.229999542236328,51936
2025-12-26 19:30:00+00:00,21.222000122070312,21.268999099731445,21.222000122070312,21.229999542236328,29795
2025-12-26 19:45:00+00:00,21.234500885009766,21.2549991607666,21.229999542236328,21.2450008392334,47045
2025-12-26 20:00:00+00:00,21.239999771118164,21.260000228881836,21.219999313354492,21.2549991607666,56795
2025-12-26 20:15:00+00:00,21.25510025024414,21.290000915527344,21.250099182128906,21.260000228881836,62471
2025-12-26 20:30:00+00:00,21.2549991607666,21.256900787353516,21.08099937438965,21.088600158691406,223937
2025-12-26 20:45:00+00:00,21.09000015258789,21.1299991607666,21.045000076293945,21.08989906311035,536580
2025-12-29 14:30:00+00:00,21.040000915527344,21.28499984741211,20.991500854492188,21.075000762939453,422583
2025-12-29 14:45:00+00:00,21.06999969482422,21.06999969482422,20.579999923706055,20.92620086669922,239559
2025-12-29 15:00:00+00:00,20.924999237060547,20.934999465942383,20.799999237060547,20.905000686645508,277454
2025-12-29 15:15:00+00:00,20.90999984741211,20.969999313354492,20.893699645996094,20.934999465942383,155146
2025-12-29 15:30:00+00:00,20.93000030517578,20.950000762939453,20.8700008392334,20.899999618530273,164513
2025-12-29 15:45:00+00:00,20.895000457763672,20.920000076293945,20.809999465942383,20.8799991607666,164114
2025-12-29 16:00:00+00:00,20.875,20.885000228881836,20.760000228881836,20.834999084472656,575958
2025-12-29 16:15:00+00:00,20.834999084472656,20.860000610351562,20.780000686645508,20.800100326538086,128872
2025-12-29 16:30:00+00:00,20.809999465942383,20.850000381469727,20.760000228881836,20.84000015258789,114496
2025-12-29 16:45:00+00:00,20.834999084472656,20.850000381469727,20.764999389648438,20.775100708007812,72590
2025-12-29 17:00:00+00:00,20.776399612426758,20.790000915527344,20.69499969482422,20.704999923706055,134012
2025-12-29 17:15:00+00:00,20.704999923706055,20.719999313354492,20.649999618530273,20.66860008239746,127711
2025-12-29 17:30:00+00:00,20.665000915527344,20.719999313354492,20.65999984741211,20.68000030517578,114083
2025-12-29 17:45:00+00:00,20.674999237060547,20.719999313354492,20.670000076293945,20.684999465942383,125924
2025-12-29 18:00:00+00:00,20.690000534057617,20.700000762939453,20.665000915527344,20.700000762939453,88991
2025-12-29 18:15:00+00:00,20.69499969482422,20.729999542236328,20.690000534057617,20.694400787353516,67006
2025-12-29 18:30:00+00:00,20.69499969482422,20.739999771118164,20.694400787353516,20.71500015258789,109140
2025-12-29 18:45:00+00:00,20.719999313354492,20.729999542236328,20.700000762939453,20.704999923706055,66512
2025-12-29 19:00:00+00:00,20.709999084472656,20.719999313354492,20.639999389648438,20.670000076293945,148021
2025-12-29 19:15:00+00:00,20.669200897216797,20.68000030517578,20.614999771118164,20.639999389648438,101007
2025-12-29 19:30:00+00:00,20.645599365234375,20.674999237060547,20.559999465942383,20.614999771118164,181610
2025-12-29 19:45:00+00:00,20.6156005859375,20.6200008392334,20.559999465942383,20.565000534057617,148432
2025-12-29 20:00:00+00:00,20.56999969482422,20.584999084472656,20.540000915527344,20.565000534057617,135893
2025-12-29 20:15:00+00:00,20.565000534057617,20.610000610351562,20.549999237060547,20.559999465942383,243991
2025-12-29 20:30:00+00:00,20.561100006103516,20.56999969482422,20.489999771118164,20.514999389648438,407498
2025-12-29 20:45:00+00:00,20.514999389648438,20.59670066833496,20.459999084472656,20.520000457763672,908347
2025-12-30 14:30:00+00:00,20.524999618530273,20.670000076293945,20.459999084472656,20.57379913330078,384489
2025-12-30 14:45:00+00:00,20.575000762939453,20.579999923706055,20.420000076293945,20.434200286865234,302419
2025-12-30 15:00:00+00:00,20.43000030517578,20.434999465942383,20.360000610351562,20.385000228881836,287213
2025-12-30 15:15:00+00:00,20.381528854370117,20.459999084472656,20.350000381469727,20.449899673461914,172848
2025-12-30 15:30:00+00:00,20.450000762939453,20.510000228881836,20.3799991607666,20.504899978637695,316072
2025-12-30 15:45:00+00:00,20.50349998474121,20.6200008392334,20.4950008392334,20.594999313354492,177031
2025-12-30 16:00:00+00:00,20.59000015258789,20.69499969482422,20.59000015258789,20.636199951171875,176741
2025-12-30 16:15:00+00:00,20.6343994140625,20.635099411010742,20.549999237060547,20.6299991607666,409075
2025-12-30 16:30:00+00:00,20.639999389648438,20.639999389648438,20.59000015258789,20.594999313354492,121087
2025-12-30 16:45:00+00:00,20.594999313354492,20.665000915527344,20.56999969482422,20.639999389648438,117797
2025-12-30 17:00:00+00:00,20.645000457763672,20.658700942993164,20.600000381469727,20.604999542236328,107433
2025-12-30 17:15:00+00:00,20.600000381469727,20.600000381469727,20.579999923706055,20.584999084472656,98704
2025-12-30 17:30:00+00:00,20.584999084472656,20.604999542236328,20.579999923706055,20.594999313354492,95849
2025-12-30 17:45:00+00:00,20.600000381469727,20.600000381469727,20.549999237060547,20.565000534057617,49796
2025-12-30 18:00:00+00:00,20.568899154663086,20.56999969482422,20.514999389648438,20.530000686645508,117941
2025-12-30 18:15:00+00:00,20.524999618530273,20.54599952697754,20.514400482177734,20.545000076293945,63372
2025-12-30 18:30:00+00:00,20.545000076293945,20.545000076293945,20.510000228881836,20.520000457763672,72926
2025-12-30 18:45:00+00:00,20.524999618530273,20.579999923706055,20.520000457763672,20.55069923400879,120004
2025-12-30 19:00:00+00:00,20.559999465942383,20.559999465942383,20.5,20.54159927368164,62937
2025-12-30 19:15:00+00:00,20.545000076293945,20.56999969482422,20.530000686645508,20.559999465942383,51830
2025-12-30 19:30:00+00:00,20.55500030517578,20.56999969482422,20.524999618530273,20.53499984741211,112672
2025-12-30 19:45:00+00:00,20.53499984741211,20.539899826049805,20.510000228881836,20.514999389648438,63180
2025-12-30 20:00:00+00:00,20.514999389648438,20.549999237060547,20.500099182128906,20.545000076293945,73351
2025-12-30 20:15:00+00:00,20.540000915527344,20.549999237060547,20.530000686645508,20.549999237060547,40835
2025-12-30 20:30:00+00:00,20.545000076293945,20.549999237060547,20.4950008392334,20.520000457763672,257239
2025-12-30 20:45:00+00:00,20.524999618530273,20.524999618530273,20.475000381469727,20.520000457763672,448557
2025-12-31 14:30:00+00:00,20.450000762939453,20.489999771118164,20.40999984741211,20.43000030517578,286825
2025-12-31 14:45:00+00:00,20.40999984741211,20.440000534057617,20.280000686645508,20.280000686645508,260025
2025-12-31 15:00:00+00:00,20.28499984741211,20.329999923706055,20.270000457763672,20.325000762939453,159456
2025-12-31 15:15:00+00:00,20.329999923706055,20.389999389648438,20.309999465942383,20.364999771118164,232098
2025-12-31 15:30:00+00:00,20.3700008392334,20.3799991607666,20.329999923706055,20.354999542236328,134591
2025-12-31 15:45:00+00:00,20.354999542236328,20.360000610351562,20.22010040283203,20.225000381469727,407373
2025-12-31 16:00:00+00:00,20.225000381469727,20.239999771118164,20.15999984741211,20.190000534057617,229908
2025-12-31 16:15:00+00:00,20.19499969482422,20.19499969482422,20.1299991607666,20.14550018310547,139302
2025-12-31 16:30:00+00:00,20.14900016784668,20.15999984741211,20.110000610351562,20.145000457763672,179796
2025-12-31 16:45:00+00:00,20.145000457763672,20.219999313354492,20.13010025024414,20.210100173950195,176773
2025-12-31 17:00:00+00:00,20.219900131225586,20.2549991607666,20.200000762939453,20.2450008392334,133925
2025-12-31 17:15:00+00:00,20.2450008392334,20.290000915527344,20.239999771118164,20.270000457763672,63739
2025-12-31 17:30:00+00:00,20.274999618530273,20.344999313354492,20.170000076293945,20.200000762939453,456176
2025-12-31 17:45:00+00:00,20.204999923706055,20.290000915527344,20.18000030517578,20.184499740600586,371743
2025-12-31 18:00:00+00:00,20.184999465942383,20.200000762939453,20.149999618530273,20.170000076293945,97057
2025-12-31 18:15:00+00:00,20.165000915527344,20.184999465942383,20.100000381469727,20.1200008392334,136435
2025-12-31 18:30:00+00:00,20.125,20.26609992980957,20.1200008392334,20.229999542236328,112049
2025-12-31 18:45:00+00:00,20.22599983215332,20.229900360107422,20.15999984741211,20.170000076293945,121365
2025-12-31 19:00:00+00:00,20.15999984741211,20.19499969482422,20.139999389648438,20.18000030517578,187669
2025-12-31 19:15:00+00:00,20.174999237060547,20.20989990234375,20.152000427246094,20.188499450683594,88275
2025-12-31 19:30:00+00:00,20.184999465942383,20.209999084472656,20.170000076293945,20.190000534057617,101779
2025-12-31 19:45:00+00:00,20.185100555419922,20.235000610351562,20.174999237060547,20.235000610351562,111853
2025-12-31 20:00:00+00:00,20.239999771118164,20.2450008392334,20.15999984741211,20.17329216003418,129572
2025-12-31 20:15:00+00:00,20.174999237060547,20.184999465942383,20.1200008392334,20.135000228881836,163581
2025-12-31 20:30:00+00:00,20.1299991607666,20.1299991607666,20.010000228881836,20.030000686645508,321354
2025-12-31 20:45:00+00:00,20.02989959716797,20.09980010986328,19.989999771118164,20.09000015258789,990198
2026-01-02 14:30:00+00:00,20.260000228881836,20.360000610351562,20.165000915527344,20.179399490356445,416402
2026-01-02 14:45:00+00:00,20.18000030517578,20.309999465942383,20.15999984741211,20.293598175048828,148222
2026-01-02 15:00:00+00:00,20.299999237060547,20.379899978637695,20.28499984741211,20.320100784301758,117225
2026-01-02 15:15:00+00:00,20.31999969482422,20.434999465942383,20.309999465942383,20.40999984741211,297241
2026-01-02 15:30:00+00:00,20.399999618530273,20.549999237060547,20.3799991607666,20.469999313354492,347661
2026-01-02 15:45:00+00:00,20.469999313354492,20.520000457763672,20.420000076293945,20.489999771118164,140737
2026-01-02 16:00:00+00:00,20.48550033569336,20.610000610351562,20.469999313354492,20.610000610351562,258453
2026-01-02 16:15:00+00:00,20.6200008392334,20.639999389648438,20.514999389648438,20.575000762939453,121386
2026-01-02 16:30:00+00:00,20.572500228881836,20.59000015258789,20.510000228881836,20.540000915527344,102811
2026-01-02 16:45:00+00:00,20.5492000579834,20.5492000579834,20.4414005279541,20.53499984741211,84502
2026-01-02 17:00:00+00:00,20.530000686645508,20.577499389648438,20.5,20.577499389648438,41957
2026-01-02 17:15:00+00:00,20.574499130249023,20.639999389648438,20.565000534057617,20.585500717163086,53004
2026-01-02 17:30:00+00:00,20.582700729370117,20.725000381469727,20.575000762939453,20.700000762939453,111983
2026-01-02 17:45:00+00:00,20.709999084472656,20.864999771118164,20.709999084472656,20.809999465942383,257753
2026-01-02 18:00:00+00:00,20.811399459838867,20.829999923706055,20.665000915527344,20.735000610351562,124120
2026-01-02 18:15:00+00:00,20.747499465942383,20.790000915527344,20.729999542236328,20.729999542236328,66734
2026-01-02 18:30:00+00:00,20.7450008392334,20.764999389648438,20.719999313354492,20.75,55092
2026-01-02 18:45:00+00:00,20.760000228881836,20.785999298095703,20.71500015258789,20.78499984741211,73984
2026-01-02 19:00:00+00:00,20.790000915527344,20.860000610351562,20.780099868774414,20.850000381469727,90615
2026-01-02 19:15:00+00:00,20.860000610351562,20.860000610351562,20.790000915527344,20.80900001525879,84639
2026-01-02 19:30:00+00:00,20.809999465942383,20.815000534057617,20.75,20.780000686645508,143952
2026-01-02 19:45:00+00:00,20.78499984741211,20.815000534057617,20.770000457763672,20.770000457763672,54320
2026-01-02 20:00:00+00:00,20.770000457763672,20.78499984741211,20.709999084472656,20.709999084472656,94179
2026-01-02 20:15:00+00:00,20.719999313354492,20.725000381469727,20.600000381469727,20.6200008392334,170755
2026-01-02 20:30:00+00:00,20.625,20.7549991607666,20.6200008392334,20.735000610351562,141274
2026-01-02 20:45:00+00:00,20.735000610351562,20.770000457763672,20.600000381469727,20.6299991607666,560132
2026-01-05 14:30:00+00:00,20.649999618530273,20.674999237060547,20.3799991607666,20.475000381469727,597373
2026-01-05 14:45:00+00:00,20.479999542236328,20.51460075378418,20.329999923706055,20.38990020751953,300524
2026-01-05 15:00:00+00:00,20.378999710083008,20.43000030517578,20.334999084472656,20.3799991607666,173032
2026-01-05 15:15:00+00:00,20.37929916381836,20.49799919128418,20.3700008392334,20.395000457763672,133389
2026-01-05 15:30:00+00:00,20.399999618530273,20.440000534057617,20.3700008392334,20.407100677490234,91928
2026-01-05 15:45:00+00:00,20.408000946044922,20.6299991607666,20.408000946044922,20.575000762939453,227976
2026-01-05 16:00:00+00:00,20.56999969482422,20.614999771118164,20.54199981689453,20.610000610351562,118587
2026-01-05 16:15:00+00:00,20.6200008392334,20.670000076293945,20.600000381469727,20.645000457763672,97700
2026-01-05 16:30:00+00:00,20.641199111938477,20.645000457763672,20.559999465942383,20.6200008392334,120122
2026-01-05 16:45:00+00:00,20.614999771118164,20.665000915527344,20.611400604248047,20.656999588012695,59471
2026-01-05 17:00:00+00:00,20.65999984741211,20.674999237060547,20.61050033569336,20.670000076293945,75500
2026-01-05 17:15:00+00:00,20.671199798583984,20.671199798583984,20.610000610351562,20.655000686645508,71968
2026-01-05 17:30:00+00:00,20.65999984741211,20.670000076293945,20.59000015258789,20.604999542236328,80974
2026-01-05 17:45:00+00:00,20.599700927734375,20.649999618530273,20.540000915527344,20.549999237060547,100195
2026-01-05 18:00:00+00:00,20.545000076293945,20.579999923706055,20.493999481201172,20.559999465942383,160299
2026-01-05 18:15:00+00:00,20.55030059814453,20.565000534057617,20.524999618530273,20.54599952697754,67156
2026-01-05 18:30:00+00:00,20.545000076293945,20.56999969482422,20.514999389648438,20.565000534057617,75343
2026-01-05 18:45:00+00:00,20.563899993896484,20.639999389648438,20.560100555419922,20.6299991607666,125103
2026-01-05 19:00:00+00:00,20.627899169921875,20.729999542236328,20.6200008392334,20.729999542236328,115954
2026-01-05 19:15:00+00:00,20.72260093688965,20.82990074157715,20.709999084472656,20.760000228881836,175676
2026-01-05 19:30:00+00:00,20.75,20.760000228881836,20.670000076293945,20.684999465942383,77663
2026-01-05 19:45:00+00:00,20.690000534057617,20.825000762939453,20.690000534057617,20.725000381469727,125987
2026-01-05 20:00:00+00:00,20.725000381469727,20.815000534057617,20.704999923706055,20.770000457763672,108350
2026-01-05 20:15:00+00:00,20.770000457763672,20.790000915527344,20.71310043334961,20.750099182128906,82420
2026-01-05 20:30:00+00:00,20.7549991607666,20.790000915527344,20.719999313354492,20.734500885009766,100080
2026-01-05 20:45:00+00:00,20.729999542236328,20.75,20.68000030517578,20.719999313354492,3355527
2026-01-06 14:30:00+00:00,20.600000381469727,20.700000762939453,20.600000381469727,20.6200008392334,243586
2026-01-06 14:45:00+00:00,20.6299991607666,20.739999771118164,20.610000610351562,20.729000091552734,116979
2026-01-06 15:00:00+00:00,20.719999313354492,20.739999771118164,20.655000686645508,20.71500015258789,98665
2026-01-06 15:15:00+00:00,20.71500015258789,20.790000915527344,20.700000762939453,20.787599563598633,122629
2026-01-06 15:30:00+00:00,20.790000915527344,20.799999237060547,20.729999542236328,20.729999542236328,90710
2026-01-06 15:45:00+00:00,20.770000457763672,20.829999923706055,20.770000457763672,20.791400909423828,110573
2026-01-06 16:00:00+00:00,20.75,20.844999313354492,20.729999542236328,20.835599899291992,202428
2026-01-06 16:15:00+00:00,20.829999923706055,20.844999313354492,20.815000534057617,20.84000015258789,80212
2026-01-06 16:30:00+00:00,20.854999542236328,20.860000610351562,20.760000228881836,20.780000686645508,108192
2026-01-06 16:45:00+00:00,20.78499984741211,20.8700008392334,20.78499984741211,20.854999542236328,130984
2026-01-06 17:00:00+00:00,20.854999542236328,20.854999542236328,20.808000564575195,20.81999969482422,74807
2026-01-06 17:15:00+00:00,20.815000534057617,20.848600387573242,20.790000915527344,20.809999465942383,71751
2026-01-06 17:30:00+00:00,20.80500030517578,20.809999465942383,20.704999923706055,20.725000381469727,68195
2026-01-06 17:45:00+00:00,20.725000381469727,20.725000381469727,20.665000915527344,20.674999237060547,85506
2026-01-06 18:00:00+00:00,20.670000076293945,20.719999313354492,20.660200119018555,20.69499969482422,100861
2026-01-06 18:15:00+00:00,20.69540023803711,20.69569969177246,20.690000534057617,20.690000534057617,59343
2026-01-06 18:30:00+00:00,20.685199737548828,20.689899444580078,20.65999984741211,20.665000915527344,98752
2026-01-06 18:45:00+00:00,20.65999984741211,20.65999984741211,20.58919906616211,20.604999542236328,49472
2026-01-06 19:00:00+00:00,20.648799896240234,20.690000534057617,20.610000610351562,20.624000549316406,78977
2026-01-06 19:15:00+00:00,20.6200008392334,20.639999389648438,20.600299835205078,20.614999771118164,68477
2026-01-06 19:30:00+00:00,20.614999771118164,20.6200008392334,20.56999969482422,20.575000762939453,88164
2026-01-06 19:45:00+00:00,20.577999114990234,20.614999771118164,20.575000762939453,20.610000610351562,47020
2026-01-06 20:00:00+00:00,20.625,20.690000534057617,20.625,20.684999465942383,114097
2026-01-06 20:15:00+00:00,20.684999465942383,20.7549991607666,20.68429946899414,20.7549991607666,78333
2026-01-06 20:30:00+00:00,20.764999389648438,20.834999084472656,20.760000228881836,20.815000534057617,160931
2026-01-06 20:45:00+00:00,20.815000534057617,20.81999969482422,20.65999984741211,20.670000076293945,444967
2026-01-07 14:30:00+00:00,21.649999618530273,21.739999771118164,21.40559959411621,21.6299991607666,1616222
2026-01-07 14:45:00+00:00,21.6200008392334,21.770000457763672,21.465999603271484,21.649999618530273,593234
2026-01-07 15:00:00+00:00,21.645000457763672,21.739999771118164,21.559999465942383,21.709999084472656,401428
2026-01-07 15:15:00+00:00,21.701000213623047,21.75,21.594999313354492,21.726999282836914,271830
2026-01-07 15:30:00+00:00,21.729999542236328,21.899999618530273,21.690000534057617,21.899999618530273,512436
2026-01-07 15:45:00+00:00,21.895599365234375,21.950000762939453,21.824800491333008,21.950000762939453,538162
2026-01-07 16:00:00+00:00,21.950000762939453,22.014999389648438,21.844999313354492,21.909900665283203,432925
2026-01-07 16:15:00+00:00,21.90999984741211,22.010000228881836,21.799999237060547,21.90399932861328,414779
2026-01-07 16:30:00+00:00,21.899999618530273,21.94499969482422,21.665000915527344,21.710100173950195,271746
2026-01-07 16:45:00+00:00,21.71500015258789,21.759899139404297,21.666000366210938,21.709999084472656,119731
2026-01-07 17:00:00+00:00,21.709999084472656,21.719900131225586,21.5,21.520000457763672,243197
2026-01-07 17:15:00+00:00,21.51140022277832,21.598600387573242,21.450000762939453,21.590099334716797,572507
2026-01-07 17:30:00+00:00,21.59000015258789,21.594999313354492,21.459999084472656,21.485000610351562,139925
2026-01-07 17:45:00+00:00,21.481399536132812,21.514999389648438,21.389999389648438,21.401399612426758,218143
2026-01-07 18:00:00+00:00,21.399999618530273,21.479999542236328,21.360000610351562,21.464000701904297,104979
2026-01-07 18:15:00+00:00,21.46500015258789,21.5,21.360000610351562,21.405000686645508,143295
2026-01-07 18:30:00+00:00,21.409799575805664,21.424999237060547,21.326099395751953,21.341999053955078,173313
2026-01-07 18:45:00+00:00,21.344999313354492,21.469999313354492,21.31999969482422,21.43000030517578,536614
2026-01-07 19:00:00+00:00,21.434999465942383,21.434999465942383,21.274999618530273,21.325000762939453,151194
2026-01-07 19:15:00+00:00,21.325000762939453,21.329999923706055,21.225000381469727,21.25,96681
2026-01-07 19:30:00+00:00,21.270000457763672,21.344999313354492,21.25,21.290000915527344,84144
2026-01-07 19:45:00+00:00,21.284500122070312,21.31999969482422,21.270000457763672,21.270000457763672,54157
2026-01-07 20:00:00+00:00,21.270000457763672,21.274999618530273,21.184999465942383,21.219999313354492,1015021
2026-01-07 20:15:00+00:00,21.21500015258789,21.280000686645508,21.200000762939453,21.2450008392334,229457
2026-01-07 20:30:00+00:00,21.2450008392334,21.469999313354492,21.2450008392334,21.454999923706055,472435
2026-01-07 20:45:00+00:00,21.450000762939453,21.450000762939453,21.280000686645508,21.295000076293945,681951
2026-01-08 14:30:00+00:00,21.200000762939453,21.309999465942383,21.1200008392334,21.229999542236328,313461
2026-01-08 14:45:00+00:00,21.229999542236328,21.32830047607422,21.165000915527344,21.18000030517578,117103
2026-01-08 15:00:00+00:00,21.18000030517578,21.329999923706055,21.09000015258789,21.28499984741211,191404
2026-01-08 15:15:00+00:00,21.290000915527344,21.378700256347656,21.25,21.344999313354492,184865
2026-01-08 15:30:00+00:00,21.344999313354492,21.34510040283203,21.25,21.25,76150
2026-01-08 15:45:00+00:00,21.250099182128906,21.270000457763672,21.149999618530273,21.2549991607666,133095
2026-01-08 16:00:00+00:00,21.2549991607666,21.277999877929688,21.229999542236328,21.270099639892578,62949
2026-01-08 16:15:00+00:00,21.270000457763672,21.424999237060547,21.270000457763672,21.424999237060547,110590
2026-01-08 16:30:00+00:00,21.424999237060547,21.440000534057617,21.354999542236328,21.3799991607666,96693
2026-01-08 16:45:00+00:00,21.375,21.415000915527344,21.36319923400879,21.40999984741211,58740
2026-01-08 17:00:00+00:00,21.420000076293945,21.434999465942383,21.364999771118164,21.364999771118164,101723
2026-01-08 17:15:00+00:00,21.3700008392334,21.3799991607666,21.290000915527344,21.299999237060547,180317
2026-01-08 17:30:00+00:00,21.309999465942383,21.360000610351562,21.2898006439209,21.335399627685547,53753
2026-01-08 17:45:00+00:00,21.334999084472656,21.34000015258789,21.30500030517578,21.30500030517578,40821
2026-01-08 18:00:00+00:00,21.30500030517578,21.309999465942383,21.200000762939453,21.219999313354492,154261
2026-01-08 18:15:00+00:00,21.21500015258789,21.2450008392334,21.204999923706055,21.23889923095703,94609
2026-01-08 18:30:00+00:00,21.239999771118164,21.309999465942383,21.239999771118164,21.309999465942383,82919
2026-01-08 18:45:00+00:00,21.31693458557129,21.375,21.309999465942383,21.334999084472656,45702
2026-01-08 19:00:00+00:00,21.34000015258789,21.364999771118164,21.34000015258789,21.350000381469727,56511
2026-01-08 19:15:00+00:00,21.342899322509766,21.3700008392334,21.31999969482422,21.3700008392334,50045
2026-01-08 19:30:00+00:00,21.3700008392334,21.3799991607666,21.329999923706055,21.34000015258789,58454
2026-01-08 19:45:00+00:00,21.344999313354492,21.440000534057617,21.344999313354492,21.40999984741211,218229
2026-01-08 20:00:00+00:00,21.405000686645508,21.440000534057617,21.360000610351562,21.364999771118164,150988
2026-01-08 20:15:00+00:00,21.3656005859375,21.3799991607666,21.31999969482422,21.354000091552734,87190
2026-01-08 20:30:00+00:00,21.354999542236328,21.40999984741211,21.34000015258789,21.40999984741211,144317
2026-01-08 20:45:00+00:00,21.405000686645508,21.43000030517578,21.350000381469727,21.420000076293945,386817
2026-01-09 14:30:00+00:00,21.280000686645508,21.371299743652344,21.170000076293945,21.299999237060547,278895
2026-01-09 14:45:00+00:00,21.270000457763672,21.299999237060547,21.149999618530273,21.280000686645508,219519
2026-01-09 15:00:00+00:00,21.280000686645508,21.280000686645508,21.059999465942383,21.100000381469727,178290
2026-01-09 15:15:00+00:00,21.110000610351562,21.17639923095703,21.05120086669922,21.15999984741211,104525
2026-01-09 15:30:00+00:00,21.164499282836914,21.270000457763672,21.145000457763672,21.20989990234375,113384
2026-01-09 15:45:00+00:00,21.204999923706055,21.260000228881836,21.149999618530273,21.25,457924
2026-01-09 16:00:00+00:00,21.2450008392334,21.299999237060547,21.219999313354492,21.280000686645508,80032
2026-01-09 16:15:00+00:00,21.27079963684082,21.280000686645508,21.219999313354492,21.229999542236328,58621
2026-01-09 16:30:00+00:00,21.229999542236328,21.23590087890625,21.145000457763672,21.18000030517578,97935
2026-01-09 16:45:00+00:00,21.18000030517578,21.25,21.139999389648438,21.219999313354492,91099
2026-01-09 17:00:00+00:00,21.229799270629883,21.239999771118164,21.184999465942383,21.209400177001953,302454
2026-01-09 17:15:00+00:00,21.208599090576172,21.235000610351562,21.1299991607666,21.21500015258789,62636
2026-01-09 17:30:00+00:00,21.21500015258789,21.56999969482422,21.200000762939453,21.55500030517578,358561
2026-01-09 17:45:00+00:00,21.549999237060547,21.729000091552734,21.375999450683594,21.5,666065
2026-01-09 18:00:00+00:00,21.5,21.5,21.360000610351562,21.434999465942383,137878
2026-01-09 18:15:00+00:00,21.439899444580078,21.455400466918945,21.375,21.3799991607666,113290
2026-01-09 18:30:00+00:00,21.3799991607666,21.43000030517578,21.360000610351562,21.389999389648438,75054
2026-01-09 18:45:00+00:00,21.389999389648438,21.424999237060547,21.364999771118164,21.39539909362793,150737
2026-01-09 19:00:00+00:00,21.399999618530273,21.459999084472656,21.370100021362305,21.42970085144043,67705
2026-01-09 19:15:00+00:00,21.43000030517578,21.43000030517578,21.34000015258789,21.40999984741211,85802
2026-01-09 19:30:00+00:00,21.40999984741211,21.462400436401367,21.360000610351562,21.364999771118164,71793
2026-01-09 19:45:00+00:00,21.360000610351562,21.360000610351562,21.309999465942383,21.320899963378906,94155
2026-01-09 20:00:00+00:00,21.325000762939453,21.325000762939453,21.225000381469727,21.2450008392334,134646
2026-01-09 20:15:00+00:00,21.241100311279297,21.280000686645508,21.149999618530273,21.258331298828125,215536
2026-01-09 20:30:00+00:00,21.260000228881836,21.270000457763672,21.17140007019043,21.235000610351562,160304
2026-01-09 20:45:00+00:00,21.229999542236328,21.270000457763672,21.190000534057617,21.239999771118164,366861
2026-01-12 14:30:00+00:00,21.079999923706055,21.11989974975586,20.920000076293945,21.06999969482422,433546
2026-01-12 14:45:00+00:00,21.059999465942383,21.148799896240234,21.0,21.148799896240234,94710
2026-01-12 15:00:00+00:00,21.139999389648438,21.299999237060547,21.1299991607666,21.184999465942383,223055
2026-01-12 15:15:00+00:00,21.180099487304688,21.185400009155273,21.110000610351562,21.149999618530273,213605
2026-01-12 15:30:00+00:00,21.149999618530273,21.170000076293945,21.010099411010742,21.065399169921875,184078
2026-01-12 15:45:00+00:00,21.059999465942383,21.125,21.0,21.1200008392334,103343
2026-01-12 16:00:00+00:00,21.125,21.149999618530273,21.100000381469727,21.120100021362305,49995
2026-01-12 16:15:00+00:00,21.12980079650879,21.1299991607666,21.03499984741211,21.09000015258789,69508
2026-01-12 16:30:00+00:00,21.079999923706055,21.139999389648438,21.049999237060547,21.114999771118164,77236
2026-01-12 16:45:00+00:00,21.119800567626953,21.139999389648438,21.104299545288086,21.104999542236328,65225
2026-01-12 17:00:00+00:00,21.100000381469727,21.27989959716797,21.09000015258789,21.200000762939453,215759
2026-01-12 17:15:00+00:00,21.190000534057617,21.290000915527344,21.18000030517578,21.239999771118164,75906
2026-01-12 17:30:00+00:00,21.239999771118164,21.25,21.15530014038086,21.219999313354492,67425
2026-01-12 17:45:00+00:00,21.229999542236328,21.30500030517578,21.219999313354492,21.225000381469727,74100
2026-01-12 18:00:00+00:00,21.22800064086914,21.239999771118164,21.204999923706055,21.21500015258789,47942
2026-01-12 18:15:00+00:00,21.219999313354492,21.235000610351562,21.184999465942383,21.200000762939453,42692
2026-01-12 18:30:00+00:00,21.200000762939453,21.235000610351562,21.139999389648438,21.150699615478516,68705
2026-01-12 18:45:00+00:00,21.149999618530273,21.165000915527344,21.1299991607666,21.162099838256836,45507
2026-01-12 19:00:00+00:00,21.170000076293945,21.170000076293945,21.100000381469727,21.114999771118164,82229
2026-01-12 19:15:00+00:00,21.114999771118164,21.114999771118164,21.040000915527344,21.059999465942383,65190
2026-01-12 19:30:00+00:00,21.065000534057617,21.100000381469727,21.040000915527344,21.040000915527344,32393
2026-01-12 19:45:00+00:00,21.045000076293945,21.110000610351562,21.030000686645508,21.094999313354492,82427
2026-01-12 20:00:00+00:00,21.100000381469727,21.125,21.079999923706055,21.079999923706055,65653
2026-01-12 20:15:00+00:00,21.079999923706055,21.125,20.979999542236328,20.985000610351562,173255
2026-01-12 20:30:00+00:00,20.979999542236328,21.010000228881836,20.9601993560791,20.9950008392334,118872
2026-01-12 20:45:00+00:00,20.996299743652344,21.05500030517578,20.959999084472656,20.989999771118164,491627
2026-01-13 14:30:00+00:00,20.989999771118164,21.100000381469727,20.8700008392334,21.075000762939453,398372
2026-01-13 14:45:00+00:00,21.075000762939453,21.209999084472656,20.950000762939453,20.950000762939453,183914
2026-01-13 15:00:00+00:00,20.953500747680664,20.959999084472656,20.90999984741211,20.93440055847168,173423
2026-01-13 15:15:00+00:00,20.93000030517578,20.950000762939453,20.84000015258789,20.854999542236328,139736
2026-01-13 15:30:00+00:00,20.860000610351562,20.96500015258789,20.850000381469727,20.915000915527344,86786
2026-01-13 15:45:00+00:00,20.915000915527344,20.93000030517578,20.860000610351562,20.90999984741211,101105
2026-01-13 16:00:00+00:00,20.905000686645508,20.950000762939453,20.875,20.924999237060547,73589
2026-01-13 16:15:00+00:00,20.92930030822754,20.950000762939453,20.90399932861328,20.92799949645996,64511
2026-01-13 16:30:00+00:00,20.920000076293945,20.959999084472656,20.920000076293945,20.934499740600586,63668
2026-01-13 16:45:00+00:00,20.934999465942383,20.950000762939453,20.90999984741211,20.90999984741211,38578
2026-01-13 17:00:00+00:00,20.915000915527344,20.9950008392334,20.90999984741211,20.981399536132812,101062
2026-01-13 17:15:00+00:00,20.985000610351562,21.049999237060547,20.969999313354492,21.01889991760254,67135
2026-01-13 17:30:00+00:00,21.014999389648438,21.014999389648438,20.954999923706055,20.989999771118164,50619
2026-01-13 17:45:00+00:00,20.9950008392334,20.9950008392334,20.940000534057617,20.94499969482422,61803
2026-01-13 18:00:00+00:00,20.9414005279541,20.959999084472656,20.930099487304688,20.954999923706055,37328
2026-01-13 18:15:00+00:00,20.959999084472656,20.975000381469727,20.959999084472656,20.96500015258789,17338
2026-01-13 18:30:00+00:00,20.969900131225586,20.985000610351562,20.940000534057617,20.96500015258789,309509
2026-01-13 18:45:00+00:00,20.961200714111328,21.02899932861328,20.961200714111328,21.024999618530273,46691
2026-01-13 19:00:00+00:00,21.030000686645508,21.030000686645508,20.924999237060547,20.924999237060547,70138
2026-01-13 19:15:00+00:00,20.924999237060547,20.949899673461914,20.90999984741211,20.93000030517578,62509
2026-01-13 19:30:00+00:00,20.924999237060547,21.0,20.924999237060547,21.0,52302
2026-01-13 19:45:00+00:00,20.9950008392334,21.05929946899414,20.950000762939453,21.049999237060547,327336
2026-01-13 20:00:00+00:00,21.045000076293945,21.09000015258789,21.030000686645508,21.09000015258789,641578
2026-01-13 20:15:00+00:00,21.094999313354492,21.09600067138672,20.969999313354492,20.979999542236328,89450
2026-01-13 20:30:00+00:00,20.979999542236328,20.985000610351562,20.93000030517578,20.934999465942383,77293
2026-01-13 20:45:00+00:00,20.934999465942383,21.040000915527344,20.934999465942383,21.030000686645508,520171
2026-01-14 14:30:00+00:00,21.0,21.059999465942383,20.829999923706055,20.934999465942383,455722
2026-01-14 14:45:00+00:00,20.950000762939453,20.959999084472656,20.899999618530273,20.90999984741211,90381
2026-01-14 15:00:00+00:00,20.899999618530273,20.979999542236328,20.854999542236328,20.854999542236328,113216
2026-01-14 15:15:00+00:00,20.854999542236328,20.90999984741211,20.815000534057617,20.860000610351562,171242
2026-01-14 15:30:00+00:00,20.84000015258789,20.875,20.799999237060547,20.81999969482422,103305
2026-01-14 15:45:00+00:00,20.824199676513672,20.854999542236328,20.790000915527344,20.854999542236328,118388
2026-01-14 16:00:00+00:00,20.856300354003906,20.90999984741211,20.854999542236328,20.895000457763672,102759
2026-01-14 16:15:00+00:00,20.895000457763672,20.96500015258789,20.8799991607666,20.950000762939453,71995
2026-01-14 16:30:00+00:00,20.950000762939453,20.979999542236328,20.870100021362305,20.889999389648438,69538
2026-01-14 16:45:00+00:00,20.899999618530273,20.905000686645508,20.799999237060547,20.809999465942383,75483
2026-01-14 17:00:00+00:00,20.809999465942383,20.8700008392334,20.809999465942383,20.866199493408203,32566
2026-01-14 17:15:00+00:00,20.8700008392334,20.909900665283203,20.850000381469727,20.905000686645508,66210
2026-01-14 17:30:00+00:00,20.905000686645508,20.920000076293945,20.88010025024414,20.90999984741211,38757
2026-01-14 17:45:00+00:00,20.914600372314453,20.954999923706055,20.889999389648438,20.920000076293945,79565
2026-01-14 18:00:00+00:00,20.90999984741211,20.940000534057617,20.89419937133789,20.934600830078125,33785
2026-01-14 18:15:00+00:00,20.924999237060547,20.926000595092773,20.890100479125977,20.890100479125977,35066
2026-01-14 18:30:00+00:00,20.899999618530273,20.926700592041016,20.864999771118164,20.864999771118164,510181
2026-01-14 18:45:00+00:00,20.869600296020508,20.915000915527344,20.850000381469727,20.90999984741211,81284
2026-01-14 19:00:00+00:00,20.915000915527344,20.935800552368164,20.820100784301758,20.934999465942383,114985
2026-01-14 19:15:00+00:00,20.934999465942383,20.954999923706055,20.920000076293945,20.94499969482422,67694
2026-01-14 19:30:00+00:00,20.94499969482422,20.985000610351562,20.920000076293945,20.979999542236328,55727
2026-01-14 19:45:00+00:00,20.979999542236328,21.0,20.889999389648438,20.90999984741211,57420
2026-01-14 20:00:00+00:00,20.899999618530273,21.0,20.86400032043457,20.954999923706055,121659
2026-01-14 20:15:00+00:00,20.954999923706055,20.96500015258789,20.90999984741211,20.930099487304688,95917
2026-01-14 20:30:00+00:00,20.934999465942383,20.959999084472656,20.905000686645508,20.915000915527344,92672
2026-01-14 20:45:00+00:00,20.915000915527344,21.079999923706055,20.90999984741211,20.9950008392334,944386
2026-01-15 14:30:00+00:00,20.969999313354492,21.0049991607666,20.8799991607666,20.920000076293945,168142
2026-01-15 14:45:00+00:00,20.91349983215332,21.09000015258789,20.902799606323242,21.065000534057617,111405
2026-01-15 15:00:00+00:00,21.062000274658203,21.229999542236328,21.062000274658203,21.229900360107422,227840
2026-01-15 15:15:00+00:00,21.22480010986328,21.350000381469727,21.21179962158203,21.30500030517578,235880
2026-01-15 15:30:00+00:00,21.30500030517578,21.405000686645508,21.229999542236328,21.233299255371094,226370
2026-01-15 15:45:00+00:00,21.229999542236328,21.315000534057617,21.18000030517578,21.225000381469727,96421
2026-01-15 16:00:00+00:00,21.225000381469727,21.34000015258789,21.18470001220703,21.19499969482422,96587
2026-01-15 16:15:00+00:00,21.200000762939453,21.219999313354492,21.170000076293945,21.174999237060547,72705
2026-01-15 16:30:00+00:00,21.174999237060547,21.260000228881836,21.16069984436035,21.235000610351562,61532
2026-01-15 16:45:00+00:00,21.235000610351562,21.295000076293945,21.21500015258789,21.219999313354492,139777
2026-01-15 17:00:00+00:00,21.219999313354492,21.225000381469727,21.184999465942383,21.21500015258789,27039
2026-01-15 17:15:00+00:00,21.214599609375,21.235000610351562,21.204999923706055,21.229999542236328,33083
2026-01-15 17:30:00+00:00,21.23859977722168,21.23859977722168,21.190000534057617,21.190000534057617,27696
2026-01-15 17:45:00+00:00,21.184999465942383,21.200000762939453,21.1200008392334,21.139999389648438,61896
2026-01-15 18:00:00+00:00,21.139999389648438,21.19499969482422,21.139999389648438,21.19499969482422,75349
2026-01-15 18:15:00+00:00,21.192399978637695,21.19499969482422,21.100000381469727,21.13129997253418,99025
2026-01-15 18:30:00+00:00,21.135000228881836,21.159700393676758,21.114999771118164,21.14459991455078,46468
2026-01-15 18:45:00+00:00,21.140100479125977,21.200000762939453,21.135000228881836,21.18549919128418,148235
2026-01-15 19:00:00+00:00,21.18160057067871,21.290000915527344,21.170000076293945,21.270000457763672,76052
2026-01-15 19:15:00+00:00,21.270000457763672,21.271400451660156,21.209999084472656,21.2450008392334,73266
2026-01-15 19:30:00+00:00,21.243799209594727,21.243799209594727,21.184999465942383,21.190000534057617,39139
2026-01-15 19:45:00+00:00,21.19540023803711,21.25510025024414,21.1914005279541,21.25,61885
2026-01-15 20:00:00+00:00,21.2450008392334,21.264999389648438,21.200000762939453,21.264999389648438,67723
2026-01-15 20:15:00+00:00,21.260000228881836,21.260000228881836,21.200000762939453,21.229999542236328,707489
2026-01-15 20:30:00+00:00,21.219999313354492,21.239999771118164,21.200000762939453,21.219999313354492,682846
2026-01-15 20:45:00+00:00,21.229999542236328,21.420000076293945,21.20039939880371,21.3700008392334,932173
2026-01-16 14:30:00+00:00,21.329999923706055,21.469999313354492,21.175199508666992,21.175199508666992,312177
2026-01-16 14:45:00+00:00,21.184999465942383,21.309999465942383,21.18000030517578,21.299999237060547,119470
2026-01-16 15:00:00+00:00,21.291400909423828,21.334999084472656,21.239999771118164,21.2450008392334,106913
2026-01-16 15:15:00+00:00,21.25,21.309999465942383,21.219999313354492,21.239999771118164,129363
2026-01-16 15:30:00+00:00,21.25,21.25,21.1299991607666,21.200000762939453,109831
2026-01-16 15:45:00+00:00,21.204999923706055,21.239999771118164,21.15130043029785,21.239999771118164,98747
2026-01-16 16:00:00+00:00,21.239999771118164,21.290000915527344,21.219999313354492,21.2549991607666,81300
2026-01-16 16:15:00+00:00,21.270000457763672,21.309999465942383,21.259899139404297,21.309999465942383,65372
2026-01-16 16:30:00+00:00,21.309999465942383,21.309999465942383,21.229999542236328,21.239999771118164,84760
2026-01-16 16:45:00+00:00,21.25,21.260000228881836,21.190000534057617,21.19499969482422,58604
2026-01-16 17:00:00+00:00,21.197399139404297,21.197399139404297,21.149999618530273,21.174999237060547,84844
2026-01-16 17:15:00+00:00,21.174999237060547,21.190000534057617,21.165000915527344,21.170000076293945,62615
2026-01-16 17:30:00+00:00,21.174999237060547,21.209999084472656,21.170000076293945,21.200000762939453,85605
2026-01-16 17:45:00+00:00,21.205400466918945,21.2450008392334,21.184999465942383,21.239999771118164,128379
2026-01-16 18:00:00+00:00,21.239999771118164,21.270000457763672,21.219999313354492,21.225000381469727,58233
2026-01-16 18:15:00+00:00,21.229999542236328,21.260000228881836,21.229999542236328,21.25,47240
2026-01-16 18:30:00+00:00,21.2450008392334,21.290000915527344,21.239999771118164,21.264999389648438,61719
2026-01-16 18:45:00+00:00,21.260099411010742,21.290000915527344,21.239999771118164,21.280000686645508,61615
2026-01-16 19:00:00+00:00,21.289899826049805,21.299999237060547,21.2450008392334,21.255399703979492,109377
2026-01-16 19:15:00+00:00,21.260000228881836,21.28499984741211,21.2450008392334,21.274999618530273,164184
2026-01-16 19:30:00+00:00,21.274999618530273,21.274999618530273,21.221399307250977,21.25,73238
2026-01-16 19:45:00+00:00,21.2450008392334,21.264999389648438,21.200000762939453,21.264999389648438,215511
2026-01-16 20:00:00+00:00,21.270000457763672,21.299999237060547,21.204999923706055,21.2549991607666,170908
2026-01-16 20:15:00+00:00,21.2549991607666,21.2549991607666,21.135000228881836,21.15999984741211,225400
2026-01-16 20:30:00+00:00,21.149999618530273,21.149999618530273,21.059999465942383,21.1299991607666,300235
2026-01-16 20:45:00+00:00,21.135000228881836,21.149999618530273,21.09000015258789,21.09000015258789,435442
2026-01-20 14:30:00+00:00,20.799999237060547,20.940000534057617,20.690000534057617,20.8789005279541,689308
2026-01-20 14:45:00+00:00,20.8700008392334,20.885000228881836,20.75,20.848499298095703,246841
2026-01-20 15:00:00+00:00,20.850000381469727,20.8700008392334,20.799999237060547,20.799999237060547,220795
2026-01-20 15:15:00+00:00,20.80500030517578,20.985000610351562,20.799999237060547,20.97450065612793,232113
2026-01-20 15:30:00+00:00,20.969999313354492,21.070999145507812,20.934999465942383,21.070999145507812,195938
2026-01-20 15:45:00+00:00,21.06999969482422,21.09000015258789,21.010000228881836,21.030000686645508,205389
2026-01-20 16:00:00+00:00,21.030000686645508,21.06999969482422,20.989999771118164,21.024999618530273,138908
2026-01-20 16:15:00+00:00,21.024999618530273,21.059999465942383,21.010000228881836,21.020000457763672,62171
2026-01-20 16:30:00+00:00,21.030000686645508,21.110000610351562,21.030000686645508,21.064699172973633,69474
2026-01-20 16:45:00+00:00,21.06999969482422,21.25,21.06999969482422,21.219999313354492,133087
2026-01-20 17:00:00+00:00,21.209999084472656,21.209999084472656,21.139999389648438,21.204999923706055,103651
2026-01-20 17:15:00+00:00,21.204999923706055,21.209999084472656,21.068500518798828,21.11009979248047,89640
2026-01-20 17:30:00+00:00,21.110000610351562,21.1200008392334,20.96500015258789,20.995399475097656,181883
2026-01-20 17:45:00+00:00,20.9950008392334,20.9950008392334,20.886899948120117,20.90999984741211,101250
2026-01-20 18:00:00+00:00,20.90999984741211,20.954999923706055,20.889999389648438,20.94499969482422,59561
2026-01-20 18:15:00+00:00,20.950000762939453,20.96500015258789,20.850000381469727,20.864500045776367,71307
2026-01-20 18:30:00+00:00,20.865100860595703,20.8799991607666,20.75,20.82550048828125,213347
2026-01-20 18:45:00+00:00,20.825000762939453,20.834999084472656,20.780000686645508,20.81999969482422,99799
2026-01-20 19:00:00+00:00,20.825000762939453,20.889999389648438,20.81999969482422,20.854999542236328,235975
2026-01-20 19:15:00+00:00,20.854999542236328,20.854999542236328,20.790000915527344,20.844999313354492,156267
2026-01-20 19:30:00+00:00,20.850000381469727,20.934999465942383,20.7450008392334,20.934999465942383,172022
2026-01-20 19:45:00+00:00,20.93000030517578,21.05500030517578,20.90999984741211,21.05500030517578,300411
2026-01-20 20:00:00+00:00,21.045000076293945,21.155000686645508,21.020000457763672,21.079999923706055,288302
2026-01-20 20:15:00+00:00,21.079999923706055,21.18000030517578,21.041900634765625,21.179100036621094,353721
2026-01-20 20:30:00+00:00,21.174999237060547,21.209999084472656,21.100000381469727,21.104999542236328,478188
2026-01-20 20:45:00+00:00,21.104999542236328,21.15999984741211,21.079999923706055,21.09000015258789,335984
2026-01-21 14:30:00+00:00,21.670000076293945,21.829999923706055,21.3700008392334,21.395000457763672,1143217
2026-01-21 14:45:00+00:00,21.389999389648438,21.674999237060547,21.360000610351562,21.6299991607666,297156
2026-01-21 15:00:00+00:00,21.618999481201172,21.790000915527344,21.59000015258789,21.76140022277832,685747
2026-01-21 15:15:00+00:00,21.799999237060547,21.924999237060547,21.700000762939453,21.71269989013672,416741
2026-01-21 15:30:00+00:00,21.71500015258789,21.764999389648438,21.683700561523438,21.709999084472656,258570
2026-01-21 15:45:00+00:00,21.709999084472656,21.790000915527344,21.6299991607666,21.77989959716797,183535
2026-01-21 16:00:00+00:00,21.780000686645508,21.899999618530273,21.725000381469727,21.82900047302246,318932
2026-01-21 16:15:00+00:00,21.823299407958984,21.84000015258789,21.770000457763672,21.829999923706055,185560
2026-01-21 16:30:00+00:00,21.84000015258789,21.854999542236328,21.701400756835938,21.704999923706055,140262
2026-01-21 16:45:00+00:00,21.700000762939453,21.704500198364258,21.530000686645508,21.604999542236328,349086
2026-01-21 17:00:00+00:00,21.610000610351562,21.639999389648438,21.560300827026367,21.56999969482422,225566
2026-01-21 17:15:00+00:00,21.56999969482422,21.67609977722168,21.559999465942383,21.655000686645508,144805
2026-01-21 17:30:00+00:00,21.649999618530273,21.649999618530273,21.57349967956543,21.574600219726562,350214
2026-01-21 17:45:00+00:00,21.575000762939453,21.770000457763672,21.549999237060547,21.769899368286133,176496
2026-01-21 18:00:00+00:00,21.76140022277832,21.770000457763672,21.649999618530273,21.670000076293945,82754
2026-01-21 18:15:00+00:00,21.65999984741211,21.690000534057617,21.6299991607666,21.639999389648438,41600
2026-01-21 18:30:00+00:00,21.678699493408203,21.68000030517578,21.575000762939453,21.584999084472656,92016
2026-01-21 18:45:00+00:00,21.584999084472656,21.6299991607666,21.549999237060547,21.6200008392334,165622
2026-01-21 19:00:00+00:00,21.6299991607666,21.639999389648438,21.545000076293945,21.636953353881836,174974
2026-01-21 19:15:00+00:00,21.639999389648438,21.81999969482422,21.614999771118164,21.809999465942383,93444
2026-01-21 19:30:00+00:00,21.809999465942383,21.834999084472656,21.77630043029785,21.815000534057617,139836
2026-01-21 19:45:00+00:00,21.809999465942383,21.834999084472656,21.75,21.80500030517578,106112
2026-01-21 20:00:00+00:00,21.80500030517578,21.83009910583496,21.719999313354492,21.729999542236328,191010
2026-01-21 20:15:00+00:00,21.725000381469727,21.729999542236328,21.65999984741211,21.689599990844727,83061
2026-01-21 20:30:00+00:00,21.68000030517578,21.684999465942383,21.59000015258789,21.610000610351562,126158
2026-01-21 20:45:00+00:00,21.610000610351562,21.749900817871094,21.604999542236328,21.690000534057617,526103
2026-01-22 14:30:00+00:00,22.399999618530273,22.520000457763672,22.170000076293945,22.389999389648438,1131452
2026-01-22 14:45:00+00:00,22.3799991607666,22.459999084472656,22.31999969482422,22.389999389648438,858701
2026-01-22 15:00:00+00:00,22.386999130249023,22.635000228881836,22.325000762939453,22.55579948425293,800506
2026-01-22 15:15:00+00:00,22.549999237060547,22.850000381469727,22.489999771118164,22.7549991607666,702604
2026-01-22 15:30:00+00:00,22.7549991607666,22.88990020751953,22.735000610351562,22.81999969482422,524264
2026-01-22 15:45:00+00:00,22.81999969482422,22.850000381469727,22.610000610351562,22.850000381469727,324858
2026-01-22 16:00:00+00:00,22.844999313354492,22.90999984741211,22.78499984741211,22.854999542236328,346246
2026-01-22 16:15:00+00:00,22.850000381469727,23.030000686645508,22.7549991607666,23.014999389648438,391197
2026-01-22 16:30:00+00:00,23.014999389648438,23.100000381469727,22.94499969482422,22.96500015258789,800324
2026-01-22 16:45:00+00:00,22.96500015258789,23.06999969482422,22.954999923706055,23.06999969482422,251286
2026-01-22 17:00:00+00:00,23.065000534057617,23.079999923706055,22.8799991607666,23.040000915527344,244025
2026-01-22 17:15:00+00:00,23.040000915527344,23.219999313354492,22.954999923706055,23.174999237060547,777329
2026-01-22 17:30:00+00:00,23.18000030517578,23.225000381469727,23.040000915527344,23.059999465942383,495037
2026-01-22 17:45:00+00:00,23.076400756835938,23.09000015258789,22.93000030517578,22.96489906311035,284910
2026-01-22 18:00:00+00:00,22.96500015258789,22.969999313354492,22.8700008392334,22.905000686645508,389187
2026-01-22 18:15:00+00:00,22.905000686645508,23.065000534057617,22.905000686645508,23.05500030517578,537065
2026-01-22 18:30:00+00:00,23.055999755859375,23.059999465942383,22.90999984741211,23.0,239990
2026-01-22 18:45:00+00:00,22.9950008392334,23.024999618530273,22.959999084472656,22.989999771118164,122527
2026-01-22 19:00:00+00:00,23.0,23.065000534057617,23.0,23.03499984741211,206733
2026-01-22 19:15:00+00:00,23.030000686645508,23.100000381469727,22.989999771118164,23.094999313354492,279391
2026-01-22 19:30:00+00:00,23.09239959716797,23.34000015258789,23.045000076293945,23.336793899536133,568523
2026-01-22 19:45:00+00:00,23.337900161743164,23.450000762939453,23.290000915527344,23.42009925842285,709389
2026-01-22 20:00:00+00:00,23.420000076293945,23.5,23.299999237060547,23.31999969482422,581858
2026-01-22 20:15:00+00:00,23.31920051574707,23.319799423217773,23.174999237060547,23.19499969482422,545340
2026-01-22 20:30:00+00:00,23.19499969482422,23.200000762939453,23.021400451660156,23.03499984741211,380615
2026-01-22 20:45:00+00:00,23.03499984741211,23.239999771118164,23.0,23.110000610351562,1855575
2026-01-23 14:30:00+00:00,23.139999389648438,23.170000076293945,22.770000457763672,22.78700065612793,902648
2026-01-23 14:45:00+00:00,22.789400100708008,22.920000076293945,22.649999618530273,22.860000610351562,376491
2026-01-23 15:00:00+00:00,22.864999771118164,22.864999771118164,22.565000534057617,22.600000381469727,309349
2026-01-23 15:15:00+00:00,22.610000610351562,22.6200008392334,22.450000762939453,22.545000076293945,463337
2026-01-23 15:30:00+00:00,22.540000915527344,22.549999237060547,22.389999389648438,22.435400009155273,256494
2026-01-23 15:45:00+00:00,22.434499740600586,22.434499740600586,22.270000457763672,22.399999618530273,356758
2026-01-23 16:00:00+00:00,22.395000457763672,22.559999465942383,22.385000228881836,22.5049991607666,421439
2026-01-23 16:15:00+00:00,22.5049991607666,22.575700759887695,22.469999313354492,22.510000228881836,187977
2026-01-23 16:30:00+00:00,22.510000228881836,22.649999618530273,22.485000610351562,22.639999389648438,1833746
2026-01-23 16:45:00+00:00,22.635000228881836,22.71540069580078,22.559999465942383,22.709999084472656,311328
2026-01-23 17:00:00+00:00,22.710800170898438,22.850799560546875,22.68000030517578,22.768800735473633,318297
2026-01-23 17:15:00+00:00,22.760000228881836,22.84000015258789,22.7549991607666,22.81999969482422,148444
2026-01-23 17:30:00+00:00,22.825000762939453,22.860000610351562,22.719999313354492,22.854999542236328,143818
2026-01-23 17:45:00+00:00,22.850000381469727,22.854999542236328,22.665000915527344,22.709999084472656,227055
2026-01-23 18:00:00+00:00,22.719999313354492,22.81999969482422,22.68000030517578,22.734600067138672,330003
2026-01-23 18:15:00+00:00,22.735000610351562,22.825000762939453,22.735000610351562,22.809999465942383,154156
2026-01-23 18:30:00+00:00,22.799999237060547,22.799999237060547,22.704999923706055,22.789400100708008,130917
2026-01-23 18:45:00+00:00,22.790000915527344,22.885000228881836,22.684999465942383,22.854999542236328,387450
2026-01-23 19:00:00+00:00,22.85070037841797,22.859800338745117,22.75,22.815399169921875,187216
2026-01-23 19:15:00+00:00,22.810100555419922,22.885000228881836,22.809999465942383,22.850000381469727,102967
2026-01-23 19:30:00+00:00,22.857683181762695,22.979999542236328,22.81999969482422,22.959999084472656,187255
2026-01-23 19:45:00+00:00,22.960100173950195,23.059999465942383,22.93000030517578,23.025999069213867,356141
2026-01-23 20:00:00+00:00,23.030000686645508,23.036399841308594,22.950000762939453,22.9950008392334,293685
2026-01-23 20:15:00+00:00,22.989999771118164,23.059999465942383,22.975000381469727,22.979999542236328,280000
2026-01-23 20:30:00+00:00,22.969999313354492,23.030000686645508,22.881399154663086,22.991409301757812,307230
2026-01-23 20:45:00+00:00,22.989999771118164,23.014999389648438,22.920000076293945,22.989999771118164,694410
2026-01-26 14:30:00+00:00,23.459999084472656,23.799999237060547,23.324600219726562,23.6200008392334,1815406
2026-01-26 14:45:00+00:00,23.610000610351562,23.635000228881836,23.41010093688965,23.415000915527344,451174
2026-01-26 15:00:00+00:00,23.40999984741211,23.485000610351562,23.270000457763672,23.420000076293945,403322
2026-01-26 15:15:00+00:00,23.40999984741211,23.40999984741211,23.15999984741211,23.28499984741211,279009
2026-01-26 15:30:00+00:00,23.28019905090332,23.389999389648438,23.239999771118164,23.2450008392334,201998
2026-01-26 15:45:00+00:00,23.2450008392334,23.399999618530273,23.190000534057617,23.299999237060547,197745
2026-01-26 16:00:00+00:00,23.299999237060547,23.30769920349121,23.010000228881836,23.059999465942383,336127
2026-01-26 16:15:00+00:00,23.059999465942383,23.1299991607666,22.95009994506836,23.125,268544
2026-01-26 16:30:00+00:00,23.125,24.290000915527344,23.125,23.81999969482422,2891645
2026-01-26 16:45:00+00:00,23.825000762939453,24.3799991607666,23.729999542236328,24.315000534057617,3793330
2026-01-26 17:00:00+00:00,24.315000534057617,25.010000228881836,24.299999237060547,24.82900047302246,4671774
2026-01-26 17:15:00+00:00,24.81999969482422,24.90999984741211,24.34000015258789,24.610300064086914,2375829
2026-01-26 17:30:00+00:00,24.610000610351562,24.905000686645508,24.549999237060547,24.739999771118164,1314520
2026-01-26 17:45:00+00:00,24.735000610351562,25.0,24.649999618530273,24.65369987487793,2334369
2026-01-26 18:00:00+00:00,24.649999618530273,24.875,24.510000228881836,24.68000030517578,1050667
2026-01-26 18:15:00+00:00,24.68000030517578,24.959999084472656,24.350000381469727,24.529699325561523,1623686
2026-01-26 18:30:00+00:00,24.520000457763672,24.520000457763672,24.09000015258789,24.389999389648438,1072119
2026-01-26 18:45:00+00:00,24.389999389648438,24.545000076293945,24.290000915527344,24.450000762939453,787468
2026-01-26 19:00:00+00:00,24.459999084472656,24.479999542236328,24.18199920654297,24.260099411010742,741972
2026-01-26 19:15:00+00:00,24.260000228881836,24.399999618530273,23.959999084472656,24.25,1860069
2026-01-26 19:30:00+00:00,24.257200241088867,24.600000381469727,24.239999771118164,24.4950008392334,1164416
2026-01-26 19:45:00+00:00,24.4950008392334,24.739999771118164,24.479999542236328,24.584999084472656,1026319
2026-01-26 20:00:00+00:00,24.584999084472656,24.584999084472656,24.010000228881836,24.084999084472656,949196
2026-01-26 20:15:00+00:00,24.084999084472656,24.1299991607666,23.760000228881836,23.8346004486084,1021738
2026-01-26 20:30:00+00:00,23.83799934387207,24.094999313354492,23.834999084472656,23.8799991607666,1051232
2026-01-26 20:45:00+00:00,23.8799991607666,24.05500030517578,23.75,24.0049991607666,2574137
2026-01-27 14:30:00+00:00,24.0,24.1299991607666,23.309999465942383,23.53499984741211,2910570
2026-01-27 14:45:00+00:00,23.540000915527344,23.639999389648438,23.239999771118164,23.459999084472656,784306
2026-01-27 15:00:00+00:00,23.489999771118164,23.58340072631836,23.290000915527344,23.459999084472656,694479
2026-01-27 15:15:00+00:00,23.46500015258789,23.649999618530273,23.330900192260742,23.459999084472656,653082
2026-01-27 15:30:00+00:00,23.459999084472656,23.739999771118164,23.459999084472656,23.716999053955078,967779
2026-01-27 15:45:00+00:00,23.719999313354492,24.079999923706055,23.709999084472656,23.96540069580078,1033168
2026-01-27 16:00:00+00:00,23.96500015258789,24.299999237060547,23.899999618530273,24.024999618530273,1309037
2026-01-27 16:15:00+00:00,24.03499984741211,24.075000762939453,23.709999084472656,23.809999465942383,568392
2026-01-27 16:30:00+00:00,23.815799713134766,24.079999923706055,23.799999237060547,24.079999923706055,555092
2026-01-27 16:45:00+00:00,24.09000015258789,24.18000030517578,23.940000534057617,24.019899368286133,385634
2026-01-27 17:00:00+00:00,24.014999389648438,24.145000457763672,23.959999084472656,24.010000228881836,273099
2026-01-27 17:15:00+00:00,24.010000228881836,24.03499984741211,23.84000015258789,23.924999237060547,271034
2026-01-27 17:30:00+00:00,23.920000076293945,24.135000228881836,23.829999923706055,24.094999313354492,520490
2026-01-27 17:45:00+00:00,24.094999313354492,24.280000686645508,24.084999084472656,24.190000534057617,426754
2026-01-27 18:00:00+00:00,24.200000762939453,24.200000762939453,24.010000228881836,24.079999923706055,321230
2026-01-27 18:15:00+00:00,24.087200164794922,24.164499282836914,24.05500030517578,24.125,168823
2026-01-27 18:30:00+00:00,24.125,24.2549991607666,24.06999969482422,24.100000381469727,229467
2026-01-27 18:45:00+00:00,24.109399795532227,24.219999313354492,24.00200080871582,24.149999618530273,215455
2026-01-27 19:00:00+00:00,24.14299964904785,24.3700008392334,24.1299991607666,24.354999542236328,420321
2026-01-27 19:15:00+00:00,24.354999542236328,24.5,24.2549991607666,24.270000457763672,601905
2026-01-27 19:30:00+00:00,24.274999618530273,24.469999313354492,24.219999313354492,24.239999771118164,438579
2026-01-27 19:45:00+00:00,24.239999771118164,24.334999084472656,24.19499969482422,24.25,254080
2026-01-27 20:00:00+00:00,24.239999771118164,24.354999542236328,24.209999084472656,24.211999893188477,405292
2026-01-27 20:15:00+00:00,24.21500015258789,24.2549991607666,24.1200008392334,24.2450008392334,297258
2026-01-27 20:30:00+00:00,24.239999771118164,24.239999771118164,24.040000915527344,24.145000457763672,368742
2026-01-27 20:45:00+00:00,24.149999618530273,24.260000228881836,24.139999389648438,24.20009994506836,781038
2026-01-28 14:30:00+00:00,24.229999542236328,24.25,23.780000686645508,23.834999084472656,790416
2026-01-28 14:45:00+00:00,23.831899642944336,23.831899642944336,23.65999984741211,23.790000915527344,423305
2026-01-28 15:00:00+00:00,23.795000076293945,23.959999084472656,23.78499984741211,23.81999969482422,419883
2026-01-28 15:15:00+00:00,23.82029914855957,24.075000762939453,23.755800247192383,23.94499969482422,239697
2026-01-28 15:30:00+00:00,23.950000762939453,24.020000457763672,23.809999465942383,23.975000381469727,326229
2026-01-28 15:45:00+00:00,23.969999313354492,23.985000610351562,23.670000076293945,23.674999237060547,221780
2026-01-28 16:00:00+00:00,23.674999237060547,23.739999771118164,23.40999984741211,23.450000762939453,617985
2026-01-28 16:15:00+00:00,23.450000762939453,23.635000228881836,23.3700008392334,23.6200008392334,485524
2026-01-28 16:30:00+00:00,23.614999771118164,23.670000076293945,23.559999465942383,23.56999969482422,227083
2026-01-28 16:45:00+00:00,23.579999923706055,23.81999969482422,23.565000534057617,23.7450008392334,302449
2026-01-28 17:00:00+00:00,23.7450008392334,23.839399337768555,23.719999313354492,23.770000457763672,186019
2026-01-28 17:15:00+00:00,23.78499984741211,23.84000015258789,23.719999313354492,23.753299713134766,160465
2026-01-28 17:30:00+00:00,23.75,23.75,23.53499984741211,23.53499984741211,163746
2026-01-28 17:45:00+00:00,23.53499984741211,23.614999771118164,23.520000457763672,23.53499984741211,173508
2026-01-28 18:00:00+00:00,23.53499984741211,23.61989974975586,23.5,23.579999923706055,180949
2026-01-28 18:15:00+00:00,23.584999084472656,23.610000610351562,23.434999465942383,23.609899520874023,270530
2026-01-28 18:30:00+00:00,23.607999801635742,23.690000534057617,23.55459976196289,23.669099807739258,93375
2026-01-28 18:45:00+00:00,23.665000915527344,23.719999313354492,23.559999465942383,23.56999969482422,125989
2026-01-28 19:00:00+00:00,23.549999237060547,23.59000015258789,23.43000030517578,23.545000076293945,153469
2026-01-28 19:15:00+00:00,23.545000076293945,23.670000076293945,23.466299057006836,23.466299057006836,132897
2026-01-28 19:30:00+00:00,23.46500015258789,23.690000534057617,23.405000686645508,23.530000686645508,301265
2026-01-28 19:45:00+00:00,23.540000915527344,23.621000289916992,23.475000381469727,23.479999542236328,426171
2026-01-28 20:00:00+00:00,23.489999771118164,23.599899291992188,23.469999313354492,23.56999969482422,139824
2026-01-28 20:15:00+00:00,23.565000534057617,23.604999542236328,23.459999084472656,23.52549934387207,245275
2026-01-28 20:30:00+00:00,23.520000457763672,23.61079978942871,23.514999389648438,23.584999084472656,294963
2026-01-28 20:45:00+00:00,23.584999084472656,23.729999542236328,23.545000076293945,23.6200008392334,941116
2026-01-29 14:30:00+00:00,23.5,23.599899291992188,23.152000427246094,23.26740074157715,1153296
2026-01-29 14:45:00+00:00,23.264699935913086,23.309999465942383,23.0,23.0049991607666,550661
2026-01-29 15:00:00+00:00,23.0,23.059999465942383,22.854999542236328,22.93000030517578,658381
2026-01-29 15:15:00+00:00,22.924999237060547,22.979999542236328,22.829999923706055,22.9591007232666,349845
2026-01-29 15:30:00+00:00,22.959999084472656,22.989999771118164,22.722400665283203,22.735000610351562,430662
2026-01-29 15:45:00+00:00,22.739999771118164,22.888599395751953,22.700000762939453,22.875,346587
2026-01-29 16:00:00+00:00,22.875,22.93000030517578,22.774999618530273,22.924999237060547,234727
2026-01-29 16:15:00+00:00,22.924999237060547,23.040000915527344,22.895000457763672,23.024999618530273,182333
2026-01-29 16:30:00+00:00,23.030000686645508,23.08930015563965,22.96500015258789,23.014999389648438,177604
2026-01-29 16:45:00+00:00,23.010000228881836,23.079999923706055,22.930299758911133,22.957199096679688,96949
2026-01-29 17:00:00+00:00,22.959999084472656,23.075000762939453,22.959999084472656,23.05500030517578,108363
2026-01-29 17:15:00+00:00,23.059900283813477,23.18709945678711,23.049999237060547,23.10580062866211,153977
2026-01-29 17:30:00+00:00,23.100000381469727,23.1299991607666,23.040000915527344,23.06100082397461,89479
2026-01-29 17:45:00+00:00,23.065000534057617,23.065000534057617,22.8700008392334,22.954999923706055,115330
2026-01-29 18:00:00+00:00,22.959999084472656,23.09000015258789,22.88010025024414,23.0757999420166,101120
2026-01-29 18:15:00+00:00,23.075000762939453,23.09980010986328,23.020000457763672,23.03499984741211,59528
2026-01-29 18:30:00+00:00,23.030000686645508,23.030000686645508,22.905000686645508,22.979999542236328,69670
2026-01-29 18:45:00+00:00,22.975000381469727,22.975000381469727,22.860000610351562,22.864999771118164,82664
2026-01-29 19:00:00+00:00,22.861799240112305,22.975000381469727,22.860000610351562,22.934999465942383,134555
2026-01-29 19:15:00+00:00,22.934999465942383,22.9950008392334,22.934999465942383,22.985000610351562,43489
2026-01-29 19:30:00+00:00,22.985000610351562,22.989999771118164,22.850000381469727,22.93000030517578,139151
2026-01-29 19:45:00+00:00,22.920000076293945,22.959999084472656,22.80500030517578,22.809999465942383,125518
2026-01-29 20:00:00+00:00,22.809999465942383,22.949800491333008,22.760000228881836,22.90999984741211,266135
2026-01-29 20:15:00+00:00,22.905000686645508,22.94499969482422,22.829999923706055,22.834999084472656,149887
2026-01-29 20:30:00+00:00,22.834999084472656,22.940000534057617,22.834999084472656,22.875,250965
2026-01-29 20:45:00+00:00,22.875,22.950000762939453,22.790000915527344,22.790000915527344,631863
2026-01-30 14:30:00+00:00,23.290000915527344,23.827199935913086,23.290000915527344,23.760000228881836,1479087
2026-01-30 14:45:00+00:00,23.770000457763672,24.010000228881836,23.7549991607666,23.799999237060547,861882
2026-01-30 15:00:00+00:00,23.799999237060547,23.909900665283203,23.639999389648438,23.645000457763672,559175
2026-01-30 15:15:00+00:00,23.645000457763672,23.645000457763672,23.469999313354492,23.600099563598633,181354
2026-02-02 18:45:00+00:00,25.584299087524414,25.81999969482422,25.584299087524414,25.770000457763672,13735006
2026-02-02 19:00:00+00:00,25.764999389648438,25.809999465942383,25.670000076293945,25.69860076904297,450242
2026-02-02 19:15:00+00:00,25.69499969482422,25.8799991607666,25.64389991760254,25.795000076293945,510246
2026-02-02 19:30:00+00:00,25.799699783325195,25.93000030517578,25.7450008392334,25.8700008392334,540323
2026-02-02 19:45:00+00:00,25.8799991607666,25.920000076293945,25.549999237060547,25.592500686645508,852305
2026-02-02 20:00:00+00:00,25.594999313354492,25.729999542236328,25.469999313354492,25.540000915527344,705867
2026-02-02 20:15:00+00:00,25.540000915527344,25.84000015258789,25.527999877929688,25.6200008392334,947654
2026-02-02 20:30:00+00:00,25.625,25.729999542236328,25.5,25.65530014038086,883092
2026-02-02 20:45:00+00:00,25.649999618530273,25.860000610351562,25.625,25.84000015258789,1659758
2026-02-03 14:30:00+00:00,25.15999984741211,25.299999237060547,24.690000534057617,24.878999710083008,3473764
2026-02-03 14:45:00+00:00,24.8700008392334,24.8700008392334,24.459999084472656,24.475000381469727,1461065
2026-02-03 15:00:00+00:00,24.475000381469727,24.56999969482422,24.31999969482422,24.34000015258789,880134
2026-02-03 15:15:00+00:00,24.345500946044922,24.69499969482422,24.31999969482422,24.597700119018555,645483
2026-02-03 15:30:00+00:00,24.59000015258789,24.869800567626953,24.579999923706055,24.719999313354492,337508
2026-02-03 15:45:00+00:00,24.709999084472656,24.8700008392334,24.6200008392334,24.75,326104
2026-02-03 16:00:00+00:00,24.7450008392334,24.790000915527344,24.530000686645508,24.575000762939453,339204
2026-02-03 16:15:00+00:00,24.579999923706055,24.584999084472656,24.270000457763672,24.284500122070312,481715
2026-02-03 16:30:00+00:00,24.28499984741211,24.43000030517578,24.280000686645508,24.375,345589
2026-02-03 16:45:00+00:00,24.3700008392334,24.454999923706055,24.27400016784668,24.416900634765625,330254
2026-02-03 17:00:00+00:00,24.40999984741211,24.5,24.385000228881836,24.479999542236328,569592
2026-02-03 17:15:00+00:00,24.475400924682617,24.57939910888672,24.420000076293945,24.479999542236328,231619
2026-02-03 17:30:00+00:00,24.479999542236328,24.575000762939453,24.3799991607666,24.385000228881836,212133
2026-02-03 17:45:00+00:00,24.3700008392334,24.3799991607666,24.149999618530273,24.15999984741211,565217
2026-02-03 18:00:00+00:00,24.165000915527344,24.309900283813477,24.010000228881836,24.084999084472656,498741
2026-02-03 18:15:00+00:00,24.084999084472656,24.100000381469727,23.860000610351562,23.875,658318
2026-02-03 18:30:00+00:00,23.8799991607666,24.08989906311035,23.84000015258789,24.010299682617188,630386
2026-02-03 18:45:00+00:00,24.010000228881836,24.170000076293945,23.889999389648438,24.059999465942383,267141
2026-02-03 19:00:00+00:00,24.065000534057617,24.280000686645508,24.020000457763672,24.264999389648438,309934
2026-02-03 19:15:00+00:00,24.264999389648438,24.34000015258789,24.155000686645508,24.15999984741211,279517
2026-02-03 19:30:00+00:00,24.15999984741211,24.479999542236328,24.079999923706055,24.440000534057617,283877
2026-02-03 19:45:00+00:00,24.44890022277832,24.469999313354492,24.329999923706055,24.329999923706055,166887
2026-02-03 20:00:00+00:00,24.309999465942383,24.415000915527344,24.291200637817383,24.344999313354492,119945
2026-02-03 20:15:00+00:00,24.344999313354492,24.530000686645508,24.329999923706055,24.44499969482422,197327
2026-02-03 20:30:00+00:00,24.4414005279541,24.459999084472656,24.31999969482422,24.39550018310547,335693
2026-02-03 20:45:00+00:00,24.395000457763672,24.53499984741211,24.344999313354492,24.520000457763672,886248
2026-02-04 14:30:00+00:00,24.479999542236328,24.64069938659668,24.049999237060547,24.360000610351562,1064825
2026-02-04 14:45:00+00:00,24.360000610351562,24.6299991607666,24.270000457763672,24.524999618530273,595249
2026-02-04 15:00:00+00:00,24.510000228881836,24.80430030822754,24.375,24.739999771118164,423527
2026-02-04 15:15:00+00:00,24.739999771118164,25.149999618530273,24.684099197387695,25.06999969482422,668738
2026-02-04 15:30:00+00:00,25.079999923706055,25.079999923706055,24.729999542236328,24.985000610351562,667520
2026-02-04 15:45:00+00:00,24.989999771118164,25.059999465942383,24.834999084472656,24.990100860595703,421724
2026-02-04 16:00:00+00:00,25.0,25.010000228881836,24.725000381469727,24.81999969482422,302661
2026-02-04 16:15:00+00:00,24.809999465942383,24.969999313354492,24.709999084472656,24.916500091552734,235367
2026-02-04 16:30:00+00:00,24.90999984741211,24.90999984741211,24.540000915527344,24.610000610351562,297270
2026-02-04 16:45:00+00:00,24.600000381469727,24.639999389648438,24.479999542236328,24.59000015258789,273732
2026-02-04 17:00:00+00:00,24.59000015258789,24.6200008392334,24.450000762939453,24.6200008392334,150393
2026-02-04 17:15:00+00:00,24.6200008392334,24.6200008392334,24.364999771118164,24.420000076293945,158368
2026-02-04 17:30:00+00:00,24.40999984741211,24.5,24.25,24.28969955444336,202760
2026-02-04 17:45:00+00:00,24.290000915527344,24.350000381469727,24.200000762939453,24.350000381469727,177816
2026-02-04 18:00:00+00:00,24.34000015258789,24.389999389648438,24.18000030517578,24.184999465942383,151835
2026-02-04 18:15:00+00:00,24.18000030517578,24.399999618530273,24.170000076293945,24.3700008392334,163399
2026-02-04 18:30:00+00:00,24.3799991607666,24.469900131225586,24.290000915527344,24.399999618530273,223760
2026-02-04 18:45:00+00:00,24.40399932861328,24.475000381469727,24.299999237060547,24.3799991607666,168934
2026-02-04 19:00:00+00:00,24.3799991607666,24.5,24.309999465942383,24.5,114700
2026-02-04 19:15:00+00:00,24.5,24.791000366210938,24.469999313354492,24.770099639892578,300257
2026-02-04 19:30:00+00:00,24.780000686645508,24.940000534057617,24.639999389648438,24.90999984741211,404506
2026-02-04 19:45:00+00:00,24.90999984741211,25.159900665283203,24.859899520874023,25.104999542236328,384739
2026-02-04 20:00:00+00:00,25.104999542236328,25.104999542236328,24.934999465942383,25.02989959716797,305097
2026-02-04 20:15:00+00:00,25.040000915527344,25.079999923706055,24.940000534057617,24.940000534057617,566261
2026-02-04 20:30:00+00:00,24.94499969482422,24.9950008392334,24.8700008392334,24.95509910583496,230642
2026-02-04 20:45:00+00:00,24.954999923706055,25.059999465942383,24.905000686645508,24.989999771118164,539510
2026-02-05 14:30:00+00:00,24.75,25.190000534057617,24.56999969482422,25.042400360107422,937780
2026-02-05 14:45:00+00:00,25.030000686645508,25.299999237060547,24.889999389648438,25.219999313354492,514250
2026-02-05 15:00:00+00:00,25.25,25.418500900268555,25.063800811767578,25.079999923706055,621886
2026-02-05 15:15:00+00:00,25.06999969482422,25.40999984741211,25.059999465942383,25.389999389648438,450037
2026-02-05 15:30:00+00:00,25.385900497436523,25.420000076293945,24.979999542236328,25.040000915527344,362905
2026-02-05 15:45:00+00:00,25.04640007019043,25.149999618530273,24.950000762939453,25.1200008392334,351319
2026-02-05 16:00:00+00:00,25.14240074157715,25.227800369262695,25.014999389648438,25.1200008392334,239162
2026-02-05 16:15:00+00:00,25.1299991607666,25.389999389648438,25.1299991607666,25.309999465942383,261104
2026-02-05 16:30:00+00:00,25.315000534057617,25.385000228881836,25.139999389648438,25.239999771118164,386898
2026-02-05 16:45:00+00:00,25.239999771118164,25.34910011291504,25.110000610351562,25.325000762939453,276232
2026-02-05 17:00:00+00:00,25.325000762939453,25.34000015258789,25.139999389648438,25.19499969482422,232064
2026-02-05 17:15:00+00:00,25.190000534057617,25.329999923706055,25.030000686645508,25.290000915527344,277035
2026-02-05 17:30:00+00:00,25.280000686645508,25.388999938964844,25.190000534057617,25.375,649252
2026-02-05 17:45:00+00:00,25.3799991607666,25.4950008392334,25.3700008392334,25.43000030517578,448065
2026-02-05 18:00:00+00:00,25.420000076293945,25.43000030517578,25.049999237060547,25.209999084472656,286358
2026-02-05 18:15:00+00:00,25.219999313354492,25.229999542236328,24.969999313354492,25.030000686645508,290613
2026-02-05 18:30:00+00:00,25.03499984741211,25.05500030517578,24.719999313354492,24.729999542236328,497205
2026-02-05 18:45:00+00:00,24.7450008392334,24.959999084472656,24.7450008392334,24.93000030517578,233147
2026-02-05 19:00:00+00:00,24.93000030517578,24.985000610351562,24.8700008392334,24.90999984741211,174512
2026-02-05 19:15:00+00:00,24.889999389648438,24.959016799926758,24.782800674438477,24.809999465942383,169506
2026-02-05 19:30:00+00:00,24.819900512695312,24.819900512695312,24.674999237060547,24.729999542236328,197937
2026-02-05 19:45:00+00:00,24.729999542236328,24.790000915527344,24.690000534057617,24.770000457763672,158136
2026-02-05 20:00:00+00:00,24.75,24.90999984741211,24.639999389648438,24.75,145290
2026-02-05 20:15:00+00:00,24.75,24.75,24.549999237060547,24.649999618530273,270972
2026-02-05 20:30:00+00:00,24.639999389648438,24.799999237060547,24.6200008392334,24.71500015258789,209829
2026-02-05 20:45:00+00:00,24.71500015258789,24.850000381469727,24.665000915527344,24.674999237060547,720472
2026-02-06 14:30:00+00:00,24.850000381469727,25.31999969482422,24.790000915527344,25.0,1237171
2026-02-06 14:45:00+00:00,25.010000228881836,25.395000457763672,24.969999313354492,25.161300659179688,546487
2026-02-06 15:00:00+00:00,25.100099563598633,25.170000076293945,24.8700008392334,24.8799991607666,412264
2026-02-06 15:15:00+00:00,24.8700008392334,25.014999389648438,24.790000915527344,24.93000030517578,217416
2026-02-06 15:30:00+00:00,24.959999084472656,25.0,24.93000030517578,24.985000610351562,293969
2026-02-06 15:45:00+00:00,24.979999542236328,25.040000915527344,24.860000610351562,24.920000076293945,520529
2026-02-06 16:00:00+00:00,24.895099639892578,24.899900436401367,24.729999542236328,24.795000076293945,555931
2026-02-06 16:15:00+00:00,24.790000915527344,24.790000915527344,24.6299991607666,24.718399047851562,230245
2026-02-06 16:30:00+00:00,24.71419906616211,24.850000381469727,24.71419906616211,24.740100860595703,165467
2026-02-06 16:45:00+00:00,24.729999542236328,24.84749984741211,24.704999923706055,24.81999969482422,116665
2026-02-06 17:00:00+00:00,24.790000915527344,24.850000381469727,24.740299224853516,24.75,114609
2026-02-06 17:15:00+00:00,24.739999771118164,24.829999923706055,24.690099716186523,24.829999923706055,142012
2026-02-06 17:30:00+00:00,24.829999923706055,24.844999313354492,24.739999771118164,24.770000457763672,130919
2026-02-06 17:45:00+00:00,24.770000457763672,24.79990005493164,24.670700073242188,24.670700073242188,145053
2026-02-06 18:00:00+00:00,24.729999542236328,24.780000686645508,24.639999389648438,24.68000030517578,359939
2026-02-06 18:15:00+00:00,24.674999237060547,24.690000534057617,24.510000228881836,24.56999969482422,275419
2026-02-06 18:30:00+00:00,24.575000762939453,24.600000381469727,24.440000534057617,24.545000076293945,511988
2026-02-06 18:45:00+00:00,24.549999237060547,24.600000381469727,24.479999542236328,24.480100631713867,269468
2026-02-06 19:00:00+00:00,24.499900817871094,24.690000534057617,24.445999145507812,24.649999618530273,270249
2026-02-06 19:15:00+00:00,24.640199661254883,24.870399475097656,24.610000610351562,24.870399475097656,355366
2026-02-06 19:30:00+00:00,24.87969970703125,24.90999984741211,24.780000686645508,24.829999923706055,171848
2026-02-06 19:45:00+00:00,24.829999923706055,25.020000457763672,24.81800079345703,24.81800079345703,370921
2026-02-06 20:00:00+00:00,24.809999465942383,24.93000030517578,24.799999237060547,24.889999389648438,136247
2026-02-06 20:15:00+00:00,24.894699096679688,24.979999542236328,24.86009979248047,24.920000076293945,166261
2026-02-06 20:30:00+00:00,24.90999984741211,24.93000030517578,24.825000762939453,24.93000030517578,223869
2026-02-06 20:45:00+00:00,24.940000534057617,25.030000686645508,24.899999618530273,24.9950008392334,764324
