Datetime,open,high,low,close,volume
2025-11-12 14:30:00+00:00,244.83999633789062,246.05999755859375,244.64500427246094,245.9499969482422,2861877
2025-11-12 14:45:00+00:00,245.9499969482422,246.26499938964844,245.72000122070312,246.22000122070312,2759689
2025-11-12 15:00:00+00:00,246.1999969482422,246.375,245.33999633789062,245.4250030517578,2084683
2025-11-12 15:15:00+00:00,245.42999267578125,245.5500030517578,244.9250030517578,244.97000122070312,1201909
2025-11-12 15:30:00+00:00,244.97000122070312,245.00999450683594,244.125,244.60000610351562,1446947
2025-11-12 15:45:00+00:00,244.60000610351562,244.83999633789062,243.9199981689453,244.27000427246094,1180927
2025-11-12 16:00:00+00:00,244.26499938964844,244.30999755859375,243.3300018310547,243.50999450683594,1331198
2025-11-12 16:15:00+00:00,243.52000427246094,244.1300048828125,243.52000427246094,243.8699951171875,1348665
2025-11-12 16:30:00+00:00,243.86000061035156,244.57000732421875,243.8300018310547,244.13499450683594,1448144
2025-11-12 16:45:00+00:00,244.14999389648438,244.36000061035156,243.61000061035156,244.0500030517578,893693
2025-11-12 17:00:00+00:00,244.0500030517578,244.25999450683594,243.77000427246094,243.97000122070312,789888
2025-11-12 17:15:00+00:00,243.97000122070312,244.13999938964844,243.58999633789062,243.86000061035156,802502
2025-11-12 17:30:00+00:00,243.85000610351562,244.5800018310547,243.7449951171875,244.4199981689453,769886
2025-11-12 17:45:00+00:00,244.4199981689453,244.60499572753906,244.0800018310547,244.5500030517578,1147613
2025-11-12 18:00:00+00:00,244.5500030517578,244.63999938964844,244.1300048828125,244.5050048828125,632310
2025-11-12 18:15:00+00:00,244.5,244.53500366210938,243.85000610351562,243.99560546875,1141803
2025-11-12 18:30:00+00:00,244.0,244.51499938964844,243.98500061035156,244.1999969482422,747639
2025-11-12 18:45:00+00:00,244.19000244140625,244.4499969482422,244.02499389648438,244.33999633789062,527107
2025-11-12 19:00:00+00:00,244.35000610351562,244.38999938964844,244.02999877929688,244.07000732421875,724757
2025-11-12 19:15:00+00:00,244.0758056640625,244.20010375976562,243.86000061035156,243.94000244140625,597536
2025-11-12 19:30:00+00:00,243.94000244140625,244.2100067138672,243.82000732421875,243.97999572753906,772190
2025-11-12 19:45:00+00:00,243.99000549316406,244.18499755859375,243.7899932861328,244.0500030517578,882603
2025-11-12 20:00:00+00:00,244.0399932861328,244.10000610351562,243.67999267578125,243.97000122070312,1030216
2025-11-12 20:15:00+00:00,243.97500610351562,244.1699981689453,243.9199981689453,244.05999755859375,753530
2025-11-12 20:30:00+00:00,244.0500030517578,244.3300018310547,243.86000061035156,244.3300018310547,1793564
2025-11-12 20:45:00+00:00,244.32000732421875,244.32000732421875,243.38499450683594,243.64999389648438,3649660
2025-11-13 14:30:00+00:00,241.83999633789062,242.67999267578125,241.08999633789062,241.11000061035156,4357066
2025-11-13 14:45:00+00:00,241.11000061035156,242.08999633789062,241.0399932861328,241.16000366210938,2476148
2025-11-13 15:00:00+00:00,241.1750030517578,241.74000549316406,240.47999572753906,241.63999938964844,2533725
2025-11-13 15:15:00+00:00,241.625,241.86000061035156,240.5749969482422,240.74000549316406,2068732
2025-11-13 15:30:00+00:00,240.72999572753906,240.99000549316406,240.1699981689453,240.22000122070312,2216029
2025-11-13 15:45:00+00:00,240.22000122070312,240.30999755859375,239.41000366210938,239.9499969482422,2397489
2025-11-13 16:00:00+00:00,239.94000244140625,240.06500244140625,239.2899932861328,239.63999938964844,2273252
2025-11-13 16:15:00+00:00,239.64999389648438,239.8800048828125,239.2899932861328,239.6999969482422,2885940
2025-11-13 16:30:00+00:00,239.69000244140625,240.02499389648438,238.89999389648438,239.1300048828125,2637017
2025-11-13 16:45:00+00:00,239.1199951171875,239.6649932861328,238.97999572753906,239.375,1953777
2025-11-13 17:00:00+00:00,239.36410522460938,239.57000732421875,238.7949981689453,238.89999389648438,2005715
2025-11-13 17:15:00+00:00,238.89999389648438,239.3300018310547,238.88999938964844,239.1699981689453,1619416
2025-11-13 17:30:00+00:00,239.16000366210938,239.64999389648438,238.99000549316406,239.0,1646170
2025-11-13 17:45:00+00:00,239.0,239.1300048828125,238.42999267578125,238.52000427246094,1572588
2025-11-13 18:00:00+00:00,238.5399932861328,238.72000122070312,238.0800018310547,238.22999572753906,1334111
2025-11-13 18:15:00+00:00,238.22000122070312,238.25999450683594,237.42999267578125,237.6199951171875,1973849
2025-11-13 18:30:00+00:00,237.6199951171875,237.7100067138672,236.85000610351562,237.23500061035156,2124704
2025-11-13 18:45:00+00:00,237.25,237.47000122070312,237.0500030517578,237.28500366210938,2302366
2025-11-13 19:00:00+00:00,237.27000427246094,237.39999389648438,236.72999572753906,236.77999877929688,2002447
2025-11-13 19:15:00+00:00,236.77999877929688,237.6300048828125,236.67999267578125,237.6300048828125,2910039
2025-11-13 19:30:00+00:00,237.6199951171875,237.6649932861328,236.60459899902344,236.75999450683594,2910523
2025-11-13 19:45:00+00:00,236.75999450683594,236.91000366210938,236.1999969482422,236.6699981689453,2606292
2025-11-13 20:00:00+00:00,236.6699981689453,236.6999969482422,236.1999969482422,236.2550048828125,1978195
2025-11-13 20:15:00+00:00,236.25999450683594,236.47999572753906,235.83999633789062,236.36000061035156,1990917
2025-11-13 20:30:00+00:00,236.3699951171875,237.2550048828125,236.2949981689453,236.89999389648438,2571826
2025-11-13 20:45:00+00:00,236.89999389648438,237.0050048828125,236.1699981689453,236.8000030517578,5346739
2025-11-14 14:30:00+00:00,233.33999633789062,235.17999267578125,233.27000427246094,235.1300048828125,7010939
2025-11-14 14:45:00+00:00,235.1300048828125,236.375,235.0749969482422,236.3699951171875,4673697
2025-11-14 15:00:00+00:00,236.3699951171875,236.3699951171875,235.14999389648438,235.30999755859375,2903503
2025-11-14 15:15:00+00:00,235.3000030517578,236.4600067138672,235.22999572753906,236.19000244140625,2892557
2025-11-14 15:30:00+00:00,236.17999267578125,236.8000030517578,235.77999877929688,236.77000427246094,2400177
2025-11-14 15:45:00+00:00,236.75999450683594,237.56500244140625,236.6699981689453,237.0,2293202
2025-11-14 16:00:00+00:00,237.00999450683594,237.24000549316406,236.31500244140625,237.1199951171875,1961680
2025-11-14 16:15:00+00:00,237.1300048828125,238.3300018310547,237.1199951171875,238.0399932861328,1689596
2025-11-14 16:30:00+00:00,238.0500030517578,238.27999877929688,237.6999969482422,237.8300018310547,1710143
2025-11-14 16:45:00+00:00,237.83999633789062,238.28500366210938,237.5399932861328,238.26499938964844,1960713
2025-11-14 17:00:00+00:00,238.25999450683594,238.6699981689453,238.0399932861328,238.3699951171875,1437818
2025-11-14 17:15:00+00:00,238.3800048828125,238.47999572753906,238.00999450683594,238.34500122070312,1705742
2025-11-14 17:30:00+00:00,238.33999633789062,238.72500610351562,238.00999450683594,238.1300048828125,1255493
2025-11-14 17:45:00+00:00,238.1300048828125,238.25999450683594,237.5449981689453,238.0,1682582
2025-11-14 18:00:00+00:00,238.0,238.22000122070312,237.27000427246094,238.14999389648438,1951209
2025-11-14 18:15:00+00:00,238.14999389648438,238.1699981689453,237.36000061035156,237.94000244140625,1221692
2025-11-14 18:30:00+00:00,237.9199981689453,238.08999633789062,237.07000732421875,237.24000549316406,1842252
2025-11-14 18:45:00+00:00,237.23500061035156,237.97000122070312,237.17999267578125,237.7550048828125,1373273
2025-11-14 19:00:00+00:00,237.75,237.86000061035156,237.3300018310547,237.74000549316406,1530306
2025-11-14 19:15:00+00:00,237.74000549316406,238.1300048828125,237.5749969482422,238.0,1233683
2025-11-14 19:30:00+00:00,238.0,238.13999938964844,237.74000549316406,237.92999267578125,1460024
2025-11-14 19:45:00+00:00,237.94000244140625,238.22999572753906,237.83999633789062,238.1699981689453,1112468
2025-11-14 20:00:00+00:00,238.16000366210938,238.3800048828125,237.77499389648438,237.8699951171875,1108858
2025-11-14 20:15:00+00:00,237.8800048828125,238.14999389648438,237.4499969482422,237.75999450683594,1721066
2025-11-14 20:30:00+00:00,237.75999450683594,237.91000366210938,237.35000610351562,237.4550018310547,1539468
2025-11-14 20:45:00+00:00,237.4499969482422,237.6300048828125,237.2100067138672,237.50999450683594,4408353
2025-11-17 14:30:00+00:00,236.42999267578125,237.5500030517578,236.0,237.0,4046752
2025-11-17 14:45:00+00:00,236.97999572753906,237.83999633789062,236.90199279785156,237.3699951171875,1996668
2025-11-17 15:00:00+00:00,237.375,237.64999389648438,236.72000122070312,237.10000610351562,2285650
2025-11-17 15:15:00+00:00,237.125,237.49000549316406,236.63999938964844,237.110107421875,1809410
2025-11-17 15:30:00+00:00,237.11000061035156,237.2198944091797,236.05499267578125,236.70010375976562,1549011
2025-11-17 15:45:00+00:00,236.6999969482422,236.8000030517578,236.1999969482422,236.38999938964844,1458674
2025-11-17 16:00:00+00:00,236.38999938964844,236.52000427246094,235.39999389648438,235.44000244140625,2328212
2025-11-17 16:15:00+00:00,235.42999267578125,236.375,235.22999572753906,236.3300018310547,1953633
2025-11-17 16:30:00+00:00,236.3300018310547,236.55499267578125,236.0500030517578,236.35499572753906,1422139
2025-11-17 16:45:00+00:00,236.36000061035156,236.8800048828125,236.3000030517578,236.8800048828125,1087828
2025-11-17 17:00:00+00:00,236.8699951171875,236.97999572753906,236.60000610351562,236.86000061035156,1132852
2025-11-17 17:15:00+00:00,236.86500549316406,236.97000122070312,236.47999572753906,236.72999572753906,1180255
2025-11-17 17:30:00+00:00,236.72999572753906,236.8800048828125,236.16000366210938,236.2899932861328,1414683
2025-11-17 17:45:00+00:00,236.2899932861328,236.3000030517578,235.6199951171875,235.72000122070312,1154675
2025-11-17 18:00:00+00:00,235.72000122070312,235.8000030517578,235.30999755859375,235.64999389648438,1451489
2025-11-17 18:15:00+00:00,235.63499450683594,235.82000732421875,235.3800048828125,235.50999450683594,1131522
2025-11-17 18:30:00+00:00,235.5,235.52999877929688,235.0050048828125,235.27999877929688,1359471
2025-11-17 18:45:00+00:00,235.27000427246094,235.6999969482422,234.4250030517578,234.49000549316406,1781771
2025-11-17 19:00:00+00:00,234.5050048828125,234.61000061035156,234.11000061035156,234.3300018310547,2274828
2025-11-17 19:15:00+00:00,234.3300018310547,234.3699951171875,233.7449951171875,234.02000427246094,1898996
2025-11-17 19:30:00+00:00,234.00999450683594,234.1300048828125,232.74000549316406,233.02999877929688,2986822
2025-11-17 19:45:00+00:00,233.02000427246094,233.10000610351562,232.1999969482422,232.25,2446934
2025-11-17 20:00:00+00:00,232.24000549316406,232.6999969482422,231.7550048828125,232.2899932861328,2996335
2025-11-17 20:15:00+00:00,232.3000030517578,232.75,232.14999389648438,232.5399932861328,2442022
2025-11-17 20:30:00+00:00,232.5399932861328,232.69000244140625,231.89999389648438,232.5399932861328,3131743
2025-11-17 20:45:00+00:00,232.5399932861328,233.02000427246094,232.44000244140625,232.77999877929688,4831215
2025-11-18 14:30:00+00:00,231.30999755859375,233.00999450683594,231.1699981689453,232.14999389648438,5075129
2025-11-18 14:45:00+00:00,232.14999389648438,232.99000549316406,231.6199951171875,231.6999969482422,3025668
2025-11-18 15:00:00+00:00,231.6909942626953,232.0,230.9550018310547,231.63999938964844,2609721
2025-11-18 15:15:00+00:00,231.6300048828125,232.64999389648438,230.97000122070312,231.9250030517578,3219482
2025-11-18 15:30:00+00:00,231.9199981689453,232.8000030517578,231.5,231.77999877929688,2564908
2025-11-18 15:45:00+00:00,231.75999450683594,231.97999572753906,231.27000427246094,231.39999389648438,2562022
2025-11-18 16:00:00+00:00,231.3800048828125,232.5399932861328,230.98500061035156,232.25999450683594,2966410
2025-11-18 16:15:00+00:00,232.25999450683594,233.32000732421875,232.01499938964844,233.1750030517578,2428819
2025-11-18 16:30:00+00:00,233.1699981689453,233.66000366210938,232.83999633789062,233.05999755859375,2733575
2025-11-18 16:45:00+00:00,233.07000732421875,233.39999389648438,232.72500610351562,233.1199951171875,2287163
2025-11-18 17:00:00+00:00,233.11000061035156,233.39999389648438,232.69000244140625,232.7100067138672,1828137
2025-11-18 17:15:00+00:00,232.72999572753906,233.0800018310547,232.13999938964844,232.1566925048828,1387068
2025-11-18 17:30:00+00:00,232.14999389648438,233.94000244140625,231.97000122070312,233.78480529785156,2442857
2025-11-18 17:45:00+00:00,233.8000030517578,234.5800018310547,233.36000061035156,234.30999755859375,2326038
2025-11-18 18:00:00+00:00,234.32000732421875,234.91000366210938,234.23500061035156,234.72999572753906,2544491
2025-11-18 18:15:00+00:00,234.72999572753906,234.85000610351562,234.33999633789062,234.3800048828125,2408077
2025-11-18 18:30:00+00:00,234.38999938964844,235.0800018310547,234.27999877929688,234.75999450683594,1426641
2025-11-18 18:45:00+00:00,234.77000427246094,234.92999267578125,234.05999755859375,234.25999450683594,1945662
2025-11-18 19:00:00+00:00,234.27000427246094,234.6300048828125,234.0800018310547,234.3199005126953,1994487
2025-11-18 19:15:00+00:00,234.3300018310547,234.4600067138672,233.89999389648438,234.02999877929688,1307958
2025-11-18 19:30:00+00:00,234.0399932861328,234.7100067138672,233.91000366210938,234.2100067138672,1743547
2025-11-18 19:45:00+00:00,234.22000122070312,234.72000122070312,233.8800048828125,234.52000427246094,1436277
2025-11-18 20:00:00+00:00,234.52999877929688,234.73500061035156,234.15499877929688,234.4199981689453,1410825
2025-11-18 20:15:00+00:00,234.41000366210938,234.60499572753906,233.77999877929688,234.04209899902344,1471064
2025-11-18 20:30:00+00:00,234.0399932861328,234.25,233.8699951171875,233.90499877929688,1743031
2025-11-18 20:45:00+00:00,233.90499877929688,234.22999572753906,233.375,233.4600067138672,4008534
2025-11-19 14:30:00+00:00,233.8000030517578,234.4199981689453,233.44000244140625,234.03819274902344,4451070
2025-11-19 14:45:00+00:00,234.02999877929688,235.0399932861328,233.88999938964844,234.97999572753906,2782679
2025-11-19 15:00:00+00:00,234.99000549316406,235.7899932861328,234.72999572753906,235.77999877929688,1874050
2025-11-19 15:15:00+00:00,235.78500366210938,236.3699951171875,234.88499450683594,235.08999633789062,2890748
2025-11-19 15:30:00+00:00,235.08999633789062,235.4199981689453,234.6999969482422,234.91000366210938,1874864
2025-11-19 15:45:00+00:00,234.91000366210938,234.92999267578125,233.9550018310547,234.16000366210938,1606708
2025-11-19 16:00:00+00:00,234.16000366210938,234.3800048828125,233.7100067138672,233.85000610351562,1969377
2025-11-19 16:15:00+00:00,233.83999633789062,234.1999969482422,233.36000061035156,233.64999389648438,2203351
2025-11-19 16:30:00+00:00,233.66000366210938,233.7899932861328,233.10000610351562,233.55999755859375,1678271
2025-11-19 16:45:00+00:00,233.55999755859375,233.86000061035156,233.25,233.83999633789062,1813795
2025-11-19 17:00:00+00:00,233.83999633789062,234.08999633789062,233.0800018310547,233.14999389648438,1991245
2025-11-19 17:15:00+00:00,233.16000366210938,233.47999572753906,232.92999267578125,233.39999389648438,1769742
2025-11-19 17:30:00+00:00,233.38999938964844,233.64999389648438,232.42999267578125,233.41000366210938,2241720
2025-11-19 17:45:00+00:00,233.39999389648438,233.57000732421875,232.99000549316406,233.3699951171875,1586710
2025-11-19 18:00:00+00:00,233.3800048828125,234.08999633789062,233.27000427246094,233.91000366210938,1387456
2025-11-19 18:15:00+00:00,233.9149932861328,234.08999633789062,233.4600067138672,233.50999450683594,1440371
2025-11-19 18:30:00+00:00,233.5,234.22000122070312,233.33999633789062,233.47000122070312,2749096
2025-11-19 18:45:00+00:00,233.47500610351562,234.05999755859375,233.0800018310547,233.86500549316406,1134429
2025-11-19 19:00:00+00:00,233.86000061035156,233.98989868164062,233.24000549316406,233.47999572753906,1953029
2025-11-19 19:15:00+00:00,233.47999572753906,233.55999755859375,232.5500030517578,232.74000549316406,1606217
2025-11-19 19:30:00+00:00,232.74000549316406,233.02000427246094,232.49000549316406,232.58999633789062,1600866
2025-11-19 19:45:00+00:00,232.5800018310547,233.47000122070312,232.47000122070312,233.17999267578125,1846486
2025-11-19 20:00:00+00:00,233.1699981689453,233.5800018310547,232.97999572753906,233.54299926757812,2042690
2025-11-19 20:15:00+00:00,233.5500030517578,234.30499267578125,233.5500030517578,234.00999450683594,2501063
2025-11-19 20:30:00+00:00,234.0,234.47500610351562,233.8300018310547,234.14999389648438,1797652
2025-11-19 20:45:00+00:00,234.13999938964844,234.1699981689453,233.32000732421875,233.4600067138672,4709671
2025-11-20 14:30:00+00:00,237.24000549316406,238.38999938964844,236.99290466308594,237.5399932861328,6781807
2025-11-20 14:45:00+00:00,237.55999755859375,238.52999877929688,237.2050018310547,238.3800048828125,3493348
2025-11-20 15:00:00+00:00,238.38999938964844,238.8699951171875,237.63999938964844,237.8000030517578,3056971
2025-11-20 15:15:00+00:00,237.7949981689453,239.10000610351562,237.67999267578125,238.97999572753906,2142660
2025-11-20 15:30:00+00:00,239.0,239.0850067138672,238.60499572753906,238.78500366210938,1907646
2025-11-20 15:45:00+00:00,238.7899932861328,238.85000610351562,237.3000030517578,237.3000946044922,1873694
2025-11-20 16:00:00+00:00,237.30999755859375,237.3800048828125,236.19200134277344,236.22000122070312,3251077
2025-11-20 16:15:00+00:00,236.22999572753906,236.24000549316406,235.41000366210938,235.49000549316406,3396733
2025-11-20 16:30:00+00:00,235.5,235.6199951171875,234.13999938964844,234.23500061035156,4208582
2025-11-20 16:45:00+00:00,234.24000549316406,234.85000610351562,232.5,232.75,5471326
2025-11-20 17:00:00+00:00,232.75,233.7550048828125,232.1999969482422,232.80999755859375,6183307
2025-11-20 17:15:00+00:00,232.8000030517578,232.8000030517578,231.58999633789062,231.99000549316406,5125549
2025-11-20 17:30:00+00:00,231.97000122070312,232.41000366210938,231.08999633789062,231.10000610351562,4607383
2025-11-20 17:45:00+00:00,231.10000610351562,231.83999633789062,230.77000427246094,231.52000427246094,3964658
2025-11-20 18:00:00+00:00,231.52000427246094,233.49000549316406,231.32000732421875,233.49000549316406,3793165
2025-11-20 18:15:00+00:00,233.47999572753906,233.5449981689453,232.14999389648438,232.35499572753906,3588989
2025-11-20 18:30:00+00:00,232.35000610351562,232.49000549316406,231.26499938964844,231.27999877929688,2588248
2025-11-20 18:45:00+00:00,231.27000427246094,231.2899932861328,230.25,230.58999633789062,2490859
2025-11-20 19:00:00+00:00,230.60000610351562,230.92999267578125,230.2100067138672,230.7100067138672,2819177
2025-11-20 19:15:00+00:00,230.6999969482422,231.4199981689453,230.4600067138672,231.2100067138672,1876549
2025-11-20 19:30:00+00:00,231.20730590820312,231.20730590820312,230.30999755859375,230.88999938964844,2451674
2025-11-20 19:45:00+00:00,230.8699951171875,231.66000366210938,230.3300018310547,231.61000061035156,2445016
2025-11-20 20:00:00+00:00,231.61000061035156,231.61000061035156,230.42999267578125,230.57000732421875,2786115
2025-11-20 20:15:00+00:00,230.5749969482422,231.16000366210938,230.32000732421875,230.6750030517578,2384158
2025-11-20 20:30:00+00:00,230.6699981689453,230.75,229.36199951171875,229.4199981689453,3009567
2025-11-20 20:45:00+00:00,229.42999267578125,229.6300048828125,228.89999389648438,229.13999938964844,7440308
2025-11-21 14:30:00+00:00,229.9600067138672,231.30999755859375,229.5800018310547,230.2100067138672,7625560
2025-11-21 14:45:00+00:00,230.22000122070312,231.35000610351562,229.8300018310547,230.86000061035156,3367499
2025-11-21 15:00:00+00:00,230.86000061035156,231.75,230.2100067138672,231.2899932861328,3711435
2025-11-21 15:15:00+00:00,231.27000427246094,231.5399932861328,230.17999267578125,230.2899932861328,4597917
2025-11-21 15:30:00+00:00,230.2899932861328,231.1999969482422,229.6699981689453,231.02999877929688,8052500
2025-11-21 15:45:00+00:00,231.02999877929688,231.97999572753906,230.89999389648438,231.27000427246094,5225478
2025-11-21 16:00:00+00:00,231.25999450683594,231.9499969482422,230.57000732421875,231.6699981689453,3340089
2025-11-21 16:15:00+00:00,231.6699981689453,233.22000122070312,231.25999450683594,233.1999969482422,4284408
2025-11-21 16:30:00+00:00,233.19500732421875,234.14999389648438,233.08999633789062,234.0500030517578,3965942
2025-11-21 16:45:00+00:00,234.0500030517578,235.6699981689453,233.77000427246094,235.64999389648438,4298809
2025-11-21 17:00:00+00:00,235.64999389648438,236.0,235.00999450683594,235.61500549316406,3328939
2025-11-21 17:15:00+00:00,235.625,236.07000732421875,235.22999572753906,235.77999877929688,3210937
2025-11-21 17:30:00+00:00,235.77999877929688,235.96499633789062,235.5399932861328,235.6750030517578,2133887
2025-11-21 17:45:00+00:00,235.69000244140625,235.82000732421875,235.22999572753906,235.6300048828125,2915581
2025-11-21 18:00:00+00:00,235.6300048828125,235.76499938964844,234.6750030517578,234.6750030517578,3796444
2025-11-21 18:15:00+00:00,234.6750030517578,235.0050048828125,234.4499969482422,234.8000030517578,2323712
2025-11-21 18:30:00+00:00,234.77999877929688,235.77000427246094,234.6699981689453,235.6699981689453,2615698
2025-11-21 18:45:00+00:00,235.69000244140625,236.64999389648438,235.44000244140625,235.9499969482422,2938531
2025-11-21 19:00:00+00:00,235.9499969482422,236.60000610351562,235.88999938964844,236.52999877929688,2400085
2025-11-21 19:15:00+00:00,236.52999877929688,237.0399932861328,236.41000366210938,236.9499969482422,1839588
2025-11-21 19:30:00+00:00,236.9499969482422,237.11000061035156,236.3699951171875,236.57000732421875,2564242
2025-11-21 19:45:00+00:00,236.57000732421875,236.77999877929688,236.07000732421875,236.2899932861328,1880568
2025-11-21 20:00:00+00:00,236.27999877929688,236.57000732421875,236.1300048828125,236.25999450683594,1471177
2025-11-21 20:15:00+00:00,236.25,236.35499572753906,235.61000061035156,235.61000061035156,2119372
2025-11-21 20:30:00+00:00,235.60000610351562,236.10000610351562,235.3300018310547,235.80999755859375,3240129
2025-11-21 20:45:00+00:00,235.80999755859375,236.36500549316406,235.4149932861328,235.61000061035156,6526756
2025-11-24 14:30:00+00:00,235.9600067138672,237.05499267578125,235.47999572753906,236.11000061035156,5521880
2025-11-24 14:45:00+00:00,236.1199951171875,238.15499877929688,236.02999877929688,238.14999389648438,3229893
2025-11-24 15:00:00+00:00,238.14999389648438,238.44000244140625,237.4600067138672,238.0500030517578,1552178
2025-11-24 15:15:00+00:00,238.0749969482422,238.52999877929688,237.75999450683594,238.27000427246094,1611177
2025-11-24 15:30:00+00:00,238.27000427246094,238.57000732421875,238.0500030517578,238.44000244140625,1281971
2025-11-24 15:45:00+00:00,238.4499969482422,238.83999633789062,238.35000610351562,238.72999572753906,899672
2025-11-24 16:00:00+00:00,238.72000122070312,239.16000366210938,238.7100067138672,238.851806640625,1326264
2025-11-24 16:15:00+00:00,238.85499572753906,239.0399932861328,238.63999938964844,238.86000061035156,806555
2025-11-24 16:30:00+00:00,238.85000610351562,239.3699951171875,238.67999267578125,239.3000030517578,743464
2025-11-24 16:45:00+00:00,239.31500244140625,239.4199981689453,238.89999389648438,239.0399932861328,583623
2025-11-24 17:00:00+00:00,239.05999755859375,239.27000427246094,238.86000061035156,239.1300048828125,772777
2025-11-24 17:15:00+00:00,239.1300048828125,239.49000549316406,238.97000122070312,239.4199981689453,559620
2025-11-24 17:30:00+00:00,239.4199981689453,239.7100067138672,239.3300018310547,239.64999389648438,690278
2025-11-24 17:45:00+00:00,239.64999389648438,239.97500610351562,239.64500427246094,239.86000061035156,821451
2025-11-24 18:00:00+00:00,239.86000061035156,239.94000244140625,239.67999267578125,239.91000366210938,387107
2025-11-24 18:15:00+00:00,239.90499877929688,239.92999267578125,239.57000732421875,239.67999267578125,543379
2025-11-24 18:30:00+00:00,239.67999267578125,239.85000610351562,239.5399932861328,239.8300018310547,751853
2025-11-24 18:45:00+00:00,239.8300018310547,239.91000366210938,239.6750030517578,239.8000030517578,430999
2025-11-24 19:00:00+00:00,239.8000030517578,240.13999938964844,239.68499755859375,239.69500732421875,529771
2025-11-24 19:15:00+00:00,239.69000244140625,239.72500610351562,239.47999572753906,239.57000732421875,428721
2025-11-24 19:30:00+00:00,239.5800018310547,239.72500610351562,239.2899932861328,239.5500030517578,991022
2025-11-24 19:45:00+00:00,239.5399932861328,239.6300048828125,239.19000244140625,239.24000549316406,1132560
2025-11-24 20:00:00+00:00,239.22999572753906,239.86000061035156,239.22999572753906,239.82000732421875,2320486
2025-11-24 20:15:00+00:00,239.8249969482422,239.91000366210938,239.57000732421875,239.85499572753906,931751
2025-11-24 20:30:00+00:00,239.85499572753906,240.06500244140625,239.7469940185547,240.0399932861328,1073672
2025-11-24 20:45:00+00:00,240.0447998046875,240.3800048828125,239.72999572753906,239.89500427246094,3892763
2025-11-25 14:30:00+00:00,240.74000549316406,241.875,240.58999633789062,240.97999572753906,5135792
2025-11-25 14:45:00+00:00,240.97000122070312,242.45899963378906,240.0399932861328,242.45899963378906,2810794
2025-11-25 15:00:00+00:00,242.4149932861328,242.83999633789062,241.72000122070312,241.89999389648438,2729407
2025-11-25 15:15:00+00:00,241.89999389648438,242.47999572753906,241.4600067138672,242.4600067138672,2506853
2025-11-25 15:30:00+00:00,242.4499969482422,243.59500122070312,242.38999938964844,243.5749969482422,1984864
2025-11-25 15:45:00+00:00,243.5800018310547,243.8699951171875,242.64999389648438,243.16000366210938,1867990
2025-11-25 16:00:00+00:00,243.16000366210938,243.42999267578125,242.8300018310547,243.13999938964844,1126643
2025-11-25 16:15:00+00:00,243.13999938964844,243.7899932861328,243.00999450683594,243.52000427246094,1266470
2025-11-25 16:30:00+00:00,243.52000427246094,243.77000427246094,243.36000061035156,243.56500244140625,1817354
2025-11-25 16:45:00+00:00,243.57000732421875,243.75,243.3000030517578,243.72500610351562,1164522
2025-11-25 17:00:00+00:00,243.7100067138672,244.3300018310547,243.7100067138672,244.22000122070312,1602792
2025-11-25 17:15:00+00:00,244.2100067138672,244.63499450683594,244.10000610351562,244.49000549316406,922557
2025-11-25 17:30:00+00:00,244.49000549316406,244.9499969482422,244.47000122070312,244.64999389648438,1272908
2025-11-25 17:45:00+00:00,244.66000366210938,244.80999755859375,244.41000366210938,244.47000122070312,985442
2025-11-25 18:00:00+00:00,244.47999572753906,244.74000549316406,244.4199981689453,244.5399932861328,1635647
2025-11-25 18:15:00+00:00,244.52999877929688,244.6750030517578,244.3000030517578,244.6199951171875,1462598
2025-11-25 18:30:00+00:00,244.6300048828125,244.75999450683594,244.2519989013672,244.2949981689453,913556
2025-11-25 18:45:00+00:00,244.2949981689453,244.57000732421875,244.2899932861328,244.3946990966797,912893
2025-11-25 19:00:00+00:00,244.39999389648438,244.50999450683594,244.125,244.4199981689453,1094726
2025-11-25 19:15:00+00:00,244.42999267578125,244.49000549316406,243.9499969482422,244.22500610351562,1087523
2025-11-25 19:30:00+00:00,244.22000122070312,244.41000366210938,244.0800018310547,244.3300018310547,1339150
2025-11-25 19:45:00+00:00,244.32000732421875,244.97999572753906,244.3000030517578,244.97000122070312,907715
2025-11-25 20:00:00+00:00,244.97999572753906,245.3350067138672,244.90699768066406,245.3300018310547,1007643
2025-11-25 20:15:00+00:00,245.33999633789062,245.52000427246094,245.27999877929688,245.30499267578125,1090909
2025-11-25 20:30:00+00:00,245.30999755859375,245.4947052001953,245.25,245.36000061035156,1293949
2025-11-25 20:45:00+00:00,245.35499572753906,245.5500030517578,244.97999572753906,245.1300048828125,4546210
2025-11-26 14:30:00+00:00,245.0500030517578,246.30999755859375,244.77000427246094,246.1699981689453,3609980
2025-11-26 14:45:00+00:00,246.1699981689453,246.50999450683594,245.4499969482422,245.85000610351562,1866858
2025-11-26 15:00:00+00:00,245.8300018310547,246.42999267578125,245.58999633789062,245.9600067138672,1915734
2025-11-26 15:15:00+00:00,245.9600067138672,246.49000549316406,245.6999969482422,245.92999267578125,1462764
2025-11-26 15:30:00+00:00,245.94000244140625,246.64999389648438,245.94000244140625,246.39999389648438,1536456
2025-11-26 15:45:00+00:00,246.39999389648438,246.90499877929688,246.27000427246094,246.90499877929688,1221357
2025-11-26 16:00:00+00:00,246.91000366210938,247.0500030517578,246.72500610351562,246.92999267578125,1015365
2025-11-26 16:15:00+00:00,246.92999267578125,247.10000610351562,246.77000427246094,246.85000610351562,1090470
2025-11-26 16:30:00+00:00,246.86000061035156,247.27499389648438,246.80999755859375,247.2100067138672,973407
2025-11-26 16:45:00+00:00,247.2100067138672,247.34500122070312,247.02000427246094,247.22000122070312,697263
2025-11-26 17:00:00+00:00,247.22000122070312,247.27999877929688,246.89999389648438,246.89999389648438,842437
2025-11-26 17:15:00+00:00,246.89999389648438,247.11000061035156,246.8000030517578,247.00999450683594,671799
2025-11-26 17:30:00+00:00,247.0,247.22999572753906,246.89500427246094,247.13999938964844,845502
2025-11-26 17:45:00+00:00,247.14999389648438,247.27000427246094,246.98500061035156,247.1300048828125,652661
2025-11-26 18:00:00+00:00,247.1300048828125,247.5749969482422,246.8000030517578,247.5500030517578,1516565
2025-11-26 18:15:00+00:00,247.5399932861328,247.64999389648438,247.27000427246094,247.4499969482422,754398
2025-11-26 18:30:00+00:00,247.4499969482422,247.52999877929688,247.0800018310547,247.22000122070312,702853
2025-11-26 18:45:00+00:00,247.2100067138672,247.7799072265625,247.1199951171875,247.71499633789062,691645
2025-11-26 19:00:00+00:00,247.7100067138672,247.9600067138672,247.61000061035156,247.8699951171875,670481
2025-11-26 19:15:00+00:00,247.8800048828125,248.375,247.83999633789062,248.35000610351562,629400
2025-11-26 19:30:00+00:00,248.35000610351562,248.5,248.1300048828125,248.14500427246094,1050245
2025-11-26 19:45:00+00:00,248.14999389648438,248.3350067138672,247.9949951171875,248.27499389648438,664205
2025-11-26 20:00:00+00:00,248.27999877929688,248.68499755859375,248.24000549316406,248.68499755859375,789569
2025-11-26 20:15:00+00:00,248.67999267578125,248.8249969482422,248.5800018310547,248.77000427246094,1003924
2025-11-26 20:30:00+00:00,248.77499389648438,248.77499389648438,248.44000244140625,248.4499969482422,1194034
2025-11-26 20:45:00+00:00,248.4499969482422,248.5,247.14999389648438,247.32000732421875,4920308
2025-11-28 14:30:00+00:00,248.00999450683594,248.25,247.07000732421875,248.2299041748047,1762286
2025-11-28 14:45:00+00:00,248.22999572753906,248.36000061035156,247.7100067138672,247.8000030517578,1344937
2025-11-28 15:00:00+00:00,247.80999755859375,248.3699951171875,247.74000549316406,248.16000366210938,1055997
2025-11-28 15:15:00+00:00,248.1699981689453,248.4499969482422,248.11000061035156,248.32000732421875,1264510
2025-11-28 15:30:00+00:00,248.3300018310547,248.5050048828125,248.1844940185547,248.44500732421875,1144590
2025-11-28 15:45:00+00:00,248.4499969482422,248.5500030517578,248.32000732421875,248.3300018310547,1420686
2025-11-28 16:00:00+00:00,248.32000732421875,248.51499938964844,248.22000122070312,248.42559814453125,1042263
2025-11-28 16:15:00+00:00,248.42999267578125,248.50999450683594,248.0800018310547,248.3699951171875,1000737
2025-11-28 16:30:00+00:00,248.3699951171875,248.47500610351562,248.13999938964844,248.36500549316406,795094
2025-11-28 16:45:00+00:00,248.3616943359375,248.42999267578125,248.1750030517578,248.2899932861328,843875
2025-11-28 17:00:00+00:00,248.3000030517578,248.38999938964844,248.0800018310547,248.0800018310547,907949
2025-11-28 17:15:00+00:00,248.0800018310547,248.2899932861328,247.94500732421875,248.00999450683594,1057797
2025-11-28 17:30:00+00:00,248.00999450683594,248.08999633789062,247.88999938964844,248.0,1147626
2025-11-28 17:45:00+00:00,248.00999450683594,248.02000427246094,247.92999267578125,247.97500610351562,69246
2025-12-01 14:30:00+00:00,245.57000732421875,246.41549682617188,245.41000366210938,246.33999633789062,4369327
2025-12-01 14:45:00+00:00,246.36000061035156,247.68499755859375,246.16000366210938,247.3300018310547,1798713
2025-12-01 15:00:00+00:00,247.3699951171875,247.4600067138672,246.63999938964844,246.71499633789062,1703640
2025-12-01 15:15:00+00:00,246.72999572753906,246.8000030517578,245.8699951171875,246.08999633789062,1271961
2025-12-01 15:30:00+00:00,246.08999633789062,246.7050018310547,245.99000549316406,246.375,1422514
2025-12-01 15:45:00+00:00,246.3699951171875,247.10000610351562,246.30999755859375,247.0,843873
2025-12-01 16:00:00+00:00,247.0,247.0800018310547,246.47000122070312,246.5399932861328,917839
2025-12-01 16:15:00+00:00,246.52999877929688,246.69000244140625,246.27000427246094,246.5,890998
2025-12-01 16:30:00+00:00,246.5,247.24000549316406,246.49000549316406,247.1199951171875,1305437
2025-12-01 16:45:00+00:00,247.1199951171875,247.24000549316406,246.7100067138672,246.82000732421875,824620
2025-12-01 17:00:00+00:00,246.82000732421875,247.2200927734375,246.75,246.89999389648438,793188
2025-12-01 17:15:00+00:00,246.89999389648438,246.9199981689453,246.66000366210938,246.8800048828125,797552
2025-12-01 17:30:00+00:00,246.8699951171875,247.1750030517578,246.75999450683594,247.1750030517578,699841
2025-12-01 17:45:00+00:00,247.1699981689453,247.3300018310547,246.91000366210938,247.00999450683594,813314
2025-12-01 18:00:00+00:00,247.02000427246094,247.28500366210938,247.0,247.2657012939453,779532
2025-12-01 18:15:00+00:00,247.25999450683594,247.3300018310547,247.08999633789062,247.24000549316406,817881
2025-12-01 18:30:00+00:00,247.25,247.42999267578125,247.2449951171875,247.32000732421875,632886
2025-12-01 18:45:00+00:00,247.32000732421875,247.43499755859375,247.2449951171875,247.3000030517578,756143
2025-12-01 19:00:00+00:00,247.2899932861328,247.2899932861328,246.6300048828125,246.8350067138672,1132571
2025-12-01 19:15:00+00:00,246.8350067138672,246.83999633789062,245.94500732421875,246.02000427246094,1253860
2025-12-01 19:30:00+00:00,246.01499938964844,246.27499389648438,245.75999450683594,245.86000061035156,1462540
2025-12-01 19:45:00+00:00,245.86000061035156,246.10000610351562,245.72000122070312,245.8800048828125,1446043
2025-12-01 20:00:00+00:00,245.8699951171875,246.1750030517578,245.8300018310547,246.02000427246094,1187592
2025-12-01 20:15:00+00:00,246.02000427246094,246.13999938964844,245.78500366210938,245.9600067138672,1040218
2025-12-01 20:30:00+00:00,245.9600067138672,246.00999450683594,245.69000244140625,245.8800048828125,1309805
2025-12-01 20:45:00+00:00,245.8800048828125,245.9199981689453,245.3350067138672,245.64999389648438,4450073
2025-12-02 14:30:00+00:00,247.3699951171875,247.3699951171875,246.19000244140625,246.49000549316406,3677020
2025-12-02 14:45:00+00:00,246.49000549316406,247.25,246.16000366210938,247.08999633789062,1598717
2025-12-02 15:00:00+00:00,247.05999755859375,247.26499938964844,246.69000244140625,247.0399932861328,1475994
2025-12-02 15:15:00+00:00,247.0449981689453,247.25,245.99000549316406,246.11000061035156,1185837
2025-12-02 15:30:00+00:00,246.11000061035156,246.6699981689453,245.86000061035156,246.52000427246094,1524071
2025-12-02 15:45:00+00:00,246.52000427246094,247.00999450683594,246.4199981689453,246.57000732421875,823365
2025-12-02 16:00:00+00:00,246.57000732421875,246.91000366210938,245.9600067138672,246.0500030517578,1585392
2025-12-02 16:15:00+00:00,246.0449981689453,246.1999969482422,245.27999877929688,245.39999389648438,1564514
2025-12-02 16:30:00+00:00,245.38999938964844,246.22999572753906,245.32000732421875,245.69000244140625,1243235
2025-12-02 16:45:00+00:00,245.67999267578125,245.83999633789062,245.35000610351562,245.67999267578125,993059
2025-12-02 17:00:00+00:00,245.69000244140625,245.99000549316406,245.6300048828125,245.97000122070312,588429
2025-12-02 17:15:00+00:00,245.96499633789062,246.5399932861328,245.94000244140625,246.39999389648438,670930
2025-12-02 17:30:00+00:00,246.39999389648438,246.52999877929688,246.07000732421875,246.33999633789062,559248
2025-12-02 17:45:00+00:00,246.33999633789062,246.3800048828125,245.74000549316406,245.74000549316406,587331
2025-12-02 18:00:00+00:00,245.72999572753906,246.3699951171875,245.66099548339844,246.0800018310547,827865
2025-12-02 18:15:00+00:00,246.0800018310547,246.32000732421875,245.94000244140625,246.13999938964844,957197
2025-12-02 18:30:00+00:00,246.1300048828125,246.23500061035156,245.7899932861328,245.97000122070312,668816
2025-12-02 18:45:00+00:00,245.9600067138672,246.11500549316406,245.8699951171875,246.0500030517578,760541
2025-12-02 19:00:00+00:00,246.0399932861328,246.42999267578125,246.02999877929688,246.3350067138672,686893
2025-12-02 19:15:00+00:00,246.3300018310547,246.38999938964844,245.8800048828125,246.13999938964844,647707
2025-12-02 19:30:00+00:00,246.1300048828125,246.22999572753906,245.97000122070312,246.07000732421875,622130
2025-12-02 19:45:00+00:00,246.0800018310547,246.375,246.05999755859375,246.30499267578125,553127
2025-12-02 20:00:00+00:00,246.3000030517578,246.42999267578125,246.1999969482422,246.33999633789062,645351
2025-12-02 20:15:00+00:00,246.35000610351562,246.35499572753906,246.05499267578125,246.1300048828125,949432
2025-12-02 20:30:00+00:00,246.1199951171875,246.25,245.9600067138672,245.9949951171875,1420786
2025-12-02 20:45:00+00:00,245.99000549316406,246.0050048828125,245.1199951171875,245.17999267578125,3188980
2025-12-03 14:30:00+00:00,245.97000122070312,247.1999969482422,245.47999572753906,246.69000244140625,4546238
2025-12-03 14:45:00+00:00,246.69000244140625,246.8800048828125,246.22000122070312,246.2899932861328,1451637
2025-12-03 15:00:00+00:00,246.33999633789062,247.33999633789062,246.25999450683594,246.99000549316406,1336789
2025-12-03 15:15:00+00:00,246.98500061035156,247.41000366210938,246.8699951171875,247.1999969482422,1129991
2025-12-03 15:30:00+00:00,247.19000244140625,247.64999389648438,247.00999450683594,247.6300048828125,1891052
2025-12-03 15:45:00+00:00,247.625,247.94500732421875,247.47000122070312,247.6300048828125,1603624
2025-12-03 16:00:00+00:00,247.6199951171875,248.13499450683594,247.5399932861328,247.69000244140625,956208
2025-12-03 16:15:00+00:00,247.6699981689453,248.00999450683594,247.50999450683594,247.7100067138672,682977
2025-12-03 16:30:00+00:00,247.7100067138672,248.3249969482422,247.6300048828125,248.10499572753906,909360
2025-12-03 16:45:00+00:00,248.10499572753906,248.2700958251953,247.50999450683594,247.58999633789062,892858
2025-12-03 17:00:00+00:00,247.58999633789062,248.37840270996094,247.5800018310547,248.36000061035156,854489
2025-12-03 17:15:00+00:00,248.36000061035156,248.72999572753906,248.36000061035156,248.6699981689453,764398
2025-12-03 17:30:00+00:00,248.66000366210938,248.8800048828125,248.5,248.85000610351562,1485917
2025-12-03 17:45:00+00:00,248.85000610351562,249.10499572753906,248.80499267578125,249.0,650163
2025-12-03 18:00:00+00:00,249.00999450683594,249.18499755859375,248.9600067138672,249.1699981689453,856672
2025-12-03 18:15:00+00:00,249.1699981689453,249.1699981689453,248.75,248.85000610351562,642015
2025-12-03 18:30:00+00:00,248.85000610351562,249.1199951171875,248.67999267578125,249.02000427246094,799100
2025-12-03 18:45:00+00:00,249.02999877929688,249.0399932861328,248.6999969482422,248.7655029296875,617197
2025-12-03 19:00:00+00:00,248.75999450683594,249.1199951171875,248.73500061035156,249.05999755859375,883157
2025-12-03 19:15:00+00:00,249.05999755859375,249.1999969482422,248.90750122070312,249.05999755859375,567872
2025-12-03 19:30:00+00:00,249.05999755859375,249.35000610351562,249.00999450683594,249.3300018310547,482777
2025-12-03 19:45:00+00:00,249.32000732421875,249.49000549316406,249.25999450683594,249.4600067138672,517184
2025-12-03 20:00:00+00:00,249.4499969482422,249.5399932861328,249.24000549316406,249.44000244140625,766815
2025-12-03 20:15:00+00:00,249.43499755859375,249.60000610351562,249.3800048828125,249.5749969482422,1060582
2025-12-03 20:30:00+00:00,249.57000732421875,249.67999267578125,249.40499877929688,249.53500366210938,1274054
2025-12-03 20:45:00+00:00,249.52999877929688,249.8350067138672,249.52999877929688,249.6300048828125,2658177
2025-12-04 14:30:00+00:00,248.97000122070312,249.7899932861328,248.91000366210938,249.39999389648438,2949251
2025-12-04 14:45:00+00:00,249.41000366210938,249.5500030517578,248.5399932861328,248.69000244140625,1597054
2025-12-04 15:00:00+00:00,248.6999969482422,249.42999267578125,248.6649932861328,249.41000366210938,1193417
2025-12-04 15:15:00+00:00,249.4199981689453,250.6699981689453,249.3699951171875,250.58999633789062,1781554
2025-12-04 15:30:00+00:00,250.57000732421875,251.11000061035156,250.24000549316406,250.83999633789062,1762502
2025-12-04 15:45:00+00:00,250.85000610351562,251.19000244140625,250.4499969482422,251.11000061035156,1529485
2025-12-04 16:00:00+00:00,251.11000061035156,251.4600067138672,250.85499572753906,251.19000244140625,1992525
2025-12-04 16:15:00+00:00,251.1999969482422,251.57000732421875,251.0500030517578,251.30499267578125,1234657
2025-12-04 16:30:00+00:00,251.3000030517578,251.39999389648438,250.75999450683594,250.94000244140625,1993140
2025-12-04 16:45:00+00:00,250.94000244140625,251.85000610351562,250.94000244140625,251.8000030517578,1392231
2025-12-04 17:00:00+00:00,251.8000030517578,251.9499969482422,251.3800048828125,251.60000610351562,1260318
2025-12-04 17:15:00+00:00,251.60000610351562,251.88499450683594,251.39999389648438,251.8699951171875,1046237
2025-12-04 17:30:00+00:00,251.8699951171875,252.1649932861328,251.8000030517578,252.1165008544922,1033999
2025-12-04 17:45:00+00:00,252.1199951171875,252.34500122070312,252.07000732421875,252.3000030517578,793390
2025-12-04 18:00:00+00:00,252.2899932861328,252.4250030517578,252.05999755859375,252.27999877929688,1327759
2025-12-04 18:15:00+00:00,252.2899932861328,252.55999755859375,252.24000549316406,252.52000427246094,655621
2025-12-04 18:30:00+00:00,252.52499389648438,252.66000366210938,252.2100067138672,252.2100067138672,944178
2025-12-04 18:45:00+00:00,252.22000122070312,252.51499938964844,252.20469665527344,252.38999938964844,943428
2025-12-04 19:00:00+00:00,252.38999938964844,252.5,251.99000549316406,252.0,1185317
2025-12-04 19:15:00+00:00,251.99000549316406,251.99000549316406,251.0500030517578,251.51499938964844,1899510
2025-12-04 19:30:00+00:00,251.52000427246094,252.1699981689453,251.4149932861328,251.9499969482422,1330471
2025-12-04 19:45:00+00:00,251.9499969482422,252.0850067138672,251.8000030517578,252.0,996023
2025-12-04 20:00:00+00:00,251.99000549316406,251.99000549316406,251.47000122070312,251.7899932861328,1572552
2025-12-04 20:15:00+00:00,251.7899932861328,251.80999755859375,251.4600067138672,251.60000610351562,977117
2025-12-04 20:30:00+00:00,251.58999633789062,251.8000030517578,251.47999572753906,251.50999450683594,1071882
2025-12-04 20:45:00+00:00,251.51499938964844,251.85000610351562,251.47999572753906,251.80999755859375,3978031
2025-12-05 14:30:00+00:00,251.48500061035156,251.52999877929688,250.8000030517578,251.3000030517578,3462936
2025-12-05 14:45:00+00:00,251.30999755859375,251.55999755859375,250.97500610351562,251.27000427246094,1490374
2025-12-05 15:00:00+00:00,251.27999877929688,252.36000061035156,251.18499755859375,252.1750030517578,1745772
2025-12-05 15:15:00+00:00,252.1750030517578,252.2050018310547,251.83999633789062,252.16000366210938,1043211
2025-12-05 15:30:00+00:00,252.16000366210938,252.66000366210938,252.14999389648438,252.22000122070312,1275113
2025-12-05 15:45:00+00:00,252.22000122070312,252.42999267578125,251.8699951171875,252.02999877929688,1551715
2025-12-05 16:00:00+00:00,252.02999877929688,252.19500732421875,251.18499755859375,251.19000244140625,1879679
2025-12-05 16:15:00+00:00,251.19000244140625,251.52000427246094,250.97000122070312,251.32000732421875,1437674
2025-12-05 16:30:00+00:00,251.3000030517578,251.3000030517578,250.57000732421875,250.72999572753906,1466041
2025-12-05 16:45:00+00:00,250.72000122070312,251.13499450683594,250.72000122070312,250.9550018310547,1124553
2025-12-05 17:00:00+00:00,250.9499969482422,251.11000061035156,250.4499969482422,250.57000732421875,1113566
2025-12-05 17:15:00+00:00,250.57000732421875,250.72000122070312,250.44500732421875,250.52999877929688,877955
2025-12-05 17:30:00+00:00,250.5399932861328,250.64999389648438,250.27499389648438,250.47999572753906,1049721
2025-12-05 17:45:00+00:00,250.47999572753906,251.25,250.3800048828125,251.22999572753906,1015830
2025-12-05 18:00:00+00:00,251.22999572753906,251.61000061035156,251.22500610351562,251.25,1279983
2025-12-05 18:15:00+00:00,251.25,251.35000610351562,250.86000061035156,251.28500366210938,1170800
2025-12-05 18:30:00+00:00,251.27999877929688,251.52499389648438,251.19000244140625,251.41000366210938,975320
2025-12-05 18:45:00+00:00,251.39999389648438,251.51499938964844,251.2899932861328,251.39500427246094,741360
2025-12-05 19:00:00+00:00,251.38999938964844,251.42999267578125,250.96499633789062,251.11000061035156,779249
2025-12-05 19:15:00+00:00,251.11500549316406,251.11500549316406,250.85000610351562,251.0399932861328,856799
2025-12-05 19:30:00+00:00,251.0399932861328,251.17999267578125,250.9199981689453,251.0500030517578,1013489
2025-12-05 19:45:00+00:00,251.0399932861328,251.4600067138672,250.9199981689453,251.4550018310547,1035189
2025-12-05 20:00:00+00:00,251.4600067138672,251.4600067138672,251.08900451660156,251.19500732421875,1359141
2025-12-05 20:15:00+00:00,251.19500732421875,251.37669372558594,251.0749969482422,251.0800018310547,618679
2025-12-05 20:30:00+00:00,251.07000732421875,251.07000732421875,250.7899932861328,250.9949951171875,1133263
2025-12-05 20:45:00+00:00,250.99000549316406,250.99000549316406,250.5500030517578,250.75,3659911
2025-12-08 14:30:00+00:00,252.6999969482422,252.77000427246094,251.2899932861328,251.53500366210938,3354817
2025-12-08 14:45:00+00:00,251.52999877929688,252.27999877929688,251.3800048828125,251.9250030517578,1471163
2025-12-08 15:00:00+00:00,251.92999267578125,252.22999572753906,251.27999877929688,251.32000732421875,1359081
2025-12-08 15:15:00+00:00,251.3000030517578,251.8699951171875,251.15499877929688,251.50999450683594,1007563
2025-12-08 15:30:00+00:00,251.50999450683594,251.77999877929688,251.11000061035156,251.1199951171875,832073
2025-12-08 15:45:00+00:00,251.1300048828125,251.44000244140625,250.97000122070312,250.97999572753906,872205
2025-12-08 16:00:00+00:00,250.97999572753906,251.15499877929688,250.61000061035156,251.00999450683594,1378926
2025-12-08 16:15:00+00:00,251.0,251.7899932861328,250.9499969482422,251.7899932861328,1337754
2025-12-08 16:30:00+00:00,251.77999877929688,251.94000244140625,251.38999938964844,251.57000732421875,858597
2025-12-08 16:45:00+00:00,251.57000732421875,251.6199951171875,251.19000244140625,251.4499969482422,965312
2025-12-08 17:00:00+00:00,251.4499969482422,251.4550018310547,251.0,251.22000122070312,1010233
2025-12-08 17:15:00+00:00,251.22000122070312,251.40499877929688,251.05999755859375,251.3699951171875,945445
2025-12-08 17:30:00+00:00,251.36000061035156,251.5449981689453,251.0800018310547,251.32000732421875,956518
2025-12-08 17:45:00+00:00,251.32000732421875,251.6999969482422,251.11000061035156,251.64999389648438,754068
2025-12-08 18:00:00+00:00,251.63999938964844,251.69000244140625,251.03500366210938,251.1199951171875,443885
2025-12-08 18:15:00+00:00,251.1300048828125,251.22999572753906,250.60000610351562,250.6199951171875,580205
2025-12-08 18:30:00+00:00,250.61000061035156,250.9600067138672,250.3699951171875,250.94000244140625,840831
2025-12-08 18:45:00+00:00,250.94000244140625,250.99000549316406,250.17999267578125,250.41000366210938,733798
2025-12-08 19:00:00+00:00,250.4199981689453,250.7899932861328,250.25999450683594,250.6300048828125,726932
2025-12-08 19:15:00+00:00,250.6199951171875,250.9499969482422,250.61500549316406,250.75999450683594,584276
2025-12-08 19:30:00+00:00,250.75999450683594,251.3300018310547,250.75999450683594,251.27999877929688,787071
2025-12-08 19:45:00+00:00,251.27999877929688,251.27999877929688,250.88999938964844,250.97999572753906,658728
2025-12-08 20:00:00+00:00,250.97999572753906,251.22000122070312,250.8300018310547,251.13999938964844,701044
2025-12-08 20:15:00+00:00,251.13999938964844,251.30499267578125,251.0800018310547,251.18499755859375,721313
2025-12-08 20:30:00+00:00,251.19000244140625,251.19000244140625,250.9539031982422,251.08999633789062,769211
2025-12-08 20:45:00+00:00,251.08999633789062,251.2100067138672,250.63999938964844,250.89500427246094,3595863
2025-12-09 14:30:00+00:00,250.25,251.9499969482422,250.10000610351562,251.1750030517578,3450550
2025-12-09 14:45:00+00:00,251.14999389648438,251.7899932861328,250.9149932861328,251.55999755859375,1422264
2025-12-09 15:00:00+00:00,251.5449981689453,251.8699951171875,250.88999938964844,251.2899932861328,1514346
2025-12-09 15:15:00+00:00,251.3000030517578,251.75,251.1300048828125,251.66000366210938,875689
2025-12-09 15:30:00+00:00,251.64999389648438,252.0500030517578,251.5500030517578,252.0,954449
2025-12-09 15:45:00+00:00,252.00999450683594,252.11000061035156,251.53500366210938,252.0850067138672,685578
2025-12-09 16:00:00+00:00,252.07000732421875,252.74000549316406,252.06930541992188,252.61000061035156,1025190
2025-12-09 16:15:00+00:00,252.60499572753906,252.9499969482422,252.42300415039062,252.47000122070312,1624663
2025-12-09 16:30:00+00:00,252.47000122070312,252.8249969482422,252.36000061035156,252.57000732421875,928556
2025-12-09 16:45:00+00:00,252.57000732421875,252.6750030517578,252.26499938964844,252.2949981689453,577536
2025-12-09 17:00:00+00:00,252.2949981689453,252.5301055908203,252.21499633789062,252.4199981689453,1046510
2025-12-09 17:15:00+00:00,252.42999267578125,252.43499755859375,252.0,252.14999389648438,951907
2025-12-09 17:30:00+00:00,252.16000366210938,252.3000030517578,251.75999450683594,251.8800048828125,830521
2025-12-09 17:45:00+00:00,251.8800048828125,252.19500732421875,251.65499877929688,252.19000244140625,750104
2025-12-09 18:00:00+00:00,252.17999267578125,252.24749755859375,251.85000610351562,252.10000610351562,1001827
2025-12-09 18:15:00+00:00,252.10000610351562,252.25999450683594,251.98500061035156,252.07000732421875,671563
2025-12-09 18:30:00+00:00,252.05999755859375,252.2100067138672,251.6750030517578,251.69500732421875,895729
2025-12-09 18:45:00+00:00,251.69500732421875,252.0800018310547,251.58999633789062,251.99000549316406,1055961
2025-12-09 19:00:00+00:00,251.97999572753906,252.0500030517578,251.52499389648438,251.72999572753906,786651
2025-12-09 19:15:00+00:00,251.73500061035156,251.97500610351562,251.63999938964844,251.68499755859375,680135
2025-12-09 19:30:00+00:00,251.69000244140625,252.0,251.6300048828125,251.89999389648438,678376
2025-12-09 19:45:00+00:00,251.91000366210938,252.1199951171875,251.7449951171875,251.97000122070312,596977
2025-12-09 20:00:00+00:00,251.97500610351562,252.0800018310547,251.86000061035156,251.9199981689453,654857
2025-12-09 20:15:00+00:00,251.92999267578125,251.9600067138672,251.52499389648438,251.5800018310547,685301
2025-12-09 20:30:00+00:00,251.5800018310547,251.8300018310547,251.44000244140625,251.74009704589844,1161770
2025-12-09 20:45:00+00:00,251.7449951171875,251.8175048828125,251.1999969482422,251.3699951171875,2363726
2025-12-10 14:30:00+00:00,250.89999389648438,251.46499633789062,250.5399932861328,251.1300048828125,2121071
2025-12-10 14:45:00+00:00,251.11000061035156,251.77000427246094,251.08999633789062,251.60000610351562,1194993
2025-12-10 15:00:00+00:00,251.58999633789062,252.1300048828125,251.39999389648438,251.74000549316406,1181581
2025-12-10 15:15:00+00:00,251.72000122070312,251.72000122070312,251.1999969482422,251.30999755859375,1466031
2025-12-10 15:30:00+00:00,251.30999755859375,251.4499969482422,250.8300018310547,251.27999877929688,1020072
2025-12-10 15:45:00+00:00,251.2899932861328,251.6999969482422,251.25999450683594,251.50070190429688,633933
2025-12-10 16:00:00+00:00,251.52999877929688,251.74000549316406,251.11000061035156,251.69000244140625,647778
2025-12-10 16:15:00+00:00,251.69000244140625,252.5,251.64999389648438,252.27000427246094,1597785
2025-12-10 16:30:00+00:00,252.25999450683594,252.33990478515625,251.99000549316406,252.19000244140625,705235
2025-12-10 16:45:00+00:00,252.19000244140625,252.4199981689453,252.0500030517578,252.36000061035156,561344
2025-12-10 17:00:00+00:00,252.35000610351562,252.40499877929688,251.97500610351562,252.0749969482422,446713
2025-12-10 17:15:00+00:00,252.0500030517578,252.1999969482422,251.60000610351562,251.6300048828125,657145
2025-12-10 17:30:00+00:00,251.625,251.875,251.5,251.67999267578125,585493
2025-12-10 17:45:00+00:00,251.6699981689453,252.14500427246094,251.5500030517578,252.1199951171875,627786
2025-12-10 18:00:00+00:00,252.11000061035156,252.4199981689453,252.05999755859375,252.3000030517578,859369
2025-12-10 18:15:00+00:00,252.3000030517578,252.47999572753906,252.08999633789062,252.19000244140625,962046
2025-12-10 18:30:00+00:00,252.17999267578125,252.2899932861328,251.74000549316406,251.74000549316406,1068785
2025-12-10 18:45:00+00:00,251.74000549316406,251.91000366210938,251.38499450683594,251.5800018310547,1243214
2025-12-10 19:00:00+00:00,251.58999633789062,253.92999267578125,251.5399932861328,253.4600067138672,4680023
2025-12-10 19:15:00+00:00,253.4499969482422,253.74000549316406,252.47000122070312,253.02000427246094,1873177
2025-12-10 19:30:00+00:00,253.02000427246094,254.9199981689453,252.47999572753906,253.08999633789062,5906410
2025-12-10 19:45:00+00:00,253.07000732421875,255.5800018310547,253.0175018310547,255.49989318847656,3584125
2025-12-10 20:00:00+00:00,255.47999572753906,256.05999755859375,254.66000366210938,255.9550018310547,2999372
2025-12-10 20:15:00+00:00,255.9600067138672,256.56500244140625,255.58999633789062,256.0150146484375,3103667
2025-12-10 20:30:00+00:00,256.010009765625,256.239990234375,255.40870666503906,255.42999267578125,2195190
2025-12-10 20:45:00+00:00,255.44000244140625,255.60000610351562,254.6649932861328,254.8000030517578,6612553
2025-12-11 14:30:00+00:00,254.63999938964844,256.489990234375,254.57000732421875,256.2699890136719,4355633
2025-12-11 14:45:00+00:00,256.260009765625,256.5050048828125,254.32000732421875,254.75,3180035
2025-12-11 15:00:00+00:00,254.75,256.05999755859375,254.33999633789062,255.3800048828125,2295274
2025-12-11 15:15:00+00:00,255.36000061035156,256.2799987792969,255.33999633789062,256.19000244140625,1456780
2025-12-11 15:30:00+00:00,256.19000244140625,256.2699890136719,255.375,255.75,1907631
2025-12-11 15:45:00+00:00,255.75,256.1300048828125,254.94000244140625,256.05999755859375,1241371
2025-12-11 16:00:00+00:00,256.07000732421875,256.2200012207031,255.63999938964844,255.97000122070312,1229365
2025-12-11 16:15:00+00:00,255.97999572753906,256.2799987792969,255.72000122070312,255.88999938964844,1527287
2025-12-11 16:30:00+00:00,255.8699951171875,257.19000244140625,255.8699951171875,257.06500244140625,1538960
2025-12-11 16:45:00+00:00,257.07000732421875,257.2900085449219,256.6199951171875,256.8800048828125,1372171
2025-12-11 17:00:00+00:00,256.8800048828125,257.4200134277344,256.82000732421875,257.30499267578125,1391142
2025-12-11 17:15:00+00:00,257.30499267578125,257.6600036621094,257.2250061035156,257.56500244140625,1153444
2025-12-11 17:30:00+00:00,257.57000732421875,257.6650085449219,257.2900085449219,257.55999755859375,1464059
2025-12-11 17:45:00+00:00,257.55999755859375,257.56988525390625,257.1700134277344,257.4150085449219,826526
2025-12-11 18:00:00+00:00,257.3999938964844,257.7300109863281,257.3299865722656,257.7149963378906,720293
2025-12-11 18:15:00+00:00,257.7250061035156,257.760009765625,257.4100036621094,257.5,752545
2025-12-11 18:30:00+00:00,257.510009765625,257.6400146484375,257.18499755859375,257.57000732421875,837470
2025-12-11 18:45:00+00:00,257.5799865722656,257.6199951171875,257.2099914550781,257.5799865722656,795687
2025-12-11 19:00:00+00:00,257.5799865722656,257.8550109863281,257.42999267578125,257.7449951171875,1581011
2025-12-11 19:15:00+00:00,257.75,257.9700012207031,257.7300109863281,257.8800048828125,1117652
2025-12-11 19:30:00+00:00,257.8800048828125,258.010009765625,257.8599853515625,257.885009765625,1202053
2025-12-11 19:45:00+00:00,257.8900146484375,257.9750061035156,257.6099853515625,257.760009765625,951268
2025-12-11 20:00:00+00:00,257.75,257.9280090332031,257.510009765625,257.8800048828125,1134215
2025-12-11 20:15:00+00:00,257.8800048828125,257.9671936035156,257.5400085449219,257.54998779296875,931104
2025-12-11 20:30:00+00:00,257.54998779296875,257.989990234375,257.5199890136719,257.9718017578125,1402931
2025-12-11 20:45:00+00:00,257.9700012207031,258.0050048828125,257.44000244140625,257.80999755859375,3678712
2025-12-12 14:30:00+00:00,257.95001220703125,258.20001220703125,257.4599914550781,257.5299987792969,3714507
2025-12-12 14:45:00+00:00,257.54998779296875,257.8999938964844,257.19000244140625,257.29998779296875,1912054
2025-12-12 15:00:00+00:00,257.2900085449219,257.4849853515625,256.67999267578125,256.8399963378906,2486825
2025-12-12 15:15:00+00:00,256.8399963378906,257.1199951171875,256.19000244140625,256.2200012207031,2177651
2025-12-12 15:30:00+00:00,256.2200012207031,256.57000732421875,255.81500244140625,256.3699951171875,2261566
2025-12-12 15:45:00+00:00,256.3699951171875,256.80999755859375,254.9199981689453,255.32000732421875,2540815
2025-12-12 16:00:00+00:00,255.3300018310547,255.75,254.5601043701172,254.9199981689453,3837582
2025-12-12 16:15:00+00:00,254.89999389648438,255.0,254.11000061035156,254.82000732421875,2347152
2025-12-12 16:30:00+00:00,254.82000732421875,254.82000732421875,253.50999450683594,254.23989868164062,2975680
2025-12-12 16:45:00+00:00,254.22999572753906,254.25,253.5500030517578,253.88999938964844,1893465
2025-12-12 17:00:00+00:00,253.86000061035156,254.7100067138672,253.72999572753906,254.47000122070312,1919661
2025-12-12 17:15:00+00:00,254.47000122070312,255.26499938964844,254.2550048828125,254.36000061035156,2532297
2025-12-12 17:30:00+00:00,254.3300018310547,255.03500366210938,254.09500122070312,254.97000122070312,2306572
2025-12-12 17:45:00+00:00,254.94000244140625,255.42999267578125,254.94000244140625,255.16000366210938,1423700
2025-12-12 18:00:00+00:00,255.17999267578125,255.77000427246094,254.99000549316406,255.5500030517578,1518791
2025-12-12 18:15:00+00:00,255.54840087890625,255.89999389648438,255.28500366210938,255.4600067138672,1410670
2025-12-12 18:30:00+00:00,255.4600067138672,255.57000732421875,255.0850067138672,255.11000061035156,1030783
2025-12-12 18:45:00+00:00,255.1199951171875,255.52000427246094,255.0500030517578,255.14999389648438,1099179
2025-12-12 19:00:00+00:00,255.16000366210938,255.2100067138672,254.57139587402344,254.66000366210938,1182325
2025-12-12 19:15:00+00:00,254.6649932861328,254.9199981689453,254.3800048828125,254.5399932861328,1438874
2025-12-12 19:30:00+00:00,254.5399932861328,254.7899932861328,254.39500427246094,254.52999877929688,941104
2025-12-12 19:45:00+00:00,254.5399932861328,254.65499877929688,254.32000732421875,254.41000366210938,962962
2025-12-12 20:00:00+00:00,254.42999267578125,254.57000732421875,254.25,254.35000610351562,881640
2025-12-12 20:15:00+00:00,254.35000610351562,254.47999572753906,253.83999633789062,253.89999389648438,1719164
2025-12-12 20:30:00+00:00,253.89500427246094,253.92999267578125,253.44000244140625,253.86000061035156,2558020
2025-12-12 20:45:00+00:00,253.86500549316406,254.3300018310547,253.6699981689453,253.88999938964844,5193698
2025-12-15 14:30:00+00:00,255.5449981689453,255.68499755859375,254.47000122070312,254.55999755859375,3202660
2025-12-15 14:45:00+00:00,254.5500030517578,254.77999877929688,253.52000427246094,253.57000732421875,2200556
2025-12-15 15:00:00+00:00,253.55999755859375,254.0800018310547,252.92999267578125,253.4199981689453,2295158
2025-12-15 15:15:00+00:00,253.4199981689453,253.44000244140625,252.25999450683594,252.52000427246094,2045377
2025-12-15 15:30:00+00:00,252.52000427246094,253.17999267578125,252.2899932861328,253.1697998046875,1672710
2025-12-15 15:45:00+00:00,253.1699981689453,253.4600067138672,252.47999572753906,252.57000732421875,1476434
2025-12-15 16:00:00+00:00,252.55999755859375,252.8800048828125,252.32000732421875,252.40289306640625,1379840
2025-12-15 16:15:00+00:00,252.41009521484375,253.3000030517578,252.38999938964844,253.0500030517578,1114751
2025-12-15 16:30:00+00:00,253.0500030517578,253.1497039794922,251.90040588378906,252.0399932861328,1753944
2025-12-15 16:45:00+00:00,252.0399932861328,252.60499572753906,251.80499267578125,252.24000549316406,1306830
2025-12-15 17:00:00+00:00,252.25,252.50999450683594,252.02000427246094,252.27999877929688,1077343
2025-12-15 17:15:00+00:00,252.2899932861328,252.52999877929688,251.9600067138672,252.3800048828125,1019467
2025-12-15 17:30:00+00:00,252.3800048828125,252.7550048828125,252.1699981689453,252.66000366210938,965939
2025-12-15 17:45:00+00:00,252.6699981689453,252.77999877929688,251.80999755859375,252.2899932861328,1432113
2025-12-15 18:00:00+00:00,252.27999877929688,252.61000061035156,252.05999755859375,252.57000732421875,745851
2025-12-15 18:15:00+00:00,252.5850067138672,252.66000366210938,251.77000427246094,252.05999755859375,806673
2025-12-15 18:30:00+00:00,252.05999755859375,252.24000549316406,251.80999755859375,252.14999389648438,731886
2025-12-15 18:45:00+00:00,252.13999938964844,252.75999450683594,252.0399932861328,252.5749969482422,3477314
2025-12-15 19:00:00+00:00,252.57000732421875,252.84010314941406,252.42030334472656,252.47999572753906,837883
2025-12-15 19:15:00+00:00,252.47000122070312,252.6699981689453,252.33999633789062,252.57000732421875,630462
2025-12-15 19:30:00+00:00,252.57000732421875,252.6699981689453,252.30450439453125,252.42999267578125,843490
2025-12-15 19:45:00+00:00,252.4199981689453,252.8350067138672,252.27000427246094,252.80999755859375,952012
2025-12-15 20:00:00+00:00,252.80999755859375,252.80999755859375,252.49009704589844,252.6199951171875,1162791
2025-12-15 20:15:00+00:00,252.60000610351562,252.72000122070312,252.22000122070312,252.2899932861328,1414340
2025-12-15 20:30:00+00:00,252.3000030517578,252.39999389648438,252.02000427246094,252.1300048828125,2394914
2025-12-15 20:45:00+00:00,252.1300048828125,252.35000610351562,251.74000549316406,251.94000244140625,4546363
2025-12-16 14:30:00+00:00,250.33999633789062,251.8300018310547,250.2100067138672,250.83999633789062,4341597
2025-12-16 14:45:00+00:00,250.8800048828125,252.16000366210938,250.42999267578125,251.2299041748047,2122772
2025-12-16 15:00:00+00:00,251.24000549316406,251.63999938964844,250.64999389648438,250.7899932861328,1493792
2025-12-16 15:15:00+00:00,250.77000427246094,250.97999572753906,249.6999969482422,250.19500732421875,1719834
2025-12-16 15:30:00+00:00,250.17999267578125,250.82000732421875,250.10000610351562,250.50999450683594,1225365
2025-12-16 15:45:00+00:00,250.52000427246094,250.8800048828125,250.24000549316406,250.72500610351562,1462149
2025-12-16 16:00:00+00:00,250.72000122070312,250.75999450683594,249.6699981689453,249.85000610351562,1126864
2025-12-16 16:15:00+00:00,249.8300018310547,250.0800018310547,249.5399932861328,249.77999877929688,939937
2025-12-16 16:30:00+00:00,249.77000427246094,249.97500610351562,249.27000427246094,249.61000061035156,1455086
2025-12-16 16:45:00+00:00,249.60000610351562,250.1199951171875,249.5,249.80999755859375,1972371
2025-12-16 17:00:00+00:00,249.82000732421875,250.0800018310547,249.47000122070312,249.7299041748047,926781
2025-12-16 17:15:00+00:00,249.74000549316406,250.0500030517578,249.30999755859375,249.50999450683594,1007713
2025-12-16 17:30:00+00:00,249.49000549316406,249.72999572753906,249.02000427246094,249.1699981689453,806482
2025-12-16 17:45:00+00:00,249.1999969482422,249.32000732421875,248.74000549316406,248.85000610351562,936026
2025-12-16 18:00:00+00:00,248.83999633789062,249.07000732421875,248.5399932861328,248.7899932861328,1307827
2025-12-16 18:15:00+00:00,248.77999877929688,249.02999877929688,248.47000122070312,249.02000427246094,939950
2025-12-16 18:30:00+00:00,249.00999450683594,249.8699951171875,249.00999450683594,249.8300018310547,986821
2025-12-16 18:45:00+00:00,249.85000610351562,250.19000244140625,249.3000030517578,249.50999450683594,1055596
2025-12-16 19:00:00+00:00,249.4949951171875,249.4949951171875,248.7100067138672,248.72000122070312,810066
2025-12-16 19:15:00+00:00,248.72000122070312,249.08999633789062,248.50999450683594,249.02999877929688,1240448
2025-12-16 19:30:00+00:00,249.00999450683594,249.64999389648438,248.9499969482422,249.5301055908203,969222
2025-12-16 19:45:00+00:00,249.52999877929688,249.77999877929688,249.2899932861328,249.36000061035156,1781220
2025-12-16 20:00:00+00:00,249.35000610351562,249.7899932861328,249.28500366210938,249.55999755859375,994198
2025-12-16 20:15:00+00:00,249.56500244140625,250.10000610351562,249.5,250.0800018310547,1092739
2025-12-16 20:30:00+00:00,250.07000732421875,250.61500549316406,250.05499267578125,250.49000549316406,1620776
2025-12-16 20:45:00+00:00,250.47999572753906,250.64500427246094,249.8699951171875,249.89500427246094,4384897
2025-12-17 14:30:00+00:00,250.3699951171875,251.59500122070312,250.2447967529297,251.02999877929688,3911215
2025-12-17 14:45:00+00:00,251.02999877929688,251.81500244140625,250.75,251.69000244140625,1819301
2025-12-17 15:00:00+00:00,251.69000244140625,252.16000366210938,251.33999633789062,252.07989501953125,1636740
2025-12-17 15:15:00+00:00,252.0800018310547,252.14999389648438,251.39999389648438,251.5399932861328,1124810
2025-12-17 15:30:00+00:00,251.5399932861328,251.61000061035156,249.66000366210938,249.99000549316406,1862561
2025-12-17 15:45:00+00:00,249.99000549316406,249.99000549316406,248.875,249.0850067138672,1952892
2025-12-17 16:00:00+00:00,249.07000732421875,249.72999572753906,248.63999938964844,248.65440368652344,1438462
2025-12-17 16:15:00+00:00,248.64999389648438,249.139892578125,248.47999572753906,248.86000061035156,1322628
2025-12-17 16:30:00+00:00,248.82000732421875,248.89999389648438,248.3000030517578,248.5800018310547,1206887
2025-12-17 16:45:00+00:00,248.55999755859375,248.86000061035156,248.1699981689453,248.8300018310547,770558
2025-12-17 17:00:00+00:00,248.83999633789062,248.9949951171875,248.32000732421875,248.5399932861328,907664
2025-12-17 17:15:00+00:00,248.52999877929688,249.6750030517578,248.47000122070312,248.92999267578125,769217
2025-12-17 17:30:00+00:00,248.94000244140625,249.24000549316406,248.6699981689453,248.71499633789062,660482
2025-12-17 17:45:00+00:00,248.74000549316406,248.77499389648438,248.3603057861328,248.50999450683594,934011
2025-12-17 18:00:00+00:00,248.52000427246094,248.99000549316406,248.4499969482422,248.4499969482422,656147
2025-12-17 18:15:00+00:00,248.4600067138672,248.4600067138672,247.97999572753906,248.1999969482422,745431
2025-12-17 18:30:00+00:00,248.1820068359375,248.32000732421875,247.86000061035156,248.0,659651
2025-12-17 18:45:00+00:00,247.97000122070312,248.1699981689453,247.4600067138672,247.75,1055433
2025-12-17 19:00:00+00:00,247.75,247.8699951171875,247.3699951171875,247.51499938964844,1185627
2025-12-17 19:15:00+00:00,247.50999450683594,247.75,247.4499969482422,247.58999633789062,893917
2025-12-17 19:30:00+00:00,247.57000732421875,247.84500122070312,247.4199981689453,247.59719848632812,909846
2025-12-17 19:45:00+00:00,247.5800018310547,247.89999389648438,247.49000549316406,247.85000610351562,660339
2025-12-17 20:00:00+00:00,247.8699951171875,247.92999267578125,247.66000366210938,247.8300018310547,844683
2025-12-17 20:15:00+00:00,247.82000732421875,248.08389282226562,247.30499267578125,247.5,1472212
2025-12-17 20:30:00+00:00,247.5050048828125,247.57000732421875,247.25999450683594,247.35000610351562,1466842
2025-12-17 20:45:00+00:00,247.36000061035156,247.52000427246094,246.69500732421875,247.1999969482422,4521451
2025-12-18 14:30:00+00:00,250.17999267578125,251.35499572753906,249.49249267578125,249.72000122070312,5619570
2025-12-18 14:45:00+00:00,249.74000549316406,250.4600067138672,249.11000061035156,250.4499969482422,2039946
2025-12-18 15:00:00+00:00,250.44000244140625,250.5500030517578,249.31500244140625,249.52499389648438,1356424
2025-12-18 15:15:00+00:00,249.52499389648438,250.85000610351562,249.19000244140625,250.8300018310547,1383154
2025-12-18 15:30:00+00:00,250.80999755859375,251.17999267578125,250.3000030517578,251.1667938232422,1136431
2025-12-18 15:45:00+00:00,251.19000244140625,251.25,250.13999938964844,250.3699951171875,1404465
2025-12-18 16:00:00+00:00,250.3800048828125,250.72999572753906,250.10000610351562,250.31500244140625,1292981
2025-12-18 16:15:00+00:00,250.32000732421875,250.39999389648438,249.92999267578125,250.02999877929688,933983
2025-12-18 16:30:00+00:00,249.99000549316406,250.55499267578125,249.8699951171875,250.36000061035156,920257
2025-12-18 16:45:00+00:00,250.36000061035156,250.4698944091797,249.89999389648438,249.94000244140625,882274
2025-12-18 17:00:00+00:00,249.94000244140625,249.9600067138672,248.47000122070312,248.69000244140625,1168643
2025-12-18 17:15:00+00:00,248.69000244140625,249.10000610351562,248.27000427246094,248.74000549316406,1628200
2025-12-18 17:30:00+00:00,248.74000549316406,249.93499755859375,248.6199951171875,249.92999267578125,1187419
2025-12-18 17:45:00+00:00,249.9499969482422,250.08999633789062,249.10499572753906,249.39999389648438,1078725
2025-12-18 18:00:00+00:00,249.39999389648438,249.85499572753906,249.1199951171875,249.57350158691406,1049722
2025-12-18 18:15:00+00:00,249.57000732421875,249.72000122070312,249.4199981689453,249.66000366210938,935626
2025-12-18 18:30:00+00:00,249.66000366210938,250.13999938964844,249.66000366210938,249.72999572753906,786614
2025-12-18 18:45:00+00:00,249.72000122070312,249.74000549316406,249.36000061035156,249.5500030517578,958719
2025-12-18 19:00:00+00:00,249.5399932861328,249.64999389648438,249.10000610351562,249.3699951171875,1146577
2025-12-18 19:15:00+00:00,249.3800048828125,249.5500030517578,249.1199951171875,249.4600067138672,1200405
2025-12-18 19:30:00+00:00,249.4600067138672,249.5500030517578,248.99000549316406,249.01499938964844,807622
2025-12-18 19:45:00+00:00,249.02000427246094,249.25990295410156,248.2100067138672,248.36000061035156,1041867
2025-12-18 20:00:00+00:00,248.35499572753906,249.16000366210938,248.30499267578125,249.11000061035156,988043
2025-12-18 20:15:00+00:00,249.10000610351562,249.3300018310547,248.97000122070312,249.27999877929688,900634
2025-12-18 20:30:00+00:00,249.27999877929688,249.6300048828125,249.19000244140625,249.40499877929688,1342047
2025-12-18 20:45:00+00:00,249.40499877929688,249.67999267578125,248.67999267578125,248.72000122070312,4326762
2025-12-19 14:30:00+00:00,249.27999877929688,250.86000061035156,249.05999755859375,250.83999633789062,3234681
2025-12-19 14:45:00+00:00,250.85000610351562,250.88999938964844,250.02000427246094,250.77000427246094,2626019
2025-12-19 15:00:00+00:00,250.74000549316406,251.0,250.2899932861328,250.52000427246094,1191234
2025-12-19 15:15:00+00:00,250.52999877929688,250.80499267578125,250.05999755859375,250.51499938964844,889044
2025-12-19 15:30:00+00:00,250.4600067138672,250.80999755859375,250.17999267578125,250.24000549316406,1047455
2025-12-19 15:45:00+00:00,250.25999450683594,250.49000549316406,250.02000427246094,250.25999450683594,933652
2025-12-19 16:00:00+00:00,250.25999450683594,250.57000732421875,250.05999755859375,250.36500549316406,6221933
2025-12-19 16:15:00+00:00,250.3800048828125,251.05499267578125,250.35499572753906,251.02999877929688,928381
2025-12-19 16:30:00+00:00,251.02999877929688,251.375,250.7949981689453,250.99000549316406,2791226
2025-12-19 16:45:00+00:00,250.99000549316406,251.17999267578125,250.74000549316406,251.14010620117188,1055330
2025-12-19 17:00:00+00:00,251.14999389648438,251.25,251.0,251.07000732421875,786465
2025-12-19 17:15:00+00:00,251.08999633789062,251.39990234375,251.0800018310547,251.25999450683594,736639
2025-12-19 17:30:00+00:00,251.27000427246094,251.28500366210938,250.92999267578125,250.94000244140625,1592173
2025-12-19 17:45:00+00:00,250.9499969482422,251.15499877929688,250.7899932861328,250.7899932861328,807187
2025-12-19 18:00:00+00:00,250.7899932861328,251.25999450683594,250.7449951171875,251.25,528091
2025-12-19 18:15:00+00:00,251.25,251.38999938964844,251.19000244140625,251.3000030517578,1324180
2025-12-19 18:30:00+00:00,251.30999755859375,251.3350067138672,250.6501007080078,250.66000366210938,666930
2025-12-19 18:45:00+00:00,250.63999938964844,250.85000610351562,250.52499389648438,250.71499633789062,487184
2025-12-19 19:00:00+00:00,250.7100067138672,250.91000366210938,250.5500030517578,250.56500244140625,1039166
2025-12-19 19:15:00+00:00,250.57000732421875,250.7449951171875,250.42999267578125,250.6999969482422,545626
2025-12-19 19:30:00+00:00,250.69000244140625,250.78500366210938,250.5449981689453,250.75999450683594,763000
2025-12-19 19:45:00+00:00,250.7550048828125,250.88499450683594,250.39999389648438,250.4250030517578,588484
2025-12-19 20:00:00+00:00,250.42999267578125,250.5800018310547,250.1300048828125,250.375,1589577
2025-12-19 20:15:00+00:00,250.375,250.84500122070312,250.27999877929688,250.6199951171875,1691049
2025-12-19 20:30:00+00:00,250.6199951171875,250.7949981689453,250.33999633789062,250.41000366210938,1334754
2025-12-19 20:45:00+00:00,250.39999389648438,250.97500610351562,250.3699951171875,250.77000427246094,5084757
2025-12-22 14:30:00+00:00,252.27999877929688,253.33999633789062,252.1999969482422,252.98500061035156,4183810
2025-12-22 14:45:00+00:00,252.97999572753906,253.53500366210938,252.67999267578125,253.44500732421875,2356425
2025-12-22 15:00:00+00:00,253.44000244140625,253.94000244140625,253.4199981689453,253.6750030517578,1709404
2025-12-22 15:15:00+00:00,253.67999267578125,254.40499877929688,253.66000366210938,254.22999572753906,1517436
2025-12-22 15:30:00+00:00,254.22000122070312,254.4199981689453,253.75,254.3800048828125,1169210
2025-12-22 15:45:00+00:00,254.38999938964844,254.49000549316406,254.1699981689453,254.44000244140625,863130
2025-12-22 16:00:00+00:00,254.44000244140625,254.74000549316406,254.27000427246094,254.72000122070312,1703260
2025-12-22 16:15:00+00:00,254.72999572753906,254.84500122070312,254.4600067138672,254.5,1038320
2025-12-22 16:30:00+00:00,254.50999450683594,255.0500030517578,254.4600067138672,254.98500061035156,1319113
2025-12-22 16:45:00+00:00,254.98500061035156,255.11500549316406,254.7899932861328,254.96499633789062,1242706
2025-12-22 17:00:00+00:00,254.9600067138672,255.03500366210938,254.77999877929688,254.91000366210938,1045273
2025-12-22 17:15:00+00:00,254.91000366210938,255.0050048828125,254.47000122070312,254.625,843391
2025-12-22 17:30:00+00:00,254.6300048828125,254.69500732421875,254.27999877929688,254.50999450683594,969247
2025-12-22 17:45:00+00:00,254.50999450683594,255.0399932861328,254.50999450683594,254.80999755859375,1068395
2025-12-22 18:00:00+00:00,254.80999755859375,254.80999755859375,254.28500366210938,254.3300018310547,3606171
2025-12-22 18:15:00+00:00,254.32000732421875,254.38560485839844,254.10000610351562,254.35499572753906,686495
2025-12-22 18:30:00+00:00,254.36000061035156,254.4550018310547,254.06500244140625,254.0749969482422,606484
2025-12-22 18:45:00+00:00,254.05999755859375,254.13499450683594,253.97999572753906,254.07000732421875,557822
2025-12-22 19:00:00+00:00,254.07000732421875,254.1199951171875,253.6750030517578,253.67999267578125,589066
2025-12-22 19:15:00+00:00,253.6750030517578,254.0,253.56500244140625,253.98500061035156,703213
2025-12-22 19:30:00+00:00,253.99000549316406,254.15499877929688,253.86500549316406,253.89639282226562,581172
2025-12-22 19:45:00+00:00,253.89610290527344,253.93592834472656,253.74000549316406,253.92999267578125,849870
2025-12-22 20:00:00+00:00,253.94000244140625,254.05999755859375,253.7050018310547,253.7100067138672,654252
2025-12-22 20:15:00+00:00,253.7100067138672,253.77000427246094,253.52499389648438,253.65499877929688,932112
2025-12-22 20:30:00+00:00,253.65499877929688,253.86500549316406,253.60000610351562,253.64999389648438,934810
2025-12-22 20:45:00+00:00,253.65499877929688,253.67999267578125,253.23500061035156,253.58999633789062,3268207
2025-12-23 14:30:00+00:00,252.4199981689453,253.22000122070312,252.1699981689453,252.73440551757812,2956071
2025-12-23 14:45:00+00:00,252.72999572753906,253.08999633789062,252.05499267578125,252.22000122070312,1239133
2025-12-23 15:00:00+00:00,252.22000122070312,252.42999267578125,251.4600067138672,251.88999938964844,1460147
2025-12-23 15:15:00+00:00,251.88499450683594,252.625,251.8800048828125,252.3000030517578,954820
2025-12-23 15:30:00+00:00,252.30999755859375,252.89999389648438,252.2899932861328,252.66000366210938,1416255
2025-12-23 15:45:00+00:00,252.64500427246094,252.65499877929688,252.09500122070312,252.3000030517578,1348360
2025-12-23 16:00:00+00:00,252.2949981689453,252.39999389648438,251.9600067138672,252.10000610351562,669070
2025-12-23 16:15:00+00:00,252.11000061035156,252.48500061035156,251.77999877929688,251.77999877929688,1076533
2025-12-23 16:30:00+00:00,251.7899932861328,251.9600067138672,251.63999938964844,251.8699951171875,942975
2025-12-23 16:45:00+00:00,251.8699951171875,252.34500122070312,251.8300018310547,252.32000732421875,864602
2025-12-23 17:00:00+00:00,252.31500244140625,252.32000732421875,252.05999755859375,252.19000244140625,1171034
2025-12-23 17:15:00+00:00,252.19000244140625,252.36000061035156,252.0850067138672,252.3300018310547,489343
2025-12-23 17:30:00+00:00,252.32989501953125,252.59010314941406,252.3000946044922,252.41000366210938,1274316
2025-12-23 17:45:00+00:00,252.41000366210938,252.4949951171875,251.91000366210938,251.99000549316406,678023
2025-12-23 18:00:00+00:00,251.99000549316406,252.33999633789062,251.96929931640625,252.25,495469
2025-12-23 18:15:00+00:00,252.25,252.60000610351562,252.24000549316406,252.5500030517578,378643
2025-12-23 18:30:00+00:00,252.57000732421875,252.60499572753906,252.36000061035156,252.39500427246094,396423
2025-12-23 18:45:00+00:00,252.39999389648438,252.42999267578125,252.125,252.17999267578125,398396
2025-12-23 19:00:00+00:00,252.17999267578125,252.35499572753906,252.1750030517578,252.21499633789062,602741
2025-12-23 19:15:00+00:00,252.2100067138672,252.27499389648438,252.0500030517578,252.13499450683594,305049
2025-12-23 19:30:00+00:00,252.13999938964844,252.28500366210938,252.1199951171875,252.1750030517578,314539
2025-12-23 19:45:00+00:00,252.17999267578125,252.28500366210938,252.1300048828125,252.2100067138672,504822
2025-12-23 20:00:00+00:00,252.2100067138672,252.63499450683594,252.17999267578125,252.53500366210938,427012
2025-12-23 20:15:00+00:00,252.52999877929688,252.60000610351562,252.33999633789062,252.35499572753906,584600
2025-12-23 20:30:00+00:00,252.35000610351562,252.5399932861328,252.3249969482422,252.5,618472
2025-12-23 20:45:00+00:00,252.49000549316406,252.60499572753906,252.0,252.07000732421875,2027638
2025-12-24 14:30:00+00:00,251.97000122070312,252.1199951171875,251.1199951171875,251.75,2023163
2025-12-24 14:45:00+00:00,251.75,252.13299560546875,251.52999877929688,251.56500244140625,774702
2025-12-24 15:00:00+00:00,251.5449981689453,252.1699981689453,251.42999267578125,252.1699981689453,806115
2025-12-24 15:15:00+00:00,252.1649932861328,252.39999389648438,251.86000061035156,252.375,721115
2025-12-24 15:30:00+00:00,252.36500549316406,252.47000122070312,252.0500030517578,252.25,968754
2025-12-24 15:45:00+00:00,252.24000549316406,252.44500732421875,252.02999877929688,252.4055938720703,830687
2025-12-24 16:00:00+00:00,252.39999389648438,252.43820190429688,252.11000061035156,252.30999755859375,918328
2025-12-24 16:15:00+00:00,252.3000030517578,252.33009338378906,252.1300048828125,252.24000549316406,288642
2025-12-24 16:30:00+00:00,252.25,252.61000061035156,252.09500122070312,252.39500427246094,913995
2025-12-24 16:45:00+00:00,252.41000366210938,252.43499755859375,252.1199951171875,252.33999633789062,393177
2025-12-24 17:00:00+00:00,252.35049438476562,252.65499877929688,252.35049438476562,252.5399932861328,473628
2025-12-24 17:15:00+00:00,252.52999877929688,252.7449951171875,252.47999572753906,252.74000549316406,497737
2025-12-24 17:30:00+00:00,252.74000549316406,252.83999633789062,252.6199951171875,252.66000366210938,601464
2025-12-24 17:45:00+00:00,252.66000366210938,252.7050018310547,252.6199951171875,252.6199951171875,34899
2025-12-26 14:30:00+00:00,252.5800018310547,252.75,251.10000610351562,251.33999633789062,1530181
2025-12-26 14:45:00+00:00,251.35000610351562,251.5399932861328,250.97999572753906,251.3300018310547,1245765
2025-12-26 15:00:00+00:00,251.33999633789062,251.33999633789062,250.57000732421875,250.72999572753906,1055601
2025-12-26 15:15:00+00:00,250.74000549316406,251.06500244140625,250.39500427246094,251.06500244140625,925670
2025-12-26 15:30:00+00:00,251.0679931640625,251.17840576171875,250.80999755859375,250.92999267578125,587966
2025-12-26 15:45:00+00:00,250.9600067138672,251.41000366210938,250.9199981689453,251.14999389648438,573219
2025-12-26 16:00:00+00:00,251.14999389648438,251.34500122070312,250.97999572753906,250.97999572753906,519580
2025-12-26 16:15:00+00:00,250.97500610351562,251.1699981689453,250.74000549316406,251.02000427246094,448270
2025-12-26 16:30:00+00:00,251.0399932861328,251.27000427246094,250.97129821777344,251.17999267578125,286816
2025-12-26 16:45:00+00:00,251.17999267578125,251.1999969482422,250.85000610351562,251.07000732421875,429874
2025-12-26 17:00:00+00:00,251.0800018310547,251.1199951171875,250.8000030517578,250.9499053955078,317471
2025-12-26 17:15:00+00:00,250.94000244140625,251.10000610351562,250.6699981689453,251.0800018310547,408284
2025-12-26 17:30:00+00:00,251.0800018310547,251.19000244140625,250.8699951171875,250.9600067138672,416056
2025-12-26 17:45:00+00:00,250.9600067138672,251.10000610351562,250.9199981689453,251.02000427246094,289129
2025-12-26 18:00:00+00:00,251.02999877929688,251.1667022705078,250.94000244140625,251.0,217885
2025-12-26 18:15:00+00:00,250.9949951171875,251.139892578125,250.77999877929688,251.0800018310547,366336
2025-12-26 18:30:00+00:00,251.07000732421875,251.3300018310547,251.0500030517578,251.1898956298828,532311
2025-12-26 18:45:00+00:00,251.19000244140625,251.30999755859375,250.97000122070312,250.97000122070312,404448
2025-12-26 19:00:00+00:00,250.97000122070312,251.13999938964844,250.85000610351562,250.8699951171875,522636
2025-12-26 19:15:00+00:00,250.875,250.92999267578125,250.67999267578125,250.69000244140625,302439
2025-12-26 19:30:00+00:00,250.69000244140625,251.22500610351562,250.69000244140625,251.19000244140625,923367
2025-12-26 19:45:00+00:00,251.17999267578125,251.25999450683594,250.91000366210938,250.9199981689453,268180
2025-12-26 20:00:00+00:00,250.9250030517578,251.26499938964844,250.8800048828125,251.22000122070312,338033
2025-12-26 20:15:00+00:00,251.22000122070312,251.39999389648438,251.1699981689453,251.36000061035156,352613
2025-12-26 20:30:00+00:00,251.36000061035156,251.5500030517578,251.3300018310547,251.49000549316406,690714
2025-12-26 20:45:00+00:00,251.50999450683594,251.52999877929688,251.11000061035156,251.38999938964844,2498443
2025-12-29 14:30:00+00:00,250.25999450683594,251.5,250.08059692382812,250.97999572753906,2324884
2025-12-29 14:45:00+00:00,250.97000122070312,250.97999572753906,250.10000610351562,250.27499389648438,1101804
2025-12-29 15:00:00+00:00,250.27000427246094,250.3350067138672,249.6699981689453,249.95440673828125,1108895
2025-12-29 15:15:00+00:00,249.9600067138672,250.25999450683594,249.8000030517578,249.80999755859375,677772
2025-12-29 15:30:00+00:00,249.80499267578125,250.11000061035156,249.50999450683594,249.82000732421875,1170146
2025-12-29 15:45:00+00:00,249.81500244140625,249.89999389648438,249.49000549316406,249.5500030517578,675793
2025-12-29 16:00:00+00:00,249.5500030517578,250.08999633789062,249.4600067138672,249.86000061035156,950949
2025-12-29 16:15:00+00:00,249.86500549316406,249.9250030517578,249.60000610351562,249.89010620117188,722786
2025-12-29 16:30:00+00:00,249.8800048828125,250.13999938964844,249.57000732421875,249.74000549316406,671431
2025-12-29 16:45:00+00:00,249.72999572753906,250.02499389648438,249.6999969482422,249.83999633789062,609442
2025-12-29 17:00:00+00:00,249.843994140625,249.9199981689453,249.56500244140625,249.6699981689453,401477
2025-12-29 17:15:00+00:00,249.66000366210938,249.72000122070312,249.35000610351562,249.41000366210938,609442
2025-12-29 17:30:00+00:00,249.41000366210938,249.6199951171875,249.41000366210938,249.5500030517578,425062
2025-12-29 17:45:00+00:00,249.55999755859375,249.8350067138672,249.55999755859375,249.7949981689453,621945
2025-12-29 18:00:00+00:00,249.7949981689453,249.8300018310547,249.6300048828125,249.6699981689453,576850
2025-12-29 18:15:00+00:00,249.6699981689453,250.00999450683594,249.6649932861328,249.82000732421875,1040657
2025-12-29 18:30:00+00:00,249.8300018310547,250.04739379882812,249.7050018310547,249.72500610351562,449973
2025-12-29 18:45:00+00:00,249.72999572753906,249.75,249.5399932861328,249.55999755859375,613358
2025-12-29 19:00:00+00:00,249.5500030517578,249.5944061279297,249.39999389648438,249.57000732421875,692284
2025-12-29 19:15:00+00:00,249.5699005126953,249.80999755859375,249.50999450683594,249.6300048828125,542324
2025-12-29 19:30:00+00:00,249.63999938964844,249.96499633789062,249.63009643554688,249.92010498046875,473784
2025-12-29 19:45:00+00:00,249.9250030517578,249.9250030517578,249.75999450683594,249.86000061035156,619447
2025-12-29 20:00:00+00:00,249.85000610351562,250.0399932861328,249.7899932861328,250.02999877929688,568261
2025-12-29 20:15:00+00:00,250.02999877929688,250.1649932861328,249.85000610351562,249.88499450683594,1179823
2025-12-29 20:30:00+00:00,249.88499450683594,250.0399932861328,249.63999938964844,249.6999969482422,2110222
2025-12-29 20:45:00+00:00,249.69000244140625,249.89999389648438,249.55999755859375,249.8699951171875,3037541
2025-12-30 14:30:00+00:00,249.97000122070312,250.14999389648438,249.14999389648438,249.49000549316406,2301626
2025-12-30 14:45:00+00:00,249.4499969482422,249.8300018310547,249.10499572753906,249.5850067138672,1578388
2025-12-30 15:00:00+00:00,249.5850067138672,249.61000061035156,248.90499877929688,248.9499969482422,982369
2025-12-30 15:15:00+00:00,248.9600067138672,249.27870178222656,248.9499969482422,248.97000122070312,826357
2025-12-30 15:30:00+00:00,248.9600067138672,249.09779357910156,248.72999572753906,249.08999633789062,937691
2025-12-30 15:45:00+00:00,249.10000610351562,249.44000244140625,248.92999267578125,249.4178009033203,719422
2025-12-30 16:00:00+00:00,249.4199981689453,249.48500061035156,249.10000610351562,249.16000366210938,585065
2025-12-30 16:15:00+00:00,249.16000366210938,249.65499877929688,249.16000366210938,249.55999755859375,549330
2025-12-30 16:30:00+00:00,249.55999755859375,249.59500122070312,248.97999572753906,249.13999938964844,735488
2025-12-30 16:45:00+00:00,249.13999938964844,249.35000610351562,249.09500122070312,249.1300048828125,478123
2025-12-30 17:00:00+00:00,249.1199951171875,249.22999572753906,248.99000549316406,248.99000549316406,538819
2025-12-30 17:15:00+00:00,248.98500061035156,249.13999938964844,248.9149932861328,249.01499938964844,446805
2025-12-30 17:30:00+00:00,249.02000427246094,249.30499267578125,249.0,249.1999969482422,493788
2025-12-30 17:45:00+00:00,249.19000244140625,249.22000122070312,249.0050048828125,249.09500122070312,304474
2025-12-30 18:00:00+00:00,249.08999633789062,249.27499389648438,248.94000244140625,249.25,482291
2025-12-30 18:15:00+00:00,249.2550048828125,249.3000030517578,249.03500366210938,249.0500030517578,452688
2025-12-30 18:30:00+00:00,249.05999755859375,249.2100067138672,248.99000549316406,249.06500244140625,494587
2025-12-30 18:45:00+00:00,249.0749969482422,249.17999267578125,248.97500610351562,249.0,555270
2025-12-30 19:00:00+00:00,248.99000549316406,249.05999755859375,248.80999755859375,249.05999755859375,685919
2025-12-30 19:15:00+00:00,249.06500244140625,249.06500244140625,248.77000427246094,248.95269775390625,384128
2025-12-30 19:30:00+00:00,248.9600067138672,249.02000427246094,248.8000030517578,248.80999755859375,570880
2025-12-30 19:45:00+00:00,248.8000030517578,248.87989807128906,248.5500030517578,248.63999938964844,723790
2025-12-30 20:00:00+00:00,248.6300048828125,248.72999572753906,248.3699951171875,248.44500732421875,568938
2025-12-30 20:15:00+00:00,248.44500732421875,248.67999267578125,248.42999267578125,248.55999755859375,617572
2025-12-30 20:30:00+00:00,248.55999755859375,248.64999389648438,248.35499572753906,248.36000061035156,1330660
2025-12-30 20:45:00+00:00,248.36000061035156,248.3699951171875,247.9499969482422,248.0399932861328,3047911
2025-12-31 14:30:00+00:00,248.17999267578125,248.27999877929688,247.41000366210938,247.4949951171875,3169553
2025-12-31 14:45:00+00:00,247.52000427246094,247.9199981689453,247.24000549316406,247.77499389648438,1549396
2025-12-31 15:00:00+00:00,247.77499389648438,247.7899932861328,247.02000427246094,247.02999877929688,1566690
2025-12-31 15:15:00+00:00,247.02999877929688,247.41000366210938,246.75439453125,247.38499450683594,1560815
2025-12-31 15:30:00+00:00,247.3800048828125,247.5800018310547,247.17999267578125,247.30999755859375,1302891
2025-12-31 15:45:00+00:00,247.3000030517578,247.35499572753906,246.9199981689453,247.0050048828125,1011455
2025-12-31 16:00:00+00:00,247.0,247.0800018310547,246.88009643554688,246.9199981689453,1112430
2025-12-31 16:15:00+00:00,246.9199981689453,247.17999267578125,246.89999389648438,247.03500366210938,753936
2025-12-31 16:30:00+00:00,247.03500366210938,247.1999969482422,246.875,247.0500030517578,1184144
2025-12-31 16:45:00+00:00,247.05499267578125,247.35000610351562,247.02499389648438,247.09500122070312,768530
2025-12-31 17:00:00+00:00,247.10499572753906,247.25,246.97000122070312,247.25,657910
2025-12-31 17:15:00+00:00,247.25,247.35499572753906,247.14500427246094,247.14999389648438,475731
2025-12-31 17:30:00+00:00,247.14500427246094,247.3800048828125,247.05499267578125,247.05499267578125,477321
2025-12-31 17:45:00+00:00,247.05999755859375,247.1300048828125,246.90499877929688,247.0050048828125,720482
2025-12-31 18:00:00+00:00,247.0050048828125,247.35000610351562,246.97500610351562,247.30999755859375,456861
2025-12-31 18:15:00+00:00,247.3300018310547,247.3350067138672,247.02000427246094,247.1699981689453,454259
2025-12-31 18:30:00+00:00,247.1750030517578,247.3300018310547,247.07000732421875,247.18499755859375,533116
2025-12-31 18:45:00+00:00,247.18499755859375,247.32000732421875,247.11500549316406,247.3000030517578,394332
2025-12-31 19:00:00+00:00,247.3000030517578,247.47000122070312,247.3000030517578,247.36500549316406,850838
2025-12-31 19:15:00+00:00,247.36500549316406,247.3699951171875,247.0399932861328,247.0800018310547,330145
2025-12-31 19:30:00+00:00,247.0800018310547,247.13499450683594,246.75,246.86000061035156,747449
2025-12-31 19:45:00+00:00,246.86000061035156,246.875,246.51499938964844,246.58999633789062,950126
2025-12-31 20:00:00+00:00,246.61000061035156,246.6300048828125,246.24000549316406,246.3000030517578,993981
2025-12-31 20:15:00+00:00,246.3000030517578,246.52000427246094,246.13499450683594,246.17999267578125,1561649
2025-12-31 20:30:00+00:00,246.17999267578125,246.55999755859375,246.1300048828125,246.39999389648438,1561336
2025-12-31 20:45:00+00:00,246.40499877929688,246.4550018310547,246.00999450683594,246.19000244140625,5834353
2026-01-02 14:30:00+00:00,247.6300048828125,248.0749969482422,246.2899932861328,246.35000610351562,3942438
2026-01-02 14:45:00+00:00,246.35000610351562,247.75,245.86000061035156,247.6699981689453,2732095
2026-01-02 15:00:00+00:00,247.6699981689453,248.0,246.58999633789062,246.66000366210938,2010797
2026-01-02 15:15:00+00:00,246.64999389648438,246.9550018310547,245.86500549316406,246.25,1800505
2026-01-02 15:30:00+00:00,246.24000549316406,247.5,246.08999633789062,247.35000610351562,1854608
2026-01-02 15:45:00+00:00,247.35000610351562,247.85000610351562,246.89999389648438,247.2100067138672,2101055
2026-01-02 16:00:00+00:00,247.22000122070312,247.44000244140625,246.85000610351562,247.4250030517578,1495305
2026-01-02 16:15:00+00:00,247.41000366210938,248.00999450683594,247.3699951171875,247.72000122070312,1201849
2026-01-02 16:30:00+00:00,247.7100067138672,247.9600067138672,247.55999755859375,247.6999969482422,1176981
2026-01-02 16:45:00+00:00,247.69000244140625,247.72000122070312,247.0399932861328,247.3300018310547,1295257
2026-01-02 17:00:00+00:00,247.30999755859375,247.7899932861328,246.99000549316406,247.77000427246094,1043769
2026-01-02 17:15:00+00:00,247.77000427246094,248.38499450683594,247.69000244140625,247.7899932861328,1241806
2026-01-02 17:30:00+00:00,247.8000030517578,248.08999633789062,247.50999450683594,247.7050018310547,906629
2026-01-02 17:45:00+00:00,247.6999969482422,247.84500122070312,247.2899932861328,247.64999389648438,1431905
2026-01-02 18:00:00+00:00,247.63999938964844,247.69500732421875,247.06500244140625,247.19500732421875,1177498
2026-01-02 18:15:00+00:00,247.19000244140625,247.63999938964844,247.0,247.2100067138672,676421
2026-01-02 18:30:00+00:00,247.22000122070312,247.4199981689453,247.0800018310547,247.27499389648438,600802
2026-01-02 18:45:00+00:00,247.27999877929688,247.3800048828125,246.7100067138672,247.13999938964844,817955
2026-01-02 19:00:00+00:00,247.14999389648438,248.36000061035156,247.14999389648438,248.28500366210938,914032
2026-01-02 19:15:00+00:00,248.2949981689453,248.4499969482422,247.8699951171875,248.44000244140625,919179
2026-01-02 19:30:00+00:00,248.42999267578125,248.97000122070312,248.4149932861328,248.8300018310547,1220219
2026-01-02 19:45:00+00:00,248.83999633789062,249.02000427246094,248.6999969482422,248.83999633789062,1097323
2026-01-02 20:00:00+00:00,248.85000610351562,249.08999633789062,248.6790008544922,248.7449951171875,1252025
2026-01-02 20:15:00+00:00,248.73500061035156,248.97999572753906,248.57000732421875,248.72999572753906,927823
2026-01-02 20:30:00+00:00,248.72999572753906,248.85000610351562,248.5,248.52499389648438,1270885
2026-01-02 20:45:00+00:00,248.52000427246094,248.8300018310547,248.25,248.78500366210938,3498567
2026-01-05 14:30:00+00:00,249.7899932861328,251.07000732421875,249.57000732421875,250.75999450683594,4651711
2026-01-05 14:45:00+00:00,250.75,251.39999389648438,250.47000122070312,250.99000549316406,2504614
2026-01-05 15:00:00+00:00,250.9600067138672,251.75999450683594,250.66009521484375,251.3300018310547,2184522
2026-01-05 15:15:00+00:00,251.3249969482422,252.02000427246094,250.91000366210938,252.0,1594393
2026-01-05 15:30:00+00:00,252.0,252.21499633789062,251.7899932861328,252.16000366210938,1746477
2026-01-05 15:45:00+00:00,252.1699981689453,252.32000732421875,251.49000549316406,251.77000427246094,1934373
2026-01-05 16:00:00+00:00,251.77999877929688,251.94500732421875,251.52000427246094,251.83999633789062,1413193
2026-01-05 16:15:00+00:00,251.84500122070312,252.14500427246094,251.64999389648438,251.8350067138672,872498
2026-01-05 16:30:00+00:00,251.83999633789062,252.21969604492188,251.50999450683594,252.0399932861328,889136
2026-01-05 16:45:00+00:00,252.01499938964844,252.77499389648438,251.91000366210938,252.74000549316406,859014
2026-01-05 17:00:00+00:00,252.75,252.97000122070312,252.59500122070312,252.875,1470204
2026-01-05 17:15:00+00:00,252.8699951171875,252.98500061035156,252.60009765625,252.97999572753906,955612
2026-01-05 17:30:00+00:00,253.0,253.05999755859375,252.78500366210938,252.80499267578125,857638
2026-01-05 17:45:00+00:00,252.80999755859375,253.00999450683594,252.60000610351562,252.77499389648438,715748
2026-01-05 18:00:00+00:00,252.80999755859375,253.10499572753906,252.74000549316406,253.07000732421875,529274
2026-01-05 18:15:00+00:00,253.0749969482422,253.14999389648438,252.7100067138672,253.0561065673828,847891
2026-01-05 18:30:00+00:00,253.0449981689453,253.11500549316406,252.86500549316406,253.09500122070312,643904
2026-01-05 18:45:00+00:00,253.10000610351562,253.3000030517578,253.0500030517578,253.28500366210938,713840
2026-01-05 19:00:00+00:00,253.28500366210938,253.4600067138672,253.05499267578125,253.24000549316406,886853
2026-01-05 19:15:00+00:00,253.23680114746094,253.5500030517578,253.16000366210938,253.42999267578125,550155
2026-01-05 19:30:00+00:00,253.4199981689453,253.5449981689453,253.0,253.1999969482422,1037520
2026-01-05 19:45:00+00:00,253.1999969482422,253.35000610351562,253.1199951171875,253.27499389648438,813116
2026-01-05 20:00:00+00:00,253.27000427246094,253.375,253.11399841308594,253.19000244140625,705628
2026-01-05 20:15:00+00:00,253.18499755859375,253.24000549316406,252.93499755859375,253.1199951171875,1570752
2026-01-05 20:30:00+00:00,253.1199951171875,253.1300048828125,252.69000244140625,252.80999755859375,1717247
2026-01-05 20:45:00+00:00,252.80999755859375,252.97000122070312,252.6199951171875,252.74000549316406,3146720
2026-01-06 14:30:00+00:00,251.8699951171875,252.66000366210938,251.52000427246094,252.14999389648438,4439437
2026-01-06 14:45:00+00:00,252.13999938964844,252.74000549316406,251.91000366210938,252.42999267578125,3261324
2026-01-06 15:00:00+00:00,252.4199981689453,253.42999267578125,252.2100067138672,253.4199981689453,2270454
2026-01-06 15:15:00+00:00,253.41000366210938,253.63999938964844,253.02999877929688,253.57000732421875,1622618
2026-01-06 15:30:00+00:00,253.3699951171875,253.41000366210938,252.61000061035156,252.6300048828125,1832870
2026-01-06 15:45:00+00:00,252.6199951171875,252.9600067138672,252.3800048828125,252.69500732421875,1601622
2026-01-06 16:00:00+00:00,252.52000427246094,253.11000061035156,252.52000427246094,253.0800018310547,1581338
2026-01-06 16:15:00+00:00,253.06500244140625,253.3000030517578,252.9302978515625,253.0,1756248
2026-01-06 16:30:00+00:00,252.99000549316406,253.05499267578125,252.6699981689453,252.6699981689453,1164753
2026-01-06 16:45:00+00:00,252.8000030517578,252.9499969482422,252.6898956298828,252.91000366210938,1253395
2026-01-06 17:00:00+00:00,252.91000366210938,253.3699951171875,252.85000610351562,253.11000061035156,795006
2026-01-06 17:15:00+00:00,253.1199951171875,253.27999877929688,253.06500244140625,253.22999572753906,692371
2026-01-06 17:30:00+00:00,253.34500122070312,253.4499969482422,253.28500366210938,253.4149932861328,739433
2026-01-06 17:45:00+00:00,253.4149932861328,253.66859436035156,253.39500427246094,253.6199951171875,693202
2026-01-06 18:00:00+00:00,253.6300048828125,253.88999938964844,253.60000610351562,253.8699951171875,758819
2026-01-06 18:15:00+00:00,253.97999572753906,254.22999572753906,253.91000366210938,254.22500610351562,648957
2026-01-06 18:30:00+00:00,254.19000244140625,254.38999938964844,254.19000244140625,254.2097930908203,1143149
2026-01-06 18:45:00+00:00,254.1999969482422,254.58999633789062,254.18499755859375,254.58999633789062,821046
2026-01-06 19:00:00+00:00,254.6300048828125,254.875,254.4499969482422,254.8699951171875,854095
2026-01-06 19:15:00+00:00,254.86000061035156,255.08999633789062,254.85000610351562,255.0500030517578,1051013
2026-01-06 19:30:00+00:00,255.0500030517578,255.2899932861328,255.02999877929688,255.25999450683594,1342396
2026-01-06 19:45:00+00:00,255.25999450683594,255.44000244140625,255.2050018310547,255.3800048828125,1324615
2026-01-06 20:00:00+00:00,255.5050048828125,255.6999969482422,255.44000244140625,255.59500122070312,1405849
2026-01-06 20:15:00+00:00,255.58999633789062,255.92999267578125,255.58999633789062,255.91900634765625,1181884
2026-01-06 20:30:00+00:00,255.8800048828125,256.0899963378906,255.8800048828125,256.0299987792969,1331145
2026-01-06 20:45:00+00:00,256.0899963378906,256.17999267578125,255.95010375976562,256.1700134277344,1936714
2026-01-07 14:30:00+00:00,256.3999938964844,256.7950134277344,255.5175018310547,255.65499877929688,3078602
2026-01-07 14:45:00+00:00,255.65499877929688,255.91000366210938,255.25999450683594,255.44000244140625,1850383
2026-01-07 15:00:00+00:00,255.44000244140625,255.4600067138672,254.22000122070312,254.24000549316406,2385616
2026-01-07 15:15:00+00:00,254.25,254.66000366210938,253.97000122070312,254.4499969482422,1949360
2026-01-07 15:30:00+00:00,254.44000244140625,255.1199951171875,254.16000366210938,254.90499877929688,1772494
2026-01-07 15:45:00+00:00,254.88999938964844,255.07000732421875,254.6699981689453,255.0399932861328,873327
2026-01-07 16:00:00+00:00,255.0500030517578,255.08999633789062,254.68980407714844,254.83999633789062,1166411
2026-01-07 16:15:00+00:00,254.83999633789062,255.1750030517578,254.77000427246094,255.1649932861328,752726
2026-01-07 16:30:00+00:00,255.16600036621094,256.0498962402344,255.13999938964844,256.0498962402344,2210299
2026-01-07 16:45:00+00:00,256.0400085449219,256.1199951171875,255.72999572753906,256.0,959897
2026-01-07 17:00:00+00:00,256.0150146484375,256.2300109863281,255.77999877929688,255.8699951171875,582967
2026-01-07 17:15:00+00:00,255.8800048828125,256.0799865722656,255.86000061035156,255.92999267578125,420864
2026-01-07 17:30:00+00:00,255.92999267578125,255.96499633789062,255.77999877929688,255.8699951171875,518431
2026-01-07 17:45:00+00:00,255.8699951171875,255.91000366210938,255.05999755859375,255.1199951171875,1337337
2026-01-07 18:00:00+00:00,255.1199951171875,255.25999450683594,254.89500427246094,254.93499755859375,887049
2026-01-07 18:15:00+00:00,254.93499755859375,255.08099365234375,254.82000732421875,254.96499633789062,859332
2026-01-07 18:30:00+00:00,254.96499633789062,255.30499267578125,254.96499633789062,255.08999633789062,791654
2026-01-07 18:45:00+00:00,255.09500122070312,255.31500244140625,255.02000427246094,255.3000030517578,583658
2026-01-07 19:00:00+00:00,255.30999755859375,255.42999267578125,254.97999572753906,255.1649932861328,913476
2026-01-07 19:15:00+00:00,255.1750030517578,255.2899932861328,254.97999572753906,255.1999969482422,893215
2026-01-07 19:30:00+00:00,255.22999572753906,255.52999877929688,255.1999969482422,255.39999389648438,460511
2026-01-07 19:45:00+00:00,255.39999389648438,255.89500427246094,255.33999633789062,255.875,955769
2026-01-07 20:00:00+00:00,255.875,255.9550018310547,255.41000366210938,255.42999267578125,1151134
2026-01-07 20:15:00+00:00,255.4199981689453,255.5399932861328,255.1300048828125,255.25,765047
2026-01-07 20:30:00+00:00,255.24000549316406,255.3300018310547,254.92010498046875,255.31500244140625,1332356
2026-01-07 20:45:00+00:00,255.31500244140625,255.52000427246094,255.2100067138672,255.47000122070312,2267701
2026-01-08 14:30:00+00:00,254.6999969482422,256.7900085449219,254.36000061035156,256.010009765625,4279897
2026-01-08 14:45:00+00:00,256.0199890136719,257.2099914550781,255.86000061035156,256.7799987792969,2501593
2026-01-08 15:00:00+00:00,256.7900085449219,257.3599853515625,256.1199951171875,257.3500061035156,2392929
2026-01-08 15:15:00+00:00,257.3500061035156,257.8999938964844,257.2799987792969,257.57000732421875,2335260
2026-01-08 15:30:00+00:00,257.57000732421875,257.7699890136719,257.20001220703125,257.3900146484375,1302879
2026-01-08 15:45:00+00:00,257.3599853515625,257.4800109863281,256.2699890136719,257.1099853515625,1405601
2026-01-08 16:00:00+00:00,257.114990234375,257.2900085449219,256.70001220703125,256.7550048828125,971966
2026-01-08 16:15:00+00:00,256.75,257.4700012207031,256.70001220703125,257.4100036621094,1555645
2026-01-08 16:30:00+00:00,257.3999938964844,257.94500732421875,257.3699951171875,257.8999938964844,1402376
2026-01-08 16:45:00+00:00,257.8999938964844,258.29998779296875,257.7149963378906,258.2650146484375,1152893
2026-01-08 17:00:00+00:00,258.260009765625,258.5,258.19500732421875,258.2200012207031,880466
2026-01-08 17:15:00+00:00,258.2200012207031,258.239990234375,257.80010986328125,258.0450134277344,868443
2026-01-08 17:30:00+00:00,258.04998779296875,258.5199890136719,258.04998779296875,258.489990234375,1092678
2026-01-08 17:45:00+00:00,258.489990234375,258.8699951171875,258.4849853515625,258.8299865722656,956240
2026-01-08 18:00:00+00:00,258.82000732421875,258.92999267578125,258.2049865722656,258.260009765625,813584
2026-01-08 18:15:00+00:00,258.25,258.4800109863281,258.1400146484375,258.2900085449219,807471
2026-01-08 18:30:00+00:00,258.2900085449219,258.4200134277344,258.1300048828125,258.239990234375,847148
2026-01-08 18:45:00+00:00,258.239990234375,258.4649963378906,257.9700012207031,258.0950012207031,940133
2026-01-08 19:00:00+00:00,258.1000061035156,258.4100036621094,257.9649963378906,257.989990234375,634041
2026-01-08 19:15:00+00:00,257.989990234375,258.25,257.760009765625,258.1300048828125,722207
2026-01-08 19:30:00+00:00,258.1400146484375,258.4599914550781,258.07501220703125,258.2850036621094,982025
2026-01-08 19:45:00+00:00,258.30499267578125,258.4599914550781,257.94000244140625,258.1199951171875,882720
2026-01-08 20:00:00+00:00,258.1199951171875,258.14990234375,257.95001220703125,258.04998779296875,820613
2026-01-08 20:15:00+00:00,258.06500244140625,258.2250061035156,257.9750061035156,258.17999267578125,1051289
2026-01-08 20:30:00+00:00,258.17999267578125,258.3299865722656,257.9750061035156,258.1449890136719,1647328
2026-01-08 20:45:00+00:00,258.1449890136719,258.3949890136719,258.07000732421875,258.2900085449219,2951799
2026-01-09 14:30:00+00:00,259.5799865722656,261.19000244140625,259.4849853515625,259.9750061035156,4093511
2026-01-09 14:45:00+00:00,259.9700012207031,260.510009765625,259.4599914550781,260.3900146484375,2603977
2026-01-09 15:00:00+00:00,260.42999267578125,260.739990234375,258.0899963378906,258.9150085449219,4021016
2026-01-09 15:15:00+00:00,258.9049987792969,260.6000061035156,258.67999267578125,260.57000732421875,2117499
2026-01-09 15:30:00+00:00,260.57000732421875,260.6000061035156,259.5299987792969,259.6600036621094,2235331
2026-01-09 15:45:00+00:00,259.6600036621094,260.3599853515625,259.5400085449219,260.3399963378906,1056859
2026-01-09 16:00:00+00:00,260.3349914550781,260.9100036621094,260.25,260.885009765625,1070043
2026-01-09 16:15:00+00:00,260.885009765625,261.17999267578125,260.7950134277344,260.9200134277344,1111218
2026-01-09 16:30:00+00:00,260.9200134277344,261.2120056152344,260.55999755859375,261.2049865722656,782401
2026-01-09 16:45:00+00:00,261.20001220703125,261.4975891113281,261.0899963378906,261.43499755859375,901412
2026-01-09 17:00:00+00:00,261.44000244140625,261.54998779296875,261.1600036621094,261.32598876953125,723043
2026-01-09 17:15:00+00:00,261.2900085449219,261.55999755859375,261.09991455078125,261.3599853515625,994134
2026-01-09 17:30:00+00:00,261.3500061035156,261.54998779296875,261.18450927734375,261.2300109863281,535783
2026-01-09 17:45:00+00:00,261.2250061035156,261.3800964355469,260.875,260.875,594100
2026-01-09 18:00:00+00:00,260.8699951171875,260.8900146484375,260.69500732421875,260.7799987792969,862579
2026-01-09 18:15:00+00:00,260.7699890136719,260.7958984375,260.3500061035156,260.689208984375,889851
2026-01-09 18:30:00+00:00,260.68499755859375,261.05499267578125,260.6499938964844,260.9949951171875,598627
2026-01-09 18:45:00+00:00,261.010009765625,261.0350036621094,260.57000732421875,260.6600036621094,682000
2026-01-09 19:00:00+00:00,260.6499938964844,260.7200012207031,260.4049987792969,260.4150085449219,648754
2026-01-09 19:15:00+00:00,260.4100036621094,260.5299987792969,260.2749938964844,260.4200134277344,627298
2026-01-09 19:30:00+00:00,260.42498779296875,260.44000244140625,260.0299987792969,260.1300048828125,785564
2026-01-09 19:45:00+00:00,260.1199951171875,260.4949951171875,260.07501220703125,260.18499755859375,636403
2026-01-09 20:00:00+00:00,260.17999267578125,260.2950134277344,259.80999755859375,260.0299987792969,1019644
2026-01-09 20:15:00+00:00,260.0199890136719,260.2799987792969,260.0,260.1549987792969,1256772
2026-01-09 20:30:00+00:00,260.1600036621094,260.4599914550781,260.1300048828125,260.239990234375,1163163
2026-01-09 20:45:00+00:00,260.239990234375,260.5199890136719,260.2099914550781,260.2300109863281,3374026
2026-01-12 14:30:00+00:00,259.2799987792969,259.989990234375,258.239990234375,259.4100036621094,4153461
2026-01-12 14:45:00+00:00,259.4020080566406,260.010009765625,259.04998779296875,259.8999938964844,1694487
2026-01-12 15:00:00+00:00,259.9100036621094,259.9700012207031,258.67999267578125,258.95001220703125,1751317
2026-01-12 15:15:00+00:00,258.95001220703125,259.4100036621094,258.8599853515625,259.4049987792969,1233965
2026-01-12 15:30:00+00:00,259.4049987792969,259.864990234375,259.25,259.8450012207031,1229859
2026-01-12 15:45:00+00:00,259.8349914550781,260.4479064941406,259.7200012207031,260.4150085449219,1111334
2026-01-12 16:00:00+00:00,260.4100036621094,260.42498779296875,260.0,260.32000732421875,1102649
2026-01-12 16:15:00+00:00,260.32000732421875,260.7149963378906,260.2349853515625,260.6400146484375,1156468
2026-01-12 16:30:00+00:00,260.6200866699219,260.8999938964844,260.6199951171875,260.7449951171875,1695887
2026-01-12 16:45:00+00:00,260.7449951171875,261.04998779296875,260.6700134277344,260.7300109863281,816479
2026-01-12 17:00:00+00:00,260.7349853515625,260.94500732421875,260.5899963378906,260.7099914550781,794525
2026-01-12 17:15:00+00:00,260.70001220703125,260.8070983886719,260.489990234375,260.5849914550781,537992
2026-01-12 17:30:00+00:00,260.6000061035156,260.6650085449219,260.44000244140625,260.6549987792969,481863
2026-01-12 17:45:00+00:00,260.6549987792969,260.864990234375,260.510009765625,260.5899963378906,393885
2026-01-12 18:00:00+00:00,260.5799865722656,260.739990234375,260.4750061035156,260.6700134277344,370797
2026-01-12 18:15:00+00:00,260.6700134277344,261.2300109863281,260.6700134277344,261.2200012207031,565902
2026-01-12 18:30:00+00:00,261.2200012207031,261.260009765625,261.1199951171875,261.17999267578125,604091
2026-01-12 18:45:00+00:00,261.18499755859375,261.4100036621094,261.1300048828125,261.3999938964844,481380
2026-01-12 19:00:00+00:00,261.3900146484375,261.3900146484375,261.2099914550781,261.32501220703125,453164
2026-01-12 19:15:00+00:00,261.32000732421875,261.3299865722656,261.04998779296875,261.2250061035156,422828
2026-01-12 19:30:00+00:00,261.2300109863281,261.4599914550781,261.0199890136719,261.25,541066
2026-01-12 19:45:00+00:00,261.260009765625,261.45001220703125,261.19000244140625,261.44000244140625,389245
2026-01-12 20:00:00+00:00,261.44500732421875,261.4800109863281,261.19000244140625,261.2349853515625,762864
2026-01-12 20:15:00+00:00,261.2349853515625,261.2850036621094,260.9750061035156,261.20001220703125,757563
2026-01-12 20:30:00+00:00,261.19000244140625,261.4849853515625,261.1499938964844,261.4700012207031,945826
2026-01-12 20:45:00+00:00,261.4750061035156,261.6600036621094,261.3399963378906,261.5,2330875
2026-01-13 14:30:00+00:00,262.4049987792969,262.885009765625,261.57000732421875,261.80999755859375,4586841
2026-01-13 14:45:00+00:00,261.82000732421875,262.2200012207031,261.07000732421875,261.3399963378906,2280338
2026-01-13 15:00:00+00:00,261.3500061035156,261.489990234375,260.7200012207031,260.82000732421875,1594409
2026-01-13 15:15:00+00:00,260.82000732421875,261.1099853515625,260.5299987792969,261.0799865722656,1535522
2026-01-13 15:30:00+00:00,261.07000732421875,262.0165100097656,260.9849853515625,261.8999938964844,1357011
2026-01-13 15:45:00+00:00,261.8900146484375,262.1499938964844,261.5799865722656,261.81500244140625,1192706
2026-01-13 16:00:00+00:00,261.80999755859375,261.8599853515625,261.1499938964844,261.18499755859375,1187431
2026-01-13 16:15:00+00:00,261.18499755859375,261.4800109863281,260.4599914550781,260.8999938964844,1867778
2026-01-13 16:30:00+00:00,260.8999938964844,261.57000732421875,260.86309814453125,261.3599853515625,2252365
2026-01-13 16:45:00+00:00,261.3500061035156,261.6449890136719,261.19500732421875,261.4200134277344,480245
2026-01-13 17:00:00+00:00,261.44500732421875,261.7950134277344,261.4020080566406,261.7900085449219,547433
2026-01-13 17:15:00+00:00,261.79998779296875,262.17999267578125,261.6499938964844,261.9800109863281,715029
2026-01-13 17:30:00+00:00,262.010009765625,262.1549987792969,261.5799865722656,261.9700012207031,995811
2026-01-13 17:45:00+00:00,261.9700012207031,262.1300048828125,261.7099914550781,261.8900146484375,709109
2026-01-13 18:00:00+00:00,261.8800048828125,262.06500244140625,261.6400146484375,262.05999755859375,760391
2026-01-13 18:15:00+00:00,262.05999755859375,262.1400146484375,261.8450012207031,262.010009765625,645933
2026-01-13 18:30:00+00:00,262.0,262.3949890136719,261.93499755859375,262.2250061035156,630974
2026-01-13 18:45:00+00:00,262.2300109863281,262.42498779296875,261.989990234375,262.1300048828125,641988
2026-01-13 19:00:00+00:00,262.1499938964844,262.2250061035156,261.4549865722656,261.6300048828125,850879
2026-01-13 19:15:00+00:00,261.6199951171875,262.0050048828125,261.57000732421875,261.885009765625,947457
2026-01-13 19:30:00+00:00,261.875,261.9949951171875,261.55999755859375,261.7900085449219,686281
2026-01-13 19:45:00+00:00,261.80999755859375,262.125,261.6199951171875,262.125,606677
2026-01-13 20:00:00+00:00,262.1199951171875,262.1199951171875,261.67999267578125,261.82000732421875,772116
2026-01-13 20:15:00+00:00,261.81500244140625,261.82501220703125,261.1700134277344,261.2250061035156,876046
2026-01-13 20:30:00+00:00,261.2250061035156,261.2300109863281,260.7835998535156,261.1400146484375,1114485
2026-01-13 20:45:00+00:00,261.1400146484375,261.4100036621094,260.9200134277344,261.3599853515625,3000296
2026-01-14 14:30:00+00:00,261.1300048828125,261.510009765625,260.3500061035156,260.489990234375,3074470
2026-01-14 14:45:00+00:00,260.4800109863281,261.6300048828125,260.19000244140625,260.8699951171875,2051573
2026-01-14 15:00:00+00:00,260.8699951171875,262.29998779296875,260.4800109863281,261.989990234375,2931001
2026-01-14 15:15:00+00:00,262.0,262.0899963378906,261.1000061035156,261.1300048828125,1659249
2026-01-14 15:30:00+00:00,261.1099853515625,261.1600036621094,260.2099914550781,260.7200012207031,1407672
2026-01-14 15:45:00+00:00,260.7200012207031,261.1600036621094,260.2799987792969,261.1099853515625,1200776
2026-01-14 16:00:00+00:00,261.1000061035156,261.2699890136719,260.7550048828125,261.1700134277344,903270
2026-01-14 16:15:00+00:00,261.17999267578125,262.2099914550781,261.1499938964844,262.07000732421875,1084838
2026-01-14 16:30:00+00:00,262.07000732421875,262.489990234375,261.4750061035156,261.5299987792969,1377677
2026-01-14 16:45:00+00:00,261.5150146484375,261.5400085449219,260.7900085449219,261.0249938964844,1361207
2026-01-14 17:00:00+00:00,261.0199890136719,261.80999755859375,260.9200134277344,261.7799987792969,868359
2026-01-14 17:15:00+00:00,261.7699890136719,261.7699890136719,261.17498779296875,261.44500732421875,1081473
2026-01-14 17:30:00+00:00,261.42999267578125,261.42999267578125,260.7099914550781,261.260009765625,785484
2026-01-14 17:45:00+00:00,261.260009765625,261.5950012207031,260.9599914550781,261.05499267578125,735699
2026-01-14 18:00:00+00:00,261.05499267578125,261.7749938964844,260.95001220703125,261.7699890136719,830059
2026-01-14 18:15:00+00:00,261.7749938964844,262.0050048828125,261.4700012207031,261.989990234375,854396
2026-01-14 18:30:00+00:00,262.0,262.07501220703125,261.1199951171875,261.1600036621094,1035936
2026-01-14 18:45:00+00:00,261.1600036621094,261.8999938964844,261.1099853515625,261.8299865722656,874472
2026-01-14 19:00:00+00:00,261.82000732421875,262.1499938964844,261.7099914550781,262.1400146484375,748455
2026-01-14 19:15:00+00:00,262.125,262.31500244140625,262.0249938964844,262.2200012207031,554360
2026-01-14 19:30:00+00:00,262.2200012207031,262.3599853515625,261.91650390625,262.3399963378906,742931
2026-01-14 19:45:00+00:00,262.3399963378906,262.5799865722656,262.1199951171875,262.45001220703125,742490
2026-01-14 20:00:00+00:00,262.44000244140625,262.80499267578125,262.0299987792969,262.7200012207031,1746808
2026-01-14 20:15:00+00:00,262.7300109863281,263.0899963378906,262.3800048828125,263.04998779296875,1082759
2026-01-14 20:30:00+00:00,263.04998779296875,263.4599914550781,262.8299865722656,262.8399963378906,1827825
2026-01-14 20:45:00+00:00,262.8349914550781,263.239990234375,262.42999267578125,263.20001220703125,3369486
2026-01-15 14:30:00+00:00,264.05999755859375,264.7900085449219,263.7900085449219,263.8500061035156,3922005
2026-01-15 14:45:00+00:00,263.8399963378906,264.79998779296875,263.7300109863281,264.24420166015625,1862812
2026-01-15 15:00:00+00:00,264.239990234375,265.2349853515625,264.239990234375,264.90509033203125,1518808
2026-01-15 15:15:00+00:00,264.9100036621094,265.4800109863281,264.739990234375,265.4700012207031,1378226
2026-01-15 15:30:00+00:00,265.4700012207031,265.8500061035156,265.3349914550781,265.6700134277344,1366635
2026-01-15 15:45:00+00:00,265.6700134277344,266.5799865722656,265.3999938964844,266.42999267578125,1787343
2026-01-15 16:00:00+00:00,266.42999267578125,266.92999267578125,266.3800048828125,266.5950012207031,2112591
2026-01-15 16:15:00+00:00,266.6000061035156,267.0450134277344,266.4800109863281,266.6000061035156,1245160
2026-01-15 16:30:00+00:00,266.5899963378906,266.9750061035156,266.5400085449219,266.5606994628906,982828
2026-01-15 16:45:00+00:00,266.55999755859375,266.6400146484375,266.2699890136719,266.3299865722656,1200889
2026-01-15 17:00:00+00:00,266.3299865722656,266.6050109863281,266.29998779296875,266.3800048828125,557981
2026-01-15 17:15:00+00:00,266.3778076171875,266.5799865722656,266.239990234375,266.32000732421875,522695
2026-01-15 17:30:00+00:00,266.32000732421875,266.57550048828125,266.239990234375,266.489990234375,1051458
2026-01-15 17:45:00+00:00,266.4849853515625,266.69000244140625,266.0050048828125,266.0450134277344,727683
2026-01-15 18:00:00+00:00,266.0150146484375,266.5150146484375,266.0150146484375,266.3800048828125,610956
2026-01-15 18:15:00+00:00,266.3800048828125,266.5249938964844,266.32501220703125,266.510009765625,434125
2026-01-15 18:30:00+00:00,266.5,266.75799560546875,266.4100036621094,266.7300109863281,657221
2026-01-15 18:45:00+00:00,266.7300109863281,266.7699890136719,266.29998779296875,266.6000061035156,495770
2026-01-15 19:00:00+00:00,266.6099853515625,266.7200012207031,266.3500061035156,266.7099914550781,638810
2026-01-15 19:15:00+00:00,266.7200012207031,266.9700012207031,266.510009765625,266.6300964355469,926160
2026-01-15 19:30:00+00:00,266.6400146484375,266.6400146484375,266.1099853515625,266.3399963378906,914110
2026-01-15 19:45:00+00:00,266.3299865722656,266.7257080078125,266.2300109863281,266.4700012207031,717485
2026-01-15 20:00:00+00:00,266.4700012207031,266.4800109863281,266.0799865722656,266.17999267578125,942508
2026-01-15 20:15:00+00:00,266.1700134277344,266.17999267578125,265.55499267578125,265.7099914550781,1466543
2026-01-15 20:30:00+00:00,265.7099914550781,266.1700134277344,265.635009765625,265.8999938964844,1180505
2026-01-15 20:45:00+00:00,265.8900146484375,265.9100036621094,265.3399963378906,265.4800109863281,2824478
2026-01-16 14:30:00+00:00,265.864990234375,266.1000061035156,264.80499267578125,265.1700134277344,3307999
2026-01-16 14:45:00+00:00,265.1700134277344,266.2349853515625,265.1650085449219,265.510009765625,1712362
2026-01-16 15:00:00+00:00,265.5199890136719,266.6600036621094,265.3299865722656,266.45001220703125,1785597
2026-01-16 15:15:00+00:00,266.45001220703125,266.4700012207031,265.7049865722656,265.7698974609375,1162599
2026-01-16 15:30:00+00:00,265.7749938964844,265.94000244140625,264.7099914550781,264.9849853515625,1876936
2026-01-16 15:45:00+00:00,264.9949951171875,265.7699890136719,264.79998779296875,265.7200012207031,3157602
2026-01-16 16:00:00+00:00,265.7200012207031,266.2200012207031,265.68499755859375,266.1300048828125,1098273
2026-01-16 16:15:00+00:00,266.1329040527344,266.5199890136719,265.92498779296875,266.4800109863281,1125826
2026-01-16 16:30:00+00:00,266.4800109863281,266.9700012207031,266.44000244140625,266.8699951171875,1082096
2026-01-16 16:45:00+00:00,266.8500061035156,267.0198974609375,266.4800109863281,266.6549987792969,991461
2026-01-16 17:00:00+00:00,266.6600036621094,266.7001037597656,266.385009765625,266.4700012207031,1022533
2026-01-16 17:15:00+00:00,266.4700012207031,266.67999267578125,266.3900146484375,266.5400085449219,674355
2026-01-16 17:30:00+00:00,266.5299987792969,266.70001220703125,266.5,266.6700134277344,377484
2026-01-16 17:45:00+00:00,266.67999267578125,266.7200012207031,266.3999938964844,266.5400085449219,431330
2026-01-16 18:00:00+00:00,266.5299987792969,267.0,266.45001220703125,266.7799987792969,803220
2026-01-16 18:15:00+00:00,266.7799987792969,267.1449890136719,266.7799987792969,267.1199951171875,923460
2026-01-16 18:30:00+00:00,267.1199951171875,267.2149963378906,266.8399963378906,266.8699951171875,551125
2026-01-16 18:45:00+00:00,266.8699951171875,266.9750061035156,266.7298889160156,266.7900085449219,663237
2026-01-16 19:00:00+00:00,266.7699890136719,267.1499938964844,266.54998779296875,266.6199951171875,751665
2026-01-16 19:15:00+00:00,266.614990234375,266.6600036621094,266.07000732421875,266.1050109863281,888769
2026-01-16 19:30:00+00:00,266.1099853515625,266.45001220703125,266.04998779296875,266.3399963378906,762496
2026-01-16 19:45:00+00:00,266.3500061035156,266.4800109863281,266.19000244140625,266.2099914550781,773936
2026-01-16 20:00:00+00:00,266.2149963378906,266.2300109863281,265.95001220703125,266.1600036621094,809259
2026-01-16 20:15:00+00:00,266.1499938964844,266.1650085449219,265.94000244140625,266.0199890136719,702695
2026-01-16 20:30:00+00:00,266.0199890136719,266.0199890136719,265.70001220703125,265.7749938964844,1120258
2026-01-16 20:45:00+00:00,265.7699890136719,265.9150085449219,265.6636962890625,265.739990234375,2893110
2026-01-20 14:30:00+00:00,261.1400146484375,263.32000732421875,261.05999755859375,263.2900085449219,6216358
2026-01-20 14:45:00+00:00,263.2900085449219,263.2900085449219,262.3599853515625,262.75,2657720
2026-01-20 15:00:00+00:00,262.7300109863281,262.8900146484375,261.82000732421875,262.69000244140625,2569440
2026-01-20 15:15:00+00:00,262.69000244140625,264.0249938964844,262.18499755859375,263.8450012207031,1642628
2026-01-20 15:30:00+00:00,263.8450012207031,264.2749938964844,263.70001220703125,264.1300048828125,1631365
2026-01-20 15:45:00+00:00,264.1199951171875,264.2799987792969,263.739990234375,264.2550048828125,1208600
2026-01-20 16:00:00+00:00,264.239990234375,264.6400146484375,263.54998779296875,264.2799987792969,1035448
2026-01-20 16:15:00+00:00,264.2900085449219,264.68499755859375,264.0,264.5899963378906,985623
2026-01-20 16:30:00+00:00,264.5899963378906,264.7850036621094,264.1700134277344,264.3699951171875,1242862
2026-01-20 16:45:00+00:00,264.3800048828125,264.8800048828125,264.1199951171875,264.70001220703125,976395
2026-01-20 17:00:00+00:00,264.70001220703125,265.07989501953125,264.5299987792969,265.0094909667969,1353819
2026-01-20 17:15:00+00:00,265.010009765625,265.0633850097656,264.2799987792969,264.510009765625,1325545
2026-01-20 17:30:00+00:00,264.510009765625,264.510009765625,263.6499938964844,263.8399963378906,1540688
2026-01-20 17:45:00+00:00,263.8399963378906,263.9200134277344,263.4849853515625,263.6300048828125,1316335
2026-01-20 18:00:00+00:00,263.6199951171875,264.29998779296875,263.53839111328125,264.2749938964844,1001335
2026-01-20 18:15:00+00:00,264.260009765625,264.29998779296875,263.7099914550781,263.82501220703125,1377193
2026-01-20 18:30:00+00:00,263.82501220703125,263.9100036621094,263.0199890136719,263.04998779296875,1119532
2026-01-20 18:45:00+00:00,263.04998779296875,263.114990234375,262.29998779296875,262.7300109863281,1319580
2026-01-20 19:00:00+00:00,262.7300109863281,263.3399963378906,262.7300109863281,263.19000244140625,1233301
2026-01-20 19:15:00+00:00,263.1702880859375,263.1709899902344,262.5849914550781,262.7850036621094,1360124
2026-01-20 19:30:00+00:00,262.7550048828125,262.80499267578125,261.8399963378906,262.2799987792969,1832120
2026-01-20 19:45:00+00:00,262.2699890136719,262.6000061035156,262.1400146484375,262.5050048828125,1269132
2026-01-20 20:00:00+00:00,262.5,262.75,262.1499938964844,262.4200134277344,1495064
2026-01-20 20:15:00+00:00,262.42999267578125,262.8800048828125,262.2200012207031,262.7099914550781,2059377
2026-01-20 20:30:00+00:00,262.7300109863281,262.7699890136719,262.25,262.5199890136719,1870144
2026-01-20 20:45:00+00:00,262.510009765625,262.7200012207031,262.2650146484375,262.6400146484375,3987674
2026-01-21 14:30:00+00:00,264.6400146484375,265.55999755859375,264.2550048828125,264.989990234375,5185647
2026-01-21 14:45:00+00:00,264.9800109863281,266.1300048828125,264.9200134277344,265.92999267578125,2295039
2026-01-21 15:00:00+00:00,265.9200134277344,266.2900085449219,265.8699951171875,266.1737060546875,1825355
2026-01-21 15:15:00+00:00,266.18499755859375,266.7200012207031,265.4949951171875,265.8800048828125,1631206
2026-01-21 15:30:00+00:00,265.875,266.7099914550781,265.80999755859375,266.625,1583887
2026-01-21 15:45:00+00:00,266.6300048828125,266.8949890136719,266.5299987792969,266.635009765625,1411365
2026-01-21 16:00:00+00:00,266.6300048828125,266.739990234375,266.135009765625,266.2149963378906,1240481
2026-01-21 16:15:00+00:00,266.2200012207031,266.4150085449219,265.6400146484375,265.9949951171875,1351491
2026-01-21 16:30:00+00:00,265.989990234375,266.0296936035156,264.8699951171875,264.8800048828125,1886971
2026-01-21 16:45:00+00:00,264.8900146484375,265.2799987792969,264.1000061035156,264.239990234375,2041542
2026-01-21 17:00:00+00:00,264.2200012207031,264.42999267578125,263.0299987792969,263.0954895019531,2300718
2026-01-21 17:15:00+00:00,263.0899963378906,263.9800109863281,262.9200134277344,263.8349914550781,2023616
2026-01-21 17:30:00+00:00,263.8399963378906,263.8399963378906,263.05999755859375,263.1700134277344,1832983
2026-01-21 17:45:00+00:00,263.1600036621094,264.4599914550781,263.0799865722656,264.25,1447430
2026-01-21 18:00:00+00:00,264.239990234375,264.3475036621094,263.29998779296875,263.7650146484375,1119997
2026-01-21 18:15:00+00:00,263.760009765625,263.9750061035156,263.55999755859375,263.6700134277344,519388
2026-01-21 18:30:00+00:00,264.3999938964844,264.4100036621094,263.94000244140625,264.1600036621094,1320575
2026-01-21 18:45:00+00:00,264.1700134277344,264.7799987792969,263.94000244140625,264.58990478515625,1604829
2026-01-21 19:00:00+00:00,264.5899963378906,264.6499938964844,263.9800109863281,264.2200012207031,1317931
2026-01-21 19:15:00+00:00,264.2300109863281,267.07000732421875,264.19500732421875,266.7434997558594,3706250
2026-01-21 19:30:00+00:00,266.75,268.4200134277344,266.5799865722656,268.3299865722656,4353794
2026-01-21 19:45:00+00:00,268.32000732421875,268.5899963378906,267.6300048828125,268.0350036621094,2810732
2026-01-21 20:00:00+00:00,268.0299987792969,268.1199951171875,267.2799987792969,267.3349914550781,2808620
2026-01-21 20:15:00+00:00,267.3349914550781,267.5299987792969,266.875,266.8900146484375,2449526
2026-01-21 20:30:00+00:00,266.8800048828125,267.5849914550781,266.7950134277344,267.55999755859375,3020146
2026-01-21 20:45:00+00:00,267.5400085449219,267.8999938964844,267.32000732421875,267.760009765625,4975890
2026-01-22 14:30:00+00:00,269.8299865722656,270.95001220703125,269.67999267578125,270.1099853515625,4207507
2026-01-22 14:45:00+00:00,270.1000061035156,270.6499938964844,269.4200134277344,270.3399963378906,2361117
2026-01-22 15:00:00+00:00,270.3399963378906,270.4700012207031,269.6600036621094,270.1099853515625,1911074
2026-01-22 15:15:00+00:00,270.1199951171875,270.8599853515625,270.1199951171875,270.7300109863281,1629192
2026-01-22 15:30:00+00:00,270.739990234375,271.44500732421875,270.6000061035156,271.435791015625,1627082
2026-01-22 15:45:00+00:00,271.42999267578125,271.57000732421875,271.1499938964844,271.2699890136719,1250213
2026-01-22 16:00:00+00:00,271.2799987792969,271.54998779296875,271.260009765625,271.3500061035156,732717
2026-01-22 16:15:00+00:00,271.3500061035156,271.4200134277344,271.0150146484375,271.19000244140625,885158
2026-01-22 16:30:00+00:00,271.2099914550781,271.32000732421875,270.8800048828125,271.2950134277344,999307
2026-01-22 16:45:00+00:00,271.29998779296875,271.3599853515625,270.6549987792969,270.8599853515625,925018
2026-01-22 17:00:00+00:00,270.8500061035156,271.07000732421875,270.6700134277344,270.9599914550781,822289
2026-01-22 17:15:00+00:00,270.9700012207031,271.0799865722656,270.7550048828125,271.0400085449219,626267
2026-01-22 17:30:00+00:00,271.04998779296875,271.44500732421875,271.0450134277344,271.4150085449219,626046
2026-01-22 17:45:00+00:00,271.4200134277344,271.5950012207031,271.2900085449219,271.32501220703125,768604
2026-01-22 18:00:00+00:00,271.30999755859375,271.385009765625,270.7300109863281,270.79998779296875,995943
2026-01-22 18:15:00+00:00,270.80999755859375,271.1099853515625,270.7099914550781,270.7850036621094,647722
2026-01-22 18:30:00+00:00,270.7799987792969,271.010009765625,270.7300109863281,270.75,676280
2026-01-22 18:45:00+00:00,270.7550048828125,270.8699951171875,270.6099853515625,270.7300109863281,1059948
2026-01-22 19:00:00+00:00,270.7300109863281,270.94500732421875,270.6400146484375,270.75,706987
2026-01-22 19:15:00+00:00,270.75,270.7650146484375,270.5,270.57000732421875,760673
2026-01-22 19:30:00+00:00,270.5799865722656,270.614990234375,270.2799987792969,270.3699951171875,688265
2026-01-22 19:45:00+00:00,270.3500061035156,270.4599914550781,269.94000244140625,269.9599914550781,1228892
2026-01-22 20:00:00+00:00,269.95001220703125,270.2850036621094,269.82000732421875,270.239990234375,1133442
2026-01-22 20:15:00+00:00,270.239990234375,270.375,269.9700012207031,269.989990234375,1278417
2026-01-22 20:30:00+00:00,269.9700012207031,269.9800109863281,269.5400085449219,269.6600036621094,1568726
2026-01-22 20:45:00+00:00,269.6499938964844,269.9150085449219,269.4601135253906,269.79998779296875,3082554
2026-01-23 14:30:00+00:00,269.0400085449219,269.04998779296875,267.79998779296875,268.1300048828125,3976138
2026-01-23 14:45:00+00:00,268.1400146484375,268.2699890136719,267.54998779296875,268.1000061035156,1850135
2026-01-23 15:00:00+00:00,268.1300048828125,268.2099914550781,266.6449890136719,266.7749938964844,2595815
2026-01-23 15:15:00+00:00,266.7699890136719,267.5950927734375,266.510009765625,267.1700134277344,2698892
2026-01-23 15:30:00+00:00,267.1499938964844,267.4200134277344,266.8999938964844,267.0400085449219,1234869
2026-01-23 15:45:00+00:00,267.04998779296875,267.32501220703125,266.9129943847656,267.0849914550781,844605
2026-01-23 16:00:00+00:00,267.0799865722656,267.3500061035156,267.0,267.17498779296875,1159801
2026-01-23 16:15:00+00:00,267.17498779296875,267.4200134277344,266.7049865722656,266.75,925851
2026-01-23 16:30:00+00:00,266.75,266.80999755859375,266.364990234375,266.739990234375,1326500
2026-01-23 16:45:00+00:00,266.739990234375,266.760009765625,266.0799865722656,266.1400146484375,1369407
2026-01-23 17:00:00+00:00,266.1400146484375,266.4100036621094,265.9100036621094,266.2799987792969,1616202
2026-01-23 17:15:00+00:00,266.2749938964844,266.43499755859375,266.0754089355469,266.385009765625,1039380
2026-01-23 17:30:00+00:00,266.3900146484375,266.4700012207031,265.29998779296875,265.32958984375,1543650
2026-01-23 17:45:00+00:00,265.3299865722656,265.57000732421875,264.57000732421875,264.7651062011719,1778186
2026-01-23 18:00:00+00:00,264.760009765625,265.44000244140625,264.70001220703125,265.0400085449219,1325418
2026-01-23 18:15:00+00:00,265.04998779296875,265.20001220703125,264.7699890136719,264.9599914550781,1321495
2026-01-23 18:30:00+00:00,264.9599914550781,265.0899963378906,264.6050109863281,264.70001220703125,1100784
2026-01-23 18:45:00+00:00,264.69500732421875,265.0400085449219,264.5476989746094,264.9949951171875,827633
2026-01-23 19:00:00+00:00,265.0,265.385009765625,264.8800048828125,265.260009765625,1145970
2026-01-23 19:15:00+00:00,265.260009765625,265.70001220703125,265.2099914550781,265.4599914550781,1318314
2026-01-23 19:30:00+00:00,265.45001220703125,265.54998779296875,264.92999267578125,265.07000732421875,826022
2026-01-23 19:45:00+00:00,265.07000732421875,265.2200012207031,264.92999267578125,265.0450134277344,775232
2026-01-23 20:00:00+00:00,265.0400085449219,265.05999755859375,264.5799865722656,264.8599853515625,1273095
2026-01-23 20:15:00+00:00,264.8599853515625,265.0199890136719,264.6650085449219,264.7799987792969,987119
2026-01-23 20:30:00+00:00,264.760009765625,265.1000061035156,264.4599914550781,264.889892578125,1837244
2026-01-23 20:45:00+00:00,264.8800048828125,265.2650146484375,264.7449951171875,264.82000732421875,3970202
2026-01-26 14:30:00+00:00,265.07000732421875,265.8399963378906,264.3699951171875,265.7298889160156,5800967
2026-01-26 14:45:00+00:00,265.7200012207031,266.69000244140625,265.69000244140625,265.8299865722656,3072050
2026-01-26 15:00:00+00:00,265.81500244140625,265.8500061035156,265.125,265.3999938964844,1695856
2026-01-26 15:15:00+00:00,265.4200134277344,265.7300109863281,264.5899963378906,264.6700134277344,1346792
2026-01-26 15:30:00+00:00,264.67498779296875,265.07000732421875,263.7200012207031,263.8900146484375,2179086
2026-01-26 15:45:00+00:00,263.8900146484375,264.6099853515625,263.8900146484375,264.1650085449219,1580032
2026-01-26 16:00:00+00:00,264.1499938964844,264.260009765625,263.7300109863281,263.7349853515625,1266238
2026-01-26 16:15:00+00:00,263.7300109863281,264.0,263.489990234375,263.9100036621094,1083057
2026-01-26 16:30:00+00:00,263.9200134277344,264.1300048828125,263.6050109863281,263.7300109863281,1010516
2026-01-26 16:45:00+00:00,263.7099914550781,264.07501220703125,263.6700134277344,263.7550048828125,737058
2026-01-26 17:00:00+00:00,263.760009765625,264.1300048828125,263.6600036621094,263.9800109863281,600142
2026-01-26 17:15:00+00:00,263.9750061035156,264.4649963378906,263.9549865722656,264.3900146484375,532838
2026-01-26 17:30:00+00:00,264.4100036621094,264.68499755859375,264.3999938964844,264.42999267578125,640947
2026-01-26 17:45:00+00:00,264.43499755859375,264.4750061035156,264.18499755859375,264.18499755859375,602222
2026-01-26 18:00:00+00:00,264.17999267578125,264.2149963378906,263.9200134277344,263.9549865722656,617704
2026-01-26 18:15:00+00:00,263.9549865722656,264.489990234375,263.9150085449219,264.3599853515625,563297
2026-01-26 18:30:00+00:00,264.3399963378906,264.4800109863281,264.1099853515625,264.17999267578125,432470
2026-01-26 18:45:00+00:00,264.17999267578125,264.3500061035156,264.0799865722656,264.2250061035156,405230
2026-01-26 19:00:00+00:00,264.2300109863281,264.3900146484375,264.125,264.3800048828125,499976
2026-01-26 19:15:00+00:00,264.3699951171875,264.3699951171875,264.1050109863281,264.29998779296875,468427
2026-01-26 19:30:00+00:00,264.2900085449219,264.44500732421875,264.0400085449219,264.07000732421875,704144
2026-01-26 19:45:00+00:00,264.0799865722656,264.1050109863281,263.7900085449219,263.9049987792969,608904
2026-01-26 20:00:00+00:00,263.9100036621094,264.25,263.7200012207031,264.2049865722656,1082981
2026-01-26 20:15:00+00:00,264.2099914550781,264.239990234375,264.0050048828125,264.1600036621094,514105
2026-01-26 20:30:00+00:00,264.1650085449219,264.3500061035156,263.94000244140625,264.1700134277344,750626
2026-01-26 20:45:00+00:00,264.1700134277344,264.260009765625,263.8800048828125,263.9599914550781,2360406
2026-01-27 14:30:00+00:00,264.04998779296875,264.3900146484375,263.0050048828125,263.45001220703125,3079514
2026-01-27 14:45:00+00:00,263.42999267578125,263.70001220703125,262.8699951171875,262.8999938964844,1711013
2026-01-27 15:00:00+00:00,262.9100036621094,263.9100036621094,262.6600036621094,263.8399963378906,1200436
2026-01-27 15:15:00+00:00,263.8299865722656,264.510009765625,263.7099914550781,263.7950134277344,1390696
2026-01-27 15:30:00+00:00,263.79998779296875,263.8900146484375,263.2850036621094,263.5199890136719,1288666
2026-01-27 15:45:00+00:00,263.5400085449219,263.79998779296875,263.3800048828125,263.70001220703125,851970
2026-01-27 16:00:00+00:00,263.69000244140625,263.8800048828125,263.3299865722656,263.82000732421875,668101
2026-01-27 16:15:00+00:00,263.82000732421875,264.3900146484375,263.7590026855469,264.2300109863281,699869
2026-01-27 16:30:00+00:00,264.2449951171875,264.4750061035156,264.0849914550781,264.2850036621094,546305
2026-01-27 16:45:00+00:00,264.2850036621094,264.3349914550781,263.8230895996094,263.9200134277344,804329
2026-01-27 17:00:00+00:00,263.8999938964844,264.04998779296875,263.55499267578125,263.56500244140625,714366
2026-01-27 17:15:00+00:00,263.57000732421875,263.6700134277344,263.2250061035156,263.56500244140625,1178677
2026-01-27 17:30:00+00:00,263.5799865722656,263.6400146484375,263.2900085449219,263.3450012207031,772397
2026-01-27 17:45:00+00:00,263.3399963378906,263.70001220703125,263.2699890136719,263.3800048828125,557144
2026-01-27 18:00:00+00:00,263.3800048828125,263.47540283203125,262.94000244140625,263.1400146484375,950569
2026-01-27 18:15:00+00:00,263.1400146484375,263.7550048828125,263.1300048828125,263.69000244140625,672758
2026-01-27 18:30:00+00:00,263.7099914550781,263.9364929199219,263.6499938964844,263.8349914550781,694614
2026-01-27 18:45:00+00:00,263.8399963378906,263.9800109863281,263.739990234375,263.885009765625,408287
2026-01-27 19:00:00+00:00,263.8800048828125,264.20001220703125,263.7349853515625,264.1449890136719,433861
2026-01-27 19:15:00+00:00,264.1400146484375,264.4700012207031,264.1300048828125,264.42999267578125,577741
2026-01-27 19:30:00+00:00,264.44000244140625,264.4750061035156,264.32000732421875,264.3399963378906,868504
2026-01-27 19:45:00+00:00,264.3450012207031,264.42999267578125,264.20001220703125,264.3999938964844,497315
2026-01-27 20:00:00+00:00,264.3900146484375,264.8599853515625,264.25,264.8399963378906,674372
2026-01-27 20:15:00+00:00,264.8500061035156,264.8500061035156,264.55499267578125,264.55999755859375,767548
2026-01-27 20:30:00+00:00,264.55999755859375,264.56500244140625,264.3599853515625,264.54998779296875,1074576
2026-01-27 20:45:00+00:00,264.54998779296875,264.7200012207031,264.42999267578125,264.7099914550781,2035498
2026-01-28 14:30:00+00:00,265.9800109863281,266.67498779296875,265.1499938964844,265.4700012207031,4117841
2026-01-28 14:45:00+00:00,265.4700012207031,265.67999267578125,264.4750061035156,264.5299987792969,2044834
2026-01-28 15:00:00+00:00,264.5199890136719,264.7449951171875,263.1499938964844,263.19000244140625,2580795
2026-01-28 15:15:00+00:00,263.19000244140625,263.8399963378906,262.93499755859375,263.7300109863281,2289836
2026-01-28 15:30:00+00:00,263.7300109863281,264.2900085449219,263.7200012207031,263.760009765625,1307226
2026-01-28 15:45:00+00:00,263.760009765625,264.0899963378906,263.510009765625,263.54998779296875,902685
2026-01-28 16:00:00+00:00,263.57000732421875,263.9100036621094,263.2799987792969,263.4100036621094,1044753
2026-01-28 16:15:00+00:00,263.3999938964844,263.6549987792969,263.0899963378906,263.5899963378906,923010
2026-01-28 16:30:00+00:00,263.5899963378906,263.5899963378906,262.8999938964844,263.17498779296875,879862
2026-01-28 16:45:00+00:00,263.1700134277344,263.75,263.1300048828125,263.56500244140625,1359659
2026-01-28 17:00:00+00:00,263.57000732421875,263.885009765625,263.54998779296875,263.8500061035156,680217
2026-01-28 17:15:00+00:00,263.8550109863281,263.8699951171875,263.2799987792969,263.3299865722656,669523
2026-01-28 17:30:00+00:00,263.3299865722656,263.4549865722656,263.0450134277344,263.3450012207031,835055
2026-01-28 17:45:00+00:00,263.3500061035156,263.8900146484375,263.29998779296875,263.3800048828125,670296
2026-01-28 18:00:00+00:00,263.375,263.7449951171875,263.3500061035156,263.5799865722656,621935
2026-01-28 18:15:00+00:00,263.5799865722656,263.9150085449219,263.55999755859375,263.8800048828125,381701
2026-01-28 18:30:00+00:00,263.875,264.04998779296875,263.6600036621094,263.9800109863281,667924
2026-01-28 18:45:00+00:00,263.9800109863281,264.010009765625,263.5,263.6700134277344,612977
2026-01-28 19:00:00+00:00,263.6099853515625,264.1499938964844,263.17999267578125,264.0400085449219,989169
2026-01-28 19:15:00+00:00,264.0249938964844,264.20001220703125,263.05999755859375,263.1199951171875,885924
2026-01-28 19:30:00+00:00,263.0899963378906,264.94000244140625,262.57000732421875,263.55999755859375,2748845
2026-01-28 19:45:00+00:00,263.57000732421875,264.5506896972656,263.42999267578125,263.67999267578125,1749031
2026-01-28 20:00:00+00:00,263.67999267578125,264.260009765625,263.5799865722656,263.8599853515625,1403567
2026-01-28 20:15:00+00:00,263.8699951171875,264.0199890136719,263.5,263.5299987792969,784328
2026-01-28 20:30:00+00:00,263.5199890136719,263.6700134277344,263.2900085449219,263.364990234375,1585771
2026-01-28 20:45:00+00:00,263.3500061035156,263.4100036621094,262.8399963378906,263.31500244140625,3030054
2026-01-29 14:30:00+00:00,264.07000732421875,265.05999755859375,263.1600036621094,263.70001220703125,4414957
2026-01-29 14:45:00+00:00,263.7099914550781,264.2799987792969,262.9800109863281,263.02099609375,2244981
2026-01-29 15:00:00+00:00,263.0400085449219,263.04998779296875,261.5799865722656,261.8999938964844,2096959
2026-01-29 15:15:00+00:00,261.8900146484375,262.75,261.75,261.75,1959817
2026-01-29 15:30:00+00:00,261.739990234375,262.0799865722656,260.239990234375,260.2799987792969,2308361
2026-01-29 15:45:00+00:00,260.2900085449219,260.92999267578125,259.6499938964844,260.45001220703125,2413077
2026-01-29 16:00:00+00:00,260.4599914550781,261.29998779296875,259.4100036621094,261.2699890136719,2458074
2026-01-29 16:15:00+00:00,261.25,261.9100036621094,260.739990234375,260.8999938964844,2490673
2026-01-29 16:30:00+00:00,260.8599853515625,261.75,260.8599853515625,261.44000244140625,1471608
2026-01-29 16:45:00+00:00,261.45001220703125,262.010009765625,261.2735900878906,261.7950134277344,1183892
2026-01-29 17:00:00+00:00,261.79998779296875,262.67999267578125,261.75,262.57000732421875,1229193
2026-01-29 17:15:00+00:00,262.56500244140625,263.1000061035156,262.3999938964844,262.67999267578125,1303427
2026-01-29 17:30:00+00:00,262.6600036621094,262.9200134277344,262.3450012207031,262.5799865722656,895205
2026-01-29 17:45:00+00:00,262.5799865722656,262.6099853515625,261.5400085449219,261.6300048828125,970070
2026-01-29 18:00:00+00:00,261.6300048828125,262.5249938964844,261.20001220703125,262.3599853515625,1661188
2026-01-29 18:15:00+00:00,262.3500061035156,262.510009765625,262.1549987792969,262.4700012207031,823141
2026-01-29 18:30:00+00:00,262.45001220703125,262.70001220703125,261.7799987792969,262.44000244140625,1058341
2026-01-29 18:45:00+00:00,262.4200134277344,262.55499267578125,261.79998779296875,261.8299865722656,816124
2026-01-29 19:00:00+00:00,261.82000732421875,262.6400146484375,261.6600036621094,262.4700012207031,816865
2026-01-29 19:15:00+00:00,262.4700012207031,263.1199951171875,262.4200134277344,263.1000061035156,577352
2026-01-29 19:30:00+00:00,263.0899963378906,263.1199951171875,262.1700134277344,262.83990478515625,1816634
2026-01-29 19:45:00+00:00,262.8299865722656,262.8999938964844,261.92999267578125,261.9800109863281,984412
2026-01-29 20:00:00+00:00,261.9800109863281,262.7550048828125,261.9800109863281,262.4849853515625,920965
2026-01-29 20:15:00+00:00,262.4849853515625,262.5849914550781,262.1700134277344,262.19000244140625,811519
2026-01-29 20:30:00+00:00,262.20001220703125,262.9049987792969,262.19000244140625,262.7799987792969,1529392
2026-01-29 20:45:00+00:00,262.7799987792969,263.4949951171875,262.6700134277344,263.3500061035156,2930045
2026-01-30 14:30:00+00:00,261.07000732421875,262.9800109863281,260.8500061035156,262.5350036621094,4624852
2026-01-30 14:45:00+00:00,262.5199890136719,262.6050109863281,260.239990234375,260.3999938964844,2586028
2026-01-30 15:00:00+00:00,260.4100036621094,261.29998779296875,260.0,260.7049865722656,3137290
2026-01-30 15:15:00+00:00,260.7200012207031,260.8500061035156,260.43011474609375,260.5899963378906,479435
2026-02-02 18:45:00+00:00,263.4700012207031,263.7699890136719,263.3299865722656,263.3399963378906,17282160
2026-02-02 19:00:00+00:00,263.3299865722656,263.7099914550781,263.2900085449219,263.44989013671875,697439
2026-02-02 19:15:00+00:00,263.44500732421875,263.489990234375,263.17999267578125,263.4049987792969,710187
2026-02-02 19:30:00+00:00,263.3999938964844,263.4049987792969,262.9049987792969,263.3599853515625,1003536
2026-02-02 19:45:00+00:00,263.3599853515625,263.70001220703125,262.55999755859375,262.760009765625,1613604
2026-02-02 20:00:00+00:00,262.760009765625,263.1700134277344,262.260009765625,262.5299987792969,2160125
2026-02-02 20:15:00+00:00,262.5299987792969,262.54998779296875,262.22930908203125,262.31500244140625,1154161
2026-02-02 20:30:00+00:00,262.30999755859375,262.32501220703125,261.7799987792969,261.8500061035156,1516914
2026-02-02 20:45:00+00:00,261.8500061035156,262.239990234375,261.7200012207031,262.1499938964844,3408082
2026-02-03 14:30:00+00:00,263.05999755859375,264.3900146484375,262.9599914550781,264.05999755859375,3956882
2026-02-03 14:45:00+00:00,264.07000732421875,265.0599060058594,262.8800048828125,262.9599914550781,2605410
2026-02-03 15:00:00+00:00,262.9700012207031,264.04998779296875,262.6400146484375,262.9100036621094,1839193
2026-02-03 15:15:00+00:00,262.8800048828125,264.2900085449219,262.8299865722656,263.989990234375,1906892
2026-02-03 15:30:00+00:00,263.989990234375,264.4200134277344,263.4100036621094,263.4549865722656,1650782
2026-02-03 15:45:00+00:00,263.4599914550781,264.8699951171875,263.32501220703125,264.4700012207031,2500821
2026-02-03 16:00:00+00:00,264.4700012207031,264.5,263.3500061035156,263.3500061035156,1410522
2026-02-03 16:15:00+00:00,263.3500061035156,263.5299987792969,262.45001220703125,262.4549865722656,1431297
2026-02-03 16:30:00+00:00,262.4700012207031,262.6099853515625,261.8900146484375,261.9599914550781,1867410
2026-02-03 16:45:00+00:00,261.95001220703125,262.29998779296875,261.7699890136719,262.1300048828125,1328013
2026-02-03 17:00:00+00:00,262.1300048828125,262.2300109863281,260.8399963378906,261.1199951171875,2165816
2026-02-03 17:15:00+00:00,261.1199951171875,261.3699951171875,260.5400085449219,260.5400085449219,1353439
2026-02-03 17:30:00+00:00,260.5400085449219,260.9200134277344,260.25,260.30999755859375,1418277
2026-02-03 17:45:00+00:00,260.30999755859375,260.9750061035156,260.2099914550781,260.510009765625,1582010
2026-02-03 18:00:00+00:00,260.5,260.7200012207031,259.5899963378906,259.8800048828125,1646997
2026-02-03 18:15:00+00:00,259.8699951171875,260.07000732421875,259.44000244140625,259.5199890136719,1568983
2026-02-03 18:30:00+00:00,259.4949951171875,259.7200012207031,259.29998779296875,259.3599853515625,1447773
2026-02-03 18:45:00+00:00,259.3500061035156,259.6600036621094,258.9049987792969,258.93499755859375,1422898
2026-02-03 19:00:00+00:00,258.92999267578125,259.67498779296875,258.5509948730469,259.6400146484375,1854108
2026-02-03 19:15:00+00:00,259.6300048828125,260.3900146484375,259.3699951171875,259.5199890136719,3158605
2026-02-03 19:30:00+00:00,259.510009765625,260.4100036621094,259.2300109863281,260.2300109863281,2040836
2026-02-03 19:45:00+00:00,260.2300109863281,260.69500732421875,259.67999267578125,260.489990234375,2015328
2026-02-03 20:00:00+00:00,260.4800109863281,260.9150085449219,260.3299865722656,260.9100036621094,2653738
2026-02-03 20:15:00+00:00,260.8999938964844,261.1796875,260.6499938964844,260.9100036621094,1723297
2026-02-03 20:30:00+00:00,260.8999938964844,261.8299865722656,260.8800048828125,261.760009765625,2363620
2026-02-03 20:45:00+00:00,261.760009765625,262.94000244140625,261.7099914550781,262.82000732421875,4105774
2026-02-04 14:30:00+00:00,264.1600036621094,264.6499938964844,263.2900085449219,263.7900085449219,3388360
2026-02-04 14:45:00+00:00,263.7699890136719,264.17999267578125,262.0299987792969,262.239990234375,2530098
2026-02-04 15:00:00+00:00,262.20001220703125,263.510009765625,261.5950012207031,263.0799865722656,1990517
2026-02-04 15:15:00+00:00,263.125,263.5299987792969,262.510009765625,262.5199890136719,1445244
2026-02-04 15:30:00+00:00,262.5199890136719,262.8599853515625,260.6600036621094,262.8500061035156,2963041
2026-02-04 15:45:00+00:00,262.8399963378906,262.94000244140625,260.9549865722656,261.239990234375,1426307
2026-02-04 16:00:00+00:00,261.2799987792969,261.6099853515625,259.989990234375,260.57000732421875,1609298
2026-02-04 16:15:00+00:00,260.5899963378906,261.0,259.7049865722656,260.9700012207031,1253031
2026-02-04 16:30:00+00:00,260.9800109863281,261.07000732421875,259.489990234375,259.5199890136719,1450694
2026-02-04 16:45:00+00:00,259.510009765625,260.29998779296875,258.8299865722656,260.1300048828125,1967597
2026-02-04 17:00:00+00:00,260.1199951171875,260.3900146484375,259.67999267578125,260.14990234375,1275770
2026-02-04 17:15:00+00:00,260.1499938964844,260.2300109863281,258.0799865722656,258.260009765625,1397512
2026-02-04 17:30:00+00:00,258.260009765625,258.7900085449219,257.489990234375,258.05999755859375,2119453
2026-02-04 17:45:00+00:00,258.05999755859375,258.3349914550781,257.3999938964844,258.05499267578125,1376018
2026-02-04 18:00:00+00:00,258.0400085449219,258.44000244140625,257.55499267578125,257.55999755859375,1394003
2026-02-04 18:15:00+00:00,257.55999755859375,258.6700134277344,257.1400146484375,258.57501220703125,1588545
2026-02-04 18:30:00+00:00,258.57501220703125,258.6000061035156,257.6300048828125,258.05999755859375,1502260
2026-02-04 18:45:00+00:00,258.04998779296875,258.69000244140625,257.510009765625,258.1199951171875,1038201
2026-02-04 19:00:00+00:00,258.1099853515625,258.3399963378906,257.54998779296875,258.07000732421875,1796537
2026-02-04 19:15:00+00:00,258.05999755859375,258.81500244140625,257.989990234375,258.79998779296875,1196013
2026-02-04 19:30:00+00:00,258.79998779296875,259.9649963378906,258.7900085449219,259.9049987792969,1708175
2026-02-04 19:45:00+00:00,259.9100036621094,261.4599914550781,259.7749938964844,261.3800048828125,2237323
2026-02-04 20:00:00+00:00,261.3599853515625,261.5,260.5199890136719,260.9849853515625,1985832
2026-02-04 20:15:00+00:00,260.989990234375,261.1600036621094,260.4100036621094,260.42999267578125,1101214
2026-02-04 20:30:00+00:00,260.4200134277344,261.364990234375,260.4200134277344,261.0799865722656,1776897
2026-02-04 20:45:00+00:00,261.0799865722656,261.2900085449219,260.31500244140625,260.5199890136719,2861511
2026-02-05 14:30:00+00:00,258.5,261.2200012207031,258.489990234375,260.92999267578125,4822025
2026-02-05 14:45:00+00:00,260.92999267578125,261.6199951171875,260.42999267578125,260.9800109863281,2263563
2026-02-05 15:00:00+00:00,261.0,261.510009765625,258.1700134277344,258.2550048828125,2067256
2026-02-05 15:15:00+00:00,258.25,259.1600036621094,257.4549865722656,257.4800109863281,2031913
2026-02-05 15:30:00+00:00,257.5,258.46990966796875,256.8399963378906,258.2300109863281,2449764
2026-02-05 15:45:00+00:00,258.239990234375,258.45001220703125,257.3800048828125,258.1400146484375,1329955
2026-02-05 16:00:00+00:00,258.1300048828125,258.3399963378906,256.6600036621094,256.70001220703125,3301289
2026-02-05 16:15:00+00:00,256.69000244140625,258.760009765625,256.69000244140625,258.6600036621094,1429556
2026-02-05 16:30:00+00:00,258.6600036621094,258.9700012207031,258.30999755859375,258.7300109863281,1137936
2026-02-05 16:45:00+00:00,258.7300109863281,259.32000732421875,258.2149963378906,259.1400146484375,1153539
2026-02-05 17:00:00+00:00,259.1300048828125,259.2300109863281,258.1050109863281,258.3299865722656,925635
2026-02-05 17:15:00+00:00,258.3299865722656,259.1449890136719,257.6199951171875,259.1000061035156,1075329
2026-02-05 17:30:00+00:00,259.1099853515625,259.22918701171875,258.489990234375,258.82501220703125,1220780
2026-02-05 17:45:00+00:00,258.82501220703125,259.29998779296875,257.95001220703125,258.0299987792969,1050168
2026-02-05 18:00:00+00:00,258.0299987792969,258.32000732421875,257.4800109863281,257.82000732421875,976710
2026-02-05 18:15:00+00:00,257.80999755859375,257.8900146484375,256.94000244140625,257.1199951171875,980437
2026-02-05 18:30:00+00:00,257.1099853515625,257.4200134277344,256.4599914550781,256.7900085449219,1082881
2026-02-05 18:45:00+00:00,256.7900085449219,256.8800048828125,256.1600036621094,256.55999755859375,1292255
2026-02-05 19:00:00+00:00,256.54998779296875,257.79998779296875,256.4599914550781,257.5799865722656,1394606
2026-02-05 19:15:00+00:00,257.5799865722656,258.0,257.4800109863281,257.6700134277344,1149201
2026-02-05 19:30:00+00:00,257.6400146484375,257.6400146484375,256.760009765625,256.7699890136719,1092406
2026-02-05 19:45:00+00:00,256.7699890136719,256.9049987792969,256.25,256.6300964355469,1691096
2026-02-05 20:00:00+00:00,256.6300048828125,257.54998779296875,256.4150085449219,256.8599853515625,1798889
2026-02-05 20:15:00+00:00,256.8399963378906,256.8599853515625,255.7050018310547,255.77230834960938,1304841
2026-02-05 20:30:00+00:00,255.77999877929688,255.97999572753906,255.25,255.52499389648438,2163538
2026-02-05 20:45:00+00:00,255.51499938964844,256.07000732421875,255.0500030517578,255.8300018310547,4608281
2026-02-06 14:30:00+00:00,259.67999267578125,261.95001220703125,259.6400146484375,261.93499755859375,5247842
2026-02-06 14:45:00+00:00,261.94000244140625,262.5400085449219,261.1400146484375,261.29998779296875,2371238
2026-02-06 15:00:00+00:00,261.3699951171875,262.1600036621094,261.0199890136719,261.4100036621094,2085297
2026-02-06 15:15:00+00:00,261.4200134277344,262.1300048828125,261.0,261.5849914550781,1349743
2026-02-06 15:30:00+00:00,262.489990234375,262.6300048828125,262.3550109863281,262.4100036621094,1918950
2026-02-06 15:45:00+00:00,262.44000244140625,262.67498779296875,261.6300048828125,262.4700012207031,1268259
2026-02-06 16:00:00+00:00,262.79998779296875,263.3299865722656,262.75,263.3299865722656,1342519
2026-02-06 16:15:00+00:00,263.3299865722656,263.3699951171875,262.8999938964844,263.20001220703125,1512012
2026-02-06 16:30:00+00:00,263.20001220703125,263.8699951171875,263.19000244140625,263.70001220703125,1641238
2026-02-06 16:45:00+00:00,263.71990966796875,264.05999755859375,263.6700134277344,264.04998779296875,950078
2026-02-06 17:00:00+00:00,264.04998779296875,264.6099853515625,263.8699951171875,264.19000244140625,1524406
2026-02-06 17:15:00+00:00,264.19000244140625,264.29998779296875,263.8500061035156,264.25,995998
2026-02-06 17:30:00+00:00,264.260009765625,264.3349914550781,263.7200012207031,263.93011474609375,1245043
2026-02-06 17:45:00+00:00,263.93499755859375,264.44000244140625,263.92999267578125,264.30999755859375,690936
2026-02-06 18:00:00+00:00,264.260009765625,264.375,264.0199890136719,264.1549987792969,998741
2026-02-06 18:15:00+00:00,264.1600036621094,264.3599853515625,263.9100036621094,264.19000244140625,786387
2026-02-06 18:30:00+00:00,264.1965026855469,264.6400146484375,264.1400146484375,264.614990234375,818436
2026-02-06 18:45:00+00:00,264.6099853515625,264.7300109863281,264.29998779296875,264.3550109863281,1023288
2026-02-06 19:00:00+00:00,264.3699951171875,264.42999267578125,264.2099914550781,264.260009765625,923725
2026-02-06 19:15:00+00:00,264.260009765625,264.54998779296875,264.1802978515625,264.45001220703125,987553
2026-02-06 19:30:00+00:00,264.45001220703125,264.5899963378906,264.3299865722656,264.489990234375,1066513
2026-02-06 19:45:00+00:00,264.489990234375,264.8699951171875,264.489990234375,264.6499938964844,1324341
2026-02-06 20:00:00+00:00,264.6400146484375,264.9798889160156,264.5050048828125,264.69500732421875,1139001
2026-02-06 20:15:00+00:00,264.69500732421875,265.0400085449219,264.6199951171875,264.9649963378906,1147411
2026-02-06 20:30:00+00:00,264.9599914550781,265.1700134277344,264.7749938964844,265.15899658203125,1587530
2026-02-06 20:45:00+00:00,265.1650085449219,265.7200012207031,264.9700012207031,264.9949951171875,4615327
