Datetime,open,high,low,close,volume
2025-11-12 14:30:00+00:00,624.8400268554688,624.8400268554688,621.4000244140625,621.5900268554688,2873660
2025-11-12 14:45:00+00:00,621.5900268554688,621.8862915039062,619.5999755859375,620.35009765625,1988370
2025-11-12 15:00:00+00:00,620.3599853515625,621.9600219726562,620.0900268554688,620.3599853515625,1653351
2025-11-12 15:15:00+00:00,620.3800048828125,621.1699829101562,619.8900146484375,620.8099975585938,1049635
2025-11-12 15:30:00+00:00,620.8200073242188,621.02001953125,618.8400268554688,620.4000244140625,1499790
2025-11-12 15:45:00+00:00,620.409912109375,620.719970703125,618.9299926757812,619.4099731445312,1071983
2025-11-12 16:00:00+00:00,619.4500122070312,619.7100219726562,617.97998046875,618.3250122070312,1105260
2025-11-12 16:15:00+00:00,618.3250122070312,620.2000122070312,618.3250122070312,620.0313110351562,992308
2025-11-12 16:30:00+00:00,620.030029296875,620.6599731445312,619.1885986328125,619.2498779296875,944183
2025-11-12 16:45:00+00:00,619.3099975585938,619.6699829101562,617.8099975585938,618.8499755859375,1047117
2025-11-12 17:00:00+00:00,618.8400268554688,619.6500854492188,618.5599975585938,619.4199829101562,663784
2025-11-12 17:15:00+00:00,619.4149780273438,619.9000244140625,618.5999755859375,619.4299926757812,562733
2025-11-12 17:30:00+00:00,619.4099731445312,621.1599731445312,619.3400268554688,620.3800048828125,710280
2025-11-12 17:45:00+00:00,620.4199829101562,620.9099731445312,619.31201171875,620.7100219726562,10639269
2025-11-12 18:00:00+00:00,620.719970703125,620.8800048828125,620.0999755859375,620.7899780273438,670788
2025-11-12 18:15:00+00:00,620.780029296875,621.1799926757812,620.3167114257812,620.7449951171875,681948
2025-11-12 18:30:00+00:00,620.7301025390625,621.405029296875,620.580322265625,620.760009765625,724674
2025-11-12 18:45:00+00:00,620.760009765625,621.1500244140625,620.2000122070312,620.8101196289062,812136
2025-11-12 19:00:00+00:00,620.8300170898438,621.0914916992188,620.260009765625,620.2849731445312,564688
2025-11-12 19:15:00+00:00,620.3200073242188,620.6209716796875,619.719970703125,620.02001953125,14848260
2025-11-12 19:30:00+00:00,620.030029296875,620.4400024414062,619.3599853515625,620.0700073242188,346381
2025-11-12 19:45:00+00:00,620.0798950195312,620.5399780273438,619.6900024414062,620.031494140625,526025
2025-11-12 20:00:00+00:00,619.97998046875,620.0900268554688,619.1599731445312,619.5900268554688,638023
2025-11-12 20:15:00+00:00,619.5900268554688,620.6099853515625,619.3099975585938,620.5399780273438,596930
2025-11-12 20:30:00+00:00,620.5499877929688,621.4199829101562,620.3800048828125,621.0499877929688,782066
2025-11-12 20:45:00+00:00,621.0549926757812,621.7000122070312,620.2899780273438,621.0800170898438,1794934
2025-11-13 14:30:00+00:00,617.5650024414062,618.1199951171875,612.9949951171875,613.10009765625,3279563
2025-11-13 14:45:00+00:00,613.0999755859375,616.1300048828125,612.8400268554688,615.25,1947261
2025-11-13 15:00:00+00:00,615.2899780273438,617.530029296875,613.8800048828125,617.3699951171875,1746789
2025-11-13 15:15:00+00:00,617.3400268554688,618.0399780273438,614.9949951171875,615.3099975585938,1455674
2025-11-13 15:30:00+00:00,615.3200073242188,615.3499755859375,612.97998046875,613.1300048828125,1468355
2025-11-13 15:45:00+00:00,613.1300048828125,613.2100219726562,610.7999877929688,612.3099975585938,2057247
2025-11-13 16:00:00+00:00,612.2901000976562,612.77001953125,610.6900024414062,611.5700073242188,1567142
2025-11-13 16:15:00+00:00,611.5399780273438,612.1900024414062,610.4400024414062,611.469970703125,1377629
2025-11-13 16:30:00+00:00,611.4000244140625,612.4099731445312,609.8800048828125,610.2899780273438,1544876
2025-11-13 16:45:00+00:00,610.27001953125,611.3699951171875,609.9600219726562,610.6799926757812,1358007
2025-11-13 17:00:00+00:00,610.6199951171875,611.6900024414062,609.6799926757812,610.219970703125,1497377
2025-11-13 17:15:00+00:00,610.219970703125,612.010009765625,610.219970703125,611.6699829101562,1433242
2025-11-13 17:30:00+00:00,611.6300048828125,612.1799926757812,610.5599975585938,610.6099243164062,961521
2025-11-13 17:45:00+00:00,610.5599975585938,610.6599731445312,609.0499877929688,609.3200073242188,1245735
2025-11-13 18:00:00+00:00,609.3800048828125,610.0,608.8099975585938,609.72998046875,1165872
2025-11-13 18:15:00+00:00,609.719970703125,609.9000244140625,607.510009765625,607.8099975585938,1191217
2025-11-13 18:30:00+00:00,607.7999877929688,607.8099975585938,606.3200073242188,607.5,1447986
2025-11-13 18:45:00+00:00,607.489990234375,607.9500122070312,606.9099731445312,607.7399291992188,1100807
2025-11-13 19:00:00+00:00,607.719970703125,608.0,606.47998046875,606.6799926757812,1040952
2025-11-13 19:15:00+00:00,606.7100219726562,609.0700073242188,606.4600219726562,608.97998046875,1388577
2025-11-13 19:30:00+00:00,608.97998046875,609.25,607.5599975585938,608.22998046875,1120784
2025-11-13 19:45:00+00:00,608.2100219726562,608.52001953125,606.0855102539062,607.3300170898438,1352154
2025-11-13 20:00:00+00:00,607.3200073242188,607.9600219726562,606.6599731445312,607.5800170898438,20913677
2025-11-13 20:15:00+00:00,607.5999755859375,607.9600219726562,606.4000244140625,607.7899780273438,1532113
2025-11-13 20:30:00+00:00,607.7999877929688,609.530029296875,607.5900268554688,608.8820190429688,1878235
2025-11-13 20:45:00+00:00,608.8599853515625,609.2899780273438,606.8300170898438,608.291015625,3820857
2025-11-14 14:30:00+00:00,599.5499877929688,602.5,597.1699829101562,602.2750244140625,6941257
2025-11-14 14:45:00+00:00,602.27001953125,605.5399780273438,601.9000244140625,605.1798706054688,3661269
2025-11-14 15:00:00+00:00,605.1400146484375,605.8699951171875,602.9299926757812,603.7000122070312,2546078
2025-11-14 15:15:00+00:00,603.6799926757812,606.9299926757812,603.5700073242188,606.47998046875,2333162
2025-11-14 15:30:00+00:00,606.52001953125,608.6699829101562,605.719970703125,608.5598754882812,2348650
2025-11-14 15:45:00+00:00,608.5,610.5700073242188,608.3400268554688,609.72998046875,2366407
2025-11-14 16:00:00+00:00,609.72998046875,610.1599731445312,607.9349975585938,609.0999755859375,1294744
2025-11-14 16:15:00+00:00,609.1300048828125,612.739990234375,609.1179809570312,612.0800170898438,1640315
2025-11-14 16:30:00+00:00,612.1199951171875,612.7000122070312,611.1599731445312,611.4299926757812,1705289
2025-11-14 16:45:00+00:00,611.4099731445312,612.5150146484375,610.5499877929688,612.280029296875,1314821
2025-11-14 17:00:00+00:00,612.22998046875,613.3499755859375,611.6300048828125,613.02001953125,1102824
2025-11-14 17:15:00+00:00,613.02001953125,613.1400146484375,611.8599853515625,612.6300048828125,1067828
2025-11-14 17:30:00+00:00,612.6300048828125,613.1300048828125,611.7000122070312,612.1699829101562,1168955
2025-11-14 17:45:00+00:00,612.1799926757812,612.6599731445312,610.1500244140625,611.1749877929688,1045333
2025-11-14 18:00:00+00:00,611.1500244140625,611.6799926757812,609.1900024414062,611.5700073242188,1351845
2025-11-14 18:15:00+00:00,611.5700073242188,611.5800170898438,609.2100219726562,610.27001953125,1010180
2025-11-14 18:30:00+00:00,610.22998046875,610.8200073242188,608.3800048828125,608.5599975585938,1113885
2025-11-14 18:45:00+00:00,608.5499877929688,611.02001953125,608.4199829101562,610.4099731445312,985810
2025-11-14 19:00:00+00:00,610.3900146484375,610.6900024414062,609.27001953125,609.9299926757812,824340
2025-11-14 19:15:00+00:00,609.9400024414062,611.60498046875,609.9000244140625,611.1749877929688,796174
2025-11-14 19:30:00+00:00,611.1699829101562,611.52001953125,610.6900024414062,611.1500244140625,748903
2025-11-14 19:45:00+00:00,611.2000122070312,612.0999755859375,611.1500244140625,611.781982421875,912604
2025-11-14 20:00:00+00:00,611.8150024414062,612.3400268554688,610.6599731445312,610.7999877929688,908691
2025-11-14 20:15:00+00:00,610.8099975585938,610.969970703125,609.25,609.6920166015625,1123333
2025-11-14 20:30:00+00:00,609.6699829101562,610.2100219726562,608.780029296875,608.8800048828125,1878681
2025-11-14 20:45:00+00:00,608.8800048828125,609.3800048828125,607.97998046875,608.8099975585938,2851322
2025-11-17 14:30:00+00:00,606.280029296875,611.1699829101562,605.239990234375,610.1898803710938,3807179
2025-11-17 14:45:00+00:00,610.1900024414062,612.47998046875,610.030029296875,611.1699829101562,1787932
2025-11-17 15:00:00+00:00,611.1599731445312,611.5800170898438,607.8200073242188,609.3900756835938,1882736
2025-11-17 15:15:00+00:00,609.4500122070312,610.1300048828125,607.7000122070312,609.6799926757812,1332839
2025-11-17 15:30:00+00:00,609.6500244140625,610.1099853515625,607.760009765625,609.6300048828125,1605528
2025-11-17 15:45:00+00:00,609.6300048828125,609.969970703125,607.7999877929688,608.3200073242188,1306400
2025-11-17 16:00:00+00:00,608.2999877929688,608.6799926757812,605.8214721679688,606.0700073242188,1253335
2025-11-17 16:15:00+00:00,606.0700073242188,608.0999755859375,605.0399780273438,608.0460205078125,1501707
2025-11-17 16:30:00+00:00,608.0599975585938,610.0800170898438,607.9299926757812,609.72998046875,1565378
2025-11-17 16:45:00+00:00,609.739990234375,611.1699829101562,609.52001953125,611.0800170898438,906945
2025-11-17 17:00:00+00:00,611.0700073242188,611.1400146484375,609.8900146484375,610.280029296875,956303
2025-11-17 17:15:00+00:00,610.27001953125,610.3400268554688,609.3099975585938,609.9500122070312,725790
2025-11-17 17:30:00+00:00,609.9600219726562,610.3099975585938,608.114990234375,608.1649780273438,13028416
2025-11-17 17:45:00+00:00,608.1900024414062,608.239990234375,606.2899169921875,606.3699951171875,533493
2025-11-17 18:00:00+00:00,606.3900146484375,606.64501953125,605.260009765625,606.030029296875,1500624
2025-11-17 18:15:00+00:00,606.0499877929688,606.7188110351562,605.5499877929688,605.9400024414062,778518
2025-11-17 18:30:00+00:00,605.8800048828125,606.4199829101562,605.3400268554688,606.3300170898438,758095
2025-11-17 18:45:00+00:00,606.2899780273438,607.5900268554688,603.6199951171875,603.8150024414062,1245896
2025-11-17 19:00:00+00:00,603.8300170898438,604.219970703125,602.739990234375,603.4299926757812,1403193
2025-11-17 19:15:00+00:00,603.5,603.5599975585938,602.1115112304688,603.1300048828125,936746
2025-11-17 19:30:00+00:00,603.1300048828125,603.5549926757812,600.989990234375,601.9600219726562,1164202
2025-11-17 19:45:00+00:00,601.9400024414062,602.0599975585938,600.4013061523438,600.4591064453125,1106440
2025-11-17 20:00:00+00:00,600.4299926757812,601.4400024414062,599.8699951171875,600.3499755859375,19594569
2025-11-17 20:15:00+00:00,600.3900146484375,601.7999877929688,600.1599731445312,601.239990234375,1281617
2025-11-17 20:30:00+00:00,601.22998046875,601.8400268554688,600.5599975585938,601.4400024414062,1347471
2025-11-17 20:45:00+00:00,601.4099731445312,603.72998046875,601.3599853515625,603.6400146484375,3568324
2025-11-18 14:30:00+00:00,599.6199951171875,602.3099975585938,597.8499755859375,598.0499877929688,5159557
2025-11-18 14:45:00+00:00,598.030029296875,600.0700073242188,594.7999877929688,594.8599853515625,3862197
2025-11-18 15:00:00+00:00,594.8300170898438,595.989990234375,592.5900268554688,594.969970703125,4593705
2025-11-18 15:15:00+00:00,594.9500122070312,596.9199829101562,592.72998046875,595.3599853515625,3424437
2025-11-18 15:30:00+00:00,595.3800048828125,596.489990234375,593.0999755859375,594.219970703125,2721687
2025-11-18 15:45:00+00:00,594.2100219726562,595.0,592.7949829101562,593.280029296875,1991229
2025-11-18 16:00:00+00:00,593.2899780273438,595.9099731445312,591.3400268554688,595.030029296875,2735467
2025-11-18 16:15:00+00:00,595.02001953125,598.3250732421875,594.0,597.8699951171875,2367194
2025-11-18 16:30:00+00:00,597.8699951171875,599.0,597.4000244140625,598.6199951171875,1924172
2025-11-18 16:45:00+00:00,598.5499877929688,599.0499877929688,597.1500244140625,598.030029296875,1408751
2025-11-18 17:00:00+00:00,597.9600219726562,598.9299926757812,596.4600219726562,596.5499877929688,1263285
2025-11-18 17:15:00+00:00,596.5399780273438,597.5900268554688,594.9630126953125,595.1292114257812,1346569
2025-11-18 17:30:00+00:00,595.0800170898438,599.905029296875,594.0999755859375,599.6099853515625,1854050
2025-11-18 17:45:00+00:00,599.6400146484375,601.1300048828125,598.239990234375,600.4000244140625,1582475
2025-11-18 18:00:00+00:00,600.4149780273438,601.3499755859375,599.989990234375,600.52001953125,1035247
2025-11-18 18:15:00+00:00,600.5499877929688,601.010009765625,599.6699829101562,599.7999267578125,976462
2025-11-18 18:30:00+00:00,599.7999877929688,601.5700073242188,599.47998046875,600.3300170898438,1011257
2025-11-18 18:45:00+00:00,600.3400268554688,601.6300048828125,598.9500122070312,599.35009765625,1163828
2025-11-18 19:00:00+00:00,599.3800048828125,600.9199829101562,599.1799926757812,600.5250244140625,1008983
2025-11-18 19:15:00+00:00,600.5250244140625,600.7999877929688,598.968994140625,599.4000244140625,22357464
2025-11-18 19:30:00+00:00,599.4299926757812,601.7899780273438,598.7919921875,600.030029296875,1103026
2025-11-18 19:45:00+00:00,600.0499877929688,601.5900268554688,599.3099975585938,600.9600219726562,886857
2025-11-18 20:00:00+00:00,600.969970703125,601.4400024414062,599.1199951171875,599.5700073242188,997894
2025-11-18 20:15:00+00:00,599.5700073242188,600.239990234375,597.8400268554688,598.989990234375,1264014
2025-11-18 20:30:00+00:00,598.9500122070312,599.3499755859375,598.02001953125,598.093505859375,1049425
2025-11-18 20:45:00+00:00,598.0900268554688,598.8400268554688,596.2000122070312,596.3099975585938,2907388
2025-11-19 14:30:00+00:00,597.0700073242188,600.619873046875,596.1500244140625,600.260009765625,3293949
2025-11-19 14:45:00+00:00,600.260009765625,604.0800170898438,599.780029296875,603.8900146484375,2065653
2025-11-19 15:00:00+00:00,603.9000244140625,605.3099975585938,603.5800170898438,605.0700073242188,2902456
2025-11-19 15:15:00+00:00,605.0700073242188,606.1599731445312,604.7913208007812,605.3599243164062,2039045
2025-11-19 15:30:00+00:00,605.3599853515625,605.719970703125,603.7899780273438,604.3599853515625,1524471
2025-11-19 15:45:00+00:00,604.3599853515625,604.3599853515625,600.3800048828125,600.9149780273438,2240900
2025-11-19 16:00:00+00:00,600.905029296875,601.3099975585938,599.0599975585938,599.5999755859375,1993633
2025-11-19 16:15:00+00:00,599.5900268554688,600.6099853515625,598.27001953125,599.4000244140625,2127737
2025-11-19 16:30:00+00:00,599.4099731445312,599.8099975585938,598.02001953125,598.7999877929688,1172004
2025-11-19 16:45:00+00:00,598.77001953125,599.7000122070312,597.989990234375,599.5999755859375,1496732
2025-11-19 17:00:00+00:00,599.5999755859375,599.7399291992188,596.8264770507812,597.0499877929688,1132569
2025-11-19 17:15:00+00:00,597.1500244140625,597.9600219726562,596.3499755859375,597.5700073242188,1417983
2025-11-19 17:30:00+00:00,597.530029296875,597.8300170898438,594.5900268554688,597.1699829101562,1510024
2025-11-19 17:45:00+00:00,597.1599731445312,598.1900024414062,595.97998046875,597.6400146484375,909151
2025-11-19 18:00:00+00:00,597.6199951171875,598.905029296875,597.0399780273438,598.4000244140625,962200
2025-11-19 18:15:00+00:00,598.47998046875,598.6546020507812,596.6900024414062,596.75,971536
2025-11-19 18:30:00+00:00,596.75,599.6099853515625,596.4909057617188,597.635009765625,1122059
2025-11-19 18:45:00+00:00,597.6300048828125,599.3499755859375,596.8300170898438,598.9600219726562,722368
2025-11-19 19:00:00+00:00,598.969970703125,599.219970703125,597.5700073242188,598.4849853515625,1278158
2025-11-19 19:15:00+00:00,598.47998046875,598.719970703125,596.260009765625,596.6400146484375,1150408
2025-11-19 19:30:00+00:00,596.6400146484375,597.1951904296875,596.0999755859375,596.674072265625,790682
2025-11-19 19:45:00+00:00,596.6900024414062,599.2150268554688,596.3200073242188,598.2100219726562,1073405
2025-11-19 20:00:00+00:00,598.1699829101562,599.4199829101562,597.8800048828125,599.3270263671875,957537
2025-11-19 20:15:00+00:00,599.344970703125,601.739990234375,599.344970703125,600.9099731445312,1530623
2025-11-19 20:30:00+00:00,600.9349975585938,602.3399047851562,600.3300170898438,600.8400268554688,1335874
2025-11-19 20:45:00+00:00,600.8250122070312,600.9099731445312,598.9000854492188,599.8099975585938,2070132
2025-11-20 14:30:00+00:00,611.6300048828125,612.3499755859375,610.1099853515625,611.6400146484375,5776879
2025-11-20 14:45:00+00:00,611.6300048828125,613.5601196289062,610.64990234375,613.1599731445312,2585608
2025-11-20 15:00:00+00:00,613.1900024414062,613.7899780273438,610.4099731445312,611.0,2735537
2025-11-20 15:15:00+00:00,610.97998046875,613.030029296875,610.3499755859375,612.780029296875,1647806
2025-11-20 15:30:00+00:00,612.780029296875,614.02001953125,612.3499755859375,613.719970703125,1834289
2025-11-20 15:45:00+00:00,613.7100219726562,613.7999877929688,610.3499755859375,610.4744873046875,1531684
2025-11-20 16:00:00+00:00,610.489990234375,610.530029296875,606.7000122070312,606.8200073242188,2427971
2025-11-20 16:15:00+00:00,606.8300170898438,606.8499755859375,603.8400268554688,604.2899780273438,4565244
2025-11-20 16:30:00+00:00,604.2999877929688,604.8300170898438,600.02001953125,600.2999877929688,3136210
2025-11-20 16:45:00+00:00,600.2899780273438,601.7899780273438,594.739990234375,595.7650146484375,4774952
2025-11-20 17:00:00+00:00,595.75,597.9099731445312,592.7000122070312,594.1900024414062,3761612
2025-11-20 17:15:00+00:00,594.1849975585938,594.3300170898438,590.9299926757812,593.22998046875,3049217
2025-11-20 17:30:00+00:00,593.1900024414062,594.5,589.8300170898438,590.9500122070312,3088652
2025-11-20 17:45:00+00:00,590.97998046875,592.7100219726562,589.8300170898438,591.9343872070312,3233125
2025-11-20 18:00:00+00:00,591.9400024414062,596.75,591.2100219726562,596.72998046875,3955960
2025-11-20 18:15:00+00:00,596.7487182617188,596.8900756835938,593.6199951171875,594.489990234375,2445913
2025-11-20 18:30:00+00:00,594.4600219726562,595.030029296875,590.489990234375,590.6199951171875,1880041
2025-11-20 18:45:00+00:00,590.6199951171875,590.7999877929688,588.0999755859375,589.1599731445312,2072634
2025-11-20 19:00:00+00:00,589.1500244140625,589.6099853515625,587.3400268554688,588.9199829101562,2041778
2025-11-20 19:15:00+00:00,588.9500122070312,591.3699951171875,588.27001953125,590.780029296875,1914544
2025-11-20 19:30:00+00:00,590.739990234375,590.739990234375,588.6799926757812,590.2899169921875,1835717
2025-11-20 19:45:00+00:00,590.219970703125,592.0999755859375,588.8099975585938,591.97998046875,1421798
2025-11-20 20:00:00+00:00,591.9600219726562,591.9600219726562,588.8699951171875,589.5800170898438,1737406
2025-11-20 20:15:00+00:00,589.5399780273438,590.77001953125,588.219970703125,589.4299926757812,1472088
2025-11-20 20:30:00+00:00,589.4400024414062,589.9000244140625,585.8300170898438,586.22998046875,1984655
2025-11-20 20:45:00+00:00,586.22998046875,586.9099731445312,584.75,585.5599975585938,3487094
2025-11-21 14:30:00+00:00,587.510009765625,589.3400268554688,586.27001953125,587.0549926757812,12049428
2025-11-21 14:45:00+00:00,587.1500244140625,589.77001953125,585.02001953125,586.8920288085938,2682727
2025-11-21 15:00:00+00:00,586.9099731445312,588.0999755859375,584.3599853515625,585.030029296875,2676779
2025-11-21 15:15:00+00:00,585.02001953125,587.510009765625,583.1699829101562,583.5999755859375,18376393
2025-11-21 15:30:00+00:00,583.6099853515625,584.6300048828125,580.739990234375,583.27001953125,2235293
2025-11-21 15:45:00+00:00,583.25,585.0999755859375,582.530029296875,583.0599975585938,1973377
2025-11-21 16:00:00+00:00,583.010009765625,584.6500244140625,580.9500122070312,584.02001953125,2007839
2025-11-21 16:15:00+00:00,584.030029296875,586.844970703125,582.3300170898438,586.780029296875,1604796
2025-11-21 16:30:00+00:00,586.77001953125,588.2899780273438,585.9400024414062,587.9099731445312,2172918
2025-11-21 16:45:00+00:00,587.9199829101562,591.6156005859375,587.02001953125,591.5900268554688,4328134
2025-11-21 17:00:00+00:00,591.5900268554688,592.0549926757812,590.1300048828125,591.2100219726562,1608741
2025-11-21 17:15:00+00:00,591.27001953125,592.0499877929688,589.9600219726562,591.239990234375,1293635
2025-11-21 17:30:00+00:00,591.22998046875,592.6099853515625,590.8200073242188,592.030029296875,1086470
2025-11-21 17:45:00+00:00,592.030029296875,592.4000244140625,590.5999755859375,591.02001953125,1111472
2025-11-21 18:00:00+00:00,591.0399780273438,591.280029296875,588.1099853515625,588.1900024414062,1274076
2025-11-21 18:15:00+00:00,588.2000122070312,589.22998046875,587.469970703125,588.9400024414062,30308692
2025-11-21 18:30:00+00:00,588.9400024414062,591.989990234375,588.5599975585938,591.8400268554688,1669909
2025-11-21 18:45:00+00:00,591.8699951171875,596.030029296875,591.4400024414062,594.0499877929688,2258263
2025-11-21 19:00:00+00:00,594.0800170898438,596.239990234375,593.9199829101562,595.4099731445312,35063305
2025-11-21 19:15:00+00:00,595.4199829101562,596.97998046875,595.030029296875,596.5800170898438,801135
2025-11-21 19:30:00+00:00,596.5900268554688,596.9000244140625,594.52001953125,594.8200073242188,1445068
2025-11-21 19:45:00+00:00,594.8200073242188,595.2000122070312,592.8599853515625,593.6400146484375,38237949
2025-11-21 20:00:00+00:00,593.6300048828125,594.5599975585938,593.22998046875,594.0999755859375,1035674
2025-11-21 20:15:00+00:00,594.0800170898438,594.510009765625,591.9500122070312,591.9600219726562,1120926
2025-11-21 20:30:00+00:00,591.9299926757812,593.5250244140625,591.0900268554688,591.9400024414062,1759591
2025-11-21 20:45:00+00:00,591.9400024414062,593.1900024414062,589.4400024414062,590.1500244140625,3721715
2025-11-24 14:30:00+00:00,595.239990234375,600.0599975585938,595.1599731445312,597.719970703125,4267031
2025-11-24 14:45:00+00:00,597.7000122070312,599.280029296875,596.6500244140625,599.1699829101562,2107045
2025-11-24 15:00:00+00:00,599.1900024414062,601.260009765625,598.6900024414062,600.3800048828125,2152160
2025-11-24 15:15:00+00:00,600.4400024414062,600.8200073242188,599.1199951171875,600.52001953125,1366874
2025-11-24 15:30:00+00:00,600.4949951171875,602.1300048828125,599.8200073242188,601.9099731445312,1432410
2025-11-24 15:45:00+00:00,601.9199829101562,602.3798217773438,601.030029296875,601.5,1067410
2025-11-24 16:00:00+00:00,601.4840087890625,603.7100219726562,601.4749755859375,603.5599975585938,1380423
2025-11-24 16:15:00+00:00,603.5701293945312,603.9592895507812,603.1300048828125,603.5499877929688,1176919
2025-11-24 16:30:00+00:00,603.52001953125,603.9099731445312,602.9500122070312,603.739990234375,972568
2025-11-24 16:45:00+00:00,603.72998046875,604.1400146484375,602.7999877929688,603.0999755859375,1032802
2025-11-24 17:00:00+00:00,603.1099853515625,603.5681762695312,602.6799926757812,602.969970703125,795259
2025-11-24 17:15:00+00:00,602.9600219726562,604.2100219726562,602.844970703125,604.02001953125,619163
2025-11-24 17:30:00+00:00,604.010009765625,605.25,603.9600219726562,604.9000244140625,1004183
2025-11-24 17:45:00+00:00,604.905029296875,605.3699951171875,604.719970703125,604.9000244140625,742232
2025-11-24 18:00:00+00:00,604.9000244140625,605.6998901367188,604.9000244140625,605.5106201171875,764885
2025-11-24 18:15:00+00:00,605.510009765625,605.614990234375,605.02001953125,605.1599731445312,659811
2025-11-24 18:30:00+00:00,605.1500244140625,605.3599853515625,604.739990234375,605.1550903320312,695263
2025-11-24 18:45:00+00:00,605.1400146484375,605.4000244140625,604.9099731445312,605.0399780273438,571351
2025-11-24 19:00:00+00:00,605.010009765625,605.8900146484375,604.97998046875,605.6400146484375,717148
2025-11-24 19:15:00+00:00,605.6500244140625,605.77001953125,605.1099853515625,605.2050170898438,581243
2025-11-24 19:30:00+00:00,605.22998046875,605.3300170898438,604.469970703125,604.780029296875,1089617
2025-11-24 19:45:00+00:00,604.7899780273438,605.0700073242188,604.239990234375,604.72998046875,698337
2025-11-24 20:00:00+00:00,604.72998046875,605.6699829101562,604.719970703125,605.3726196289062,886175
2025-11-24 20:15:00+00:00,605.385009765625,605.9099731445312,605.02001953125,605.2999877929688,787583
2025-11-24 20:30:00+00:00,605.27001953125,605.905029296875,605.0599975585938,605.8200073242188,845502
2025-11-24 20:45:00+00:00,605.8300170898438,606.6799926757812,605.1099853515625,605.2899780273438,3839876
2025-11-25 14:30:00+00:00,603.4949951171875,604.0,600.1699829101562,600.4000244140625,4293739
2025-11-25 14:45:00+00:00,600.3800048828125,602.760009765625,597.3300170898438,602.5,3476089
2025-11-25 15:00:00+00:00,602.5800170898438,602.6300048828125,598.6300048828125,600.6500244140625,2391916
2025-11-25 15:15:00+00:00,600.719970703125,601.77001953125,599.739990234375,601.6605834960938,1539287
2025-11-25 15:30:00+00:00,601.6400146484375,603.2100219726562,601.219970703125,603.2100219726562,1530466
2025-11-25 15:45:00+00:00,603.22998046875,603.9000244140625,601.2100830078125,602.5599975585938,1333954
2025-11-25 16:00:00+00:00,602.5399780273438,602.6799926757812,601.5,601.7100219726562,1223990
2025-11-25 16:15:00+00:00,601.6900024414062,604.0999755859375,601.5,603.4199829101562,937214
2025-11-25 16:30:00+00:00,603.4099731445312,604.260009765625,603.2000122070312,603.8599853515625,800912
2025-11-25 16:45:00+00:00,603.8599853515625,604.8400268554688,603.0999755859375,604.5093994140625,903065
2025-11-25 17:00:00+00:00,604.510009765625,605.7999877929688,604.4000244140625,605.7559814453125,1003507
2025-11-25 17:15:00+00:00,605.780029296875,607.3699951171875,605.360107421875,606.75,1194974
2025-11-25 17:30:00+00:00,606.739990234375,608.4199829101562,606.7000122070312,607.75,1368052
2025-11-25 17:45:00+00:00,607.739990234375,608.0599975585938,606.3800048828125,606.6099853515625,843583
2025-11-25 18:00:00+00:00,606.6400146484375,607.3599853515625,606.5399780273438,606.969970703125,649051
2025-11-25 18:15:00+00:00,606.9749755859375,607.5250244140625,606.6799926757812,607.5150146484375,665914
2025-11-25 18:30:00+00:00,607.5250244140625,607.64501953125,606.989990234375,607.260009765625,484984
2025-11-25 18:45:00+00:00,607.27001953125,608.1699829101562,607.27001953125,607.5599975585938,530533
2025-11-25 19:00:00+00:00,607.510009765625,607.77001953125,607.0399780273438,607.1649780273438,499486
2025-11-25 19:15:00+00:00,607.1699829101562,607.260009765625,605.8699951171875,606.5200805664062,879183
2025-11-25 19:30:00+00:00,606.5599975585938,606.6699829101562,605.469970703125,606.14501953125,17952106
2025-11-25 19:45:00+00:00,606.1400146484375,607.4500122070312,605.8200073242188,607.2999877929688,650701
2025-11-25 20:00:00+00:00,607.3099975585938,608.0700073242188,607.280029296875,607.6950073242188,846424
2025-11-25 20:15:00+00:00,607.7000732421875,608.25,607.5700073242188,608.125,759387
2025-11-25 20:30:00+00:00,608.1400146484375,609.0499877929688,608.1087036132812,608.8699951171875,1283852
2025-11-25 20:45:00+00:00,608.8800048828125,610.2600708007812,608.6699829101562,608.9000244140625,2514406
2025-11-26 14:30:00+00:00,612.5,613.6599731445312,611.7020263671875,612.760009765625,2650248
2025-11-26 14:45:00+00:00,612.77001953125,613.8966064453125,610.8900146484375,611.174072265625,1431301
2025-11-26 15:00:00+00:00,611.1599731445312,612.52001953125,610.4000244140625,611.4000244140625,1421770
2025-11-26 15:15:00+00:00,611.3634033203125,612.2000122070312,610.5700073242188,611.719970703125,1096112
2025-11-26 15:30:00+00:00,611.8200073242188,613.2100219726562,611.780029296875,612.6099853515625,878218
2025-11-26 15:45:00+00:00,612.5900268554688,613.6699829101562,611.7899780273438,613.6099853515625,779934
2025-11-26 16:00:00+00:00,613.6099853515625,614.5399780273438,613.5,614.2000122070312,1068405
2025-11-26 16:15:00+00:00,614.219970703125,615.309814453125,614.1500244140625,614.9301147460938,876270
2025-11-26 16:30:00+00:00,615.010009765625,616.1900024414062,614.5910034179688,615.9249877929688,876717
2025-11-26 16:45:00+00:00,615.9400024414062,615.989990234375,615.2100219726562,615.6799926757812,590817
2025-11-26 17:00:00+00:00,615.7100219726562,615.8381958007812,614.72998046875,614.9949951171875,759586
2025-11-26 17:15:00+00:00,614.989990234375,615.5,614.6799926757812,615.3049926757812,576633
2025-11-26 17:30:00+00:00,615.3099975585938,616.0399780273438,615.2449951171875,615.97998046875,525918
2025-11-26 17:45:00+00:00,615.989990234375,616.0599975585938,615.1699829101562,615.3187255859375,649853
2025-11-26 18:00:00+00:00,615.3200073242188,615.75,613.9500122070312,615.0894165039062,859080
2025-11-26 18:15:00+00:00,615.1400146484375,615.8300170898438,614.4758911132812,615.52001953125,640791
2025-11-26 18:30:00+00:00,615.5250244140625,615.5499877929688,614.171875,614.2156982421875,533405
2025-11-26 18:45:00+00:00,614.1799926757812,615.1099853515625,614.0499877929688,614.77001953125,462118
2025-11-26 19:00:00+00:00,614.77001953125,615.3099975585938,614.3200073242188,615.0700073242188,494872
2025-11-26 19:15:00+00:00,615.0499877929688,615.52001953125,614.9400024414062,615.469970703125,356432
2025-11-26 19:30:00+00:00,615.47998046875,615.719970703125,614.6699829101562,614.8800048828125,561366
2025-11-26 19:45:00+00:00,614.9199829101562,615.22998046875,614.5900268554688,615.1599731445312,361569
2025-11-26 20:00:00+00:00,615.1699829101562,615.72998046875,614.8400268554688,615.7039184570312,489519
2025-11-26 20:15:00+00:00,615.72998046875,615.8499755859375,615.47998046875,615.5100708007812,676362
2025-11-26 20:30:00+00:00,615.510009765625,615.6300048828125,615.0800170898438,615.2901000976562,675006
2025-11-26 20:45:00+00:00,615.3099975585938,615.4799194335938,614.27001953125,614.3099975585938,2454319
2025-11-28 14:30:00+00:00,616.1099853515625,617.5800170898438,615.4174194335938,616.0399780273438,1896483
2025-11-28 14:45:00+00:00,616.0499877929688,617.0399780273438,615.6699829101562,616.3099975585938,847061
2025-11-28 15:00:00+00:00,616.3099975585938,616.8200073242188,615.9099731445312,616.60498046875,903864
2025-11-28 15:15:00+00:00,616.6400146484375,617.1389770507812,616.0599975585938,616.3099975585938,771044
2025-11-28 15:30:00+00:00,616.3099975585938,616.9500122070312,616.0850219726562,616.7899780273438,630014
2025-11-28 15:45:00+00:00,616.7899780273438,617.5700073242188,616.5599975585938,617.2949829101562,576149
2025-11-28 16:00:00+00:00,617.2969970703125,617.9287719726562,617.030029296875,617.7640991210938,629772
2025-11-28 16:15:00+00:00,617.75,617.9400024414062,616.280029296875,616.780029296875,780535
2025-11-28 16:30:00+00:00,616.780029296875,617.52001953125,616.4199829101562,617.1799926757812,798085
2025-11-28 16:45:00+00:00,617.1900024414062,617.8300170898438,617.0534057617188,617.6799926757812,626550
2025-11-28 17:00:00+00:00,617.6699829101562,618.0,617.1699829101562,617.7650146484375,586666
2025-11-28 17:15:00+00:00,617.7899169921875,617.8800048828125,617.3599853515625,617.52001953125,811626
2025-11-28 17:30:00+00:00,617.52001953125,617.6400146484375,616.9199829101562,616.9301147460938,883269
2025-11-28 17:45:00+00:00,616.9299926757812,619.239990234375,616.9099731445312,619.1900024414062,2132501
2025-12-01 14:30:00+00:00,613.6300048828125,615.1799926757812,612.52001953125,613.360107421875,3706218
2025-12-01 14:45:00+00:00,613.4000244140625,616.6300048828125,613.201416015625,616.260009765625,1973950
2025-12-01 15:00:00+00:00,616.280029296875,616.851318359375,615.5,616.0305786132812,1475878
2025-12-01 15:15:00+00:00,616.0499877929688,616.5,614.9299926757812,615.2899780273438,925298
2025-12-01 15:30:00+00:00,615.3099975585938,616.156494140625,613.94873046875,615.5407104492188,1097870
2025-12-01 15:45:00+00:00,615.5599975585938,617.6087036132812,615.219970703125,617.4381713867188,1023539
2025-12-01 16:00:00+00:00,617.4299926757812,617.5700073242188,615.780029296875,615.9199829101562,804431
2025-12-01 16:15:00+00:00,615.9099731445312,616.889892578125,615.280029296875,616.6799926757812,689819
2025-12-01 16:30:00+00:00,616.6799926757812,617.9600219726562,616.6599731445312,617.7000122070312,601596
2025-12-01 16:45:00+00:00,617.7000122070312,618.3599853515625,617.6199951171875,617.9600219726562,610520
2025-12-01 17:00:00+00:00,617.989990234375,618.75,617.9199829101562,618.1699829101562,558328
2025-12-01 17:15:00+00:00,618.1749877929688,618.5969848632812,617.4819946289062,618.4232788085938,568962
2025-12-01 17:30:00+00:00,618.4199829101562,619.1099853515625,618.1300048828125,619.1099853515625,447140
2025-12-01 17:45:00+00:00,619.1099853515625,619.4401245117188,618.3300170898438,618.3499755859375,560406
2025-12-01 18:00:00+00:00,618.3499755859375,619.1599731445312,618.2744140625,618.969970703125,402989
2025-12-01 18:15:00+00:00,618.9500122070312,619.0701293945312,618.4500122070312,618.64990234375,348282
2025-12-01 18:30:00+00:00,618.6900024414062,618.989990234375,618.5999755859375,618.8400268554688,299184
2025-12-01 18:45:00+00:00,618.8300170898438,619.3599853515625,618.6900024414062,619.2150268554688,545784
2025-12-01 19:00:00+00:00,619.2100219726562,619.2449951171875,617.9099731445312,618.3049926757812,622713
2025-12-01 19:15:00+00:00,618.3099975585938,618.3099975585938,616.9197998046875,617.02001953125,740271
2025-12-01 19:30:00+00:00,617.030029296875,617.5,616.06201171875,616.6898803710938,958117
2025-12-01 19:45:00+00:00,616.7000122070312,617.02001953125,616.3499755859375,616.52001953125,519353
2025-12-01 20:00:00+00:00,616.5140991210938,617.469970703125,616.3400268554688,617.3900146484375,634736
2025-12-01 20:15:00+00:00,617.369873046875,617.4299926757812,616.7570190429688,617.1480712890625,443732
2025-12-01 20:30:00+00:00,617.1699829101562,617.6300048828125,616.8099975585938,617.5800170898438,614235
2025-12-01 20:45:00+00:00,617.5800170898438,617.6599731445312,616.2999877929688,617.1900024414062,2565212
2025-12-02 14:30:00+00:00,619.4600219726562,622.365478515625,618.97998046875,621.9400024414062,3297457
2025-12-02 14:45:00+00:00,621.9600219726562,622.280029296875,621.1400146484375,621.989990234375,1977304
2025-12-02 15:00:00+00:00,622.0,623.3400268554688,621.9400024414062,622.875,1908623
2025-12-02 15:15:00+00:00,622.8800048828125,623.1699829101562,621.239990234375,621.3963012695312,1424178
2025-12-02 15:30:00+00:00,621.3900146484375,622.719970703125,620.4000244140625,622.5999755859375,1875119
2025-12-02 15:45:00+00:00,622.5999755859375,623.75,622.4199829101562,623.2000122070312,1198072
2025-12-02 16:00:00+00:00,623.219970703125,623.5800170898438,620.219970703125,620.6099853515625,2090659
2025-12-02 16:15:00+00:00,620.5999755859375,620.9400024414062,618.27001953125,618.6799926757812,2053410
2025-12-02 16:30:00+00:00,618.6599731445312,620.27001953125,617.5900268554688,619.3800048828125,2051732
2025-12-02 16:45:00+00:00,619.3599853515625,620.489990234375,619.1300048828125,619.8599853515625,977317
2025-12-02 17:00:00+00:00,619.8599853515625,620.9600219726562,619.760009765625,620.864990234375,830193
2025-12-02 17:15:00+00:00,620.8698120117188,622.405029296875,620.780029296875,622.1900024414062,1146360
2025-12-02 17:30:00+00:00,622.1900024414062,622.6199951171875,621.7000122070312,622.010009765625,11442936
2025-12-02 17:45:00+00:00,622.010009765625,622.25,619.7855224609375,619.7855224609375,950938
2025-12-02 18:00:00+00:00,619.780029296875,621.543701171875,619.5750122070312,620.9099731445312,12271151
2025-12-02 18:15:00+00:00,620.8900146484375,621.72998046875,620.6400146484375,621.1799926757812,751857
2025-12-02 18:30:00+00:00,621.1300048828125,621.5,620.3800048828125,621.0499877929688,782805
2025-12-02 18:45:00+00:00,621.030029296875,621.7598876953125,620.6799926757812,621.52001953125,726998
2025-12-02 19:00:00+00:00,621.489990234375,622.2999877929688,621.219970703125,622.1618041992188,764413
2025-12-02 19:15:00+00:00,622.155029296875,622.3200073242188,621.2000122070312,621.719970703125,692482
2025-12-02 19:30:00+00:00,621.7100219726562,622.3300170898438,621.5700073242188,621.77001953125,761550
2025-12-02 19:45:00+00:00,621.780029296875,623.1099853515625,621.6599731445312,622.8699951171875,756533
2025-12-02 20:00:00+00:00,622.8800048828125,623.010009765625,622.4298706054688,622.7899780273438,579634
2025-12-02 20:15:00+00:00,622.7899780273438,623.010009765625,622.5778198242188,622.885009765625,846320
2025-12-02 20:30:00+00:00,622.885009765625,623.219970703125,622.22998046875,622.5700073242188,847992
2025-12-02 20:45:00+00:00,622.5750122070312,622.9500122070312,621.8599853515625,622.0700073242188,2707315
2025-12-03 14:30:00+00:00,619.5999755859375,620.6500244140625,618.56298828125,619.1400146484375,3519648
2025-12-03 14:45:00+00:00,619.1099853515625,619.8200073242188,618.0399780273438,619.6699829101562,1422387
2025-12-03 15:00:00+00:00,619.739990234375,621.530029296875,619.3800048828125,620.0800170898438,1568341
2025-12-03 15:15:00+00:00,620.1400146484375,621.239990234375,619.72998046875,620.4099731445312,1296215
2025-12-03 15:30:00+00:00,620.3900146484375,622.2100219726562,619.75,622.0499877929688,2297423
2025-12-03 15:45:00+00:00,622.0499877929688,622.280029296875,620.97998046875,621.2650146484375,1119520
2025-12-03 16:00:00+00:00,621.260009765625,622.1400146484375,620.260009765625,620.719970703125,1165184
2025-12-03 16:15:00+00:00,620.7100219726562,621.8143920898438,620.5599975585938,621.3400268554688,925149
2025-12-03 16:30:00+00:00,621.3599853515625,622.655029296875,621.2100219726562,622.4600219726562,1177643
2025-12-03 16:45:00+00:00,622.4600219726562,622.5401000976562,620.469970703125,621.2000122070312,1031896
2025-12-03 17:00:00+00:00,621.2100219726562,622.1799926757812,621.0800170898438,622.0899047851562,919186
2025-12-03 17:15:00+00:00,622.1099853515625,622.9199829101562,621.7999877929688,622.6300048828125,942342
2025-12-03 17:30:00+00:00,622.6300048828125,622.7999877929688,622.1099853515625,622.6199951171875,472814
2025-12-03 17:45:00+00:00,622.6300048828125,623.0399780273438,622.3200073242188,622.7799072265625,537833
2025-12-03 18:00:00+00:00,622.760009765625,623.0800170898438,622.5999755859375,622.9600219726562,792733
2025-12-03 18:15:00+00:00,622.9650268554688,623.010009765625,622.3599853515625,622.8099975585938,439254
2025-12-03 18:30:00+00:00,622.8300170898438,623.4600219726562,622.8300170898438,623.4199829101562,12654347
2025-12-03 18:45:00+00:00,623.4500122070312,623.469970703125,622.7100219726562,622.8699951171875,672630
2025-12-03 19:00:00+00:00,622.830322265625,623.4099731445312,622.7849731445312,623.3599853515625,770480
2025-12-03 19:15:00+00:00,623.3677978515625,623.5399780273438,623.1099853515625,623.3499755859375,411077
2025-12-03 19:30:00+00:00,623.3400268554688,623.594970703125,623.1599731445312,623.5750122070312,512779
2025-12-03 19:45:00+00:00,623.5800170898438,623.9099731445312,623.3699951171875,623.8499755859375,602511
2025-12-03 20:00:00+00:00,623.8499755859375,624.1400146484375,623.60498046875,624.0599975585938,811010
2025-12-03 20:15:00+00:00,624.0549926757812,624.219970703125,623.8200073242188,624.1528930664062,676620
2025-12-03 20:30:00+00:00,624.1400146484375,624.1500244140625,623.780029296875,624.030029296875,626468
2025-12-03 20:45:00+00:00,624.02001953125,624.1599731445312,623.1500244140625,623.530029296875,2471327
2025-12-04 14:30:00+00:00,624.7999877929688,624.7999877929688,621.0499877929688,622.010009765625,3557902
2025-12-04 14:45:00+00:00,622.02001953125,622.4199829101562,620.7899780273438,621.2100219726562,1644699
2025-12-04 15:00:00+00:00,621.1599731445312,622.0451049804688,620.9199829101562,621.4500122070312,1556859
2025-12-04 15:15:00+00:00,621.4500122070312,622.1743774414062,620.3200073242188,622.0,1766549
2025-12-04 15:30:00+00:00,622.02001953125,623.1900024414062,621.760009765625,622.9702758789062,1169759
2025-12-04 15:45:00+00:00,622.969970703125,623.0999755859375,621.4343872070312,621.5,1125959
2025-12-04 16:00:00+00:00,621.489990234375,621.8400268554688,619.9600219726562,621.0499877929688,1457428
2025-12-04 16:15:00+00:00,621.0800170898438,622.1746826171875,620.7598876953125,621.8200073242188,1079595
2025-12-04 16:30:00+00:00,621.8099975585938,622.239990234375,621.3801879882812,621.5,1002156
2025-12-04 16:45:00+00:00,621.510009765625,623.4349975585938,621.510009765625,623.239990234375,1143179
2025-12-04 17:00:00+00:00,623.22998046875,623.469970703125,622.2249755859375,623.0,989603
2025-12-04 17:15:00+00:00,623.02001953125,623.0700073242188,622.1799926757812,622.2698974609375,531990
2025-12-04 17:30:00+00:00,622.27001953125,622.8350219726562,621.9099731445312,622.5599975585938,1054452
2025-12-04 17:45:00+00:00,622.5599975585938,622.7799072265625,622.2150268554688,622.67822265625,429608
2025-12-04 18:00:00+00:00,622.6599731445312,622.739990234375,621.6300048828125,622.3150024414062,597893
2025-12-04 18:15:00+00:00,622.3200073242188,622.8800048828125,622.1900024414062,622.7650146484375,499223
2025-12-04 18:30:00+00:00,622.760009765625,623.02001953125,622.1300048828125,622.239990234375,708935
2025-12-04 18:45:00+00:00,622.2482299804688,622.5181884765625,622.0700073242188,622.3400268554688,491331
2025-12-04 19:00:00+00:00,622.3300170898438,622.5299072265625,621.8300170898438,622.0499877929688,532054
2025-12-04 19:15:00+00:00,622.0399780273438,622.0399780273438,619.5399780273438,620.5941772460938,12688862
2025-12-04 19:30:00+00:00,620.5999755859375,622.489990234375,620.4099731445312,622.0317993164062,1285430
2025-12-04 19:45:00+00:00,622.0399780273438,622.4099731445312,621.75,621.9600219726562,758269
2025-12-04 20:00:00+00:00,621.9500122070312,622.0700073242188,621.0399780273438,621.9099731445312,846768
2025-12-04 20:15:00+00:00,621.9199829101562,621.9299926757812,621.2999877929688,621.3200073242188,658502
2025-12-04 20:30:00+00:00,621.3397216796875,621.7999877929688,621.27001953125,621.489990234375,570389
2025-12-04 20:45:00+00:00,621.489990234375,623.0,621.3400268554688,622.8599853515625,16726871
2025-12-05 14:30:00+00:00,624.3699951171875,626.7100219726562,624.239990234375,625.0900268554688,4008712
2025-12-05 14:45:00+00:00,625.0900268554688,627.3699951171875,625.0700073242188,627.0798950195312,1950340
2025-12-05 15:00:00+00:00,627.0800170898438,628.760009765625,626.510009765625,628.7000122070312,1619809
2025-12-05 15:15:00+00:00,628.7000122070312,628.9199829101562,627.9500122070312,628.1799926757812,1567567
2025-12-05 15:30:00+00:00,628.1799926757812,628.7650146484375,627.510009765625,627.780029296875,1228531
2025-12-05 15:45:00+00:00,627.75,628.0781860351562,625.2949829101562,625.9299926757812,2197417
2025-12-05 16:00:00+00:00,625.9299926757812,626.530029296875,625.0599975585938,625.0800170898438,1536784
2025-12-05 16:15:00+00:00,625.0499877929688,625.8800048828125,624.5,624.8399047851562,1897512
2025-12-05 16:30:00+00:00,624.8400268554688,625.0,623.7100219726562,624.6599731445312,1363105
2025-12-05 16:45:00+00:00,624.6400146484375,626.3599853515625,624.4099731445312,625.5900268554688,1438207
2025-12-05 17:00:00+00:00,625.5800170898438,625.7999877929688,624.7100219726562,624.8049926757812,1074364
2025-12-05 17:15:00+00:00,624.7899780273438,625.1400146484375,624.6199951171875,624.7598876953125,579956
2025-12-05 17:30:00+00:00,624.77001953125,624.8800048828125,624.02001953125,624.739990234375,1005602
2025-12-05 17:45:00+00:00,624.7349853515625,625.8599853515625,624.5800170898438,625.6099853515625,12010824
2025-12-05 18:00:00+00:00,625.5999755859375,625.8200073242188,625.3300170898438,625.4550170898438,657561
2025-12-05 18:15:00+00:00,625.4849853515625,626.02001953125,624.8800048828125,625.9500122070312,752624
2025-12-05 18:30:00+00:00,625.94580078125,626.280029296875,625.44140625,625.739990234375,13672549
2025-12-05 18:45:00+00:00,625.7349853515625,625.85498046875,625.3900146484375,625.530029296875,428868
2025-12-05 19:00:00+00:00,625.5399780273438,625.8599853515625,625.22998046875,625.8250122070312,562718
2025-12-05 19:15:00+00:00,625.8250122070312,625.8800048828125,625.0598754882812,625.4199829101562,628048
2025-12-05 19:30:00+00:00,625.4299926757812,625.5855712890625,625.02001953125,625.1699829101562,522016
2025-12-05 19:45:00+00:00,625.1749877929688,625.9400024414062,624.9500122070312,625.7817993164062,557288
2025-12-05 20:00:00+00:00,625.7899780273438,625.8499755859375,625.1699829101562,625.4700927734375,515721
2025-12-05 20:15:00+00:00,625.469970703125,625.8400268554688,625.2302856445312,625.5,673707
2025-12-05 20:30:00+00:00,625.489990234375,625.5599975585938,625.0499877929688,625.4000854492188,618672
2025-12-05 20:45:00+00:00,625.4000244140625,625.8350219726562,624.3200073242188,625.530029296875,2498317
2025-12-08 14:30:00+00:00,627.1500244140625,628.8400268554688,626.7000122070312,627.5,2845143
2025-12-08 14:45:00+00:00,627.52001953125,627.5599975585938,625.5,626.030029296875,1430403
2025-12-08 15:00:00+00:00,626.02001953125,626.8400268554688,625.6900024414062,625.9550170898438,941186
2025-12-08 15:15:00+00:00,625.969970703125,626.1300048828125,623.9400024414062,624.989990234375,1549711
2025-12-08 15:30:00+00:00,624.989990234375,625.5499877929688,624.5900268554688,624.6599731445312,1049517
2025-12-08 15:45:00+00:00,624.6500244140625,625.030029296875,623.739990234375,624.0599975585938,1103719
2025-12-08 16:00:00+00:00,624.0599975585938,624.1400146484375,623.219970703125,623.4500122070312,1258247
2025-12-08 16:15:00+00:00,623.4600219726562,624.260009765625,623.2100219726562,624.0700073242188,1116188
2025-12-08 16:30:00+00:00,624.0599975585938,624.25,623.4400024414062,623.8200073242188,718343
2025-12-08 16:45:00+00:00,623.8200073242188,623.8900756835938,623.2999877929688,623.5,660498
2025-12-08 17:00:00+00:00,623.5,623.6699829101562,622.5900268554688,623.1099853515625,832202
2025-12-08 17:15:00+00:00,623.125,623.4600219726562,622.3699951171875,622.9639892578125,7757344
2025-12-08 17:30:00+00:00,622.9650268554688,623.52001953125,622.880126953125,623.10498046875,7340412
2025-12-08 17:45:00+00:00,623.0900268554688,624.72998046875,622.8381958007812,624.489990234375,1012643
2025-12-08 18:00:00+00:00,624.489990234375,624.8699951171875,623.9299926757812,624.4099731445312,881782
2025-12-08 18:15:00+00:00,624.4099731445312,624.6799926757812,623.22998046875,623.27001953125,768490
2025-12-08 18:30:00+00:00,623.22998046875,623.5399780273438,622.5999755859375,623.1854858398438,840942
2025-12-08 18:45:00+00:00,623.2000122070312,623.3699951171875,621.6900024414062,622.3499755859375,873464
2025-12-08 19:00:00+00:00,622.3599853515625,622.469970703125,621.75,622.0499877929688,821060
2025-12-08 19:15:00+00:00,622.0499877929688,622.760009765625,622.0399780273438,622.4857788085938,651622
2025-12-08 19:30:00+00:00,622.47998046875,623.0,622.3699951171875,622.6580810546875,534758
2025-12-08 19:45:00+00:00,622.6599731445312,623.0599975585938,622.1900024414062,622.3400268554688,603406
2025-12-08 20:00:00+00:00,622.3400268554688,622.5999755859375,622.0999755859375,622.5999755859375,543037
2025-12-08 20:15:00+00:00,622.5999755859375,622.9299926757812,622.3900146484375,622.8900146484375,596311
2025-12-08 20:30:00+00:00,622.9000244140625,622.9199829101562,622.280029296875,622.8400268554688,764141
2025-12-08 20:45:00+00:00,622.8400268554688,624.27001953125,622.5700073242188,624.1799926757812,1855648
2025-12-09 14:30:00+00:00,624.280029296875,624.280029296875,621.6199951171875,622.890380859375,2727155
2025-12-09 14:45:00+00:00,622.9099731445312,623.4500122070312,622.52001953125,623.3099975585938,1240266
2025-12-09 15:00:00+00:00,623.3499755859375,624.280029296875,623.0,623.489990234375,880298
2025-12-09 15:15:00+00:00,623.489990234375,624.1220092773438,623.2050170898438,623.969970703125,4287351
2025-12-09 15:30:00+00:00,624.0,624.5549926757812,623.5599975585938,624.5399780273438,528636
2025-12-09 15:45:00+00:00,624.5499877929688,624.6699829101562,623.47998046875,624.64501953125,934694
2025-12-09 16:00:00+00:00,624.6300048828125,625.0999755859375,624.52001953125,624.8300170898438,5700478
2025-12-09 16:15:00+00:00,624.8300170898438,625.260009765625,624.739990234375,624.77001953125,380946
2025-12-09 16:30:00+00:00,624.7999877929688,625.3499755859375,624.27001953125,624.4000244140625,6629611
2025-12-09 16:45:00+00:00,624.4000244140625,625.385009765625,624.4000244140625,625.22998046875,570411
2025-12-09 17:00:00+00:00,625.22998046875,625.8099975585938,625.0399780273438,625.510009765625,671099
2025-12-09 17:15:00+00:00,625.510009765625,625.5399780273438,624.780029296875,625.2150268554688,582227
2025-12-09 17:30:00+00:00,625.2150268554688,625.4249877929688,624.8699951171875,625.106201171875,623729
2025-12-09 17:45:00+00:00,625.106201171875,625.469970703125,624.780029296875,625.4400024414062,509870
2025-12-09 18:00:00+00:00,625.4400024414062,625.7000122070312,625.1199951171875,625.4400024414062,477863
2025-12-09 18:15:00+00:00,625.4400024414062,625.780029296875,625.4099731445312,625.6500244140625,449769
2025-12-09 18:30:00+00:00,625.6400146484375,625.72998046875,625.0900268554688,625.1300048828125,455641
2025-12-09 18:45:00+00:00,625.1199951171875,625.8699951171875,624.8098754882812,625.5399780273438,770264
2025-12-09 19:00:00+00:00,625.5399780273438,625.5999755859375,624.969970703125,625.1400146484375,586881
2025-12-09 19:15:00+00:00,625.1400146484375,625.4400024414062,625.0499877929688,625.280029296875,380692
2025-12-09 19:30:00+00:00,625.280029296875,625.4199829101562,624.6300048828125,624.8200073242188,11201810
2025-12-09 19:45:00+00:00,624.8200073242188,625.2249755859375,624.739990234375,625.0900268554688,601052
2025-12-09 20:00:00+00:00,625.0900268554688,625.3599853515625,624.9199829101562,625.0599975585938,459440
2025-12-09 20:15:00+00:00,625.0549926757812,625.260009765625,624.8900146484375,624.97998046875,469658
2025-12-09 20:30:00+00:00,624.9600219726562,625.2000122070312,624.75,625.19677734375,540868
2025-12-09 20:45:00+00:00,625.1950073242188,625.5499877929688,624.280029296875,625.1099853515625,1927911
2025-12-10 14:30:00+00:00,623.8400268554688,624.219970703125,621.9199829101562,623.7249755859375,2571505
2025-12-10 14:45:00+00:00,623.719970703125,624.4400024414062,622.4011840820312,623.4500122070312,1209461
2025-12-10 15:00:00+00:00,623.4299926757812,623.9400024414062,622.8400268554688,623.2899780273438,873329
2025-12-10 15:15:00+00:00,623.3099975585938,624.0599975585938,623.1400146484375,623.5599975585938,791292
2025-12-10 15:30:00+00:00,623.5599975585938,623.719970703125,621.8499755859375,622.3699951171875,1204402
2025-12-10 15:45:00+00:00,622.3599853515625,623.3300170898438,621.52001953125,621.9000244140625,1104416
2025-12-10 16:00:00+00:00,621.92822265625,622.9500122070312,620.989990234375,622.9450073242188,1102792
2025-12-10 16:15:00+00:00,622.9500122070312,623.9387817382812,622.8200073242188,623.8499755859375,890024
2025-12-10 16:30:00+00:00,623.8200073242188,623.97998046875,623.1799926757812,623.30517578125,570120
2025-12-10 16:45:00+00:00,623.3099975585938,624.0897216796875,622.9400024414062,623.9199829101562,915867
2025-12-10 17:00:00+00:00,623.9099731445312,624.0399780273438,623.260009765625,623.510009765625,439195
2025-12-10 17:15:00+00:00,623.5,623.6799926757812,623.0800170898438,623.280029296875,370969
2025-12-10 17:30:00+00:00,623.25,623.9099731445312,623.1282958984375,623.4600219726562,292668
2025-12-10 17:45:00+00:00,623.4600219726562,624.6699829101562,623.4199829101562,624.260009765625,521787
2025-12-10 18:00:00+00:00,624.260009765625,624.3200073242188,623.739990234375,623.909912109375,469222
2025-12-10 18:15:00+00:00,623.9000244140625,623.989990234375,622.6099853515625,622.8718872070312,601381
2025-12-10 18:30:00+00:00,622.8599853515625,623.4600219726562,622.5900268554688,622.9232177734375,689423
2025-12-10 18:45:00+00:00,622.9000244140625,623.469970703125,622.6900024414062,623.1300048828125,555752
2025-12-10 19:00:00+00:00,623.114990234375,626.1099853515625,622.8699951171875,624.989990234375,2459442
2025-12-10 19:15:00+00:00,625.010009765625,625.989990234375,623.3624267578125,624.3400268554688,1595594
2025-12-10 19:30:00+00:00,624.3599853515625,627.0399780273438,623.0,624.3217163085938,2895807
2025-12-10 19:45:00+00:00,624.260009765625,628.3699951171875,624.1799926757812,628.1400146484375,2684117
2025-12-10 20:00:00+00:00,628.1300048828125,629.0399780273438,627.22998046875,628.9500122070312,1812906
2025-12-10 20:15:00+00:00,628.9500122070312,629.2000122070312,628.1959838867188,628.4099731445312,1416197
2025-12-10 20:30:00+00:00,628.4199829101562,629.0599975585938,628.25,628.489990234375,1415006
2025-12-10 20:45:00+00:00,628.47998046875,628.8200073242188,627.35498046875,627.5399780273438,21221142
2025-12-11 14:30:00+00:00,623.8200073242188,623.9550170898438,621.7449951171875,622.469970703125,3504361
2025-12-11 14:45:00+00:00,622.4600219726562,622.5700073242188,617.97998046875,618.2899780273438,7169864
2025-12-11 15:00:00+00:00,618.3099975585938,622.010009765625,617.719970703125,621.72998046875,1870905
2025-12-11 15:15:00+00:00,621.72998046875,623.5,621.1900024414062,622.77001953125,1745913
2025-12-11 15:30:00+00:00,622.77001953125,623.0399780273438,620.9299926757812,621.3900146484375,1679226
2025-12-11 15:45:00+00:00,621.3699951171875,621.9000244140625,619.3099975585938,621.139892578125,2023754
2025-12-11 16:00:00+00:00,621.1343994140625,621.8599853515625,620.1699829101562,620.6599731445312,1355576
2025-12-11 16:15:00+00:00,620.6599731445312,620.9600219726562,619.3099975585938,619.5700073242188,1277642
2025-12-11 16:30:00+00:00,619.5700073242188,622.2899780273438,619.489990234375,621.9199829101562,1137133
2025-12-11 16:45:00+00:00,621.9600219726562,622.5399780273438,619.5999755859375,620.4299926757812,1546914
2025-12-11 17:00:00+00:00,620.4199829101562,622.3800048828125,620.2899780273438,622.0599975585938,914661
2025-12-11 17:15:00+00:00,622.0700073242188,623.6801147460938,621.9299926757812,622.8900146484375,1264526
2025-12-11 17:30:00+00:00,622.8900146484375,623.9400024414062,622.8900146484375,623.75,705917
2025-12-11 17:45:00+00:00,623.75,623.9000244140625,622.3001708984375,622.6500244140625,918202
2025-12-11 18:00:00+00:00,622.6300048828125,623.8499145507812,622.3900146484375,623.6199951171875,598367
2025-12-11 18:15:00+00:00,623.6500244140625,623.8800048828125,623.0150146484375,623.3499755859375,699974
2025-12-11 18:30:00+00:00,623.3400268554688,624.8162841796875,623.0800170898438,624.6975708007812,756174
2025-12-11 18:45:00+00:00,624.7000732421875,624.8800048828125,623.5449829101562,623.719970703125,16959922
2025-12-11 19:00:00+00:00,623.72998046875,624.52001953125,623.6849975585938,624.489990234375,528168
2025-12-11 19:15:00+00:00,624.489990234375,625.27001953125,624.469970703125,625.1799926757812,17445167
2025-12-11 19:30:00+00:00,625.1799926757812,625.5999755859375,625.0900268554688,625.548583984375,525940
2025-12-11 19:45:00+00:00,625.5599975585938,625.780029296875,624.9500122070312,624.969970703125,597995
2025-12-11 20:00:00+00:00,624.97998046875,625.4199829101562,624.9099731445312,625.02001953125,609303
2025-12-11 20:15:00+00:00,625.02001953125,625.280029296875,624.6300048828125,624.7050170898438,459945
2025-12-11 20:30:00+00:00,624.7000122070312,624.7899780273438,624.260009765625,624.6900024414062,716015
2025-12-11 20:45:00+00:00,624.6799926757812,625.719970703125,624.4400024414062,625.6199951171875,2379855
2025-12-12 14:30:00+00:00,621.8690185546875,623.5399780273438,621.3699951171875,621.9199829101562,3988516
2025-12-12 14:45:00+00:00,621.9299926757812,622.2999877929688,620.6400146484375,622.010009765625,2339713
2025-12-12 15:00:00+00:00,622.010009765625,622.0499877929688,618.4600219726562,619.1400146484375,2417121
2025-12-12 15:15:00+00:00,619.1300048828125,619.5289916992188,616.155029296875,616.27001953125,2830105
2025-12-12 15:30:00+00:00,616.260009765625,617.8212890625,615.6799926757812,617.806396484375,2054948
2025-12-12 15:45:00+00:00,617.77001953125,618.25,613.719970703125,614.3590087890625,2473078
2025-12-12 16:00:00+00:00,614.3300170898438,615.219970703125,612.2000122070312,613.2000122070312,2781285
2025-12-12 16:15:00+00:00,613.1699829101562,614.0399780273438,611.739990234375,613.9400024414062,2212684
2025-12-12 16:30:00+00:00,613.9306030273438,613.9600219726562,611.3599853515625,613.0,2005669
2025-12-12 16:45:00+00:00,612.989990234375,613.0599975585938,611.8099975585938,612.75,1601783
2025-12-12 17:00:00+00:00,612.739990234375,614.8499755859375,612.4400024414062,614.5399780273438,1676276
2025-12-12 17:15:00+00:00,614.5399780273438,615.780029296875,613.77001953125,613.8900146484375,1534251
2025-12-12 17:30:00+00:00,613.8900146484375,615.4940185546875,613.1799926757812,615.0900268554688,1114668
2025-12-12 17:45:00+00:00,615.0700073242188,616.0170288085938,615.02001953125,615.219970703125,971596
2025-12-12 18:00:00+00:00,615.22998046875,617.219970703125,614.8800048828125,616.5800170898438,1116994
2025-12-12 18:15:00+00:00,616.5700073242188,617.469970703125,615.9608154296875,616.739990234375,1230833
2025-12-12 18:30:00+00:00,616.719970703125,616.8300170898438,615.6699829101562,615.9099731445312,694604
2025-12-12 18:45:00+00:00,615.9180297851562,616.3800048828125,615.1400146484375,615.22998046875,822372
2025-12-12 19:00:00+00:00,615.22998046875,615.4099731445312,614.1799926757812,614.280029296875,1015121
2025-12-12 19:15:00+00:00,614.280029296875,614.6599731445312,613.6900024414062,613.9600219726562,766968
2025-12-12 19:30:00+00:00,613.97998046875,614.9199829101562,613.9500122070312,614.3099975585938,892840
2025-12-12 19:45:00+00:00,614.3400268554688,614.6300048828125,613.969970703125,614.4099731445312,690378
2025-12-12 20:00:00+00:00,614.4099731445312,614.8599853515625,613.9099731445312,613.9600219726562,890731
2025-12-12 20:15:00+00:00,613.9299926757812,614.3300170898438,613.4500122070312,613.5800170898438,926523
2025-12-12 20:30:00+00:00,613.5800170898438,613.719970703125,612.02001953125,612.8800048828125,1503074
2025-12-12 20:45:00+00:00,612.9000244140625,613.8800048828125,612.6099853515625,613.5999755859375,4581817
2025-12-15 14:30:00+00:00,617.75,618.1500244140625,615.3900146484375,615.4400024414062,3441697
2025-12-15 14:45:00+00:00,615.4299926757812,615.9766235351562,613.6599731445312,613.9299926757812,1936718
2025-12-15 15:00:00+00:00,613.9299926757812,614.1699829101562,612.3800048828125,612.6900024414062,2003711
2025-12-15 15:15:00+00:00,612.6500244140625,612.7551879882812,609.3200073242188,610.1599731445312,2268333
2025-12-15 15:30:00+00:00,610.1400146484375,612.77001953125,609.8200073242188,612.7514038085938,1565200
2025-12-15 15:45:00+00:00,612.760009765625,613.25,611.3699951171875,612.1599731445312,1062853
2025-12-15 16:00:00+00:00,612.1599731445312,613.194091796875,611.4500122070312,612.239990234375,734955
2025-12-15 16:15:00+00:00,612.219970703125,614.9000244140625,612.1699829101562,614.6199951171875,1192285
2025-12-15 16:30:00+00:00,614.635009765625,614.780029296875,611.6649780273438,611.8099975585938,1336103
2025-12-15 16:45:00+00:00,611.8400268554688,613.1699829101562,611.3800048828125,612.4099731445312,871734
2025-12-15 17:00:00+00:00,612.4400024414062,612.7750244140625,611.989990234375,612.25,567834
2025-12-15 17:15:00+00:00,612.260009765625,612.4500122070312,611.5900268554688,612.0700073242188,611718
2025-12-15 17:30:00+00:00,612.0999755859375,612.97998046875,611.469970703125,612.589111328125,561512
2025-12-15 17:45:00+00:00,612.5700073242188,612.8200073242188,610.510009765625,611.6600952148438,639017
2025-12-15 18:00:00+00:00,611.6199951171875,612.2747802734375,610.9199829101562,612.1500244140625,536736
2025-12-15 18:15:00+00:00,612.1099853515625,612.427490234375,610.530029296875,610.8499755859375,12915290
2025-12-15 18:30:00+00:00,610.8400268554688,611.4400024414062,610.4299926757812,611.27001953125,394926
2025-12-15 18:45:00+00:00,611.239990234375,612.5499877929688,611.1699829101562,612.159912109375,620361
2025-12-15 19:00:00+00:00,612.12109375,612.8699951171875,611.8699951171875,611.9000244140625,1056828
2025-12-15 19:15:00+00:00,611.8599853515625,612.2899780273438,611.4500122070312,611.75,533436
2025-12-15 19:30:00+00:00,611.739990234375,611.9699096679688,611.1199951171875,611.27001953125,547861
2025-12-15 19:45:00+00:00,611.260009765625,612.2100219726562,611.030029296875,612.1199951171875,506482
2025-12-15 20:00:00+00:00,612.0999755859375,612.22998046875,611.0999755859375,611.760009765625,592992
2025-12-15 20:15:00+00:00,611.75,612.0900268554688,611.02001953125,611.3499755859375,540811
2025-12-15 20:30:00+00:00,611.3599853515625,611.5098876953125,610.6799926757812,610.89501953125,648617
2025-12-15 20:45:00+00:00,610.8800048828125,611.4099731445312,610.4099731445312,610.47998046875,2084013
2025-12-16 14:30:00+00:00,608.2739868164062,611.0509033203125,607.739990234375,609.030029296875,3120291
2025-12-16 14:45:00+00:00,609.0700073242188,612.25,607.5850219726562,612.1099853515625,1556636
2025-12-16 15:00:00+00:00,612.2100219726562,612.47998046875,610.0050048828125,610.4896850585938,1383783
2025-12-16 15:15:00+00:00,610.47998046875,610.6900024414062,606.969970703125,608.5,1702757
2025-12-16 15:30:00+00:00,608.489990234375,609.6400146484375,607.3809814453125,608.8400268554688,1093111
2025-12-16 15:45:00+00:00,608.8400268554688,610.8300170898438,608.22998046875,610.4500122070312,1055098
2025-12-16 16:00:00+00:00,610.469970703125,610.9450073242188,608.6799926757812,608.9730834960938,1127694
2025-12-16 16:15:00+00:00,608.9199829101562,609.0960083007812,607.8499755859375,608.2999877929688,988077
2025-12-16 16:30:00+00:00,608.2999877929688,609.25,607.8800048828125,608.905029296875,722393
2025-12-16 16:45:00+00:00,608.9108276367188,610.8499755859375,608.7100219726562,610.72998046875,847182
2025-12-16 17:00:00+00:00,610.77001953125,611.1500244140625,609.4199829101562,610.8499755859375,1025999
2025-12-16 17:15:00+00:00,610.8499755859375,611.2000122070312,608.9099731445312,609.280029296875,804213
2025-12-16 17:30:00+00:00,609.2501220703125,610.4000244140625,608.3599853515625,608.6849975585938,653552
2025-12-16 17:45:00+00:00,608.719970703125,609.1699829101562,607.3699951171875,607.5689697265625,766670
2025-12-16 18:00:00+00:00,607.530029296875,608.1900024414062,606.9100952148438,608.1699829101562,977583
2025-12-16 18:15:00+00:00,608.1099853515625,608.3599853515625,607.291015625,607.6441040039062,615671
2025-12-16 18:30:00+00:00,607.6500244140625,610.4099731445312,607.5900268554688,610.3400268554688,886547
2025-12-16 18:45:00+00:00,610.3699951171875,611.1300048828125,610.1395874023438,610.2999877929688,862837
2025-12-16 19:00:00+00:00,610.260009765625,610.3300170898438,608.4000244140625,608.5,820818
2025-12-16 19:15:00+00:00,608.469970703125,609.5700073242188,608.1699829101562,609.5349731445312,18137679
2025-12-16 19:30:00+00:00,609.530029296875,610.6099853515625,609.3400268554688,610.4099731445312,656746
2025-12-16 19:45:00+00:00,610.4099731445312,611.2100219726562,609.9600219726562,610.469970703125,684980
2025-12-16 20:00:00+00:00,610.4600219726562,611.6699829101562,610.260009765625,610.8599853515625,657206
2025-12-16 20:15:00+00:00,610.8499755859375,611.8699951171875,610.75,611.7999877929688,871410
2025-12-16 20:30:00+00:00,611.7899780273438,613.3989868164062,611.756591796875,612.9400024414062,1230842
2025-12-16 20:45:00+00:00,612.9099731445312,613.510009765625,611.7999877929688,611.7999877929688,1756761
2025-12-17 14:30:00+00:00,613.0900268554688,613.6500244140625,610.0800170898438,610.5999755859375,3677970
2025-12-17 14:45:00+00:00,610.5700073242188,611.4099731445312,608.8900756835938,611.0599975585938,2186254
2025-12-17 15:00:00+00:00,611.0499877929688,611.27001953125,609.7424926757812,610.5800170898438,1189358
2025-12-17 15:15:00+00:00,610.5900268554688,611.3599853515625,609.72998046875,610.7100219726562,1511401
2025-12-17 15:30:00+00:00,610.6699829101562,611.02978515625,606.1099243164062,606.5014038085938,1992142
2025-12-17 15:45:00+00:00,606.5,606.9400024414062,603.9099731445312,604.510009765625,2830250
2025-12-17 16:00:00+00:00,604.47998046875,606.030029296875,603.6719970703125,603.7100219726562,2030030
2025-12-17 16:15:00+00:00,603.7000122070312,605.47998046875,603.27001953125,604.739990234375,1623247
2025-12-17 16:30:00+00:00,604.7000122070312,604.719970703125,603.0999755859375,604.0900268554688,1340745
2025-12-17 16:45:00+00:00,604.0499877929688,604.5700073242188,602.77001953125,604.0,1181728
2025-12-17 17:00:00+00:00,603.989990234375,604.4000244140625,602.719970703125,603.1300048828125,1493869
2025-12-17 17:15:00+00:00,603.1199951171875,604.9949951171875,602.8099975585938,604.1500244140625,1721180
2025-12-17 17:30:00+00:00,604.1500244140625,605.1500244140625,603.2249755859375,603.3551025390625,1102252
2025-12-17 17:45:00+00:00,603.3599853515625,604.1099853515625,602.75,603.6799926757812,972196
2025-12-17 18:00:00+00:00,603.72998046875,605.010009765625,603.3499755859375,603.4000244140625,909411
2025-12-17 18:15:00+00:00,603.3900146484375,603.7899780273438,602.9498901367188,603.4099731445312,1063176
2025-12-17 18:30:00+00:00,603.4149780273438,603.5650024414062,601.6799926757812,602.3143920898438,1242103
2025-12-17 18:45:00+00:00,602.2999877929688,602.6300048828125,601.5800170898438,602.1599731445312,1151542
2025-12-17 19:00:00+00:00,602.1099853515625,602.4299926757812,601.5700073242188,602.0499877929688,829642
2025-12-17 19:15:00+00:00,602.0449829101562,602.3800048828125,601.6099853515625,601.77001953125,908530
2025-12-17 19:30:00+00:00,601.75,602.344970703125,601.2999877929688,602.1799926757812,1112437
2025-12-17 19:45:00+00:00,602.1699829101562,602.8250122070312,601.9199829101562,602.5900268554688,1641049
2025-12-17 20:00:00+00:00,602.5800170898438,602.77001953125,601.77001953125,602.0399780273438,21377140
2025-12-17 20:15:00+00:00,602.030029296875,602.5800170898438,601.7000122070312,602.0399780273438,823915
2025-12-17 20:30:00+00:00,602.0499877929688,602.4500122070312,601.530029296875,602.3300170898438,1373579
2025-12-17 20:45:00+00:00,602.3400268554688,602.3900146484375,600.280029296875,600.3599853515625,3246018
2025-12-18 14:30:00+00:00,609.760009765625,610.9500122070312,607.1900024414062,607.780029296875,5782529
2025-12-18 14:45:00+00:00,607.77001953125,609.989990234375,606.9199829101562,609.6799926757812,2909292
2025-12-18 15:00:00+00:00,609.6749877929688,610.239990234375,607.239990234375,607.77001953125,2142859
2025-12-18 15:15:00+00:00,607.77001953125,611.1599731445312,607.265625,610.8298950195312,2176111
2025-12-18 15:30:00+00:00,610.8200073242188,612.81982421875,610.4600219726562,612.14501953125,2441280
2025-12-18 15:45:00+00:00,612.1500244140625,612.280029296875,611.5900268554688,611.8099975585938,1527479
2025-12-18 16:00:00+00:00,611.8099975585938,612.9299926757812,611.4500122070312,612.094970703125,1644687
2025-12-18 16:15:00+00:00,612.0999755859375,612.760009765625,611.3150024414062,611.5399780273438,1428814
2025-12-18 16:30:00+00:00,611.530029296875,612.77001953125,611.47998046875,612.4949951171875,1381074
2025-12-18 16:45:00+00:00,612.489990234375,612.9199829101562,612.1099853515625,612.3099975585938,1222591
2025-12-18 17:00:00+00:00,612.3099975585938,612.3099975585938,608.219970703125,608.6799926757812,2350859
2025-12-18 17:15:00+00:00,608.6799926757812,609.0599975585938,607.510009765625,608.5999755859375,2406692
2025-12-18 17:30:00+00:00,608.5900268554688,611.239990234375,608.27001953125,611.239990234375,19481859
2025-12-18 17:45:00+00:00,611.27001953125,611.75,610.2999877929688,611.5598754882812,1218392
2025-12-18 18:00:00+00:00,611.5599975585938,611.9400024414062,610.6699829101562,611.3599853515625,769824
2025-12-18 18:15:00+00:00,611.3599853515625,612.0549926757812,611.3499755859375,611.739990234375,631958
2025-12-18 18:30:00+00:00,611.75,612.7000122070312,611.739990234375,611.969970703125,21448443
2025-12-18 18:45:00+00:00,611.9600219726562,612.0700073242188,611.0700073242188,611.2150268554688,884118
2025-12-18 19:00:00+00:00,611.2100219726562,611.239990234375,609.2100219726562,610.2000122070312,1411552
2025-12-18 19:15:00+00:00,610.2100219726562,610.2100219726562,609.260009765625,609.780029296875,23071961
2025-12-18 19:30:00+00:00,609.77001953125,609.8900146484375,608.75,608.8499755859375,859524
2025-12-18 19:45:00+00:00,608.8499755859375,609.8400268554688,607.75,608.0900268554688,1282879
2025-12-18 20:00:00+00:00,608.0900268554688,610.0599975585938,607.719970703125,610.0050048828125,25987157
2025-12-18 20:15:00+00:00,610.0150146484375,610.6300048828125,609.469970703125,610.4400024414062,588934
2025-12-18 20:30:00+00:00,610.4400024414062,611.0399780273438,610.1599731445312,610.9650268554688,1031543
2025-12-18 20:45:00+00:00,610.9600219726562,611.2730102539062,609.1400146484375,609.1500244140625,2504273
2025-12-19 14:30:00+00:00,611.9500122070312,616.375,611.885009765625,616.364990234375,4524002
2025-12-19 14:45:00+00:00,616.219970703125,616.9600219726562,615.7899780273438,616.6500244140625,2389116
2025-12-19 15:00:00+00:00,616.6400146484375,617.6199951171875,615.9000244140625,616.0900268554688,1624676
2025-12-19 15:15:00+00:00,616.0999755859375,616.5399780273438,614.3800048828125,615.4000244140625,1519053
2025-12-19 15:30:00+00:00,615.4000244140625,616.489990234375,614.719970703125,615.3499755859375,1124183
2025-12-19 15:45:00+00:00,615.3699951171875,615.47998046875,614.47998046875,614.8150024414062,900349
2025-12-19 16:00:00+00:00,614.7999877929688,616.6500244140625,614.239990234375,615.8599853515625,5663818
2025-12-19 16:15:00+00:00,615.8699951171875,616.2850952148438,615.6199951171875,616.2000122070312,560593
2025-12-19 16:30:00+00:00,616.2100219726562,616.72998046875,615.9500122070312,615.9500122070312,661880
2025-12-19 16:45:00+00:00,615.9600219726562,616.1400756835938,615.0900268554688,615.3400268554688,1148233
2025-12-19 17:00:00+00:00,615.3599853515625,616.4400024414062,615.280029296875,616.4000244140625,775784
2025-12-19 17:15:00+00:00,616.4000244140625,617.0900268554688,616.3900146484375,616.9600219726562,1248738
2025-12-19 17:30:00+00:00,616.969970703125,617.0999755859375,616.5599975585938,616.8200073242188,638008
2025-12-19 17:45:00+00:00,616.8300170898438,617.5,616.6818237304688,617.0399780273438,623253
2025-12-19 18:00:00+00:00,617.0349731445312,617.3800048828125,616.864990234375,617.1799926757812,547521
2025-12-19 18:15:00+00:00,617.1898803710938,617.3200073242188,616.8300170898438,616.97998046875,582432
2025-12-19 18:30:00+00:00,616.989990234375,617.0900268554688,616.280029296875,616.531982421875,437628
2025-12-19 18:45:00+00:00,616.52001953125,616.77001953125,616.3099975585938,616.47998046875,13668839
2025-12-19 19:00:00+00:00,616.469970703125,617.0599975585938,616.4600219726562,616.9199829101562,586787
2025-12-19 19:15:00+00:00,616.92578125,617.239990234375,616.77001953125,617.1300048828125,1123165
2025-12-19 19:30:00+00:00,617.10498046875,617.2999877929688,616.969970703125,617.2000122070312,670007
2025-12-19 19:45:00+00:00,617.2100219726562,617.3900146484375,616.8709716796875,616.9000244140625,425963
2025-12-19 20:00:00+00:00,616.8900146484375,617.2150268554688,616.8599853515625,617.0449829101562,744759
2025-12-19 20:15:00+00:00,617.0449829101562,617.35498046875,616.9099731445312,617.239990234375,698390
2025-12-19 20:30:00+00:00,617.219970703125,617.2999877929688,616.4400024414062,616.72998046875,890601
2025-12-19 20:45:00+00:00,616.7349853515625,617.47998046875,616.3499755859375,617.239990234375,4304900
2025-12-22 14:30:00+00:00,621.3800048828125,621.6500244140625,618.7525024414062,619.27001953125,5337459
2025-12-22 14:45:00+00:00,619.260009765625,620.8300170898438,619.0999755859375,620.5800170898438,790329
2025-12-22 15:00:00+00:00,620.5700073242188,620.739990234375,618.8900146484375,618.9099731445312,1285915
2025-12-22 15:15:00+00:00,618.9199829101562,619.8200073242188,618.84130859375,619.1799926757812,1281368
2025-12-22 15:30:00+00:00,619.1900024414062,619.3900146484375,617.77001953125,618.9199829101562,1278874
2025-12-22 15:45:00+00:00,618.9099731445312,619.2899780273438,618.510009765625,618.85791015625,1199592
2025-12-22 16:00:00+00:00,618.8599853515625,619.6099853515625,618.8150024414062,619.5999145507812,1160909
2025-12-22 16:15:00+00:00,619.5900268554688,619.9400024414062,619.510009765625,619.739990234375,771250
2025-12-22 16:30:00+00:00,619.739990234375,619.739990234375,619.219970703125,619.219970703125,675909
2025-12-22 16:45:00+00:00,619.219970703125,619.8099975585938,619.2100219726562,619.8099975585938,444804
2025-12-22 17:00:00+00:00,619.8200073242188,619.9000244140625,619.3400268554688,619.4349975585938,511330
2025-12-22 17:15:00+00:00,619.4349975585938,619.7050170898438,619.3499755859375,619.4299926757812,728269
2025-12-22 17:30:00+00:00,619.4299926757812,619.530029296875,619.1950073242188,619.2949829101562,391838
2025-12-22 17:45:00+00:00,619.2999877929688,620.0700073242188,619.1300048828125,619.9550170898438,757115
2025-12-22 18:00:00+00:00,619.9400024414062,619.969970703125,619.219970703125,619.22998046875,484269
2025-12-22 18:15:00+00:00,619.2349853515625,619.280029296875,618.8200073242188,619.1799926757812,627374
2025-12-22 18:30:00+00:00,619.1799926757812,619.4375,619.0399780273438,619.3599853515625,531757
2025-12-22 18:45:00+00:00,619.3499755859375,619.419921875,618.9400024414062,619.1799926757812,806017
2025-12-22 19:00:00+00:00,619.1799926757812,619.239990234375,618.8623046875,619.010009765625,421000
2025-12-22 19:15:00+00:00,619.010009765625,619.4400024414062,618.9199829101562,619.4000244140625,470373
2025-12-22 19:30:00+00:00,619.39501953125,619.7100219726562,619.3499755859375,619.3807983398438,494684
2025-12-22 19:45:00+00:00,619.3900146484375,619.510009765625,619.14501953125,619.1900024414062,416485
2025-12-22 20:00:00+00:00,619.1900024414062,619.27001953125,618.9863891601562,618.9863891601562,458341
2025-12-22 20:15:00+00:00,618.989990234375,619.27001953125,618.9299926757812,619.1300048828125,509066
2025-12-22 20:30:00+00:00,619.1199951171875,619.39501953125,619.0728759765625,619.2498779296875,760603
2025-12-22 20:45:00+00:00,619.25,619.489990234375,618.9600219726562,619.1500244140625,1807566
2025-12-23 14:30:00+00:00,620.0,620.4099731445312,619.1699829101562,620.2100219726562,2818451
2025-12-23 14:45:00+00:00,620.2100219726562,620.7150268554688,618.8900146484375,619.3101196289062,1404747
2025-12-23 15:00:00+00:00,619.3300170898438,619.3699951171875,617.780029296875,618.2999877929688,1281142
2025-12-23 15:15:00+00:00,618.3099975585938,619.22998046875,618.280029296875,618.8988037109375,878326
2025-12-23 15:30:00+00:00,618.8900146484375,619.9199829101562,618.8699951171875,619.7999877929688,681236
2025-12-23 15:45:00+00:00,619.8099975585938,620.47998046875,619.594970703125,620.2313232421875,1108919
2025-12-23 16:00:00+00:00,620.25,620.6699829101562,620.1400146484375,620.2899780273438,718616
2025-12-23 16:15:00+00:00,620.2999877929688,620.75,620.2100219726562,620.52001953125,491130
2025-12-23 16:30:00+00:00,620.52001953125,620.77001953125,620.239990234375,620.7233276367188,753449
2025-12-23 16:45:00+00:00,620.72998046875,621.3098754882812,620.7100219726562,621.22998046875,849647
2025-12-23 17:00:00+00:00,621.239990234375,621.3300170898438,620.9500122070312,621.14501953125,528509
2025-12-23 17:15:00+00:00,621.14501953125,621.2750244140625,621.010009765625,621.0700073242188,391807
2025-12-23 17:30:00+00:00,621.0700073242188,621.219970703125,620.7999877929688,620.9500122070312,714013
2025-12-23 17:45:00+00:00,620.9450073242188,621.030029296875,620.6900024414062,620.78759765625,491979
2025-12-23 18:00:00+00:00,620.7899780273438,621.1699829101562,620.7286987304688,621.1400146484375,493194
2025-12-23 18:15:00+00:00,621.135009765625,621.405029296875,621.0399780273438,621.1699829101562,474648
2025-12-23 18:30:00+00:00,621.1799926757812,621.3800048828125,621.1099853515625,621.344970703125,409016
2025-12-23 18:45:00+00:00,621.344970703125,621.35498046875,621.155029296875,621.25,437118
2025-12-23 19:00:00+00:00,621.25,621.60498046875,621.2182006835938,621.5449829101562,425487
2025-12-23 19:15:00+00:00,621.5401000976562,621.6699829101562,621.4998779296875,621.5499877929688,438971
2025-12-23 19:30:00+00:00,621.5499877929688,621.5900268554688,621.4500122070312,621.52001953125,385093
2025-12-23 19:45:00+00:00,621.530029296875,621.8800048828125,621.510009765625,621.7999877929688,407733
2025-12-23 20:00:00+00:00,621.7999877929688,622.010009765625,621.7899780273438,621.85498046875,461158
2025-12-23 20:15:00+00:00,621.8599853515625,622.0150146484375,621.760009765625,621.8499755859375,583142
2025-12-23 20:30:00+00:00,621.8400268554688,621.989990234375,621.760009765625,621.8200073242188,470418
2025-12-23 20:45:00+00:00,621.8150024414062,622.4000244140625,621.760986328125,622.2100219726562,1829430
2025-12-24 14:30:00+00:00,622.25,622.6599731445312,621.719970703125,622.0,1498634
2025-12-24 14:45:00+00:00,622.02001953125,622.3701171875,621.7899780273438,622.3400268554688,905740
2025-12-24 15:00:00+00:00,622.3231811523438,622.8800048828125,622.219970703125,622.7548217773438,602524
2025-12-24 15:15:00+00:00,622.780029296875,623.0700073242188,622.2000122070312,622.4813232421875,760002
2025-12-24 15:30:00+00:00,622.481201171875,622.72998046875,622.3200073242188,622.6900024414062,480181
2025-12-24 15:45:00+00:00,622.6799926757812,622.8699951171875,622.5599975585938,622.7913208007812,434851
2025-12-24 16:00:00+00:00,622.7999877929688,623.3300170898438,622.780029296875,623.2999877929688,493968
2025-12-24 16:15:00+00:00,623.2899780273438,623.4299926757812,623.030029296875,623.3599853515625,600489
2025-12-24 16:30:00+00:00,623.3699951171875,624.0750122070312,623.2899780273438,623.989990234375,680061
2025-12-24 16:45:00+00:00,623.989990234375,624.0800170898438,623.7899780273438,623.8800048828125,417250
2025-12-24 17:00:00+00:00,623.8900146484375,624.0399780273438,623.8099975585938,623.9998779296875,267791
2025-12-24 17:15:00+00:00,623.989990234375,624.010009765625,623.6110229492188,623.8699951171875,659196
2025-12-24 17:30:00+00:00,623.8599853515625,624.1699829101562,623.6500244140625,623.6900024414062,452101
2025-12-24 17:45:00+00:00,623.6799926757812,624.27001953125,623.6699829101562,623.9400024414062,1179144
2025-12-26 14:30:00+00:00,624.6799926757812,625.4400024414062,623.8599853515625,625.3900146484375,1738149
2025-12-26 14:45:00+00:00,625.380126953125,625.5150146484375,624.0399780273438,624.2349853515625,910069
2025-12-26 15:00:00+00:00,624.219970703125,624.3200073242188,623.1900024414062,623.3300170898438,3465249
2025-12-26 15:15:00+00:00,623.3300170898438,624.4000244140625,623.1400146484375,624.3400268554688,516502
2025-12-26 15:30:00+00:00,624.3300170898438,624.6799926757812,624.1099853515625,624.2899780273438,597847
2025-12-26 15:45:00+00:00,624.2935791015625,624.863525390625,624.1900024414062,624.7113037109375,556629
2025-12-26 16:00:00+00:00,624.7100219726562,624.989990234375,623.7799072265625,623.8150024414062,571119
2025-12-26 16:15:00+00:00,623.8099975585938,624.3900146484375,623.7000122070312,624.2999877929688,497076
2025-12-26 16:30:00+00:00,624.3099975585938,624.489990234375,624.1900024414062,624.4199829101562,268958
2025-12-26 16:45:00+00:00,624.4299926757812,624.4949951171875,624.0800170898438,624.1099853515625,320801
2025-12-26 17:00:00+00:00,624.126220703125,624.1300048828125,623.6599731445312,623.6649780273438,380250
2025-12-26 17:15:00+00:00,623.655029296875,624.25,623.510009765625,624.239990234375,6647246
2025-12-26 17:30:00+00:00,624.239990234375,624.2802734375,623.780029296875,623.9099731445312,191365
2025-12-26 17:45:00+00:00,623.9166259765625,624.1400146484375,623.75,624.0449829101562,266273
2025-12-26 18:00:00+00:00,624.0499877929688,624.2750244140625,624.032470703125,624.1300048828125,321942
2025-12-26 18:15:00+00:00,624.130126953125,624.1500244140625,623.6199951171875,623.989990234375,385968
2025-12-26 18:30:00+00:00,623.989990234375,624.280029296875,623.969970703125,624.0863037109375,302066
2025-12-26 18:45:00+00:00,624.0800170898438,624.530029296875,624.030029296875,624.5,335091
2025-12-26 19:00:00+00:00,624.510009765625,624.6699829101562,624.3250122070312,624.469970703125,273560
2025-12-26 19:15:00+00:00,624.4600219726562,624.510009765625,624.2050170898438,624.260009765625,267372
2025-12-26 19:30:00+00:00,624.260009765625,624.4000244140625,624.1099853515625,624.1699829101562,217869
2025-12-26 19:45:00+00:00,624.1599731445312,624.5900268554688,624.0850219726562,624.4849853515625,430156
2025-12-26 20:00:00+00:00,624.469970703125,624.5,624.0250244140625,624.0599975585938,347212
2025-12-26 20:15:00+00:00,624.0499877929688,624.1799926757812,623.9299926757812,624.0599975585938,497618
2025-12-26 20:30:00+00:00,624.0599975585938,624.2150268554688,623.989990234375,624.1837768554688,300147
2025-12-26 20:45:00+00:00,624.1900024414062,624.1950073242188,623.6699829101562,623.8400268554688,2141439
2025-12-29 14:30:00+00:00,620.1099853515625,622.7750244140625,619.1099853515625,622.1430053710938,3128304
2025-12-29 14:45:00+00:00,622.1649780273438,622.1699829101562,620.2100219726562,620.47998046875,1143526
2025-12-29 15:00:00+00:00,620.5,620.9099731445312,619.030029296875,619.409912109375,985597
2025-12-29 15:15:00+00:00,619.4099731445312,621.1400146484375,619.3900146484375,621.030029296875,963754
2025-12-29 15:30:00+00:00,621.02001953125,621.6900024414062,620.85009765625,621.260009765625,817371
2025-12-29 15:45:00+00:00,621.260009765625,621.3200073242188,619.344970703125,620.02001953125,802446
2025-12-29 16:00:00+00:00,620.010009765625,620.3634033203125,619.489990234375,620.2156982421875,716153
2025-12-29 16:15:00+00:00,620.219970703125,620.22998046875,619.5599975585938,620.0650024414062,445977
2025-12-29 16:30:00+00:00,620.030029296875,620.3800048828125,619.4849853515625,619.7061157226562,586747
2025-12-29 16:45:00+00:00,619.7150268554688,620.219970703125,619.6898803710938,619.8599853515625,593222
2025-12-29 17:00:00+00:00,619.8599853515625,620.1199951171875,619.3400268554688,619.5900268554688,294234
2025-12-29 17:15:00+00:00,619.5599975585938,619.7349853515625,618.72998046875,618.97607421875,8047457
2025-12-29 17:30:00+00:00,618.9749755859375,619.5499877929688,618.9000244140625,619.4749755859375,500384
2025-12-29 17:45:00+00:00,619.4600219726562,620.0899047851562,619.405029296875,619.9500122070312,471206
2025-12-29 18:00:00+00:00,619.9400024414062,619.9450073242188,619.5,619.5800170898438,367227
2025-12-29 18:15:00+00:00,619.5599975585938,620.2100219726562,619.5250244140625,620.02001953125,358881
2025-12-29 18:30:00+00:00,620.02001953125,620.6599731445312,619.97998046875,620.155029296875,379697
2025-12-29 18:45:00+00:00,620.1599731445312,620.1799926757812,619.7249755859375,619.8400268554688,292089
2025-12-29 19:00:00+00:00,619.8300170898438,619.9000244140625,619.5900268554688,619.6900024414062,295441
2025-12-29 19:15:00+00:00,619.6900024414062,620.2650146484375,619.64501953125,620.2249755859375,329140
2025-12-29 19:30:00+00:00,620.219970703125,620.8701171875,620.1799926757812,620.7698974609375,648277
2025-12-29 19:45:00+00:00,620.77001953125,621.6950073242188,620.75,621.489990234375,709608
2025-12-29 20:00:00+00:00,621.4949951171875,621.5,621.0999755859375,621.2949829101562,335825
2025-12-29 20:15:00+00:00,621.2899780273438,621.510009765625,621.0900268554688,621.1099853515625,427260
2025-12-29 20:30:00+00:00,621.114990234375,621.3200073242188,620.77001953125,620.9260864257812,430804
2025-12-29 20:45:00+00:00,620.9199829101562,621.25,620.6099853515625,620.8800048828125,1198479
2025-12-30 14:30:00+00:00,620.3599853515625,620.7999877929688,619.5800170898438,619.77001953125,1481450
2025-12-30 14:45:00+00:00,619.77001953125,621.75,619.3800048828125,621.3300170898438,1199754
2025-12-30 15:00:00+00:00,621.2999877929688,621.4199829101562,619.5900268554688,619.8900146484375,1055292
2025-12-30 15:15:00+00:00,619.9099731445312,620.5438842773438,619.6900024414062,619.9600219726562,709468
2025-12-30 15:30:00+00:00,619.9400024414062,620.0999755859375,619.5800170898438,619.8250122070312,543477
2025-12-30 15:45:00+00:00,619.8599853515625,621.22998046875,619.728271484375,621.041015625,784764
2025-12-30 16:00:00+00:00,621.030029296875,621.52001953125,620.9100952148438,621.3400268554688,4605867
2025-12-30 16:15:00+00:00,621.3499755859375,622.1699829101562,621.3200073242188,621.7100219726562,757399
2025-12-30 16:30:00+00:00,621.7100219726562,621.77001953125,620.7100219726562,620.9149780273438,641744
2025-12-30 16:45:00+00:00,620.9199829101562,620.97998046875,620.4000244140625,620.469970703125,479181
2025-12-30 17:00:00+00:00,620.4600219726562,620.5549926757812,620.1799926757812,620.219970703125,656385
2025-12-30 17:15:00+00:00,620.219970703125,620.5900268554688,620.010009765625,620.5399780273438,441119
2025-12-30 17:30:00+00:00,620.5399780273438,620.9099731445312,620.4299926757812,620.5399780273438,7022616
2025-12-30 17:45:00+00:00,620.530029296875,620.7999877929688,620.2999877929688,620.7000122070312,334370
2025-12-30 18:00:00+00:00,620.7100219726562,620.8300170898438,620.1900024414062,620.72998046875,434916
2025-12-30 18:15:00+00:00,620.75,620.9199829101562,620.6400146484375,620.8699951171875,471090
2025-12-30 18:30:00+00:00,620.8699951171875,621.030029296875,620.4500122070312,620.655029296875,413541
2025-12-30 18:45:00+00:00,620.6599731445312,620.9099731445312,620.5549926757812,620.75,406387
2025-12-30 19:00:00+00:00,620.72998046875,620.8300170898438,620.3300170898438,620.8200073242188,333275
2025-12-30 19:15:00+00:00,620.8200073242188,620.97998046875,620.7000122070312,620.8150024414062,396739
2025-12-30 19:30:00+00:00,620.8200073242188,620.9400024414062,620.5399780273438,620.6400146484375,334035
2025-12-30 19:45:00+00:00,620.6356201171875,620.6500244140625,620.1500244140625,620.3099975585938,9697369
2025-12-30 20:00:00+00:00,620.2999877929688,620.3200073242188,619.5999755859375,619.8699951171875,409351
2025-12-30 20:15:00+00:00,619.8552856445312,620.4400024414062,619.8099975585938,620.125,471673
2025-12-30 20:30:00+00:00,620.1199951171875,620.35498046875,620.0599975585938,620.2100219726562,527533
2025-12-30 20:45:00+00:00,620.219970703125,620.22998046875,619.2150268554688,619.4199829101562,1409662
2025-12-31 14:30:00+00:00,619.75,619.9600219726562,617.9949951171875,618.219970703125,2157756
2025-12-31 14:45:00+00:00,618.2299194335938,618.6099853515625,617.3311767578125,617.9199829101562,1330370
2025-12-31 15:00:00+00:00,617.9299926757812,618.2000122070312,617.3800048828125,617.8699951171875,862408
2025-12-31 15:15:00+00:00,617.8699951171875,618.0336303710938,617.030029296875,617.8400268554688,842954
2025-12-31 15:30:00+00:00,617.8300170898438,617.989990234375,617.1799926757812,617.510009765625,913650
2025-12-31 15:45:00+00:00,617.510009765625,617.530029296875,616.4500122070312,616.7449951171875,674754
2025-12-31 16:00:00+00:00,616.7150268554688,617.0650024414062,616.6900024414062,616.9249877929688,574497
2025-12-31 16:15:00+00:00,616.9149780273438,617.739990234375,616.9149780273438,617.719970703125,668242
2025-12-31 16:30:00+00:00,617.72998046875,617.7449951171875,617.1300048828125,617.2949829101562,429710
2025-12-31 16:45:00+00:00,617.2899780273438,617.969970703125,617.1199951171875,617.9154052734375,439233
2025-12-31 17:00:00+00:00,617.9099731445312,617.9400024414062,617.0399780273438,617.330078125,731264
2025-12-31 17:15:00+00:00,617.3480224609375,617.6099853515625,617.25,617.4849853515625,318856
2025-12-31 17:30:00+00:00,617.47998046875,617.9099731445312,617.4199829101562,617.6699829101562,689802
2025-12-31 17:45:00+00:00,617.6749877929688,617.7100219726562,617.1300048828125,617.3571166992188,331053
2025-12-31 18:00:00+00:00,617.3499755859375,617.8499755859375,617.1599731445312,617.8499755859375,322729
2025-12-31 18:15:00+00:00,617.8599853515625,617.9000244140625,617.4227294921875,617.85009765625,338471
2025-12-31 18:30:00+00:00,617.8599853515625,618.385009765625,617.7000732421875,618.1998901367188,437801
2025-12-31 18:45:00+00:00,618.2100219726562,618.47998046875,618.0700073242188,618.1300048828125,9703210
2025-12-31 19:00:00+00:00,618.1199951171875,618.5999755859375,618.1199951171875,618.260009765625,200269
2025-12-31 19:15:00+00:00,618.2550048828125,618.27001953125,617.3079833984375,617.3400268554688,556216
2025-12-31 19:30:00+00:00,617.3400268554688,617.4199829101562,616.2550048828125,616.5900268554688,874285
2025-12-31 19:45:00+00:00,616.583984375,616.739990234375,616.1900024414062,616.2899780273438,521809
2025-12-31 20:00:00+00:00,616.280029296875,616.3699951171875,615.0399780273438,615.3900146484375,1116331
2025-12-31 20:15:00+00:00,615.39990234375,615.7202758789062,614.75,614.8767700195312,1044593
2025-12-31 20:30:00+00:00,614.8800048828125,615.739990234375,614.719970703125,615.5499877929688,1146741
2025-12-31 20:45:00+00:00,615.5499877929688,615.6260986328125,614.0499877929688,614.280029296875,3617001
2026-01-02 14:30:00+00:00,620.0700073242188,621.1799926757812,618.9000244140625,620.1798706054688,3336930
2026-01-02 14:45:00+00:00,620.1699829101562,622.8499755859375,620.1500244140625,621.1901245117188,1934821
2026-01-02 15:00:00+00:00,621.1900024414062,622.27001953125,617.8400268554688,618.0700073242188,1782179
2026-01-02 15:15:00+00:00,618.0850219726562,618.1400146484375,614.6099853515625,615.4099731445312,2798658
2026-01-02 15:30:00+00:00,615.4099731445312,618.1199951171875,614.9099731445312,617.6099853515625,1961720
2026-01-02 15:45:00+00:00,617.6199951171875,617.864990234375,612.3099975585938,612.6649780273438,2429153
2026-01-02 16:00:00+00:00,612.6799926757812,612.8200073242188,610.75,612.780029296875,3169501
2026-01-02 16:15:00+00:00,612.780029296875,613.4530029296875,611.5900268554688,612.760009765625,1667069
2026-01-02 16:30:00+00:00,612.72998046875,613.9249877929688,612.3900146484375,612.47998046875,1152554
2026-01-02 16:45:00+00:00,612.47998046875,612.8400268554688,611.0,611.9500122070312,1057361
2026-01-02 17:00:00+00:00,611.9000244140625,613.3900146484375,611.3099975585938,613.239990234375,911767
2026-01-02 17:15:00+00:00,613.239990234375,613.4249877929688,612.4099731445312,613.0098876953125,657717
2026-01-02 17:30:00+00:00,613.010009765625,613.3372192382812,612.4000244140625,612.6699829101562,534166
2026-01-02 17:45:00+00:00,612.6900024414062,612.9500122070312,611.260009765625,611.5599975585938,910113
2026-01-02 18:00:00+00:00,611.52001953125,612.2012939453125,611.2999877929688,611.3499755859375,541718
2026-01-02 18:15:00+00:00,611.3599853515625,612.4949951171875,611.1500244140625,611.760009765625,543263
2026-01-02 18:30:00+00:00,611.75,612.0900268554688,611.3599853515625,611.8900146484375,484841
2026-01-02 18:45:00+00:00,611.9000244140625,612.1900024414062,610.1500244140625,610.8400268554688,1092071
2026-01-02 19:00:00+00:00,610.8377075195312,613.2000122070312,610.7100219726562,613.010009765625,918290
2026-01-02 19:15:00+00:00,613.010009765625,613.8099975585938,612.469970703125,613.5900268554688,897162
2026-01-02 19:30:00+00:00,613.5900268554688,614.6900024414062,613.5700073242188,614.1649780273438,1245857
2026-01-02 19:45:00+00:00,614.1599731445312,614.385009765625,613.0650024414062,613.3599853515625,780776
2026-01-02 20:00:00+00:00,613.3499755859375,614.1900024414062,613.0900268554688,613.8499755859375,610149
2026-01-02 20:15:00+00:00,613.8499755859375,614.5499877929688,613.739990234375,614.1099853515625,633911
2026-01-02 20:30:00+00:00,614.0999755859375,614.3200073242188,613.1649780273438,613.2100219726562,904123
2026-01-02 20:45:00+00:00,613.2100219726562,613.4600219726562,612.5,613.0900268554688,23471914
2026-01-05 14:30:00+00:00,619.6900024414062,619.8099975585938,616.719970703125,618.27001953125,4193589
2026-01-05 14:45:00+00:00,618.27001953125,619.02001953125,617.280029296875,618.0599975585938,1783952
2026-01-05 15:00:00+00:00,618.0999755859375,619.4600219726562,617.4099731445312,619.1699829101562,1362794
2026-01-05 15:15:00+00:00,619.219970703125,620.22998046875,618.8499755859375,619.9801025390625,1113997
2026-01-05 15:30:00+00:00,620.0,620.3900146484375,619.1199951171875,619.2100219726562,1018408
2026-01-05 15:45:00+00:00,619.210205078125,619.9299926757812,619.2000122070312,619.780029296875,735435
2026-01-05 16:00:00+00:00,619.780029296875,620.5399780273438,619.4600830078125,619.969970703125,989879
2026-01-05 16:15:00+00:00,619.969970703125,620.3900146484375,619.8699951171875,620.239990234375,716502
2026-01-05 16:30:00+00:00,620.22998046875,620.5449829101562,619.72998046875,620.1599731445312,806282
2026-01-05 16:45:00+00:00,620.1599731445312,620.8099975585938,619.6099853515625,619.6500244140625,889070
2026-01-05 17:00:00+00:00,619.6599731445312,619.989990234375,619.2899780273438,619.9550170898438,742654
2026-01-05 17:15:00+00:00,619.9600219726562,619.97998046875,618.6190185546875,618.9199829101562,782708
2026-01-05 17:30:00+00:00,618.9500122070312,619.030029296875,618.4299926757812,618.5900268554688,751492
2026-01-05 17:45:00+00:00,618.5700073242188,619.0999755859375,618.52001953125,618.9000244140625,515333
2026-01-05 18:00:00+00:00,618.8800048828125,619.030029296875,618.0,618.1900024414062,587180
2026-01-05 18:15:00+00:00,618.2000122070312,618.4299926757812,617.25,618.385009765625,991286
2026-01-05 18:30:00+00:00,618.3900146484375,618.739990234375,618.0,618.6900024414062,552474
2026-01-05 18:45:00+00:00,618.7100219726562,618.8599853515625,618.4044189453125,618.5650024414062,573029
2026-01-05 19:00:00+00:00,618.5700073242188,618.6900024414062,618.0700073242188,618.2799072265625,434965
2026-01-05 19:15:00+00:00,618.280029296875,618.3499755859375,617.8599853515625,617.9000244140625,777299
2026-01-05 19:30:00+00:00,617.9000244140625,618.0399780273438,617.0399780273438,617.3599853515625,586760
2026-01-05 19:45:00+00:00,617.3499755859375,617.9500122070312,617.3499755859375,617.7000732421875,541405
2026-01-05 20:00:00+00:00,617.7000122070312,618.3364868164062,617.4500122070312,618.260009765625,1074999
2026-01-05 20:15:00+00:00,618.25,618.3800048828125,618.0700073242188,618.25,399923
2026-01-05 20:30:00+00:00,618.25,618.3699951171875,618.030029296875,618.25,816359
2026-01-05 20:45:00+00:00,618.25,618.5800170898438,617.4500122070312,617.9500122070312,1560829
2026-01-06 14:30:00+00:00,619.219970703125,620.1599731445312,618.5499877929688,619.02001953125,2546432
2026-01-06 14:45:00+00:00,620.3699951171875,622.1900024414062,620.3400268554688,621.984375,1825952
2026-01-06 15:00:00+00:00,621.9600219726562,622.4500122070312,621.3499755859375,621.989990234375,1391343
2026-01-06 15:15:00+00:00,621.989990234375,622.5900268554688,621.510009765625,622.4299926757812,968195
2026-01-06 15:30:00+00:00,622.4199829101562,622.4500122070312,621.4299926757812,621.5,1208671
2026-01-06 15:45:00+00:00,621.1199951171875,621.5599975585938,620.0999755859375,620.4299926757812,1602572
2026-01-06 16:00:00+00:00,620.4199829101562,620.4349975585938,619.405029296875,620.0833129882812,1148902
2026-01-06 16:15:00+00:00,620.1900024414062,620.9199829101562,619.8499755859375,620.2000122070312,987079
2026-01-06 16:30:00+00:00,620.2100219726562,620.6699829101562,620.1099853515625,620.64501953125,573606
2026-01-06 16:45:00+00:00,620.6199951171875,620.7044067382812,620.0427856445312,620.3499145507812,877525
2026-01-06 17:00:00+00:00,620.4000244140625,621.1300048828125,620.14990234375,621.094970703125,654051
2026-01-06 17:15:00+00:00,621.0999755859375,621.7899780273438,621.0,621.58251953125,781615
2026-01-06 17:30:00+00:00,621.5900268554688,622.780029296875,621.5700073242188,622.25,856046
2026-01-06 17:45:00+00:00,622.4000244140625,622.4149780273438,621.9500122070312,622.1599731445312,541867
2026-01-06 18:00:00+00:00,622.1799926757812,622.25,621.8699951171875,622.25,471082
2026-01-06 18:15:00+00:00,622.239990234375,622.6599731445312,622.0999755859375,622.1400146484375,412154
2026-01-06 18:30:00+00:00,622.2509765625,622.7249755859375,621.9199829101562,622.719970703125,543571
2026-01-06 18:45:00+00:00,622.719970703125,623.22998046875,622.6799926757812,623.219970703125,887186
2026-01-06 19:00:00+00:00,623.219970703125,623.3499755859375,622.969970703125,623.1900024414062,393225
2026-01-06 19:15:00+00:00,623.219970703125,623.4053955078125,623.1740112304688,623.340087890625,425136
2026-01-06 19:30:00+00:00,623.4066772460938,623.6099853515625,623.3599853515625,623.4849853515625,516320
2026-01-06 19:45:00+00:00,623.489990234375,623.5549926757812,623.2650146484375,623.2899780273438,524434
2026-01-06 20:00:00+00:00,623.2999877929688,623.4650268554688,623.155029296875,623.39501953125,371987
2026-01-06 20:15:00+00:00,623.4500122070312,623.6400146484375,623.3543701171875,623.3599853515625,475836
2026-01-06 20:30:00+00:00,623.3499755859375,623.9351196289062,623.2999877929688,623.8699951171875,867955
2026-01-06 20:45:00+00:00,623.8250122070312,623.989990234375,623.719970703125,623.7999877929688,1108748
2026-01-07 14:30:00+00:00,623.0399780273438,624.7996215820312,622.5599975585938,624.5499877929688,2946492
2026-01-07 14:45:00+00:00,624.5599975585938,625.1500244140625,624.22998046875,624.5999755859375,1388249
2026-01-07 15:00:00+00:00,624.6300048828125,624.9299926757812,623.530029296875,624.6599731445312,3940956
2026-01-07 15:15:00+00:00,624.6599731445312,625.0609741210938,623.760009765625,624.8300170898438,928711
2026-01-07 15:30:00+00:00,624.8300170898438,625.6900024414062,623.52001953125,624.5499877929688,1623932
2026-01-07 15:45:00+00:00,624.5700073242188,625.9099731445312,624.4949951171875,625.780029296875,822029
2026-01-07 16:00:00+00:00,625.7899780273438,626.27001953125,625.719970703125,626.2100830078125,658783
2026-01-07 16:15:00+00:00,626.22998046875,626.3099975585938,625.1441040039062,625.5399780273438,838956
2026-01-07 16:30:00+00:00,625.5399169921875,626.719970703125,625.4099731445312,626.6649780273438,782824
2026-01-07 16:45:00+00:00,626.6699829101562,627.3400268554688,626.5900268554688,627.3099975585938,9292703
2026-01-07 17:00:00+00:00,627.3099975585938,627.75,627.1849975585938,627.4580078125,414464
2026-01-07 17:15:00+00:00,627.4500122070312,627.7999877929688,627.3200073242188,627.655029296875,504931
2026-01-07 17:30:00+00:00,627.6599731445312,627.9400024414062,627.4299926757812,627.8900146484375,515524
2026-01-07 17:45:00+00:00,627.8900146484375,627.9400024414062,627.1099853515625,627.3499755859375,681792
2026-01-07 18:00:00+00:00,627.3200073242188,627.3699951171875,626.7999877929688,627.1192016601562,457667
2026-01-07 18:15:00+00:00,627.1300048828125,627.1300048828125,626.280029296875,626.3699951171875,613325
2026-01-07 18:30:00+00:00,626.3800048828125,627.3800048828125,626.3699951171875,627.3300170898438,639433
2026-01-07 18:45:00+00:00,627.334228515625,627.5399780273438,626.8699951171875,626.989990234375,560597
2026-01-07 19:00:00+00:00,626.989990234375,627.0050048828125,625.6799926757812,626.1099853515625,686185
2026-01-07 19:15:00+00:00,626.1199951171875,626.1699829101562,625.4400024414062,625.64501953125,810049
2026-01-07 19:30:00+00:00,625.669921875,626.169921875,625.47998046875,626.02001953125,646369
2026-01-07 19:45:00+00:00,626.02001953125,626.0827026367188,625.6900024414062,625.7150268554688,425945
2026-01-07 20:00:00+00:00,625.7150268554688,625.989990234375,624.7999877929688,624.9400024414062,14691036
2026-01-07 20:15:00+00:00,624.9400024414062,625.3499755859375,624.510009765625,624.7000122070312,550013
2026-01-07 20:30:00+00:00,624.7000122070312,624.75,623.6199951171875,624.0499877929688,1380278
2026-01-07 20:45:00+00:00,624.0599975585938,624.3800048828125,623.7000122070312,624.0399780273438,2262718
2026-01-08 14:30:00+00:00,622.25,622.4949951171875,619.0,619.0399780273438,3685910
2026-01-08 14:45:00+00:00,618.5,620.3599853515625,618.47998046875,618.6199951171875,1877273
2026-01-08 15:00:00+00:00,618.5800170898438,620.5,617.7999877929688,620.4000244140625,1862589
2026-01-08 15:15:00+00:00,620.4000244140625,621.25,620.1599731445312,620.8699951171875,1263090
2026-01-08 15:30:00+00:00,620.8499755859375,621.0599975585938,619.1199951171875,620.530029296875,1360627
2026-01-08 15:45:00+00:00,620.5399780273438,620.72998046875,618.7979736328125,620.5300903320312,1669382
2026-01-08 16:00:00+00:00,620.5499877929688,620.5900268554688,619.1900024414062,619.3699951171875,899302
2026-01-08 16:15:00+00:00,619.3599853515625,620.1900024414062,618.8599853515625,619.1199951171875,986431
2026-01-08 16:30:00+00:00,619.0700073242188,619.7628173828125,618.1199951171875,619.6699829101562,1193559
2026-01-08 16:45:00+00:00,619.6799926757812,620.385009765625,619.27001953125,620.1968994140625,10808726
2026-01-08 17:00:00+00:00,620.1900024414062,620.27001953125,619.3300170898438,619.7100219726562,658922
2026-01-08 17:15:00+00:00,619.7000122070312,620.4199829101562,619.1300048828125,619.3630981445312,563181
2026-01-08 17:30:00+00:00,619.3599853515625,620.4400024414062,619.3298950195312,620.27001953125,594019
2026-01-08 17:45:00+00:00,620.27001953125,620.989990234375,620.260009765625,620.4210815429688,772623
2026-01-08 18:00:00+00:00,620.4199829101562,620.5150146484375,618.989990234375,619.1284790039062,938657
2026-01-08 18:15:00+00:00,619.1199951171875,620.1500244140625,618.9600219726562,619.9000244140625,612782
2026-01-08 18:30:00+00:00,619.9000244140625,620.0899047851562,619.6500244140625,619.9299926757812,666274
2026-01-08 18:45:00+00:00,619.9299926757812,620.3101196289062,619.0800170898438,619.2344970703125,591518
2026-01-08 19:00:00+00:00,619.22998046875,619.8599853515625,618.8198852539062,618.8300170898438,825453
2026-01-08 19:15:00+00:00,618.8200073242188,619.6400146484375,618.4099731445312,619.1400146484375,15879481
2026-01-08 19:30:00+00:00,619.1300048828125,619.5700073242188,618.7899780273438,618.9633178710938,446156
2026-01-08 19:45:00+00:00,618.969970703125,619.5700073242188,618.8800048828125,619.2899780273438,825236
2026-01-08 20:00:00+00:00,619.27001953125,619.823486328125,619.0850219726562,619.7855224609375,459149
2026-01-08 20:15:00+00:00,619.7899780273438,620.4600219726562,619.4000244140625,620.27001953125,651842
2026-01-08 20:30:00+00:00,620.2899780273438,620.8400268554688,620.0599975585938,620.369873046875,739595
2026-01-08 20:45:00+00:00,620.3599853515625,620.8499755859375,620.159912109375,620.4099731445312,1631272
2026-01-09 14:30:00+00:00,620.25,623.260009765625,619.8400268554688,622.344970703125,3902924
2026-01-09 14:45:00+00:00,622.3200073242188,622.75,620.4600219726562,621.9215087890625,1244209
2026-01-09 15:00:00+00:00,621.9500122070312,622.52001953125,619.0599975585938,622.22998046875,2116354
2026-01-09 15:15:00+00:00,622.22998046875,624.89501953125,621.8660278320312,624.739990234375,1754808
2026-01-09 15:30:00+00:00,624.75,625.3400268554688,622.9849853515625,623.010009765625,1398924
2026-01-09 15:45:00+00:00,623.010009765625,623.8300170898438,622.530029296875,623.77001953125,1393253
2026-01-09 16:00:00+00:00,623.7999877929688,625.8800048828125,623.77001953125,625.6300048828125,1174426
2026-01-09 16:15:00+00:00,625.6300048828125,625.7100219726562,624.8699951171875,624.970703125,778425
2026-01-09 16:30:00+00:00,624.969970703125,625.280029296875,624.530029296875,625.0999755859375,596496
2026-01-09 16:45:00+00:00,625.0800170898438,626.3300170898438,625.0599975585938,626.0900268554688,964024
2026-01-09 17:00:00+00:00,626.0700073242188,626.4600219726562,625.8200073242188,626.1699829101562,741723
2026-01-09 17:15:00+00:00,626.1599731445312,626.3800048828125,625.5050048828125,626.1599731445312,600957
2026-01-09 17:30:00+00:00,626.1599731445312,626.4600219726562,625.9400024414062,626.0900268554688,446117
2026-01-09 17:45:00+00:00,626.0800170898438,626.6900024414062,625.9849853515625,626.4000244140625,731037
2026-01-09 18:00:00+00:00,626.4000244140625,626.4000244140625,625.5349731445312,625.6599731445312,698784
2026-01-09 18:15:00+00:00,625.6599731445312,626.0800170898438,625.4400024414062,626.0700073242188,671114
2026-01-09 18:30:00+00:00,626.0499877929688,627.280029296875,626.0399780273438,626.7901000976562,766717
2026-01-09 18:45:00+00:00,626.7899780273438,627.4600219726562,626.739990234375,627.3099975585938,600669
2026-01-09 19:00:00+00:00,627.3099975585938,627.3400268554688,627.0050048828125,627.1400146484375,422022
2026-01-09 19:15:00+00:00,627.1400146484375,627.4349975585938,627.1400146484375,627.260009765625,13195878
2026-01-09 19:30:00+00:00,627.260009765625,627.3800048828125,627.0999755859375,627.3300170898438,422188
2026-01-09 19:45:00+00:00,627.3300170898438,627.5800170898438,627.1199951171875,627.1400146484375,546065
2026-01-09 20:00:00+00:00,627.1300048828125,627.6199951171875,627.030029296875,627.4299926757812,507006
2026-01-09 20:15:00+00:00,627.4299926757812,627.8900146484375,627.3800048828125,627.4500122070312,686861
2026-01-09 20:30:00+00:00,627.4600219726562,627.5900268554688,627.1699829101562,627.3300170898438,897127
2026-01-09 20:45:00+00:00,627.3300170898438,627.4199829101562,626.635009765625,626.6599731445312,2310045
2026-01-12 14:30:00+00:00,622.3099975585938,625.7999877929688,622.260009765625,624.8400268554688,3494216
2026-01-12 14:45:00+00:00,624.8599853515625,626.5399780273438,624.4099731445312,625.969970703125,1595613
2026-01-12 15:00:00+00:00,625.989990234375,626.1400146484375,625.1799926757812,626.0900268554688,1325388
2026-01-12 15:15:00+00:00,626.0900268554688,626.760009765625,625.5999755859375,626.47998046875,1313947
2026-01-12 15:30:00+00:00,626.469970703125,626.510009765625,625.3400268554688,625.6400146484375,1188055
2026-01-12 15:45:00+00:00,625.6400146484375,626.4299926757812,625.0900268554688,626.3250122070312,776974
2026-01-12 16:00:00+00:00,626.3200073242188,627.0800170898438,625.989990234375,627.0700073242188,755053
2026-01-12 16:15:00+00:00,627.0700073242188,627.3900146484375,626.6580200195312,626.9299926757812,794606
2026-01-12 16:30:00+00:00,626.9349975585938,627.2100219726562,626.719970703125,626.7349853515625,366872
2026-01-12 16:45:00+00:00,626.7420043945312,627.6099853515625,626.47998046875,627.4000244140625,643245
2026-01-12 17:00:00+00:00,627.4000244140625,627.7100219726562,627.1849975585938,627.6099853515625,452772
2026-01-12 17:15:00+00:00,627.5999755859375,627.6500244140625,627.1300048828125,627.4495849609375,400325
2026-01-12 17:30:00+00:00,627.4400024414062,627.4400024414062,626.8699951171875,627.3499755859375,340529
2026-01-12 17:45:00+00:00,627.3599853515625,627.6799926757812,627.3099975585938,627.5850219726562,394657
2026-01-12 18:00:00+00:00,627.5900268554688,628.1500244140625,627.510009765625,627.97998046875,482700
2026-01-12 18:15:00+00:00,627.989990234375,628.27001953125,627.75,628.1199951171875,312830
2026-01-12 18:30:00+00:00,628.1300048828125,628.1799926757812,627.8400268554688,627.9149780273438,269928
2026-01-12 18:45:00+00:00,627.9149780273438,628.16650390625,627.719970703125,627.8250122070312,344288
2026-01-12 19:00:00+00:00,627.8200073242188,627.9500122070312,627.4400024414062,627.8941040039062,353968
2026-01-12 19:15:00+00:00,627.9000244140625,628.4199829101562,627.8099975585938,628.260009765625,393668
2026-01-12 19:30:00+00:00,628.27001953125,628.72998046875,628.25,628.510009765625,634238
2026-01-12 19:45:00+00:00,628.510009765625,628.739990234375,628.4598999023438,628.7000122070312,313320
2026-01-12 20:00:00+00:00,628.7050170898438,628.844970703125,628.2899780273438,628.4099731445312,409043
2026-01-12 20:15:00+00:00,628.4063110351562,628.4099731445312,628.02001953125,628.1400146484375,610631
2026-01-12 20:30:00+00:00,628.1400146484375,628.260009765625,627.7349853515625,627.8701171875,13224032
2026-01-12 20:45:00+00:00,627.8699951171875,628.1300048828125,627.1699829101562,627.1900024414062,1846887
2026-01-13 14:30:00+00:00,627.239990234375,629.469970703125,626.7899780273438,628.2390747070312,3081091
2026-01-13 14:45:00+00:00,628.2000122070312,628.510009765625,627.0399780273438,627.2000122070312,1288872
2026-01-13 15:00:00+00:00,627.1799926757812,627.7000122070312,625.8699951171875,626.3800048828125,1211593
2026-01-13 15:15:00+00:00,626.3900146484375,626.3900146484375,623.9400024414062,624.6691284179688,1233656
2026-01-13 15:30:00+00:00,624.6339721679688,625.6199951171875,624.1300048828125,624.458984375,984481
2026-01-13 15:45:00+00:00,624.4400024414062,626.1500244140625,623.8800048828125,625.9500122070312,842192
2026-01-13 16:00:00+00:00,625.9299926757812,626.3402709960938,625.6300048828125,626.1400146484375,569764
2026-01-13 16:15:00+00:00,626.135009765625,626.6500244140625,624.7999877929688,626.1881713867188,697951
2026-01-13 16:30:00+00:00,626.1300048828125,628.0,625.9099731445312,627.7999877929688,1053108
2026-01-13 16:45:00+00:00,627.7999877929688,629.0399780273438,627.739990234375,628.6199951171875,1066180
2026-01-13 17:00:00+00:00,628.6199951171875,628.8400268554688,628.2349853515625,628.260009765625,505396
2026-01-13 17:15:00+00:00,628.260009765625,628.3099975585938,627.0900268554688,627.6298828125,799051
2026-01-13 17:30:00+00:00,627.6300048828125,627.9099731445312,626.4000244140625,626.655029296875,610620
2026-01-13 17:45:00+00:00,626.6699829101562,627.1500244140625,625.010009765625,625.4600219726562,865230
2026-01-13 18:00:00+00:00,625.4400024414062,626.1162109375,624.8599853515625,626.1162109375,745947
2026-01-13 18:15:00+00:00,626.125,626.2899780273438,625.2000122070312,625.4199829101562,427662
2026-01-13 18:30:00+00:00,625.4099731445312,626.1199951171875,625.1500244140625,625.2271728515625,419518
2026-01-13 18:45:00+00:00,625.1990966796875,625.5599975585938,624.4299926757812,624.5980834960938,696014
2026-01-13 19:00:00+00:00,624.6099853515625,624.8900146484375,624.1500244140625,624.3499755859375,475504
2026-01-13 19:15:00+00:00,624.3400268554688,625.3200073242188,624.3201293945312,625.219970703125,671945
2026-01-13 19:30:00+00:00,625.1901245117188,625.3800048828125,624.8200073242188,625.0,465058
2026-01-13 19:45:00+00:00,625.010009765625,625.6900024414062,624.7000122070312,625.239990234375,529839
2026-01-13 20:00:00+00:00,625.22998046875,625.25,624.5499877929688,624.6099853515625,596213
2026-01-13 20:15:00+00:00,624.6199951171875,624.8599853515625,624.22998046875,624.2849731445312,448055
2026-01-13 20:30:00+00:00,624.280029296875,624.739990234375,623.6950073242188,624.6900024414062,806733
2026-01-13 20:45:00+00:00,624.7000122070312,626.2899780273438,624.489990234375,626.1300048828125,1663471
2026-01-14 14:30:00+00:00,621.9450073242188,623.4500122070312,619.4398803710938,619.6500244140625,4224771
2026-01-14 14:45:00+00:00,619.6300048828125,620.6500244140625,618.4400024414062,618.5399780273438,2635578
2026-01-14 15:00:00+00:00,618.52001953125,620.6900024414062,617.25,620.6300048828125,3261740
2026-01-14 15:15:00+00:00,620.6400146484375,621.0700073242188,619.0599975585938,619.1699829101562,1589782
2026-01-14 15:30:00+00:00,619.1199951171875,619.6599731445312,617.6400146484375,617.85498046875,1441675
2026-01-14 15:45:00+00:00,617.8599853515625,618.1500244140625,615.75,616.260009765625,2786563
2026-01-14 16:00:00+00:00,616.260009765625,617.3099975585938,616.1500244140625,616.4199829101562,1577622
2026-01-14 16:15:00+00:00,616.4197998046875,618.5750122070312,616.2100219726562,618.3099975585938,1404503
2026-01-14 16:30:00+00:00,618.3099975585938,618.6300048828125,616.6900024414062,616.77001953125,1426756
2026-01-14 16:45:00+00:00,616.780029296875,616.780029296875,615.030029296875,615.5,2196207
2026-01-14 17:00:00+00:00,615.489990234375,616.5900268554688,615.0999755859375,616.3400268554688,899978
2026-01-14 17:15:00+00:00,616.3499755859375,616.4600219726562,614.9299926757812,616.2899780273438,1043991
2026-01-14 17:30:00+00:00,616.27001953125,616.27001953125,615.1599731445312,615.9299926757812,914197
2026-01-14 17:45:00+00:00,615.9199829101562,616.659912109375,614.8599853515625,615.25,1050913
2026-01-14 18:00:00+00:00,615.239990234375,616.2899780273438,615.1300048828125,616.1400146484375,809523
2026-01-14 18:15:00+00:00,616.1400146484375,616.4299926757812,615.6099853515625,616.375,659401
2026-01-14 18:30:00+00:00,616.3599853515625,616.6099243164062,614.5599975585938,615.5800170898438,1158805
2026-01-14 18:45:00+00:00,615.5800170898438,617.0499877929688,615.3300170898438,616.7999877929688,1321689
2026-01-14 19:00:00+00:00,616.7999877929688,616.8400268554688,616.1099853515625,616.4600219726562,1055070
2026-01-14 19:15:00+00:00,616.4400024414062,617.02001953125,616.25,616.75,808973
2026-01-14 19:30:00+00:00,616.760009765625,617.1900024414062,616.4901123046875,616.739990234375,619906
2026-01-14 19:45:00+00:00,616.7349853515625,617.2349853515625,616.25,616.4500122070312,709090
2026-01-14 20:00:00+00:00,616.4299926757812,618.6799926757812,615.530029296875,617.7000122070312,2005073
2026-01-14 20:15:00+00:00,617.7000122070312,618.0150146484375,616.8800048828125,617.9299926757812,889875
2026-01-14 20:30:00+00:00,617.9400024414062,619.6400146484375,617.9199829101562,618.4299926757812,1758545
2026-01-14 20:45:00+00:00,618.4500122070312,619.7999877929688,617.9199829101562,619.5999755859375,3216123
2026-01-15 14:30:00+00:00,626.7949829101562,626.9600219726562,624.9000244140625,626.6500244140625,4437293
2026-01-15 14:45:00+00:00,626.6890258789062,627.260009765625,624.6599731445312,625.1599731445312,2184575
2026-01-15 15:00:00+00:00,625.155029296875,625.8499755859375,624.6099853515625,625.5499877929688,1476707
2026-01-15 15:15:00+00:00,625.5399780273438,626.4000244140625,624.6900024414062,625.1400146484375,1028176
2026-01-15 15:30:00+00:00,625.1500244140625,626.6491088867188,624.85498046875,624.9099731445312,1760425
2026-01-15 15:45:00+00:00,624.8900146484375,630.0,623.760009765625,625.7000122070312,1798965
2026-01-15 16:00:00+00:00,625.6900024414062,626.4299926757812,625.5499877929688,625.9174194335938,1075431
2026-01-15 16:15:00+00:00,625.9299926757812,626.77001953125,625.75,626.1900024414062,734244
2026-01-15 16:30:00+00:00,626.1400146484375,626.489990234375,625.6099853515625,626.4199829101562,716819
2026-01-15 16:45:00+00:00,626.4199829101562,626.9398803710938,626.1199951171875,626.6400146484375,601472
2026-01-15 17:00:00+00:00,626.6099853515625,626.9600219726562,626.1950073242188,626.25,468205
2026-01-15 17:15:00+00:00,626.260009765625,626.3200073242188,625.510009765625,625.590087890625,664022
2026-01-15 17:30:00+00:00,625.603271484375,625.7800903320312,625.0999755859375,625.6300048828125,1145813
2026-01-15 17:45:00+00:00,625.6300048828125,625.9400024414062,624.8699951171875,624.969970703125,481998
2026-01-15 18:00:00+00:00,624.9199829101562,626.010009765625,624.8499755859375,625.7100219726562,627367
2026-01-15 18:15:00+00:00,625.7000122070312,626.030029296875,625.4000244140625,626.0001220703125,368658
2026-01-15 18:30:00+00:00,625.97998046875,626.3200073242188,625.780029296875,625.969970703125,403473
2026-01-15 18:45:00+00:00,625.97998046875,626.0599975585938,625.5700073242188,625.7371215820312,550410
2026-01-15 19:00:00+00:00,625.7100219726562,625.7100219726562,624.2098999023438,624.6199951171875,745695
2026-01-15 19:15:00+00:00,624.5999755859375,624.8099975585938,623.47998046875,623.6799926757812,821348
2026-01-15 19:30:00+00:00,623.6500244140625,623.780029296875,622.5599975585938,623.3699951171875,1724866
2026-01-15 19:45:00+00:00,623.3699951171875,623.6099853515625,622.3599853515625,622.6199951171875,1033306
2026-01-15 20:00:00+00:00,622.6199951171875,622.9500122070312,622.010009765625,622.47998046875,852939
2026-01-15 20:15:00+00:00,622.469970703125,622.47998046875,621.030029296875,621.7100219726562,1612452
2026-01-15 20:30:00+00:00,621.6799926757812,621.8900146484375,620.9500122070312,621.52001953125,1055102
2026-01-15 20:45:00+00:00,621.530029296875,621.8179931640625,620.7899780273438,621.6599731445312,2130072
2026-01-16 14:30:00+00:00,625.22998046875,626.0800170898438,624.3748168945312,624.3796997070312,3277387
2026-01-16 14:45:00+00:00,624.3900146484375,624.9500122070312,622.1400146484375,622.1900024414062,2047112
2026-01-16 15:00:00+00:00,622.1900024414062,623.0599975585938,621.719970703125,621.9849853515625,1896581
2026-01-16 15:15:00+00:00,621.989990234375,622.1900024414062,620.6599731445312,620.75,2098787
2026-01-16 15:30:00+00:00,620.739990234375,620.8599853515625,618.8900146484375,619.6300048828125,20458775
2026-01-16 15:45:00+00:00,619.6400146484375,621.0599975585938,619.1099243164062,621.02880859375,1670934
2026-01-16 16:00:00+00:00,621.02001953125,621.594970703125,620.5399780273438,621.219970703125,1452787
2026-01-16 16:15:00+00:00,621.22998046875,621.9149780273438,620.989990234375,621.8499145507812,1028122
2026-01-16 16:30:00+00:00,621.8599853515625,622.4749755859375,621.7899780273438,622.3499755859375,823929
2026-01-16 16:45:00+00:00,622.3499755859375,622.7000122070312,621.125,621.8200073242188,14745446
2026-01-16 17:00:00+00:00,621.8300170898438,621.9349975585938,621.4598999023438,621.6599731445312,350938
2026-01-16 17:15:00+00:00,621.6400146484375,621.8400268554688,621.3298950195312,621.4400024414062,680840
2026-01-16 17:30:00+00:00,621.4400024414062,621.75,620.9000244140625,621.45361328125,781610
2026-01-16 17:45:00+00:00,621.4400024414062,621.4400024414062,620.4099731445312,620.4550170898438,659296
2026-01-16 18:00:00+00:00,620.4600219726562,621.47998046875,620.3200073242188,621.27001953125,16625721
2026-01-16 18:15:00+00:00,621.260009765625,622.1300048828125,621.25,621.8800048828125,656470
2026-01-16 18:30:00+00:00,621.8800048828125,622.1801147460938,621.6599731445312,621.875,564835
2026-01-16 18:45:00+00:00,621.8800048828125,622.0399780273438,621.6599731445312,621.7999877929688,817556
2026-01-16 19:00:00+00:00,621.7949829101562,622.5599975585938,621.219970703125,621.2999877929688,784189
2026-01-16 19:15:00+00:00,621.2899780273438,621.4400024414062,620.760009765625,620.97998046875,860406
2026-01-16 19:30:00+00:00,620.97998046875,621.9500122070312,620.9199829101562,621.6199951171875,21267224
2026-01-16 19:45:00+00:00,621.6298828125,622.094970703125,621.5900268554688,621.7963256835938,532277
2026-01-16 20:00:00+00:00,621.7999877929688,622.0599975585938,621.510009765625,621.9500122070312,647642
2026-01-16 20:15:00+00:00,621.9400024414062,622.1199951171875,621.6699829101562,621.6900024414062,497328
2026-01-16 20:30:00+00:00,621.6799926757812,621.9598999023438,621.3200073242188,621.6300048828125,23294173
2026-01-16 20:45:00+00:00,621.6300048828125,621.780029296875,620.969970703125,621.0499877929688,2475983
2026-01-20 14:30:00+00:00,610.530029296875,613.2899780273438,610.3300170898438,612.739990234375,6346159
2026-01-20 14:45:00+00:00,612.77001953125,613.594970703125,611.1799926757812,612.5175170898438,3088696
2026-01-20 15:00:00+00:00,612.47998046875,612.72998046875,611.02001953125,611.594970703125,2591390
2026-01-20 15:15:00+00:00,611.5800170898438,613.47998046875,610.8900146484375,613.4359741210938,3183645
2026-01-20 15:30:00+00:00,613.4299926757812,614.469970703125,613.1199951171875,614.4199829101562,1778768
2026-01-20 15:45:00+00:00,612.6400146484375,613.5150146484375,612.5999755859375,613.47998046875,2883387
2026-01-20 16:00:00+00:00,613.489990234375,615.0399780273438,613.3800048828125,614.3499755859375,1960751
2026-01-20 16:15:00+00:00,614.3400268554688,614.530029296875,612.77001953125,614.4500122070312,1598690
2026-01-20 16:30:00+00:00,614.4500122070312,615.0499877929688,613.1900024414062,613.260009765625,1271126
2026-01-20 16:45:00+00:00,613.260009765625,614.6699829101562,612.8400268554688,614.2999877929688,15417721
2026-01-20 17:00:00+00:00,614.2899780273438,614.5,613.02001953125,613.4199829101562,1168674
2026-01-20 17:15:00+00:00,613.4099731445312,613.6500244140625,612.5900268554688,612.8806762695312,1130175
2026-01-20 17:30:00+00:00,612.8800048828125,612.8800048828125,611.7399291992188,611.75,1511136
2026-01-20 17:45:00+00:00,611.7410278320312,611.989990234375,610.9000244140625,611.7559814453125,1731866
2026-01-20 18:00:00+00:00,611.77001953125,612.2100219726562,611.3200073242188,611.5700073242188,16497674
2026-01-20 18:15:00+00:00,611.5700073242188,611.6300048828125,610.6099853515625,610.6900024414062,722946
2026-01-20 18:30:00+00:00,610.6599731445312,610.8699951171875,609.5700073242188,609.7550048828125,1553692
2026-01-20 18:45:00+00:00,609.75,610.02001953125,608.8204956054688,609.5255126953125,1587516
2026-01-20 19:00:00+00:00,609.52001953125,610.1300048828125,609.02001953125,609.3499145507812,1227191
2026-01-20 19:15:00+00:00,609.3499755859375,609.3599853515625,608.2999877929688,608.5900268554688,1249449
2026-01-20 19:30:00+00:00,608.5599975585938,609.0280151367188,607.780029296875,608.2999877929688,1666571
2026-01-20 19:45:00+00:00,608.2899780273438,608.969970703125,608.1199951171875,608.77001953125,1056825
2026-01-20 20:00:00+00:00,608.7899780273438,608.7899780273438,607.5599975585938,607.6298828125,22861562
2026-01-20 20:15:00+00:00,607.6400146484375,608.75,607.469970703125,607.77001953125,1098628
2026-01-20 20:30:00+00:00,607.7999877929688,608.1300048828125,607.1900024414062,607.5850219726562,1542663
2026-01-20 20:45:00+00:00,607.5900268554688,608.1099853515625,607.0599975585938,608.0900268554688,4416049
2026-01-21 14:30:00+00:00,609.469970703125,610.1400146484375,607.863525390625,609.6400146484375,5259354
2026-01-21 14:45:00+00:00,609.6400146484375,612.9299926757812,609.530029296875,612.5999755859375,1815150
2026-01-21 15:00:00+00:00,612.5999755859375,613.02001953125,611.8900146484375,612.6799926757812,1631148
2026-01-21 15:15:00+00:00,612.7000122070312,614.0800170898438,612.4500122070312,613.9044799804688,1766151
2026-01-21 15:30:00+00:00,613.9000244140625,615.8400268554688,613.8699951171875,615.6300048828125,1549984
2026-01-21 15:45:00+00:00,615.6699829101562,616.489990234375,615.6699829101562,616.0549926757812,1587677
2026-01-21 16:00:00+00:00,616.0499877929688,616.619873046875,615.5,615.719970703125,1284489
2026-01-21 16:15:00+00:00,615.7100219726562,616.22998046875,615.3900146484375,615.75,894021
2026-01-21 16:30:00+00:00,615.75,615.7899780273438,611.7449951171875,611.8200073242188,2669989
2026-01-21 16:45:00+00:00,611.8200073242188,612.219970703125,610.0999755859375,610.302001953125,2211928
2026-01-21 17:00:00+00:00,610.3099975585938,611.0863037109375,608.25,608.4998779296875,1832110
2026-01-21 17:15:00+00:00,608.5,610.3685913085938,608.219970703125,609.75,1692849
2026-01-21 17:30:00+00:00,609.75,610.030029296875,608.9201049804688,609.1649780273438,15474834
2026-01-21 17:45:00+00:00,609.1649780273438,611.0501098632812,608.8499755859375,610.6799926757812,913090
2026-01-21 18:00:00+00:00,610.6900024414062,610.8402709960938,608.4168701171875,610.3400268554688,1269772
2026-01-21 18:15:00+00:00,610.3800048828125,610.6099853515625,609.219970703125,610.4500122070312,873311
2026-01-21 18:30:00+00:00,610.4600219726562,610.9650268554688,609.72998046875,610.4000244140625,522294
2026-01-21 18:45:00+00:00,610.6900024414062,611.8599853515625,610.6500244140625,611.5700073242188,1122810
2026-01-21 19:00:00+00:00,611.5499877929688,611.8800048828125,610.3599853515625,610.603515625,756667
2026-01-21 19:15:00+00:00,610.5999755859375,615.77001953125,610.3900146484375,615.0800170898438,2106145
2026-01-21 19:30:00+00:00,615.10498046875,618.510009765625,614.8699951171875,618.1500244140625,3502400
2026-01-21 19:45:00+00:00,618.1599731445312,620.280029296875,618.1500244140625,620.0900268554688,3567274
2026-01-21 20:00:00+00:00,620.0900268554688,620.4199829101562,618.510009765625,618.8989868164062,1910181
2026-01-21 20:15:00+00:00,618.9000244140625,619.0,616.4400024414062,616.4600830078125,1817862
2026-01-21 20:30:00+00:00,616.4600219726562,617.1900024414062,615.52001953125,616.4299926757812,1986104
2026-01-21 20:45:00+00:00,616.4199829101562,616.6400146484375,615.510009765625,616.0999755859375,27847871
2026-01-22 14:30:00+00:00,621.219970703125,621.7799072265625,619.5499877929688,620.3599853515625,3812116
2026-01-22 14:45:00+00:00,620.3599853515625,620.6099853515625,618.1500244140625,618.8099975585938,4999721
2026-01-22 15:00:00+00:00,618.8200073242188,618.9400024414062,617.780029296875,618.1699829101562,1284793
2026-01-22 15:15:00+00:00,618.1699829101562,619.530029296875,617.8099975585938,619.0999755859375,1494695
2026-01-22 15:30:00+00:00,619.1300048828125,620.4500122070312,618.6300048828125,620.4000244140625,1159977
2026-01-22 15:45:00+00:00,620.3900146484375,620.7100219726562,619.3400268554688,619.4400024414062,1047413
2026-01-22 16:00:00+00:00,619.4299926757812,620.7100219726562,619.3900146484375,620.5700073242188,839774
2026-01-22 16:15:00+00:00,620.5599975585938,621.3298950195312,620.239990234375,621.0499877929688,756684
2026-01-22 16:30:00+00:00,621.010009765625,621.4299926757812,620.72998046875,621.22998046875,506465
2026-01-22 16:45:00+00:00,621.239990234375,621.6699829101562,620.7899780273438,620.9201049804688,554549
2026-01-22 17:00:00+00:00,620.9199829101562,621.5399780273438,620.5499877929688,621.3900146484375,579460
2026-01-22 17:15:00+00:00,621.4099731445312,621.489990234375,620.6500244140625,621.1799926757812,402291
2026-01-22 17:30:00+00:00,621.219970703125,621.9299926757812,621.2000122070312,621.7039794921875,483143
2026-01-22 17:45:00+00:00,621.7100219726562,622.1900024414062,621.66748046875,621.969970703125,423547
2026-01-22 18:00:00+00:00,621.9600219726562,622.239990234375,621.4600219726562,621.5900268554688,607375
2026-01-22 18:15:00+00:00,621.5800170898438,621.89990234375,621.280029296875,621.6544799804688,338097
2026-01-22 18:30:00+00:00,621.6500244140625,621.8942260742188,621.4500122070312,621.5040283203125,356978
2026-01-22 18:45:00+00:00,621.530029296875,621.9199829101562,620.9000244140625,621.0499877929688,434174
2026-01-22 19:00:00+00:00,621.030029296875,621.9500122070312,621.0,621.719970703125,442534
2026-01-22 19:15:00+00:00,621.7100219726562,622.030029296875,621.5020141601562,621.9099731445312,291216
2026-01-22 19:30:00+00:00,621.9099731445312,622.0,620.989990234375,621.110107421875,480950
2026-01-22 19:45:00+00:00,621.0599975585938,621.22998046875,620.1099853515625,620.239990234375,655423
2026-01-22 20:00:00+00:00,620.219970703125,620.5598754882812,620.0499877929688,620.4400024414062,856162
2026-01-22 20:15:00+00:00,620.4500122070312,620.8250122070312,619.469970703125,619.5,715629
2026-01-22 20:30:00+00:00,619.47998046875,619.780029296875,618.9099731445312,619.6300048828125,1476497
2026-01-22 20:45:00+00:00,619.6400146484375,620.8200073242188,619.6400146484375,620.7849731445312,1767087
2026-01-23 14:30:00+00:00,619.6900024414062,620.7999877929688,618.6500244140625,619.8699951171875,3081019
2026-01-23 14:45:00+00:00,620.1900024414062,621.1300048828125,619.0399780273438,621.1300048828125,1070824
2026-01-23 15:00:00+00:00,621.0800170898438,622.4099731445312,621.0800170898438,621.6950073242188,1678078
2026-01-23 15:15:00+00:00,621.6900024414062,623.4600219726562,621.3499755859375,623.0499877929688,1695651
2026-01-23 15:30:00+00:00,623.0700073242188,623.9749755859375,623.0299072265625,623.8800048828125,978987
2026-01-23 15:45:00+00:00,623.89501953125,624.969970703125,623.6500244140625,624.9450073242188,1109347
2026-01-23 16:00:00+00:00,624.9500122070312,625.39990234375,624.4099731445312,624.8699951171875,1209922
2026-01-23 16:15:00+00:00,624.8900146484375,625.010009765625,623.8170776367188,624.090087890625,851447
2026-01-23 16:30:00+00:00,624.0900268554688,624.9199829101562,623.3800048828125,624.60498046875,1136644
2026-01-23 16:45:00+00:00,624.5900268554688,624.9600219726562,623.9299926757812,624.0399780273438,766749
2026-01-23 17:00:00+00:00,624.0499877929688,624.4199829101562,623.510009765625,624.4199829101562,610972
2026-01-23 17:15:00+00:00,624.4099731445312,624.489990234375,623.8200073242188,624.260009765625,407726
2026-01-23 17:30:00+00:00,624.280029296875,624.3099975585938,622.4500122070312,622.6199951171875,806411
2026-01-23 17:45:00+00:00,622.6400146484375,622.9299926757812,621.5349731445312,621.780029296875,1139939
2026-01-23 18:00:00+00:00,621.780029296875,623.3499755859375,621.6699829101562,622.630126953125,947352
2026-01-23 18:15:00+00:00,622.6799926757812,623.4879760742188,622.6099853515625,623.2050170898438,568873
2026-01-23 18:30:00+00:00,623.219970703125,623.4400024414062,622.5499877929688,622.7100219726562,750919
2026-01-23 18:45:00+00:00,622.7053833007812,622.9298706054688,622.280029296875,622.5599975585938,461603
2026-01-23 19:00:00+00:00,622.5700073242188,623.5700073242188,622.52001953125,623.0750122070312,662101
2026-01-23 19:15:00+00:00,623.0800170898438,623.739990234375,623.0100708007812,623.0349731445312,444965
2026-01-23 19:30:00+00:00,623.030029296875,623.3400268554688,622.4099731445312,623.0499877929688,568045
2026-01-23 19:45:00+00:00,623.0599975585938,623.25,622.6849975585938,623.1099853515625,469662
2026-01-23 20:00:00+00:00,623.0900268554688,623.1799926757812,621.7399291992188,622.5399780273438,13334951
2026-01-23 20:15:00+00:00,622.5499877929688,623.0186767578125,622.1599731445312,622.2000122070312,671459
2026-01-23 20:30:00+00:00,622.1950073242188,622.739990234375,621.8599853515625,622.7000122070312,916921
2026-01-23 20:45:00+00:00,622.7000122070312,623.260009765625,622.280029296875,622.77001953125,2261645
2026-01-26 14:30:00+00:00,623.1900024414062,625.072509765625,622.1199951171875,624.8150024414062,2754300
2026-01-26 14:45:00+00:00,624.8300170898438,625.6900024414062,624.489990234375,625.294921875,1327795
2026-01-26 15:00:00+00:00,625.280029296875,625.5800170898438,624.4550170898438,625.3200073242188,1047939
2026-01-26 15:15:00+00:00,625.3499755859375,626.4500122070312,625.0999755859375,625.489990234375,4793386
2026-01-26 15:30:00+00:00,625.47998046875,626.260009765625,625.2000122070312,625.3300170898438,446322
2026-01-26 15:45:00+00:00,625.3300170898438,626.75,625.3300170898438,626.3350219726562,834224
2026-01-26 16:00:00+00:00,626.3300170898438,626.6900024414062,625.989990234375,626.4500122070312,799196
2026-01-26 16:15:00+00:00,626.4299926757812,627.0,625.6199951171875,626.9000244140625,795191
2026-01-26 16:30:00+00:00,626.9299926757812,627.4400024414062,626.6799926757812,626.719970703125,793653
2026-01-26 16:45:00+00:00,626.7100219726562,627.0399780273438,626.489990234375,626.9349975585938,519327
2026-01-26 17:00:00+00:00,626.9400024414062,627.6099853515625,626.8599853515625,627.1300048828125,624921
2026-01-26 17:15:00+00:00,627.1099853515625,627.4301147460938,626.9600219726562,627.0900268554688,392335
2026-01-26 17:30:00+00:00,627.0800170898438,627.1599731445312,626.739990234375,627.0,386784
2026-01-26 17:45:00+00:00,627.0,627.0,626.3599853515625,626.5698852539062,418217
2026-01-26 18:00:00+00:00,626.5750122070312,626.72998046875,626.1701049804688,626.369873046875,391734
2026-01-26 18:15:00+00:00,626.35498046875,627.1400146484375,626.219970703125,626.97998046875,608505
2026-01-26 18:30:00+00:00,626.97998046875,627.5499877929688,626.6199951171875,626.7100219726562,512397
2026-01-26 18:45:00+00:00,626.7150268554688,626.9199829101562,626.4600219726562,626.7999877929688,384672
2026-01-26 19:00:00+00:00,626.7899780273438,627.1300048828125,626.6500244140625,627.010009765625,330772
2026-01-26 19:15:00+00:00,627.0050048828125,627.1099853515625,626.4600219726562,626.8200073242188,343352
2026-01-26 19:30:00+00:00,626.7999877929688,627.1099853515625,626.5999755859375,626.9199829101562,348260
2026-01-26 19:45:00+00:00,626.9199829101562,626.969970703125,626.3099975585938,626.3200073242188,430556
2026-01-26 20:00:00+00:00,626.3400268554688,626.5880126953125,626.1500244140625,626.3900146484375,347301
2026-01-26 20:15:00+00:00,626.3800048828125,626.4494018554688,626.0499877929688,626.3699951171875,465095
2026-01-26 20:30:00+00:00,626.3800048828125,626.719970703125,626.3099975585938,626.47998046875,514218
2026-01-26 20:45:00+00:00,626.47998046875,626.6699829101562,625.4000854492188,625.47998046875,17048543
2026-01-27 14:30:00+00:00,628.9000244140625,629.6199951171875,627.3400268554688,628.2999877929688,2913096
2026-01-27 14:45:00+00:00,628.3300170898438,630.6900024414062,628.3250122070312,630.5599975585938,1499096
2026-01-27 15:00:00+00:00,630.6199951171875,631.0599975585938,629.8499755859375,630.739990234375,1409424
2026-01-27 15:15:00+00:00,630.75,631.0700073242188,630.2100219726562,630.3200073242188,844717
2026-01-27 15:30:00+00:00,630.3300170898438,631.572509765625,630.239990234375,631.468994140625,930619
2026-01-27 15:45:00+00:00,631.4600219726562,631.6400146484375,630.8200073242188,631.1702880859375,795251
2026-01-27 16:00:00+00:00,631.1799926757812,631.6599731445312,631.0399780273438,631.6400146484375,627520
2026-01-27 16:15:00+00:00,631.6300048828125,631.8300170898438,631.3800048828125,631.4349975585938,479867
2026-01-27 16:30:00+00:00,631.469970703125,631.6599731445312,631.3599853515625,631.4400024414062,401248
2026-01-27 16:45:00+00:00,631.4320068359375,631.5700073242188,631.1300048828125,631.1900024414062,651955
2026-01-27 17:00:00+00:00,631.1900024414062,631.3098754882812,630.8599853515625,630.989990234375,770137
2026-01-27 17:15:00+00:00,630.97998046875,631.405029296875,630.5150146484375,631.2999877929688,598076
2026-01-27 17:30:00+00:00,631.2899780273438,631.489990234375,630.97998046875,631.1199951171875,691580
2026-01-27 17:45:00+00:00,631.1199951171875,631.1500244140625,630.6900024414062,630.7750244140625,346682
2026-01-27 18:00:00+00:00,630.780029296875,631.02001953125,630.219970703125,630.9500122070312,526678
2026-01-27 18:15:00+00:00,630.9199829101562,631.3599853515625,630.9199829101562,631.1500244140625,396769
2026-01-27 18:30:00+00:00,631.1500244140625,631.510009765625,631.1500244140625,631.260009765625,395615
2026-01-27 18:45:00+00:00,631.27001953125,631.6199951171875,631.219970703125,631.4699096679688,330514
2026-01-27 19:00:00+00:00,631.4600219726562,631.4600219726562,631.0700073242188,631.3800048828125,374226
2026-01-27 19:15:00+00:00,631.3800048828125,631.5700073242188,631.3200073242188,631.5208129882812,635456
2026-01-27 19:30:00+00:00,631.530029296875,631.6900024414062,631.1900024414062,631.3599853515625,391836
2026-01-27 19:45:00+00:00,631.3599853515625,631.6749877929688,631.1799926757812,631.52001953125,440304
2026-01-27 20:00:00+00:00,631.510009765625,631.9799194335938,631.3099975585938,631.9500122070312,498181
2026-01-27 20:15:00+00:00,631.9500122070312,632.042724609375,631.5601196289062,631.61767578125,888350
2026-01-27 20:30:00+00:00,631.5999755859375,631.6500244140625,631.3300170898438,631.510009765625,620516
2026-01-27 20:45:00+00:00,631.5,631.719970703125,630.9199829101562,631.0800170898438,2424940
2026-01-28 14:30:00+00:00,635.4600219726562,636.4099731445312,634.52001953125,636.25,3325417
2026-01-28 14:45:00+00:00,636.27001953125,636.5900268554688,634.9299926757812,635.4600219726562,1776825
2026-01-28 15:00:00+00:00,635.4400024414062,635.75,634.510009765625,634.5700073242188,1437426
2026-01-28 15:15:00+00:00,634.5700073242188,635.4893188476562,634.3699951171875,634.6900024414062,5432639
2026-01-28 15:30:00+00:00,634.6799926757812,635.0599975585938,633.760009765625,633.8200073242188,1346832
2026-01-28 15:45:00+00:00,633.8150024414062,633.97998046875,633.22998046875,633.2999877929688,923267
2026-01-28 16:00:00+00:00,633.2899780273438,634.1749877929688,633.2899780273438,633.8099975585938,1166869
2026-01-28 16:15:00+00:00,633.8099975585938,633.8992919921875,632.9849853515625,633.7899780273438,766040
2026-01-28 16:30:00+00:00,633.7868041992188,633.7868041992188,632.2999877929688,632.3250122070312,8571755
2026-01-28 16:45:00+00:00,632.3300170898438,632.6500244140625,631.8099975585938,632.2000122070312,774115
2026-01-28 17:00:00+00:00,632.2000122070312,633.1400146484375,632.1300048828125,633.0377807617188,756573
2026-01-28 17:15:00+00:00,633.030029296875,633.3300170898438,632.1799926757812,632.4199829101562,658177
2026-01-28 17:30:00+00:00,632.4400024414062,632.7100219726562,632.0399780273438,632.5499877929688,558917
2026-01-28 17:45:00+00:00,632.52001953125,633.3499755859375,632.2700805664062,632.780029296875,496888
2026-01-28 18:00:00+00:00,632.780029296875,633.2349853515625,632.3300170898438,633.22998046875,463784
2026-01-28 18:15:00+00:00,633.22998046875,633.5150146484375,633.0712890625,633.25,395692
2026-01-28 18:30:00+00:00,633.27001953125,633.4100952148438,632.9099731445312,633.1599731445312,484684
2026-01-28 18:45:00+00:00,633.1500244140625,633.72998046875,632.969970703125,633.510009765625,537097
2026-01-28 19:00:00+00:00,633.4600219726562,634.0900268554688,632.1799926757812,632.8499755859375,767182
2026-01-28 19:15:00+00:00,632.8200073242188,633.5112915039062,632.260009765625,632.3499755859375,958644
2026-01-28 19:30:00+00:00,632.3499755859375,633.7000122070312,632.0999755859375,632.9400024414062,2357239
2026-01-28 19:45:00+00:00,632.9500122070312,634.4400024414062,632.8699951171875,633.2520141601562,853314
2026-01-28 20:00:00+00:00,633.27001953125,634.489990234375,633.0900268554688,634.155029296875,1040457
2026-01-28 20:15:00+00:00,634.1300048828125,634.4500122070312,633.5399780273438,633.5899047851562,15456262
2026-01-28 20:30:00+00:00,633.5900268554688,633.7750244140625,633.0050048828125,633.159912109375,873574
2026-01-28 20:45:00+00:00,633.1500244140625,633.9199829101562,632.5900268554688,633.010009765625,2115972
2026-01-29 14:30:00+00:00,632.5800170898438,633.6699829101562,628.219970703125,628.2949829101562,4311081
2026-01-29 14:45:00+00:00,628.2999877929688,629.6699829101562,626.0599975585938,626.1799926757812,2290722
2026-01-29 15:00:00+00:00,626.2100219726562,626.27001953125,622.7000122070312,622.72998046875,3065794
2026-01-29 15:15:00+00:00,622.77001953125,625.1649780273438,622.7332153320312,623.1099853515625,2300389
2026-01-29 15:30:00+00:00,623.1199951171875,623.52001953125,620.0499877929688,620.3800048828125,2357793
2026-01-29 15:45:00+00:00,620.385009765625,620.8599853515625,618.27001953125,619.260009765625,2803789
2026-01-29 16:00:00+00:00,619.280029296875,621.4600219726562,618.3400268554688,621.3499755859375,2800191
2026-01-29 16:15:00+00:00,621.3599853515625,622.5900268554688,621.1199951171875,621.8900146484375,2348606
2026-01-29 16:30:00+00:00,621.8800048828125,623.030029296875,621.469970703125,622.489990234375,2197935
2026-01-29 16:45:00+00:00,622.489990234375,623.219970703125,621.8900146484375,622.52001953125,1916395
2026-01-29 17:00:00+00:00,622.5,624.9000244140625,622.469970703125,624.655029296875,17195116
2026-01-29 17:15:00+00:00,624.6699829101562,625.9299926757812,624.469970703125,625.6199951171875,1209644
2026-01-29 17:30:00+00:00,625.5900268554688,626.5700073242188,625.010009765625,625.5576782226562,1172914
2026-01-29 17:45:00+00:00,625.5700073242188,625.5800170898438,623.4600219726562,623.719970703125,37852362
2026-01-29 18:00:00+00:00,623.719970703125,626.1400146484375,623.6799926757812,625.9600219726562,20238173
2026-01-29 18:15:00+00:00,625.9600219726562,626.030029296875,625.02001953125,625.7999877929688,598633
2026-01-29 18:30:00+00:00,625.7999877929688,626.8499755859375,625.1699829101562,626.3099975585938,1237958
2026-01-29 18:45:00+00:00,626.3200073242188,626.5814819335938,625.5499877929688,625.5700073242188,1184530
2026-01-29 19:00:00+00:00,625.5700073242188,626.6799926757812,625.1799926757812,626.5,779878
2026-01-29 19:15:00+00:00,626.5,627.0700073242188,626.3300170898438,626.5800170898438,530516
2026-01-29 19:30:00+00:00,626.5700073242188,626.77001953125,625.760009765625,626.0599975585938,997443
2026-01-29 19:45:00+00:00,626.0549926757812,626.390625,625.489990234375,625.8400268554688,959469
2026-01-29 20:00:00+00:00,625.8599853515625,626.6199951171875,625.6699829101562,626.3200073242188,758862
2026-01-29 20:15:00+00:00,626.2999877929688,626.5900268554688,625.9099731445312,625.9550170898438,598979
2026-01-29 20:30:00+00:00,625.9500122070312,627.7100219726562,625.789306640625,627.5999755859375,1159387
2026-01-29 20:45:00+00:00,627.5850219726562,629.97998046875,627.3599853515625,629.3699951171875,3526918
2026-01-30 14:30:00+00:00,625.719970703125,628.2559814453125,625.2100219726562,626.6400146484375,3468783
2026-01-30 14:45:00+00:00,626.6300048828125,628.010009765625,625.030029296875,625.5499877929688,1923649
2026-01-30 15:00:00+00:00,625.530029296875,627.8900146484375,625.1199951171875,627.1798706054688,1962355
2026-01-30 15:15:00+00:00,627.1699829101562,627.739990234375,624.6500244140625,624.7598876953125,1495484
2026-01-30 15:30:00+00:00,624.72998046875,625.0999755859375,624.1900024414062,625.02001953125,863780
2026-02-02 19:00:00+00:00,628.1599731445312,628.4000244140625,628.0599975585938,628.0800170898438,9286899
2026-02-02 19:15:00+00:00,628.0800170898438,628.27001953125,627.780517578125,627.8499755859375,397330
2026-02-02 19:30:00+00:00,627.8350219726562,627.85498046875,627.1900024414062,627.469970703125,550155
2026-02-02 19:45:00+00:00,627.4699096679688,627.6099853515625,625.9199829101562,626.0399780273438,15394582
2026-02-02 20:00:00+00:00,626.030029296875,627.3300170898438,625.4224853515625,626.5999755859375,589211
2026-02-02 20:15:00+00:00,626.6199951171875,627.2899780273438,626.3699951171875,626.4749755859375,752026
2026-02-02 20:30:00+00:00,626.4500122070312,626.5599975585938,625.9349975585938,626.080078125,1097744
2026-02-02 20:45:00+00:00,626.0700073242188,626.4600219726562,625.6602783203125,626.219970703125,2881256
2026-02-03 14:30:00+00:00,628.2349853515625,629.97998046875,623.1900024414062,623.889892578125,3900796
2026-02-03 14:45:00+00:00,623.8699951171875,625.2999877929688,620.7481079101562,620.9600219726562,2790837
2026-02-03 15:00:00+00:00,620.97998046875,621.2999877929688,618.510009765625,619.0800170898438,3368487
2026-02-03 15:15:00+00:00,619.030029296875,620.3099975585938,617.0800170898438,618.9199829101562,2722681
2026-02-03 15:30:00+00:00,618.9000244140625,619.2999877929688,617.3499755859375,618.3599853515625,10705062
2026-02-03 15:45:00+00:00,618.3499755859375,620.9500122070312,617.739990234375,620.5999755859375,1329246
2026-02-03 16:00:00+00:00,620.6300048828125,620.6500244140625,618.614990234375,619.0399780273438,1451985
2026-02-03 16:15:00+00:00,619.0399780273438,619.5599975585938,617.6199951171875,617.6799926757812,1257395
2026-02-03 16:30:00+00:00,617.7000122070312,618.5999755859375,617.25,617.9299926757812,1302189
2026-02-03 16:45:00+00:00,617.8599853515625,618.4099731445312,617.02001953125,617.5599975585938,1303618
2026-02-03 17:00:00+00:00,617.5700073242188,617.8200073242188,615.3699951171875,615.8200073242188,1884433
2026-02-03 17:15:00+00:00,615.8099975585938,616.9500122070312,615.5399780273438,615.719970703125,1425578
2026-02-03 17:30:00+00:00,615.6799926757812,615.8699951171875,614.010009765625,614.3200073242188,1615228
2026-02-03 17:45:00+00:00,614.2999877929688,616.0,614.219970703125,615.0499877929688,1215336
2026-02-03 18:00:00+00:00,614.989990234375,615.9099731445312,613.5700073242188,613.72998046875,1715894
2026-02-03 18:15:00+00:00,613.719970703125,614.5499877929688,613.260009765625,613.7100219726562,1122320
2026-02-03 18:30:00+00:00,613.6699829101562,613.6799926757812,612.52001953125,612.69677734375,1131141
2026-02-03 18:45:00+00:00,612.6799926757812,612.8200073242188,611.6099853515625,611.6099853515625,1391561
2026-02-03 19:00:00+00:00,611.5999755859375,613.5499877929688,610.9600219726562,613.47998046875,1968898
2026-02-03 19:15:00+00:00,613.489990234375,614.3599853515625,612.4000244140625,612.8400268554688,2046283
2026-02-03 19:30:00+00:00,612.7899780273438,613.510009765625,612.030029296875,612.197998046875,1164728
2026-02-03 19:45:00+00:00,612.2100219726562,613.64501953125,611.3499755859375,613.3499755859375,1235913
2026-02-03 20:00:00+00:00,613.3300170898438,613.5999755859375,612.2100219726562,613.1699829101562,1231095
2026-02-03 20:15:00+00:00,613.1500244140625,613.9899291992188,612.5499877929688,613.6849975585938,1393536
2026-02-03 20:30:00+00:00,613.6900024414062,615.8900146484375,613.6599731445312,615.1500244140625,1544262
2026-02-03 20:45:00+00:00,615.1699829101562,616.77001953125,615.0,616.4500122070312,4364190
2026-02-04 14:30:00+00:00,614.7999877929688,615.0999755859375,611.2899780273438,613.780029296875,3687122
2026-02-04 14:45:00+00:00,613.739990234375,614.7000122070312,610.2100830078125,610.4400024414062,2010585
2026-02-04 15:00:00+00:00,610.3300170898438,612.0,608.2899780273438,611.010009765625,3537359
2026-02-04 15:15:00+00:00,611.010009765625,613.1300048828125,610.0700073242188,611.719970703125,2303690
2026-02-04 15:30:00+00:00,611.72998046875,612.260009765625,608.6099853515625,610.719970703125,2426472
2026-02-04 15:45:00+00:00,610.8350219726562,611.0599975585938,608.909912109375,609.3900146484375,1113959
2026-02-04 16:00:00+00:00,609.4000244140625,609.8499755859375,606.9749755859375,608.419921875,2126851
2026-02-04 16:15:00+00:00,608.4149780273438,609.0599975585938,606.7249755859375,608.8599853515625,1573791
2026-02-04 16:30:00+00:00,608.9099731445312,609.010009765625,605.10400390625,605.1950073242188,1316950
2026-02-04 16:45:00+00:00,605.1799926757812,606.760009765625,603.969970703125,606.5900268554688,1927288
2026-02-04 17:00:00+00:00,606.5499877929688,607.0900268554688,605.3200073242188,606.4401245117188,1388915
2026-02-04 17:15:00+00:00,606.4400024414062,606.719970703125,602.6799926757812,603.0,1371530
2026-02-04 17:30:00+00:00,603.0,604.4000244140625,600.8400268554688,602.0800170898438,1654329
2026-02-04 17:45:00+00:00,602.0900268554688,602.8900146484375,600.469970703125,602.6900024414062,1550813
2026-02-04 18:00:00+00:00,602.6799926757812,603.2899780273438,601.3499755859375,602.0999755859375,1371044
2026-02-04 18:15:00+00:00,602.1099853515625,604.530029296875,601.5,604.3400268554688,1056699
2026-02-04 18:30:00+00:00,604.3400268554688,604.3599853515625,602.1799926757812,603.030029296875,985585
2026-02-04 18:45:00+00:00,603.010009765625,604.719970703125,601.7100219726562,603.8699951171875,1014373
2026-02-04 19:00:00+00:00,603.8800048828125,604.2999877929688,602.4400024414062,603.4299926757812,24448695
2026-02-04 19:15:00+00:00,603.4099731445312,604.9199829101562,603.0700073242188,604.8400268554688,865324
2026-02-04 19:30:00+00:00,604.8200073242188,606.8099975585938,604.75,606.3400268554688,1526568
2026-02-04 19:45:00+00:00,606.3499755859375,608.5499877929688,606.02001953125,608.3150024414062,1780068
2026-02-04 20:00:00+00:00,608.3099975585938,608.6300048828125,606.22998046875,606.8900146484375,1399714
2026-02-04 20:15:00+00:00,606.9000244140625,607.9099731445312,606.4299926757812,607.2000122070312,911185
2026-02-04 20:30:00+00:00,607.1799926757812,608.1300048828125,606.7100219726562,607.344970703125,1171384
2026-02-04 20:45:00+00:00,607.3400268554688,608.02001953125,605.2100219726562,605.6199951171875,3118086
2026-02-05 14:30:00+00:00,600.2100219726562,604.2150268554688,597.3499755859375,603.6900024414062,6426650
2026-02-05 14:45:00+00:00,603.6599731445312,604.8099975585938,599.9500122070312,600.22998046875,2630741
2026-02-05 15:00:00+00:00,600.219970703125,601.0,595.0800170898438,595.1199951171875,3210527
2026-02-05 15:15:00+00:00,595.1199951171875,597.6199951171875,594.9199829101562,595.5900268554688,2813204
2026-02-05 15:30:00+00:00,595.5800170898438,598.5399780273438,594.989990234375,598.02001953125,2453634
2026-02-05 15:45:00+00:00,597.9199829101562,598.3400268554688,595.385009765625,596.9500122070312,2695966
2026-02-05 16:00:00+00:00,596.9600219726562,597.3699951171875,594.77001953125,594.97998046875,2017586
2026-02-05 16:15:00+00:00,594.9600219726562,600.5499877929688,594.9099731445312,600.4500122070312,2691505
2026-02-05 16:30:00+00:00,600.4600219726562,601.530029296875,600.02001953125,600.5399780273438,2206494
2026-02-05 16:45:00+00:00,600.52001953125,602.3099975585938,599.27001953125,601.6727294921875,1319595
2026-02-05 17:00:00+00:00,601.6500244140625,601.77001953125,599.4000854492188,600.2849731445312,875996
2026-02-05 17:15:00+00:00,600.2899780273438,602.5,599.0709838867188,601.8599853515625,1109067
2026-02-05 17:30:00+00:00,601.8800048828125,602.7999877929688,600.8458862304688,602.1500244140625,973294
2026-02-05 17:45:00+00:00,602.1599731445312,603.0499877929688,600.1699829101562,600.5499877929688,1094782
2026-02-05 18:00:00+00:00,600.489990234375,601.75,599.6400146484375,600.280029296875,1752899
2026-02-05 18:15:00+00:00,600.2639770507812,600.5900268554688,598.77001953125,599.3099975585938,947864
2026-02-05 18:30:00+00:00,599.27001953125,600.260009765625,598.3499755859375,598.8400268554688,24404051
2026-02-05 18:45:00+00:00,598.8200073242188,599.1300048828125,597.5900268554688,598.52001953125,615506
2026-02-05 19:00:00+00:00,598.5,601.3300170898438,598.1599731445312,600.969970703125,25080897
2026-02-05 19:15:00+00:00,600.97998046875,601.8599853515625,599.9500122070312,600.0700073242188,26562431
2026-02-05 19:30:00+00:00,600.0700073242188,600.0700073242188,598.0900268554688,598.4500122070312,710126
2026-02-05 19:45:00+00:00,598.4500122070312,598.9099731445312,597.8499755859375,598.739990234375,1110146
2026-02-05 20:00:00+00:00,598.7999877929688,601.10498046875,598.3499755859375,599.635009765625,1651005
2026-02-05 20:15:00+00:00,599.6500244140625,599.72998046875,596.8400268554688,597.0,2083946
2026-02-05 20:30:00+00:00,596.97998046875,597.8900146484375,596.1799926757812,596.4400024414062,1944350
2026-02-05 20:45:00+00:00,596.4400024414062,597.6300048828125,595.2899780273438,597.0800170898438,3199273
2026-02-06 14:30:00+00:00,600.2000122070312,604.22998046875,598.77001953125,602.4000244140625,5259372
2026-02-06 14:45:00+00:00,604.22998046875,605.6099853515625,602.3499755859375,602.47998046875,3572690
2026-02-06 15:00:00+00:00,602.4600219726562,602.8200073242188,600.1400146484375,600.4400024414062,2910758
2026-02-06 15:15:00+00:00,600.4299926757812,603.9500122070312,599.77001953125,603.6400146484375,2754027
2026-02-06 15:30:00+00:00,603.6500244140625,604.6900024414062,602.5800170898438,604.0800170898438,1855013
2026-02-06 15:45:00+00:00,602.8425903320312,603.5900268554688,602.77001953125,603.4650268554688,2057060
2026-02-06 16:00:00+00:00,603.4600219726562,606.0130004882812,603.0999755859375,606.010009765625,1686503
2026-02-06 16:15:00+00:00,605.7349853515625,606.8499755859375,605.4600219726562,606.1300048828125,1738488
2026-02-06 16:30:00+00:00,606.1199951171875,607.22998046875,606.0599975585938,606.590087890625,1641354
2026-02-06 16:45:00+00:00,606.6099853515625,606.9650268554688,605.4600219726562,606.010009765625,1198403
2026-02-06 17:00:00+00:00,606.010009765625,607.3499755859375,605.6699829101562,607.02001953125,1505594
2026-02-06 17:15:00+00:00,607.010009765625,607.7886962890625,606.6298828125,607.6799926757812,32820446
2026-02-06 17:30:00+00:00,607.6900024414062,608.3599853515625,606.9099731445312,607.72998046875,908412
2026-02-06 17:45:00+00:00,607.739990234375,608.6199951171875,607.719970703125,608.2349853515625,1264229
2026-02-06 18:00:00+00:00,608.25,608.989990234375,608.239990234375,608.52001953125,799823
2026-02-06 18:15:00+00:00,608.3350219726562,608.8699951171875,607.8200073242188,608.1849975585938,1384538
2026-02-06 18:30:00+00:00,608.1799926757812,608.5999145507812,607.97998046875,608.3300170898438,907390
2026-02-06 18:45:00+00:00,608.3300170898438,608.6699829101562,608.010009765625,608.0700073242188,831566
2026-02-06 19:00:00+00:00,608.0599975585938,608.47998046875,607.8330078125,607.8400268554688,714499
2026-02-06 19:15:00+00:00,607.8400268554688,608.619873046875,607.6099853515625,608.5700073242188,20424583
2026-02-06 19:30:00+00:00,608.5599975585938,608.6400146484375,607.8300170898438,607.875,613259
2026-02-06 19:45:00+00:00,607.8800048828125,608.5800170898438,607.6901245117188,607.7100219726562,797975
2026-02-06 20:00:00+00:00,607.7100219726562,608.5399780273438,607.3599853515625,608.3699951171875,1053860
2026-02-06 20:15:00+00:00,608.3699951171875,609.0900268554688,608.3499755859375,608.6900024414062,1300176
2026-02-06 20:30:00+00:00,608.6799926757812,609.6799926757812,608.4600219726562,609.6599731445312,1761271
2026-02-06 20:45:00+00:00,609.6699829101562,611.4099731445312,609.5499877929688,609.6300048828125,4852175
