Datetime,open,high,low,close,volume
2025-11-12 14:30:00+00:00,684.7899780273438,684.9600219726562,683.9349975585938,684.1599731445312,4447167
2025-11-12 14:45:00+00:00,684.1599731445312,684.52001953125,683.1199951171875,683.7349853515625,3420112
2025-11-12 15:00:00+00:00,683.72998046875,684.27001953125,683.0499877929688,683.1400146484375,2337455
2025-11-12 15:15:00+00:00,683.1400146484375,683.47998046875,682.8099975585938,683.1950073242188,1903624
2025-11-12 15:30:00+00:00,683.2000122070312,683.2598876953125,681.7954711914062,682.8400268554688,2315000
2025-11-12 15:45:00+00:00,682.8499755859375,683.1300048828125,681.9199829101562,682.3499755859375,1468471
2025-11-12 16:00:00+00:00,682.3300170898438,682.489990234375,681.1400146484375,681.4650268554688,1824910
2025-11-12 16:15:00+00:00,681.4605102539062,682.52001953125,681.4605102539062,682.4099731445312,1523306
2025-11-12 16:30:00+00:00,682.4000244140625,683.010009765625,682.0800170898438,682.1199951171875,1565316
2025-11-12 16:45:00+00:00,682.1199951171875,682.510009765625,680.9450073242188,681.760009765625,1695471
2025-11-12 17:00:00+00:00,681.760009765625,682.5,681.5399780273438,682.409912109375,1345909
2025-11-12 17:15:00+00:00,682.4000244140625,682.7999877929688,681.7899780273438,682.469970703125,1987591
2025-11-12 17:30:00+00:00,682.469970703125,683.8499755859375,682.3800048828125,683.3599853515625,1561660
2025-11-12 17:45:00+00:00,683.3800048828125,683.77001953125,682.5900268554688,683.6300048828125,1316496
2025-11-12 18:00:00+00:00,683.6400146484375,683.8099975585938,683.0499877929688,683.6699829101562,1083960
2025-11-12 18:15:00+00:00,683.6699829101562,683.9299926757812,683.1300048828125,683.4949951171875,1352099
2025-11-12 18:30:00+00:00,683.5,684.14990234375,683.4000244140625,683.6199951171875,1456613
2025-11-12 18:45:00+00:00,683.6199951171875,683.8049926757812,683.260009765625,683.6300048828125,811089
2025-11-12 19:00:00+00:00,683.6400146484375,683.7999877929688,682.9500122070312,682.989990234375,1410507
2025-11-12 19:15:00+00:00,682.97998046875,683.22998046875,682.47998046875,682.72998046875,1549146
2025-11-12 19:30:00+00:00,682.739990234375,683.2000122070312,682.239990234375,682.9000244140625,1725609
2025-11-12 19:45:00+00:00,682.8900146484375,683.2550048828125,682.510009765625,682.8099975585938,1648085
2025-11-12 20:00:00+00:00,682.7999877929688,682.8900146484375,682.0919799804688,682.6400146484375,2228507
2025-11-12 20:15:00+00:00,682.6300048828125,683.409912109375,682.4199829101562,683.3400268554688,1834371
2025-11-12 20:30:00+00:00,683.3400268554688,683.9600219726562,683.0999755859375,683.7000122070312,2827634
2025-11-12 20:45:00+00:00,683.7000122070312,684.0700073242188,682.66162109375,683.2849731445312,8048191
2025-11-13 14:30:00+00:00,680.5,680.7100219726562,677.6900024414062,677.77001953125,6369349
2025-11-13 14:45:00+00:00,677.780029296875,679.3900146484375,677.530029296875,678.7999877929688,3162929
2025-11-13 15:00:00+00:00,678.780029296875,680.5999755859375,677.969970703125,680.4299926757812,3153034
2025-11-13 15:15:00+00:00,680.4400024414062,680.8599853515625,678.760009765625,678.9400024414062,2512462
2025-11-13 15:30:00+00:00,678.9500122070312,679.030029296875,677.1300048828125,677.25,3415294
2025-11-13 15:45:00+00:00,677.260009765625,677.3099975585938,675.3400268554688,676.47998046875,4247415
2025-11-13 16:00:00+00:00,676.47998046875,676.8099975585938,675.25,675.8800048828125,2861726
2025-11-13 16:15:00+00:00,675.8900146484375,676.2899780273438,674.9600219726562,675.72998046875,2545524
2025-11-13 16:30:00+00:00,675.719970703125,676.6199951171875,674.219970703125,674.510009765625,2776598
2025-11-13 16:45:00+00:00,674.510009765625,675.4000244140625,674.3099975585938,675.1900024414062,2013714
2025-11-13 17:00:00+00:00,675.1950073242188,676.0,674.3300170898438,674.5800170898438,2099582
2025-11-13 17:15:00+00:00,674.5499877929688,676.1699829101562,674.5499877929688,675.9199829101562,3520024
2025-11-13 17:30:00+00:00,675.9000244140625,676.5,675.0900268554688,675.1199951171875,1842489
2025-11-13 17:45:00+00:00,675.1300048828125,675.1799926757812,673.969970703125,674.1500244140625,2189614
2025-11-13 18:00:00+00:00,674.1599731445312,674.760009765625,673.77001953125,674.47998046875,1891521
2025-11-13 18:15:00+00:00,674.489990234375,674.6099853515625,672.594970703125,672.8300170898438,3252199
2025-11-13 18:30:00+00:00,672.8200073242188,672.8900146484375,671.52001953125,672.5549926757812,3636518
2025-11-13 18:45:00+00:00,672.5399780273438,672.89501953125,672.1300048828125,672.6900024414062,2797596
2025-11-13 19:00:00+00:00,672.6799926757812,672.8699951171875,671.5900268554688,671.719970703125,2349374
2025-11-13 19:15:00+00:00,671.739990234375,673.5499877929688,671.5800170898438,673.5399780273438,3247039
2025-11-13 19:30:00+00:00,673.510009765625,673.6300048828125,671.8599853515625,672.4000244140625,3153968
2025-11-13 19:45:00+00:00,672.4099731445312,672.6599731445312,670.52001953125,671.6900024414062,3001162
2025-11-13 20:00:00+00:00,671.6799926757812,672.030029296875,670.969970703125,671.6054077148438,2773560
2025-11-13 20:15:00+00:00,671.6199951171875,672.0599975585938,670.530029296875,671.6300048828125,3960849
2025-11-13 20:30:00+00:00,671.6199951171875,673.02001953125,671.4000244140625,672.3400268554688,4414761
2025-11-13 20:45:00+00:00,672.3350219726562,672.6199951171875,670.760009765625,672.0499877929688,10872324
2025-11-14 14:30:00+00:00,665.3800048828125,666.8599853515625,663.2650146484375,666.719970703125,12024764
2025-11-14 14:45:00+00:00,666.7000122070312,668.844970703125,666.4500122070312,668.6900024414062,5778345
2025-11-14 15:00:00+00:00,668.6799926757812,668.9199829101562,666.9199829101562,667.5499877929688,4326589
2025-11-14 15:15:00+00:00,667.52001953125,669.9600219726562,667.4299926757812,669.7899780273438,3813751
2025-11-14 15:30:00+00:00,669.780029296875,671.2288818359375,669.1599731445312,671.0700073242188,4353201
2025-11-14 15:45:00+00:00,671.0399780273438,672.8200073242188,670.8699951171875,672.239990234375,6040989
2025-11-14 16:00:00+00:00,672.25,672.5700073242188,670.8900146484375,672.1199951171875,3505470
2025-11-14 16:15:00+00:00,672.1300048828125,674.8699951171875,672.1199951171875,674.39501953125,2992943
2025-11-14 16:30:00+00:00,674.4000244140625,675.02001953125,672.760009765625,673.9199829101562,2364509
2025-11-14 16:45:00+00:00,673.9299926757812,674.8200073242188,673.1699829101562,674.739990234375,2215323
2025-11-14 17:00:00+00:00,674.7150268554688,675.6400146484375,674.2050170898438,675.260009765625,1783092
2025-11-14 17:15:00+00:00,675.280029296875,675.4299926757812,674.3400268554688,675.0499877929688,1743729
2025-11-14 17:30:00+00:00,675.0549926757812,675.6599731445312,674.2000122070312,674.8099975585938,1928340
2025-11-14 17:45:00+00:00,674.780029296875,675.219970703125,673.1300048828125,674.0449829101562,2810351
2025-11-14 18:00:00+00:00,674.0499877929688,674.3599853515625,672.2100219726562,674.2899780273438,3131615
2025-11-14 18:15:00+00:00,674.260009765625,674.2899780273438,672.1400146484375,673.1300048828125,1874794
2025-11-14 18:30:00+00:00,673.1099853515625,673.64501953125,671.530029296875,671.6699829101562,2597000
2025-11-14 18:45:00+00:00,671.6599731445312,673.780029296875,671.489990234375,673.25,2496350
2025-11-14 19:00:00+00:00,673.25,673.5700073242188,672.27001953125,673.0499877929688,2387852
2025-11-14 19:15:00+00:00,673.0999755859375,674.4400024414062,672.9500122070312,674.0198974609375,2181932
2025-11-14 19:30:00+00:00,674.02001953125,674.375,673.6199951171875,674.1199951171875,1676497
2025-11-14 19:45:00+00:00,674.1400146484375,674.9000244140625,674.030029296875,674.6500244140625,2561519
2025-11-14 20:00:00+00:00,674.6400146484375,675.1199951171875,673.5999755859375,673.7000122070312,2310294
2025-11-14 20:15:00+00:00,673.7100219726562,673.8699951171875,672.2100219726562,672.64501953125,2783097
2025-11-14 20:30:00+00:00,672.6400146484375,673.1099853515625,671.9149780273438,672.0700073242188,2815436
2025-11-14 20:45:00+00:00,672.0599975585938,672.489990234375,671.1699829101562,671.9500122070312,7760318
2025-11-17 14:30:00+00:00,669.0,672.6699829101562,668.9500122070312,671.9849853515625,6663464
2025-11-17 14:45:00+00:00,671.989990234375,673.7100219726562,671.8400268554688,672.760009765625,2983499
2025-11-17 15:00:00+00:00,672.760009765625,673.1500244140625,670.469970703125,671.739990234375,2938057
2025-11-17 15:15:00+00:00,671.739990234375,672.3200073242188,670.5499877929688,672.0599975585938,2300492
2025-11-17 15:30:00+00:00,672.0399780273438,672.3699951171875,670.1400146484375,671.7000122070312,2712076
2025-11-17 15:45:00+00:00,671.6900024414062,672.0900268554688,670.3300170898438,670.7050170898438,2701734
2025-11-17 16:00:00+00:00,670.7050170898438,670.97998046875,668.5250244140625,668.6699829101562,3142982
2025-11-17 16:15:00+00:00,668.6699829101562,670.530029296875,667.77001953125,670.4749755859375,3302486
2025-11-17 16:30:00+00:00,670.47998046875,672.0800170898438,670.3720092773438,671.719970703125,2662713
2025-11-17 16:45:00+00:00,671.72998046875,672.97998046875,671.5599975585938,672.9500122070312,1651735
2025-11-17 17:00:00+00:00,672.9400024414062,673.0,671.9749755859375,672.4199829101562,1197535
2025-11-17 17:15:00+00:00,672.4299926757812,672.5499877929688,671.7050170898438,672.3101196289062,1217449
2025-11-17 17:30:00+00:00,672.3300170898438,672.5900268554688,670.8400268554688,670.9199829101562,1573836
2025-11-17 17:45:00+00:00,670.9199829101562,670.969970703125,669.1500244140625,669.219970703125,2028511
2025-11-17 18:00:00+00:00,669.239990234375,669.47998046875,668.219970703125,668.9954833984375,2316670
2025-11-17 18:15:00+00:00,669.0,669.4299926757812,668.4600219726562,668.7100219726562,1204761
2025-11-17 18:30:00+00:00,668.7000122070312,668.8900146484375,668.0449829101562,668.8300170898438,1477120
2025-11-17 18:45:00+00:00,668.8099975585938,669.9099731445312,666.5,666.5599975585938,2705775
2025-11-17 19:00:00+00:00,666.5700073242188,666.9000244140625,665.5999755859375,665.969970703125,3662215
2025-11-17 19:15:00+00:00,665.97998046875,666.1599731445312,664.969970703125,665.8394775390625,2755738
2025-11-17 19:30:00+00:00,665.8300170898438,666.1414794921875,663.72998046875,664.5599975585938,3603769
2025-11-17 19:45:00+00:00,664.52001953125,664.6099853515625,662.72998046875,662.7899780273438,3348155
2025-11-17 20:00:00+00:00,662.77001953125,663.6500244140625,662.1699829101562,662.7550048828125,4242125
2025-11-17 20:15:00+00:00,662.77001953125,664.0499877929688,662.5599975585938,663.739990234375,3971681
2025-11-17 20:30:00+00:00,663.760009765625,664.27001953125,663.094970703125,664.0349731445312,3976327
2025-11-17 20:45:00+00:00,664.030029296875,665.780029296875,663.9600830078125,665.6900024414062,10494919
2025-11-18 14:30:00+00:00,662.094970703125,664.260009765625,660.9550170898438,661.8499755859375,10467147
2025-11-18 14:45:00+00:00,661.8499755859375,663.4500122070312,658.6099853515625,658.6500854492188,7582190
2025-11-18 15:00:00+00:00,658.6500244140625,659.4600219726562,656.7999877929688,658.8150024414062,7101771
2025-11-18 15:15:00+00:00,658.7999877929688,660.3099975585938,657.0700073242188,659.0850219726562,4931799
2025-11-18 15:30:00+00:00,659.0800170898438,660.2000122070312,657.4229736328125,658.239990234375,6441505
2025-11-18 15:45:00+00:00,658.219970703125,658.739990234375,657.1199951171875,657.219970703125,3210290
2025-11-18 16:00:00+00:00,657.22998046875,659.530029296875,655.8599853515625,658.8200073242188,4652975
2025-11-18 16:15:00+00:00,658.8200073242188,661.8699951171875,658.0900268554688,661.5750122070312,3650323
2025-11-18 16:30:00+00:00,661.5599975585938,662.3699951171875,660.9500122070312,661.9000854492188,3470146
2025-11-18 16:45:00+00:00,661.8900146484375,662.2899780273438,660.719970703125,661.1699829101562,2331052
2025-11-18 17:00:00+00:00,661.1400146484375,661.8599853515625,659.8701782226562,659.9299926757812,2019590
2025-11-18 17:15:00+00:00,659.9199829101562,660.8900146484375,658.5599975585938,658.6199951171875,2418285
2025-11-18 17:30:00+00:00,658.6099853515625,663.02001953125,657.9099731445312,662.7999877929688,3291761
2025-11-18 17:45:00+00:00,662.8099975585938,664.375,661.739990234375,663.6699829101562,3065753
2025-11-18 18:00:00+00:00,663.719970703125,664.4600219726562,663.3200073242188,663.8099975585938,2575029
2025-11-18 18:15:00+00:00,663.8400268554688,664.3800048828125,663.0999755859375,663.3300170898438,2951040
2025-11-18 18:30:00+00:00,663.3499755859375,665.1199951171875,663.0999755859375,663.8800048828125,2569513
2025-11-18 18:45:00+00:00,663.864990234375,664.9400024414062,662.7000122070312,663.010009765625,2504154
2025-11-18 19:00:00+00:00,663.0499877929688,664.25,662.8499755859375,663.9600219726562,2148906
2025-11-18 19:15:00+00:00,663.969970703125,664.239990234375,662.5700073242188,662.9299926757812,1956138
2025-11-18 19:30:00+00:00,662.9299926757812,664.9600219726562,662.4340209960938,663.4600219726562,2619128
2025-11-18 19:45:00+00:00,663.469970703125,664.8699951171875,662.969970703125,664.4199829101562,2600034
2025-11-18 20:00:00+00:00,664.4299926757812,664.9400024414062,662.8099975585938,663.155517578125,2983129
2025-11-18 20:15:00+00:00,663.1500244140625,663.52001953125,661.5,662.4199829101562,3096890
2025-11-18 20:30:00+00:00,662.4199829101562,662.780029296875,661.5900268554688,661.6500244140625,3442345
2025-11-18 20:45:00+00:00,661.6500244140625,662.3599853515625,660.0,660.1400146484375,12954800
2025-11-19 14:30:00+00:00,660.780029296875,663.3200073242188,660.1099853515625,663.0150146484375,6672977
2025-11-19 14:45:00+00:00,663.0,665.8400268554688,662.6799926757812,665.6699829101562,4273570
2025-11-19 15:00:00+00:00,665.6699829101562,666.760009765625,665.4199829101562,666.5499877929688,4338521
2025-11-19 15:15:00+00:00,666.5549926757812,667.3400268554688,665.9099731445312,666.25,3705274
2025-11-19 15:30:00+00:00,666.27001953125,666.5545043945312,665.0800170898438,665.52001953125,2588532
2025-11-19 15:45:00+00:00,665.52001953125,665.52001953125,662.5999755859375,662.969970703125,3351074
2025-11-19 16:00:00+00:00,662.969970703125,663.530029296875,661.8800048828125,662.2899780273438,3592562
2025-11-19 16:15:00+00:00,662.2899780273438,663.1300048828125,661.280029296875,662.010009765625,3211701
2025-11-19 16:30:00+00:00,662.02001953125,662.2999877929688,660.780029296875,661.6199951171875,2361461
2025-11-19 16:45:00+00:00,661.6099853515625,662.5897216796875,661.030029296875,662.5100708007812,2587699
2025-11-19 17:00:00+00:00,662.5150146484375,662.97998046875,660.5,660.77001953125,2570787
2025-11-19 17:15:00+00:00,660.760009765625,661.4600219726562,660.22998046875,661.1699829101562,2112071
2025-11-19 17:30:00+00:00,661.1799926757812,661.5499877929688,658.7449951171875,661.030029296875,4096528
2025-11-19 17:45:00+00:00,661.010009765625,661.9299926757812,659.969970703125,661.3599853515625,2289876
2025-11-19 18:00:00+00:00,661.3400268554688,662.6199951171875,661.0599975585938,662.260009765625,2280126
2025-11-19 18:15:00+00:00,662.280029296875,662.5599975585938,660.9400024414062,661.0200805664062,2470123
2025-11-19 18:30:00+00:00,661.010009765625,663.3300170898438,660.8200073242188,661.5900268554688,2862557
2025-11-19 18:45:00+00:00,661.5999755859375,662.97998046875,660.760009765625,662.5291748046875,2016077
2025-11-19 19:00:00+00:00,662.5499877929688,662.7899780273438,661.219970703125,661.8300170898438,2854960
2025-11-19 19:15:00+00:00,661.7999877929688,662.0355834960938,659.47998046875,659.7999877929688,2012507
2025-11-19 19:30:00+00:00,659.7899780273438,660.3099975585938,659.3300170898438,659.735595703125,1942295
2025-11-19 19:45:00+00:00,659.739990234375,662.010009765625,659.3699951171875,661.25,2622361
2025-11-19 20:00:00+00:00,661.25,662.4199829101562,661.0,662.3099975585938,2086916
2025-11-19 20:15:00+00:00,662.3300170898438,664.4000244140625,662.3300170898438,663.5,3900863
2025-11-19 20:30:00+00:00,663.5,664.760009765625,662.9600219726562,663.6099853515625,3622090
2025-11-19 20:45:00+00:00,663.625,663.6599731445312,661.739990234375,662.6500244140625,6946664
2025-11-20 14:30:00+00:00,672.9099731445312,674.1500244140625,672.469970703125,673.635009765625,10521265
2025-11-20 14:45:00+00:00,673.6199951171875,675.02001953125,672.9600219726562,674.9099731445312,4510014
2025-11-20 15:00:00+00:00,674.9199829101562,675.4099731445312,672.7899780273438,673.1699829101562,4180546
2025-11-20 15:15:00+00:00,673.1799926757812,675.0155029296875,672.81689453125,674.8300170898438,3442247
2025-11-20 15:30:00+00:00,674.8300170898438,675.5599975585938,674.3099975585938,675.2349853515625,2481444
2025-11-20 15:45:00+00:00,675.22998046875,675.3200073242188,672.739990234375,672.760009765625,3627962
2025-11-20 16:00:00+00:00,672.780029296875,672.8200073242188,669.8499755859375,669.9400024414062,4587796
2025-11-20 16:15:00+00:00,669.9400024414062,669.969970703125,667.4199829101562,667.9000244140625,7755468
2025-11-20 16:30:00+00:00,667.8900146484375,668.1699829101562,664.1300048828125,664.4400024414062,7291692
2025-11-20 16:45:00+00:00,664.4199829101562,665.7899780273438,659.3900146484375,660.2000122070312,9599458
2025-11-20 17:00:00+00:00,660.1900024414062,662.3800048828125,658.030029296875,659.5,9442189
2025-11-20 17:15:00+00:00,659.47998046875,659.47998046875,656.5999755859375,658.5700073242188,9025652
2025-11-20 17:30:00+00:00,658.5499877929688,659.5399780273438,655.4500122070312,656.280029296875,6844106
2025-11-20 17:45:00+00:00,656.280029296875,657.8800048828125,655.489990234375,657.260009765625,5406920
2025-11-20 18:00:00+00:00,657.2899780273438,661.8499755859375,656.719970703125,661.8200073242188,6475346
2025-11-20 18:15:00+00:00,661.8200073242188,661.969970703125,658.72998046875,659.5800170898438,4310624
2025-11-20 18:30:00+00:00,659.5499877929688,660.0,656.239990234375,656.3300170898438,3382294
2025-11-20 18:45:00+00:00,656.3099975585938,656.4000244140625,654.1199951171875,655.0599975585938,4632798
2025-11-20 19:00:00+00:00,655.0399780273438,655.8499755859375,653.8599853515625,655.3599853515625,5142381
2025-11-20 19:15:00+00:00,655.3400268554688,657.5399780273438,654.8499755859375,657.010009765625,2808557
2025-11-20 19:30:00+00:00,656.97998046875,656.989990234375,655.2100219726562,656.6199951171875,3740827
2025-11-20 19:45:00+00:00,656.5999755859375,658.25,655.2999877929688,658.1099853515625,4275899
2025-11-20 20:00:00+00:00,658.1199951171875,658.1300048828125,655.719970703125,656.2899780273438,4224184
2025-11-20 20:15:00+00:00,656.2899780273438,657.530029296875,655.3499755859375,656.2000122070312,4536593
2025-11-20 20:30:00+00:00,656.2000122070312,656.5599975585938,653.1300048828125,653.3599853515625,6465813
2025-11-20 20:45:00+00:00,653.3699951171875,653.9650268554688,651.8900146484375,652.530029296875,13875120
2025-11-21 14:30:00+00:00,655.0499877929688,656.4400024414062,654.030029296875,654.3400268554688,11473032
2025-11-21 14:45:00+00:00,654.3499755859375,656.469970703125,653.1300048828125,654.52001953125,5222910
2025-11-21 15:00:00+00:00,654.5700073242188,655.7100219726562,653.1500244140625,653.760009765625,4867428
2025-11-21 15:15:00+00:00,653.719970703125,655.9400024414062,652.3400268554688,653.0800170898438,5590600
2025-11-21 15:30:00+00:00,653.0900268554688,654.0599975585938,650.8499755859375,652.8499755859375,5815338
2025-11-21 15:45:00+00:00,652.8699951171875,654.3900146484375,652.3800048828125,652.77001953125,3869113
2025-11-21 16:00:00+00:00,652.719970703125,653.7999877929688,651.0800170898438,653.2899780273438,3143791
2025-11-21 16:15:00+00:00,653.2899780273438,655.969970703125,651.97998046875,655.9299926757812,3041289
2025-11-21 16:30:00+00:00,655.9299926757812,657.6699829101562,655.219970703125,657.3499755859375,4384622
2025-11-21 16:45:00+00:00,657.3499755859375,660.6950073242188,656.6699829101562,660.6400146484375,6248567
2025-11-21 17:00:00+00:00,660.6300048828125,661.1900024414062,659.3599853515625,660.5599975585938,4048624
2025-11-21 17:15:00+00:00,660.5700073242188,660.9924926757812,659.4600219726562,660.3800048828125,2908884
2025-11-21 17:30:00+00:00,660.3825073242188,661.5117797851562,660.1300048828125,661.1500244140625,2259778
2025-11-21 17:45:00+00:00,661.1599731445312,661.47998046875,659.7100219726562,660.1599731445312,2360194
2025-11-21 18:00:00+00:00,660.2100219726562,660.4600219726562,657.4699096679688,657.5599975585938,3821249
2025-11-21 18:15:00+00:00,657.5499877929688,658.4299926757812,656.8800048828125,658.3599853515625,2078181
2025-11-21 18:30:00+00:00,658.3499755859375,660.8699951171875,658.0,660.7650146484375,3122763
2025-11-21 18:45:00+00:00,660.77001953125,664.0900268554688,660.280029296875,662.25,4635569
2025-11-21 19:00:00+00:00,662.2352294921875,664.030029296875,662.1099853515625,663.27001953125,3260801
2025-11-21 19:15:00+00:00,663.239990234375,664.5499877929688,662.9500122070312,664.22998046875,2598072
2025-11-21 19:30:00+00:00,664.2100219726562,664.52001953125,662.260009765625,662.5399780273438,3513233
2025-11-21 19:45:00+00:00,662.5599975585938,663.010009765625,660.9500122070312,661.75,2969199
2025-11-21 20:00:00+00:00,661.72998046875,662.2000122070312,661.2849731445312,661.6900024414062,2666828
2025-11-21 20:15:00+00:00,661.6799926757812,661.9600219726562,659.6199951171875,659.6300048828125,3928253
2025-11-21 20:30:00+00:00,659.5999755859375,661.25,659.02001953125,660.010009765625,4272114
2025-11-21 20:45:00+00:00,660.02001953125,661.1400146484375,658.22998046875,659.0599975585938,11320795
2025-11-24 14:30:00+00:00,662.6900024414062,665.530029296875,662.3800048828125,662.8900146484375,7210277
2025-11-24 14:45:00+00:00,662.8800048828125,664.0599975585938,661.5900268554688,664.0399780273438,3395495
2025-11-24 15:00:00+00:00,664.0399780273438,665.760009765625,663.9299926757812,665.4000244140625,3836369
2025-11-24 15:15:00+00:00,665.4199829101562,665.780029296875,664.3599853515625,665.5449829101562,2540527
2025-11-24 15:30:00+00:00,665.510009765625,666.8900146484375,664.9500122070312,666.780029296875,3150488
2025-11-24 15:45:00+00:00,666.7899780273438,667.2000122070312,666.219970703125,666.530029296875,2164637
2025-11-24 16:00:00+00:00,666.5399780273438,668.3900146484375,666.530029296875,668.1099853515625,2276605
2025-11-24 16:15:00+00:00,668.1300048828125,668.3699951171875,667.77001953125,667.969970703125,1960595
2025-11-24 16:30:00+00:00,667.9600219726562,668.2700805664062,667.3900146484375,668.130615234375,1475550
2025-11-24 16:45:00+00:00,668.1400146484375,668.4896850585938,667.2000122070312,667.4650268554688,1446007
2025-11-24 17:00:00+00:00,667.469970703125,667.9099731445312,666.9000244140625,667.27001953125,1347957
2025-11-24 17:15:00+00:00,667.27001953125,668.3599243164062,667.1500244140625,668.1856079101562,1507294
2025-11-24 17:30:00+00:00,668.1799926757812,668.989990234375,667.9400024414062,668.9000244140625,1522169
2025-11-24 17:45:00+00:00,668.9199829101562,669.3800048828125,668.8699951171875,669.0800170898438,1499684
2025-11-24 18:00:00+00:00,669.0700073242188,669.75,669.0700073242188,669.6400146484375,1436112
2025-11-24 18:15:00+00:00,669.6400146484375,669.7399291992188,669.1599731445312,669.1900024414062,1119376
2025-11-24 18:30:00+00:00,669.1799926757812,669.3599853515625,668.780029296875,669.3099975585938,1163723
2025-11-24 18:45:00+00:00,669.3200073242188,669.510009765625,668.9600219726562,669.2349853515625,926843
2025-11-24 19:00:00+00:00,669.239990234375,669.8099975585938,669.2119750976562,669.4000244140625,1326013
2025-11-24 19:15:00+00:00,669.4099731445312,669.5700073242188,668.6900024414062,668.89990234375,1445605
2025-11-24 19:30:00+00:00,668.9000244140625,669.0,668.1400146484375,668.489990234375,2049835
2025-11-24 19:45:00+00:00,668.489990234375,668.6599731445312,667.8699951171875,668.2999877929688,2021032
2025-11-24 20:00:00+00:00,668.2999877929688,669.3599853515625,668.1900024414062,669.1300048828125,1988640
2025-11-24 20:15:00+00:00,669.1199951171875,669.489990234375,668.530029296875,668.9400024414062,1650965
2025-11-24 20:30:00+00:00,668.9299926757812,669.4650268554688,668.7501220703125,669.3402709960938,2252357
2025-11-24 20:45:00+00:00,669.3400268554688,670.0599975585938,668.6099853515625,668.8099975585938,11910012
2025-11-25 14:30:00+00:00,668.6300048828125,669.97998046875,667.1900024414062,667.3842163085938,6332893
2025-11-25 14:45:00+00:00,667.364990234375,669.010009765625,664.47998046875,668.8699951171875,6068829
2025-11-25 15:00:00+00:00,668.8599853515625,668.9000244140625,665.9199829101562,667.7100219726562,4716623
2025-11-25 15:15:00+00:00,667.719970703125,668.6199951171875,666.780029296875,668.5800170898438,2741165
2025-11-25 15:30:00+00:00,668.5399780273438,670.4500122070312,668.4400024414062,670.4199829101562,2852724
2025-11-25 15:45:00+00:00,670.4299926757812,671.0700073242188,668.6400146484375,669.8049926757812,2993473
2025-11-25 16:00:00+00:00,669.8049926757812,669.9199829101562,669.030029296875,669.0800170898438,2197960
2025-11-25 16:15:00+00:00,669.0900268554688,671.0,668.8599853515625,670.4199829101562,2273167
2025-11-25 16:30:00+00:00,670.4099731445312,671.469970703125,670.219970703125,671.1099853515625,2085122
2025-11-25 16:45:00+00:00,671.1099853515625,671.9400024414062,670.4600219726562,671.719970703125,1657499
2025-11-25 17:00:00+00:00,671.719970703125,672.7000122070312,671.6900024414062,672.6649780273438,2040172
2025-11-25 17:15:00+00:00,672.6799926757812,673.8800048828125,672.3900146484375,673.3200073242188,2819438
2025-11-25 17:30:00+00:00,673.3099975585938,674.375,673.3099975585938,673.8701171875,2380299
2025-11-25 17:45:00+00:00,673.8699951171875,674.1849975585938,673.1500244140625,673.3098754882812,2349774
2025-11-25 18:00:00+00:00,673.3099975585938,673.8200073242188,673.239990234375,673.5,1669455
2025-11-25 18:15:00+00:00,673.489990234375,674.0349731445312,673.219970703125,674.0250244140625,1849088
2025-11-25 18:30:00+00:00,674.030029296875,674.1699829101562,673.5700073242188,673.7349853515625,1290764
2025-11-25 18:45:00+00:00,673.739990234375,674.4000244140625,673.739990234375,673.8699951171875,1375120
2025-11-25 19:00:00+00:00,673.8699951171875,673.9949951171875,673.4799194335938,673.6300048828125,1613031
2025-11-25 19:15:00+00:00,673.6300048828125,673.7249755859375,672.7000122070312,673.3200073242188,2009418
2025-11-25 19:30:00+00:00,673.3200073242188,673.4500122070312,672.4400024414062,673.10498046875,1714116
2025-11-25 19:45:00+00:00,673.0900268554688,674.1099853515625,672.9000244140625,673.9400024414062,1946533
2025-11-25 20:00:00+00:00,673.9400024414062,674.7899780273438,673.9199829101562,674.3707275390625,2563267
2025-11-25 20:15:00+00:00,674.3800048828125,674.739990234375,674.280029296875,674.5,2211510
2025-11-25 20:30:00+00:00,674.510009765625,675.4500122070312,674.4550170898438,675.1900024414062,3343305
2025-11-25 20:45:00+00:00,675.1900024414062,676.2100219726562,675.0,675.0,7378843
2025-11-26 14:30:00+00:00,677.6300048828125,678.8300170898438,677.4299926757812,678.7899780273438,6087530
2025-11-26 14:45:00+00:00,678.7899780273438,679.47998046875,677.1099853515625,677.3099975585938,3363525
2025-11-26 15:00:00+00:00,677.2999877929688,678.5499877929688,676.719970703125,677.5999755859375,3162224
2025-11-26 15:15:00+00:00,677.5900268554688,678.469970703125,677.2349853515625,678.1300048828125,1992382
2025-11-26 15:30:00+00:00,678.1500244140625,679.2000122070312,678.1500244140625,678.5999145507812,2169423
2025-11-26 15:45:00+00:00,678.5999755859375,679.6199951171875,678.0606079101562,679.5599975585938,1709818
2025-11-26 16:00:00+00:00,679.5599975585938,680.3599853515625,679.47998046875,680.1699829101562,2201934
2025-11-26 16:15:00+00:00,680.1900024414062,680.8699951171875,680.02001953125,680.530029296875,1659187
2025-11-26 16:30:00+00:00,680.530029296875,681.6900024414062,680.2899780273438,681.469970703125,2674858
2025-11-26 16:45:00+00:00,681.469970703125,681.5599975585938,680.969970703125,681.3599243164062,1548297
2025-11-26 17:00:00+00:00,681.35498046875,681.5599975585938,680.655029296875,680.739990234375,1491345
2025-11-26 17:15:00+00:00,680.719970703125,681.094970703125,680.4299926757812,680.9400024414062,1257469
2025-11-26 17:30:00+00:00,680.9400024414062,681.5599975585938,680.8699951171875,681.510009765625,1532965
2025-11-26 17:45:00+00:00,681.5,681.7000122070312,680.9349975585938,681.1099853515625,1011423
2025-11-26 18:00:00+00:00,681.1199951171875,681.5599975585938,679.75,680.8800048828125,2582893
2025-11-26 18:15:00+00:00,680.8599853515625,681.47998046875,680.165283203125,681.1099853515625,1407010
2025-11-26 18:30:00+00:00,681.114990234375,681.1400146484375,679.739990234375,679.77001953125,1539296
2025-11-26 18:45:00+00:00,679.7553100585938,680.7650146484375,679.5900268554688,680.4000244140625,1446878
2025-11-26 19:00:00+00:00,680.4000244140625,681.02001953125,680.1300048828125,680.719970703125,2116353
2025-11-26 19:15:00+00:00,680.7000122070312,681.2899780273438,680.6400146484375,681.239990234375,2076878
2025-11-26 19:30:00+00:00,681.25,681.4199829101562,680.52001953125,680.72021484375,1959313
2025-11-26 19:45:00+00:00,680.72021484375,681.0800170898438,680.489990234375,680.8599853515625,1479945
2025-11-26 20:00:00+00:00,680.8699951171875,681.4010009765625,680.5900268554688,681.4000244140625,2175092
2025-11-26 20:15:00+00:00,681.4099731445312,681.5900268554688,681.1599731445312,681.2000122070312,3278362
2025-11-26 20:30:00+00:00,681.2000122070312,681.4000244140625,680.892578125,681.1749877929688,2961900
2025-11-26 20:45:00+00:00,681.1749877929688,681.3800048828125,679.6199951171875,679.6300048828125,9285355
2025-11-28 14:30:00+00:00,680.8599853515625,681.8499755859375,680.5,681.27001953125,3991816
2025-11-28 14:45:00+00:00,681.260009765625,681.6395263671875,680.8900146484375,681.2349853515625,1751218
2025-11-28 15:00:00+00:00,681.239990234375,681.7899780273438,681.030029296875,681.6300048828125,1983601
2025-11-28 15:15:00+00:00,681.6599731445312,682.3200073242188,681.4708862304688,681.6900024414062,2044857
2025-11-28 15:30:00+00:00,681.6900024414062,682.309814453125,681.6099853515625,682.152099609375,1843781
2025-11-28 15:45:00+00:00,682.155029296875,682.6300048828125,681.97998046875,682.4600830078125,1997225
2025-11-28 16:00:00+00:00,682.4600219726562,682.89990234375,682.2949829101562,682.7949829101562,1580249
2025-11-28 16:15:00+00:00,682.7999877929688,682.9400024414062,681.6500244140625,682.1500244140625,2954288
2025-11-28 16:30:00+00:00,682.1599731445312,682.8300170898438,681.7999877929688,682.5900268554688,3733958
2025-11-28 16:45:00+00:00,682.5800170898438,682.9099731445312,682.469970703125,682.7550048828125,1742029
2025-11-28 17:00:00+00:00,682.7550048828125,683.0,682.3900756835938,682.72998046875,2236918
2025-11-28 17:15:00+00:00,682.739990234375,682.83837890625,682.25,682.3150024414062,1901517
2025-11-28 17:30:00+00:00,682.3150024414062,682.5197143554688,681.9000244140625,681.9304809570312,2632102
2025-11-28 17:45:00+00:00,681.9349975585938,682.0999755859375,681.8800048828125,682.02001953125,196072
2025-12-01 14:30:00+00:00,678.8099975585938,680.3099975585938,678.739990234375,679.25,5166359
2025-12-01 14:45:00+00:00,679.260009765625,681.8599853515625,679.0999755859375,681.4500122070312,3055444
2025-12-01 15:00:00+00:00,681.4550170898438,681.7899780273438,680.6199951171875,680.7999877929688,3489069
2025-12-01 15:15:00+00:00,680.8200073242188,681.0499877929688,679.5900268554688,679.8300170898438,2194874
2025-12-01 15:30:00+00:00,679.8400268554688,680.4299926757812,678.8400268554688,680.1300048828125,1910463
2025-12-01 15:45:00+00:00,680.1400146484375,681.8300170898438,679.8599853515625,681.6400146484375,1975012
2025-12-01 16:00:00+00:00,681.6500244140625,681.7999267578125,680.3699951171875,680.5800170898438,1243207
2025-12-01 16:15:00+00:00,680.5700073242188,681.2800903320312,680.1199951171875,681.0798950195312,899431
2025-12-01 16:30:00+00:00,681.0800170898438,682.3099975585938,681.0700073242188,682.0501098632812,1184714
2025-12-01 16:45:00+00:00,682.0599975585938,682.4400024414062,681.72998046875,681.9249877929688,991172
2025-12-01 17:00:00+00:00,681.9600219726562,682.510009765625,681.8200073242188,681.8599853515625,959154
2025-12-01 17:15:00+00:00,681.8499755859375,682.1699829101562,681.2949829101562,682.010009765625,834342
2025-12-01 17:30:00+00:00,682.0,682.5784301757812,681.72998046875,682.5784301757812,762960
2025-12-01 17:45:00+00:00,682.5800170898438,682.7899780273438,681.8699951171875,682.030029296875,809282
2025-12-01 18:00:00+00:00,682.0399780273438,682.7100219726562,681.9749755859375,682.6300048828125,929336
2025-12-01 18:15:00+00:00,682.6199951171875,682.7899780273438,682.3200073242188,682.47998046875,657215
2025-12-01 18:30:00+00:00,682.5,682.8499755859375,682.489990234375,682.7899780273438,822615
2025-12-01 18:45:00+00:00,682.780029296875,682.989990234375,682.6699829101562,682.8204956054688,974865
2025-12-01 19:00:00+00:00,682.8200073242188,682.8493041992188,681.54638671875,681.97998046875,1575415
2025-12-01 19:15:00+00:00,681.989990234375,681.989990234375,680.47998046875,680.5999755859375,2630180
2025-12-01 19:30:00+00:00,680.60498046875,681.094970703125,679.8200073242188,680.260009765625,2224858
2025-12-01 19:45:00+00:00,680.27001953125,680.6199951171875,679.989990234375,680.219970703125,1391862
2025-12-01 20:00:00+00:00,680.2000122070312,681.0150146484375,680.030029296875,680.9243774414062,1497592
2025-12-01 20:15:00+00:00,680.9099731445312,680.969970703125,680.2899780273438,680.72998046875,1332949
2025-12-01 20:30:00+00:00,680.719970703125,681.0700073242188,680.27001953125,680.9749755859375,2134408
2025-12-01 20:45:00+00:00,680.9749755859375,681.0599975585938,679.375,680.27001953125,13047606
2025-12-02 14:30:00+00:00,681.9199829101562,682.9600219726562,681.6300048828125,682.4099731445312,4330321
2025-12-02 14:45:00+00:00,682.4400024414062,682.5900268554688,681.489990234375,682.3300170898438,1817839
2025-12-02 15:00:00+00:00,682.3300170898438,683.280029296875,682.2319946289062,682.9949951171875,2300687
2025-12-02 15:15:00+00:00,682.9949951171875,683.234619140625,681.4199829101562,681.5800170898438,1907744
2025-12-02 15:30:00+00:00,681.5900268554688,682.8499755859375,680.8499755859375,682.7100219726562,2559865
2025-12-02 15:45:00+00:00,682.719970703125,683.6799926757812,682.5728149414062,683.510009765625,2249814
2025-12-02 16:00:00+00:00,683.510009765625,683.8200073242188,681.2100219726562,681.5399780273438,2984771
2025-12-02 16:15:00+00:00,681.5499877929688,681.8599853515625,679.6699829101562,680.010009765625,3036028
2025-12-02 16:30:00+00:00,679.969970703125,681.239990234375,679.3275146484375,680.4400024414062,2435493
2025-12-02 16:45:00+00:00,680.4099731445312,681.27001953125,680.1799926757812,680.5599975585938,1448267
2025-12-02 17:00:00+00:00,680.5800170898438,681.39501953125,680.47998046875,681.2481079101562,1008376
2025-12-02 17:15:00+00:00,681.239990234375,682.6500244140625,681.1900024414062,682.4400024414062,1646082
2025-12-02 17:30:00+00:00,682.4400024414062,682.8400268554688,681.9400024414062,682.27001953125,1083795
2025-12-02 17:45:00+00:00,682.2750244140625,682.4509887695312,680.1300048828125,680.1400146484375,1469346
2025-12-02 18:00:00+00:00,680.1300048828125,681.489990234375,679.9299926757812,680.780029296875,1642824
2025-12-02 18:15:00+00:00,680.780029296875,681.5999755859375,680.5349731445312,681.0399780273438,909729
2025-12-02 18:30:00+00:00,681.030029296875,681.3699951171875,680.219970703125,680.7150268554688,1018043
2025-12-02 18:45:00+00:00,680.6900024414062,681.3300170898438,680.4000244140625,681.1099853515625,938452
2025-12-02 19:00:00+00:00,681.0999755859375,681.9400024414062,680.9500122070312,681.6699829101562,1866927
2025-12-02 19:15:00+00:00,681.6699829101562,681.8499755859375,680.760009765625,681.3900146484375,1473776
2025-12-02 19:30:00+00:00,681.3699951171875,681.8900146484375,681.2999877929688,681.5399780273438,1889176
2025-12-02 19:45:00+00:00,681.5399780273438,682.6099853515625,681.4199829101562,682.3499755859375,1899598
2025-12-02 20:00:00+00:00,682.3599853515625,682.6799926757812,682.010009765625,682.4299926757812,1954157
2025-12-02 20:15:00+00:00,682.4600219726562,682.7000122070312,682.35009765625,682.5050048828125,1857470
2025-12-02 20:30:00+00:00,682.5,682.8800048828125,682.239990234375,682.489990234375,2301856
2025-12-02 20:45:00+00:00,682.47998046875,682.7999877929688,681.3699951171875,681.47998046875,7175876
2025-12-03 14:30:00+00:00,680.5700073242188,681.5,679.9400024414062,680.8809814453125,6293778
2025-12-03 14:45:00+00:00,680.9000244140625,681.1900024414062,679.6900024414062,680.8699951171875,2375210
2025-12-03 15:00:00+00:00,680.9400024414062,682.3400268554688,680.739990234375,681.2100219726562,2881587
2025-12-03 15:15:00+00:00,681.22998046875,682.1099853515625,681.0399780273438,681.6799926757812,1319064
2025-12-03 15:30:00+00:00,681.6500244140625,682.9400024414062,681.3298950195312,682.635009765625,2966263
2025-12-03 15:45:00+00:00,682.6400146484375,682.9099731445312,682.0499877929688,682.3162841796875,1067671
2025-12-03 16:00:00+00:00,682.3099975585938,682.989990234375,681.6599731445312,682.0490112304688,1271933
2025-12-03 16:15:00+00:00,682.0399780273438,682.7999877929688,681.9299926757812,682.385009765625,1548267
2025-12-03 16:30:00+00:00,682.385009765625,683.5499877929688,682.27001953125,683.2000122070312,1474724
2025-12-03 16:45:00+00:00,683.2100219726562,683.3300170898438,681.6099853515625,682.2100219726562,1528186
2025-12-03 17:00:00+00:00,682.2100219726562,683.0800170898438,682.0999755859375,682.9949951171875,1298342
2025-12-03 17:15:00+00:00,683.010009765625,683.7000122070312,682.8300170898438,683.5599975585938,1118104
2025-12-03 17:30:00+00:00,683.5499877929688,683.7449951171875,683.25,683.6599731445312,1169038
2025-12-03 17:45:00+00:00,683.6699829101562,684.0999755859375,683.419921875,683.8900146484375,2861220
2025-12-03 18:00:00+00:00,683.89501953125,684.1849975585938,683.6900024414062,684.0250244140625,1166914
2025-12-03 18:15:00+00:00,684.030029296875,684.0800170898438,683.4749755859375,683.9099731445312,944414
2025-12-03 18:30:00+00:00,683.9299926757812,684.5,683.9149780273438,684.4381713867188,1030437
2025-12-03 18:45:00+00:00,684.4400024414062,684.489990234375,683.78662109375,683.9149780273438,1018987
2025-12-03 19:00:00+00:00,683.9099731445312,684.4298706054688,683.8499755859375,684.385009765625,1016874
2025-12-03 19:15:00+00:00,684.3800048828125,684.4400024414062,684.0900268554688,684.3300170898438,923842
2025-12-03 19:30:00+00:00,684.3300170898438,684.6099853515625,684.1649780273438,684.572021484375,1277205
2025-12-03 19:45:00+00:00,684.5700073242188,684.739990234375,684.4149780273438,684.625,1186963
2025-12-03 20:00:00+00:00,684.6300048828125,684.9099731445312,684.4500122070312,684.719970703125,1617858
2025-12-03 20:15:00+00:00,684.719970703125,684.8364868164062,684.1900024414062,684.522705078125,1809709
2025-12-03 20:30:00+00:00,684.5250244140625,684.5700073242188,684.1900024414062,684.4749755859375,2487393
2025-12-03 20:45:00+00:00,684.469970703125,684.6199951171875,683.5499877929688,683.8099975585938,8156817
2025-12-04 14:30:00+00:00,685.2999877929688,685.3499755859375,683.6300048828125,683.8599243164062,4848258
2025-12-04 14:45:00+00:00,683.8400268554688,684.1300048828125,682.75,683.0449829101562,2791603
2025-12-04 15:00:00+00:00,683.0599975585938,683.5399780273438,682.6671142578125,683.1699829101562,1966121
2025-12-04 15:15:00+00:00,683.1599731445312,683.8099975585938,682.1699829101562,683.594970703125,1984665
2025-12-04 15:30:00+00:00,683.5900268554688,684.5599975585938,683.3900146484375,684.22998046875,3050945
2025-12-04 15:45:00+00:00,684.239990234375,684.3300170898438,683.1320190429688,683.2899780273438,1872717
2025-12-04 16:00:00+00:00,683.280029296875,683.5999755859375,682.2100219726562,683.0499877929688,2000656
2025-12-04 16:15:00+00:00,683.0499877929688,683.760009765625,682.8400268554688,683.351318359375,1229889
2025-12-04 16:30:00+00:00,683.3099975585938,683.6400146484375,682.8599853515625,683.010009765625,1281086
2025-12-04 16:45:00+00:00,683.010009765625,684.5599975585938,683.010009765625,684.4199829101562,1683089
2025-12-04 17:00:00+00:00,684.4000244140625,684.5800170898438,683.3699951171875,684.1199951171875,1544479
2025-12-04 17:15:00+00:00,684.1199951171875,684.3300170898438,683.8200073242188,684.02001953125,2844656
2025-12-04 17:30:00+00:00,684.030029296875,684.3699951171875,683.594970703125,684.1799926757812,1126946
2025-12-04 17:45:00+00:00,684.1900024414062,684.4949951171875,684.0449829101562,684.3049926757812,816999
2025-12-04 18:00:00+00:00,684.2899780273438,684.4099731445312,683.4650268554688,684.030029296875,1408179
2025-12-04 18:15:00+00:00,684.0399780273438,684.77001953125,683.9600219726562,684.6774291992188,983976
2025-12-04 18:30:00+00:00,684.6699829101562,684.75,683.9099731445312,684.0999755859375,1162223
2025-12-04 18:45:00+00:00,684.1099853515625,684.3599853515625,684.030029296875,684.1199951171875,1177796
2025-12-04 19:00:00+00:00,684.1099853515625,684.22998046875,683.4100952148438,683.6224975585938,2072636
2025-12-04 19:15:00+00:00,683.6199951171875,683.6199951171875,681.3400268554688,682.1799926757812,3656971
2025-12-04 19:30:00+00:00,682.1900024414062,683.9600219726562,681.989990234375,683.4000244140625,2669521
2025-12-04 19:45:00+00:00,683.4099731445312,683.7999877929688,683.0399780273438,683.22998046875,1905457
2025-12-04 20:00:00+00:00,683.239990234375,683.4600219726562,682.3099975585938,683.2899780273438,2300827
2025-12-04 20:15:00+00:00,683.2899780273438,683.3400268554688,682.75,682.7501220703125,1774252
2025-12-04 20:30:00+00:00,682.760009765625,683.3099975585938,682.7000122070312,682.9550170898438,1616524
2025-12-04 20:45:00+00:00,682.9600219726562,684.5800170898438,682.77001953125,684.4000244140625,6589761
2025-12-05 14:30:00+00:00,685.469970703125,686.5599975585938,685.3200073242188,685.8300170898438,5900245
2025-12-05 14:45:00+00:00,685.8400268554688,687.030029296875,685.8099975585938,686.89501953125,2407939
2025-12-05 15:00:00+00:00,686.9199829101562,688.25,686.7249755859375,688.2128295898438,3455975
2025-12-05 15:15:00+00:00,688.239990234375,688.2999877929688,687.5809936523438,687.885009765625,2073836
2025-12-05 15:30:00+00:00,687.8800048828125,688.3900146484375,687.5800170898438,687.7100219726562,1857263
2025-12-05 15:45:00+00:00,687.7000122070312,688.1599731445312,686.260009765625,686.6699829101562,2850677
2025-12-05 16:00:00+00:00,686.6699829101562,687.1199951171875,686.0700073242188,686.1199951171875,1806130
2025-12-05 16:15:00+00:00,686.0999755859375,686.7899780273438,685.7000122070312,685.9561767578125,2280400
2025-12-05 16:30:00+00:00,685.9500122070312,685.9500122070312,685.02001953125,685.380126953125,2219070
2025-12-05 16:45:00+00:00,685.3900146484375,686.6400146484375,685.3049926757812,686.02001953125,1749948
2025-12-05 17:00:00+00:00,686.02001953125,686.260009765625,685.25,685.340087890625,1361282
2025-12-05 17:15:00+00:00,685.3400268554688,685.6900024414062,685.239990234375,685.3900146484375,1010674
2025-12-05 17:30:00+00:00,685.4099731445312,685.52001953125,684.5800170898438,685.260009765625,1508914
2025-12-05 17:45:00+00:00,685.260009765625,686.4299926757812,685.0601196289062,686.25,1492705
2025-12-05 18:00:00+00:00,686.2449951171875,686.7050170898438,686.219970703125,686.280029296875,1350495
2025-12-05 18:15:00+00:00,686.2855834960938,686.6500244140625,685.52001953125,686.5499877929688,1282552
2025-12-05 18:30:00+00:00,686.5599975585938,686.969970703125,686.0800170898438,686.4014892578125,1565492
2025-12-05 18:45:00+00:00,686.4000244140625,686.5599975585938,686.0999755859375,686.1900024414062,699478
2025-12-05 19:00:00+00:00,686.1900024414062,686.4000244140625,685.8200073242188,686.3499755859375,1024709
2025-12-05 19:15:00+00:00,686.3499755859375,686.3800048828125,685.639892578125,685.9299926757812,1346197
2025-12-05 19:30:00+00:00,685.9400024414062,686.1199951171875,685.5700073242188,685.7755737304688,1036495
2025-12-05 19:45:00+00:00,685.77001953125,686.3800048828125,685.5800170898438,686.25,1732445
2025-12-05 20:00:00+00:00,686.260009765625,686.2999877929688,685.5800170898438,685.994384765625,1255205
2025-12-05 20:15:00+00:00,685.989990234375,686.280029296875,685.75,686.0050048828125,2032701
2025-12-05 20:30:00+00:00,686.0,686.010009765625,685.5,685.8599853515625,1775540
2025-12-05 20:45:00+00:00,685.8599853515625,686.030029296875,684.5999755859375,685.6500244140625,8689845
2025-12-08 14:30:00+00:00,686.5900268554688,686.6400146484375,685.280029296875,685.9199829101562,4856609
2025-12-08 14:45:00+00:00,685.9199829101562,686.0999755859375,684.97998046875,685.4400024414062,1973730
2025-12-08 15:00:00+00:00,685.4199829101562,685.7750244140625,684.8300170898438,684.9199829101562,1653146
2025-12-08 15:15:00+00:00,684.9299926757812,685.219970703125,683.8723754882812,684.5549926757812,2057722
2025-12-08 15:30:00+00:00,684.5399780273438,685.0499877929688,684.0440063476562,684.0750122070312,1874726
2025-12-08 15:45:00+00:00,684.0750122070312,684.530029296875,683.5700073242188,683.7050170898438,1872770
2025-12-08 16:00:00+00:00,683.7000122070312,683.9000244140625,682.9099731445312,683.4100952148438,1916611
2025-12-08 16:15:00+00:00,683.4099731445312,684.1099853515625,683.27001953125,684.0900268554688,1299219
2025-12-08 16:30:00+00:00,684.0800170898438,684.1199951171875,683.4600219726562,683.8297729492188,1024350
2025-12-08 16:45:00+00:00,683.8250122070312,683.8699951171875,683.02001953125,683.38818359375,862203
2025-12-08 17:00:00+00:00,683.3900146484375,683.3900146484375,682.4949951171875,682.89501953125,1244805
2025-12-08 17:15:00+00:00,682.8800048828125,683.1500244140625,682.1900024414062,682.6900024414062,1417602
2025-12-08 17:30:00+00:00,682.6900024414062,683.1300048828125,682.5999755859375,682.8699951171875,990411
2025-12-08 17:45:00+00:00,682.8800048828125,684.3099975585938,682.6749877929688,684.1221923828125,1947630
2025-12-08 18:00:00+00:00,684.1300048828125,684.4000244140625,683.5900268554688,683.8200073242188,1251574
2025-12-08 18:15:00+00:00,683.8300170898438,684.0499877929688,682.8200073242188,682.8300170898438,1070899
2025-12-08 18:30:00+00:00,682.8300170898438,683.14501953125,682.2999877929688,682.97998046875,1912797
2025-12-08 18:45:00+00:00,682.97998046875,683.0999755859375,681.5700073242188,682.1099853515625,2207419
2025-12-08 19:00:00+00:00,682.1300048828125,682.2999877929688,681.6599731445312,681.9199829101562,1265148
2025-12-08 19:15:00+00:00,681.9099731445312,682.5900268554688,681.9099731445312,682.2449951171875,1114540
2025-12-08 19:30:00+00:00,682.22998046875,682.780029296875,682.1749877929688,682.639892578125,1044699
2025-12-08 19:45:00+00:00,682.635009765625,682.8200073242188,682.1500244140625,682.3300170898438,1265468
2025-12-08 20:00:00+00:00,682.3400268554688,682.6300048828125,682.1799926757812,682.5800170898438,1533948
2025-12-08 20:15:00+00:00,682.5900268554688,682.780029296875,682.3699951171875,682.6400146484375,1712341
2025-12-08 20:30:00+00:00,682.6400146484375,682.7100219726562,682.0599975585938,682.6900024414062,2320507
2025-12-08 20:45:00+00:00,682.6799926757812,683.760009765625,682.3300170898438,683.6500244140625,7323922
2025-12-09 14:30:00+00:00,683.1500244140625,684.1300048828125,682.8200073242188,683.7000122070312,4633492
2025-12-09 14:45:00+00:00,683.7000122070312,684.530029296875,683.469970703125,684.4199829101562,2452504
2025-12-09 15:00:00+00:00,684.4400024414062,684.9400024414062,683.969970703125,684.1799926757812,2058595
2025-12-09 15:15:00+00:00,684.1900024414062,684.4343872070312,683.760009765625,684.2150268554688,1686816
2025-12-09 15:30:00+00:00,684.2000122070312,684.52001953125,683.844970703125,684.469970703125,1472609
2025-12-09 15:45:00+00:00,684.47998046875,684.5700073242188,683.5850219726562,684.5050048828125,1632397
2025-12-09 16:00:00+00:00,684.489990234375,684.9000244140625,684.4400024414062,684.8499755859375,1390690
2025-12-09 16:15:00+00:00,684.8499755859375,685.3400268554688,684.77001953125,684.8099975585938,1390078
2025-12-09 16:30:00+00:00,684.8099975585938,685.385009765625,684.52001953125,684.6099853515625,1480530
2025-12-09 16:45:00+00:00,684.5999755859375,685.3099975585938,684.5999755859375,684.97998046875,1307520
2025-12-09 17:00:00+00:00,684.969970703125,685.3400268554688,684.8099975585938,684.9400024414062,1191823
2025-12-09 17:15:00+00:00,684.9600219726562,684.969970703125,684.27001953125,684.6500244140625,1134952
2025-12-09 17:30:00+00:00,684.6500244140625,684.8599243164062,683.8955078125,684.080078125,1802521
2025-12-09 17:45:00+00:00,684.0750122070312,684.3200073242188,683.6199951171875,684.2750244140625,1482929
2025-12-09 18:00:00+00:00,684.27001953125,684.47998046875,683.8800048828125,684.25,1384009
2025-12-09 18:15:00+00:00,684.25,684.489990234375,684.1099853515625,684.239990234375,818626
2025-12-09 18:30:00+00:00,684.239990234375,684.344970703125,683.6599731445312,683.6699829101562,911332
2025-12-09 18:45:00+00:00,683.6799926757812,684.3400268554688,683.3499755859375,684.0499877929688,1525023
2025-12-09 19:00:00+00:00,684.0599975585938,684.139892578125,683.6400146484375,683.7999877929688,1225198
2025-12-09 19:15:00+00:00,683.7999877929688,684.02001953125,683.7000122070312,683.72998046875,879340
2025-12-09 19:30:00+00:00,683.72998046875,683.7999877929688,683.2000122070312,683.3900146484375,1227109
2025-12-09 19:45:00+00:00,683.3867797851562,683.8200073242188,683.3300170898438,683.6300048828125,1227355
2025-12-09 20:00:00+00:00,683.6300048828125,683.8526000976562,683.489990234375,683.5,1451318
2025-12-09 20:15:00+00:00,683.5001220703125,683.6749877929688,683.2999877929688,683.3250122070312,1812146
2025-12-09 20:30:00+00:00,683.3200073242188,683.4849853515625,683.0449829101562,683.3900146484375,2312988
2025-12-09 20:45:00+00:00,683.3800048828125,683.6099853515625,682.5900268554688,683.0499877929688,8473440
2025-12-10 14:30:00+00:00,682.5599975585938,683.0700073242188,681.3099975585938,682.666015625,4637194
2025-12-10 14:45:00+00:00,682.6599731445312,683.3300170898438,682.3099975585938,683.1243896484375,2822926
2025-12-10 15:00:00+00:00,683.125,683.4349975585938,682.719970703125,683.0200805664062,1892174
2025-12-10 15:15:00+00:00,683.030029296875,683.4600219726562,682.7760009765625,682.989990234375,1775050
2025-12-10 15:30:00+00:00,682.989990234375,683.0670166015625,681.6699829101562,682.364990234375,2409766
2025-12-10 15:45:00+00:00,682.360107421875,683.22998046875,682.030029296875,682.25,1495472
2025-12-10 16:00:00+00:00,682.25,683.125,681.4500122070312,683.1179809570312,1899297
2025-12-10 16:15:00+00:00,683.1151733398438,683.8699951171875,683.010009765625,683.719970703125,1973051
2025-12-10 16:30:00+00:00,683.719970703125,683.8400268554688,683.1649780273438,683.27001953125,1230994
2025-12-10 16:45:00+00:00,683.280029296875,683.72998046875,683.0098876953125,683.5999755859375,1232425
2025-12-10 17:00:00+00:00,683.5700073242188,683.7000122070312,683.0700073242188,683.25,917021
2025-12-10 17:15:00+00:00,683.260009765625,683.4400024414062,682.9500122070312,683.1400146484375,917664
2025-12-10 17:30:00+00:00,683.1199951171875,683.5399780273438,682.9201049804688,683.0800170898438,688606
2025-12-10 17:45:00+00:00,683.0700073242188,684.219970703125,683.02001953125,683.8400268554688,1205937
2025-12-10 18:00:00+00:00,683.8300170898438,684.0599975585938,683.6199951171875,683.8300170898438,1019575
2025-12-10 18:15:00+00:00,683.8250122070312,683.9400024414062,682.7000122070312,682.8900146484375,1193614
2025-12-10 18:30:00+00:00,682.8800048828125,683.3800048828125,682.6799926757812,682.6950073242188,2008885
2025-12-10 18:45:00+00:00,682.6900024414062,683.1099853515625,682.4450073242188,682.8699951171875,1271568
2025-12-10 19:00:00+00:00,682.8599853515625,685.739990234375,682.6699829101562,684.75,5527735
2025-12-10 19:15:00+00:00,684.760009765625,685.5700073242188,683.239990234375,684.2100219726562,2920928
2025-12-10 19:30:00+00:00,684.2100219726562,686.8200073242188,683.3599853515625,684.3499755859375,6823108
2025-12-10 19:45:00+00:00,684.3109741210938,688.0599975585938,684.239990234375,687.8800048828125,5775089
2025-12-10 20:00:00+00:00,687.8699951171875,688.6199951171875,687.0800170898438,688.47998046875,4930296
2025-12-10 20:15:00+00:00,688.4650268554688,688.8300170898438,687.7949829101562,688.1199951171875,4256048
2025-12-10 20:30:00+00:00,688.0999755859375,688.969970703125,687.9500122070312,688.375,3892055
2025-12-10 20:45:00+00:00,688.364990234375,688.7000122070312,687.219970703125,687.4600219726562,10019435
2025-12-11 14:30:00+00:00,685.1400146484375,685.8200073242188,684.47998046875,685.5850219726562,6154642
2025-12-11 14:45:00+00:00,685.594970703125,685.7000122070312,682.2899780273438,682.6199951171875,5438597
2025-12-11 15:00:00+00:00,682.6500244140625,685.3900146484375,682.1649780273438,685.030029296875,4519432
2025-12-11 15:15:00+00:00,685.0,686.7994995117188,684.5750122070312,686.260009765625,3150610
2025-12-11 15:30:00+00:00,686.27001953125,686.4500122070312,685.3699951171875,685.77001953125,2567224
2025-12-11 15:45:00+00:00,685.7698974609375,686.1699829101562,684.0700073242188,685.739990234375,2787762
2025-12-11 16:00:00+00:00,685.739990234375,686.1400146484375,684.8900146484375,685.3699951171875,2169629
2025-12-11 16:15:00+00:00,685.3699951171875,685.780029296875,684.4000244140625,684.60498046875,1453153
2025-12-11 16:30:00+00:00,684.6099853515625,686.72998046875,684.5399780273438,686.469970703125,2692460
2025-12-11 16:45:00+00:00,686.47998046875,686.969970703125,684.844970703125,685.5,2611603
2025-12-11 17:00:00+00:00,685.52001953125,687.0,685.39501953125,686.719970703125,2029789
2025-12-11 17:15:00+00:00,686.719970703125,687.9099731445312,686.5900268554688,687.35498046875,2418724
2025-12-11 17:30:00+00:00,687.3499755859375,688.0350952148438,687.3400268554688,687.780029296875,1878049
2025-12-11 17:45:00+00:00,687.7899780273438,687.9149780273438,686.97998046875,687.2899780273438,1815982
2025-12-11 18:00:00+00:00,687.280029296875,688.1900024414062,687.0900268554688,688.010009765625,1258671
2025-12-11 18:15:00+00:00,688.02001953125,688.1243896484375,687.4099731445312,687.625,1545286
2025-12-11 18:30:00+00:00,687.6199951171875,688.625,687.2999877929688,688.530029296875,1626404
2025-12-11 18:45:00+00:00,688.5399780273438,688.619873046875,687.760009765625,687.9600219726562,1605525
2025-12-11 19:00:00+00:00,687.969970703125,688.4099731445312,687.8499755859375,688.25,1785473
2025-12-11 19:15:00+00:00,688.260009765625,688.7899780273438,688.239990234375,688.6799926757812,1939762
2025-12-11 19:30:00+00:00,688.6799926757812,689.0499877929688,688.5900268554688,689.0150146484375,2090322
2025-12-11 19:45:00+00:00,689.02001953125,689.25,688.8200073242188,688.8300170898438,2065621
2025-12-11 20:00:00+00:00,688.8300170898438,689.1599731445312,688.6599731445312,688.7100219726562,2044488
2025-12-11 20:15:00+00:00,688.7100219726562,688.9299926757812,688.4099731445312,688.4349975585938,1888945
2025-12-11 20:30:00+00:00,688.4400024414062,688.5499877929688,687.989990234375,688.4000244140625,4030775
2025-12-11 20:45:00+00:00,688.3900146484375,689.1799926757812,688.0900268554688,689.1500244140625,8632586
2025-12-12 14:30:00+00:00,688.1699829101562,688.8800048828125,687.7000122070312,687.9400024414062,5269209
2025-12-12 14:45:00+00:00,687.9400024414062,688.1500244140625,687.1699829101562,687.489990234375,2959743
2025-12-12 15:00:00+00:00,687.4600219726562,687.5399780273438,685.5800170898438,685.9099731445312,5221110
2025-12-12 15:15:00+00:00,685.9099731445312,686.1300048828125,683.6300048828125,683.75,5825571
2025-12-12 15:30:00+00:00,683.75,685.2100219726562,683.3099975585938,685.2000122070312,4705216
2025-12-12 15:45:00+00:00,685.2000122070312,685.6099853515625,681.3099975585938,681.739990234375,5735314
2025-12-12 16:00:00+00:00,681.72998046875,682.4600219726562,680.1799926757812,681.030029296875,7343780
2025-12-12 16:15:00+00:00,681.030029296875,681.7100219726562,679.7000122070312,681.27001953125,4962185
2025-12-12 16:30:00+00:00,681.27001953125,681.2899780273438,679.1743774414062,680.7000122070312,3768948
2025-12-12 16:45:00+00:00,680.7000122070312,680.75,679.6599731445312,680.5994262695312,3196302
2025-12-12 17:00:00+00:00,680.5900268554688,682.1199951171875,680.3300170898438,681.8800048828125,2525923
2025-12-12 17:15:00+00:00,681.8800048828125,683.02001953125,681.3800048828125,681.4600219726562,2427208
2025-12-12 17:30:00+00:00,681.4400024414062,682.8499755859375,680.9450073242188,682.469970703125,2059712
2025-12-12 17:45:00+00:00,682.4600219726562,683.239990234375,682.3699951171875,682.6699829101562,1417831
2025-12-12 18:00:00+00:00,682.6799926757812,684.2100219726562,682.3800048828125,683.6500244140625,2907394
2025-12-12 18:15:00+00:00,683.6500244140625,684.3400268554688,683.0999755859375,683.8800048828125,1900320
2025-12-12 18:30:00+00:00,683.8800048828125,683.9000244140625,682.7999877929688,682.97998046875,2876959
2025-12-12 18:45:00+00:00,682.989990234375,683.5399780273438,682.469970703125,682.5399780273438,1753986
2025-12-12 19:00:00+00:00,682.5499877929688,682.6699829101562,681.5499877929688,681.739990234375,2913771
2025-12-12 19:15:00+00:00,681.72998046875,682.0700073242188,681.2100219726562,681.4749755859375,2212109
2025-12-12 19:30:00+00:00,681.489990234375,682.27001953125,681.4600219726562,681.7899780273438,2327615
2025-12-12 19:45:00+00:00,681.780029296875,682.2100219726562,681.5499877929688,681.9699096679688,1975266
2025-12-12 20:00:00+00:00,681.9600219726562,682.5150146484375,681.4600219726562,681.8200073242188,2873762
2025-12-12 20:15:00+00:00,681.8200073242188,682.0656127929688,681.0999755859375,681.3599853515625,3231818
2025-12-12 20:30:00+00:00,681.369873046875,681.489990234375,680.0700073242188,680.8397216796875,5686810
2025-12-12 20:45:00+00:00,680.8400268554688,681.8699951171875,680.72998046875,681.72998046875,10043487
2025-12-15 14:30:00+00:00,685.739990234375,685.760009765625,683.5549926757812,683.6199951171875,7297117
2025-12-15 14:45:00+00:00,683.6199951171875,683.8712158203125,682.2999877929688,682.4299926757812,5433477
2025-12-15 15:00:00+00:00,682.4299926757812,682.5850219726562,681.1400146484375,681.364990234375,4611252
2025-12-15 15:15:00+00:00,681.3400268554688,681.5,679.25,679.8200073242188,4962594
2025-12-15 15:30:00+00:00,679.8200073242188,681.8200073242188,679.5900268554688,681.7999877929688,4212108
2025-12-15 15:45:00+00:00,681.7999877929688,682.1599731445312,680.7349853515625,681.1500244140625,3238518
2025-12-15 16:00:00+00:00,681.1400146484375,681.8892211914062,680.5599975585938,681.030029296875,2392027
2025-12-15 16:15:00+00:00,681.0399780273438,683.0599975585938,680.969970703125,682.7899780273438,2641367
2025-12-15 16:30:00+00:00,682.7899780273438,682.9199829101562,680.4099731445312,680.5499877929688,3604415
2025-12-15 16:45:00+00:00,680.5700073242188,681.739990234375,680.1400146484375,680.8800048828125,2944774
2025-12-15 17:00:00+00:00,680.8800048828125,681.3300170898438,680.5700073242188,680.8300170898438,1806846
2025-12-15 17:15:00+00:00,680.8099975585938,681.0999755859375,680.2100219726562,680.6500244140625,1798014
2025-12-15 17:30:00+00:00,680.6500244140625,681.4500122070312,680.0700073242188,681.1900024414062,2083109
2025-12-15 17:45:00+00:00,681.1799926757812,681.4000244140625,679.4199829101562,680.50439453125,2714082
2025-12-15 18:00:00+00:00,680.5,681.0999755859375,680.0050048828125,680.97998046875,1508907
2025-12-15 18:15:00+00:00,680.97998046875,681.1900024414062,679.510009765625,679.97998046875,1655294
2025-12-15 18:30:00+00:00,679.97998046875,680.4000244140625,679.6199951171875,680.280029296875,1640748
2025-12-15 18:45:00+00:00,680.2899780273438,681.4000244140625,680.1900024414062,681.02001953125,1573908
2025-12-15 19:00:00+00:00,681.02001953125,681.5496826171875,680.7899780273438,680.7999877929688,1956889
2025-12-15 19:15:00+00:00,680.7999877929688,681.159912109375,680.4400024414062,680.8355102539062,2038507
2025-12-15 19:30:00+00:00,680.8350219726562,681.0900268554688,680.510009765625,680.60498046875,1594274
2025-12-15 19:45:00+00:00,680.5999755859375,681.780029296875,680.4400024414062,681.689697265625,2323931
2025-12-15 20:00:00+00:00,681.6900024414062,681.739990234375,681.02001953125,681.280029296875,2272820
2025-12-15 20:15:00+00:00,681.280029296875,681.5850219726562,680.6900024414062,681.0700073242188,3146357
2025-12-15 20:30:00+00:00,681.0900268554688,681.3350219726562,680.5499877929688,680.6900024414062,3473704
2025-12-15 20:45:00+00:00,680.6898803710938,681.5999755859375,680.6099853515625,680.7100219726562,10040345
2025-12-16 14:30:00+00:00,679.22998046875,680.5001220703125,678.1500244140625,678.6500854492188,7781025
2025-12-16 14:45:00+00:00,678.72998046875,681.02001953125,677.6799926757812,680.7899780273438,4327822
2025-12-16 15:00:00+00:00,680.8200073242188,681.0800170898438,678.97998046875,679.3150024414062,3366682
2025-12-16 15:15:00+00:00,679.280029296875,679.530029296875,676.4400024414062,677.6900024414062,4501206
2025-12-16 15:30:00+00:00,677.7100219726562,678.6900024414062,677.02001953125,678.1099853515625,3743138
2025-12-16 15:45:00+00:00,678.1400146484375,679.4149780273438,677.5800170898438,679.0,2681185
2025-12-16 16:00:00+00:00,678.989990234375,679.32177734375,677.469970703125,677.739990234375,3024357
2025-12-16 16:15:00+00:00,677.739990234375,677.8599853515625,676.8099975585938,677.135009765625,2074689
2025-12-16 16:30:00+00:00,677.1400146484375,677.739990234375,676.6099853515625,677.375,1940482
2025-12-16 16:45:00+00:00,677.364990234375,678.489990234375,677.0399780273438,678.280029296875,1904708
2025-12-16 17:00:00+00:00,678.2999877929688,678.760009765625,677.4600219726562,678.5800170898438,1865160
2025-12-16 17:15:00+00:00,678.5800170898438,678.9400024414062,677.02001953125,677.3800048828125,1580573
2025-12-16 17:30:00+00:00,677.3748168945312,678.280029296875,676.3049926757812,676.7100219726562,1879466
2025-12-16 17:45:00+00:00,676.739990234375,677.1300048828125,675.4199829101562,675.5999755859375,2394088
2025-12-16 18:00:00+00:00,675.6099853515625,676.0700073242188,674.97998046875,676.0499877929688,3486242
2025-12-16 18:15:00+00:00,676.0399780273438,676.2000122070312,675.3400268554688,675.5900268554688,1863518
2025-12-16 18:30:00+00:00,675.5900268554688,677.9299926757812,675.5599975585938,677.8400268554688,2848087
2025-12-16 18:45:00+00:00,677.8599853515625,678.6099853515625,677.6400146484375,677.8599853515625,2680636
2025-12-16 19:00:00+00:00,677.8499755859375,677.9000244140625,676.010009765625,676.1500244140625,4147051
2025-12-16 19:15:00+00:00,676.155029296875,677.0800170898438,675.8599853515625,677.0499877929688,2837582
2025-12-16 19:30:00+00:00,677.0399780273438,678.1300048828125,676.9299926757812,677.9349975585938,2196476
2025-12-16 19:45:00+00:00,677.9500122070312,678.5800170898438,677.4901123046875,677.9400024414062,4060091
2025-12-16 20:00:00+00:00,677.9400024414062,679.010009765625,677.6300048828125,678.3200073242188,3907056
2025-12-16 20:15:00+00:00,678.3300170898438,679.260009765625,678.260009765625,679.2000122070312,2582893
2025-12-16 20:30:00+00:00,679.1950073242188,680.5599975585938,679.1699829101562,679.989990234375,5446733
2025-12-16 20:45:00+00:00,680.0,680.4099731445312,678.8200073242188,678.8599853515625,11654079
2025-12-17 14:30:00+00:00,679.8900146484375,680.4349975585938,678.1099853515625,678.52001953125,7388264
2025-12-17 14:45:00+00:00,678.52001953125,679.52001953125,677.5999755859375,679.2650146484375,4030126
2025-12-17 15:00:00+00:00,679.260009765625,679.6799926757812,678.2100219726562,678.8699951171875,2754651
2025-12-17 15:15:00+00:00,678.8800048828125,679.3699951171875,678.1099853515625,678.9299926757812,2251524
2025-12-17 15:30:00+00:00,678.9199829101562,679.1699829101562,675.594970703125,676.0399780273438,4194726
2025-12-17 15:45:00+00:00,676.030029296875,676.4199829101562,674.02001953125,674.5599975585938,5652376
2025-12-17 16:00:00+00:00,674.5499877929688,675.7000122070312,673.6699829101562,673.7100219726562,3777166
2025-12-17 16:15:00+00:00,673.7000122070312,675.389892578125,673.4299926757812,674.635009765625,3321691
2025-12-17 16:30:00+00:00,674.6300048828125,674.760009765625,673.5045166015625,674.3399047851562,2861748
2025-12-17 16:45:00+00:00,674.3099975585938,674.739990234375,673.0700073242188,674.22998046875,2614504
2025-12-17 17:00:00+00:00,674.219970703125,674.489990234375,673.0800170898438,673.4000244140625,2862678
2025-12-17 17:15:00+00:00,673.39501953125,675.0499877929688,673.1799926757812,674.1500244140625,2013076
2025-12-17 17:30:00+00:00,674.1599731445312,675.0700073242188,673.469970703125,673.5999755859375,1535325
2025-12-17 17:45:00+00:00,673.6099853515625,674.0999755859375,673.0,673.7999877929688,1981526
2025-12-17 18:00:00+00:00,673.8099975585938,674.8765258789062,673.375,673.4398803710938,1606628
2025-12-17 18:15:00+00:00,673.4199829101562,673.7664794921875,673.02001953125,673.3699951171875,2260086
2025-12-17 18:30:00+00:00,673.3599853515625,673.6199951171875,672.0800170898438,672.7100219726562,3133511
2025-12-17 18:45:00+00:00,672.7100219726562,673.010009765625,672.1599731445312,672.5549926757812,3364669
2025-12-17 19:00:00+00:00,672.5549926757812,672.8699951171875,672.0549926757812,672.6500244140625,2909373
2025-12-17 19:15:00+00:00,672.6400146484375,673.0,672.3300170898438,672.469970703125,2605566
2025-12-17 19:30:00+00:00,672.4600219726562,672.9199829101562,672.219970703125,672.7100219726562,2781369
2025-12-17 19:45:00+00:00,672.7100219726562,673.2977905273438,672.5900268554688,673.1300048828125,2781855
2025-12-17 20:00:00+00:00,673.1199951171875,673.3200073242188,672.4149780273438,672.7899780273438,3044575
2025-12-17 20:15:00+00:00,672.760009765625,673.239990234375,672.239990234375,672.52001953125,2741923
2025-12-17 20:30:00+00:00,672.530029296875,672.9000244140625,671.9500122070312,672.7899780273438,3547906
2025-12-17 20:45:00+00:00,672.7899780273438,673.0,671.1950073242188,671.2999877929688,13790617
2025-12-18 14:30:00+00:00,677.5999755859375,678.5900268554688,676.0800170898438,676.280029296875,9461589
2025-12-18 14:45:00+00:00,676.280029296875,678.3099975585938,675.6900024414062,678.0599975585938,4668338
2025-12-18 15:00:00+00:00,678.0599975585938,678.4401245117188,676.2799072265625,676.739990234375,3550257
2025-12-18 15:15:00+00:00,676.739990234375,679.1099853515625,676.1400146484375,679.010009765625,4190668
2025-12-18 15:30:00+00:00,679.010009765625,680.5999755859375,678.6799926757812,680.4600219726562,4357820
2025-12-18 15:45:00+00:00,680.4600219726562,680.52001953125,679.6649780273438,680.0300903320312,2986968
2025-12-18 16:00:00+00:00,680.030029296875,680.739990234375,679.8300170898438,679.9349975585938,2330278
2025-12-18 16:15:00+00:00,679.9349975585938,680.3900146484375,679.52001953125,679.7449951171875,2072581
2025-12-18 16:30:00+00:00,679.739990234375,680.7100219726562,679.739990234375,680.27001953125,2611758
2025-12-18 16:45:00+00:00,680.260009765625,680.375,679.3250122070312,679.5599975585938,2123329
2025-12-18 17:00:00+00:00,679.5499877929688,679.5706787109375,675.989990234375,676.4400024414062,5535354
2025-12-18 17:15:00+00:00,676.4199829101562,676.5499877929688,674.9000244140625,675.780029296875,5433874
2025-12-18 17:30:00+00:00,675.7899780273438,678.260009765625,675.47998046875,678.260009765625,3460079
2025-12-18 17:45:00+00:00,678.260009765625,678.6900024414062,677.3201293945312,678.3699951171875,3076631
2025-12-18 18:00:00+00:00,678.3599853515625,678.8699951171875,677.5800170898438,678.3300170898438,2212008
2025-12-18 18:15:00+00:00,678.3099975585938,679.0900268554688,678.2999877929688,678.8250122070312,2017263
2025-12-18 18:30:00+00:00,678.8300170898438,679.7000122070312,678.8300170898438,678.8900146484375,1693773
2025-12-18 18:45:00+00:00,678.8800048828125,678.9400024414062,678.0399780273438,678.2750244140625,2234846
2025-12-18 19:00:00+00:00,678.22998046875,678.3099975585938,676.5900268554688,677.4650268554688,3954899
2025-12-18 19:15:00+00:00,677.469970703125,677.47998046875,676.6699829101562,677.1500244140625,2877699
2025-12-18 19:30:00+00:00,677.1599731445312,677.2999877929688,676.1900024414062,676.3200073242188,2532027
2025-12-18 19:45:00+00:00,676.3150024414062,677.3099975585938,675.3200073242188,675.719970703125,3235339
2025-12-18 20:00:00+00:00,675.7100219726562,677.4199829101562,675.4500122070312,677.3699951171875,3462380
2025-12-18 20:15:00+00:00,677.3699951171875,677.8499755859375,676.8699951171875,677.6300048828125,3713895
2025-12-18 20:30:00+00:00,677.6199951171875,678.3900146484375,677.3900146484375,678.1699829101562,4274442
2025-12-18 20:45:00+00:00,678.1500244140625,678.5499877929688,676.4099731445312,676.47998046875,11568108
2025-12-19 14:30:00+00:00,677.0,679.4149780273438,677.0,679.4099731445312,10558523
2025-12-19 14:45:00+00:00,679.4099731445312,679.8499755859375,678.7999877929688,679.8200073242188,4598015
2025-12-19 15:00:00+00:00,679.8099975585938,680.52001953125,679.2100219726562,679.5800170898438,4375476
2025-12-19 15:15:00+00:00,679.5900268554688,679.97998046875,678.4500122070312,679.1900024414062,3155219
2025-12-19 15:30:00+00:00,679.1900024414062,680.114990234375,678.7000122070312,679.25,3559706
2025-12-19 15:45:00+00:00,679.27001953125,679.4400024414062,678.6599731445312,678.97998046875,3122763
2025-12-19 16:00:00+00:00,678.969970703125,680.2750244140625,678.5599975585938,679.6500244140625,7429216
2025-12-19 16:15:00+00:00,679.6699829101562,680.219970703125,679.4500122070312,680.1699829101562,1935668
2025-12-19 16:30:00+00:00,680.1900024414062,680.530029296875,679.7849731445312,679.7849731445312,2158479
2025-12-19 16:45:00+00:00,679.7949829101562,680.1749877929688,679.3400268554688,679.6950073242188,1852708
2025-12-19 17:00:00+00:00,679.7000122070312,680.2249755859375,679.6300048828125,680.1400146484375,1677978
2025-12-19 17:15:00+00:00,680.1500244140625,680.8350219726562,680.1500244140625,680.6799926757812,2185285
2025-12-19 17:30:00+00:00,680.6900024414062,680.8200073242188,680.3099975585938,680.4749755859375,1644309
2025-12-19 17:45:00+00:00,680.47998046875,681.0579833984375,680.3499755859375,680.655029296875,1546943
2025-12-19 18:00:00+00:00,680.655029296875,680.9949951171875,680.469970703125,680.9199829101562,1323849
2025-12-19 18:15:00+00:00,680.9249877929688,681.0900268554688,680.6400146484375,680.75,1202114
2025-12-19 18:30:00+00:00,680.77001953125,680.8599853515625,680.1799926757812,680.3599853515625,1659157
2025-12-19 18:45:00+00:00,680.3790283203125,680.60498046875,680.1699829101562,680.2249755859375,1063326
2025-12-19 19:00:00+00:00,680.219970703125,680.760009765625,680.219970703125,680.5899047851562,1706706
2025-12-19 19:15:00+00:00,680.5900268554688,680.7999877929688,680.469970703125,680.6400146484375,1118940
2025-12-19 19:30:00+00:00,680.6400146484375,680.9398803710938,680.52001953125,680.7901000976562,1528485
2025-12-19 19:45:00+00:00,680.7999877929688,681.0,680.5449829101562,680.5900268554688,2128167
2025-12-19 20:00:00+00:00,680.5900268554688,680.8300170898438,680.3599853515625,680.4400024414062,2522573
2025-12-19 20:15:00+00:00,680.4299926757812,680.7449951171875,680.3400268554688,680.4849853515625,2722883
2025-12-19 20:30:00+00:00,680.489990234375,680.6649780273438,679.6099853515625,679.9400024414062,3765502
2025-12-19 20:45:00+00:00,679.9400024414062,680.719970703125,679.6799926757812,680.5900268554688,15295204
2025-12-22 14:30:00+00:00,683.9400024414062,684.530029296875,682.9400024414062,683.22998046875,6061395
2025-12-22 14:45:00+00:00,683.219970703125,684.135009765625,683.0800170898438,683.969970703125,2839055
2025-12-22 15:00:00+00:00,683.9749755859375,684.1199951171875,682.8900146484375,682.969970703125,2160221
2025-12-22 15:15:00+00:00,682.989990234375,683.9299926757812,682.9400024414062,683.77001953125,1969174
2025-12-22 15:30:00+00:00,683.77001953125,683.989990234375,682.6799926757812,683.719970703125,2472551
2025-12-22 15:45:00+00:00,683.719970703125,683.97998046875,683.5800170898438,683.6500244140625,1733643
2025-12-22 16:00:00+00:00,683.6400146484375,684.6699829101562,683.6400146484375,684.64501953125,1689658
2025-12-22 16:15:00+00:00,684.6400146484375,684.9749755859375,684.530029296875,684.6699829101562,2366225
2025-12-22 16:30:00+00:00,684.6699829101562,684.780029296875,684.3599853515625,684.3699951171875,1415417
2025-12-22 16:45:00+00:00,684.3699951171875,684.9500122070312,684.3599853515625,684.9500122070312,1290052
2025-12-22 17:00:00+00:00,684.9600219726562,685.0800170898438,684.6749877929688,684.8049926757812,1513556
2025-12-22 17:15:00+00:00,684.8099975585938,684.9650268554688,684.52001953125,684.6500244140625,1368101
2025-12-22 17:30:00+00:00,684.6500244140625,684.9299926757812,684.5599975585938,684.7899780273438,1098202
2025-12-22 17:45:00+00:00,684.7899780273438,685.3599853515625,684.6849975585938,685.2100219726562,1549098
2025-12-22 18:00:00+00:00,685.2100219726562,685.219970703125,684.780029296875,684.8099975585938,1371365
2025-12-22 18:15:00+00:00,684.8099975585938,684.8400268554688,684.3499755859375,684.7150268554688,1606040
2025-12-22 18:30:00+00:00,684.7100219726562,684.9099731445312,684.6300048828125,684.75,893837
2025-12-22 18:45:00+00:00,684.739990234375,684.780029296875,684.3699951171875,684.5050048828125,1037896
2025-12-22 19:00:00+00:00,684.5,684.5700073242188,684.2150268554688,684.2999877929688,1194610
2025-12-22 19:15:00+00:00,684.2999877929688,684.75,684.2050170898438,684.719970703125,1548126
2025-12-22 19:30:00+00:00,684.72998046875,685.010009765625,684.719970703125,684.739990234375,1631046
2025-12-22 19:45:00+00:00,684.739990234375,684.9099731445312,684.6649780273438,684.7899780273438,1713411
2025-12-22 20:00:00+00:00,684.7899780273438,684.9600219726562,684.6649780273438,684.760009765625,2141376
2025-12-22 20:15:00+00:00,684.760009765625,685.0399780273438,684.7100219726562,684.9249877929688,2382772
2025-12-22 20:30:00+00:00,684.9249877929688,685.14990234375,684.875,684.9149780273438,3374306
2025-12-22 20:45:00+00:00,684.915771484375,685.0449829101562,684.6099853515625,684.7899780273438,7413300
2025-12-23 14:30:00+00:00,683.9199829101562,685.7999877929688,683.8699951171875,685.7750244140625,4341829
2025-12-23 14:45:00+00:00,685.780029296875,686.25,685.0999755859375,685.4099731445312,2626459
2025-12-23 15:00:00+00:00,685.4100952148438,685.489990234375,684.3599853515625,684.760009765625,3380846
2025-12-23 15:15:00+00:00,684.75,685.5650024414062,684.739990234375,685.239990234375,1838655
2025-12-23 15:30:00+00:00,685.239990234375,686.1849975585938,685.2302856445312,686.0999755859375,1951443
2025-12-23 15:45:00+00:00,686.0999755859375,686.4849853515625,685.8599853515625,686.3200073242188,2093188
2025-12-23 16:00:00+00:00,686.3300170898438,686.6300048828125,686.2550048828125,686.4500122070312,2300424
2025-12-23 16:15:00+00:00,686.4500122070312,686.739990234375,686.4500122070312,686.4920043945312,1599880
2025-12-23 16:30:00+00:00,686.4949951171875,686.7849731445312,686.3599853515625,686.6900024414062,1229980
2025-12-23 16:45:00+00:00,686.6950073242188,687.0087890625,686.655029296875,686.8900146484375,1543733
2025-12-23 17:00:00+00:00,686.9000244140625,687.0200805664062,686.6599731445312,686.9400024414062,1399738
2025-12-23 17:15:00+00:00,686.9450073242188,687.219970703125,686.8699951171875,687.0700073242188,1948681
2025-12-23 17:30:00+00:00,687.0599975585938,687.19970703125,686.8900146484375,687.0449829101562,1360885
2025-12-23 17:45:00+00:00,687.0399780273438,687.1199951171875,686.7899780273438,686.9849853515625,3371197
2025-12-23 18:00:00+00:00,686.989990234375,687.3599853515625,686.9199829101562,687.3400268554688,1405364
2025-12-23 18:15:00+00:00,687.3400268554688,687.7299194335938,687.2650146484375,687.5449829101562,1602562
2025-12-23 18:30:00+00:00,687.5499877929688,687.7000122070312,687.5250244140625,687.6599731445312,1253008
2025-12-23 18:45:00+00:00,687.6599731445312,687.7000122070312,687.510009765625,687.530029296875,1354510
2025-12-23 19:00:00+00:00,687.530029296875,687.8250122070312,687.4949951171875,687.7097778320312,1375106
2025-12-23 19:15:00+00:00,687.7050170898438,687.9199829101562,687.7000122070312,687.875,1576064
2025-12-23 19:30:00+00:00,687.8699951171875,687.9149780273438,687.7100219726562,687.8200073242188,1243584
2025-12-23 19:45:00+00:00,687.8200073242188,687.9299926757812,687.760009765625,687.8350219726562,1451375
2025-12-23 20:00:00+00:00,687.8350219726562,688.030029296875,687.8200073242188,687.885009765625,2011428
2025-12-23 20:15:00+00:00,687.8900146484375,688.0,687.7750244140625,687.8499755859375,2201245
2025-12-23 20:30:00+00:00,687.8400268554688,688.0,687.72998046875,687.7449951171875,2215211
2025-12-23 20:45:00+00:00,687.739990234375,688.2000122070312,687.6400146484375,687.9099731445312,7508657
2025-12-24 14:30:00+00:00,687.969970703125,688.6900024414062,687.8900146484375,688.280029296875,3053993
2025-12-24 14:45:00+00:00,688.2750244140625,688.72998046875,688.219970703125,688.5999755859375,1784665
2025-12-24 15:00:00+00:00,688.5900268554688,689.0800170898438,688.510009765625,689.0349731445312,2036398
2025-12-24 15:15:00+00:00,689.0349731445312,689.2150268554688,688.8200073242188,689.1649780273438,1802216
2025-12-24 15:30:00+00:00,689.1599731445312,689.280029296875,689.0125122070312,689.25,2024058
2025-12-24 15:45:00+00:00,689.2249755859375,689.489990234375,689.1900024414062,689.469970703125,1453694
2025-12-24 16:00:00+00:00,689.4650268554688,689.9039916992188,689.3699951171875,689.8900146484375,3453185
2025-12-24 16:15:00+00:00,689.89501953125,689.97998046875,689.6500244140625,689.9650268554688,1529374
2025-12-24 16:30:00+00:00,689.9650268554688,690.47998046875,689.8892211914062,690.47998046875,2315794
2025-12-24 16:45:00+00:00,690.469970703125,690.4849853515625,690.25,690.3699951171875,1211440
2025-12-24 17:00:00+00:00,690.3699951171875,690.6400146484375,690.3699951171875,690.5900268554688,2617514
2025-12-24 17:15:00+00:00,690.5800170898438,690.6400146484375,690.27001953125,690.5349731445312,3076332
2025-12-24 17:30:00+00:00,690.5349731445312,690.8300170898438,690.3300170898438,690.3499755859375,2351078
2025-12-24 17:45:00+00:00,690.3599853515625,690.4749755859375,690.344970703125,690.4550170898438,209762
2025-12-26 14:30:00+00:00,690.6400146484375,691.5700073242188,690.27001953125,691.5499877929688,3745329
2025-12-26 14:45:00+00:00,691.5499877929688,691.6599731445312,690.4550170898438,690.7750244140625,2356469
2025-12-26 15:00:00+00:00,690.77001953125,690.8200073242188,689.75,689.9099731445312,2131435
2025-12-26 15:15:00+00:00,689.9099731445312,690.760009765625,689.6500244140625,690.7349853515625,2012779
2025-12-26 15:30:00+00:00,690.72998046875,691.0001220703125,690.489990234375,690.510009765625,1309195
2025-12-26 15:45:00+00:00,690.52001953125,690.8699951171875,690.4000244140625,690.8250122070312,1005971
2025-12-26 16:00:00+00:00,690.8250122070312,690.9600219726562,689.9099731445312,689.9299926757812,1318144
2025-12-26 16:15:00+00:00,689.9199829101562,690.3800048828125,689.8004150390625,690.2640991210938,1338692
2025-12-26 16:30:00+00:00,690.27001953125,690.3300170898438,690.1099853515625,690.2249755859375,1387510
2025-12-26 16:45:00+00:00,690.239990234375,690.2899780273438,689.77001953125,689.989990234375,1045731
2025-12-26 17:00:00+00:00,689.97998046875,690.010009765625,689.4149780273438,689.489990234375,937100
2025-12-26 17:15:00+00:00,689.47998046875,690.1500244140625,689.3900146484375,690.1400146484375,1192865
2025-12-26 17:30:00+00:00,690.1300048828125,690.2000122070312,689.510009765625,689.6300048828125,1029137
2025-12-26 17:45:00+00:00,689.6300048828125,689.9100952148438,689.5499877929688,689.7899780273438,807052
2025-12-26 18:00:00+00:00,689.7899780273438,690.0499877929688,689.780029296875,689.9000244140625,643098
2025-12-26 18:15:00+00:00,689.9000244140625,689.9000244140625,689.27001953125,689.6970825195312,957869
2025-12-26 18:30:00+00:00,689.6900024414062,690.0999755859375,689.6500244140625,689.9149780273438,843520
2025-12-26 18:45:00+00:00,689.9099731445312,690.2899780273438,689.8049926757812,690.2100219726562,757457
2025-12-26 19:00:00+00:00,690.2050170898438,690.4600219726562,690.0700073242188,690.239990234375,888948
2025-12-26 19:15:00+00:00,690.2349853515625,690.2999877929688,689.9749755859375,690.0418090820312,761700
2025-12-26 19:30:00+00:00,690.0399780273438,690.3200073242188,690.0374755859375,690.1799926757812,766729
2025-12-26 19:45:00+00:00,690.1900024414062,690.219970703125,690.0800170898438,690.155029296875,892402
2025-12-26 20:00:00+00:00,690.1500244140625,690.3400268554688,690.0399780273438,690.1801147460938,968561
2025-12-26 20:15:00+00:00,690.1799926757812,690.2750244140625,690.068603515625,690.2000122070312,1035385
2025-12-26 20:30:00+00:00,690.2000122070312,690.5,690.1699829101562,690.4500122070312,1757051
2025-12-26 20:45:00+00:00,690.4500122070312,690.4600219726562,690.0050048828125,690.2449951171875,6038719
2025-12-29 14:30:00+00:00,687.5399780273438,689.2000122070312,687.1900024414062,688.4299926757812,5387326
2025-12-29 14:45:00+00:00,688.4400024414062,688.4400024414062,687.3300170898438,687.5599975585938,2882399
2025-12-29 15:00:00+00:00,687.5599975585938,687.8699951171875,686.8200073242188,687.0996704101562,2220804
2025-12-29 15:15:00+00:00,687.0999755859375,688.0599975585938,687.0900268554688,687.9500122070312,1624112
2025-12-29 15:30:00+00:00,687.9400024414062,688.4000244140625,687.6900024414062,688.1900024414062,1306695
2025-12-29 15:45:00+00:00,688.1900024414062,688.2296752929688,686.8900146484375,687.3499755859375,1870529
2025-12-29 16:00:00+00:00,687.3499755859375,687.6375732421875,687.02001953125,687.47998046875,1771294
2025-12-29 16:15:00+00:00,687.47998046875,687.489990234375,686.9450073242188,687.169921875,1143670
2025-12-29 16:30:00+00:00,687.1599731445312,687.489990234375,686.6900024414062,686.8743896484375,1450785
2025-12-29 16:45:00+00:00,686.8800048828125,687.3900146484375,686.8400268554688,687.0800170898438,1165095
2025-12-29 17:00:00+00:00,687.0800170898438,687.22998046875,686.5999755859375,686.8400268554688,857632
2025-12-29 17:15:00+00:00,686.8300170898438,686.9299926757812,686.0700073242188,686.27001953125,1107945
2025-12-29 17:30:00+00:00,686.27001953125,686.5650024414062,686.1799926757812,686.5050048828125,1131096
2025-12-29 17:45:00+00:00,686.5,687.0955810546875,686.469970703125,686.989990234375,1095533
2025-12-29 18:00:00+00:00,686.989990234375,687.1300048828125,686.7899780273438,686.905029296875,1008902
2025-12-29 18:15:00+00:00,686.9099731445312,687.5449829101562,686.9000244140625,687.3300170898438,1198188
2025-12-29 18:30:00+00:00,687.3300170898438,687.8900146484375,687.3167724609375,687.4650268554688,1613161
2025-12-29 18:45:00+00:00,687.4650268554688,687.5050048828125,687.1699829101562,687.2249755859375,1191814
2025-12-29 19:00:00+00:00,687.219970703125,687.2899780273438,686.8699951171875,687.0,2354135
2025-12-29 19:15:00+00:00,687.0,687.469970703125,686.9299926757812,687.4600219726562,1460742
2025-12-29 19:30:00+00:00,687.4500122070312,688.0800170898438,687.4299926757812,687.9249877929688,2209214
2025-12-29 19:45:00+00:00,687.9299926757812,688.4600219726562,687.8599853515625,688.2999877929688,2502037
2025-12-29 20:00:00+00:00,688.2999877929688,688.4949951171875,688.1099853515625,688.47998046875,2112368
2025-12-29 20:15:00+00:00,688.4868774414062,688.6199951171875,688.1599731445312,688.1799926757812,1895028
2025-12-29 20:30:00+00:00,688.1799926757812,688.405029296875,687.8400268554688,687.97998046875,2965948
2025-12-29 20:45:00+00:00,687.97998046875,688.1900024414062,687.4000244140625,687.8400268554688,7967857
2025-12-30 14:30:00+00:00,687.4450073242188,687.8699951171875,687.0999755859375,687.1199951171875,2930126
2025-12-30 14:45:00+00:00,687.1300048828125,688.530029296875,686.8800048828125,688.0900268554688,2303223
2025-12-30 15:00:00+00:00,688.0800170898438,688.1699829101562,686.8099975585938,686.9201049804688,1723597
2025-12-30 15:15:00+00:00,686.9299926757812,687.419921875,686.75,686.9400024414062,1648707
2025-12-30 15:30:00+00:00,686.9400024414062,687.030029296875,686.5800170898438,686.780029296875,1172286
2025-12-30 15:45:00+00:00,686.8099975585938,687.72998046875,686.6900024414062,687.6104736328125,1504324
2025-12-30 16:00:00+00:00,687.5999755859375,688.02001953125,687.510009765625,687.7899780273438,1340399
2025-12-30 16:15:00+00:00,687.7899780273438,688.5549926757812,687.77001953125,688.2471923828125,1491726
2025-12-30 16:30:00+00:00,688.239990234375,688.27001953125,687.3900146484375,687.6298828125,1350153
2025-12-30 16:45:00+00:00,687.6300048828125,687.6710815429688,687.2000122070312,687.22998046875,951848
2025-12-30 17:00:00+00:00,687.219970703125,687.3200073242188,687.030029296875,687.0599975585938,1040334
2025-12-30 17:15:00+00:00,687.0599975585938,687.4299926757812,686.8699951171875,687.3800048828125,1465388
2025-12-30 17:30:00+00:00,687.3800048828125,687.7100219726562,687.3499755859375,687.4099731445312,936539
2025-12-30 17:45:00+00:00,687.4000244140625,687.6998901367188,687.1950073242188,687.635009765625,723925
2025-12-30 18:00:00+00:00,687.635009765625,687.7899780273438,687.219970703125,687.7000122070312,858132
2025-12-30 18:15:00+00:00,687.7000122070312,687.7899780273438,687.5349731445312,687.7692260742188,522312
2025-12-30 18:30:00+00:00,687.760009765625,687.9299926757812,687.469970703125,687.6599731445312,842848
2025-12-30 18:45:00+00:00,687.6599731445312,687.8800048828125,687.6179809570312,687.7650146484375,623308
2025-12-30 19:00:00+00:00,687.760009765625,687.8699951171875,687.4199829101562,687.8599853515625,1342018
2025-12-30 19:15:00+00:00,687.85498046875,687.8699951171875,687.6599731445312,687.8099975585938,1020602
2025-12-30 19:30:00+00:00,687.8099975585938,687.9400024414062,687.6599731445312,687.7899780273438,1185098
2025-12-30 19:45:00+00:00,687.7899780273438,687.85498046875,687.4000244140625,687.5599975585938,1158073
2025-12-30 20:00:00+00:00,687.5599975585938,687.6500244140625,687.0399780273438,687.280029296875,1477645
2025-12-30 20:15:00+00:00,687.27001953125,687.72998046875,687.22998046875,687.510009765625,1452410
2025-12-30 20:30:00+00:00,687.510009765625,687.8150024414062,687.47998046875,687.6699829101562,2108325
2025-12-30 20:45:00+00:00,687.6799926757812,687.6900024414062,686.7000122070312,686.9400024414062,7516565
2025-12-31 14:30:00+00:00,687.1400146484375,687.3599853515625,685.7100219726562,685.85498046875,4745741
2025-12-31 14:45:00+00:00,685.8499755859375,686.469970703125,685.280029296875,685.9600219726562,3464341
2025-12-31 15:00:00+00:00,685.9600219726562,686.0599975585938,685.25,685.4450073242188,2591018
2025-12-31 15:15:00+00:00,685.4500122070312,685.6500244140625,684.9149780273438,685.5499877929688,2002503
2025-12-31 15:30:00+00:00,685.5399780273438,685.655029296875,684.9400024414062,685.1199951171875,2082178
2025-12-31 15:45:00+00:00,685.114990234375,685.1400146484375,684.1799926757812,684.3300170898438,2343441
2025-12-31 16:00:00+00:00,684.3200073242188,684.667724609375,684.2999877929688,684.5499877929688,2166857
2025-12-31 16:15:00+00:00,684.5449829101562,685.1300048828125,684.5140991210938,685.1199951171875,2060430
2025-12-31 16:30:00+00:00,685.125,685.1500244140625,684.739990234375,684.9199829101562,1177456
2025-12-31 16:45:00+00:00,684.9299926757812,685.4299926757812,684.785400390625,685.3499755859375,964055
2025-12-31 17:00:00+00:00,685.35498046875,685.4299926757812,684.6099853515625,684.9600219726562,1241534
2025-12-31 17:15:00+00:00,684.9609985351562,685.2150268554688,684.8408813476562,685.0,888550
2025-12-31 17:30:00+00:00,684.989990234375,685.3099975585938,684.8900146484375,685.0883178710938,854177
2025-12-31 17:45:00+00:00,685.0900268554688,685.1500244140625,684.6500244140625,684.8049926757812,810412
2025-12-31 18:00:00+00:00,684.7999877929688,685.3099975585938,684.719970703125,685.3099975585938,949275
2025-12-31 18:15:00+00:00,685.3200073242188,685.3900146484375,684.9500122070312,685.3698120117188,896296
2025-12-31 18:30:00+00:00,685.3687744140625,685.730712890625,685.25,685.72998046875,1239790
2025-12-31 18:45:00+00:00,685.739990234375,686.0499877929688,685.655029296875,685.8400268554688,1388679
2025-12-31 19:00:00+00:00,685.8300170898438,686.239990234375,685.8200073242188,685.905029296875,1388315
2025-12-31 19:15:00+00:00,685.905029296875,685.9199829101562,685.010009765625,685.0349731445312,1487678
2025-12-31 19:30:00+00:00,685.0399780273438,685.1400146484375,684.0900268554688,684.5601196289062,2638610
2025-12-31 19:45:00+00:00,684.5599975585938,684.639892578125,684.0399780273438,684.1400146484375,1998578
2025-12-31 20:00:00+00:00,684.1400146484375,684.2000122070312,682.9400024414062,683.239990234375,3218831
2025-12-31 20:15:00+00:00,683.239990234375,683.530029296875,682.5449829101562,682.719970703125,3490630
2025-12-31 20:30:00+00:00,682.719970703125,683.719970703125,682.530029296875,683.4199829101562,3944392
2025-12-31 20:45:00+00:00,683.4199829101562,683.47998046875,681.7100219726562,681.8400268554688,11210319
2026-01-02 14:30:00+00:00,685.7100219726562,686.1500244140625,684.1199951171875,684.93017578125,7248463
2026-01-02 14:45:00+00:00,684.9600219726562,686.8400268554688,684.760009765625,686.1900024414062,4186242
2026-01-02 15:00:00+00:00,686.2100219726562,686.8699951171875,684.1199951171875,684.3499755859375,4166316
2026-01-02 15:15:00+00:00,684.3400268554688,684.418701171875,681.5800170898438,682.4500122070312,6423791
2026-01-02 15:30:00+00:00,682.4500122070312,684.5900268554688,682.0999755859375,684.125,4010105
2026-01-02 15:45:00+00:00,684.1500244140625,684.4299926757812,681.0999755859375,681.4550170898438,4274416
2026-01-02 16:00:00+00:00,681.4600219726562,681.8699951171875,680.4199829101562,681.8400268554688,4372376
2026-01-02 16:15:00+00:00,681.8300170898438,682.4000244140625,681.1849975585938,681.8099975585938,2424396
2026-01-02 16:30:00+00:00,681.8099975585938,682.6500244140625,681.4199829101562,681.4500122070312,2420371
2026-01-02 16:45:00+00:00,681.4400024414062,681.6599731445312,680.280029296875,681.1580200195312,2766393
2026-01-02 17:00:00+00:00,681.1500244140625,682.375,680.6400146484375,682.2999877929688,2097713
2026-01-02 17:15:00+00:00,682.3049926757812,682.5,681.8499755859375,682.4500122070312,2211738
2026-01-02 17:30:00+00:00,682.4500122070312,682.8009033203125,681.7100219726562,682.0250244140625,1361295
2026-01-02 17:45:00+00:00,682.030029296875,682.280029296875,680.97998046875,681.1799926757812,1710887
2026-01-02 18:00:00+00:00,681.1799926757812,681.5800170898438,680.760009765625,680.8300170898438,1323526
2026-01-02 18:15:00+00:00,680.8300170898438,681.78857421875,680.6400146484375,680.97998046875,1372794
2026-01-02 18:30:00+00:00,680.97998046875,681.3599853515625,680.75439453125,681.125,1259122
2026-01-02 18:45:00+00:00,681.130126953125,681.3499755859375,679.8200073242188,680.5250244140625,2147837
2026-01-02 19:00:00+00:00,680.5250244140625,682.5399780273438,680.3499755859375,682.3800048828125,3099084
2026-01-02 19:15:00+00:00,682.3699951171875,683.1199951171875,681.9000244140625,682.9500122070312,2402851
2026-01-02 19:30:00+00:00,682.9400024414062,683.9500122070312,682.9000244140625,683.5650024414062,3020986
2026-01-02 19:45:00+00:00,683.5599975585938,683.760009765625,682.8900146484375,683.1300048828125,2374668
2026-01-02 20:00:00+00:00,683.1300048828125,683.6799926757812,682.8499755859375,683.2100219726562,2256715
2026-01-02 20:15:00+00:00,683.2100219726562,683.7000122070312,683.0,683.239990234375,2439355
2026-01-02 20:30:00+00:00,683.239990234375,683.4199829101562,682.5701293945312,682.6298828125,2571659
2026-01-02 20:45:00+00:00,682.6099853515625,683.3499755859375,682.0700073242188,683.1699829101562,8350775
2026-01-05 14:30:00+00:00,686.5399780273438,687.6400146484375,686.375,687.4000244140625,8232553
2026-01-05 14:45:00+00:00,687.4000244140625,687.8800048828125,686.510009765625,687.0599975585938,3793890
2026-01-05 15:00:00+00:00,687.0800170898438,687.9500122070312,686.6300048828125,687.6099853515625,2877375
2026-01-05 15:15:00+00:00,687.6099853515625,688.6099853515625,687.280029296875,688.5255737304688,2786929
2026-01-05 15:30:00+00:00,688.52001953125,688.8200073242188,687.9600219726562,688.0499877929688,2674822
2026-01-05 15:45:00+00:00,688.0499877929688,688.5900268554688,688.0399780273438,688.3200073242188,2440500
2026-01-05 16:00:00+00:00,688.3200073242188,688.719970703125,687.9600219726562,688.3602294921875,2050255
2026-01-05 16:15:00+00:00,688.364990234375,688.8699951171875,688.2249755859375,688.6400146484375,1716086
2026-01-05 16:30:00+00:00,688.6300048828125,688.9500122070312,688.4249877929688,688.8599853515625,2222626
2026-01-05 16:45:00+00:00,688.8699951171875,689.4299926757812,688.781982421875,688.9099731445312,3149872
2026-01-05 17:00:00+00:00,688.9099731445312,689.1300048828125,688.7899780273438,688.97998046875,2380195
2026-01-05 17:15:00+00:00,688.9849853515625,689.0399780273438,688.2100219726562,688.3499755859375,1446238
2026-01-05 17:30:00+00:00,688.3599243164062,688.6099853515625,688.2030029296875,688.3599853515625,1259092
2026-01-05 17:45:00+00:00,688.3599853515625,688.7899780273438,688.280029296875,688.5800170898438,1099881
2026-01-05 18:00:00+00:00,688.5700073242188,688.75,688.0999755859375,688.4199829101562,1024180
2026-01-05 18:15:00+00:00,688.4199829101562,688.4199829101562,687.6500244140625,688.3800048828125,1974845
2026-01-05 18:30:00+00:00,688.3599853515625,688.6699829101562,688.2999877929688,688.5900268554688,1158513
2026-01-05 18:45:00+00:00,688.594970703125,688.7750244140625,688.4500122070312,688.5399780273438,977419
2026-01-05 19:00:00+00:00,688.5399780273438,688.7150268554688,688.1599731445312,688.27001953125,1208413
2026-01-05 19:15:00+00:00,688.27880859375,688.3900146484375,688.1300048828125,688.1849975585938,1260812
2026-01-05 19:30:00+00:00,688.1900024414062,688.2999267578125,687.2899780273438,687.6599731445312,2075916
2026-01-05 19:45:00+00:00,687.6500244140625,688.0,687.52001953125,687.6198120117188,1720460
2026-01-05 20:00:00+00:00,687.614990234375,688.239990234375,687.5100708007812,688.1300048828125,1773009
2026-01-05 20:15:00+00:00,688.1300048828125,688.2249755859375,687.780029296875,687.9660034179688,1841042
2026-01-05 20:30:00+00:00,687.9650268554688,688.1199951171875,687.7899780273438,687.8099975585938,2332113
2026-01-05 20:45:00+00:00,687.8074951171875,688.0399780273438,687.1599731445312,687.72998046875,9295039
2026-01-06 14:30:00+00:00,688.4000244140625,688.6599731445312,687.780029296875,688.5,4994315
2026-01-06 14:45:00+00:00,688.5,690.1599731445312,688.47998046875,690.0750122070312,4305183
2026-01-06 15:00:00+00:00,690.0750122070312,690.6400146484375,689.989990234375,690.60498046875,3638617
2026-01-06 15:15:00+00:00,690.6099853515625,690.7999267578125,690.1199951171875,690.5349731445312,2489971
2026-01-06 15:30:00+00:00,690.5549926757812,690.5549926757812,689.6799926757812,689.7899780273438,3096624
2026-01-06 15:45:00+00:00,689.780029296875,689.98876953125,688.8200073242188,689.1599731445312,3287757
2026-01-06 16:00:00+00:00,688.864990234375,689.0700073242188,688.4299926757812,688.864990234375,2994560
2026-01-06 16:15:00+00:00,688.864990234375,689.4450073242188,688.8250122070312,689.0449829101562,1656123
2026-01-06 16:30:00+00:00,689.0499877929688,689.260009765625,688.7366943359375,688.75,2040468
2026-01-06 16:45:00+00:00,688.8499755859375,689.5260009765625,688.7902221679688,689.4299926757812,2596768
2026-01-06 17:00:00+00:00,689.4299926757812,689.9600219726562,689.2050170898438,689.9600219726562,1042472
2026-01-06 17:15:00+00:00,689.9949951171875,690.5700073242188,689.9849853515625,690.469970703125,1879230
2026-01-06 17:30:00+00:00,690.6300048828125,690.9000244140625,690.5399780273438,690.7872924804688,2330544
2026-01-06 17:45:00+00:00,690.7899780273438,690.9749755859375,690.6699829101562,690.9450073242188,1161076
2026-01-06 18:00:00+00:00,690.9500122070312,690.97998046875,690.5499877929688,690.8699951171875,1164011
2026-01-06 18:15:00+00:00,691.0250244140625,691.2000122070312,690.8300170898438,690.8701782226562,1384481
2026-01-06 18:30:00+00:00,690.8800048828125,691.385009765625,690.6771850585938,691.3699951171875,1234724
2026-01-06 18:45:00+00:00,691.3699951171875,691.6849975585938,691.3599853515625,691.6099853515625,1497899
2026-01-06 19:00:00+00:00,691.8400268554688,692.0399780273438,691.7050170898438,692.0399780273438,1745534
2026-01-06 19:15:00+00:00,692.02001953125,692.1199951171875,691.9349975585938,691.9400024414062,1577782
2026-01-06 19:30:00+00:00,691.947998046875,692.1599731445312,691.9000244140625,692.0800170898438,1642068
2026-01-06 19:45:00+00:00,692.0800170898438,692.125,691.8200073242188,691.9000244140625,1052134
2026-01-06 20:00:00+00:00,691.905029296875,692.176025390625,691.905029296875,692.0599975585938,1818040
2026-01-06 20:15:00+00:00,692.0599975585938,692.239990234375,691.969970703125,692.02001953125,1762844
2026-01-06 20:30:00+00:00,691.9500122070312,692.22998046875,691.9450073242188,692.2100219726562,2673032
2026-01-06 20:45:00+00:00,692.0900268554688,692.3150024414062,692.0,692.0499877929688,4277840
2026-01-07 14:30:00+00:00,692.1900024414062,692.7949829101562,691.7100219726562,692.7412719726562,4738486
2026-01-07 14:45:00+00:00,692.7421264648438,693.0900268554688,692.3800048828125,692.5665283203125,2698972
2026-01-07 15:00:00+00:00,692.5999755859375,692.77001953125,691.530029296875,691.6199951171875,3340478
2026-01-07 15:15:00+00:00,691.6199951171875,691.9395141601562,691.0999755859375,691.6719970703125,2875253
2026-01-07 15:30:00+00:00,691.6699829101562,692.52001953125,690.9600219726562,691.72998046875,4069584
2026-01-07 15:45:00+00:00,691.72998046875,692.510009765625,691.6699829101562,692.5050048828125,1799332
2026-01-07 16:00:00+00:00,692.510009765625,692.8250122070312,692.4199829101562,692.5850219726562,1514585
2026-01-07 16:15:00+00:00,692.5850219726562,692.7050170898438,691.9199829101562,692.25,1606116
2026-01-07 16:30:00+00:00,692.25,693.25,692.1682739257812,693.2000732421875,1924608
2026-01-07 16:45:00+00:00,693.2100219726562,693.5599975585938,693.0399780273438,693.5050048828125,1994381
2026-01-07 17:00:00+00:00,693.52001953125,693.9600219726562,693.469970703125,693.710205078125,1774866
2026-01-07 17:15:00+00:00,693.7150268554688,693.9498901367188,693.5599975585938,693.6596069335938,1338610
2026-01-07 17:30:00+00:00,693.6599731445312,693.780029296875,693.3400268554688,693.75,1410263
2026-01-07 17:45:00+00:00,693.75,693.7899780273438,692.780029296875,692.989990234375,2295985
2026-01-07 18:00:00+00:00,692.989990234375,693.010009765625,692.5900268554688,692.7799072265625,1617255
2026-01-07 18:15:00+00:00,692.780029296875,692.780029296875,692.0399780273438,692.1300048828125,2091569
2026-01-07 18:30:00+00:00,692.1300048828125,692.8400268554688,692.1300048828125,692.72998046875,1776710
2026-01-07 18:45:00+00:00,692.72998046875,693.14501953125,692.5823974609375,692.8250122070312,1839954
2026-01-07 19:00:00+00:00,692.8300170898438,692.8900146484375,691.719970703125,691.9650268554688,2783974
2026-01-07 19:15:00+00:00,691.9650268554688,692.02001953125,691.4500122070312,691.6799926757812,2156204
2026-01-07 19:30:00+00:00,691.6799926757812,692.1599731445312,691.5800170898438,691.9600219726562,1717675
2026-01-07 19:45:00+00:00,691.9550170898438,692.02001953125,691.719970703125,691.739990234375,2566239
2026-01-07 20:00:00+00:00,691.75,691.8150024414062,690.7000122070312,690.780029296875,2851802
2026-01-07 20:15:00+00:00,690.780029296875,691.1199951171875,690.1174926757812,690.3599853515625,3962128
2026-01-07 20:30:00+00:00,690.3599853515625,690.3699951171875,689.3200073242188,689.6500244140625,5210006
2026-01-07 20:45:00+00:00,689.6599731445312,689.9600219726562,689.3499755859375,689.5900268554688,8446207
2026-01-08 14:30:00+00:00,688.6099853515625,689.2999877929688,687.5800170898438,687.8250122070312,6419508
2026-01-08 14:45:00+00:00,687.8300170898438,689.1599731445312,687.489990234375,688.280029296875,3891656
2026-01-08 15:00:00+00:00,688.280029296875,689.8499755859375,687.8499755859375,689.6799926757812,4655616
2026-01-08 15:15:00+00:00,689.6799926757812,690.02001953125,689.3980102539062,689.6300048828125,2251026
2026-01-08 15:30:00+00:00,689.6500244140625,689.969970703125,688.719970703125,689.7100219726562,2638889
2026-01-08 15:45:00+00:00,689.6950073242188,689.9299926757812,688.510009765625,689.8400268554688,2934606
2026-01-08 16:00:00+00:00,689.8499755859375,689.9749755859375,688.8499755859375,688.9099731445312,2370051
2026-01-08 16:15:00+00:00,688.9099731445312,689.5650024414062,688.6500244140625,689.0800170898438,1794702
2026-01-08 16:30:00+00:00,689.0800170898438,689.7050170898438,688.4400024414062,689.5999755859375,1958598
2026-01-08 16:45:00+00:00,689.6099853515625,690.0850219726562,689.1500244140625,689.9000244140625,1850640
2026-01-08 17:00:00+00:00,689.8900146484375,689.9400024414062,689.260009765625,689.510009765625,1273414
2026-01-08 17:15:00+00:00,689.5,690.0,689.1199951171875,689.3499755859375,1147970
2026-01-08 17:30:00+00:00,689.3499755859375,690.219970703125,689.3242797851562,690.059326171875,1240376
2026-01-08 17:45:00+00:00,690.0599975585938,690.614990234375,689.9299926757812,690.0900268554688,1439350
2026-01-08 18:00:00+00:00,690.0900268554688,690.1900024414062,688.8300170898438,688.9349975585938,2021749
2026-01-08 18:15:00+00:00,688.9249877929688,689.7265014648438,688.7899780273438,689.5,1459545
2026-01-08 18:30:00+00:00,689.5,689.5599975585938,689.2449951171875,689.4199829101562,961858
2026-01-08 18:45:00+00:00,689.4099731445312,689.8049926757812,688.760009765625,688.8900146484375,1161952
2026-01-08 19:00:00+00:00,688.8900146484375,689.3400268554688,688.6099853515625,688.6699829101562,1437180
2026-01-08 19:15:00+00:00,688.6699829101562,689.3499755859375,688.280029296875,688.9199829101562,1571236
2026-01-08 19:30:00+00:00,688.9299926757812,689.3300170898438,688.5899047851562,688.6900024414062,1290444
2026-01-08 19:45:00+00:00,688.7000122070312,689.1400146484375,688.5700073242188,688.8599853515625,1343903
2026-01-08 20:00:00+00:00,688.8499755859375,689.3150024414062,688.7100219726562,689.2650146484375,1530167
2026-01-08 20:15:00+00:00,689.27001953125,689.6500244140625,688.8499755859375,689.5750122070312,1717622
2026-01-08 20:30:00+00:00,689.5700073242188,690.0549926757812,689.2550048828125,689.4400024414062,3216243
2026-01-08 20:45:00+00:00,689.4299926757812,689.8699951171875,689.280029296875,689.4400024414062,5399887
2026-01-09 14:30:00+00:00,690.6300048828125,692.2949829101562,690.4600219726562,691.3800048828125,7012490
2026-01-09 14:45:00+00:00,691.3699951171875,691.8699951171875,690.510009765625,691.510009765625,3650212
2026-01-09 15:00:00+00:00,691.5599975585938,691.97998046875,689.1799926757812,691.280029296875,5099258
2026-01-09 15:15:00+00:00,691.280029296875,693.3400268554688,690.8900146484375,693.125,3665712
2026-01-09 15:30:00+00:00,693.1300048828125,693.4500122070312,691.6400146484375,691.6699829101562,3820398
2026-01-09 15:45:00+00:00,691.6799926757812,692.1199951171875,691.280029296875,691.9299926757812,2589866
2026-01-09 16:00:00+00:00,691.9299926757812,693.6500244140625,691.9299926757812,693.4550170898438,2967882
2026-01-09 16:15:00+00:00,693.4550170898438,693.5549926757812,692.8200073242188,692.8599243164062,2088821
2026-01-09 16:30:00+00:00,692.8499755859375,693.25,692.5449829101562,693.1649780273438,1512289
2026-01-09 16:45:00+00:00,693.1500244140625,694.030029296875,693.1400146484375,693.8900146484375,2209310
2026-01-09 17:00:00+00:00,693.8800048828125,694.2750244140625,693.719970703125,694.1799926757812,1552325
2026-01-09 17:15:00+00:00,694.1699829101562,694.3800048828125,693.760009765625,694.219970703125,1258776
2026-01-09 17:30:00+00:00,694.22998046875,694.5,694.010009765625,694.0900268554688,1243472
2026-01-09 17:45:00+00:00,694.0850219726562,694.3900146484375,693.9500122070312,693.9749755859375,1342662
2026-01-09 18:00:00+00:00,693.9600219726562,694.0100708007812,693.469970703125,693.6749877929688,1431820
2026-01-09 18:15:00+00:00,693.6699829101562,693.8900146484375,693.3599853515625,693.8699951171875,1078561
2026-01-09 18:30:00+00:00,693.8699951171875,694.889892578125,693.85498046875,694.52001953125,1712167
2026-01-09 18:45:00+00:00,694.52001953125,694.6699829101562,694.4199829101562,694.530029296875,1254600
2026-01-09 19:00:00+00:00,694.52001953125,694.77001953125,694.3599853515625,694.5700073242188,1137359
2026-01-09 19:15:00+00:00,694.5700073242188,694.844970703125,694.5700073242188,694.8099975585938,1052552
2026-01-09 19:30:00+00:00,694.8049926757812,694.8900146484375,694.7100219726562,694.8099975585938,1422909
2026-01-09 19:45:00+00:00,694.8099975585938,695.22998046875,694.7550048828125,694.89990234375,1724784
2026-01-09 20:00:00+00:00,694.8900146484375,695.1500244140625,694.760009765625,694.8165283203125,1391840
2026-01-09 20:15:00+00:00,694.8200073242188,695.3099975585938,694.760009765625,695.0250244140625,2262203
2026-01-09 20:30:00+00:00,695.02001953125,695.1199951171875,694.6799926757812,694.8200073242188,3375952
2026-01-09 20:45:00+00:00,694.8099975585938,694.9197998046875,693.9000244140625,693.989990234375,8246704
2026-01-12 14:30:00+00:00,690.6799926757812,693.22998046875,690.6300048828125,692.7498779296875,7624292
2026-01-12 14:45:00+00:00,692.760009765625,693.9000244140625,692.5399780273438,693.6300048828125,3698735
2026-01-12 15:00:00+00:00,693.6400146484375,693.7899780273438,693.0,693.3198852539062,3130988
2026-01-12 15:15:00+00:00,693.3200073242188,693.8099975585938,693.0700073242188,693.5700073242188,2479031
2026-01-12 15:30:00+00:00,693.5650024414062,693.6099853515625,692.9600219726562,693.39501953125,2462231
2026-01-12 15:45:00+00:00,693.3900146484375,694.0599975585938,693.0599975585938,693.9099731445312,1858525
2026-01-12 16:00:00+00:00,693.9149780273438,694.47998046875,693.6599731445312,694.47998046875,2046778
2026-01-12 16:15:00+00:00,694.469970703125,694.6799926757812,694.0,694.22998046875,2461723
2026-01-12 16:30:00+00:00,694.239990234375,694.5999755859375,694.0700073242188,694.3350219726562,1150096
2026-01-12 16:45:00+00:00,694.3400268554688,694.8599853515625,694.2000122070312,694.5599975585938,1831392
2026-01-12 17:00:00+00:00,694.5599975585938,694.8399047851562,694.3599853515625,694.5900268554688,1145969
2026-01-12 17:15:00+00:00,694.5800170898438,694.6400146484375,694.25,694.5349731445312,1453237
2026-01-12 17:30:00+00:00,694.530029296875,694.5499877929688,694.1699829101562,694.4400024414062,1070179
2026-01-12 17:45:00+00:00,694.4500122070312,694.760009765625,694.4099731445312,694.6600952148438,998021
2026-01-12 18:00:00+00:00,694.6699829101562,695.0549926757812,694.5850219726562,694.9450073242188,1316171
2026-01-12 18:15:00+00:00,694.9500122070312,695.2000122070312,694.8099975585938,695.125,1256453
2026-01-12 18:30:00+00:00,695.125,695.1599731445312,694.9299926757812,695.094970703125,1269864
2026-01-12 18:45:00+00:00,695.0900268554688,695.3900146484375,695.0850219726562,695.2150268554688,1219348
2026-01-12 19:00:00+00:00,695.2100219726562,695.280029296875,694.9450073242188,695.2650146484375,1488835
2026-01-12 19:15:00+00:00,695.2550048828125,695.4600219726562,695.2224731445312,695.3200073242188,1548085
2026-01-12 19:30:00+00:00,695.3200073242188,695.864990234375,695.2949829101562,695.625,1817167
2026-01-12 19:45:00+00:00,695.6300048828125,696.030029296875,695.6199951171875,695.9450073242188,1521702
2026-01-12 20:00:00+00:00,695.9450073242188,696.0900268554688,695.530029296875,695.614990234375,2042485
2026-01-12 20:15:00+00:00,695.6099853515625,695.6229248046875,695.1799926757812,695.3200073242188,2628141
2026-01-12 20:30:00+00:00,695.3200073242188,695.4500122070312,695.1799926757812,695.3250122070312,2403362
2026-01-12 20:45:00+00:00,695.3200073242188,695.739990234375,695.1400146484375,695.1599731445312,6831716
2026-01-13 14:30:00+00:00,695.489990234375,696.0900268554688,694.9000244140625,695.1500244140625,7529562
2026-01-13 14:45:00+00:00,695.1400146484375,695.2050170898438,694.22998046875,694.2449951171875,4338894
2026-01-13 15:00:00+00:00,694.22998046875,694.510009765625,693.1699829101562,693.4598999023438,3211745
2026-01-13 15:15:00+00:00,693.4600219726562,693.4600219726562,692.0900268554688,692.72998046875,3602892
2026-01-13 15:30:00+00:00,692.719970703125,693.760009765625,692.565185546875,693.0850219726562,2817837
2026-01-13 15:45:00+00:00,693.0850219726562,694.0399780273438,692.6400146484375,693.760009765625,1967949
2026-01-13 16:00:00+00:00,693.760009765625,693.989990234375,693.5399780273438,693.844970703125,1400004
2026-01-13 16:15:00+00:00,693.8400268554688,694.2800903320312,692.4099731445312,693.5,2282235
2026-01-13 16:30:00+00:00,693.4801025390625,694.8400268554688,693.25,694.594970703125,2273344
2026-01-13 16:45:00+00:00,694.5900268554688,695.2000122070312,694.3599853515625,694.9199829101562,2194966
2026-01-13 17:00:00+00:00,694.9199829101562,695.1199951171875,694.5900268554688,694.8800048828125,1261122
2026-01-13 17:15:00+00:00,694.8800048828125,694.9400024414062,693.9299926757812,694.5599975585938,1587605
2026-01-13 17:30:00+00:00,694.5499877929688,694.7150268554688,693.4500122070312,693.6900024414062,2381559
2026-01-13 17:45:00+00:00,693.7000122070312,694.0800170898438,692.5250244140625,692.9400024414062,2032518
2026-01-13 18:00:00+00:00,692.9199829101562,693.3699951171875,692.4199829101562,693.35009765625,2391133
2026-01-13 18:15:00+00:00,693.3599853515625,693.489990234375,692.6799926757812,692.9199829101562,1099962
2026-01-13 18:30:00+00:00,692.9099731445312,693.6500244140625,692.760009765625,693.1099853515625,1354757
2026-01-13 18:45:00+00:00,693.125,693.3900146484375,692.5399780273438,692.7999877929688,1437867
2026-01-13 19:00:00+00:00,692.7999877929688,693.0549926757812,692.22998046875,692.3699951171875,2006956
2026-01-13 19:15:00+00:00,692.3800048828125,693.0800170898438,692.3400268554688,693.010009765625,2134941
2026-01-13 19:30:00+00:00,693.0050048828125,693.1599731445312,692.7100219726562,692.8599853515625,1425636
2026-01-13 19:45:00+00:00,692.8599853515625,693.2050170898438,692.5700073242188,692.9199829101562,1918225
2026-01-13 20:00:00+00:00,692.9199829101562,692.9199829101562,692.3200073242188,692.375,2307472
2026-01-13 20:15:00+00:00,692.3800048828125,692.5800170898438,691.9400024414062,692.0,2458136
2026-01-13 20:30:00+00:00,692.0,692.3099975585938,691.3499755859375,692.239990234375,4193067
2026-01-13 20:45:00+00:00,692.260009765625,693.9600219726562,692.02001953125,693.75,8814124
2026-01-14 14:30:00+00:00,691.0,691.719970703125,689.4500122070312,689.5700073242188,7502478
2026-01-14 14:45:00+00:00,689.5599975585938,690.489990234375,688.6599731445312,688.719970703125,4642917
2026-01-14 15:00:00+00:00,688.719970703125,690.6342163085938,687.6799926757812,690.5900268554688,5425668
2026-01-14 15:15:00+00:00,690.5900268554688,690.8499755859375,688.72998046875,688.760009765625,2811069
2026-01-14 15:30:00+00:00,688.75,689.010009765625,687.6599731445312,687.8150024414062,3147972
2026-01-14 15:45:00+00:00,687.8099975585938,688.02001953125,686.510009765625,687.1599731445312,4189505
2026-01-14 16:00:00+00:00,687.1599731445312,687.6599731445312,686.989990234375,687.3800048828125,1842709
2026-01-14 16:15:00+00:00,687.3900146484375,689.3300170898438,687.2615966796875,689.1500244140625,2735159
2026-01-14 16:30:00+00:00,689.1599731445312,689.469970703125,687.52001953125,687.5255737304688,2582251
2026-01-14 16:45:00+00:00,687.530029296875,687.530029296875,686.1300048828125,686.5999755859375,3089116
2026-01-14 17:00:00+00:00,686.5900268554688,687.3499755859375,686.3300170898438,687.219970703125,1697827
2026-01-14 17:15:00+00:00,687.219970703125,687.3150024414062,686.0399780273438,687.0999145507812,1833440
2026-01-14 17:30:00+00:00,687.0900268554688,687.0900268554688,686.25,686.9199829101562,1643356
2026-01-14 17:45:00+00:00,686.9149780273438,687.4500122070312,686.1900024414062,686.6376953125,1708626
2026-01-14 18:00:00+00:00,686.6300048828125,687.4349975585938,686.510009765625,687.3200073242188,1376297
2026-01-14 18:15:00+00:00,687.3200073242188,687.6500244140625,686.8599853515625,687.5999755859375,1299604
2026-01-14 18:30:00+00:00,687.5900268554688,687.8300170898438,686.260009765625,686.89501953125,1775096
2026-01-14 18:45:00+00:00,686.8900146484375,688.239990234375,686.780029296875,688.1099853515625,1943275
2026-01-14 19:00:00+00:00,688.1099853515625,688.2100219726562,687.6099853515625,687.989990234375,2017807
2026-01-14 19:15:00+00:00,687.989990234375,688.3150024414062,687.75,688.125,1660317
2026-01-14 19:30:00+00:00,688.1300048828125,688.3699951171875,687.6199951171875,688.125,2050185
2026-01-14 19:45:00+00:00,688.1300048828125,688.5900268554688,687.9299926757812,688.0700073242188,1675106
2026-01-14 20:00:00+00:00,688.0599975585938,689.6900024414062,687.3200073242188,688.75,6096288
2026-01-14 20:15:00+00:00,688.75,689.1710205078125,688.1799926757812,689.1500244140625,2818733
2026-01-14 20:30:00+00:00,689.1500244140625,690.4400024414062,689.0999755859375,689.1400146484375,5563897
2026-01-14 20:45:00+00:00,689.155029296875,690.6400146484375,688.6199951171875,690.4400024414062,12282198
2026-01-15 14:30:00+00:00,694.5700073242188,694.6900024414062,693.5399780273438,694.0599975585938,7761058
2026-01-15 14:45:00+00:00,694.0700073242188,694.5535278320312,693.1799926757812,693.6099853515625,3460300
2026-01-15 15:00:00+00:00,693.6099853515625,694.2000122070312,693.27001953125,694.0,2774515
2026-01-15 15:15:00+00:00,694.0,694.719970703125,693.614990234375,693.9400024414062,2609096
2026-01-15 15:30:00+00:00,693.9400024414062,694.9000244140625,693.864990234375,693.9099731445312,2910227
2026-01-15 15:45:00+00:00,693.9099731445312,694.5900268554688,692.989990234375,694.4500122070312,4152582
2026-01-15 16:00:00+00:00,694.4500122070312,694.8800048828125,694.3400268554688,694.489990234375,2493707
2026-01-15 16:15:00+00:00,694.47998046875,695.1599731445312,694.3599853515625,694.8150024414062,2121690
2026-01-15 16:30:00+00:00,694.8099975585938,695.030029296875,694.47998046875,694.9550170898438,1292346
2026-01-15 16:45:00+00:00,694.9600219726562,695.344970703125,694.7249755859375,695.030029296875,1576102
2026-01-15 17:00:00+00:00,695.0399169921875,695.4500122070312,694.89501953125,695.010009765625,1467084
2026-01-15 17:15:00+00:00,695.010009765625,695.094970703125,694.3900146484375,694.4500122070312,1389366
2026-01-15 17:30:00+00:00,694.4500122070312,694.739990234375,694.2000122070312,694.7244873046875,1532973
2026-01-15 17:45:00+00:00,694.719970703125,695.0198974609375,693.905029296875,693.97998046875,1510739
2026-01-15 18:00:00+00:00,693.97998046875,694.7999877929688,693.8800048828125,694.5700073242188,1600454
2026-01-15 18:15:00+00:00,694.5700073242188,694.905029296875,694.3699951171875,694.885009765625,1236260
2026-01-15 18:30:00+00:00,694.8800048828125,695.25,694.7899780273438,694.97998046875,1221651
2026-01-15 18:45:00+00:00,694.97998046875,695.0599975585938,694.614990234375,694.7158203125,964729
2026-01-15 19:00:00+00:00,694.7100219726562,694.7100219726562,693.7899780273438,694.35498046875,1815140
2026-01-15 19:15:00+00:00,694.3599853515625,694.489990234375,693.52001953125,693.6099853515625,1755332
2026-01-15 19:30:00+00:00,693.6099853515625,693.7376098632812,692.6300048828125,693.3900146484375,3137590
2026-01-15 19:45:00+00:00,693.3800048828125,693.6199951171875,692.5800170898438,692.780029296875,2142225
2026-01-15 20:00:00+00:00,692.77001953125,693.030029296875,692.3699951171875,692.469970703125,2414802
2026-01-15 20:15:00+00:00,692.4600219726562,692.489990234375,691.2907104492188,691.8300170898438,4238477
2026-01-15 20:30:00+00:00,691.8350219726562,692.25,691.4099731445312,691.6699829101562,3763224
2026-01-15 20:45:00+00:00,691.6699829101562,692.22998046875,691.25,692.1699829101562,8133303
2026-01-16 14:30:00+00:00,693.6599731445312,694.25,693.1099853515625,693.135009765625,5631085
2026-01-16 14:45:00+00:00,693.1400146484375,693.8599853515625,691.9299926757812,691.9600219726562,3445961
2026-01-16 15:00:00+00:00,691.9600219726562,692.8099975585938,691.5900268554688,692.280029296875,4054961
2026-01-16 15:15:00+00:00,692.27001953125,692.5750122070312,691.5,691.6500244140625,3138001
2026-01-16 15:30:00+00:00,691.6500244140625,691.739990234375,690.0999755859375,690.6900024414062,4252548
2026-01-16 15:45:00+00:00,690.7000122070312,691.8800048828125,690.4299926757812,691.8599853515625,7149973
2026-01-16 16:00:00+00:00,691.8499755859375,692.6599731445312,691.5549926757812,692.2899780273438,3129121
2026-01-16 16:15:00+00:00,692.2899780273438,692.8200073242188,692.1300048828125,692.7150268554688,3167777
2026-01-16 16:30:00+00:00,692.719970703125,693.2100219726562,692.6649780273438,693.1500244140625,1365825
2026-01-16 16:45:00+00:00,693.1599731445312,693.469970703125,692.1300048828125,692.6649780273438,2476371
2026-01-16 17:00:00+00:00,692.6500244140625,692.9600219726562,692.4600219726562,692.739990234375,1069742
2026-01-16 17:15:00+00:00,692.75,692.9699096679688,692.4301147460938,692.52001953125,1262549
2026-01-16 17:30:00+00:00,692.52001953125,692.9099731445312,692.25,692.6749877929688,1168792
2026-01-16 17:45:00+00:00,692.6699829101562,692.6699829101562,691.8900146484375,691.9299926757812,1062126
2026-01-16 18:00:00+00:00,691.9400024414062,692.719970703125,691.8200073242188,692.5650024414062,1119350
2026-01-16 18:15:00+00:00,692.5650024414062,693.2000122070312,692.5599975585938,693.0,936703
2026-01-16 18:30:00+00:00,693.0,693.25,692.7650146484375,692.864990234375,1236797
2026-01-16 18:45:00+00:00,692.8699951171875,693.0050048828125,692.584228515625,692.6400146484375,777274
2026-01-16 19:00:00+00:00,692.6300048828125,693.7100219726562,692.4650268554688,692.5399780273438,2404155
2026-01-16 19:15:00+00:00,692.5349731445312,692.6799926757812,691.9600219726562,692.0399780273438,1840815
2026-01-16 19:30:00+00:00,692.0499877929688,693.0,692.010009765625,692.7000122070312,1815122
2026-01-16 19:45:00+00:00,692.7100219726562,692.9650268554688,692.5900268554688,692.6799926757812,1499115
2026-01-16 20:00:00+00:00,692.6699829101562,692.8699951171875,692.5,692.760009765625,1308193
2026-01-16 20:15:00+00:00,692.760009765625,692.7899780273438,692.155029296875,692.155029296875,1812009
2026-01-16 20:30:00+00:00,692.1500244140625,692.4099731445312,691.7949829101562,692.0150146484375,2965227
2026-01-16 20:45:00+00:00,692.010009765625,692.488525390625,691.469970703125,691.5800170898438,8439310
2026-01-20 14:30:00+00:00,681.489990234375,683.27001953125,681.3900146484375,683.1849975585938,13164525
2026-01-20 14:45:00+00:00,683.1900024414062,683.3099975585938,681.8200073242188,682.1799926757812,5813237
2026-01-20 15:00:00+00:00,682.1599731445312,682.2899780273438,680.9099731445312,681.6749877929688,5315037
2026-01-20 15:15:00+00:00,681.6699829101562,684.010009765625,681.2000122070312,683.8787841796875,4596473
2026-01-20 15:30:00+00:00,683.8499755859375,684.5349731445312,683.6699829101562,684.27001953125,4030669
2026-01-20 15:45:00+00:00,684.260009765625,684.3800048828125,682.9299926757812,683.7999877929688,4309697
2026-01-20 16:00:00+00:00,683.8099975585938,684.5599975585938,682.9400024414062,683.9299926757812,2949486
2026-01-20 16:15:00+00:00,683.9199829101562,684.0,682.5800170898438,683.8400268554688,2266154
2026-01-20 16:30:00+00:00,683.8300170898438,684.344970703125,682.8900146484375,682.9600219726562,1655421
2026-01-20 16:45:00+00:00,682.9600219726562,683.8699951171875,682.3200073242188,683.6900024414062,2661135
2026-01-20 17:00:00+00:00,683.6699829101562,683.905029296875,682.5800170898438,683.010009765625,2630952
2026-01-20 17:15:00+00:00,683.0050048828125,683.2000122070312,682.1199951171875,682.39501953125,1628050
2026-01-20 17:30:00+00:00,682.3900146484375,682.3900146484375,681.2999877929688,681.3400268554688,3218824
2026-01-20 17:45:00+00:00,681.3400268554688,681.344970703125,680.4500122070312,681.0800170898438,2823921
2026-01-20 18:00:00+00:00,681.0800170898438,681.47998046875,680.8599853515625,681.135009765625,1472823
2026-01-20 18:15:00+00:00,681.1300048828125,681.1500244140625,680.2249755859375,680.2899780273438,1433727
2026-01-20 18:30:00+00:00,680.280029296875,680.4199829101562,679.072998046875,679.1300048828125,2473105
2026-01-20 18:45:00+00:00,679.1300048828125,679.280029296875,678.0250244140625,678.719970703125,3232887
2026-01-20 19:00:00+00:00,678.72998046875,679.27001953125,678.1380004882812,678.469970703125,2848963
2026-01-20 19:15:00+00:00,678.469970703125,678.469970703125,677.6900024414062,678.0399780273438,2840057
2026-01-20 19:30:00+00:00,678.0399780273438,678.47998046875,677.2899780273438,677.844970703125,2716271
2026-01-20 19:45:00+00:00,677.8300170898438,678.2000122070312,677.5499877929688,677.8300170898438,2099226
2026-01-20 20:00:00+00:00,677.8499755859375,677.8900146484375,676.9528198242188,677.0399780273438,3224352
2026-01-20 20:15:00+00:00,677.0499877929688,678.1500244140625,676.9299926757812,677.3900146484375,5551714
2026-01-20 20:30:00+00:00,677.4000244140625,677.739990234375,676.6400146484375,676.9500122070312,4818126
2026-01-20 20:45:00+00:00,676.9600219726562,677.6599731445312,676.5700073242188,677.6099853515625,12398742
2026-01-21 14:30:00+00:00,679.6500244140625,680.7000122070312,678.969970703125,680.0023193359375,12885344
2026-01-21 14:45:00+00:00,680.010009765625,682.6749877929688,680.0,682.489990234375,4525983
2026-01-21 15:00:00+00:00,682.47998046875,682.8099975585938,681.6500244140625,682.2899780273438,3689459
2026-01-21 15:15:00+00:00,682.2999877929688,683.4199829101562,682.030029296875,683.02001953125,2999799
2026-01-21 15:30:00+00:00,683.02001953125,684.60498046875,682.9400024414062,684.47998046875,3356843
2026-01-21 15:45:00+00:00,684.47998046875,685.1300048828125,684.47998046875,684.7321166992188,2630386
2026-01-21 16:00:00+00:00,684.72998046875,684.8400268554688,684.0499877929688,684.1799926757812,2739291
2026-01-21 16:15:00+00:00,684.1799926757812,684.6099853515625,683.8300170898438,684.22998046875,2205162
2026-01-21 16:30:00+00:00,684.25,684.2999877929688,681.1799926757812,681.25,5508561
2026-01-21 16:45:00+00:00,681.25,681.9199829101562,679.9099731445312,680.0449829101562,4247333
2026-01-21 17:00:00+00:00,680.0499877929688,680.739990234375,678.1599731445312,678.3699951171875,3742538
2026-01-21 17:15:00+00:00,678.3800048828125,680.3300170898438,678.1300048828125,679.8499755859375,4158604
2026-01-21 17:30:00+00:00,679.864990234375,680.030029296875,679.010009765625,679.280029296875,2328701
2026-01-21 17:45:00+00:00,679.2750244140625,680.969970703125,678.989990234375,680.6300048828125,2692746
2026-01-21 18:00:00+00:00,680.6199951171875,680.77001953125,678.6300048828125,680.2000122070312,2614042
2026-01-21 18:15:00+00:00,680.2100219726562,680.4299926757812,679.510009765625,679.5999145507812,1580109
2026-01-21 18:30:00+00:00,680.780029296875,680.8599853515625,679.780029296875,680.0499877929688,2375400
2026-01-21 18:45:00+00:00,680.0499877929688,681.5,679.719970703125,680.989990234375,2115971
2026-01-21 19:00:00+00:00,680.989990234375,681.239990234375,679.9299926757812,680.0700073242188,1757841
2026-01-21 19:15:00+00:00,680.10498046875,685.02001953125,679.8699951171875,684.4099731445312,5791806
2026-01-21 19:30:00+00:00,684.4099731445312,687.52001953125,684.3300170898438,687.239990234375,10077339
2026-01-21 19:45:00+00:00,687.239990234375,688.7100219726562,687.1400146484375,688.4749755859375,7071918
2026-01-21 20:00:00+00:00,688.4749755859375,688.7349853515625,686.9400024414062,687.1199951171875,4232915
2026-01-21 20:15:00+00:00,687.1199951171875,687.260009765625,685.3150024414062,685.35498046875,4896930
2026-01-21 20:30:00+00:00,685.3499755859375,686.1599731445312,684.75,685.4500122070312,5404318
2026-01-21 20:45:00+00:00,685.4400024414062,685.6400146484375,684.6300048828125,685.3300170898438,10618767
2026-01-22 14:30:00+00:00,689.8300170898438,690.6699829101562,688.9199829101562,689.4000244140625,8874303
2026-01-22 14:45:00+00:00,689.4000244140625,689.5399780273438,687.3800048828125,687.8900146484375,4794398
2026-01-22 15:00:00+00:00,687.8900146484375,688.0150146484375,686.9199829101562,687.3212890625,3976583
2026-01-22 15:15:00+00:00,687.3499755859375,688.6099853515625,687.1300048828125,688.4400024414062,2898699
2026-01-22 15:30:00+00:00,688.4600219726562,689.239990234375,688.0499877929688,689.2249755859375,1992067
2026-01-22 15:45:00+00:00,689.219970703125,689.489990234375,688.5800170898438,688.6300048828125,1933257
2026-01-22 16:00:00+00:00,688.6199951171875,689.72998046875,688.5800170898438,689.6699829101562,1737634
2026-01-22 16:15:00+00:00,689.6699829101562,690.046875,689.22998046875,689.7999877929688,2072013
2026-01-22 16:30:00+00:00,689.7999877929688,690.219970703125,689.6199951171875,690.0750122070312,1120542
2026-01-22 16:45:00+00:00,690.0900268554688,690.5,689.6500244140625,689.7150268554688,1311380
2026-01-22 17:00:00+00:00,689.7100219726562,690.5579833984375,689.405029296875,690.344970703125,1802187
2026-01-22 17:15:00+00:00,690.3800048828125,690.4400024414062,689.760009765625,690.22998046875,1257362
2026-01-22 17:30:00+00:00,690.239990234375,690.9199829101562,690.239990234375,690.75,1398004
2026-01-22 17:45:00+00:00,690.75,691.0800170898438,690.6699829101562,690.9550170898438,1018193
2026-01-22 18:00:00+00:00,690.9500122070312,691.125,690.3699951171875,690.4600219726562,1516684
2026-01-22 18:15:00+00:00,690.469970703125,690.760009765625,690.27001953125,690.4500122070312,1012167
2026-01-22 18:30:00+00:00,690.4400024414062,690.8400268554688,690.2899780273438,690.3599853515625,1182000
2026-01-22 18:45:00+00:00,690.3599853515625,690.6199951171875,689.8300170898438,690.0250244140625,1160149
2026-01-22 19:00:00+00:00,690.010009765625,690.9600219726562,689.969970703125,690.7000122070312,2129178
2026-01-22 19:15:00+00:00,690.7000122070312,690.8699951171875,690.5,690.6599731445312,1816634
2026-01-22 19:30:00+00:00,690.6599731445312,690.7349853515625,689.6900024414062,689.7449951171875,2335858
2026-01-22 19:45:00+00:00,689.75,689.8499755859375,688.739990234375,688.77001953125,2511743
2026-01-22 20:00:00+00:00,688.760009765625,689.2249755859375,688.6099853515625,689.1900024414062,2568876
2026-01-22 20:15:00+00:00,689.1900024414062,689.510009765625,688.1300048828125,688.1599731445312,2785364
2026-01-22 20:30:00+00:00,688.1599731445312,688.2899780273438,687.594970703125,688.1699829101562,4058270
2026-01-22 20:45:00+00:00,688.1699829101562,689.0449829101562,688.1699829101562,688.9299926757812,6326210
2026-01-23 14:30:00+00:00,688.1500244140625,688.6799926757812,687.1599731445312,687.9409790039062,5926903
2026-01-23 14:45:00+00:00,688.0,688.8099975585938,687.27001953125,688.77001953125,2670129
2026-01-23 15:00:00+00:00,688.8300170898438,689.4400024414062,688.489990234375,688.6300048828125,2456852
2026-01-23 15:15:00+00:00,688.6300048828125,689.85009765625,688.3099975585938,689.3250122070312,2677177
2026-01-23 15:30:00+00:00,689.3200073242188,689.8870239257812,689.2100219726562,689.6900024414062,1544984
2026-01-23 15:45:00+00:00,689.6900024414062,690.7100219726562,689.5302734375,690.47998046875,2154806
2026-01-23 16:00:00+00:00,690.47998046875,690.9600219726562,690.2100219726562,690.5800170898438,2220078
2026-01-23 16:15:00+00:00,690.594970703125,690.8099975585938,689.9199829101562,690.0700073242188,1267314
2026-01-23 16:30:00+00:00,690.0599975585938,690.60498046875,689.4199829101562,690.4202270507812,1763512
2026-01-23 16:45:00+00:00,690.4199829101562,690.614990234375,689.6599731445312,689.7481079101562,1595589
2026-01-23 17:00:00+00:00,689.75,690.260009765625,689.3499755859375,690.2449951171875,1386676
2026-01-23 17:15:00+00:00,690.2449951171875,690.3499755859375,689.75,690.1900024414062,1032165
2026-01-23 17:30:00+00:00,690.197998046875,690.280029296875,688.719970703125,688.8049926757812,1797164
2026-01-23 17:45:00+00:00,688.8099975585938,689.1799926757812,687.72998046875,687.989990234375,2538878
2026-01-23 18:00:00+00:00,687.97998046875,689.0399780273438,687.8599853515625,688.469970703125,1952211
2026-01-23 18:15:00+00:00,688.47998046875,689.135009765625,688.3900146484375,688.9199829101562,1258764
2026-01-23 18:30:00+00:00,688.9400024414062,689.280029296875,688.4180297851562,688.739990234375,1195563
2026-01-23 18:45:00+00:00,688.739990234375,689.1300048828125,688.3699951171875,688.969970703125,961883
2026-01-23 19:00:00+00:00,688.969970703125,689.844970703125,688.9099731445312,689.5,1919846
2026-01-23 19:15:00+00:00,689.510009765625,690.1995239257812,689.4500122070312,689.5479125976562,1662365
2026-01-23 19:30:00+00:00,689.5499877929688,689.8599853515625,688.9400024414062,689.4600219726562,1986703
2026-01-23 19:45:00+00:00,689.469970703125,689.6599731445312,689.135009765625,689.5399780273438,1177525
2026-01-23 20:00:00+00:00,689.530029296875,689.5850219726562,688.510009765625,689.1500244140625,2277316
2026-01-23 20:15:00+00:00,689.1599731445312,689.5499877929688,688.8099975585938,688.844970703125,1624333
2026-01-23 20:30:00+00:00,688.8400268554688,689.3499755859375,688.5499877929688,689.219970703125,3511179
2026-01-23 20:45:00+00:00,689.2249755859375,689.6099853515625,688.8400268554688,689.1799926757812,5263281
2026-01-26 14:30:00+00:00,690.489990234375,692.2899780273438,689.9199829101562,692.1849975585938,6384026
2026-01-26 14:45:00+00:00,692.1900024414062,692.6300048828125,692.0700073242188,692.2650146484375,2967019
2026-01-26 15:00:00+00:00,692.260009765625,692.6699829101562,691.75,692.5850219726562,1840935
2026-01-26 15:15:00+00:00,692.5800170898438,693.4000244140625,692.489990234375,692.5499877929688,2892702
2026-01-26 15:30:00+00:00,692.5399780273438,693.0700073242188,692.22998046875,692.3099975585938,1910480
2026-01-26 15:45:00+00:00,692.2999877929688,693.3388061523438,692.2999877929688,692.9749755859375,1971259
2026-01-26 16:00:00+00:00,692.97998046875,693.0800170898438,692.6199951171875,692.8300170898438,1313707
2026-01-26 16:15:00+00:00,692.8200073242188,693.280029296875,692.22998046875,693.1099853515625,1617222
2026-01-26 16:30:00+00:00,693.1099853515625,693.3599853515625,692.8400268554688,692.9249877929688,1256796
2026-01-26 16:45:00+00:00,692.9099731445312,693.22998046875,692.7750244140625,693.1199951171875,926983
2026-01-26 17:00:00+00:00,693.0999755859375,693.7098999023438,693.030029296875,693.4949951171875,1200516
2026-01-26 17:15:00+00:00,693.4949951171875,693.6793823242188,693.4299926757812,693.5068359375,887986
2026-01-26 17:30:00+00:00,693.5,693.5800170898438,693.239990234375,693.5599975585938,1193227
2026-01-26 17:45:00+00:00,693.5599975585938,693.5599975585938,693.030029296875,693.239990234375,933393
2026-01-26 18:00:00+00:00,693.239990234375,693.3599853515625,692.9000244140625,693.0549926757812,845751
2026-01-26 18:15:00+00:00,693.0499877929688,693.8699951171875,692.9349975585938,693.7899780273438,1240983
2026-01-26 18:30:00+00:00,693.780029296875,694.1300048828125,693.469970703125,693.5349731445312,1328424
2026-01-26 18:45:00+00:00,693.530029296875,693.6950073242188,693.3300170898438,693.5900268554688,875736
2026-01-26 19:00:00+00:00,693.5800170898438,693.97998046875,693.47998046875,693.81787109375,1325652
2026-01-26 19:15:00+00:00,693.8099975585938,693.9099731445312,693.4600219726562,693.8200073242188,1013220
2026-01-26 19:30:00+00:00,693.8250122070312,694.0,693.5700073242188,693.8599853515625,1165596
2026-01-26 19:45:00+00:00,693.8599853515625,693.9400024414062,693.5399780273438,693.5900268554688,1466927
2026-01-26 20:00:00+00:00,693.5999755859375,693.75,693.4199829101562,693.6500244140625,1666753
2026-01-26 20:15:00+00:00,693.6500244140625,693.739990234375,693.4400024414062,693.5700073242188,2136561
2026-01-26 20:30:00+00:00,693.5750122070312,693.8699951171875,693.4299926757812,693.5800170898438,2882857
2026-01-26 20:45:00+00:00,693.5800170898438,693.7866821289062,692.6199951171875,692.7100219726562,9318094
2026-01-27 14:30:00+00:00,694.1799926757812,694.4000244140625,693.5700073242188,694.0900268554688,4356015
2026-01-27 14:45:00+00:00,694.0999755859375,695.47998046875,694.0999755859375,695.1699829101562,2941538
2026-01-27 15:00:00+00:00,695.1799926757812,695.4400024414062,694.510009765625,695.1500244140625,2500700
2026-01-27 15:15:00+00:00,695.1300048828125,695.4099731445312,694.77001953125,694.780029296875,1405183
2026-01-27 15:30:00+00:00,694.77001953125,695.905029296875,694.7150268554688,695.8200073242188,1988259
2026-01-27 15:45:00+00:00,695.8099975585938,696.1400146484375,695.7412719726562,696.0,1597153
2026-01-27 16:00:00+00:00,696.0,696.27001953125,695.97998046875,696.2150268554688,2085323
2026-01-27 16:15:00+00:00,696.2150268554688,696.47998046875,696.10498046875,696.1900024414062,1309476
2026-01-27 16:30:00+00:00,696.1900024414062,696.530029296875,696.135009765625,696.3292846679688,1372624
2026-01-27 16:45:00+00:00,696.3300170898438,696.4199829101562,696.010009765625,696.010009765625,1851354
2026-01-27 17:00:00+00:00,696.010009765625,696.1400146484375,695.75,695.77001953125,1559544
2026-01-27 17:15:00+00:00,695.77001953125,696.1199951171875,695.3800048828125,695.9732055664062,1797887
2026-01-27 17:30:00+00:00,695.9849853515625,696.0800170898438,695.5599975585938,695.6699829101562,965379
2026-01-27 17:45:00+00:00,695.6699829101562,695.7899780273438,695.3800048828125,695.4249877929688,850006
2026-01-27 18:00:00+00:00,695.4199829101562,695.4641723632812,694.9099731445312,695.4299926757812,1929499
2026-01-27 18:15:00+00:00,695.4199829101562,695.969970703125,695.4000244140625,695.7949829101562,859087
2026-01-27 18:30:00+00:00,695.7999877929688,696.1649780273438,695.7100219726562,695.760009765625,955215
2026-01-27 18:45:00+00:00,695.760009765625,696.2100219726562,695.719970703125,696.030029296875,753608
2026-01-27 19:00:00+00:00,696.02001953125,696.0499877929688,695.739990234375,695.9650268554688,1264518
2026-01-27 19:15:00+00:00,695.9600219726562,696.2000122070312,695.9199829101562,696.1699829101562,710899
2026-01-27 19:30:00+00:00,696.1699829101562,696.3599853515625,696.0349731445312,696.1599731445312,1250574
2026-01-27 19:45:00+00:00,696.1599731445312,696.1900024414062,696.0,696.0750122070312,742364
2026-01-27 20:00:00+00:00,696.0700073242188,696.4000244140625,696.0,696.3674926757812,1340596
2026-01-27 20:15:00+00:00,696.3699951171875,696.3800048828125,695.9400024414062,695.9998779296875,1628466
2026-01-27 20:30:00+00:00,695.989990234375,696.0900268554688,695.8099975585938,695.9749755859375,1722084
2026-01-27 20:45:00+00:00,695.9600219726562,696.1799926757812,695.4000244140625,695.5399780273438,7090070
2026-01-28 14:30:00+00:00,697.0499877929688,697.7000122070312,696.9500122070312,697.6500244140625,5903802
2026-01-28 14:45:00+00:00,697.64501953125,697.8400268554688,696.9000244140625,697.1199951171875,2832085
2026-01-28 15:00:00+00:00,697.1099853515625,697.3200073242188,696.103515625,696.1099853515625,2840107
2026-01-28 15:15:00+00:00,696.1199951171875,697.0999755859375,696.030029296875,696.513916015625,1899526
2026-01-28 15:30:00+00:00,696.52001953125,696.7899780273438,695.780029296875,695.8201293945312,1511739
2026-01-28 15:45:00+00:00,695.8200073242188,696.0601806640625,695.5399780273438,695.5549926757812,1570501
2026-01-28 16:00:00+00:00,695.5599975585938,696.3300170898438,695.5499877929688,696.010009765625,1339114
2026-01-28 16:15:00+00:00,696.010009765625,696.1500244140625,695.4500122070312,696.1242065429688,1266961
2026-01-28 16:30:00+00:00,696.1199951171875,696.1199951171875,694.780029296875,694.8499755859375,1554976
2026-01-28 16:45:00+00:00,694.8499755859375,695.1749877929688,694.4949951171875,694.7218017578125,1775981
2026-01-28 17:00:00+00:00,694.719970703125,695.52001953125,694.6900024414062,695.4550170898438,1306307
2026-01-28 17:15:00+00:00,695.4600219726562,695.6799926757812,694.6799926757812,694.85498046875,1469408
2026-01-28 17:30:00+00:00,694.8350219726562,695.0,694.52001953125,694.8599853515625,1216941
2026-01-28 17:45:00+00:00,694.8400268554688,695.4349975585938,694.7050170898438,694.8499755859375,1014758
2026-01-28 18:00:00+00:00,694.8400268554688,695.260009765625,694.5599975585938,695.1799926757812,972852
2026-01-28 18:15:00+00:00,695.1799926757812,695.4299926757812,695.0800170898438,695.1500244140625,691911
2026-01-28 18:30:00+00:00,695.1599731445312,695.3099975585938,694.8800048828125,695.0,665189
2026-01-28 18:45:00+00:00,695.010009765625,695.219970703125,694.7650146484375,695.1099853515625,1099545
2026-01-28 19:00:00+00:00,695.0900268554688,695.64990234375,694.0460205078125,694.9149780273438,2192338
2026-01-28 19:15:00+00:00,694.9080200195312,695.3599853515625,694.1300048828125,694.1799926757812,1323925
2026-01-28 19:30:00+00:00,694.1799926757812,696.0700073242188,693.9400024414062,694.6900024414062,4248798
2026-01-28 19:45:00+00:00,694.6799926757812,695.8400268554688,694.5499877929688,694.9099731445312,1852914
2026-01-28 20:00:00+00:00,694.9099731445312,696.1900024414062,694.780029296875,695.7899780273438,1690831
2026-01-28 20:15:00+00:00,695.77001953125,696.2849731445312,695.4099731445312,695.4500122070312,2004345
2026-01-28 20:30:00+00:00,695.4400024414062,695.6649780273438,695.0800170898438,695.1500244140625,2372244
2026-01-28 20:45:00+00:00,695.1400146484375,696.135009765625,694.75,695.4299926757812,8327404
2026-01-29 14:30:00+00:00,696.3900146484375,697.0599975585938,693.1699829101562,693.2050170898438,7541361
2026-01-29 14:45:00+00:00,693.2100219726562,694.02001953125,691.469970703125,691.5599975585938,5300216
2026-01-29 15:00:00+00:00,691.5599975585938,691.6400146484375,688.9600219726562,689.1699829101562,5807042
2026-01-29 15:15:00+00:00,689.1699829101562,690.7899780273438,688.8599853515625,688.969970703125,4244427
2026-01-29 15:30:00+00:00,688.969970703125,689.3099975585938,686.2999877929688,686.5599975585938,5326616
2026-01-29 15:45:00+00:00,686.5599975585938,687.2899780273438,685.1934814453125,686.0499877929688,5135599
2026-01-29 16:00:00+00:00,686.0700073242188,687.6400146484375,684.8300170898438,687.5999755859375,4635909
2026-01-29 16:15:00+00:00,687.5999755859375,688.655029296875,687.280029296875,687.9099731445312,4221402
2026-01-29 16:30:00+00:00,687.9099731445312,689.02001953125,687.8200073242188,688.469970703125,2479362
2026-01-29 16:45:00+00:00,688.47998046875,689.0399780273438,688.1500244140625,688.7050170898438,2674666
2026-01-29 17:00:00+00:00,688.7050170898438,690.8400268554688,688.6400146484375,690.5800170898438,2268453
2026-01-29 17:15:00+00:00,690.5900268554688,691.3599853515625,690.3300170898438,691.0300903320312,2432217
2026-01-29 17:30:00+00:00,691.02001953125,691.6749877929688,690.1599731445312,690.7100219726562,2360190
2026-01-29 17:45:00+00:00,690.7100219726562,690.739990234375,688.7100219726562,688.8900146484375,2336678
2026-01-29 18:00:00+00:00,688.8900146484375,691.1500244140625,688.7100219726562,690.8900146484375,2435869
2026-01-29 18:15:00+00:00,690.8800048828125,691.030029296875,690.22998046875,690.969970703125,1507042
2026-01-29 18:30:00+00:00,690.97998046875,691.8099975585938,690.1900024414062,691.3099975585938,2169227
2026-01-29 18:45:00+00:00,691.3400268554688,691.5499877929688,690.5700073242188,690.5900268554688,1444164
2026-01-29 19:00:00+00:00,690.5900268554688,691.8599853515625,690.2249755859375,691.5800170898438,2780761
2026-01-29 19:15:00+00:00,691.5700073242188,692.2100219726562,691.39501953125,692.0700073242188,1813138
2026-01-29 19:30:00+00:00,692.0700073242188,692.2249755859375,691.2100219726562,691.7349853515625,2294660
2026-01-29 19:45:00+00:00,691.739990234375,691.9149780273438,691.0800170898438,691.135009765625,1841335
2026-01-29 20:00:00+00:00,691.1300048828125,691.9600219726562,691.0449829101562,691.5700073242188,1754636
2026-01-29 20:15:00+00:00,691.5499877929688,692.0499877929688,691.4299926757812,691.5700073242188,2095792
2026-01-29 20:30:00+00:00,691.5800170898438,692.875,691.3900146484375,692.6300048828125,3453978
2026-01-29 20:45:00+00:00,692.6199951171875,694.7899780273438,692.4600219726562,693.969970703125,9922729
2026-01-30 14:30:00+00:00,691.7899780273438,693.7100219726562,691.3300170898438,692.6400146484375,6836856
2026-01-30 14:45:00+00:00,692.6400146484375,693.2999877929688,691.2219848632812,691.6900024414062,3383421
2026-01-30 15:00:00+00:00,691.6699829101562,694.0499877929688,691.6400146484375,693.4400024414062,2999615
2026-01-30 15:15:00+00:00,693.4500122070312,693.7999877929688,693.219970703125,693.4500122070312,475814
2026-02-02 18:45:00+00:00,696.5399780273438,696.760009765625,696.4299926757812,696.489990234375,30469480
2026-02-02 19:00:00+00:00,696.489990234375,696.8800048828125,696.3599853515625,696.719970703125,1558381
2026-02-02 19:15:00+00:00,696.7100219726562,696.85498046875,696.6199951171875,696.7899780273438,1328319
2026-02-02 19:30:00+00:00,696.7849731445312,696.7899780273438,696.1649780273438,696.5499877929688,1800813
2026-02-02 19:45:00+00:00,696.5499267578125,696.780029296875,695.344970703125,695.52001953125,2655770
2026-02-02 20:00:00+00:00,695.52001953125,696.469970703125,695.0103149414062,695.79248046875,4631864
2026-02-02 20:15:00+00:00,695.7949829101562,696.25,695.4600219726562,695.80859375,3075613
2026-02-02 20:30:00+00:00,695.8099975585938,695.9600219726562,695.22998046875,695.3099975585938,2754361
2026-02-02 20:45:00+00:00,695.2999877929688,695.8099975585938,695.0800170898438,695.4600219726562,10367225
2026-02-03 14:30:00+00:00,696.2100219726562,696.9600219726562,694.905029296875,695.1900024414062,7938040
2026-02-03 14:45:00+00:00,695.2000122070312,696.1500244140625,693.3400268554688,693.47998046875,4593241
2026-02-03 15:00:00+00:00,693.510009765625,693.719970703125,691.6199951171875,691.9099731445312,6310025
2026-02-03 15:15:00+00:00,691.9299926757812,692.9199829101562,690.7999877929688,692.2050170898438,3864938
2026-02-03 15:30:00+00:00,692.1900024414062,692.5999755859375,691.0599975585938,691.3499755859375,2959895
2026-02-03 15:45:00+00:00,691.3499755859375,693.4299926757812,690.9299926757812,693.1400146484375,3805705
2026-02-03 16:00:00+00:00,693.1400146484375,693.1900024414062,691.8699951171875,692.02001953125,1883388
2026-02-03 16:15:00+00:00,692.02001953125,692.3900146484375,690.6699829101562,690.7999877929688,2355986
2026-02-03 16:30:00+00:00,690.8099975585938,691.4400024414062,690.3900146484375,690.97998046875,2657922
2026-02-03 16:45:00+00:00,690.969970703125,691.4498901367188,690.27001953125,690.6400146484375,2187319
2026-02-03 17:00:00+00:00,690.6400146484375,690.739990234375,688.6099853515625,689.1199951171875,3853874
2026-02-03 17:15:00+00:00,689.1199951171875,690.1199951171875,688.8250122070312,688.8300170898438,3326750
2026-02-03 17:30:00+00:00,688.8200073242188,688.9400024414062,687.3900146484375,687.6300048828125,3289790
2026-02-03 17:45:00+00:00,687.6199951171875,688.72998046875,687.4500122070312,687.7000122070312,2622186
2026-02-03 18:00:00+00:00,687.6900024414062,688.5499877929688,686.4199829101562,686.7100219726562,3352837
2026-02-03 18:15:00+00:00,686.7100219726562,687.3699951171875,686.239990234375,686.3599853515625,3305424
2026-02-03 18:30:00+00:00,686.364990234375,686.4099731445312,685.5700073242188,685.77001953125,2268881
2026-02-03 18:45:00+00:00,685.760009765625,685.989990234375,684.8499755859375,684.8599853515625,2177621
2026-02-03 19:00:00+00:00,684.8400268554688,686.4600219726562,684.030029296875,686.3900146484375,5231616
2026-02-03 19:15:00+00:00,686.4000244140625,687.219970703125,685.719970703125,686.2135009765625,4475434
2026-02-03 19:30:00+00:00,686.2100219726562,686.8800048828125,685.8200073242188,686.1400146484375,3134044
2026-02-03 19:45:00+00:00,686.1356201171875,687.0800170898438,685.1300048828125,686.8300170898438,3257606
2026-02-03 20:00:00+00:00,686.8200073242188,687.0599975585938,686.280029296875,687.0399780273438,2249234
2026-02-03 20:15:00+00:00,687.030029296875,687.8049926757812,686.5900268554688,687.530029296875,3866291
2026-02-03 20:30:00+00:00,687.530029296875,689.2000122070312,687.489990234375,688.5700073242188,4767822
2026-02-03 20:45:00+00:00,688.5800170898438,689.75,688.3900146484375,689.4600219726562,8021568
2026-02-04 14:30:00+00:00,690.3499755859375,691.2899780273438,689.0,690.6500244140625,7534627
2026-02-04 14:45:00+00:00,690.6599731445312,691.4500122070312,687.8300170898438,688.1900024414062,4083290
2026-02-04 15:00:00+00:00,688.1699829101562,689.6199951171875,686.510009765625,688.8800048828125,5112138
2026-02-04 15:15:00+00:00,688.8900146484375,690.8499755859375,688.3350219726562,689.9000244140625,3946448
2026-02-04 15:30:00+00:00,689.9000244140625,690.27001953125,687.3200073242188,689.5900268554688,5369732
2026-02-04 15:45:00+00:00,689.5900268554688,689.780029296875,688.2100219726562,688.5800170898438,2714567
2026-02-04 16:00:00+00:00,688.5900268554688,688.9000244140625,686.5700073242188,687.8699951171875,4013426
2026-02-04 16:15:00+00:00,687.8699951171875,688.47998046875,686.3900146484375,688.3499145507812,3230606
2026-02-04 16:30:00+00:00,688.3499755859375,688.47998046875,685.3699951171875,685.4199829101562,2645519
2026-02-04 16:45:00+00:00,685.4199829101562,686.77001953125,684.3350219726562,686.5900268554688,4507823
2026-02-04 17:00:00+00:00,686.5800170898438,687.0999755859375,685.8699951171875,686.780029296875,2189425
2026-02-04 17:15:00+00:00,686.77001953125,686.9600219726562,683.219970703125,683.7000122070312,2868331
2026-02-04 17:30:00+00:00,683.7000122070312,684.7999877929688,682.030029296875,683.0900268554688,5351240
2026-02-04 17:45:00+00:00,683.094970703125,683.8599853515625,681.760009765625,683.6599731445312,3719737
2026-02-04 18:00:00+00:00,683.6599731445312,684.0499877929688,682.3300170898438,682.8699951171875,2629474
2026-02-04 18:15:00+00:00,682.8699951171875,685.010009765625,682.3499755859375,684.7999877929688,2908949
2026-02-04 18:30:00+00:00,684.8099975585938,685.0599975585938,683.1099853515625,684.0599975585938,2753182
2026-02-04 18:45:00+00:00,684.0599975585938,685.510009765625,683.1510009765625,684.6300048828125,2583893
2026-02-04 19:00:00+00:00,684.6199951171875,684.9000244140625,683.4000244140625,684.2899780273438,2803673
2026-02-04 19:15:00+00:00,684.239990234375,685.405029296875,684.1400146484375,685.3400268554688,2307664
2026-02-04 19:30:00+00:00,685.3400268554688,686.989990234375,685.2999877929688,686.5800170898438,3321705
2026-02-04 19:45:00+00:00,686.5800170898438,688.47998046875,686.3300170898438,688.27001953125,4437513
2026-02-04 20:00:00+00:00,688.27001953125,688.489990234375,686.7449951171875,687.4849853515625,2938528
2026-02-04 20:15:00+00:00,687.489990234375,688.1699829101562,687.0900268554688,687.5399780273438,2663037
2026-02-04 20:30:00+00:00,687.530029296875,688.2999877929688,687.2899780273438,687.8200073242188,2842149
2026-02-04 20:45:00+00:00,687.8099975585938,688.4400024414062,685.6409912109375,686.1199951171875,8109425
2026-02-05 14:30:00+00:00,680.9400024414062,683.3499755859375,678.760009765625,682.9400024414062,11438121
2026-02-05 14:45:00+00:00,682.9400024414062,683.6900024414062,680.280029296875,680.6099853515625,4283735
2026-02-05 15:00:00+00:00,680.6099853515625,681.3800048828125,676.7999877929688,676.8599853515625,6371458
2026-02-05 15:15:00+00:00,676.8599853515625,678.5599975585938,676.1749877929688,676.6400146484375,5307776
2026-02-05 15:30:00+00:00,676.6500244140625,678.489990234375,675.9400024414062,677.9000244140625,5605534
2026-02-05 15:45:00+00:00,677.8699951171875,678.2449951171875,676.0579833984375,677.3300170898438,4212759
2026-02-05 16:00:00+00:00,677.3300170898438,677.6500244140625,675.7899780273438,675.9099731445312,3461744
2026-02-05 16:15:00+00:00,675.8900146484375,679.7899780273438,675.8599853515625,679.6599731445312,4390769
2026-02-05 16:30:00+00:00,679.6599731445312,680.72998046875,679.4500122070312,679.97998046875,4130236
2026-02-05 16:45:00+00:00,679.9600219726562,681.5349731445312,678.9500122070312,681.239990234375,2944031
2026-02-05 17:00:00+00:00,681.219970703125,681.3400268554688,679.280029296875,680.0098876953125,2543176
2026-02-05 17:15:00+00:00,680.0,681.9400024414062,678.97998046875,681.5,2282637
2026-02-05 17:30:00+00:00,681.52001953125,682.2899780273438,680.7100219726562,681.719970703125,1815421
2026-02-05 17:45:00+00:00,681.719970703125,682.614990234375,680.1699829101562,680.4500122070312,2145437
2026-02-05 18:00:00+00:00,680.4600219726562,681.3200073242188,679.760009765625,680.1699829101562,1854627
2026-02-05 18:15:00+00:00,680.1400146484375,680.4000244140625,678.8499755859375,679.1500244140625,1983282
2026-02-05 18:30:00+00:00,679.1599731445312,680.010009765625,678.510009765625,679.010009765625,1890867
2026-02-05 18:45:00+00:00,679.0,679.260009765625,677.6849975585938,678.30029296875,1961208
2026-02-05 19:00:00+00:00,678.3099975585938,680.8599853515625,678.030029296875,680.5900268554688,3716561
2026-02-05 19:15:00+00:00,680.5900268554688,681.469970703125,680.0999755859375,680.2449951171875,2801927
2026-02-05 19:30:00+00:00,680.239990234375,680.239990234375,678.54052734375,678.8699951171875,2672761
2026-02-05 19:45:00+00:00,678.8699951171875,679.239990234375,678.3900146484375,679.0900268554688,1959586
2026-02-05 20:00:00+00:00,679.0900268554688,680.89501953125,678.6900024414062,679.8699951171875,2832925
2026-02-05 20:15:00+00:00,679.8599853515625,679.9000244140625,677.6400146484375,677.77001953125,3806205
2026-02-05 20:30:00+00:00,677.7899780273438,678.3499145507812,676.9199829101562,677.1199951171875,4531576
2026-02-05 20:45:00+00:00,677.1300048828125,678.0399780273438,676.1854858398438,677.4400024414062,9534248
2026-02-06 14:30:00+00:00,681.0900268554688,685.5700073242188,680.8499755859375,685.5499877929688,12081075
2026-02-06 14:45:00+00:00,685.5599975585938,686.510009765625,684.5800170898438,684.7449951171875,5483434
2026-02-06 15:00:00+00:00,684.7999877929688,685.489990234375,683.3599853515625,683.72998046875,4333189
2026-02-06 15:15:00+00:00,683.719970703125,685.8099975585938,683.1099853515625,685.469970703125,3360275
2026-02-06 15:30:00+00:00,686.22998046875,686.75,686.1099853515625,686.3499755859375,3609087
2026-02-06 15:45:00+00:00,686.3599853515625,687.0399780273438,684.969970703125,685.719970703125,3899173
2026-02-06 16:00:00+00:00,686.5800170898438,687.3900146484375,686.52001953125,687.3599853515625,3526264
2026-02-06 16:15:00+00:00,687.3499755859375,687.719970703125,686.5800170898438,687.10498046875,2585583
2026-02-06 16:30:00+00:00,687.10498046875,688.010009765625,687.0499877929688,687.7000122070312,2426047
2026-02-06 16:45:00+00:00,687.7000122070312,688.02001953125,686.9400024414062,687.4600219726562,1761843
2026-02-06 17:00:00+00:00,687.4550170898438,688.4000244140625,687.1400146484375,687.9400024414062,1822922
2026-02-06 17:15:00+00:00,687.9400024414062,688.510009765625,687.6099853515625,688.47998046875,1479900
2026-02-06 17:30:00+00:00,688.5,688.9099731445312,687.8524169921875,688.5,1785999
2026-02-06 17:45:00+00:00,688.5,689.5399780273438,688.4949951171875,689.1300048828125,1614122
2026-02-06 18:00:00+00:00,689.0499877929688,689.510009765625,688.8900146484375,689.0449829101562,1981198
2026-02-06 18:15:00+00:00,689.0449829101562,689.4400024414062,688.5900268554688,688.9450073242188,1482579
2026-02-06 18:30:00+00:00,688.9500122070312,689.4600219726562,688.8800048828125,689.3049926757812,1178704
2026-02-06 18:45:00+00:00,689.3099975585938,689.6599731445312,688.9500122070312,689.030029296875,1374803
2026-02-06 19:00:00+00:00,689.030029296875,689.4199829101562,688.9000244140625,688.909912109375,1731399
2026-02-06 19:15:00+00:00,688.9099731445312,689.530029296875,688.739990234375,689.47802734375,1463214
2026-02-06 19:30:00+00:00,689.47998046875,689.5599975585938,688.9299926757812,688.9749755859375,1593671
2026-02-06 19:45:00+00:00,688.97998046875,689.760009765625,688.969970703125,689.3499755859375,1502853
2026-02-06 20:00:00+00:00,689.3400268554688,689.8099975585938,689.0999755859375,689.4650268554688,2051852
2026-02-06 20:15:00+00:00,689.469970703125,690.1400146484375,689.4425048828125,689.7750244140625,2565356
2026-02-06 20:30:00+00:00,689.77001953125,690.7686767578125,689.5999755859375,690.75,3549615
2026-02-06 20:45:00+00:00,690.760009765625,692.3099975585938,690.5800170898438,690.5999755859375,11278818
