Datetime,open,high,low,close,volume
2025-11-12 14:30:00+00:00,89.94999694824219,90.0,89.91000366210938,89.97589874267578,967254
2025-11-12 14:45:00+00:00,89.9749984741211,90.06999969482422,89.95480346679688,90.00499725341797,437654
2025-11-12 15:00:00+00:00,90.0,90.03500366210938,89.87999725341797,90.0199966430664,443211
2025-11-12 15:15:00+00:00,90.0199966430664,90.05999755859375,89.97000122070312,90.04000091552734,340808
2025-11-12 15:30:00+00:00,90.02999877929688,90.0999984741211,90.0,90.05500030517578,592962
2025-11-12 15:45:00+00:00,90.05999755859375,90.1500015258789,90.05500030517578,90.08709716796875,294384
2025-11-12 16:00:00+00:00,90.08999633789062,90.13999938964844,90.06999969482422,90.13999938964844,639503
2025-11-12 16:15:00+00:00,90.13999938964844,90.16999816894531,90.08499908447266,90.15499877929688,307668
2025-11-12 16:30:00+00:00,90.15499877929688,90.27010345458984,90.13999938964844,90.2699966430664,476504
2025-11-12 16:45:00+00:00,90.2699966430664,90.30000305175781,90.22000122070312,90.26010131835938,444064
2025-11-12 17:00:00+00:00,90.26499938964844,90.27999877929688,90.21499633789062,90.2249984741211,256389
2025-11-12 17:15:00+00:00,90.22440338134766,90.28500366210938,90.19999694824219,90.28500366210938,649505
2025-11-12 17:30:00+00:00,90.2844009399414,90.30500030517578,90.26000213623047,90.30500030517578,498750
2025-11-12 17:45:00+00:00,90.30500030517578,90.31999969482422,90.26000213623047,90.30000305175781,232686
2025-11-12 18:00:00+00:00,90.30000305175781,90.30999755859375,90.16999816894531,90.18000030517578,818142
2025-11-12 18:15:00+00:00,90.18499755859375,90.19339752197266,90.11669921875,90.15499877929688,387631
2025-11-12 18:30:00+00:00,90.15499877929688,90.17500305175781,90.12000274658203,90.14119720458984,254701
2025-11-12 18:45:00+00:00,90.1449966430664,90.16580200195312,90.12000274658203,90.1449966430664,315901
2025-11-12 19:00:00+00:00,90.14800262451172,90.16500091552734,90.12000274658203,90.13990020751953,304760
2025-11-12 19:15:00+00:00,90.13999938964844,90.23580169677734,90.12999725341797,90.22989654541016,287399
2025-11-12 19:30:00+00:00,90.22350311279297,90.25,90.22000122070312,90.2300033569336,292892
2025-11-12 19:45:00+00:00,90.2249984741211,90.2249984741211,90.11430358886719,90.1449966430664,8024900
2025-11-12 20:00:00+00:00,90.13500213623047,90.13500213623047,90.08000183105469,90.08499908447266,231462
2025-11-12 20:15:00+00:00,90.0885009765625,90.09929656982422,90.05180358886719,90.05180358886719,267189
2025-11-12 20:30:00+00:00,90.05999755859375,90.07649993896484,90.01499938964844,90.06420135498047,561983
2025-11-12 20:45:00+00:00,90.06999969482422,90.13999938964844,90.05000305175781,90.11499786376953,857687
2025-11-13 14:30:00+00:00,89.81999969482422,89.8949966430664,89.78240203857422,89.88999938964844,867649
2025-11-13 14:45:00+00:00,89.88999938964844,89.9000015258789,89.81999969482422,89.86499786376953,797912
2025-11-13 15:00:00+00:00,89.86540222167969,89.86990356445312,89.66999816894531,89.67410278320312,460359
2025-11-13 15:15:00+00:00,89.67500305175781,89.7750015258789,89.6500015258789,89.7699966430664,406903
2025-11-13 15:30:00+00:00,89.77999877929688,89.79499816894531,89.7300033569336,89.76499938964844,321845
2025-11-13 15:45:00+00:00,89.7699966430664,89.87999725341797,89.7645034790039,89.81500244140625,572553
2025-11-13 16:00:00+00:00,89.80999755859375,89.83999633789062,89.7562026977539,89.76000213623047,305163
2025-11-13 16:15:00+00:00,89.76499938964844,89.79650115966797,89.73999786376953,89.79499816894531,274826
2025-11-13 16:30:00+00:00,89.79029846191406,89.80549621582031,89.73500061035156,89.73999786376953,351572
2025-11-13 16:45:00+00:00,89.74500274658203,89.79499816894531,89.73999786376953,89.7698974609375,159813
2025-11-13 17:00:00+00:00,89.7699966430664,89.80000305175781,89.73999786376953,89.76909637451172,458679
2025-11-13 17:15:00+00:00,89.76000213623047,89.84989929199219,89.75499725341797,89.84989929199219,271300
2025-11-13 17:30:00+00:00,89.84500122070312,89.94000244140625,89.84190368652344,89.86000061035156,301411
2025-11-13 17:45:00+00:00,89.86000061035156,89.88500213623047,89.7699966430664,89.7750015258789,373960
2025-11-13 18:00:00+00:00,89.77010345458984,89.81999969482422,89.5199966430664,89.58999633789062,888519
2025-11-13 18:15:00+00:00,89.58000183105469,89.65989685058594,89.55500030517578,89.65499877929688,610873
2025-11-13 18:30:00+00:00,89.65499877929688,89.67900085449219,89.625,89.63500213623047,616565
2025-11-13 18:45:00+00:00,89.63500213623047,89.6698989868164,89.58270263671875,89.6050033569336,273054
2025-11-13 19:00:00+00:00,89.5999984741211,89.60009765625,89.52999877929688,89.55229949951172,353669
2025-11-13 19:15:00+00:00,89.55999755859375,89.56999969482422,89.5199966430664,89.53500366210938,429185
2025-11-13 19:30:00+00:00,89.53500366210938,89.5999984741211,89.5250015258789,89.59500122070312,313083
2025-11-13 19:45:00+00:00,89.59500122070312,89.63999938964844,89.54000091552734,89.55000305175781,939750
2025-11-13 20:00:00+00:00,89.55500030517578,89.55500030517578,89.51000213623047,89.51499938964844,956889
2025-11-13 20:15:00+00:00,89.51499938964844,89.5199966430664,89.45999908447266,89.4999008178711,742472
2025-11-13 20:30:00+00:00,89.49500274658203,89.49500274658203,89.44999694824219,89.4542007446289,555777
2025-11-13 20:45:00+00:00,89.45500183105469,89.4800033569336,89.37999725341797,89.37999725341797,2825857
2025-11-14 14:30:00+00:00,89.79000091552734,89.83000183105469,89.54000091552734,89.55650329589844,1952388
2025-11-14 14:45:00+00:00,89.55999755859375,89.57499694824219,89.30999755859375,89.31559753417969,899456
2025-11-14 15:00:00+00:00,89.31500244140625,89.37000274658203,89.2300033569336,89.2699966430664,834534
2025-11-14 15:15:00+00:00,89.2699966430664,89.30500030517578,89.16000366210938,89.17009735107422,894808
2025-11-14 15:30:00+00:00,89.17500305175781,89.26000213623047,89.15499877929688,89.18000030517578,808567
2025-11-14 15:45:00+00:00,89.18499755859375,89.23999786376953,89.1500015258789,89.19999694824219,527757
2025-11-14 16:00:00+00:00,89.20500183105469,89.22660064697266,89.13999938964844,89.15499877929688,300892
2025-11-14 16:15:00+00:00,89.15499877929688,89.15699768066406,89.06999969482422,89.08999633789062,716075
2025-11-14 16:30:00+00:00,89.09500122070312,89.14990234375,89.08070373535156,89.1050033569336,758762
2025-11-14 16:45:00+00:00,89.1050033569336,89.13999938964844,89.04000091552734,89.05500030517578,624592
2025-11-14 17:00:00+00:00,89.05999755859375,89.06500244140625,88.96499633789062,88.98560333251953,371237
2025-11-14 17:15:00+00:00,88.98500061035156,88.98500061035156,88.91999816894531,88.95999908447266,434670
2025-11-14 17:30:00+00:00,88.95500183105469,88.96499633789062,88.87000274658203,88.89749908447266,604031
2025-11-14 17:45:00+00:00,88.89959716796875,88.98999786376953,88.88500213623047,88.9635009765625,510997
2025-11-14 18:00:00+00:00,88.96499633789062,89.00509643554688,88.95999908447266,88.96499633789062,447516
2025-11-14 18:15:00+00:00,88.96499633789062,89.00499725341797,88.95010375976562,88.95500183105469,399866
2025-11-14 18:30:00+00:00,88.9541015625,88.9800033569336,88.94000244140625,88.96499633789062,234916
2025-11-14 18:45:00+00:00,88.96499633789062,88.98999786376953,88.94499969482422,88.97010040283203,345928
2025-11-14 19:00:00+00:00,88.9749984741211,89.01499938964844,88.95500183105469,88.95999908447266,460521
2025-11-14 19:15:00+00:00,88.96499633789062,88.9800033569336,88.94999694824219,88.96499633789062,229323
2025-11-14 19:30:00+00:00,88.95999908447266,88.97830200195312,88.93000030517578,88.94499969482422,11256173
2025-11-14 19:45:00+00:00,88.94509887695312,88.95999908447266,88.91999816894531,88.93499755859375,669137
2025-11-14 20:00:00+00:00,88.93000030517578,88.95999908447266,88.91000366210938,88.94000244140625,12917039
2025-11-14 20:15:00+00:00,88.93350219726562,88.94000244140625,88.91000366210938,88.91500091552734,315081
2025-11-14 20:30:00+00:00,88.91500091552734,88.91999816894531,88.9000015258789,88.91500091552734,602386
2025-11-14 20:45:00+00:00,88.91500091552734,88.94000244140625,88.875,88.875,2965476
2025-11-17 14:30:00+00:00,89.08499908447266,89.0999984741211,88.9800033569336,89.01499938964844,1865779
2025-11-17 14:45:00+00:00,89.01499938964844,89.15499877929688,88.99400329589844,89.08000183105469,532950
2025-11-17 15:00:00+00:00,89.07559967041016,89.11499786376953,89.02439880371094,89.04000091552734,420210
2025-11-17 15:15:00+00:00,89.03500366210938,89.12000274658203,89.01000213623047,89.08820343017578,411865
2025-11-17 15:30:00+00:00,89.08560180664062,89.20999908447266,89.07009887695312,89.12000274658203,878795
2025-11-17 15:45:00+00:00,89.12989807128906,89.206298828125,89.12000274658203,89.14080047607422,557088
2025-11-17 16:00:00+00:00,89.13999938964844,89.20999908447266,89.125,89.17500305175781,464022
2025-11-17 16:15:00+00:00,89.17500305175781,89.26499938964844,89.17500305175781,89.19999694824219,256652
2025-11-17 16:30:00+00:00,89.19999694824219,89.30000305175781,89.19010162353516,89.26000213623047,245231
2025-11-17 16:45:00+00:00,89.2699966430664,89.30000305175781,89.24500274658203,89.2750015258789,320936
2025-11-17 17:00:00+00:00,89.27999877929688,89.28559875488281,89.23429870605469,89.2699966430664,285039
2025-11-17 17:15:00+00:00,89.2699966430664,89.29000091552734,89.16000366210938,89.16000366210938,268633
2025-11-17 17:30:00+00:00,89.16549682617188,89.19840240478516,89.12000274658203,89.18499755859375,360441
2025-11-17 17:45:00+00:00,89.18499755859375,89.19499969482422,89.11000061035156,89.1500015258789,5635610
2025-11-17 18:00:00+00:00,89.1500015258789,89.17500305175781,89.10469818115234,89.16999816894531,259761
2025-11-17 18:15:00+00:00,89.18000030517578,89.18990325927734,89.0999984741211,89.16500091552734,296598
2025-11-17 18:30:00+00:00,89.15499877929688,89.16000366210938,89.12000274658203,89.13500213623047,292503
2025-11-17 18:45:00+00:00,89.13500213623047,89.18620300292969,89.13500213623047,89.1500015258789,259377
2025-11-17 19:00:00+00:00,89.1449966430664,89.14990234375,89.06500244140625,89.1050033569336,250625
2025-11-17 19:15:00+00:00,89.0999984741211,89.12989807128906,89.08499908447266,89.08999633789062,171455
2025-11-17 19:30:00+00:00,89.08999633789062,89.12000274658203,89.06999969482422,89.12000274658203,323295
2025-11-17 19:45:00+00:00,89.11250305175781,89.16000366210938,89.09500122070312,89.09850311279297,337136
2025-11-17 20:00:00+00:00,89.09500122070312,89.09500122070312,89.02010345458984,89.05500030517578,228612
2025-11-17 20:15:00+00:00,89.05000305175781,89.16000366210938,89.05000305175781,89.15499877929688,387299
2025-11-17 20:30:00+00:00,89.15499877929688,89.16999816894531,89.08999633789062,89.11499786376953,715375
2025-11-17 20:45:00+00:00,89.11650085449219,89.13500213623047,89.07499694824219,89.1050033569336,1085722
2025-11-18 14:30:00+00:00,89.33999633789062,89.36000061035156,89.2249984741211,89.34500122070312,2342288
2025-11-18 14:45:00+00:00,89.3499984741211,89.42539978027344,89.26499938964844,89.27999877929688,970374
2025-11-18 15:00:00+00:00,89.29000091552734,89.44499969482422,89.2301025390625,89.29499816894531,1431776
2025-11-18 15:15:00+00:00,89.29499816894531,89.38569641113281,89.21499633789062,89.28009796142578,785884
2025-11-18 15:30:00+00:00,89.2750015258789,89.34500122070312,89.25,89.33000183105469,492231
2025-11-18 15:45:00+00:00,89.33519744873047,89.3550033569336,89.20999908447266,89.24500274658203,298228
2025-11-18 16:00:00+00:00,89.24500274658203,89.2750015258789,89.06999969482422,89.09829711914062,539001
2025-11-18 16:15:00+00:00,89.09500122070312,89.13500213623047,89.0250015258789,89.03500366210938,498444
2025-11-18 16:30:00+00:00,89.02999877929688,89.02999877929688,88.93000030517578,89.00499725341797,534441
2025-11-18 16:45:00+00:00,89.01000213623047,89.06999969482422,89.0000991821289,89.04000091552734,377704
2025-11-18 17:00:00+00:00,89.03500366210938,89.05000305175781,89.01499938964844,89.04000091552734,230230
2025-11-18 17:15:00+00:00,89.04000091552734,89.05000305175781,88.93560028076172,88.96499633789062,269111
2025-11-18 17:30:00+00:00,88.96099853515625,88.97000122070312,88.86000061035156,88.87449645996094,437609
2025-11-18 17:45:00+00:00,88.875,88.91500091552734,88.85420227050781,88.87010192871094,594251
2025-11-18 18:00:00+00:00,88.87000274658203,88.87419891357422,88.80000305175781,88.81549835205078,966064
2025-11-18 18:15:00+00:00,88.81500244140625,88.86000061035156,88.80999755859375,88.85990142822266,504175
2025-11-18 18:30:00+00:00,88.86000061035156,88.91000366210938,88.84500122070312,88.91000366210938,447495
2025-11-18 18:45:00+00:00,88.91000366210938,88.94000244140625,88.87999725341797,88.93689727783203,323284
2025-11-18 19:00:00+00:00,88.93499755859375,88.96499633789062,88.91999816894531,88.95010375976562,271488
2025-11-18 19:15:00+00:00,88.95500183105469,89.01499938964844,88.95500183105469,88.99500274658203,191869
2025-11-18 19:30:00+00:00,88.99500274658203,89.02999877929688,88.98500061035156,89.00499725341797,188688
2025-11-18 19:45:00+00:00,89.01000213623047,89.05000305175781,89.00450134277344,89.0250015258789,11219003
2025-11-18 20:00:00+00:00,89.0250015258789,89.02999877929688,88.94999694824219,88.98200225830078,229570
2025-11-18 20:15:00+00:00,88.98500061035156,89.01820373535156,88.9749984741211,88.99500274658203,285162
2025-11-18 20:30:00+00:00,88.99500274658203,89.0199966430664,88.9800033569336,88.99500274658203,562270
2025-11-18 20:45:00+00:00,88.99500274658203,89.08000183105469,88.98999786376953,89.05999755859375,1545728
2025-11-19 14:30:00+00:00,89.22000122070312,89.30999755859375,89.19000244140625,89.20069885253906,618691
2025-11-19 14:45:00+00:00,89.19999694824219,89.19999694824219,89.01000213623047,89.02999877929688,485103
2025-11-19 15:00:00+00:00,89.02999877929688,89.04000091552734,88.8550033569336,88.94000244140625,554965
2025-11-19 15:15:00+00:00,88.93499755859375,88.97000122070312,88.91000366210938,88.94999694824219,428516
2025-11-19 15:30:00+00:00,88.94999694824219,88.96260070800781,88.9000015258789,88.91999816894531,308541
2025-11-19 15:45:00+00:00,88.91999816894531,89.05970001220703,88.91000366210938,89.05500030517578,453564
2025-11-19 16:00:00+00:00,89.05500030517578,89.07520294189453,89.01000213623047,89.06999969482422,292491
2025-11-19 16:15:00+00:00,89.06549835205078,89.12999725341797,89.03500366210938,89.11519622802734,466309
2025-11-19 16:30:00+00:00,89.11499786376953,89.26499938964844,89.1050033569336,89.26000213623047,258537
2025-11-19 16:45:00+00:00,89.25969696044922,89.2699966430664,89.18000030517578,89.20999908447266,575981
2025-11-19 17:00:00+00:00,89.21499633789062,89.2699966430664,89.21499633789062,89.24500274658203,227496
2025-11-19 17:15:00+00:00,89.23999786376953,89.25,89.15010070800781,89.19499969482422,273205
2025-11-19 17:30:00+00:00,89.1969985961914,89.20999908447266,89.1449966430664,89.1500015258789,270313
2025-11-19 17:45:00+00:00,89.15499877929688,89.16500091552734,89.0999984741211,89.1449966430664,453580
2025-11-19 18:00:00+00:00,89.1500015258789,89.18000030517578,89.11000061035156,89.1449966430664,297964
2025-11-19 18:15:00+00:00,89.13999938964844,89.17990112304688,89.12000274658203,89.16999816894531,373543
2025-11-19 18:30:00+00:00,89.16999816894531,89.23999786376953,89.16000366210938,89.23500061035156,352702
2025-11-19 18:45:00+00:00,89.2300033569336,89.26000213623047,89.18000030517578,89.18000030517578,7001785
2025-11-19 19:00:00+00:00,89.16999816894531,89.21499633789062,89.05999755859375,89.18499755859375,462482
2025-11-19 19:15:00+00:00,89.18000030517578,89.19989776611328,89.09980010986328,89.0999984741211,163522
2025-11-19 19:30:00+00:00,89.1050033569336,89.13009643554688,88.95999908447266,88.9697036743164,199565
2025-11-19 19:45:00+00:00,88.96990203857422,88.96990203857422,88.8550033569336,88.90499877929688,530624
2025-11-19 20:00:00+00:00,88.9000015258789,88.90989685058594,88.86000061035156,88.89630126953125,363811
2025-11-19 20:15:00+00:00,88.8949966430664,88.90740203857422,88.87000274658203,88.90499877929688,9480785
2025-11-19 20:30:00+00:00,88.9000015258789,88.91999816894531,88.87000274658203,88.91500091552734,606695
2025-11-19 20:45:00+00:00,88.91500091552734,88.91999816894531,88.87000274658203,88.90499877929688,1575944
2025-11-20 14:30:00+00:00,88.99500274658203,89.13500213623047,88.98999786376953,89.06999969482422,1563825
2025-11-20 14:45:00+00:00,89.06379699707031,89.1449966430664,89.03500366210938,89.13030242919922,541399
2025-11-20 15:00:00+00:00,89.12999725341797,89.18000030517578,89.06999969482422,89.08999633789062,619615
2025-11-20 15:15:00+00:00,89.0999984741211,89.17500305175781,89.07499694824219,89.16010284423828,431084
2025-11-20 15:30:00+00:00,89.16010284423828,89.16999816894531,89.07009887695312,89.13999938964844,301639
2025-11-20 15:45:00+00:00,89.1500015258789,89.19000244140625,89.02999877929688,89.19000244140625,449146
2025-11-20 16:00:00+00:00,89.19999694824219,89.36000061035156,89.19999694824219,89.34500122070312,554013
2025-11-20 16:15:00+00:00,89.34500122070312,89.41999816894531,89.27999877929688,89.30000305175781,521214
2025-11-20 16:30:00+00:00,89.30999755859375,89.32579803466797,89.2300033569336,89.26000213623047,517596
2025-11-20 16:45:00+00:00,89.26499938964844,89.2655029296875,89.18499755859375,89.25740051269531,340874
2025-11-20 17:00:00+00:00,89.26000213623047,89.33830261230469,89.18000030517578,89.3302993774414,332940
2025-11-20 17:15:00+00:00,89.33000183105469,89.41500091552734,89.30999755859375,89.36009979248047,656629
2025-11-20 17:30:00+00:00,89.37000274658203,89.38500213623047,89.26499938964844,89.30999755859375,346608
2025-11-20 17:45:00+00:00,89.30999755859375,89.33450317382812,89.2300033569336,89.2300033569336,322742
2025-11-20 18:00:00+00:00,89.2300033569336,89.23999786376953,89.08999633789062,89.08999633789062,338194
2025-11-20 18:15:00+00:00,89.08999633789062,89.1500015258789,89.06999969482422,89.13999938964844,493367
2025-11-20 18:30:00+00:00,89.1447982788086,89.20999908447266,89.12999725341797,89.20999908447266,152022
2025-11-20 18:45:00+00:00,89.20999908447266,89.29000091552734,89.19499969482422,89.27999877929688,292886
2025-11-20 19:00:00+00:00,89.28500366210938,89.33989715576172,89.2531967163086,89.26000213623047,652835
2025-11-20 19:15:00+00:00,89.25499725341797,89.2750015258789,89.19000244140625,89.21499633789062,169736
2025-11-20 19:30:00+00:00,89.21499633789062,89.23999786376953,89.18499755859375,89.21720123291016,230059
2025-11-20 19:45:00+00:00,89.22000122070312,89.25990295410156,89.17500305175781,89.19499969482422,282479
2025-11-20 20:00:00+00:00,89.19499969482422,89.23500061035156,89.18000030517578,89.19999694824219,344492
2025-11-20 20:15:00+00:00,89.20500183105469,89.24500274658203,89.18000030517578,89.2249984741211,254796
2025-11-20 20:30:00+00:00,89.2249984741211,89.31999969482422,89.20999908447266,89.28500366210938,513528
2025-11-20 20:45:00+00:00,89.28500366210938,89.29000091552734,89.2300033569336,89.23999786376953,3320636
2025-11-21 14:30:00+00:00,89.65499877929688,89.66999816894531,89.44000244140625,89.46499633789062,1739655
2025-11-21 14:45:00+00:00,89.45999908447266,89.58000183105469,89.43000030517578,89.45999908447266,795707
2025-11-21 15:00:00+00:00,89.44999694824219,89.55999755859375,89.44999694824219,89.51000213623047,805280
2025-11-21 15:15:00+00:00,89.51499938964844,89.6050033569336,89.48500061035156,89.5386962890625,925731
2025-11-21 15:30:00+00:00,89.53500366210938,89.62999725341797,89.48500061035156,89.54000091552734,697723
2025-11-21 15:45:00+00:00,89.54000091552734,89.56500244140625,89.36000061035156,89.37999725341797,960794
2025-11-21 16:00:00+00:00,89.37999725341797,89.5199966430664,89.36499786376953,89.39700317382812,587740
2025-11-21 16:15:00+00:00,89.3947982788086,89.44760131835938,89.33000183105469,89.3501968383789,452371
2025-11-21 16:30:00+00:00,89.3499984741211,89.37999725341797,89.30000305175781,89.30500030517578,525690
2025-11-21 16:45:00+00:00,89.30799865722656,89.37799835205078,89.30010223388672,89.34500122070312,805571
2025-11-21 17:00:00+00:00,89.33999633789062,89.37000274658203,89.29000091552734,89.30000305175781,659575
2025-11-21 17:15:00+00:00,89.29000091552734,89.31500244140625,89.20999908447266,89.2249984741211,496792
2025-11-21 17:30:00+00:00,89.2300033569336,89.24500274658203,89.19499969482422,89.21499633789062,627811
2025-11-21 17:45:00+00:00,89.21499633789062,89.30500030517578,89.20999908447266,89.28500366210938,358865
2025-11-21 18:00:00+00:00,89.29000091552734,89.34500122070312,89.2750015258789,89.32499694824219,227803
2025-11-21 18:15:00+00:00,89.32499694824219,89.40499877929688,89.322998046875,89.39810180664062,427691
2025-11-21 18:30:00+00:00,89.40499877929688,89.40499877929688,89.30999755859375,89.31500244140625,387252
2025-11-21 18:45:00+00:00,89.31500244140625,89.36000061035156,89.25499725341797,89.30989837646484,437640
2025-11-21 19:00:00+00:00,89.30000305175781,89.33999633789062,89.28500366210938,89.33000183105469,251249
2025-11-21 19:15:00+00:00,89.33499908447266,89.37999725341797,89.30999755859375,89.36499786376953,347221
2025-11-21 19:30:00+00:00,89.3550033569336,89.45999908447266,89.35009765625,89.45500183105469,268580
2025-11-21 19:45:00+00:00,89.45500183105469,89.4800033569336,89.42479705810547,89.45999908447266,822290
2025-11-21 20:00:00+00:00,89.45999908447266,89.47979736328125,89.43000030517578,89.45500183105469,285015
2025-11-21 20:15:00+00:00,89.45500183105469,89.4800033569336,89.44000244140625,89.45020294189453,284863
2025-11-21 20:30:00+00:00,89.45500183105469,89.47989654541016,89.43000030517578,89.46499633789062,564769
2025-11-21 20:45:00+00:00,89.46499633789062,89.5,89.44999694824219,89.49500274658203,21118586
2025-11-24 14:30:00+00:00,89.94999694824219,89.94999694824219,89.84500122070312,89.93990325927734,1770933
2025-11-24 14:45:00+00:00,89.93000030517578,89.97650146484375,89.90499877929688,89.92500305175781,835729
2025-11-24 15:00:00+00:00,89.91999816894531,89.91999816894531,89.79000091552734,89.83999633789062,973078
2025-11-24 15:15:00+00:00,89.83499908447266,89.87000274658203,89.78500366210938,89.86000061035156,366055
2025-11-24 15:30:00+00:00,89.86000061035156,89.875,89.81999969482422,89.83499908447266,575520
2025-11-24 15:45:00+00:00,89.8301010131836,89.8949966430664,89.82499694824219,89.8550033569336,237548
2025-11-24 16:00:00+00:00,89.8550033569336,89.8550033569336,89.78009796142578,89.83499908447266,432716
2025-11-24 16:15:00+00:00,89.83999633789062,89.87000274658203,89.81500244140625,89.86000061035156,262959
2025-11-24 16:30:00+00:00,89.8550033569336,89.87999725341797,89.83999633789062,89.87999725341797,182631
2025-11-24 16:45:00+00:00,89.87460327148438,89.88999938964844,89.84500122070312,89.87020111083984,246572
2025-11-24 17:00:00+00:00,89.87449645996094,89.93499755859375,89.87449645996094,89.93000030517578,243174
2025-11-24 17:15:00+00:00,89.93000030517578,89.98650360107422,89.8949966430664,89.98500061035156,326676
2025-11-24 17:30:00+00:00,89.98500061035156,90.00499725341797,89.95500183105469,89.98999786376953,503774
2025-11-24 17:45:00+00:00,89.9800033569336,90.02999877929688,89.9800033569336,89.9999008178711,346235
2025-11-24 18:00:00+00:00,89.99500274658203,90.01000213623047,89.96499633789062,89.9800033569336,15327643
2025-11-24 18:15:00+00:00,89.9749984741211,90.00499725341797,89.94499969482422,89.99500274658203,608111
2025-11-24 18:30:00+00:00,89.99500274658203,90.04000091552734,89.9801025390625,90.02010345458984,311612
2025-11-24 18:45:00+00:00,90.02999877929688,90.05000305175781,90.01000213623047,90.04499816894531,425414
2025-11-24 19:00:00+00:00,90.04499816894531,90.05999755859375,90.0,90.04499816894531,567977
2025-11-24 19:15:00+00:00,90.04499816894531,90.06649780273438,90.02010345458984,90.05500030517578,317814
2025-11-24 19:30:00+00:00,90.05899810791016,90.05999755859375,90.0,90.01499938964844,221486
2025-11-24 19:45:00+00:00,90.01000213623047,90.04000091552734,89.97000122070312,90.0199966430664,412059
2025-11-24 20:00:00+00:00,90.01499938964844,90.0261001586914,89.96499633789062,89.97000122070312,315366
2025-11-24 20:15:00+00:00,89.97820281982422,89.9800033569336,89.94000244140625,89.97000122070312,270420
2025-11-24 20:30:00+00:00,89.96499633789062,89.9800033569336,89.94999694824219,89.97000122070312,456497
2025-11-24 20:45:00+00:00,89.97000122070312,90.0,89.95999908447266,89.99500274658203,1704795
2025-11-25 14:30:00+00:00,90.31500244140625,90.43000030517578,90.26000213623047,90.42500305175781,1600976
2025-11-25 14:45:00+00:00,90.43000030517578,90.54000091552734,90.42500305175781,90.45500183105469,1368818
2025-11-25 15:00:00+00:00,90.45999908447266,90.52999877929688,90.44999694824219,90.5250015258789,1274078
2025-11-25 15:15:00+00:00,90.5250015258789,90.52999877929688,90.42500305175781,90.45500183105469,678249
2025-11-25 15:30:00+00:00,90.44999694824219,90.50499725341797,90.41999816894531,90.46499633789062,4571143
2025-11-25 15:45:00+00:00,90.46499633789062,90.48500061035156,90.30999755859375,90.33000183105469,501499
2025-11-25 16:00:00+00:00,90.33999633789062,90.4999008178711,90.33000183105469,90.48999786376953,453896
2025-11-25 16:15:00+00:00,90.5,90.52999877929688,90.46499633789062,90.4749984741211,410550
2025-11-25 16:30:00+00:00,90.4749984741211,90.52100372314453,90.47000122070312,90.48999786376953,499525
2025-11-25 16:45:00+00:00,90.48500061035156,90.54000091552734,90.48500061035156,90.51499938964844,521687
2025-11-25 17:00:00+00:00,90.51499938964844,90.51499938964844,90.26000213623047,90.3949966430664,1346262
2025-11-25 17:15:00+00:00,90.3949966430664,90.58999633789062,90.37999725341797,90.44000244140625,1048605
2025-11-25 17:30:00+00:00,90.43000030517578,90.48500061035156,90.39990234375,90.45500183105469,337575
2025-11-25 17:45:00+00:00,90.45010375976562,90.5199966430664,90.43000030517578,90.48580169677734,320769
2025-11-25 18:00:00+00:00,90.48500061035156,90.54499816894531,90.41500091552734,90.43499755859375,496932
2025-11-25 18:15:00+00:00,90.43499755859375,90.45989990234375,90.3499984741211,90.38999938964844,499749
2025-11-25 18:30:00+00:00,90.3949966430664,90.3949966430664,90.33999633789062,90.34500122070312,201112
2025-11-25 18:45:00+00:00,90.3499984741211,90.4000015258789,90.34500122070312,90.4000015258789,270635
2025-11-25 19:00:00+00:00,90.4000015258789,90.41999816894531,90.38500213623047,90.3949966430664,374575
2025-11-25 19:15:00+00:00,90.38999938964844,90.39530181884766,90.33499908447266,90.36000061035156,394857
2025-11-25 19:30:00+00:00,90.3550033569336,90.375,90.30999755859375,90.33000183105469,338617
2025-11-25 19:45:00+00:00,90.33499908447266,90.33509826660156,90.26380157470703,90.30999755859375,896984
2025-11-25 20:00:00+00:00,90.30999755859375,90.31500244140625,90.23500061035156,90.23829650878906,446582
2025-11-25 20:15:00+00:00,90.23999786376953,90.24530029296875,90.12999725341797,90.1500015258789,726798
2025-11-25 20:30:00+00:00,90.1449966430664,90.18000030517578,90.13999938964844,90.18000030517578,749087
2025-11-25 20:45:00+00:00,90.1865005493164,90.24500274658203,90.16999816894531,90.2300033569336,1307372
2025-11-26 14:30:00+00:00,90.1449966430664,90.16999816894531,90.04019927978516,90.06649780273438,1075895
2025-11-26 14:45:00+00:00,90.08000183105469,90.12000274658203,89.94999694824219,89.95999908447266,1130344
2025-11-26 15:00:00+00:00,89.97000122070312,90.05999755859375,89.83000183105469,90.05500030517578,1180137
2025-11-26 15:15:00+00:00,90.05500030517578,90.20999908447266,90.05500030517578,90.20500183105469,772796
2025-11-26 15:30:00+00:00,90.19000244140625,90.2938003540039,90.16999816894531,90.25630187988281,549132
2025-11-26 15:45:00+00:00,90.25990295410156,90.32499694824219,90.2249984741211,90.2699966430664,5432513
2025-11-26 16:00:00+00:00,90.2750015258789,90.32499694824219,90.25499725341797,90.32499694824219,154853
2025-11-26 16:15:00+00:00,90.31999969482422,90.41999816894531,90.31500244140625,90.3550033569336,848283
2025-11-26 16:30:00+00:00,90.35359954833984,90.43499755859375,90.32499694824219,90.40499877929688,606272
2025-11-26 16:45:00+00:00,90.40499877929688,90.42500305175781,90.31500244140625,90.3843994140625,451373
2025-11-26 17:00:00+00:00,90.3853988647461,90.43499755859375,90.36270141601562,90.37989807128906,366904
2025-11-26 17:15:00+00:00,90.375,90.45999908447266,90.375,90.40499877929688,277924
2025-11-26 17:30:00+00:00,90.41000366210938,90.4363021850586,90.34500122070312,90.3499984741211,224646
2025-11-26 17:45:00+00:00,90.35980224609375,90.45809936523438,90.35359954833984,90.45809936523438,140742
2025-11-26 18:00:00+00:00,90.45500183105469,90.51000213623047,90.43000030517578,90.4800033569336,293915
2025-11-26 18:15:00+00:00,90.48500061035156,90.51000213623047,90.44000244140625,90.45999908447266,497878
2025-11-26 18:30:00+00:00,90.46499633789062,90.47000122070312,90.44000244140625,90.45999908447266,269250
2025-11-26 18:45:00+00:00,90.46240234375,90.54000091552734,90.46240234375,90.54000091552734,1353163
2025-11-26 19:00:00+00:00,90.53350067138672,90.55000305175781,90.48999786376953,90.54000091552734,695508
2025-11-26 19:15:00+00:00,90.54499816894531,90.55000305175781,90.50499725341797,90.54759979248047,395281
2025-11-26 19:30:00+00:00,90.54499816894531,90.55999755859375,90.5199966430664,90.5250015258789,385078
2025-11-26 19:45:00+00:00,90.5250015258789,90.56680297851562,90.5199966430664,90.54499816894531,357641
2025-11-26 20:00:00+00:00,90.54499816894531,90.56999969482422,90.52999877929688,90.55470275878906,643553
2025-11-26 20:15:00+00:00,90.55500030517578,90.56999969482422,90.52999877929688,90.55000305175781,626996
2025-11-26 20:30:00+00:00,90.55000305175781,90.5999984741211,90.54000091552734,90.58999633789062,415558
2025-11-26 20:45:00+00:00,90.58509826660156,90.63999938964844,90.58000183105469,90.62999725341797,2441310
2025-11-28 14:30:00+00:00,90.45999908447266,90.52989959716797,90.4000015258789,90.44499969482422,1472153
2025-11-28 14:45:00+00:00,90.44999694824219,90.51499938964844,90.43000030517578,90.47460174560547,1021158
2025-11-28 15:00:00+00:00,90.4749984741211,90.49500274658203,90.2750015258789,90.30000305175781,1298891
2025-11-28 15:15:00+00:00,90.29499816894531,90.31999969482422,90.2750015258789,90.2750015258789,1289986
2025-11-28 15:30:00+00:00,90.2750015258789,90.27999877929688,90.08999633789062,90.11990356445312,1847448
2025-11-28 15:45:00+00:00,90.12000274658203,90.125,89.96499633789062,89.98500061035156,1473284
2025-11-28 16:00:00+00:00,89.9800033569336,90.12989807128906,89.94999694824219,90.08499908447266,1303671
2025-11-28 16:15:00+00:00,90.08499908447266,90.08999633789062,90.02999877929688,90.03500366210938,1494931
2025-11-28 16:30:00+00:00,90.04000091552734,90.11499786376953,90.03160095214844,90.1050033569336,1144689
2025-11-28 16:45:00+00:00,90.11499786376953,90.16000366210938,90.06500244140625,90.15499877929688,1105786
2025-11-28 17:00:00+00:00,90.16000366210938,90.23999786376953,90.08499908447266,90.0999984741211,679404
2025-11-28 17:15:00+00:00,90.0999984741211,90.20500183105469,90.0999984741211,90.16999816894531,746090
2025-11-28 17:30:00+00:00,90.16500091552734,90.32499694824219,90.1500015258789,90.26349639892578,872776
2025-11-28 17:45:00+00:00,90.26499938964844,90.31770324707031,90.12010192871094,90.19000244140625,2577125
2025-12-01 14:30:00+00:00,88.84500122070312,88.91000366210938,88.80000305175781,88.84140014648438,3863283
2025-12-01 14:45:00+00:00,88.8499984741211,88.86990356445312,88.7300033569336,88.83999633789062,1410298
2025-12-01 15:00:00+00:00,88.83999633789062,88.98999786376953,88.83999633789062,88.94999694824219,1585715
2025-12-01 15:15:00+00:00,88.94499969482422,88.94999694824219,88.8499984741211,88.93499755859375,1074245
2025-12-01 15:30:00+00:00,88.93499755859375,88.94000244140625,88.8147964477539,88.86000061035156,929106
2025-12-01 15:45:00+00:00,88.86499786376953,88.88999938964844,88.83000183105469,88.86499786376953,703638
2025-12-01 16:00:00+00:00,88.86000061035156,88.86000061035156,88.76000213623047,88.7699966430664,851741
2025-12-01 16:15:00+00:00,88.7750015258789,88.81500244140625,88.73419952392578,88.81340026855469,584002
2025-12-01 16:30:00+00:00,88.80999755859375,88.80999755859375,88.74500274658203,88.7750015258789,615293
2025-12-01 16:45:00+00:00,88.7750015258789,88.77999877929688,88.74500274658203,88.74500274658203,640377
2025-12-01 17:00:00+00:00,88.74500274658203,88.81999969482422,88.7300033569336,88.80699920654297,615443
2025-12-01 17:15:00+00:00,88.80500030517578,88.80999755859375,88.7750015258789,88.78990173339844,600826
2025-12-01 17:30:00+00:00,88.77999877929688,88.80000305175781,88.7300033569336,88.74500274658203,647212
2025-12-01 17:45:00+00:00,88.7490005493164,88.79000091552734,88.70999908447266,88.79000091552734,448736
2025-12-01 18:00:00+00:00,88.79000091552734,88.85990142822266,88.7699966430664,88.83000183105469,644930
2025-12-01 18:15:00+00:00,88.81999969482422,88.86000061035156,88.81999969482422,88.82499694824219,261797
2025-12-01 18:30:00+00:00,88.82499694824219,88.82499694824219,88.7699966430664,88.79499816894531,403161
2025-12-01 18:45:00+00:00,88.79499816894531,88.80989837646484,88.76499938964844,88.77580261230469,434487
2025-12-01 19:00:00+00:00,88.7750015258789,88.79499816894531,88.76000213623047,88.7750015258789,340535
2025-12-01 19:15:00+00:00,88.77449798583984,88.77999877929688,88.7300033569336,88.76000213623047,447050
2025-12-01 19:30:00+00:00,88.76000213623047,88.80999755859375,88.75499725341797,88.80899810791016,263212
2025-12-01 19:45:00+00:00,88.80500030517578,88.83000183105469,88.7750015258789,88.80999755859375,566238
2025-12-01 20:00:00+00:00,88.80999755859375,88.81549835205078,88.78500366210938,88.80000305175781,261732
2025-12-01 20:15:00+00:00,88.80500030517578,88.83999633789062,88.79000091552734,88.82499694824219,611453
2025-12-01 20:30:00+00:00,88.82499694824219,88.83000183105469,88.7699966430664,88.77999877929688,865103
2025-12-01 20:45:00+00:00,88.7750015258789,88.77999877929688,88.75,88.7699966430664,2260813
2025-12-02 14:30:00+00:00,88.57499694824219,88.61000061035156,88.46009826660156,88.57499694824219,1406303
2025-12-02 14:45:00+00:00,88.56999969482422,88.62989807128906,88.51000213623047,88.5155029296875,716935
2025-12-02 15:00:00+00:00,88.51499938964844,88.55000305175781,88.45999908447266,88.5,1132503
2025-12-02 15:15:00+00:00,88.50499725341797,88.58999633789062,88.48179626464844,88.57499694824219,737913
2025-12-02 15:30:00+00:00,88.57499694824219,88.69499969482422,88.55999755859375,88.6500015258789,909403
2025-12-02 15:45:00+00:00,88.6449966430664,88.66000366210938,88.5999984741211,88.62000274658203,405463
2025-12-02 16:00:00+00:00,88.62000274658203,88.66999816894531,88.55999755859375,88.65650177001953,478448
2025-12-02 16:15:00+00:00,88.66000366210938,88.76000213623047,88.6500015258789,88.7334976196289,586249
2025-12-02 16:30:00+00:00,88.73999786376953,88.79000091552734,88.72010040283203,88.77010345458984,358550
2025-12-02 16:45:00+00:00,88.77999877929688,88.82499694824219,88.7300033569336,88.7750015258789,545008
2025-12-02 17:00:00+00:00,88.7750015258789,88.80000305175781,88.69000244140625,88.75499725341797,6991016
2025-12-02 17:15:00+00:00,88.75499725341797,88.81500244140625,88.72000122070312,88.80180358886719,373326
2025-12-02 17:30:00+00:00,88.80000305175781,88.86000061035156,88.79000091552734,88.8499984741211,775600
2025-12-02 17:45:00+00:00,88.8489990234375,88.87999725341797,88.81999969482422,88.8499984741211,411407
2025-12-02 18:00:00+00:00,88.8499984741211,88.8550033569336,88.80500030517578,88.80999755859375,400823
2025-12-02 18:15:00+00:00,88.80500030517578,88.83000183105469,88.77999877929688,88.78500366210938,443086
2025-12-02 18:30:00+00:00,88.78479766845703,88.84850311279297,88.77999877929688,88.81999969482422,385152
2025-12-02 18:45:00+00:00,88.81999969482422,88.86000061035156,88.81500244140625,88.84529876708984,153231
2025-12-02 19:00:00+00:00,88.84390258789062,88.9000015258789,88.84390258789062,88.87000274658203,195684
2025-12-02 19:15:00+00:00,88.875,88.93000030517578,88.86499786376953,88.91899871826172,366538
2025-12-02 19:30:00+00:00,88.91999816894531,88.93000030517578,88.9000015258789,88.91899871826172,117750
2025-12-02 19:45:00+00:00,88.91899871826172,88.95500183105469,88.875,88.87999725341797,386997
2025-12-02 20:00:00+00:00,88.87000274658203,88.9000015258789,88.86000061035156,88.8949966430664,429350
2025-12-02 20:15:00+00:00,88.9000015258789,88.9000015258789,88.86499786376953,88.87000274658203,233966
2025-12-02 20:30:00+00:00,88.87000274658203,88.87000274658203,88.80439758300781,88.84500122070312,749797
2025-12-02 20:45:00+00:00,88.84500122070312,88.87000274658203,88.80500030517578,88.81500244140625,936048
2025-12-03 14:30:00+00:00,88.91100311279297,89.04000091552734,88.87999725341797,89.02999877929688,1947373
2025-12-03 14:45:00+00:00,89.04000091552734,89.0999984741211,89.02999877929688,89.06500244140625,556527
2025-12-03 15:00:00+00:00,89.05999755859375,89.14990234375,88.93499755859375,89.05000305175781,1131954
2025-12-03 15:15:00+00:00,89.04499816894531,89.07499694824219,88.90499877929688,88.9198989868164,463608
2025-12-03 15:30:00+00:00,88.91500091552734,88.95500183105469,88.73999786376953,88.78500366210938,674240
2025-12-03 15:45:00+00:00,88.78500366210938,88.83499908447266,88.76000213623047,88.78500366210938,479370
2025-12-03 16:00:00+00:00,88.78970336914062,88.86499786376953,88.7750015258789,88.83999633789062,309742
2025-12-03 16:15:00+00:00,88.83499908447266,88.8499984741211,88.78500366210938,88.83999633789062,339437
2025-12-03 16:30:00+00:00,88.83499908447266,88.83999633789062,88.77999877929688,88.83499908447266,454197
2025-12-03 16:45:00+00:00,88.83999633789062,88.86000061035156,88.81500244140625,88.85009765625,251487
2025-12-03 17:00:00+00:00,88.8550033569336,88.93000030517578,88.8550033569336,88.92500305175781,365904
2025-12-03 17:15:00+00:00,88.92639923095703,88.9657974243164,88.91999816894531,88.94499969482422,237217
2025-12-03 17:30:00+00:00,88.94499969482422,88.9800033569336,88.94499969482422,88.95999908447266,152321
2025-12-03 17:45:00+00:00,88.96499633789062,89.04000091552734,88.96499633789062,89.01499938964844,208593
2025-12-03 18:00:00+00:00,89.0199966430664,89.03500366210938,89.0,89.00499725341797,301458
2025-12-03 18:15:00+00:00,89.0094985961914,89.02999877929688,88.97000122070312,88.9800033569336,6705913
2025-12-03 18:30:00+00:00,88.9800033569336,89.04000091552734,88.9749984741211,89.04000091552734,131240
2025-12-03 18:45:00+00:00,89.03500366210938,89.0999984741211,89.02999877929688,89.08999633789062,190598
2025-12-03 19:00:00+00:00,89.08999633789062,89.1449966430664,89.07450103759766,89.12999725341797,273427
2025-12-03 19:15:00+00:00,89.125,89.15499877929688,89.11000061035156,89.125,214733
2025-12-03 19:30:00+00:00,89.125,89.13500213623047,89.08999633789062,89.1050033569336,212006
2025-12-03 19:45:00+00:00,89.10600280761719,89.12999725341797,89.08499908447266,89.11000061035156,226023
2025-12-03 20:00:00+00:00,89.11000061035156,89.11000061035156,89.08000183105469,89.10379791259766,236800
2025-12-03 20:15:00+00:00,89.1050033569336,89.11000061035156,89.08000183105469,89.08999633789062,299665
2025-12-03 20:30:00+00:00,89.08499908447266,89.08499908447266,89.05999755859375,89.06999969482422,309631
2025-12-03 20:45:00+00:00,89.07499694824219,89.08000183105469,89.01000213623047,89.05000305175781,1347230
2025-12-04 14:30:00+00:00,88.91999816894531,88.93000030517578,88.80000305175781,88.80500030517578,1188673
2025-12-04 14:45:00+00:00,88.80500030517578,88.83499908447266,88.7427978515625,88.81500244140625,599747
2025-12-04 15:00:00+00:00,88.81400299072266,88.84500122070312,88.67990112304688,88.68250274658203,403943
2025-12-04 15:15:00+00:00,88.69010162353516,88.74500274658203,88.68000030517578,88.73999786376953,458857
2025-12-04 15:30:00+00:00,88.7300033569336,88.75499725341797,88.68000030517578,88.72000122070312,340594
2025-12-04 15:45:00+00:00,88.70999908447266,88.71990203857422,88.61000061035156,88.63999938964844,392921
2025-12-04 16:00:00+00:00,88.6449966430664,88.6500015258789,88.58999633789062,88.64510345458984,479520
2025-12-04 16:15:00+00:00,88.6449966430664,88.68499755859375,88.61499786376953,88.6281967163086,396374
2025-12-04 16:30:00+00:00,88.62000274658203,88.63999938964844,88.56999969482422,88.61499786376953,505788
2025-12-04 16:45:00+00:00,88.61499786376953,88.69000244140625,88.58999633789062,88.68499755859375,606619
2025-12-04 17:00:00+00:00,88.68000030517578,88.72000122070312,88.62999725341797,88.63400268554688,435613
2025-12-04 17:15:00+00:00,88.63500213623047,88.68499755859375,88.618896484375,88.67009735107422,300579
2025-12-04 17:30:00+00:00,88.67500305175781,88.68499755859375,88.63259887695312,88.63999938964844,223578
2025-12-04 17:45:00+00:00,88.63999938964844,88.69000244140625,88.62999725341797,88.68000030517578,274135
2025-12-04 18:00:00+00:00,88.68000030517578,88.68070220947266,88.63999938964844,88.6449966430664,497943
2025-12-04 18:15:00+00:00,88.64250183105469,88.69000244140625,88.62999725341797,88.65499877929688,576412
2025-12-04 18:30:00+00:00,88.6520004272461,88.66000366210938,88.62000274658203,88.65499877929688,320412
2025-12-04 18:45:00+00:00,88.65499877929688,88.66000366210938,88.58000183105469,88.63999938964844,399792
2025-12-04 19:00:00+00:00,88.63999938964844,88.6500015258789,88.58499908447266,88.58999633789062,344425
2025-12-04 19:15:00+00:00,88.5999984741211,88.5999984741211,88.50360107421875,88.5250015258789,480391
2025-12-04 19:30:00+00:00,88.5250015258789,88.56999969482422,88.51010131835938,88.556396484375,593250
2025-12-04 19:45:00+00:00,88.55500030517578,88.55999755859375,88.50499725341797,88.53500366210938,273527
2025-12-04 20:00:00+00:00,88.54000091552734,88.54000091552734,88.4800033569336,88.5198974609375,294063
2025-12-04 20:15:00+00:00,88.5199966430664,88.54620361328125,88.51000213623047,88.54000091552734,253751
2025-12-04 20:30:00+00:00,88.53500366210938,88.55000305175781,88.51000213623047,88.54000091552734,400209
2025-12-04 20:45:00+00:00,88.54389953613281,88.61000061035156,88.54000091552734,88.5999984741211,1604778
2025-12-05 14:30:00+00:00,88.55000305175781,88.55000305175781,88.43499755859375,88.4854965209961,1752157
2025-12-05 14:45:00+00:00,88.48500061035156,88.51000213623047,88.44000244140625,88.49500274658203,577172
2025-12-05 15:00:00+00:00,88.48300170898438,88.5156021118164,88.33000183105469,88.4000015258789,1151135
2025-12-05 15:15:00+00:00,88.40499877929688,88.47440338134766,88.37999725341797,88.41549682617188,716294
2025-12-05 15:30:00+00:00,88.41999816894531,88.42649841308594,88.30999755859375,88.33000183105469,948900
2025-12-05 15:45:00+00:00,88.32820129394531,88.33499908447266,88.16999816894531,88.21990203857422,1130649
2025-12-05 16:00:00+00:00,88.22000122070312,88.2300033569336,88.1500015258789,88.15850067138672,611445
2025-12-05 16:15:00+00:00,88.15499877929688,88.16000366210938,88.05999755859375,88.09100341796875,1112909
2025-12-05 16:30:00+00:00,88.08999633789062,88.13990020751953,88.08000183105469,88.11900329589844,633943
2025-12-05 16:45:00+00:00,88.12000274658203,88.19999694824219,88.12000274658203,88.19999694824219,1049201
2025-12-05 17:00:00+00:00,88.19499969482422,88.26000213623047,88.16999816894531,88.23500061035156,352261
2025-12-05 17:15:00+00:00,88.23500061035156,88.23999786376953,88.16999816894531,88.17500305175781,579798
2025-12-05 17:30:00+00:00,88.17500305175781,88.18499755859375,88.08999633789062,88.0999984741211,398333
2025-12-05 17:45:00+00:00,88.0999984741211,88.10990142822266,88.04499816894531,88.08989715576172,535580
2025-12-05 18:00:00+00:00,88.08499908447266,88.11000061035156,88.07330322265625,88.0999984741211,9314492
2025-12-05 18:15:00+00:00,88.1050033569336,88.12570190429688,88.08000183105469,88.11990356445312,433351
2025-12-05 18:30:00+00:00,88.11499786376953,88.1500015258789,88.11000061035156,88.12010192871094,340646
2025-12-05 18:45:00+00:00,88.12000274658203,88.12000274658203,88.08000183105469,88.09500122070312,352644
2025-12-05 19:00:00+00:00,88.09500122070312,88.1449966430664,88.09449768066406,88.13739776611328,212882
2025-12-05 19:15:00+00:00,88.1344985961914,88.13999938964844,88.11000061035156,88.1344985961914,232442
2025-12-05 19:30:00+00:00,88.13500213623047,88.22550201416016,88.12000274658203,88.2249984741211,375485
2025-12-05 19:45:00+00:00,88.22000122070312,88.2249984741211,88.1449966430664,88.16999816894531,394680
2025-12-05 20:00:00+00:00,88.16999816894531,88.16999816894531,88.11499786376953,88.1449966430664,272525
2025-12-05 20:15:00+00:00,88.1500015258789,88.18000030517578,88.1218032836914,88.16500091552734,482525
2025-12-05 20:30:00+00:00,88.16500091552734,88.18000030517578,88.1500015258789,88.18000030517578,666350
2025-12-05 20:45:00+00:00,88.18000030517578,88.19499969482422,88.1500015258789,88.16000366210938,1636745
2025-12-08 14:30:00+00:00,88.189697265625,88.19000244140625,88.0199966430664,88.03500366210938,1086440
2025-12-08 14:45:00+00:00,88.03009796142578,88.03009796142578,87.80999755859375,87.8550033569336,1466189
2025-12-08 15:00:00+00:00,87.8499984741211,87.86000061035156,87.7249984741211,87.7249984741211,904077
2025-12-08 15:15:00+00:00,87.7300033569336,87.74500274658203,87.61000061035156,87.69000244140625,1199067
2025-12-08 15:30:00+00:00,87.68409729003906,87.68499755859375,87.56999969482422,87.6050033569336,866752
2025-12-08 15:45:00+00:00,87.5999984741211,87.6500015258789,87.55999755859375,87.55999755859375,870217
2025-12-08 16:00:00+00:00,87.560302734375,87.69999694824219,87.560302734375,87.66419982910156,727029
2025-12-08 16:15:00+00:00,87.66500091552734,87.74500274658203,87.65290069580078,87.68000030517578,352172
2025-12-08 16:30:00+00:00,87.68000030517578,87.75499725341797,87.66999816894531,87.7300033569336,443809
2025-12-08 16:45:00+00:00,87.72840118408203,87.7699966430664,87.70999908447266,87.73500061035156,307344
2025-12-08 17:00:00+00:00,87.73500061035156,87.75990295410156,87.72000122070312,87.73989868164062,227343
2025-12-08 17:15:00+00:00,87.73999786376953,87.77989959716797,87.73999786376953,87.75,345316
2025-12-08 17:30:00+00:00,87.76000213623047,87.7699966430664,87.6500015258789,87.68499755859375,391268
2025-12-08 17:45:00+00:00,87.68499755859375,87.69989776611328,87.65499877929688,87.66649627685547,320742
2025-12-08 18:00:00+00:00,87.66500091552734,87.73989868164062,87.66410064697266,87.73899841308594,407241
2025-12-08 18:15:00+00:00,87.73500061035156,87.77649688720703,87.73500061035156,87.76499938964844,218040
2025-12-08 18:30:00+00:00,87.76499938964844,87.86000061035156,87.76010131835938,87.85600280761719,316618
2025-12-08 18:45:00+00:00,87.85350036621094,87.87989807128906,87.82019805908203,87.8550033569336,248033
2025-12-08 19:00:00+00:00,87.8550033569336,87.86499786376953,87.81500244140625,87.84500122070312,245386
2025-12-08 19:15:00+00:00,87.84500122070312,87.93000030517578,87.83000183105469,87.91999816894531,518248
2025-12-08 19:30:00+00:00,87.91899871826172,87.93000030517578,87.85009765625,87.8550033569336,416833
2025-12-08 19:45:00+00:00,87.8550033569336,87.88990020751953,87.81999969482422,87.8290023803711,10464592
2025-12-08 20:00:00+00:00,87.82839965820312,87.856201171875,87.79499816894531,87.80500030517578,10494413
2025-12-08 20:15:00+00:00,87.80999755859375,87.87999725341797,87.80000305175781,87.87999725341797,211455
2025-12-08 20:30:00+00:00,87.87999725341797,87.91000366210938,87.87000274658203,87.9000015258789,588472
2025-12-08 20:45:00+00:00,87.90499877929688,87.93000030517578,87.87999725341797,87.87999725341797,1969703
2025-12-09 14:30:00+00:00,87.87999725341797,88.34220123291016,87.87999725341797,88.29000091552734,1577337
2025-12-09 14:45:00+00:00,88.29000091552734,88.29029846191406,88.20999908447266,88.2249984741211,770184
2025-12-09 15:00:00+00:00,88.2300033569336,88.23500061035156,87.83999633789062,88.0199966430664,2336022
2025-12-09 15:15:00+00:00,88.0199966430664,88.0999984741211,88.0,88.05000305175781,463556
2025-12-09 15:30:00+00:00,88.05000305175781,88.09500122070312,87.92500305175781,87.97550201416016,477485
2025-12-09 15:45:00+00:00,87.97550201416016,87.99549865722656,87.9000015258789,87.93099975585938,343229
2025-12-09 16:00:00+00:00,87.93099975585938,88.04000091552734,87.93099975585938,88.0,563050
2025-12-09 16:15:00+00:00,88.00499725341797,88.03500366210938,87.98999786376953,88.01000213623047,287558
2025-12-09 16:30:00+00:00,88.01000213623047,88.05000305175781,87.99340057373047,88.03500366210938,262938
2025-12-09 16:45:00+00:00,88.03500366210938,88.16999816894531,88.02310180664062,88.0927963256836,419553
2025-12-09 17:00:00+00:00,88.0927963256836,88.12010192871094,88.08999633789062,88.0999984741211,215830
2025-12-09 17:15:00+00:00,88.08999633789062,88.0999984741211,88.03379821777344,88.04499816894531,191775
2025-12-09 17:30:00+00:00,88.04499816894531,88.05650329589844,88.0199966430664,88.04000091552734,137694
2025-12-09 17:45:00+00:00,88.04000091552734,88.07990264892578,88.03009796142578,88.04609680175781,262144
2025-12-09 18:00:00+00:00,88.04609680175781,88.11499786376953,88.0,88.06580352783203,287820
2025-12-09 18:15:00+00:00,88.06500244140625,88.07990264892578,88.00499725341797,88.01499938964844,347497
2025-12-09 18:30:00+00:00,88.01499938964844,88.0250015258789,87.91999816894531,87.94499969482422,8950793
2025-12-09 18:45:00+00:00,87.94000244140625,87.95610046386719,87.85099792480469,87.9000015258789,655459
2025-12-09 19:00:00+00:00,87.9000015258789,87.91000366210938,87.87999725341797,87.9000015258789,340358
2025-12-09 19:15:00+00:00,87.90499877929688,87.94000244140625,87.9000015258789,87.94000244140625,423898
2025-12-09 19:30:00+00:00,87.94000244140625,87.97599792480469,87.94000244140625,87.96499633789062,287001
2025-12-09 19:45:00+00:00,87.95999908447266,87.95999908447266,87.92440032958984,87.93000030517578,372364
2025-12-09 20:00:00+00:00,87.93000030517578,87.95700073242188,87.91999816894531,87.95159912109375,344336
2025-12-09 20:15:00+00:00,87.95500183105469,87.98999786376953,87.94999694824219,87.98580169677734,177757
2025-12-09 20:30:00+00:00,87.98580169677734,87.98999786376953,87.94000244140625,87.94499969482422,287806
2025-12-09 20:45:00+00:00,87.94499969482422,87.98500061035156,87.87999725341797,87.95500183105469,889350
2025-12-10 14:30:00+00:00,87.99369812011719,88.07499694824219,87.98999786376953,88.0199966430664,857758
2025-12-10 14:45:00+00:00,88.02549743652344,88.20500183105469,88.0199966430664,88.13999938964844,716055
2025-12-10 15:00:00+00:00,88.1449966430664,88.31500244140625,88.1449966430664,88.26499938964844,1051422
2025-12-10 15:15:00+00:00,88.26499938964844,88.27999877929688,88.22000122070312,88.26499938964844,344680
2025-12-10 15:30:00+00:00,88.2698974609375,88.30999755859375,88.25,88.2699966430664,532781
2025-12-10 15:45:00+00:00,88.2699966430664,88.29620361328125,88.2300033569336,88.29499816894531,275981
2025-12-10 16:00:00+00:00,88.29499816894531,88.33999633789062,88.2699966430664,88.29499816894531,500732
2025-12-10 16:15:00+00:00,88.29000091552734,88.33999633789062,88.26419830322266,88.32499694824219,343742
2025-12-10 16:30:00+00:00,88.33000183105469,88.3499984741211,88.30000305175781,88.30549621582031,144473
2025-12-10 16:45:00+00:00,88.30500030517578,88.41500091552734,88.29419708251953,88.41000366210938,598965
2025-12-10 17:00:00+00:00,88.41999816894531,88.41999816894531,88.3550033569336,88.375,362125
2025-12-10 17:15:00+00:00,88.375,88.41000366210938,88.36000061035156,88.38500213623047,244074
2025-12-10 17:30:00+00:00,88.38999938964844,88.38999938964844,88.33499908447266,88.34500122070312,375316
2025-12-10 17:45:00+00:00,88.34500122070312,88.36499786376953,88.31999969482422,88.3550033569336,344255
2025-12-10 18:00:00+00:00,88.3550033569336,88.36499786376953,88.33000183105469,88.3550033569336,204579
2025-12-10 18:15:00+00:00,88.3550033569336,88.37999725341797,88.34500122070312,88.37999725341797,98041
2025-12-10 18:30:00+00:00,88.37999725341797,88.38999938964844,88.22149658203125,88.29499816894531,617417
2025-12-10 18:45:00+00:00,88.29499816894531,88.33000183105469,88.27999877929688,88.30999755859375,10337223
2025-12-10 19:00:00+00:00,88.31999969482422,88.5199966430664,88.02999877929688,88.06500244140625,1018354
2025-12-10 19:15:00+00:00,88.06500244140625,88.16999816894531,87.95500183105469,87.98500061035156,932710
2025-12-10 19:30:00+00:00,87.98999786376953,88.3030014038086,87.8550033569336,87.90170288085938,1974775
2025-12-10 19:45:00+00:00,87.91000366210938,88.20999908447266,87.9000015258789,88.13610076904297,843652
2025-12-10 20:00:00+00:00,88.12999725341797,88.36000061035156,88.05000305175781,88.34459686279297,784374
2025-12-10 20:15:00+00:00,88.34500122070312,88.375,88.23500061035156,88.31999969482422,772050
2025-12-10 20:30:00+00:00,88.31999969482422,88.32499694824219,88.25,88.30000305175781,971423
2025-12-10 20:45:00+00:00,88.29499816894531,88.30999755859375,88.25,88.27999877929688,22173612
2025-12-11 14:30:00+00:00,88.69000244140625,88.8292007446289,88.69000244140625,88.75,1418091
2025-12-11 14:45:00+00:00,88.75499725341797,88.80000305175781,88.72000122070312,88.75,820369
2025-12-11 15:00:00+00:00,88.75,88.75499725341797,88.59500122070312,88.63999938964844,653235
2025-12-11 15:15:00+00:00,88.63999938964844,88.66999816894531,88.59500122070312,88.66000366210938,410970
2025-12-11 15:30:00+00:00,88.65499877929688,88.69000244140625,88.59500122070312,88.61000061035156,401465
2025-12-11 15:45:00+00:00,88.61009979248047,88.66000366210938,88.48500061035156,88.48500061035156,351372
2025-12-11 16:00:00+00:00,88.48999786376953,88.56990051269531,88.4749984741211,88.52999877929688,318746
2025-12-11 16:15:00+00:00,88.53450012207031,88.5354995727539,88.47000122070312,88.49500274658203,278310
2025-12-11 16:30:00+00:00,88.49649810791016,88.55500030517578,88.48999786376953,88.51499938964844,241674
2025-12-11 16:45:00+00:00,88.51499938964844,88.58000183105469,88.5,88.56500244140625,257958
2025-12-11 17:00:00+00:00,88.56809997558594,88.63999938964844,88.54000091552734,88.5999984741211,272960
2025-12-11 17:15:00+00:00,88.6050033569336,88.625,88.57499694824219,88.58390045166016,218251
2025-12-11 17:30:00+00:00,88.58260345458984,88.58260345458984,88.41999816894531,88.41999816894531,284905
2025-12-11 17:45:00+00:00,88.41999816894531,88.47560119628906,88.40499877929688,88.46499633789062,471323
2025-12-11 18:00:00+00:00,88.46019744873047,88.4800033569336,88.38999938964844,88.4800033569336,469325
2025-12-11 18:15:00+00:00,88.4749984741211,88.48999786376953,88.41500091552734,88.4573974609375,261320
2025-12-11 18:30:00+00:00,88.45500183105469,88.5,88.45379638671875,88.46990203857422,294991
2025-12-11 18:45:00+00:00,88.46499633789062,88.46990203857422,88.4000015258789,88.4000015258789,179717
2025-12-11 19:00:00+00:00,88.4000015258789,88.4000015258789,88.18499755859375,88.20999908447266,823432
2025-12-11 19:15:00+00:00,88.20500183105469,88.26000213623047,88.18450164794922,88.2249984741211,574536
2025-12-11 19:30:00+00:00,88.22450256347656,88.23999786376953,88.20500183105469,88.2249984741211,895274
2025-12-11 19:45:00+00:00,88.22440338134766,88.30000305175781,88.22000122070312,88.25,750622
2025-12-11 20:00:00+00:00,88.24919891357422,88.2499008178711,88.19000244140625,88.19000244140625,389969
2025-12-11 20:15:00+00:00,88.19499969482422,88.25,88.16000366210938,88.2300033569336,323582
2025-12-11 20:30:00+00:00,88.23249816894531,88.26000213623047,88.21499633789062,88.24500274658203,436011
2025-12-11 20:45:00+00:00,88.24500274658203,88.26000213623047,88.16000366210938,88.19499969482422,1394224
2025-12-12 14:30:00+00:00,87.36000061035156,87.46499633789062,87.36000061035156,87.40489959716797,2976758
2025-12-12 14:45:00+00:00,87.41500091552734,87.46499633789062,87.38500213623047,87.44499969482422,724348
2025-12-12 15:00:00+00:00,87.44879913330078,87.48590087890625,87.3499984741211,87.37460327148438,692811
2025-12-12 15:15:00+00:00,87.37000274658203,87.43499755859375,87.3499984741211,87.42500305175781,673274
2025-12-12 15:30:00+00:00,87.43000030517578,87.48999786376953,87.37000274658203,87.37000274658203,761485
2025-12-12 15:45:00+00:00,87.36499786376953,87.4469985961914,87.33309936523438,87.42500305175781,888887
2025-12-12 16:00:00+00:00,87.41999816894531,87.42990112304688,87.30000305175781,87.3550033569336,1009958
2025-12-12 16:15:00+00:00,87.36000061035156,87.37999725341797,87.28009796142578,87.30500030517578,674884
2025-12-12 16:30:00+00:00,87.30500030517578,87.31500244140625,87.19000244140625,87.28500366210938,769994
2025-12-12 16:45:00+00:00,87.28739929199219,87.3499984741211,87.28500366210938,87.30989837646484,619114
2025-12-12 17:00:00+00:00,87.30500030517578,87.3550033569336,87.26499938964844,87.3550033569336,449561
2025-12-12 17:15:00+00:00,87.3550033569336,87.43000030517578,87.33999633789062,87.41510009765625,538814
2025-12-12 17:30:00+00:00,87.41000366210938,87.42500305175781,87.33000183105469,87.34500122070312,398174
2025-12-12 17:45:00+00:00,87.34500122070312,87.3499984741211,87.31500244140625,87.33499908447266,225961
2025-12-12 18:00:00+00:00,87.33499908447266,87.33570098876953,87.29000091552734,87.31500244140625,489778
2025-12-12 18:15:00+00:00,87.31500244140625,87.36000061035156,87.30000305175781,87.33260345458984,463288
2025-12-12 18:30:00+00:00,87.33550262451172,87.33999633789062,87.30000305175781,87.32499694824219,12264106
2025-12-12 18:45:00+00:00,87.32499694824219,87.36000061035156,87.30000305175781,87.3550033569336,306452
2025-12-12 19:00:00+00:00,87.3499984741211,87.3499984741211,87.2699966430664,87.2750015258789,1723244
2025-12-12 19:15:00+00:00,87.2750015258789,87.30000305175781,87.2750015258789,87.28500366210938,220346
2025-12-12 19:30:00+00:00,87.28500366210938,87.31999969482422,87.27999877929688,87.31449890136719,448051
2025-12-12 19:45:00+00:00,87.31929779052734,87.32990264892578,87.29019927978516,87.30999755859375,455051
2025-12-12 20:00:00+00:00,87.30999755859375,87.33000183105469,87.2938003540039,87.29499816894531,422495
2025-12-12 20:15:00+00:00,87.29429626464844,87.33000183105469,87.29010009765625,87.30989837646484,325268
2025-12-12 20:30:00+00:00,87.30500030517578,87.33499908447266,87.29010009765625,87.30010223388672,479041
2025-12-12 20:45:00+00:00,87.30259704589844,87.37999725341797,87.27999877929688,87.3499984741211,3659226
2025-12-15 14:30:00+00:00,87.71499633789062,87.83000183105469,87.70999908447266,87.80999755859375,1510794
2025-12-15 14:45:00+00:00,87.80390167236328,87.82679748535156,87.75420379638672,87.80500030517578,839934
2025-12-15 15:00:00+00:00,87.80500030517578,87.87999725341797,87.75499725341797,87.7750015258789,584377
2025-12-15 15:15:00+00:00,87.7750015258789,87.81999969482422,87.72380065917969,87.78990173339844,687975
2025-12-15 15:30:00+00:00,87.79000091552734,87.79499816894531,87.7344970703125,87.7499008178711,509431
2025-12-15 15:45:00+00:00,87.73999786376953,87.79000091552734,87.70999908447266,87.7249984741211,513657
2025-12-15 16:00:00+00:00,87.7249984741211,87.75499725341797,87.68000030517578,87.73500061035156,946395
2025-12-15 16:15:00+00:00,87.73500061035156,87.73500061035156,87.6500015258789,87.66000366210938,361256
2025-12-15 16:30:00+00:00,87.654296875,87.66500091552734,87.52999877929688,87.55500030517578,650254
2025-12-15 16:45:00+00:00,87.55000305175781,87.55999755859375,87.5199966430664,87.54499816894531,549625
2025-12-15 17:00:00+00:00,87.52999877929688,87.52999877929688,87.45999908447266,87.47989654541016,307113
2025-12-15 17:15:00+00:00,87.4749984741211,87.48719787597656,87.4542007446289,87.45500183105469,189890
2025-12-15 17:30:00+00:00,87.45500183105469,87.50499725341797,87.45500183105469,87.48999786376953,215193
2025-12-15 17:45:00+00:00,87.4801025390625,87.55500030517578,87.4801025390625,87.5250015258789,262093
2025-12-15 18:00:00+00:00,87.52639770507812,87.52639770507812,87.47010040283203,87.4800033569336,143929
2025-12-15 18:15:00+00:00,87.4800033569336,87.4800033569336,87.42449951171875,87.43009948730469,258118
2025-12-15 18:30:00+00:00,87.43150329589844,87.48989868164062,87.4000015258789,87.48989868164062,388818
2025-12-15 18:45:00+00:00,87.4800033569336,87.4800033569336,87.41010284423828,87.43499755859375,181388
2025-12-15 19:00:00+00:00,87.43070220947266,87.44499969482422,87.41000366210938,87.41000366210938,187980
2025-12-15 19:15:00+00:00,87.4198989868164,87.42500305175781,87.4000015258789,87.404296875,210848
2025-12-15 19:30:00+00:00,87.40989685058594,87.4198989868164,87.4000015258789,87.40499877929688,214729
2025-12-15 19:45:00+00:00,87.40499877929688,87.43569946289062,87.4000015258789,87.41999816894531,384348
2025-12-15 20:00:00+00:00,87.41999816894531,87.44989776611328,87.41000366210938,87.44750213623047,233508
2025-12-15 20:15:00+00:00,87.44499969482422,87.51000213623047,87.44000244140625,87.47000122070312,309535
2025-12-15 20:30:00+00:00,87.46990203857422,87.4749984741211,87.38999938964844,87.4000015258789,807934
2025-12-15 20:45:00+00:00,87.40499877929688,87.44000244140625,87.4000015258789,87.41000366210938,1979996
2025-12-16 14:30:00+00:00,87.18499755859375,87.43000030517578,87.16999816894531,87.41500091552734,2175824
2025-12-16 14:45:00+00:00,87.41500091552734,87.5199966430664,87.35320281982422,87.51499938964844,1012965
2025-12-16 15:00:00+00:00,87.51000213623047,87.6500015258789,87.50499725341797,87.56279754638672,1249476
2025-12-16 15:15:00+00:00,87.56500244140625,87.76499938964844,87.56500244140625,87.7300033569336,1062631
2025-12-16 15:30:00+00:00,87.71330261230469,87.7249984741211,87.55500030517578,87.56999969482422,708066
2025-12-16 15:45:00+00:00,87.57330322265625,87.62000274658203,87.48500061035156,87.49369812011719,430463
2025-12-16 16:00:00+00:00,87.5,87.62999725341797,87.44000244140625,87.625,490523
2025-12-16 16:15:00+00:00,87.62999725341797,87.68560028076172,87.59500122070312,87.66500091552734,655298
2025-12-16 16:30:00+00:00,87.66500091552734,87.81999969482422,87.625,87.7699966430664,800517
2025-12-16 16:45:00+00:00,87.7699966430664,87.779296875,87.69000244140625,87.70330047607422,566284
2025-12-16 17:00:00+00:00,87.7040023803711,87.73729705810547,87.63980102539062,87.70999908447266,411308
2025-12-16 17:15:00+00:00,87.70500183105469,87.80999755859375,87.69499969482422,87.77999877929688,270768
2025-12-16 17:30:00+00:00,87.7750015258789,87.83999633789062,87.75260162353516,87.76000213623047,324350
2025-12-16 17:45:00+00:00,87.7677993774414,87.77549743652344,87.69999694824219,87.71499633789062,301370
2025-12-16 18:00:00+00:00,87.72000122070312,87.73500061035156,87.66000366210938,87.66500091552734,294250
2025-12-16 18:15:00+00:00,87.66500091552734,87.7300033569336,87.66500091552734,87.71990203857422,533095
2025-12-16 18:30:00+00:00,87.71499633789062,87.71499633789062,87.6500015258789,87.69499969482422,299566
2025-12-16 18:45:00+00:00,87.69010162353516,87.71649932861328,87.69000244140625,87.69100189208984,202621
2025-12-16 19:00:00+00:00,87.69499969482422,87.7249984741211,87.68499755859375,87.7249984741211,279043
2025-12-16 19:15:00+00:00,87.7249984741211,87.79640197753906,87.67500305175781,87.78450012207031,454354
2025-12-16 19:30:00+00:00,87.79000091552734,87.83999633789062,87.7500991821289,87.78009796142578,432565
2025-12-16 19:45:00+00:00,87.78009796142578,87.87000274658203,87.77999877929688,87.83499908447266,366420
2025-12-16 20:00:00+00:00,87.83000183105469,87.88999938964844,87.83000183105469,87.88999938964844,382937
2025-12-16 20:15:00+00:00,87.88500213623047,87.91999816894531,87.87000274658203,87.89009857177734,663101
2025-12-16 20:30:00+00:00,87.8949966430664,87.9000015258789,87.86000061035156,87.86000061035156,445829
2025-12-16 20:45:00+00:00,87.86000061035156,87.91999816894531,87.86000061035156,87.90499877929688,2347177
2025-12-17 14:30:00+00:00,87.63999938964844,87.7699966430664,87.5801010131836,87.7249984741211,851270
2025-12-17 14:45:00+00:00,87.72000122070312,87.79000091552734,87.68000030517578,87.76000213623047,389251
2025-12-17 15:00:00+00:00,87.76000213623047,87.79000091552734,87.7249984741211,87.78179931640625,389914
2025-12-17 15:15:00+00:00,87.78500366210938,87.84559631347656,87.75,87.84559631347656,380851
2025-12-17 15:30:00+00:00,87.8499984741211,87.98560333251953,87.81999969482422,87.94000244140625,979163
2025-12-17 15:45:00+00:00,87.93499755859375,87.96739959716797,87.90499877929688,87.95110321044922,593957
2025-12-17 16:00:00+00:00,87.95500183105469,87.95500183105469,87.76000213623047,87.80000305175781,605306
2025-12-17 16:15:00+00:00,87.80500030517578,87.81999969482422,87.66000366210938,87.70500183105469,450221
2025-12-17 16:30:00+00:00,87.70500183105469,87.7699966430664,87.70500183105469,87.75,707829
2025-12-17 16:45:00+00:00,87.75,87.75499725341797,87.69999694824219,87.71499633789062,210983
2025-12-17 17:00:00+00:00,87.7157974243164,87.75499725341797,87.69999694824219,87.7302017211914,358338
2025-12-17 17:15:00+00:00,87.73999786376953,87.74500274658203,87.70500183105469,87.73999786376953,218138
2025-12-17 17:30:00+00:00,87.74500274658203,87.7750015258789,87.72000122070312,87.72969818115234,221726
2025-12-17 17:45:00+00:00,87.72000122070312,87.75,87.66840362548828,87.69499969482422,383129
2025-12-17 18:00:00+00:00,87.69499969482422,87.77619934082031,87.68000030517578,87.7593994140625,212612
2025-12-17 18:15:00+00:00,87.75499725341797,87.7750015258789,87.70500183105469,87.70999908447266,366581
2025-12-17 18:30:00+00:00,87.70999908447266,87.73619842529297,87.66999816894531,87.67990112304688,175096
2025-12-17 18:45:00+00:00,87.67330169677734,87.70989990234375,87.66500091552734,87.70610046386719,205736
2025-12-17 19:00:00+00:00,87.69000244140625,87.78500366210938,87.68000030517578,87.77999877929688,321915
2025-12-17 19:15:00+00:00,87.78500366210938,87.78589630126953,87.74839782714844,87.7750015258789,258716
2025-12-17 19:30:00+00:00,87.77999877929688,87.81999969482422,87.77349853515625,87.81690216064453,234223
2025-12-17 19:45:00+00:00,87.81999969482422,87.83499908447266,87.76499938964844,87.7699966430664,266402
2025-12-17 20:00:00+00:00,87.76899719238281,87.79000091552734,87.73999786376953,87.7426986694336,197712
2025-12-17 20:15:00+00:00,87.74500274658203,87.7699966430664,87.73999786376953,87.74500274658203,178075
2025-12-17 20:30:00+00:00,87.74500274658203,87.7699966430664,87.73999786376953,87.75,418750
2025-12-17 20:45:00+00:00,87.75,87.8499984741211,87.73999786376953,87.82499694824219,10269470
2025-12-18 14:30:00+00:00,88.12999725341797,88.23999786376953,88.0999984741211,88.16500091552734,2591800
2025-12-18 14:45:00+00:00,88.16259765625,88.22000122070312,88.1050033569336,88.13480377197266,831583
2025-12-18 15:00:00+00:00,88.13999938964844,88.20559692382812,88.06999969482422,88.17500305175781,867387
2025-12-18 15:15:00+00:00,88.16999816894531,88.23999786376953,88.16439819335938,88.20500183105469,766487
2025-12-18 15:30:00+00:00,88.19999694824219,88.26499938964844,88.18499755859375,88.26000213623047,601627
2025-12-18 15:45:00+00:00,88.26499938964844,88.36499786376953,88.23999786376953,88.31500244140625,1032702
2025-12-18 16:00:00+00:00,88.30999755859375,88.30999755859375,88.19400024414062,88.28170013427734,527844
2025-12-18 16:15:00+00:00,88.28500366210938,88.375,88.28500366210938,88.3499984741211,508069
2025-12-18 16:30:00+00:00,88.34500122070312,88.37999725341797,88.27010345458984,88.27999877929688,283830
2025-12-18 16:45:00+00:00,88.2699966430664,88.27980041503906,88.20010375976562,88.24359893798828,493751
2025-12-18 17:00:00+00:00,88.24500274658203,88.25559997558594,88.19499969482422,88.19499969482422,311899
2025-12-18 17:15:00+00:00,88.19499969482422,88.20500183105469,88.1050033569336,88.15499877929688,565757
2025-12-18 17:30:00+00:00,88.15499877929688,88.17559814453125,88.11000061035156,88.17500305175781,326441
2025-12-18 17:45:00+00:00,88.17500305175781,88.20500183105469,88.1449966430664,88.16190338134766,287424
2025-12-18 18:00:00+00:00,88.16000366210938,88.16500091552734,88.08499908447266,88.13619995117188,303484
2025-12-18 18:15:00+00:00,88.13500213623047,88.13500213623047,88.08999633789062,88.125,14232416
2025-12-18 18:30:00+00:00,88.125,88.18000030517578,88.11380004882812,88.16000366210938,276758
2025-12-18 18:45:00+00:00,88.16500091552734,88.19000244140625,88.125,88.18550109863281,15083106
2025-12-18 19:00:00+00:00,88.18499755859375,88.18499755859375,88.11000061035156,88.1449966430664,368709
2025-12-18 19:15:00+00:00,88.1449966430664,88.16999816894531,88.13999938964844,88.16500091552734,288080
2025-12-18 19:30:00+00:00,88.16500091552734,88.19499969482422,88.11009979248047,88.15380096435547,264793
2025-12-18 19:45:00+00:00,88.1500015258789,88.19999694824219,88.11000061035156,88.17500305175781,441317
2025-12-18 20:00:00+00:00,88.17500305175781,88.20999908447266,88.16000366210938,88.18499755859375,419293
2025-12-18 20:15:00+00:00,88.18499755859375,88.19999694824219,88.16999816894531,88.19560241699219,179002
2025-12-18 20:30:00+00:00,88.19619750976562,88.22000122070312,88.16000366210938,88.21499633789062,439019
2025-12-18 20:45:00+00:00,88.21499633789062,88.23500061035156,88.19000244140625,88.19999694824219,1950473
2025-12-19 14:30:00+00:00,87.6050033569336,87.61000061035156,87.48999786376953,87.49500274658203,1541859
2025-12-19 14:45:00+00:00,87.49500274658203,87.54499816894531,87.45880126953125,87.4749984741211,690988
2025-12-19 15:00:00+00:00,87.4749984741211,87.58000183105469,87.44000244140625,87.55999755859375,1021106
2025-12-19 15:15:00+00:00,87.55999755859375,87.61000061035156,87.54499816894531,87.6050033569336,644783
2025-12-19 15:30:00+00:00,87.5999984741211,87.68099975585938,87.5999984741211,87.67500305175781,548845
2025-12-19 15:45:00+00:00,87.68000030517578,87.73999786376953,87.68000030517578,87.71369934082031,472924
2025-12-19 16:00:00+00:00,87.71260070800781,87.76000213623047,87.69999694824219,87.71499633789062,402361
2025-12-19 16:15:00+00:00,87.71499633789062,87.7249984741211,87.62999725341797,87.66500091552734,621368
2025-12-19 16:30:00+00:00,87.66010284423828,87.66999816894531,87.56999969482422,87.61000061035156,482018
2025-12-19 16:45:00+00:00,87.60009765625,87.63500213623047,87.5625,87.57499694824219,399405
2025-12-19 17:00:00+00:00,87.57499694824219,87.57990264892578,87.44000244140625,87.48999786376953,513279
2025-12-19 17:15:00+00:00,87.49500274658203,87.5198974609375,87.46440124511719,87.50499725341797,577315
2025-12-19 17:30:00+00:00,87.50499725341797,87.55999755859375,87.49500274658203,87.55500030517578,265971
2025-12-19 17:45:00+00:00,87.55000305175781,87.56999969482422,87.50499725341797,87.5250015258789,275249
2025-12-19 18:00:00+00:00,87.5250015258789,87.54499816894531,87.5,87.53500366210938,331831
2025-12-19 18:15:00+00:00,87.53500366210938,87.55999755859375,87.51000213623047,87.5199966430664,543446
2025-12-19 18:30:00+00:00,87.51499938964844,87.52999877929688,87.5,87.5,337223
2025-12-19 18:45:00+00:00,87.50499725341797,87.51000213623047,87.41500091552734,87.42500305175781,637689
2025-12-19 19:00:00+00:00,87.42440032958984,87.44999694824219,87.41000366210938,87.43499755859375,373479
2025-12-19 19:15:00+00:00,87.43499755859375,87.48999786376953,87.43000030517578,87.48500061035156,369398
2025-12-19 19:30:00+00:00,87.48500061035156,87.51000213623047,87.47000122070312,87.4800033569336,301163
2025-12-19 19:45:00+00:00,87.4800033569336,87.5199966430664,87.4749984741211,87.48500061035156,362558
2025-12-19 20:00:00+00:00,87.48500061035156,87.5,87.47000122070312,87.48500061035156,503817
2025-12-19 20:15:00+00:00,87.48500061035156,87.48760223388672,87.45999908447266,87.4749984741211,309208
2025-12-19 20:30:00+00:00,87.47000122070312,87.4800033569336,87.44999694824219,87.45999908447266,435885
2025-12-19 20:45:00+00:00,87.45999908447266,87.4800033569336,87.41999816894531,87.4800033569336,2893623
2025-12-22 14:30:00+00:00,87.41000366210938,87.4573974609375,87.37999725341797,87.41999816894531,1450019
2025-12-22 14:45:00+00:00,87.41699981689453,87.41999816894531,87.30999755859375,87.31999969482422,598439
2025-12-22 15:00:00+00:00,87.31999969482422,87.3499984741211,87.29000091552734,87.31999969482422,535295
2025-12-22 15:15:00+00:00,87.32499694824219,87.3499984741211,87.30000305175781,87.30999755859375,426579
2025-12-22 15:30:00+00:00,87.30999755859375,87.34660339355469,87.30000305175781,87.33999633789062,365439
2025-12-22 15:45:00+00:00,87.33499908447266,87.36000061035156,87.30999755859375,87.32499694824219,486213
2025-12-22 16:00:00+00:00,87.32029724121094,87.375,87.29499816894531,87.375,269276
2025-12-22 16:15:00+00:00,87.375,87.45690155029297,87.37010192871094,87.3949966430664,649421
2025-12-22 16:30:00+00:00,87.39679718017578,87.41999816894531,87.38269805908203,87.4000015258789,376082
2025-12-22 16:45:00+00:00,87.39859771728516,87.44000244140625,87.37000274658203,87.40499877929688,378764
2025-12-22 17:00:00+00:00,87.41000366210938,87.43000030517578,87.37999725341797,87.40499877929688,233064
2025-12-22 17:15:00+00:00,87.40499877929688,87.41000366210938,87.37000274658203,87.375,322777
2025-12-22 17:30:00+00:00,87.375,87.38999938964844,87.3499984741211,87.3593978881836,209943
2025-12-22 17:45:00+00:00,87.3550033569336,87.36000061035156,87.30000305175781,87.3499984741211,345031
2025-12-22 18:00:00+00:00,87.34500122070312,87.34500122070312,87.30000305175781,87.31610107421875,275312
2025-12-22 18:15:00+00:00,87.31500244140625,87.3375015258789,87.29000091552734,87.29000091552734,250161
2025-12-22 18:30:00+00:00,87.29499816894531,87.33000183105469,87.28500366210938,87.32499694824219,308608
2025-12-22 18:45:00+00:00,87.32499694824219,87.33000183105469,87.29010009765625,87.30999755859375,158820
2025-12-22 19:00:00+00:00,87.30560302734375,87.33000183105469,87.2739028930664,87.2750015258789,185014
2025-12-22 19:15:00+00:00,87.2750015258789,87.30999755859375,87.25,87.30500030517578,573297
2025-12-22 19:30:00+00:00,87.30000305175781,87.33499908447266,87.29000091552734,87.29000091552734,1067215
2025-12-22 19:45:00+00:00,87.30000305175781,87.31539916992188,87.29000091552734,87.30000305175781,275533
2025-12-22 20:00:00+00:00,87.30000305175781,87.32499694824219,87.30000305175781,87.30509948730469,353268
2025-12-22 20:15:00+00:00,87.30989837646484,87.33000183105469,87.30000305175781,87.32499694824219,272241
2025-12-22 20:30:00+00:00,87.31999969482422,87.33999633789062,87.30999755859375,87.33499908447266,320776
2025-12-22 20:45:00+00:00,87.33499908447266,87.37999725341797,87.33000183105469,87.34500122070312,1294003
2025-12-23 14:30:00+00:00,87.06999969482422,87.08000183105469,87.02999877929688,87.04930114746094,2004557
2025-12-23 14:45:00+00:00,87.04000091552734,87.0969009399414,87.03500366210938,87.07499694824219,750091
2025-12-23 15:00:00+00:00,87.07649993896484,87.23999786376953,87.05000305175781,87.21499633789062,766105
2025-12-23 15:15:00+00:00,87.21499633789062,87.29000091552734,87.193603515625,87.27999877929688,730748
2025-12-23 15:30:00+00:00,87.28500366210938,87.33999633789062,87.25289916992188,87.33999633789062,491688
2025-12-23 15:45:00+00:00,87.33499908447266,87.38999938964844,87.33000183105469,87.34500122070312,1566162
2025-12-23 16:00:00+00:00,87.3499984741211,87.41000366210938,87.33999633789062,87.39029693603516,771053
2025-12-23 16:15:00+00:00,87.39299774169922,87.4800033569336,87.38999938964844,87.47599792480469,325096
2025-12-23 16:30:00+00:00,87.46499633789062,87.4999008178711,87.42500305175781,87.4749984741211,946899
2025-12-23 16:45:00+00:00,87.4749984741211,87.51000213623047,87.44000244140625,87.45500183105469,444198
2025-12-23 17:00:00+00:00,87.45500183105469,87.55999755859375,87.45449829101562,87.5250015258789,399156
2025-12-23 17:15:00+00:00,87.5250015258789,87.55000305175781,87.5199966430664,87.52999877929688,299770
2025-12-23 17:30:00+00:00,87.53009796142578,87.58000183105469,87.51000213623047,87.55500030517578,327733
2025-12-23 17:45:00+00:00,87.55500030517578,87.55719757080078,87.4800033569336,87.48819732666016,298235
2025-12-23 18:00:00+00:00,87.4894027709961,87.5199966430664,87.45500183105469,87.51000213623047,364399
2025-12-23 18:15:00+00:00,87.5,87.5199966430664,87.47000122070312,87.50640106201172,180485
2025-12-23 18:30:00+00:00,87.5,87.51000213623047,87.4800033569336,87.49500274658203,109794
2025-12-23 18:45:00+00:00,87.4917984008789,87.5,87.47000122070312,87.49500274658203,316360
2025-12-23 19:00:00+00:00,87.48999786376953,87.49559783935547,87.41999816894531,87.42669677734375,421934
2025-12-23 19:15:00+00:00,87.43000030517578,87.44499969482422,87.3949966430664,87.44000244140625,222440
2025-12-23 19:30:00+00:00,87.43499755859375,87.44599914550781,87.41000366210938,87.41500091552734,251302
2025-12-23 19:45:00+00:00,87.41500091552734,87.4749984741211,87.41000366210938,87.47129821777344,270570
2025-12-23 20:00:00+00:00,87.4749984741211,87.48999786376953,87.46499633789062,87.48500061035156,227541
2025-12-23 20:15:00+00:00,87.48500061035156,87.51000213623047,87.4749984741211,87.49500274658203,294493
2025-12-23 20:30:00+00:00,87.49649810791016,87.5457992553711,87.4800033569336,87.53500366210938,575921
2025-12-23 20:45:00+00:00,87.53500366210938,87.54989624023438,87.47000122070312,87.50499725341797,12549195
2025-12-24 14:30:00+00:00,87.7699966430664,87.79000091552734,87.69000244140625,87.69349670410156,1020316
2025-12-24 14:45:00+00:00,87.69850158691406,87.73989868164062,87.66999816894531,87.68499755859375,934547
2025-12-24 15:00:00+00:00,87.69000244140625,87.7249984741211,87.6500015258789,87.7249984741211,615851
2025-12-24 15:15:00+00:00,87.72010040283203,87.7699966430664,87.70500183105469,87.73500061035156,617741
2025-12-24 15:30:00+00:00,87.73619842529297,87.79000091552734,87.7301025390625,87.79000091552734,717796
2025-12-24 15:45:00+00:00,87.78500366210938,87.80000305175781,87.73999786376953,87.7655029296875,860019
2025-12-24 16:00:00+00:00,87.76499938964844,87.83000183105469,87.75499725341797,87.80999755859375,1001462
2025-12-24 16:15:00+00:00,87.80500030517578,87.84500122070312,87.80500030517578,87.81939697265625,724924
2025-12-24 16:30:00+00:00,87.81220245361328,88.05500030517578,87.81220245361328,88.00900268554688,1162061
2025-12-24 16:45:00+00:00,88.00499725341797,88.02999877929688,87.94499969482422,88.0,845016
2025-12-24 17:00:00+00:00,88.00499725341797,88.04669952392578,87.95500183105469,87.96499633789062,798767
2025-12-24 17:15:00+00:00,87.95999908447266,88.0062026977539,87.94010162353516,87.98999786376953,772392
2025-12-24 17:30:00+00:00,87.98999786376953,87.99500274658203,87.97000122070312,87.9749984741211,735561
2025-12-24 17:45:00+00:00,87.9800033569336,88.08000183105469,87.97000122070312,88.0199966430664,2090614
2025-12-26 14:30:00+00:00,88.09500122070312,88.1698989868164,88.07499694824219,88.12000274658203,1619049
2025-12-26 14:45:00+00:00,88.12999725341797,88.13999938964844,88.04000091552734,88.0875015258789,409428
2025-12-26 15:00:00+00:00,88.08000183105469,88.11000061035156,88.08000183105469,88.08300018310547,304694
2025-12-26 15:15:00+00:00,88.08899688720703,88.08999633789062,87.97000122070312,87.99500274658203,456647
2025-12-26 15:30:00+00:00,88.0,88.0250015258789,87.9749984741211,87.99500274658203,438725
2025-12-26 15:45:00+00:00,88.0,88.06990051269531,87.97059631347656,88.02999877929688,408697
2025-12-26 16:00:00+00:00,88.0250015258789,88.02999877929688,87.83499908447266,87.86060333251953,621019
2025-12-26 16:15:00+00:00,87.86499786376953,87.86499786376953,87.65010070800781,87.68000030517578,1220332
2025-12-26 16:30:00+00:00,87.67500305175781,87.72000122070312,87.65399932861328,87.65499877929688,831981
2025-12-26 16:45:00+00:00,87.65869903564453,87.7249984741211,87.6500015258789,87.66500091552734,520530
2025-12-26 17:00:00+00:00,87.6624984741211,87.69999694824219,87.66000366210938,87.66999816894531,379567
2025-12-26 17:15:00+00:00,87.66500091552734,87.68589782714844,87.62000274658203,87.63500213623047,356284
2025-12-26 17:30:00+00:00,87.63500213623047,87.66940307617188,87.5999984741211,87.66500091552734,332883
2025-12-26 17:45:00+00:00,87.66500091552734,87.66500091552734,87.62249755859375,87.6500015258789,529219
2025-12-26 18:00:00+00:00,87.65499877929688,87.66999816894531,87.61000061035156,87.61499786376953,187720
2025-12-26 18:15:00+00:00,87.62000274658203,87.66999816894531,87.61000061035156,87.65499877929688,218550
2025-12-26 18:30:00+00:00,87.65570068359375,87.66999816894531,87.625,87.66500091552734,278579
2025-12-26 18:45:00+00:00,87.66999816894531,87.68000030517578,87.6449966430664,87.66000366210938,174736
2025-12-26 19:00:00+00:00,87.65499877929688,87.66000366210938,87.61000061035156,87.66000366210938,161813
2025-12-26 19:15:00+00:00,87.65499877929688,87.66500091552734,87.63500213623047,87.6500015258789,148319
2025-12-26 19:30:00+00:00,87.64399719238281,87.66000366210938,87.62010192871094,87.63999938964844,187070
2025-12-26 19:45:00+00:00,87.6500015258789,87.72000122070312,87.64009857177734,87.70500183105469,472362
2025-12-26 20:00:00+00:00,87.69999694824219,87.73750305175781,87.69000244140625,87.7301025390625,221553
2025-12-26 20:15:00+00:00,87.73500061035156,87.75,87.70999908447266,87.72000122070312,182073
2025-12-26 20:30:00+00:00,87.72000122070312,87.75,87.71499633789062,87.72000122070312,249754
2025-12-26 20:45:00+00:00,87.71499633789062,87.75,87.70999908447266,87.73999786376953,1371468
2025-12-29 14:30:00+00:00,87.94999694824219,88.07029724121094,87.94999694824219,88.0250015258789,1326928
2025-12-29 14:45:00+00:00,88.02999877929688,88.06500244140625,87.94999694824219,87.95999908447266,643562
2025-12-29 15:00:00+00:00,87.96009826660156,87.9800033569336,87.8550033569336,87.92500305175781,790486
2025-12-29 15:15:00+00:00,87.92500305175781,87.92780303955078,87.87000274658203,87.87560272216797,487808
2025-12-29 15:30:00+00:00,87.87999725341797,87.91000366210938,87.79000091552734,87.87000274658203,677239
2025-12-29 15:45:00+00:00,87.86499786376953,87.9000015258789,87.85060119628906,87.87000274658203,405488
2025-12-29 16:00:00+00:00,87.86499786376953,87.93000030517578,87.84010314941406,87.9000015258789,358123
2025-12-29 16:15:00+00:00,87.90499877929688,87.94000244140625,87.88999938964844,87.91999816894531,199649
2025-12-29 16:30:00+00:00,87.93000030517578,88.0,87.93000030517578,87.9749984741211,484284
2025-12-29 16:45:00+00:00,87.9800033569336,87.98999786376953,87.95010375976562,87.95500183105469,284619
2025-12-29 17:00:00+00:00,87.95500183105469,87.97000122070312,87.92500305175781,87.94999694824219,323092
2025-12-29 17:15:00+00:00,87.94000244140625,87.97000122070312,87.93000030517578,87.94999694824219,322696
2025-12-29 17:30:00+00:00,87.94999694824219,87.98500061035156,87.94010162353516,87.9749984741211,397756
2025-12-29 17:45:00+00:00,87.97930145263672,87.98500061035156,87.90499877929688,87.93499755859375,383939
2025-12-29 18:00:00+00:00,87.93499755859375,87.94000244140625,87.90499877929688,87.93000030517578,587200
2025-12-29 18:15:00+00:00,87.92500305175781,87.96499633789062,87.9136962890625,87.95500183105469,364199
2025-12-29 18:30:00+00:00,87.95999908447266,87.97560119628906,87.94439697265625,87.94999694824219,242402
2025-12-29 18:45:00+00:00,87.95500183105469,87.9800033569336,87.94000244140625,87.95999908447266,373762
2025-12-29 19:00:00+00:00,87.95999908447266,87.97000122070312,87.94000244140625,87.94029998779297,246898
2025-12-29 19:15:00+00:00,87.94499969482422,87.95559692382812,87.93009948730469,87.94519805908203,232207
2025-12-29 19:30:00+00:00,87.94499969482422,87.9655990600586,87.91999816894531,87.93599700927734,545294
2025-12-29 19:45:00+00:00,87.93499755859375,87.94000244140625,87.86499786376953,87.94000244140625,538537
2025-12-29 20:00:00+00:00,87.94000244140625,87.9800033569336,87.92500305175781,87.97000122070312,252878
2025-12-29 20:15:00+00:00,87.97000122070312,87.9800033569336,87.94000244140625,87.9480972290039,284340
2025-12-29 20:30:00+00:00,87.94999694824219,87.97540283203125,87.94000244140625,87.97540283203125,165328
2025-12-29 20:45:00+00:00,87.97019958496094,88.05000305175781,87.96499633789062,88.04000091552734,1259526
2025-12-30 14:30:00+00:00,87.75,87.78929901123047,87.69000244140625,87.71790313720703,1186712
2025-12-30 14:45:00+00:00,87.71499633789062,87.72730255126953,87.68250274658203,87.71649932861328,757569
2025-12-30 15:00:00+00:00,87.71620178222656,87.7499008178711,87.68000030517578,87.7300033569336,360342
2025-12-30 15:15:00+00:00,87.73999786376953,87.76499938964844,87.69000244140625,87.75,477773
2025-12-30 15:30:00+00:00,87.75489807128906,87.8499984741211,87.67440032958984,87.73999786376953,564185
2025-12-30 15:45:00+00:00,87.73999786376953,87.81999969482422,87.7300033569336,87.80400085449219,344509
2025-12-30 16:00:00+00:00,87.80500030517578,87.87999725341797,87.80220031738281,87.87000274658203,419196
2025-12-30 16:15:00+00:00,87.875,88.0,87.8550033569336,87.95999908447266,582655
2025-12-30 16:30:00+00:00,87.96499633789062,88.00499725341797,87.95999908447266,87.9749984741211,356509
2025-12-30 16:45:00+00:00,87.9749984741211,88.04000091552734,87.9749984741211,87.98989868164062,372376
2025-12-30 17:00:00+00:00,87.98500061035156,87.99500274658203,87.93000030517578,87.94409942626953,251278
2025-12-30 17:15:00+00:00,87.94499969482422,87.94499969482422,87.87000274658203,87.875,235281
2025-12-30 17:30:00+00:00,87.875,87.93000030517578,87.87000274658203,87.9000015258789,226792
2025-12-30 17:45:00+00:00,87.90499877929688,87.94999694824219,87.88500213623047,87.94920349121094,179571
2025-12-30 18:00:00+00:00,87.94499969482422,87.97989654541016,87.94000244140625,87.97029876708984,324426
2025-12-30 18:15:00+00:00,87.97000122070312,87.9800033569336,87.94000244140625,87.9749984741211,166537
2025-12-30 18:30:00+00:00,87.97380065917969,87.9749984741211,87.91829681396484,87.92500305175781,202180
2025-12-30 18:45:00+00:00,87.92009735107422,87.96990203857422,87.88009643554688,87.9000015258789,321407
2025-12-30 19:00:00+00:00,87.88999938964844,87.94000244140625,87.88089752197266,87.93499755859375,143832
2025-12-30 19:15:00+00:00,87.93000030517578,87.94499969482422,87.90399932861328,87.92449951171875,118778
2025-12-30 19:30:00+00:00,87.93000030517578,87.94000244140625,87.9000015258789,87.90989685058594,109829
2025-12-30 19:45:00+00:00,87.90499877929688,87.90519714355469,87.78009796142578,87.83999633789062,572555
2025-12-30 20:00:00+00:00,87.83999633789062,87.8550033569336,87.81999969482422,87.83000183105469,251517
2025-12-30 20:15:00+00:00,87.83000183105469,87.86000061035156,87.81500244140625,87.8499984741211,321710
2025-12-30 20:30:00+00:00,87.84500122070312,87.88500213623047,87.84010314941406,87.86499786376953,296385
2025-12-30 20:45:00+00:00,87.86499786376953,87.87999725341797,87.81999969482422,87.87999725341797,1302096
2025-12-31 14:30:00+00:00,87.70999908447266,87.81500244140625,87.68000030517578,87.80999755859375,862717
2025-12-31 14:45:00+00:00,87.80500030517578,87.87000274658203,87.75,87.81009674072266,388708
2025-12-31 15:00:00+00:00,87.81999969482422,87.85549926757812,87.77999877929688,87.79000091552734,624973
2025-12-31 15:15:00+00:00,87.78500366210938,87.79499816894531,87.73400115966797,87.73500061035156,391064
2025-12-31 15:30:00+00:00,87.73999786376953,87.86499786376953,87.73999786376953,87.86009979248047,498543
2025-12-31 15:45:00+00:00,87.86000061035156,87.91000366210938,87.8499984741211,87.88500213623047,702240
2025-12-31 16:00:00+00:00,87.87999725341797,87.88999938964844,87.66999816894531,87.71499633789062,442310
2025-12-31 16:15:00+00:00,87.72000122070312,87.75499725341797,87.66999816894531,87.75,491264
2025-12-31 16:30:00+00:00,87.75460052490234,87.79000091552734,87.69000244140625,87.76499938964844,493985
2025-12-31 16:45:00+00:00,87.76499938964844,87.80000305175781,87.75,87.79409790039062,206275
2025-12-31 17:00:00+00:00,87.80000305175781,87.81999969482422,87.7750015258789,87.79000091552734,407373
2025-12-31 17:15:00+00:00,87.78500366210938,87.82499694824219,87.7699966430664,87.7699966430664,277732
2025-12-31 17:30:00+00:00,87.7698974609375,87.81510162353516,87.76000213623047,87.79000091552734,286873
2025-12-31 17:45:00+00:00,87.79329681396484,87.84500122070312,87.6050033569336,87.62999725341797,1651655
2025-12-31 18:00:00+00:00,87.62000274658203,87.68499755859375,87.51000213623047,87.58000183105469,1174744
2025-12-31 18:15:00+00:00,87.56999969482422,87.59500122070312,87.44999694824219,87.47010040283203,645824
2025-12-31 18:30:00+00:00,87.47000122070312,87.52999877929688,87.44999694824219,87.46499633789062,552664
2025-12-31 18:45:00+00:00,87.46499633789062,87.47000122070312,87.38500213623047,87.40499877929688,1003348
2025-12-31 19:00:00+00:00,87.40499877929688,87.44000244140625,87.3499984741211,87.35990142822266,672976
2025-12-31 19:15:00+00:00,87.3550033569336,87.3949966430664,87.33000183105469,87.375,589355
2025-12-31 19:30:00+00:00,87.375,87.37999725341797,87.3499984741211,87.36499786376953,608062
2025-12-31 19:45:00+00:00,87.36499786376953,87.37000274658203,87.31999969482422,87.33000183105469,256457
2025-12-31 20:00:00+00:00,87.32499694824219,87.3499984741211,87.31999969482422,87.31999969482422,578596
2025-12-31 20:15:00+00:00,87.32499694824219,87.3499984741211,87.31999969482422,87.3301010131836,386949
2025-12-31 20:30:00+00:00,87.33000183105469,87.33999633789062,87.29350280761719,87.29499816894531,486416
2025-12-31 20:45:00+00:00,87.29499816894531,87.30989837646484,87.12999725341797,87.16999816894531,2498580
2026-01-02 14:30:00+00:00,87.40499877929688,87.41000366210938,87.27999877929688,87.30500030517578,3386492
2026-01-02 14:45:00+00:00,87.30500030517578,87.32949829101562,87.2300033569336,87.23999786376953,3224054
2026-01-02 15:00:00+00:00,87.2300033569336,87.25559997558594,87.18000030517578,87.24500274658203,1294634
2026-01-02 15:15:00+00:00,87.24500274658203,87.33999633789062,87.20999908447266,87.29000091552734,948734
2026-01-02 15:30:00+00:00,87.29499816894531,87.29720306396484,87.19000244140625,87.21499633789062,984027
2026-01-02 15:45:00+00:00,87.21499633789062,87.28500366210938,87.19999694824219,87.21939849853516,677722
2026-01-02 16:00:00+00:00,87.21990203857422,87.21990203857422,87.11499786376953,87.11499786376953,601149
2026-01-02 16:15:00+00:00,87.11499786376953,87.16000366210938,87.06999969482422,87.1449966430664,843908
2026-01-02 16:30:00+00:00,87.13999938964844,87.16000366210938,87.0999984741211,87.125,341816
2026-01-02 16:45:00+00:00,87.125,87.125,87.05500030517578,87.09649658203125,443678
2026-01-02 17:00:00+00:00,87.08999633789062,87.1500015258789,87.08000183105469,87.125,331150
2026-01-02 17:15:00+00:00,87.12000274658203,87.19999694824219,87.12000274658203,87.19499969482422,431382
2026-01-02 17:30:00+00:00,87.19499969482422,87.21499633789062,87.16999816894531,87.17500305175781,383688
2026-01-02 17:45:00+00:00,87.17500305175781,87.19999694824219,87.13999938964844,87.19499969482422,284732
2026-01-02 18:00:00+00:00,87.19499969482422,87.19650268554688,87.16500091552734,87.16500091552734,243473
2026-01-02 18:15:00+00:00,87.16500091552734,87.18000030517578,87.14099884033203,87.1449966430664,359088
2026-01-02 18:30:00+00:00,87.1449966430664,87.1449966430664,87.05000305175781,87.06500244140625,462168
2026-01-02 18:45:00+00:00,87.06500244140625,87.08999633789062,87.05000305175781,87.06600189208984,376359
2026-01-02 19:00:00+00:00,87.06500244140625,87.07499694824219,87.03500366210938,87.05000305175781,274788
2026-01-02 19:15:00+00:00,87.05500030517578,87.08999633789062,87.02010345458984,87.08000183105469,343277
2026-01-02 19:30:00+00:00,87.08999633789062,87.08999633789062,87.05999755859375,87.08260345458984,256386
2026-01-02 19:45:00+00:00,87.08000183105469,87.23999786376953,87.07499694824219,87.18000030517578,766135
2026-01-02 20:00:00+00:00,87.18000030517578,87.18499755859375,87.1449966430664,87.17500305175781,468172
2026-01-02 20:15:00+00:00,87.17500305175781,87.19000244140625,87.1500015258789,87.16500091552734,443953
2026-01-02 20:30:00+00:00,87.16000366210938,87.16500091552734,87.125,87.13500213623047,414433
2026-01-02 20:45:00+00:00,87.13999938964844,87.13999938964844,87.05000305175781,87.05999755859375,2874971
2026-01-05 14:30:00+00:00,87.18000030517578,87.28800201416016,87.13999938964844,87.1449966430664,1399052
2026-01-05 14:45:00+00:00,87.1449966430664,87.22000122070312,87.12000274658203,87.13999938964844,618531
2026-01-05 15:00:00+00:00,87.12999725341797,87.31999969482422,87.12999725341797,87.30000305175781,1118483
2026-01-05 15:15:00+00:00,87.29000091552734,87.29000091552734,87.21009826660156,87.23500061035156,489135
2026-01-05 15:30:00+00:00,87.23500061035156,87.30999755859375,87.20999908447266,87.2509994506836,368509
2026-01-05 15:45:00+00:00,87.25379943847656,87.27999877929688,87.12999725341797,87.18000030517578,560010
2026-01-05 16:00:00+00:00,87.18000030517578,87.27999877929688,87.18000030517578,87.2750015258789,473053
2026-01-05 16:15:00+00:00,87.2699966430664,87.31999969482422,87.26499938964844,87.30000305175781,343924
2026-01-05 16:30:00+00:00,87.30000305175781,87.4135971069336,87.29010009765625,87.41000366210938,5516536
2026-01-05 16:45:00+00:00,87.41500091552734,87.47000122070312,87.41000366210938,87.44000244140625,610051
2026-01-05 17:00:00+00:00,87.44149780273438,87.47750091552734,87.41000366210938,87.46499633789062,413095
2026-01-05 17:15:00+00:00,87.46499633789062,87.50499725341797,87.45999908447266,87.46499633789062,391386
2026-01-05 17:30:00+00:00,87.46499633789062,87.51000213623047,87.45999908447266,87.48500061035156,269455
2026-01-05 17:45:00+00:00,87.4800033569336,87.5,87.44499969482422,87.46499633789062,411220
2026-01-05 18:00:00+00:00,87.46499633789062,87.4749984741211,87.44999694824219,87.45500183105469,649357
2026-01-05 18:15:00+00:00,87.44999694824219,87.4800033569336,87.41999816894531,87.42500305175781,359687
2026-01-05 18:30:00+00:00,87.42500305175781,87.46790313720703,87.41999816894531,87.45500183105469,220873
2026-01-05 18:45:00+00:00,87.45500183105469,87.49759674072266,87.44999694824219,87.49549865722656,255052
2026-01-05 19:00:00+00:00,87.49340057373047,87.49500274658203,87.44000244140625,87.44999694824219,362167
2026-01-05 19:15:00+00:00,87.45500183105469,87.45999908447266,87.4000015258789,87.40499877929688,272531
2026-01-05 19:30:00+00:00,87.40499877929688,87.41500091552734,87.36000061035156,87.375,341941
2026-01-05 19:45:00+00:00,87.375,87.39990234375,87.33999633789062,87.34519958496094,381496
2026-01-05 20:00:00+00:00,87.34639739990234,87.36509704589844,87.33000183105469,87.35250091552734,325607
2026-01-05 20:15:00+00:00,87.35250091552734,87.37999725341797,87.33999633789062,87.37409973144531,436903
2026-01-05 20:30:00+00:00,87.375,87.42500305175781,87.37000274658203,87.40499877929688,527870
2026-01-05 20:45:00+00:00,87.4000015258789,87.5199966430664,87.4000015258789,87.44999694824219,1463608
2026-01-06 14:30:00+00:00,87.12999725341797,87.23500061035156,87.12999725341797,87.16500091552734,1299773
2026-01-06 14:45:00+00:00,87.2300033569336,87.33000183105469,87.16500091552734,87.29989624023438,745857
2026-01-06 15:00:00+00:00,87.29450225830078,87.31549835205078,87.12999725341797,87.13999938964844,785180
2026-01-06 15:15:00+00:00,87.13999938964844,87.16000366210938,87.02999877929688,87.03070068359375,2345503
2026-01-06 15:30:00+00:00,87.03500366210938,87.10649871826172,87.01000213623047,87.0999984741211,898969
2026-01-06 15:45:00+00:00,87.11000061035156,87.15499877929688,87.08000183105469,87.1050033569336,1125202
2026-01-06 16:00:00+00:00,87.11000061035156,87.11000061035156,86.9000015258789,87.0,1111533
2026-01-06 16:15:00+00:00,86.96990203857422,86.98999786376953,86.95999908447266,86.9749984741211,697339
2026-01-06 16:30:00+00:00,86.97560119628906,87.05000305175781,86.97270202636719,87.01499938964844,630437
2026-01-06 16:45:00+00:00,87.01499938964844,87.07499694824219,87.0,87.05500030517578,558569
2026-01-06 17:00:00+00:00,87.1050033569336,87.11000061035156,87.04900360107422,87.07969665527344,493970
2026-01-06 17:15:00+00:00,87.08000183105469,87.0999984741211,87.033203125,87.07499694824219,344613
2026-01-06 17:30:00+00:00,87.09380340576172,87.16000366210938,87.06999969482422,87.12439727783203,9203288
2026-01-06 17:45:00+00:00,87.11000061035156,87.14550018310547,87.10220336914062,87.1449966430664,210441
2026-01-06 18:00:00+00:00,87.14990234375,87.18000030517578,87.12000274658203,87.15390014648438,325648
2026-01-06 18:15:00+00:00,87.15499877929688,87.17500305175781,87.14459991455078,87.1449966430664,235536
2026-01-06 18:30:00+00:00,87.14569854736328,87.19000244140625,87.1144027709961,87.1500015258789,472320
2026-01-06 18:45:00+00:00,87.1500015258789,87.16580200195312,87.1146011352539,87.16580200195312,12114274
2026-01-06 19:00:00+00:00,87.16999816894531,87.19000244140625,87.12999725341797,87.18000030517578,346139
2026-01-06 19:15:00+00:00,87.18479919433594,87.21499633789062,87.16000366210938,87.18820190429688,379585
2026-01-06 19:30:00+00:00,87.18499755859375,87.20999908447266,87.16999816894531,87.16999816894531,433962
2026-01-06 19:45:00+00:00,87.16999816894531,87.18000030517578,87.1500015258789,87.16000366210938,476097
2026-01-06 20:00:00+00:00,87.16500091552734,87.20999908447266,87.16500091552734,87.20999908447266,260652
2026-01-06 20:15:00+00:00,87.214599609375,87.23989868164062,87.19499969482422,87.19999694824219,274727
2026-01-06 20:30:00+00:00,87.19999694824219,87.30000305175781,87.18000030517578,87.27030181884766,497164
2026-01-06 20:45:00+00:00,87.2750015258789,87.33000183105469,87.2699966430664,87.33000183105469,586016
2026-01-07 14:30:00+00:00,87.83280181884766,87.8655014038086,87.73169708251953,87.7406005859375,3205169
2026-01-07 14:45:00+00:00,87.75,87.76499938964844,87.69999694824219,87.73999786376953,1642305
2026-01-07 15:00:00+00:00,87.73999786376953,87.73999786376953,87.4800033569336,87.52010345458984,1714347
2026-01-07 15:15:00+00:00,87.5282974243164,87.61499786376953,87.51000213623047,87.61000061035156,631846
2026-01-07 15:30:00+00:00,87.61000061035156,87.7300033569336,87.58499908447266,87.70999908447266,697464
2026-01-07 15:45:00+00:00,87.70500183105469,87.77999877929688,87.6698989868164,87.77860260009766,545386
2026-01-07 16:00:00+00:00,87.7750015258789,87.8499984741211,87.7699966430664,87.7750015258789,907236
2026-01-07 16:15:00+00:00,87.7750015258789,87.83999633789062,87.7750015258789,87.83499908447266,433669
2026-01-07 16:30:00+00:00,87.83499908447266,87.87000274658203,87.82499694824219,87.83000183105469,508469
2026-01-07 16:45:00+00:00,87.83499908447266,87.83999633789062,87.77999877929688,87.80000305175781,575460
2026-01-07 17:00:00+00:00,87.79499816894531,87.91999816894531,87.79409790039062,87.86990356445312,339594
2026-01-07 17:15:00+00:00,87.86029815673828,87.91999816894531,87.82140350341797,87.90499877929688,494063
2026-01-07 17:30:00+00:00,87.90350341796875,87.94999694824219,87.9000015258789,87.91510009765625,305686
2026-01-07 17:45:00+00:00,87.91500091552734,88.00499725341797,87.91000366210938,87.98639678955078,422016
2026-01-07 18:00:00+00:00,87.98999786376953,88.00499725341797,87.91999816894531,87.92500305175781,401450
2026-01-07 18:15:00+00:00,87.93000030517578,87.94999694824219,87.88999938964844,87.9489974975586,462503
2026-01-07 18:30:00+00:00,87.94499969482422,87.98899841308594,87.94499969482422,87.96499633789062,524852
2026-01-07 18:45:00+00:00,87.96499633789062,87.97000122070312,87.92500305175781,87.93499755859375,12263462
2026-01-07 19:00:00+00:00,87.93779754638672,87.94999694824219,87.875,87.8949966430664,485639
2026-01-07 19:15:00+00:00,87.8949966430664,87.92990112304688,87.88999938964844,87.91500091552734,322322
2026-01-07 19:30:00+00:00,87.91000366210938,87.92990112304688,87.88500213623047,87.92500305175781,525857
2026-01-07 19:45:00+00:00,87.92500305175781,87.93499755859375,87.88999938964844,87.89510345458984,413040
2026-01-07 20:00:00+00:00,87.8949966430664,87.92900085449219,87.84500122070312,87.87000274658203,583972
2026-01-07 20:15:00+00:00,87.86499786376953,87.86990356445312,87.83399963378906,87.83499908447266,516509
2026-01-07 20:30:00+00:00,87.83499908447266,87.87999725341797,87.83000183105469,87.875,482297
2026-01-07 20:45:00+00:00,87.87989807128906,87.87989807128906,87.77999877929688,87.79499816894531,16225152
2026-01-08 14:30:00+00:00,87.32499694824219,87.33499908447266,87.24500274658203,87.28559875488281,1374834
2026-01-08 14:45:00+00:00,87.30999755859375,87.38999938964844,87.2699966430664,87.36630249023438,825056
2026-01-08 15:00:00+00:00,87.36000061035156,87.38999938964844,87.30500030517578,87.3550033569336,522301
2026-01-08 15:15:00+00:00,87.3499984741211,87.37989807128906,87.31269836425781,87.32689666748047,331577
2026-01-08 15:30:00+00:00,87.32990264892578,87.33989715576172,87.29000091552734,87.33000183105469,606806
2026-01-08 15:45:00+00:00,87.33000183105469,87.38999938964844,87.3145980834961,87.37000274658203,323147
2026-01-08 16:00:00+00:00,87.37000274658203,87.375,87.31999969482422,87.36000061035156,316409
2026-01-08 16:15:00+00:00,87.3550033569336,87.38999938964844,87.31999969482422,87.3550033569336,363416
2026-01-08 16:30:00+00:00,87.3550033569336,87.44499969482422,87.35399627685547,87.43499755859375,396277
2026-01-08 16:45:00+00:00,87.43499755859375,87.52989959716797,87.41999816894531,87.5,427990
2026-01-08 17:00:00+00:00,87.49430084228516,87.54499816894531,87.47429656982422,87.52999877929688,377041
2026-01-08 17:15:00+00:00,87.5250015258789,87.55000305175781,87.43419647216797,87.44000244140625,306336
2026-01-08 17:30:00+00:00,87.43499755859375,87.43779754638672,87.38500213623047,87.4000015258789,457635
2026-01-08 17:45:00+00:00,87.40499877929688,87.44000244140625,87.40499877929688,87.43499755859375,5773583
2026-01-08 18:00:00+00:00,87.43499755859375,87.44000244140625,87.38999938964844,87.42500305175781,163971
2026-01-08 18:15:00+00:00,87.42449951171875,87.4800033569336,87.41999816894531,87.47599792480469,281528
2026-01-08 18:30:00+00:00,87.47899627685547,87.48590087890625,87.41500091552734,87.42500305175781,480034
2026-01-08 18:45:00+00:00,87.42990112304688,87.42990112304688,87.36000061035156,87.4000015258789,383380
2026-01-08 19:00:00+00:00,87.4000015258789,87.4000015258789,87.375,87.37999725341797,438334
2026-01-08 19:15:00+00:00,87.375,87.37999725341797,87.31999969482422,87.32499694824219,342827
2026-01-08 19:30:00+00:00,87.32499694824219,87.36000061035156,87.30500030517578,87.33540344238281,361279
2026-01-08 19:45:00+00:00,87.33989715576172,87.33999633789062,87.29000091552734,87.31999969482422,442060
2026-01-08 20:00:00+00:00,87.31999969482422,87.32009887695312,87.29000091552734,87.30010223388672,397115
2026-01-08 20:15:00+00:00,87.30500030517578,87.31999969482422,87.2750015258789,87.30999755859375,429352
2026-01-08 20:30:00+00:00,87.31500244140625,87.33000183105469,87.30999755859375,87.31500244140625,503941
2026-01-08 20:45:00+00:00,87.31500244140625,87.34500122070312,87.30999755859375,87.33699798583984,9903781
2026-01-09 14:30:00+00:00,87.29499816894531,87.31999969482422,87.16999816894531,87.17769622802734,2206064
2026-01-09 14:45:00+00:00,87.17500305175781,87.37000274658203,87.125,87.36000061035156,1544204
2026-01-09 15:00:00+00:00,87.36000061035156,87.64640045166016,87.33999633789062,87.63999938964844,2942953
2026-01-09 15:15:00+00:00,87.63500213623047,87.63999938964844,87.47000122070312,87.51000213623047,1541425
2026-01-09 15:30:00+00:00,87.51499938964844,87.81999969482422,87.51200103759766,87.79540252685547,1402606
2026-01-09 15:45:00+00:00,87.79499816894531,87.79499816894531,87.66000366210938,87.73999786376953,1314495
2026-01-09 16:00:00+00:00,87.73999786376953,87.90499877929688,87.70999908447266,87.84500122070312,1225562
2026-01-09 16:15:00+00:00,87.83999633789062,87.83999633789062,87.71499633789062,87.75,688813
2026-01-09 16:30:00+00:00,87.74500274658203,87.78500366210938,87.69999694824219,87.76029968261719,413054
2026-01-09 16:45:00+00:00,87.76000213623047,87.80999755859375,87.73210144042969,87.78099822998047,443558
2026-01-09 17:00:00+00:00,87.77999877929688,87.8550033569336,87.73999786376953,87.8499984741211,544887
2026-01-09 17:15:00+00:00,87.84500122070312,87.92500305175781,87.83499908447266,87.92500305175781,649052
2026-01-09 17:30:00+00:00,87.92500305175781,88.0,87.84500122070312,87.86499786376953,16086131
2026-01-09 17:45:00+00:00,87.86000061035156,87.9000015258789,87.74500274658203,87.74500274658203,516262
2026-01-09 18:00:00+00:00,87.74500274658203,87.84500122070312,87.73999786376953,87.81999969482422,508858
2026-01-09 18:15:00+00:00,87.82499694824219,87.83999633789062,87.80000305175781,87.83499908447266,313005
2026-01-09 18:30:00+00:00,87.83540344238281,87.98500061035156,87.83499908447266,87.94999694824219,755069
2026-01-09 18:45:00+00:00,87.94989776611328,87.95999908447266,87.87000274658203,87.875,386430
2026-01-09 19:00:00+00:00,87.87239837646484,87.90499877929688,87.8550033569336,87.875,399991
2026-01-09 19:15:00+00:00,87.87550354003906,87.90499877929688,87.83999633789062,87.8949966430664,289170
2026-01-09 19:30:00+00:00,87.89990234375,87.93000030517578,87.8499984741211,87.8550033569336,365281
2026-01-09 19:45:00+00:00,87.86000061035156,87.8949966430664,87.83999633789062,87.88500213623047,521595
2026-01-09 20:00:00+00:00,87.88500213623047,87.9000015258789,87.83499908447266,87.8550033569336,679229
2026-01-09 20:15:00+00:00,87.86000061035156,87.89559936523438,87.8550033569336,87.8949966430664,560540
2026-01-09 20:30:00+00:00,87.8949966430664,87.9000015258789,87.81999969482422,87.84500122070312,660208
2026-01-09 20:45:00+00:00,87.84500122070312,87.95999908447266,87.84359741210938,87.91999816894531,23934197
2026-01-12 14:30:00+00:00,87.48999786376953,87.55000305175781,87.41000366210938,87.5199966430664,2391111
2026-01-12 14:45:00+00:00,87.5198974609375,87.58499908447266,87.5,87.5199966430664,949079
2026-01-12 15:00:00+00:00,87.5250015258789,87.55999755859375,87.41000366210938,87.54000091552734,1244332
2026-01-12 15:15:00+00:00,87.54000091552734,87.62000274658203,87.5199966430664,87.57009887695312,578004
2026-01-12 15:30:00+00:00,87.56999969482422,87.61990356445312,87.53009796142578,87.58300018310547,575588
2026-01-12 15:45:00+00:00,87.58499908447266,87.70999908447266,87.58499908447266,87.66000366210938,537268
2026-01-12 16:00:00+00:00,87.66500091552734,87.68499755859375,87.55999755859375,87.5999984741211,388175
2026-01-12 16:15:00+00:00,87.5999984741211,87.7157974243164,87.5999984741211,87.68000030517578,552364
2026-01-12 16:30:00+00:00,87.66999816894531,87.66999816894531,87.58000183105469,87.63999938964844,557189
2026-01-12 16:45:00+00:00,87.63999938964844,87.7500991821289,87.63999938964844,87.72589874267578,592849
2026-01-12 17:00:00+00:00,87.7249984741211,87.87999725341797,87.7249984741211,87.87000274658203,770922
2026-01-12 17:15:00+00:00,87.86499786376953,87.87999725341797,87.76499938964844,87.83499908447266,465447
2026-01-12 17:30:00+00:00,87.83499908447266,87.86499786376953,87.80269622802734,87.80500030517578,324407
2026-01-12 17:45:00+00:00,87.80500030517578,87.81999969482422,87.74500274658203,87.74500274658203,902049
2026-01-12 18:00:00+00:00,87.74500274658203,87.86160278320312,87.74500274658203,87.85359954833984,783984
2026-01-12 18:15:00+00:00,87.8550033569336,87.91000366210938,87.84500122070312,87.87339782714844,582381
2026-01-12 18:30:00+00:00,87.87590026855469,87.88999938964844,87.84500122070312,87.8550033569336,653891
2026-01-12 18:45:00+00:00,87.85009765625,87.87000274658203,87.84500122070312,87.86000061035156,383746
2026-01-12 19:00:00+00:00,87.86499786376953,87.86499786376953,87.75250244140625,87.79000091552734,474876
2026-01-12 19:15:00+00:00,87.79000091552734,87.80999755859375,87.75,87.75499725341797,421314
2026-01-12 19:30:00+00:00,87.74500274658203,87.76499938964844,87.66500091552734,87.66999816894531,359917
2026-01-12 19:45:00+00:00,87.66999816894531,87.68499755859375,87.61129760742188,87.63999938964844,493958
2026-01-12 20:00:00+00:00,87.6449966430664,87.66000366210938,87.61430358886719,87.62999725341797,426258
2026-01-12 20:15:00+00:00,87.63500213623047,87.67500305175781,87.62000274658203,87.65579986572266,281892
2026-01-12 20:30:00+00:00,87.65409851074219,87.6593017578125,87.58999633789062,87.5999984741211,453462
2026-01-12 20:45:00+00:00,87.59500122070312,87.66999816894531,87.58999633789062,87.66000366210938,1591778
2026-01-13 14:30:00+00:00,87.87999725341797,87.90499877929688,87.66999816894531,87.7300033569336,2009920
2026-01-13 14:45:00+00:00,87.7300033569336,87.83000183105469,87.7300033569336,87.81999969482422,652978
2026-01-13 15:00:00+00:00,87.82499694824219,87.87000274658203,87.54000091552734,87.63500213623047,917803
2026-01-13 15:15:00+00:00,87.62999725341797,87.72000122070312,87.58499908447266,87.69999694824219,665398
2026-01-13 15:30:00+00:00,87.70999908447266,87.779296875,87.68000030517578,87.73500061035156,405558
2026-01-13 15:45:00+00:00,87.73500061035156,87.83999633789062,87.73500061035156,87.83000183105469,433449
2026-01-13 16:00:00+00:00,87.83000183105469,87.87000274658203,87.75,87.76380157470703,596890
2026-01-13 16:15:00+00:00,87.76380157470703,87.80500030517578,87.61000061035156,87.63990020751953,1187381
2026-01-13 16:30:00+00:00,87.63249969482422,87.68990325927734,87.61499786376953,87.68000030517578,407404
2026-01-13 16:45:00+00:00,87.68000030517578,87.73999786376953,87.6500015258789,87.73999786376953,303252
2026-01-13 17:00:00+00:00,87.73999786376953,87.76010131835938,87.69000244140625,87.69000244140625,284030
2026-01-13 17:15:00+00:00,87.69999694824219,87.73989868164062,87.66500091552734,87.71720123291016,235428
2026-01-13 17:30:00+00:00,87.71990203857422,87.81990051269531,87.7125015258789,87.79499816894531,675972
2026-01-13 17:45:00+00:00,87.79389953613281,87.80000305175781,87.75499725341797,87.76029968261719,432735
2026-01-13 18:00:00+00:00,87.76249694824219,87.88780212402344,87.74500274658203,87.83999633789062,765877
2026-01-13 18:15:00+00:00,87.83999633789062,87.875,87.80999755859375,87.84500122070312,297285
2026-01-13 18:30:00+00:00,87.84500122070312,87.8499984741211,87.80999755859375,87.84500122070312,325523
2026-01-13 18:45:00+00:00,87.84839630126953,87.9000015258789,87.83499908447266,87.88500213623047,216364
2026-01-13 19:00:00+00:00,87.88500213623047,87.9000015258789,87.86009979248047,87.9000015258789,202907
2026-01-13 19:15:00+00:00,87.8949966430664,87.91000366210938,87.875,87.88500213623047,509963
2026-01-13 19:30:00+00:00,87.88500213623047,87.88500213623047,87.83499908447266,87.83989715576172,815614
2026-01-13 19:45:00+00:00,87.83070373535156,87.845703125,87.77999877929688,87.83000183105469,549719
2026-01-13 20:00:00+00:00,87.83499908447266,87.8499984741211,87.79010009765625,87.83499908447266,243701
2026-01-13 20:15:00+00:00,87.83540344238281,87.83999633789062,87.78500366210938,87.79000091552734,225270
2026-01-13 20:30:00+00:00,87.79000091552734,87.80000305175781,87.75,87.76499938964844,228980
2026-01-13 20:45:00+00:00,87.76499938964844,87.83000183105469,87.73999786376953,87.79499816894531,1324808
2026-01-14 14:30:00+00:00,87.91500091552734,88.13500213623047,87.90750122070312,88.12000274658203,1859759
2026-01-14 14:45:00+00:00,88.12999725341797,88.13500213623047,88.0250015258789,88.04460144042969,1159137
2026-01-14 15:00:00+00:00,88.04499816894531,88.12000274658203,87.92459869384766,88.08999633789062,1643248
2026-01-14 15:15:00+00:00,88.08499908447266,88.19000244140625,88.05130004882812,88.16500091552734,1180720
2026-01-14 15:30:00+00:00,88.16999816894531,88.22000122070312,88.12999725341797,88.20999908447266,793940
2026-01-14 15:45:00+00:00,88.21499633789062,88.29000091552734,88.19999694824219,88.2699966430664,1347828
2026-01-14 16:00:00+00:00,88.26499938964844,88.29000091552734,88.19999694824219,88.2699966430664,577042
2026-01-14 16:15:00+00:00,88.2699966430664,88.33999633789062,88.2699966430664,88.30999755859375,732812
2026-01-14 16:30:00+00:00,88.30999755859375,88.4280014038086,88.30999755859375,88.42500305175781,676481
2026-01-14 16:45:00+00:00,88.42680358886719,88.42680358886719,88.33000183105469,88.34249877929688,652028
2026-01-14 17:00:00+00:00,88.3499984741211,88.375,88.27999877929688,88.31999969482422,351479
2026-01-14 17:15:00+00:00,88.31999969482422,88.34500122070312,88.27999877929688,88.29499816894531,501834
2026-01-14 17:30:00+00:00,88.29499816894531,88.36000061035156,88.29499816894531,88.34500122070312,399787
2026-01-14 17:45:00+00:00,88.33999633789062,88.36000061035156,88.31999969482422,88.33589935302734,384293
2026-01-14 18:00:00+00:00,88.33000183105469,88.33999633789062,88.283203125,88.32550048828125,256243
2026-01-14 18:15:00+00:00,88.32499694824219,88.36000061035156,88.31999969482422,88.32499694824219,238823
2026-01-14 18:30:00+00:00,88.32929992675781,88.41000366210938,88.32929992675781,88.37000274658203,12044232
2026-01-14 18:45:00+00:00,88.37030029296875,88.37999725341797,88.33000183105469,88.3499984741211,12489386
2026-01-14 19:00:00+00:00,88.34500122070312,88.375,88.31500244140625,88.37000274658203,187080
2026-01-14 19:15:00+00:00,88.37049865722656,88.38990020751953,88.3499984741211,88.375,183114
2026-01-14 19:30:00+00:00,88.37000274658203,88.375,88.33000183105469,88.35009765625,459291
2026-01-14 19:45:00+00:00,88.3550033569336,88.36000061035156,88.30010223388672,88.33499908447266,459089
2026-01-14 20:00:00+00:00,88.33499908447266,88.37000274658203,88.26000213623047,88.30999755859375,573838
2026-01-14 20:15:00+00:00,88.30500030517578,88.375,88.3030014038086,88.3499984741211,533232
2026-01-14 20:30:00+00:00,88.36000061035156,88.36499786376953,88.31500244140625,88.33000183105469,374975
2026-01-14 20:45:00+00:00,88.33000183105469,88.36990356445312,88.29000091552734,88.32499694824219,1638115
2026-01-15 14:30:00+00:00,88.61000061035156,88.66000366210938,88.4749984741211,88.48999786376953,2040461
2026-01-15 14:45:00+00:00,88.49500274658203,88.54499816894531,88.46330261230469,88.49500274658203,841165
2026-01-15 15:00:00+00:00,88.48999786376953,88.51499938964844,88.41510009765625,88.49019622802734,714679
2026-01-15 15:15:00+00:00,88.5,88.54000091552734,88.44000244140625,88.53500366210938,552019
2026-01-15 15:30:00+00:00,88.53009796142578,88.58000183105469,88.41999816894531,88.44000244140625,879495
2026-01-15 15:45:00+00:00,88.43990325927734,88.44499969482422,88.36000061035156,88.3949966430664,461792
2026-01-15 16:00:00+00:00,88.4000015258789,88.4749984741211,88.38500213623047,88.47000122070312,468385
2026-01-15 16:15:00+00:00,88.4749984741211,88.53500366210938,88.43000030517578,88.5,753717
2026-01-15 16:30:00+00:00,88.49520111083984,88.5,88.4000015258789,88.44499969482422,412403
2026-01-15 16:45:00+00:00,88.44000244140625,88.44999694824219,88.40750122070312,88.41999816894531,474132
2026-01-15 17:00:00+00:00,88.41500091552734,88.45999908447266,88.4000015258789,88.45500183105469,481470
2026-01-15 17:15:00+00:00,88.44999694824219,88.45500183105469,88.41000366210938,88.43990325927734,458205
2026-01-15 17:30:00+00:00,88.43329620361328,88.52999877929688,88.40499877929688,88.5250015258789,10878522
2026-01-15 17:45:00+00:00,88.52729797363281,88.53500366210938,88.43000030517578,88.47000122070312,383267
2026-01-15 18:00:00+00:00,88.4749984741211,88.57499694824219,88.46499633789062,88.48870086669922,553519
2026-01-15 18:15:00+00:00,88.4800033569336,88.52999877929688,88.4800033569336,88.5250015258789,11177443
2026-01-15 18:30:00+00:00,88.5250015258789,88.55500030517578,88.47000122070312,88.49500274658203,198821
2026-01-15 18:45:00+00:00,88.49500274658203,88.50499725341797,88.45999908447266,88.46800231933594,309910
2026-01-15 19:00:00+00:00,88.46499633789062,88.50990295410156,88.44999694824219,88.5,346739
2026-01-15 19:15:00+00:00,88.5,88.55999755859375,88.49500274658203,88.54000091552734,337429
2026-01-15 19:30:00+00:00,88.54000091552734,88.55999755859375,88.47000122070312,88.48500061035156,451353
2026-01-15 19:45:00+00:00,88.48999786376953,88.5199966430664,88.44999694824219,88.4749984741211,477640
2026-01-15 20:00:00+00:00,88.47540283203125,88.47540283203125,88.38030242919922,88.38030242919922,419354
2026-01-15 20:15:00+00:00,88.37999725341797,88.4000015258789,88.34500122070312,88.38500213623047,765931
2026-01-15 20:30:00+00:00,88.38500213623047,88.43499755859375,88.37000274658203,88.38500213623047,1091304
2026-01-15 20:45:00+00:00,88.37999725341797,88.37999725341797,88.30999755859375,88.33000183105469,1787381
2026-01-16 14:30:00+00:00,88.13999938964844,88.1449966430664,88.0199966430664,88.08499908447266,1153101
2026-01-16 14:45:00+00:00,88.08540344238281,88.19999694824219,88.07499694824219,88.1500015258789,670148
2026-01-16 15:00:00+00:00,88.1449966430664,88.20980072021484,88.11009979248047,88.13500213623047,406020
2026-01-16 15:15:00+00:00,88.13500213623047,88.29000091552734,88.08000183105469,88.25990295410156,1308229
2026-01-16 15:30:00+00:00,88.25499725341797,88.31999969482422,88.20999908447266,88.25,1747986
2026-01-16 15:45:00+00:00,88.25,88.25499725341797,87.9000015258789,87.97000122070312,1939699
2026-01-16 16:00:00+00:00,87.97000122070312,88.0199966430664,87.88500213623047,87.88999938964844,1112645
2026-01-16 16:15:00+00:00,87.88999938964844,88.05729675292969,87.86389923095703,88.05000305175781,1104989
2026-01-16 16:30:00+00:00,88.05500030517578,88.19989776611328,88.0250015258789,88.18499755859375,940196
2026-01-16 16:45:00+00:00,88.18000030517578,88.23999786376953,88.11000061035156,88.13999938964844,1088018
2026-01-16 17:00:00+00:00,88.14510345458984,88.21540069580078,88.13999938964844,88.20989990234375,605781
2026-01-16 17:15:00+00:00,88.19999694824219,88.19999694824219,88.08999633789062,88.0999984741211,387927
2026-01-16 17:30:00+00:00,88.09500122070312,88.0999984741211,87.98999786376953,88.00499725341797,793360
2026-01-16 17:45:00+00:00,88.00029754638672,88.01000213623047,87.94999694824219,87.95500183105469,593959
2026-01-16 18:00:00+00:00,87.95500183105469,87.95999908447266,87.9000015258789,87.94499969482422,437424
2026-01-16 18:15:00+00:00,87.94499969482422,87.95989990234375,87.9000015258789,87.93499755859375,875989
2026-01-16 18:30:00+00:00,87.93499755859375,87.93499755859375,87.88999938964844,87.92459869384766,486701
2026-01-16 18:45:00+00:00,87.92669677734375,87.94000244140625,87.83000183105469,87.83000183105469,370061
2026-01-16 19:00:00+00:00,87.83000183105469,87.83000183105469,87.75299835205078,87.78510284423828,759239
2026-01-16 19:15:00+00:00,87.78500366210938,87.79000091552734,87.73999786376953,87.76499938964844,444088
2026-01-16 19:30:00+00:00,87.76499938964844,87.7699966430664,87.70999908447266,87.72000122070312,587014
2026-01-16 19:45:00+00:00,87.7249984741211,87.7699966430664,87.7249984741211,87.76000213623047,634789
2026-01-16 20:00:00+00:00,87.76000213623047,87.83999633789062,87.75499725341797,87.81500244140625,531826
2026-01-16 20:15:00+00:00,87.81999969482422,87.83000183105469,87.78009796142578,87.80999755859375,686834
2026-01-16 20:30:00+00:00,87.81500244140625,87.83000183105469,87.78500366210938,87.79000091552734,18093180
2026-01-16 20:45:00+00:00,87.79499816894531,87.875,87.78500366210938,87.80000305175781,1810092
2026-01-20 14:30:00+00:00,86.62999725341797,86.68000030517578,86.54070281982422,86.59030151367188,5669086
2026-01-20 14:45:00+00:00,86.5968017578125,86.69000244140625,86.55460357666016,86.61509704589844,1549197
2026-01-20 15:00:00+00:00,86.61499786376953,86.83000183105469,86.57499694824219,86.82499694824219,1538789
2026-01-20 15:15:00+00:00,86.82499694824219,86.87000274658203,86.79000091552734,86.80509948730469,1399508
2026-01-20 15:30:00+00:00,86.80999755859375,86.93499755859375,86.79239654541016,86.9000015258789,1379110
2026-01-20 15:45:00+00:00,86.94750213623047,86.94750213623047,86.8550033569336,86.8550033569336,2026666
2026-01-20 16:00:00+00:00,86.8499984741211,86.86000061035156,86.76499938964844,86.81990051269531,1086801
2026-01-20 16:15:00+00:00,86.81500244140625,86.875,86.77999877929688,86.86000061035156,1044157
2026-01-20 16:30:00+00:00,86.86990356445312,86.94499969482422,86.8499984741211,86.91500091552734,743631
2026-01-20 16:45:00+00:00,86.91999816894531,87.02999877929688,86.91000366210938,86.99009704589844,738167
2026-01-20 17:00:00+00:00,86.98999786376953,87.01020050048828,86.94499969482422,86.94999694824219,503762
2026-01-20 17:15:00+00:00,86.94999694824219,86.9800033569336,86.9197998046875,86.95500183105469,444376
2026-01-20 17:30:00+00:00,86.94999694824219,86.95999908447266,86.88099670410156,86.93000030517578,487484
2026-01-20 17:45:00+00:00,86.93450164794922,86.93450164794922,86.87000274658203,86.875,1792776
2026-01-20 18:00:00+00:00,86.875,86.875,86.7750015258789,86.82469940185547,460490
2026-01-20 18:15:00+00:00,86.82499694824219,86.8499984741211,86.79000091552734,86.81800079345703,416670
2026-01-20 18:30:00+00:00,86.81990051269531,86.81999969482422,86.72000122070312,86.72429656982422,513008
2026-01-20 18:45:00+00:00,86.7249984741211,86.76000213623047,86.69000244140625,86.73500061035156,460153
2026-01-20 19:00:00+00:00,86.7300033569336,86.75499725341797,86.69309997558594,86.73999786376953,562675
2026-01-20 19:15:00+00:00,86.7345962524414,86.76000213623047,86.70259857177734,86.7051010131836,397232
2026-01-20 19:30:00+00:00,86.7051010131836,86.74500274658203,86.66999816894531,86.67500305175781,264558
2026-01-20 19:45:00+00:00,86.67549896240234,86.72000122070312,86.62999725341797,86.6449966430664,649963
2026-01-20 20:00:00+00:00,86.63999938964844,86.68000030517578,86.625,86.65499877929688,896026
2026-01-20 20:15:00+00:00,86.6500015258789,86.69000244140625,86.5999984741211,86.69000244140625,971472
2026-01-20 20:30:00+00:00,86.68499755859375,86.7354965209961,86.68099975585938,86.69989776611328,1246771
2026-01-20 20:45:00+00:00,86.69499969482422,86.73989868164062,86.66000366210938,86.66999816894531,3646977
2026-01-21 14:30:00+00:00,86.79000091552734,86.875,86.66999816894531,86.70549774169922,2272777
2026-01-21 14:45:00+00:00,86.69999694824219,86.72219848632812,86.62000274658203,86.66999816894531,885401
2026-01-21 15:00:00+00:00,86.67610168457031,86.78500366210938,86.66500091552734,86.70999908447266,968866
2026-01-21 15:15:00+00:00,86.70539855957031,86.83999633789062,86.65499877929688,86.80999755859375,817916
2026-01-21 15:30:00+00:00,86.80999755859375,86.9800033569336,86.79810333251953,86.97000122070312,1139061
2026-01-21 15:45:00+00:00,86.97000122070312,87.01899719238281,86.94499969482422,86.96019744873047,1568541
2026-01-21 16:00:00+00:00,86.96070098876953,87.11900329589844,86.95500183105469,87.08499908447266,9798581
2026-01-21 16:15:00+00:00,87.08000183105469,87.1050033569336,87.04499816894531,87.08930206298828,389451
2026-01-21 16:30:00+00:00,87.08499908447266,87.08999633789062,86.86499786376953,86.88999938964844,787936
2026-01-21 16:45:00+00:00,86.88500213623047,86.91500091552734,86.82499694824219,86.86000061035156,631329
2026-01-21 17:00:00+00:00,86.8550033569336,86.88500213623047,86.83499908447266,86.86499786376953,576991
2026-01-21 17:15:00+00:00,86.86499786376953,86.8949966430664,86.81999969482422,86.81999969482422,442641
2026-01-21 17:30:00+00:00,86.81999969482422,86.84500122070312,86.76100158691406,86.83499908447266,377380
2026-01-21 17:45:00+00:00,86.83499908447266,86.94999694824219,86.82499694824219,86.93499755859375,427753
2026-01-21 18:00:00+00:00,86.9302978515625,87.05999755859375,86.9000015258789,87.05500030517578,766705
2026-01-21 18:15:00+00:00,87.05999755859375,87.05999755859375,87.01000213623047,87.02570343017578,797732
2026-01-21 18:30:00+00:00,87.0250015258789,87.0250015258789,86.97100067138672,86.98500061035156,345527
2026-01-21 18:45:00+00:00,87.0250015258789,87.03500366210938,86.99500274658203,87.0000991821289,458474
2026-01-21 19:00:00+00:00,87.00499725341797,87.05500030517578,87.00250244140625,87.0199966430664,234655
2026-01-21 19:15:00+00:00,87.0199966430664,87.25,87.00330352783203,87.23500061035156,973522
2026-01-21 19:30:00+00:00,87.2300033569336,87.37000274658203,87.21499633789062,87.33499908447266,1449756
2026-01-21 19:45:00+00:00,87.33869934082031,87.47730255126953,87.31999969482422,87.3499984741211,1522354
2026-01-21 20:00:00+00:00,87.3499984741211,87.37999725341797,87.26499938964844,87.36000061035156,853191
2026-01-21 20:15:00+00:00,87.36000061035156,87.38999938964844,87.26000213623047,87.26499938964844,19546574
2026-01-21 20:30:00+00:00,87.26499938964844,87.28500366210938,87.23999786376953,87.26499938964844,628712
2026-01-21 20:45:00+00:00,87.26499938964844,87.36000061035156,87.26000213623047,87.33999633789062,3366494
2026-01-22 14:30:00+00:00,87.2699966430664,87.38729858398438,87.23999786376953,87.31999969482422,1921860
2026-01-22 14:45:00+00:00,87.32499694824219,87.32499694824219,87.16000366210938,87.19999694824219,1079577
2026-01-22 15:00:00+00:00,87.19999694824219,87.33499908447266,87.18499755859375,87.31999969482422,647838
2026-01-22 15:15:00+00:00,87.32990264892578,87.3499984741211,87.29499816894531,87.34500122070312,722319
2026-01-22 15:30:00+00:00,87.33999633789062,87.36000061035156,87.13999938964844,87.22000122070312,596825
2026-01-22 15:45:00+00:00,87.22000122070312,87.24500274658203,87.18000030517578,87.22000122070312,608560
2026-01-22 16:00:00+00:00,87.2300033569336,87.34500122070312,87.2300033569336,87.30000305175781,1029498
2026-01-22 16:15:00+00:00,87.29499816894531,87.37000274658203,87.2876968383789,87.33989715576172,380030
2026-01-22 16:30:00+00:00,87.33499908447266,87.41000366210938,87.31500244140625,87.40889739990234,631484
2026-01-22 16:45:00+00:00,87.4041976928711,87.4572982788086,87.38099670410156,87.40280151367188,508881
2026-01-22 17:00:00+00:00,87.41000366210938,87.625,87.41000366210938,87.4800033569336,1393782
2026-01-22 17:15:00+00:00,87.48500061035156,87.54499816894531,87.45500183105469,87.5199966430664,765523
2026-01-22 17:30:00+00:00,87.52999877929688,87.65599822998047,87.48999786376953,87.63999938964844,671507
2026-01-22 17:45:00+00:00,87.6449966430664,87.73999786376953,87.63279724121094,87.69999694824219,721461
2026-01-22 18:00:00+00:00,87.69999694824219,87.70500183105469,87.58000183105469,87.68000030517578,443336
2026-01-22 18:15:00+00:00,87.67500305175781,87.68499755859375,87.63500213623047,87.63999938964844,384925
2026-01-22 18:30:00+00:00,87.63939666748047,87.75499725341797,87.63939666748047,87.70500183105469,478742
2026-01-22 18:45:00+00:00,87.69999694824219,87.70999908447266,87.6406021118164,87.69730377197266,13552263
2026-01-22 19:00:00+00:00,87.69000244140625,87.70500183105469,87.6449966430664,87.66000366210938,548638
2026-01-22 19:15:00+00:00,87.6500015258789,87.67500305175781,87.62000274658203,87.66500091552734,186377
2026-01-22 19:30:00+00:00,87.66500091552734,87.67510223388672,87.625,87.66329956054688,596605
2026-01-22 19:45:00+00:00,87.66699981689453,87.67500305175781,87.62999725341797,87.63500213623047,1798976
2026-01-22 20:00:00+00:00,87.63500213623047,87.67520141601562,87.62999725341797,87.6449966430664,299191
2026-01-22 20:15:00+00:00,87.6449966430664,87.69000244140625,87.62999725341797,87.67500305175781,380543
2026-01-22 20:30:00+00:00,87.68000030517578,87.72000122070312,87.66000366210938,87.71499633789062,336964
2026-01-22 20:45:00+00:00,87.71499633789062,87.72000122070312,87.66999816894531,87.69999694824219,2003486
2026-01-23 14:30:00+00:00,87.83000183105469,87.83999633789062,87.72000122070312,87.75,1378167
2026-01-23 14:45:00+00:00,87.75,87.83999633789062,87.73999786376953,87.80509948730469,676901
2026-01-23 15:00:00+00:00,87.80500030517578,87.94779968261719,87.76000213623047,87.91999816894531,841680
2026-01-23 15:15:00+00:00,87.91999816894531,87.94000244140625,87.83000183105469,87.8550033569336,612042
2026-01-23 15:30:00+00:00,87.86000061035156,87.9000015258789,87.83000183105469,87.875,508520
2026-01-23 15:45:00+00:00,87.875,87.91000366210938,87.83000183105469,87.88009643554688,574385
2026-01-23 16:00:00+00:00,87.88999938964844,87.95999908447266,87.8550033569336,87.8550033569336,824147
2026-01-23 16:15:00+00:00,87.86000061035156,87.86000061035156,87.75499725341797,87.78500366210938,930375
2026-01-23 16:30:00+00:00,87.79000091552734,87.80500030517578,87.73999786376953,87.75499725341797,517641
2026-01-23 16:45:00+00:00,87.75499725341797,87.75499725341797,87.58000183105469,87.5999984741211,780249
2026-01-23 17:00:00+00:00,87.58999633789062,87.69999694824219,87.54000091552734,87.69059753417969,601259
2026-01-23 17:15:00+00:00,87.69000244140625,87.70570373535156,87.6500015258789,87.67030334472656,262650
2026-01-23 17:30:00+00:00,87.66999816894531,87.67500305175781,87.61499786376953,87.61499786376953,408143
2026-01-23 17:45:00+00:00,87.62000274658203,87.62000274658203,87.49500274658203,87.54499816894531,857463
2026-01-23 18:00:00+00:00,87.54499816894531,87.61630249023438,87.54000091552734,87.5999984741211,424408
2026-01-23 18:15:00+00:00,87.6050033569336,87.69000244140625,87.5999984741211,87.66999816894531,385668
2026-01-23 18:30:00+00:00,87.68000030517578,87.70999908447266,87.66100311279297,87.69999694824219,330247
2026-01-23 18:45:00+00:00,87.69999694824219,87.75499725341797,87.68499755859375,87.6946029663086,11931436
2026-01-23 19:00:00+00:00,87.69999694824219,87.74500274658203,87.69999694824219,87.74500274658203,223335
2026-01-23 19:15:00+00:00,87.74500274658203,87.74500274658203,87.67500305175781,87.67500305175781,381207
2026-01-23 19:30:00+00:00,87.68000030517578,87.75499725341797,87.66999816894531,87.75499725341797,299738
2026-01-23 19:45:00+00:00,87.75499725341797,87.88999938964844,87.75499725341797,87.88999938964844,465006
2026-01-23 20:00:00+00:00,87.8949966430664,87.98500061035156,87.87999725341797,87.98500061035156,595857
2026-01-23 20:15:00+00:00,87.98500061035156,88.02839660644531,87.94390106201172,87.95500183105469,904103
2026-01-23 20:30:00+00:00,87.95919799804688,87.95999908447266,87.91999816894531,87.92500305175781,551378
2026-01-23 20:45:00+00:00,87.93000030517578,87.97000122070312,87.91000366210938,87.91500091552734,1848786
2026-01-26 14:30:00+00:00,88.3949966430664,88.43499755859375,88.2750015258789,88.31999969482422,1776589
2026-01-26 14:45:00+00:00,88.33000183105469,88.4000015258789,88.31009674072266,88.38500213623047,876089
2026-01-26 15:00:00+00:00,88.37999725341797,88.4800033569336,88.33999633789062,88.4749984741211,902130
2026-01-26 15:15:00+00:00,88.4749984741211,88.48999786376953,88.42379760742188,88.43499755859375,3977448
2026-01-26 15:30:00+00:00,88.43499755859375,88.44999694824219,88.37000274658203,88.42009735107422,677516
2026-01-26 15:45:00+00:00,88.42250061035156,88.42900085449219,88.29000091552734,88.29000091552734,608511
2026-01-26 16:00:00+00:00,88.29499816894531,88.3550033569336,88.29499816894531,88.30500030517578,466106
2026-01-26 16:15:00+00:00,88.30500030517578,88.30999755859375,88.23500061035156,88.24949645996094,571628
2026-01-26 16:30:00+00:00,88.25,88.26499938964844,88.20500183105469,88.25,586358
2026-01-26 16:45:00+00:00,88.25,88.30999755859375,88.2300033569336,88.25250244140625,504269
2026-01-26 17:00:00+00:00,88.2571029663086,88.2571029663086,88.19999694824219,88.23999786376953,416422
2026-01-26 17:15:00+00:00,88.23500061035156,88.26499938964844,88.20999908447266,88.26000213623047,269742
2026-01-26 17:30:00+00:00,88.26000213623047,88.375,88.25,88.34500122070312,682940
2026-01-26 17:45:00+00:00,88.3458023071289,88.38500213623047,88.33000183105469,88.35150146484375,336850
2026-01-26 18:00:00+00:00,88.3499984741211,88.38500213623047,88.33000183105469,88.3499984741211,393745
2026-01-26 18:15:00+00:00,88.3499984741211,88.3550033569336,88.31500244140625,88.34500122070312,487966
2026-01-26 18:30:00+00:00,88.34500122070312,88.36000061035156,88.29000091552734,88.30000305175781,402501
2026-01-26 18:45:00+00:00,88.29789733886719,88.30000305175781,88.2313003540039,88.2313003540039,282108
2026-01-26 19:00:00+00:00,88.23999786376953,88.27760314941406,88.2249984741211,88.27249908447266,182203
2026-01-26 19:15:00+00:00,88.27999877929688,88.28990173339844,88.22000122070312,88.2249984741211,1503289
2026-01-26 19:30:00+00:00,88.2300033569336,88.3010025024414,88.2300033569336,88.29499816894531,238671
2026-01-26 19:45:00+00:00,88.29499816894531,88.33999633789062,88.28500366210938,88.30500030517578,738523
2026-01-26 20:00:00+00:00,88.30999755859375,88.33000183105469,88.2699966430664,88.33000183105469,324125
2026-01-26 20:15:00+00:00,88.32499694824219,88.33999633789062,88.30000305175781,88.33000183105469,1201307
2026-01-26 20:30:00+00:00,88.32479858398438,88.33999633789062,88.27999877929688,88.31999969482422,463902
2026-01-26 20:45:00+00:00,88.32499694824219,88.33999633789062,88.30999755859375,88.33499908447266,2169727
2026-01-27 14:30:00+00:00,88.0999984741211,88.19999694824219,88.0999984741211,88.14189910888672,1358515
2026-01-27 14:45:00+00:00,88.1449966430664,88.1500015258789,88.0250015258789,88.07499694824219,816824
2026-01-27 15:00:00+00:00,88.08000183105469,88.25,88.08000183105469,88.23500061035156,921344
2026-01-27 15:15:00+00:00,88.2300033569336,88.23500061035156,88.13500213623047,88.14009857177734,801175
2026-01-27 15:30:00+00:00,88.13999938964844,88.15989685058594,88.07499694824219,88.10009765625,554312
2026-01-27 15:45:00+00:00,88.0999984741211,88.12000274658203,88.04000091552734,88.05030059814453,530770
2026-01-27 16:00:00+00:00,88.05000305175781,88.08999633789062,87.98999786376953,87.98999786376953,485566
2026-01-27 16:15:00+00:00,87.98500061035156,88.06500244140625,87.95999908447266,88.05999755859375,528182
2026-01-27 16:30:00+00:00,88.05000305175781,88.08000183105469,87.9800033569336,87.98999786376953,879680
2026-01-27 16:45:00+00:00,87.98999786376953,88.05000305175781,87.9749984741211,87.99500274658203,398894
2026-01-27 17:00:00+00:00,87.99459838867188,88.0,87.81500244140625,87.92500305175781,661675
2026-01-27 17:15:00+00:00,87.92500305175781,87.98500061035156,87.90499877929688,87.95999908447266,538779
2026-01-27 17:30:00+00:00,87.95999908447266,87.9749984741211,87.93000030517578,87.96499633789062,441564
2026-01-27 17:45:00+00:00,87.96499633789062,88.04000091552734,87.95500183105469,87.9697036743164,302699
2026-01-27 18:00:00+00:00,87.96499633789062,87.96499633789062,87.80000305175781,87.8550033569336,638411
2026-01-27 18:15:00+00:00,87.8550033569336,87.94989776611328,87.84020233154297,87.94550323486328,678285
2026-01-27 18:30:00+00:00,87.94999694824219,87.97000122070312,87.84010314941406,87.8499984741211,1949764
2026-01-27 18:45:00+00:00,87.83999633789062,87.91000366210938,87.82499694824219,87.87000274658203,521726
2026-01-27 19:00:00+00:00,87.87000274658203,87.9000015258789,87.8499984741211,87.87899780273438,216050
2026-01-27 19:15:00+00:00,87.87999725341797,87.87999725341797,87.83999633789062,87.8550033569336,215426
2026-01-27 19:30:00+00:00,87.86000061035156,87.88990020751953,87.81500244140625,87.86000061035156,357272
2026-01-27 19:45:00+00:00,87.87000274658203,87.94499969482422,87.83499908447266,87.92500305175781,227646
2026-01-27 20:00:00+00:00,87.92500305175781,87.96499633789062,87.9000015258789,87.93499755859375,526766
2026-01-27 20:15:00+00:00,87.93000030517578,87.94000244140625,87.86499786376953,87.86499786376953,322560
2026-01-27 20:30:00+00:00,87.86000061035156,87.91899871826172,87.86000061035156,87.91059875488281,289740
2026-01-27 20:45:00+00:00,87.91010284423828,87.91619873046875,87.68000030517578,87.80000305175781,16583560
2026-01-28 14:30:00+00:00,87.50499725341797,87.55999755859375,87.44000244140625,87.48999786376953,1039109
2026-01-28 14:45:00+00:00,87.4749984741211,87.51000213623047,87.375,87.44000244140625,973367
2026-01-28 15:00:00+00:00,87.44499969482422,87.69999694824219,87.36499786376953,87.6050033569336,1964642
2026-01-28 15:15:00+00:00,87.5999984741211,87.63999938964844,87.51000213623047,87.55999755859375,716551
2026-01-28 15:30:00+00:00,87.55500030517578,87.56999969482422,87.38999938964844,87.44000244140625,600480
2026-01-28 15:45:00+00:00,87.44100189208984,87.56999969482422,87.44000244140625,87.5250015258789,567349
2026-01-28 16:00:00+00:00,87.5250015258789,87.55999755859375,87.47000122070312,87.53510284423828,620898
2026-01-28 16:15:00+00:00,87.54000091552734,87.58000183105469,87.51499938964844,87.53500366210938,371198
2026-01-28 16:30:00+00:00,87.5250015258789,87.58789825439453,87.44770050048828,87.45500183105469,464996
2026-01-28 16:45:00+00:00,87.45999908447266,87.47000122070312,87.38999938964844,87.44999694824219,467200
2026-01-28 17:00:00+00:00,87.44499969482422,87.44999694824219,87.38999938964844,87.44999694824219,356139
2026-01-28 17:15:00+00:00,87.44499969482422,87.45999908447266,87.4000015258789,87.43190002441406,8712874
2026-01-28 17:30:00+00:00,87.43000030517578,87.44999694824219,87.37999725341797,87.38500213623047,211116
2026-01-28 17:45:00+00:00,87.38999938964844,87.43710327148438,87.375,87.42009735107422,366483
2026-01-28 18:00:00+00:00,87.41999816894531,87.47000122070312,87.38999938964844,87.46499633789062,251192
2026-01-28 18:15:00+00:00,87.46499633789062,87.47000122070312,87.41210174560547,87.43499755859375,283922
2026-01-28 18:30:00+00:00,87.43499755859375,87.44000244140625,87.4000015258789,87.41000366210938,222708
2026-01-28 18:45:00+00:00,87.41500091552734,87.43000030517578,87.34010314941406,87.36499786376953,833996
2026-01-28 19:00:00+00:00,87.37000274658203,87.43000030517578,87.29119873046875,87.32050323486328,12039004
2026-01-28 19:15:00+00:00,87.33000183105469,87.4000015258789,87.3010025024414,87.33989715576172,473127
2026-01-28 19:30:00+00:00,87.33000183105469,87.55000305175781,87.33000183105469,87.48500061035156,758867
2026-01-28 19:45:00+00:00,87.48500061035156,87.60540008544922,87.45210266113281,87.56500244140625,551889
2026-01-28 20:00:00+00:00,87.57499694824219,87.65499877929688,87.55010223388672,87.56999969482422,558943
2026-01-28 20:15:00+00:00,87.56999969482422,87.61000061035156,87.54000091552734,87.56999969482422,406509
2026-01-28 20:30:00+00:00,87.56510162353516,87.58999633789062,87.52999877929688,87.54499816894531,491676
2026-01-28 20:45:00+00:00,87.54499816894531,87.61000061035156,87.51499938964844,87.5999984741211,1518653
2026-01-29 14:30:00+00:00,87.1500015258789,87.19000244140625,87.08000183105469,87.125,2185021
2026-01-29 14:45:00+00:00,87.12999725341797,87.32499694824219,87.11000061035156,87.18000030517578,1964818
2026-01-29 15:00:00+00:00,87.18000030517578,87.33000183105469,87.1500015258789,87.32240295410156,1172094
2026-01-29 15:15:00+00:00,87.33000183105469,87.51000213623047,87.29000091552734,87.51000213623047,1812445
2026-01-29 15:30:00+00:00,87.51000213623047,87.68000030517578,87.43489837646484,87.66210174560547,1326479
2026-01-29 15:45:00+00:00,87.66500091552734,87.67500305175781,87.44000244140625,87.45999908447266,1209030
2026-01-29 16:00:00+00:00,87.46499633789062,87.54499816894531,87.43000030517578,87.4749984741211,685856
2026-01-29 16:15:00+00:00,87.4800033569336,87.51499938964844,87.37999725341797,87.45999908447266,825610
2026-01-29 16:30:00+00:00,87.45999908447266,87.48999786376953,87.43000030517578,87.47000122070312,489054
2026-01-29 16:45:00+00:00,87.47000122070312,87.49500274658203,87.4000015258789,87.4000015258789,530321
2026-01-29 17:00:00+00:00,87.3949966430664,87.41500091552734,87.31500244140625,87.4000015258789,579084
2026-01-29 17:15:00+00:00,87.39009857177734,87.47000122070312,87.3499984741211,87.41999816894531,424411
2026-01-29 17:30:00+00:00,87.42500305175781,87.58499908447266,87.42500305175781,87.56999969482422,368946
2026-01-29 17:45:00+00:00,87.56500244140625,87.65499877929688,87.55000305175781,87.62000274658203,519038
2026-01-29 18:00:00+00:00,87.62020111083984,87.62989807128906,87.49500274658203,87.56759643554688,562132
2026-01-29 18:15:00+00:00,87.560302734375,87.63999938964844,87.55439758300781,87.63999938964844,13848517
2026-01-29 18:30:00+00:00,87.6449966430664,87.6500015258789,87.56999969482422,87.63500213623047,799871
2026-01-29 18:45:00+00:00,87.63899993896484,87.66000366210938,87.60489654541016,87.6449966430664,361679
2026-01-29 19:00:00+00:00,87.6449966430664,87.70999908447266,87.62989807128906,87.68499755859375,668331
2026-01-29 19:15:00+00:00,87.69000244140625,87.73899841308594,87.67310333251953,87.70500183105469,428199
2026-01-29 19:30:00+00:00,87.69999694824219,87.73609924316406,87.68499755859375,87.70500183105469,371266
2026-01-29 19:45:00+00:00,87.70500183105469,87.70500183105469,87.63999938964844,87.6500015258789,458816
2026-01-29 20:00:00+00:00,87.6500015258789,87.66000366210938,87.62999725341797,87.6510009765625,214352
2026-01-29 20:15:00+00:00,87.6500015258789,87.67500305175781,87.62999725341797,87.66999816894531,352973
2026-01-29 20:30:00+00:00,87.66000366210938,87.69999694824219,87.66000366210938,87.69999694824219,249372
2026-01-29 20:45:00+00:00,87.69499969482422,87.69499969482422,87.58000183105469,87.62999725341797,1843830
2026-01-30 14:30:00+00:00,87.37000274658203,87.41999816894531,87.30999755859375,87.33879852294922,1593504
2026-01-30 14:45:00+00:00,87.33999633789062,87.4000015258789,87.30000305175781,87.39990234375,811661
2026-01-30 15:00:00+00:00,87.39009857177734,87.47000122070312,87.2699966430664,87.34549713134766,781031
2026-01-30 15:15:00+00:00,87.34500122070312,87.41000366210938,87.30000305175781,87.38999938964844,1072179
2026-01-30 15:30:00+00:00,87.38999938964844,87.38999938964844,87.3499984741211,87.36000061035156,229400
2026-02-02 19:00:00+00:00,86.65769958496094,86.65989685058594,86.61000061035156,86.61000061035156,8193433
2026-02-02 19:15:00+00:00,86.61499786376953,86.62989807128906,86.56999969482422,86.56999969482422,448568
2026-02-02 19:30:00+00:00,86.58000183105469,86.63990020751953,86.57499694824219,86.63990020751953,243809
2026-02-02 19:45:00+00:00,86.6364974975586,86.71600341796875,86.62000274658203,86.62999725341797,435685
2026-02-02 20:00:00+00:00,86.63990020751953,86.71150207519531,86.63500213623047,86.68499755859375,434145
2026-02-02 20:15:00+00:00,86.69000244140625,86.70549774169922,86.62999725341797,86.66000366210938,433458
2026-02-02 20:30:00+00:00,86.64990234375,86.6500015258789,86.58499908447266,86.6050033569336,697989
2026-02-02 20:45:00+00:00,86.6050033569336,86.62000274658203,86.55999755859375,86.58000183105469,2260175
2026-02-03 14:30:00+00:00,86.4800033569336,86.54000091552734,86.44000244140625,86.5198974609375,1253501
2026-02-03 14:45:00+00:00,86.51000213623047,86.55999755859375,86.45999908447266,86.5199966430664,746776
2026-02-03 15:00:00+00:00,86.5250015258789,86.56500244140625,86.50869750976562,86.55000305175781,565289
2026-02-03 15:15:00+00:00,86.54000091552734,86.556396484375,86.5,86.52410125732422,372258
2026-02-03 15:30:00+00:00,86.5250015258789,86.55999755859375,86.47470092773438,86.5250015258789,873356
2026-02-03 15:45:00+00:00,86.52999877929688,86.54000091552734,86.44000244140625,86.46499633789062,471966
2026-02-03 16:00:00+00:00,86.46499633789062,86.48699951171875,86.42839813232422,86.48500061035156,367289
2026-02-03 16:15:00+00:00,86.48650360107422,86.53500366210938,86.4800033569336,86.51499938964844,361768
2026-02-03 16:30:00+00:00,86.51000213623047,86.58000183105469,86.49009704589844,86.56999969482422,342727
2026-02-03 16:45:00+00:00,86.56999969482422,86.58999633789062,86.5199966430664,86.53500366210938,342786
2026-02-03 17:00:00+00:00,86.54000091552734,86.55500030517578,86.44499969482422,86.45999908447266,352142
2026-02-03 17:15:00+00:00,86.46499633789062,86.625,86.46499633789062,86.4749984741211,934747
2026-02-03 17:30:00+00:00,86.47000122070312,86.4800033569336,86.43000030517578,86.4749984741211,521583
2026-02-03 17:45:00+00:00,86.4749984741211,86.50499725341797,86.43470001220703,86.49030303955078,219753
2026-02-03 18:00:00+00:00,86.49500274658203,86.51499938964844,86.45999908447266,86.48500061035156,324696
2026-02-03 18:15:00+00:00,86.48500061035156,86.54000091552734,86.4800033569336,86.54000091552734,322973
2026-02-03 18:30:00+00:00,86.54499816894531,86.65499877929688,86.54000091552734,86.6449966430664,369432
2026-02-03 18:45:00+00:00,86.6449966430664,86.76499938964844,86.6449966430664,86.7249984741211,631452
2026-02-03 19:00:00+00:00,86.7300033569336,86.75,86.62000274658203,86.625,496632
2026-02-03 19:15:00+00:00,86.62999725341797,86.71499633789062,86.62000274658203,86.70999908447266,301137
2026-02-03 19:30:00+00:00,86.71499633789062,86.73999786376953,86.69000244140625,86.73500061035156,407354
2026-02-03 19:45:00+00:00,86.7300033569336,86.76000213623047,86.66239929199219,86.66500091552734,313576
2026-02-03 20:00:00+00:00,86.66999816894531,86.69509887695312,86.66000366210938,86.67500305175781,216374
2026-02-03 20:15:00+00:00,86.66999816894531,86.7300033569336,86.66999816894531,86.71499633789062,272808
2026-02-03 20:30:00+00:00,86.72000122070312,86.76000213623047,86.71499633789062,86.75499725341797,405155
2026-02-03 20:45:00+00:00,86.7500991821289,86.77999877929688,86.7300033569336,86.76499938964844,1268427
2026-02-04 14:30:00+00:00,86.62999725341797,86.66500091552734,86.56999969482422,86.58499908447266,1381991
2026-02-04 14:45:00+00:00,86.58499908447266,86.62000274658203,86.51000213623047,86.57990264892578,630417
2026-02-04 15:00:00+00:00,86.56999969482422,86.77749633789062,86.5199966430664,86.58999633789062,1171990
2026-02-04 15:15:00+00:00,86.59950256347656,86.68000030517578,86.5199966430664,86.52100372314453,603786
2026-02-04 15:30:00+00:00,86.5199966430664,86.61000061035156,86.5,86.5250015258789,796494
2026-02-04 15:45:00+00:00,86.52999877929688,86.62000274658203,86.4749984741211,86.52010345458984,534135
2026-02-04 16:00:00+00:00,86.5199966430664,86.67500305175781,86.46009826660156,86.6093978881836,616450
2026-02-04 16:15:00+00:00,86.61499786376953,86.65499877929688,86.49009704589844,86.5199966430664,607673
2026-02-04 16:30:00+00:00,86.5199966430664,86.59500122070312,86.48999786376953,86.55500030517578,618415
2026-02-04 16:45:00+00:00,86.55999755859375,86.66000366210938,86.55000305175781,86.55999755859375,495545
2026-02-04 17:00:00+00:00,86.56990051269531,86.66000366210938,86.56500244140625,86.65499877929688,619043
2026-02-04 17:15:00+00:00,86.6500015258789,86.7300033569336,86.6344985961914,86.66510009765625,599211
2026-02-04 17:30:00+00:00,86.66500091552734,86.69999694824219,86.58999633789062,86.59500122070312,960986
2026-02-04 17:45:00+00:00,86.5999984741211,86.63500213623047,86.5199966430664,86.54000091552734,469477
2026-02-04 18:00:00+00:00,86.55000305175781,86.56639862060547,86.51000213623047,86.51499938964844,430008
2026-02-04 18:15:00+00:00,86.51000213623047,86.58000183105469,86.51000213623047,86.5250015258789,340499
2026-02-04 18:30:00+00:00,86.5250015258789,86.59500122070312,86.51499938964844,86.59500122070312,697812
2026-02-04 18:45:00+00:00,86.58999633789062,86.63500213623047,86.57499694824219,86.60009765625,320162
2026-02-04 19:00:00+00:00,86.61000061035156,86.61000061035156,86.51000213623047,86.51499938964844,515181
2026-02-04 19:15:00+00:00,86.51329803466797,86.51499938964844,86.48210144042969,86.51499938964844,336661
2026-02-04 19:30:00+00:00,86.51000213623047,86.56500244140625,86.50499725341797,86.53009796142578,315362
2026-02-04 19:45:00+00:00,86.53500366210938,86.58999633789062,86.53500366210938,86.55010223388672,468170
2026-02-04 20:00:00+00:00,86.55000305175781,86.58000183105469,86.5250015258789,86.57009887695312,191913
2026-02-04 20:15:00+00:00,86.57499694824219,86.58989715576172,86.52999877929688,86.52999877929688,269319
2026-02-04 20:30:00+00:00,86.53500366210938,86.55999755859375,86.53500366210938,86.54499816894531,327969
2026-02-04 20:45:00+00:00,86.54679870605469,86.55999755859375,86.5199966430664,86.54000091552734,1621116
2026-02-05 14:30:00+00:00,86.94499969482422,86.97010040283203,86.77999877929688,86.78500366210938,1734729
2026-02-05 14:45:00+00:00,86.79499816894531,86.87999725341797,86.75,86.86000061035156,800339
2026-02-05 15:00:00+00:00,86.8499984741211,87.12000274658203,86.84500122070312,87.11499786376953,2797512
2026-02-05 15:15:00+00:00,87.11499786376953,87.27999877929688,87.02999877929688,87.24500274658203,1898230
2026-02-05 15:30:00+00:00,87.23999786376953,87.30000305175781,87.19000244140625,87.22160339355469,1628040
2026-02-05 15:45:00+00:00,87.22989654541016,87.27549743652344,87.19999694824219,87.23500061035156,2643721
2026-02-05 16:00:00+00:00,87.23500061035156,87.35330200195312,87.21499633789062,87.34500122070312,891129
2026-02-05 16:15:00+00:00,87.3499984741211,87.37000274658203,87.25,87.25,868165
2026-02-05 16:30:00+00:00,87.24500274658203,87.27999877929688,87.2249984741211,87.26000213623047,1665129
2026-02-05 16:45:00+00:00,87.25749969482422,87.3499984741211,87.25299835205078,87.30500030517578,699110
2026-02-05 17:00:00+00:00,87.30999755859375,87.33999633789062,87.27999877929688,87.32499694824219,598129
2026-02-05 17:15:00+00:00,87.33000183105469,87.36000061035156,87.29000091552734,87.30000305175781,507209
2026-02-05 17:30:00+00:00,87.30159759521484,87.31999969482422,87.26499938964844,87.27999877929688,314212
2026-02-05 17:45:00+00:00,87.28990173339844,87.33000183105469,87.25,87.33000183105469,361435
2026-02-05 18:00:00+00:00,87.32499694824219,87.37000274658203,87.31999969482422,87.33309936523438,442985
2026-02-05 18:15:00+00:00,87.33499908447266,87.36000061035156,87.31500244140625,87.36000061035156,818618
2026-02-05 18:30:00+00:00,87.3499984741211,87.37000274658203,87.31999969482422,87.33999633789062,417058
2026-02-05 18:45:00+00:00,87.34989929199219,87.34989929199219,87.28500366210938,87.32990264892578,369353
2026-02-05 19:00:00+00:00,87.32499694824219,87.33000183105469,87.2699966430664,87.30000305175781,397876
2026-02-05 19:15:00+00:00,87.30000305175781,87.33000183105469,87.29000091552734,87.30500030517578,251744
2026-02-05 19:30:00+00:00,87.30999755859375,87.33999633789062,87.29000091552734,87.33999633789062,346945
2026-02-05 19:45:00+00:00,87.33499908447266,87.36000061035156,87.2750015258789,87.28009796142578,363116
2026-02-05 20:00:00+00:00,87.28500366210938,87.30000305175781,87.25,87.29499816894531,420899
2026-02-05 20:15:00+00:00,87.29499816894531,87.4000015258789,87.29000091552734,87.4000015258789,677144
2026-02-05 20:30:00+00:00,87.3949966430664,87.41999816894531,87.37000274658203,87.3949966430664,1216470
2026-02-05 20:45:00+00:00,87.3949966430664,87.47000122070312,87.38999938964844,87.44999694824219,2659670
2026-02-06 14:30:00+00:00,87.44999694824219,87.5199966430664,87.3302993774414,87.36990356445312,1869385
2026-02-06 14:45:00+00:00,87.36499786376953,87.36499786376953,87.2699966430664,87.33000183105469,1178966
2026-02-06 15:00:00+00:00,87.31999969482422,87.33000183105469,87.23500061035156,87.28500366210938,1264826
2026-02-06 15:15:00+00:00,87.28119659423828,87.30000305175781,87.22209930419922,87.23500061035156,675504
2026-02-06 15:30:00+00:00,87.2300033569336,87.25499725341797,87.19999694824219,87.23200225830078,455126
2026-02-06 15:45:00+00:00,87.32499694824219,87.34130096435547,87.30500030517578,87.33999633789062,588764
2026-02-06 16:00:00+00:00,87.33999633789062,87.34639739990234,87.2750015258789,87.2750015258789,387822
2026-02-06 16:15:00+00:00,87.27989959716797,87.30000305175781,87.25,87.29000091552734,333786
2026-02-06 16:30:00+00:00,87.29000091552734,87.30999755859375,87.25,87.2750015258789,206699
2026-02-06 16:45:00+00:00,87.27999877929688,87.32990264892578,87.26000213623047,87.30000305175781,334690
2026-02-06 17:00:00+00:00,87.30000305175781,87.30999755859375,87.27999877929688,87.30500030517578,286756
2026-02-06 17:15:00+00:00,87.30989837646484,87.32990264892578,87.26499938964844,87.28500366210938,243441
2026-02-06 17:30:00+00:00,87.28500366210938,87.30999755859375,87.25,87.29000091552734,145860
2026-02-06 17:45:00+00:00,87.28500366210938,87.3573989868164,87.26499938964844,87.34410095214844,241275
2026-02-06 18:00:00+00:00,87.3499984741211,87.3499984741211,87.30000305175781,87.30699920654297,81906
2026-02-06 18:15:00+00:00,87.31500244140625,87.37090301513672,87.31500244140625,87.33999633789062,514376
2026-02-06 18:30:00+00:00,87.33499908447266,87.37999725341797,87.33000183105469,87.36000061035156,413585
2026-02-06 18:45:00+00:00,87.36000061035156,87.37000274658203,87.3499984741211,87.36160278320312,128188
2026-02-06 19:00:00+00:00,87.36499786376953,87.38500213623047,87.3499984741211,87.36000061035156,171014
2026-02-06 19:15:00+00:00,87.3550033569336,87.37999725341797,87.3499984741211,87.36499786376953,193015
2026-02-06 19:30:00+00:00,87.36990356445312,87.38999938964844,87.36000061035156,87.38829803466797,125268
2026-02-06 19:45:00+00:00,87.38500213623047,87.44499969482422,87.36499786376953,87.44000244140625,285824
2026-02-06 20:00:00+00:00,87.43499755859375,87.47000122070312,87.42500305175781,87.46869659423828,9928483
2026-02-06 20:15:00+00:00,87.46499633789062,87.47000122070312,87.41999816894531,87.43000030517578,140400
2026-02-06 20:30:00+00:00,87.43499755859375,87.4749984741211,87.43000030517578,87.46499633789062,488223
2026-02-06 20:45:00+00:00,87.45999908447266,87.51000213623047,87.44000244140625,87.51000213623047,2988444
