Datetime,open,high,low,close,volume
2025-11-12 14:30:00+00:00,442.1099853515625,442.3290100097656,436.9200134277344,438.4289855957031,4344192
2025-11-12 14:45:00+00:00,438.375,438.8999938964844,432.6600036621094,433.8421936035156,3297279
2025-11-12 15:00:00+00:00,433.8399963378906,435.75,432.5,432.8810119628906,2311847
2025-11-12 15:15:00+00:00,432.8900146484375,434.0799865722656,430.8999938964844,433.4432067871094,2474808
2025-11-12 15:30:00+00:00,433.3514099121094,433.659912109375,429.1300048828125,430.2820129394531,2798613
2025-11-12 15:45:00+00:00,430.3074951171875,430.9892883300781,427.8999938964844,430.0360107421875,2290595
2025-11-12 16:00:00+00:00,430.0513000488281,430.8800048828125,427.42999267578125,427.9649963378906,2029152
2025-11-12 16:15:00+00:00,428.010009765625,430.3999938964844,428.0,430.1787109375,1577146
2025-11-12 16:30:00+00:00,430.1099853515625,431.92999267578125,428.6499938964844,428.8500061035156,1814918
2025-11-12 16:45:00+00:00,428.86358642578125,429.4599914550781,426.55999755859375,428.6199951171875,2004830
2025-11-12 17:00:00+00:00,428.6700134277344,430.6499938964844,428.3599853515625,430.5950012207031,1169727
2025-11-12 17:15:00+00:00,430.5799865722656,430.95001220703125,429.45001220703125,430.3699951171875,935517
2025-11-12 17:30:00+00:00,430.3299865722656,432.3299865722656,430.30999755859375,431.4200134277344,1252972
2025-11-12 17:45:00+00:00,431.42999267578125,431.760009765625,429.5299987792969,431.5198974609375,1125819
2025-11-12 18:00:00+00:00,431.5350036621094,431.8999938964844,430.42999267578125,431.0101013183594,799158
2025-11-12 18:15:00+00:00,431.0093994140625,432.19000244140625,430.9599914550781,431.4292907714844,966165
2025-11-12 18:30:00+00:00,431.3900146484375,431.5799865722656,430.3999938964844,430.5,846501
2025-11-12 18:45:00+00:00,430.57000732421875,431.7995910644531,429.9200134277344,431.6199951171875,957221
2025-11-12 19:00:00+00:00,431.6000061035156,431.889892578125,430.70001220703125,430.875,774309
2025-11-12 19:15:00+00:00,430.8800048828125,430.9100036621094,429.6650085449219,430.38079833984375,947609
2025-11-12 19:30:00+00:00,430.4700012207031,430.6000061035156,429.0400085449219,429.4800109863281,933508
2025-11-12 19:45:00+00:00,429.489990234375,431.260009765625,429.0,430.1449890136719,1025353
2025-11-12 20:00:00+00:00,430.1499938964844,430.5299987792969,429.0,429.5350036621094,1020454
2025-11-12 20:15:00+00:00,429.55810546875,431.3299865722656,429.2300109863281,431.239990234375,1190918
2025-11-12 20:30:00+00:00,431.25,432.75,431.04998779296875,431.67498779296875,1403348
2025-11-12 20:45:00+00:00,431.68499755859375,432.510009765625,430.07000732421875,430.6199951171875,2054938
2025-11-13 14:30:00+00:00,423.17498779296875,424.5,418.1099853515625,418.6600036621094,7029937
2025-11-13 14:45:00+00:00,418.6499938964844,419.8500061035156,414.3900146484375,414.5899963378906,4906728
2025-11-13 15:00:00+00:00,414.5799865722656,416.04998779296875,411.3299865722656,415.1099853515625,5254416
2025-11-13 15:15:00+00:00,415.0799865722656,415.8399963378906,408.55999755859375,410.3456115722656,4825336
2025-11-13 15:30:00+00:00,410.3900146484375,410.8699951171875,405.8699951171875,406.1864929199219,3984799
2025-11-13 15:45:00+00:00,406.1700134277344,408.1199951171875,404.760009765625,407.8598937988281,4205631
2025-11-13 16:00:00+00:00,407.82000732421875,408.5400085449219,405.0899963378906,407.06500244140625,2822881
2025-11-13 16:15:00+00:00,407.0899963378906,407.4700012207031,404.1300048828125,407.0799865722656,3297148
2025-11-13 16:30:00+00:00,407.0899963378906,407.8999938964844,403.2300109863281,403.8301086425781,3031825
2025-11-13 16:45:00+00:00,403.8399963378906,404.9198913574219,400.8800048828125,401.7799987792969,3461025
2025-11-13 17:00:00+00:00,401.7900085449219,403.8299865722656,400.5600891113281,401.4049987792969,3219787
2025-11-13 17:15:00+00:00,401.42999267578125,404.17999267578125,401.3299865722656,403.5400085449219,2515382
2025-11-13 17:30:00+00:00,403.5299987792969,404.5799865722656,401.05999755859375,401.1600036621094,2181357
2025-11-13 17:45:00+00:00,401.1600036621094,402.1199951171875,398.6600036621094,400.760009765625,4464183
2025-11-13 18:00:00+00:00,400.82000732421875,401.6499938964844,397.9100036621094,400.3599853515625,2838242
2025-11-13 18:15:00+00:00,400.3550109863281,400.7699890136719,397.60009765625,398.3599853515625,2389526
2025-11-13 18:30:00+00:00,398.3599853515625,398.5292053222656,396.42010498046875,398.4649963378906,2685758
2025-11-13 18:45:00+00:00,398.5,399.1899108886719,396.5899963378906,398.8699951171875,2414196
2025-11-13 19:00:00+00:00,398.8399963378906,399.2900085449219,396.75,397.2349853515625,2532016
2025-11-13 19:15:00+00:00,397.239990234375,402.94000244140625,396.9700012207031,402.6925048828125,2935261
2025-11-13 19:30:00+00:00,402.6000061035156,403.57000732421875,401.1300048828125,401.909912109375,2944069
2025-11-13 19:45:00+00:00,401.8651123046875,402.3299865722656,398.2699890136719,400.2799987792969,2604468
2025-11-13 20:00:00+00:00,400.2300109863281,402.8699951171875,400.0199890136719,401.7300109863281,2449958
2025-11-13 20:15:00+00:00,401.739990234375,402.5299987792969,400.0,402.2099914550781,2252597
2025-11-13 20:30:00+00:00,402.2099914550781,404.3299865722656,401.9100036621094,402.9100036621094,2902760
2025-11-13 20:45:00+00:00,402.9100036621094,403.7799987792969,399.30999755859375,401.9010009765625,3984160
2025-11-14 14:30:00+00:00,386.239990234375,394.0,382.7799987792969,391.0,13722503
2025-11-14 14:45:00+00:00,390.9700012207031,398.70001220703125,390.93011474609375,398.0849914550781,5247291
2025-11-14 15:00:00+00:00,398.0849914550781,398.5799865722656,391.1400146484375,392.28228759765625,4495399
2025-11-14 15:15:00+00:00,392.3500061035156,400.57000732421875,392.110107421875,399.8800048828125,4009165
2025-11-14 15:30:00+00:00,400.0098876953125,403.5799865722656,398.2200012207031,403.0,3988803
2025-11-14 15:45:00+00:00,403.0199890136719,405.8500061035156,402.3700866699219,405.2898864746094,4198383
2025-11-14 16:00:00+00:00,405.2900085449219,406.2099914550781,401.55999755859375,403.8399963378906,2871198
2025-11-14 16:15:00+00:00,403.8550109863281,410.32000732421875,403.8002014160156,408.3900146484375,3865866
2025-11-14 16:30:00+00:00,408.3699951171875,412.19000244140625,408.239990234375,408.8800048828125,3552493
2025-11-14 16:45:00+00:00,408.8599853515625,410.67999267578125,407.2900085449219,409.0694885253906,2713655
2025-11-14 17:00:00+00:00,409.0799865722656,410.2898864746094,406.8900146484375,409.8599853515625,2107580
2025-11-14 17:15:00+00:00,409.8599853515625,410.0,407.70001220703125,408.8099060058594,1366269
2025-11-14 17:30:00+00:00,408.80999755859375,410.489990234375,407.5,409.5057067871094,1565955
2025-11-14 17:45:00+00:00,409.5000915527344,409.989990234375,406.5592956542969,409.07000732421875,1620348
2025-11-14 18:00:00+00:00,409.04998779296875,410.57000732421875,407.20001220703125,410.1499938964844,1674936
2025-11-14 18:15:00+00:00,410.1400146484375,410.2300109863281,404.8699951171875,405.92999267578125,2361831
2025-11-14 18:30:00+00:00,405.8900146484375,406.8772888183594,404.5299987792969,405.2388916015625,2099301
2025-11-14 18:45:00+00:00,405.2850036621094,408.489990234375,404.9599914550781,407.2601013183594,1736641
2025-11-14 19:00:00+00:00,407.2650146484375,407.67999267578125,405.29998779296875,407.4143981933594,1327593
2025-11-14 19:15:00+00:00,407.4100036621094,409.3299865722656,407.110107421875,408.510009765625,1461218
2025-11-14 19:30:00+00:00,408.5,409.1300048828125,407.54998779296875,408.44219970703125,1130772
2025-11-14 19:45:00+00:00,408.4599914550781,410.4200134277344,408.2228088378906,409.6499938964844,1513414
2025-11-14 20:00:00+00:00,409.739990234375,410.29998779296875,407.760009765625,407.8949890136719,1499417
2025-11-14 20:15:00+00:00,407.8700866699219,408.3500061035156,405.8900146484375,406.7200012207031,1743950
2025-11-14 20:30:00+00:00,406.6600036621094,407.07000732421875,404.5299987792969,405.0450134277344,1953343
2025-11-14 20:45:00+00:00,405.0700988769531,405.8608093261719,403.5299987792969,404.3299865722656,2859603
2025-11-17 14:30:00+00:00,398.8900146484375,409.4049987792969,398.8309020996094,408.8699951171875,7051547
2025-11-17 14:45:00+00:00,408.95269775390625,416.8500061035156,408.4200134277344,416.6108093261719,5811432
2025-11-17 15:00:00+00:00,416.6499938964844,417.5899963378906,411.45001220703125,413.53509521484375,4934621
2025-11-17 15:15:00+00:00,413.5116882324219,416.2915954589844,411.04998779296875,415.7499084472656,8468294
2025-11-17 15:30:00+00:00,415.6600036621094,417.4200134277344,413.9599914550781,416.1340026855469,3219371
2025-11-17 15:45:00+00:00,416.1000061035156,417.94000244140625,415.0369873046875,416.5899963378906,2685216
2025-11-17 16:00:00+00:00,416.5899963378906,417.57501220703125,412.82000732421875,414.82000732421875,2694056
2025-11-17 16:15:00+00:00,414.75,418.8299865722656,413.55999755859375,418.75,2587673
2025-11-17 16:30:00+00:00,418.7300109863281,421.1299133300781,418.45001220703125,420.4200134277344,3171371
2025-11-17 16:45:00+00:00,420.4106140136719,423.4700012207031,419.9100036621094,423.42999267578125,2692649
2025-11-17 17:00:00+00:00,423.42999267578125,423.9599914550781,420.9017028808594,421.1199951171875,2675800
2025-11-17 17:15:00+00:00,421.0899963378906,421.5150146484375,418.8900146484375,419.55999755859375,2190682
2025-11-17 17:30:00+00:00,419.6300048828125,419.8500061035156,416.2099914550781,416.69000244140625,2381516
2025-11-17 17:45:00+00:00,416.6910095214844,416.7300109863281,413.6401062011719,413.7810974121094,2370844
2025-11-17 18:00:00+00:00,413.7200012207031,414.19000244140625,411.69000244140625,412.2200927734375,2926010
2025-11-17 18:15:00+00:00,412.260009765625,413.760009765625,411.239990234375,412.32000732421875,2337757
2025-11-17 18:30:00+00:00,412.2799987792969,412.54998779296875,410.2699890136719,412.239990234375,2211268
2025-11-17 18:45:00+00:00,412.2300109863281,413.82000732421875,408.3299865722656,409.07000732421875,2698294
2025-11-17 19:00:00+00:00,409.0899963378906,409.9599914550781,407.2799987792969,409.1549987792969,17744952
2025-11-17 19:15:00+00:00,409.20001220703125,409.29998779296875,406.8399963378906,408.9100036621094,2115051
2025-11-17 19:30:00+00:00,408.8800048828125,409.54998779296875,405.54998779296875,406.57000732421875,2120457
2025-11-17 19:45:00+00:00,406.57000732421875,407.260009765625,405.6099853515625,405.9352111816406,1812045
2025-11-17 20:00:00+00:00,405.8500061035156,408.29998779296875,404.80999755859375,405.7594909667969,2679664
2025-11-17 20:15:00+00:00,405.80999755859375,407.79998779296875,405.55999755859375,406.82000732421875,1861155
2025-11-17 20:30:00+00:00,406.8399963378906,407.6300048828125,404.92999267578125,406.1524963378906,2251155
2025-11-17 20:45:00+00:00,406.1199951171875,409.79998779296875,405.94000244140625,408.9800109863281,3368984
2025-11-18 14:30:00+00:00,405.3800048828125,408.8999938964844,400.3599853515625,400.4800109863281,6963433
2025-11-18 14:45:00+00:00,400.4361877441406,403.54998779296875,396.29998779296875,396.3900146484375,5401978
2025-11-18 15:00:00+00:00,396.3927001953125,398.8699951171875,393.7099914550781,397.7699890136719,4771369
2025-11-18 15:15:00+00:00,397.760009765625,400.1400146484375,395.4700012207031,396.7200012207031,3028308
2025-11-18 15:30:00+00:00,396.7113037109375,398.55999755859375,394.6099853515625,397.7449951171875,2636291
2025-11-18 15:45:00+00:00,397.66009521484375,399.55999755859375,396.0400085449219,398.6000061035156,2040686
2025-11-18 16:00:00+00:00,398.6499938964844,403.5,396.760009765625,402.152587890625,3032494
2025-11-18 16:15:00+00:00,402.1199951171875,405.2698974609375,400.67999267578125,404.0799865722656,2681912
2025-11-18 16:30:00+00:00,404.05499267578125,405.08990478515625,402.25,403.30999755859375,2204383
2025-11-18 16:45:00+00:00,403.3399963378906,405.54998779296875,402.3800048828125,404.8900146484375,1816621
2025-11-18 17:00:00+00:00,404.8800048828125,405.8500061035156,403.260009765625,403.5299987792969,1618192
2025-11-18 17:15:00+00:00,403.5299987792969,404.4700012207031,401.44000244140625,402.0899963378906,1491201
2025-11-18 17:30:00+00:00,402.07000732421875,408.510009765625,401.260009765625,407.6499938964844,2209209
2025-11-18 17:45:00+00:00,407.739990234375,408.6000061035156,406.1000061035156,406.9100036621094,2216499
2025-11-18 18:00:00+00:00,406.8987121582031,407.5899963378906,405.5199890136719,405.6000061035156,1529009
2025-11-18 18:15:00+00:00,405.6700134277344,405.95989990234375,403.92999267578125,404.1036071777344,1581450
2025-11-18 18:30:00+00:00,404.0849914550781,406.3999938964844,404.01519775390625,405.05999755859375,1483665
2025-11-18 18:45:00+00:00,405.04998779296875,406.2200012207031,402.1199951171875,402.614990234375,1442566
2025-11-18 19:00:00+00:00,402.6700134277344,404.3299865722656,402.010009765625,403.7300109863281,1700037
2025-11-18 19:15:00+00:00,403.79998779296875,404.8294982910156,402.5,402.8699951171875,1277118
2025-11-18 19:30:00+00:00,402.8900146484375,406.6000061035156,402.1600036621094,404.6199951171875,1640344
2025-11-18 19:45:00+00:00,404.625,406.29998779296875,403.0,405.6405944824219,1436492
2025-11-18 20:00:00+00:00,405.6600036621094,405.8599853515625,403.55999755859375,404.18719482421875,1233356
2025-11-18 20:15:00+00:00,404.1199951171875,404.8299865722656,400.7900085449219,402.1300048828125,1689667
2025-11-18 20:30:00+00:00,402.1499938964844,403.4916076660156,401.3699951171875,402.0299987792969,1590466
2025-11-18 20:45:00+00:00,402.0350036621094,402.8800048828125,401.0,401.260009765625,2487213
2025-11-19 14:30:00+00:00,406.2099914550781,406.5,401.2099914550781,401.45001220703125,4894290
2025-11-19 14:45:00+00:00,401.4700012207031,408.42999267578125,400.401611328125,408.2049865722656,3944763
2025-11-19 15:00:00+00:00,408.25,411.7799987792969,407.42999267578125,410.0,4429545
2025-11-19 15:15:00+00:00,409.8999938964844,411.3999938964844,409.0,410.9649963378906,2533220
2025-11-19 15:30:00+00:00,410.9649963378906,411.29998779296875,407.6000061035156,408.13641357421875,2514625
2025-11-19 15:45:00+00:00,408.04010009765625,408.0599060058594,403.5899963378906,404.8800048828125,2828382
2025-11-19 16:00:00+00:00,404.8800048828125,406.44989013671875,403.9200134277344,406.06689453125,2373538
2025-11-19 16:15:00+00:00,406.0299987792969,409.2900085449219,405.95001220703125,408.9241027832031,2421145
2025-11-19 16:30:00+00:00,408.93499755859375,409.4808044433594,404.6763000488281,405.1400146484375,2091890
2025-11-19 16:45:00+00:00,405.1199951171875,406.38299560546875,404.5600891113281,405.8699951171875,1555204
2025-11-19 17:00:00+00:00,405.8800964355469,406.07000732421875,402.05999755859375,402.2900085449219,1815520
2025-11-19 17:15:00+00:00,402.30999755859375,403.4898986816406,401.5799865722656,403.0,1653894
2025-11-19 17:30:00+00:00,402.9200134277344,403.34991455078125,398.5,402.92999267578125,2513432
2025-11-19 17:45:00+00:00,402.8900146484375,404.4200134277344,402.04998779296875,402.9200134277344,1806887
2025-11-19 18:00:00+00:00,402.9049987792969,403.8500061035156,401.6300048828125,403.3999938964844,1183772
2025-11-19 18:15:00+00:00,403.3900146484375,403.7699890136719,400.1200866699219,400.235107421875,1204926
2025-11-19 18:30:00+00:00,400.2099914550781,403.5799865722656,399.8599853515625,401.4100036621094,1339324
2025-11-19 18:45:00+00:00,401.4049987792969,403.3099060058594,400.8999938964844,402.9150085449219,1120196
2025-11-19 19:00:00+00:00,402.9700012207031,403.239990234375,400.9100036621094,402.07000732421875,1114489
2025-11-19 19:15:00+00:00,402.010009765625,402.3500061035156,400.42999267578125,400.7250061035156,956378
2025-11-19 19:30:00+00:00,400.6925964355469,401.5494079589844,400.1700134277344,400.9718933105469,982786
2025-11-19 19:45:00+00:00,400.95001220703125,403.8299865722656,400.5799865722656,402.1911926269531,1436278
2025-11-19 20:00:00+00:00,402.17999267578125,403.2799987792969,401.2301025390625,402.5799865722656,1088857
2025-11-19 20:15:00+00:00,402.6099853515625,406.0,402.5799865722656,404.60650634765625,2038507
2025-11-19 20:30:00+00:00,404.5799865722656,405.5398864746094,403.22760009765625,404.1004943847656,1373713
2025-11-19 20:45:00+00:00,404.1099853515625,404.739990234375,401.75,404.07000732421875,2250186
2025-11-20 14:30:00+00:00,414.6300048828125,423.1499938964844,414.6300048828125,422.6388854980469,7702975
2025-11-20 14:45:00+00:00,422.6300048828125,425.7799987792969,421.8999938964844,425.760009765625,5227119
2025-11-20 15:00:00+00:00,425.7799987792969,427.4200134277344,423.1000061035156,423.8900146484375,4644782
2025-11-20 15:15:00+00:00,423.989990234375,428.1494140625,422.6741943359375,427.8081970214844,3875499
2025-11-20 15:30:00+00:00,427.8688049316406,428.94000244140625,426.0,427.3999938964844,3026167
2025-11-20 15:45:00+00:00,427.42999267578125,428.1099853515625,423.4700012207031,423.6300048828125,2667837
2025-11-20 16:00:00+00:00,423.6600036621094,424.139892578125,419.489990234375,419.6263122558594,3727654
2025-11-20 16:15:00+00:00,419.635009765625,421.3900146484375,417.1199951171875,418.3124084472656,4064325
2025-11-20 16:30:00+00:00,418.2799987792969,419.1099853515625,413.6199951171875,414.2900085449219,3579747
2025-11-20 16:45:00+00:00,414.35699462890625,417.20001220703125,407.41009521484375,408.739990234375,4022656
2025-11-20 17:00:00+00:00,408.7699890136719,411.2080078125,404.2301025390625,406.1300048828125,3842326
2025-11-20 17:15:00+00:00,406.0,406.1899108886719,401.55999755859375,404.19500732421875,3494817
2025-11-20 17:30:00+00:00,404.1199951171875,405.7699890136719,398.4800109863281,400.45001220703125,3579521
2025-11-20 17:45:00+00:00,400.4599914550781,405.2699890136719,399.57000732421875,404.114990234375,2858866
2025-11-20 18:00:00+00:00,404.114990234375,408.1400146484375,402.32000732421875,407.8699951171875,3027721
2025-11-20 18:15:00+00:00,407.8800048828125,408.1600036621094,403.4501037597656,405.20001220703125,2540034
2025-11-20 18:30:00+00:00,405.19000244140625,405.79998779296875,401.1000061035156,401.7923889160156,1866169
2025-11-20 18:45:00+00:00,401.79998779296875,402.25,397.5899963378906,399.7373962402344,2541510
2025-11-20 19:00:00+00:00,399.70001220703125,400.3280029296875,397.3900146484375,399.956787109375,2059720
2025-11-20 19:15:00+00:00,399.92498779296875,403.1400146484375,398.9200134277344,402.3778076171875,1964533
2025-11-20 19:30:00+00:00,402.3299865722656,402.3599853515625,399.5199890136719,401.19000244140625,1688934
2025-11-20 19:45:00+00:00,401.1549987792969,404.57989501953125,399.79998779296875,404.3550109863281,1828528
2025-11-20 20:00:00+00:00,404.32000732421875,404.32000732421875,400.6199951171875,401.45001220703125,1763485
2025-11-20 20:15:00+00:00,401.47869873046875,402.2998962402344,398.0400085449219,399.739990234375,1909289
2025-11-20 20:30:00+00:00,399.7799987792969,400.6300048828125,397.6199951171875,398.8699951171875,2188558
2025-11-20 20:45:00+00:00,398.8399963378906,399.6499938964844,394.7449951171875,395.07000732421875,25077790
2025-11-21 14:30:00+00:00,402.2950134277344,402.6839904785156,397.0,398.1549987792969,8274584
2025-11-21 14:45:00+00:00,398.010009765625,401.8399963378906,394.7432861328125,395.16009521484375,4503554
2025-11-21 15:00:00+00:00,395.17999267578125,398.3699951171875,393.1700134277344,394.6700134277344,3664140
2025-11-21 15:15:00+00:00,394.6700134277344,395.5899963378906,387.79998779296875,388.206298828125,4546083
2025-11-21 15:30:00+00:00,388.2099914550781,390.1400146484375,384.239990234375,387.5231018066406,4419601
2025-11-21 15:45:00+00:00,387.5851135253906,390.2391052246094,385.5108947753906,385.8299865722656,3144533
2025-11-21 16:00:00+00:00,385.69000244140625,388.0899963378906,383.760009765625,387.29998779296875,2566383
2025-11-21 16:15:00+00:00,387.3349914550781,391.510009765625,385.0299987792969,391.3800964355469,2581804
2025-11-21 16:30:00+00:00,391.4700012207031,394.5,389.7481994628906,393.9150085449219,3287986
2025-11-21 16:45:00+00:00,393.9150085449219,399.3999938964844,393.2200012207031,398.7900085449219,3465486
2025-11-21 17:00:00+00:00,398.7799987792969,400.3800048828125,397.4200134277344,399.17999267578125,2778709
2025-11-21 17:15:00+00:00,399.2349853515625,401.2099914550781,397.8699951171875,400.375,2672919
2025-11-21 17:30:00+00:00,400.3900146484375,402.25,399.6099853515625,400.8699951171875,2014560
2025-11-21 17:45:00+00:00,400.864990234375,401.2398986816406,397.9100036621094,398.95001220703125,1974004
2025-11-21 18:00:00+00:00,398.989990234375,399.54998779296875,394.8505859375,395.7099914550781,2245733
2025-11-21 18:15:00+00:00,395.68499755859375,396.3399963378906,393.1701965332031,394.6400146484375,2005905
2025-11-21 18:30:00+00:00,394.6400146484375,398.3299865722656,394.3800048828125,398.18499755859375,2152462
2025-11-21 18:45:00+00:00,398.2200012207031,402.32000732421875,398.0199890136719,399.3485107421875,2841053
2025-11-21 19:00:00+00:00,399.3699951171875,401.08380126953125,398.739990234375,400.6000061035156,19356838
2025-11-21 19:15:00+00:00,400.69000244140625,401.80999755859375,400.0899963378906,401.70001220703125,1580878
2025-11-21 19:30:00+00:00,401.739990234375,402.010009765625,398.1000061035156,398.4700012207031,1727555
2025-11-21 19:45:00+00:00,398.5799865722656,398.8999938964844,396.20001220703125,397.30999755859375,1459665
2025-11-21 20:00:00+00:00,397.2749938964844,398.6499938964844,396.6700134277344,397.9237060546875,1437433
2025-11-21 20:15:00+00:00,397.8999938964844,398.7799987792969,395.7099914550781,395.7904968261719,1586294
2025-11-21 20:30:00+00:00,395.760009765625,397.6000061035156,394.6499938964844,395.01800537109375,1894584
2025-11-21 20:45:00+00:00,395.0299987792969,396.260009765625,390.57000732421875,391.20001220703125,3525536
2025-11-24 14:30:00+00:00,402.1600036621094,411.2799072265625,401.2300109863281,408.1600036621094,8493214
2025-11-24 14:45:00+00:00,408.07000732421875,412.1099853515625,405.8599853515625,411.7897033691406,4879513
2025-11-24 15:00:00+00:00,411.7699890136719,416.1600036621094,411.4601135253906,415.78619384765625,4697178
2025-11-24 15:15:00+00:00,415.7900085449219,416.25,412.60009765625,414.69000244140625,3438505
2025-11-24 15:30:00+00:00,414.6650085449219,417.3900146484375,414.1000061035156,416.6199951171875,2970946
2025-11-24 15:45:00+00:00,416.67999267578125,417.0299987792969,413.8999938964844,414.8599853515625,2429490
2025-11-24 16:00:00+00:00,414.8500061035156,419.5,414.6000061035156,419.3900146484375,2792636
2025-11-24 16:15:00+00:00,419.38690185546875,419.69000244140625,417.3999938964844,417.5600891113281,2798482
2025-11-24 16:30:00+00:00,417.55999755859375,418.79998779296875,416.6900939941406,418.3598937988281,2047205
2025-11-24 16:45:00+00:00,418.29998779296875,420.3699951171875,418.20001220703125,418.9660949707031,2667743
2025-11-24 17:00:00+00:00,418.9700012207031,420.20001220703125,417.94000244140625,418.1099853515625,1671163
2025-11-24 17:15:00+00:00,418.1000061035156,419.7300109863281,417.8800048828125,418.95001220703125,1492528
2025-11-24 17:30:00+00:00,418.8999938964844,420.489990234375,418.56500244140625,419.68548583984375,1402454
2025-11-24 17:45:00+00:00,419.6499938964844,420.17999267578125,418.5299987792969,419.0585021972656,1544872
2025-11-24 18:00:00+00:00,419.0199890136719,419.9599914550781,419.0,419.29998779296875,1109937
2025-11-24 18:15:00+00:00,419.29998779296875,419.54998779296875,418.010009765625,418.6000061035156,1285934
2025-11-24 18:30:00+00:00,418.6099853515625,419.5,418.1199951171875,419.2489013671875,1160973
2025-11-24 18:45:00+00:00,419.21820068359375,419.67999267578125,418.6400146484375,419.4169006347656,1039771
2025-11-24 19:00:00+00:00,419.4200134277344,421.7099914550781,419.05999755859375,421.05999755859375,2153124
2025-11-24 19:15:00+00:00,421.0942077636719,421.2200012207031,419.1000061035156,419.25,1450281
2025-11-24 19:30:00+00:00,419.29998779296875,419.5,417.4100036621094,417.510009765625,1820691
2025-11-24 19:45:00+00:00,417.489990234375,418.3299865722656,416.8900146484375,417.5400085449219,1496267
2025-11-24 20:00:00+00:00,417.55999755859375,419.2300109863281,417.2200012207031,417.82000732421875,1913556
2025-11-24 20:15:00+00:00,417.8171081542969,418.25,416.0,417.0799865722656,1914011
2025-11-24 20:30:00+00:00,417.0199890136719,418.7099914550781,416.8500061035156,418.0199890136719,1764086
2025-11-24 20:45:00+00:00,418.0299987792969,421.45001220703125,416.6499938964844,417.5899963378906,4111963
2025-11-25 14:30:00+00:00,414.4100036621094,415.19000244140625,410.0775146484375,410.6400146484375,6170008
2025-11-25 14:45:00+00:00,410.635009765625,413.4800109863281,407.2900085449219,412.3699035644531,4775773
2025-11-25 15:00:00+00:00,412.20001220703125,412.3399963378906,408.07000732421875,409.8999938964844,3188821
2025-11-25 15:15:00+00:00,409.8999938964844,410.5,405.95001220703125,408.51849365234375,3134289
2025-11-25 15:30:00+00:00,408.489990234375,409.9700012207031,408.05029296875,409.92498779296875,2136591
2025-11-25 15:45:00+00:00,409.9599914550781,412.20001220703125,409.239990234375,411.0588073730469,2413615
2025-11-25 16:00:00+00:00,411.031005859375,411.9599914550781,408.7510070800781,408.8800048828125,1726313
2025-11-25 16:15:00+00:00,408.8399963378906,412.6650085449219,408.5101013183594,412.4751892089844,1833823
2025-11-25 16:30:00+00:00,412.4949951171875,414.8800048828125,412.3999938964844,414.6499938964844,3160041
2025-11-25 16:45:00+00:00,414.6400146484375,415.3800048828125,413.7301025390625,414.239990234375,1832383
2025-11-25 17:00:00+00:00,414.20001220703125,418.5400085449219,414.1900939941406,417.7799987792969,2392382
2025-11-25 17:15:00+00:00,417.8699951171875,419.1300048828125,417.1700134277344,418.4200134277344,1844035
2025-11-25 17:30:00+00:00,418.4010009765625,420.4800109863281,418.2137145996094,419.5087890625,2141097
2025-11-25 17:45:00+00:00,419.5271911621094,420.2300109863281,417.2101135253906,417.510009765625,1403656
2025-11-25 18:00:00+00:00,417.5350036621094,419.6199951171875,417.42999267578125,418.5,1292120
2025-11-25 18:15:00+00:00,418.45001220703125,418.8598937988281,417.6600036621094,418.6199951171875,1037377
2025-11-25 18:30:00+00:00,418.6300048828125,418.9700012207031,417.9200134277344,418.37750244140625,866102
2025-11-25 18:45:00+00:00,418.3800048828125,418.67999267578125,416.4100036621094,417.0971984863281,1335396
2025-11-25 19:00:00+00:00,417.0758972167969,417.3900146484375,415.8584899902344,416.5824890136719,1281423
2025-11-25 19:15:00+00:00,416.5450134277344,417.20001220703125,415.5199890136719,416.9700927734375,1142080
2025-11-25 19:30:00+00:00,416.9729919433594,417.2699890136719,414.6700134277344,415.364990234375,1362145
2025-11-25 19:45:00+00:00,415.364990234375,417.5400085449219,414.6099853515625,417.3399963378906,1304672
2025-11-25 20:00:00+00:00,417.3399963378906,418.4599914550781,416.79998779296875,417.0299987792969,1361761
2025-11-25 20:15:00+00:00,417.0530090332031,418.07000732421875,416.5849914550781,417.54998779296875,1088793
2025-11-25 20:30:00+00:00,417.5799865722656,418.8900146484375,417.4700012207031,417.864990234375,1418426
2025-11-25 20:45:00+00:00,417.8699951171875,420.1600036621094,417.80999755859375,419.30999755859375,2805673
2025-11-26 14:30:00+00:00,423.9825134277344,425.5199890136719,418.2200012207031,421.5,6018310
2025-11-26 14:45:00+00:00,421.5,423.3299865722656,417.0683898925781,417.4700012207031,4057651
2025-11-26 15:00:00+00:00,417.4549865722656,419.6300048828125,416.8900146484375,418.0000915527344,2967867
2025-11-26 15:15:00+00:00,418.0,420.17999267578125,417.5899963378906,419.5372009277344,2013616
2025-11-26 15:30:00+00:00,419.5504150390625,421.30999755859375,417.8999938964844,418.1191101074219,2275235
2025-11-26 15:45:00+00:00,418.1199951171875,419.7008056640625,417.5,419.2749938964844,1874072
2025-11-26 16:00:00+00:00,419.239990234375,419.8800048828125,418.70001220703125,419.098388671875,1167125
2025-11-26 16:15:00+00:00,419.131591796875,421.0198974609375,419.05999755859375,419.17999267578125,1472943
2025-11-26 16:30:00+00:00,419.29998779296875,420.6400146484375,418.2349853515625,420.03289794921875,1468311
2025-11-26 16:45:00+00:00,420.1000061035156,420.80999755859375,419.0799865722656,420.6600036621094,1345655
2025-11-26 17:00:00+00:00,420.6390075683594,421.8500061035156,420.6390075683594,421.0191955566406,1429736
2025-11-26 17:15:00+00:00,421.0299987792969,421.04998779296875,419.5199890136719,420.7799987792969,1118213
2025-11-26 17:30:00+00:00,420.82000732421875,421.7300109863281,420.239990234375,421.7200012207031,977118
2025-11-26 17:45:00+00:00,421.7300109863281,423.0400085449219,421.6099853515625,422.4783020019531,1533192
2025-11-26 18:00:00+00:00,422.47601318359375,423.7300109863281,421.2799987792969,422.9400939941406,1744234
2025-11-26 18:15:00+00:00,422.95001220703125,424.0899963378906,422.1199951171875,423.5299987792969,1283311
2025-11-26 18:30:00+00:00,423.510009765625,423.9700012207031,422.3500061035156,422.3500061035156,1049376
2025-11-26 18:45:00+00:00,422.3315124511719,423.489990234375,422.0199890136719,423.19219970703125,1135967
2025-11-26 19:00:00+00:00,423.17999267578125,424.75,423.010009765625,424.6300964355469,1549131
2025-11-26 19:15:00+00:00,424.6499938964844,426.409912109375,424.42999267578125,426.3114929199219,1893608
2025-11-26 19:30:00+00:00,426.30999755859375,426.4200134277344,424.2900085449219,424.38519287109375,1721863
2025-11-26 19:45:00+00:00,424.3819885253906,424.79998779296875,423.32000732421875,424.2099914550781,1289071
2025-11-26 20:00:00+00:00,424.239990234375,425.4299011230469,423.8399963378906,425.19989013671875,1280327
2025-11-26 20:15:00+00:00,425.1664123535156,425.3299865722656,424.70001220703125,425.1213073730469,967865
2025-11-26 20:30:00+00:00,425.125,425.22698974609375,424.0,424.7200012207031,1144658
2025-11-26 20:45:00+00:00,424.739990234375,426.94000244140625,424.6034851074219,426.4750061035156,2840965
2025-11-28 14:30:00+00:00,426.4700012207031,432.92999267578125,426.45001220703125,428.67999267578125,5317363
2025-11-28 14:45:00+00:00,428.67999267578125,430.7799987792969,428.25,429.097412109375,2310352
2025-11-28 15:00:00+00:00,429.1000061035156,429.4700012207031,426.6814880371094,427.6499938964844,2488958
2025-11-28 15:15:00+00:00,427.6199951171875,429.0799865722656,426.20001220703125,427.3727111816406,1943866
2025-11-28 15:30:00+00:00,427.41949462890625,428.55999755859375,426.79998779296875,428.20001220703125,1509413
2025-11-28 15:45:00+00:00,428.1803894042969,430.4314880371094,427.8500061035156,430.2026062011719,1736306
2025-11-28 16:00:00+00:00,430.17999267578125,431.7200012207031,429.60400390625,431.6300048828125,1770486
2025-11-28 16:15:00+00:00,431.6300048828125,432.3800048828125,429.03271484375,429.1600036621094,2076880
2025-11-28 16:30:00+00:00,429.1910095214844,430.3399963378906,428.45001220703125,429.5249938964844,1596255
2025-11-28 16:45:00+00:00,429.5199890136719,429.57000732421875,428.6700134277344,429.3399963378906,928690
2025-11-28 17:00:00+00:00,429.3599853515625,429.79998779296875,428.8800048828125,429.5799865722656,909203
2025-11-28 17:15:00+00:00,429.5736083984375,430.1499938964844,429.21820068359375,429.71990966796875,1020370
2025-11-28 17:30:00+00:00,429.69000244140625,429.7049865722656,428.25,428.82000732421875,1344843
2025-11-28 17:45:00+00:00,428.8299865722656,430.55999755859375,428.70001220703125,430.17999267578125,1774068
2025-12-01 14:30:00+00:00,425.3500061035156,431.4599914550781,425.29998779296875,426.9125061035156,5440585
2025-12-01 14:45:00+00:00,426.92999267578125,429.5,425.8500061035156,429.0484924316406,2945775
2025-12-01 15:00:00+00:00,429.04998779296875,433.659912109375,427.8500061035156,431.0249938964844,3550846
2025-12-01 15:15:00+00:00,430.9700012207031,432.1000061035156,428.19000244140625,428.29998779296875,2213188
2025-12-01 15:30:00+00:00,428.3163146972656,428.57000732421875,426.30999755859375,426.94000244140625,2265658
2025-12-01 15:45:00+00:00,426.9100036621094,429.69000244140625,426.3599853515625,429.5,1824187
2025-12-01 16:00:00+00:00,429.510009765625,429.6400146484375,426.2286071777344,426.9649963378906,1618326
2025-12-01 16:15:00+00:00,426.8999938964844,427.55999755859375,425.79998779296875,427.1299133300781,1378275
2025-12-01 16:30:00+00:00,427.0899963378906,427.9100036621094,426.6199951171875,427.6050109863281,921090
2025-12-01 16:45:00+00:00,427.5816955566406,428.42999267578125,427.3900146484375,428.04998779296875,994536
2025-12-01 17:00:00+00:00,428.0400085449219,429.55999755859375,427.7799987792969,428.22918701171875,1349164
2025-12-01 17:15:00+00:00,428.25,429.20001220703125,427.3299865722656,429.1465148925781,1099738
2025-12-01 17:30:00+00:00,429.1300048828125,430.67999267578125,428.7900085449219,430.6593017578125,1463697
2025-12-01 17:45:00+00:00,430.6300048828125,431.1099853515625,428.8900146484375,429.2900085449219,1364396
2025-12-01 18:00:00+00:00,429.2889099121094,430.3299865722656,429.1400146484375,429.9549865722656,923275
2025-12-01 18:15:00+00:00,429.92999267578125,429.99920654296875,428.9100036621094,429.2799987792969,763302
2025-12-01 18:30:00+00:00,429.31500244140625,429.3800048828125,428.05999755859375,428.260009765625,707564
2025-12-01 18:45:00+00:00,428.260009765625,428.8099060058594,427.75,428.45050048828125,8605744
2025-12-01 19:00:00+00:00,428.489990234375,428.6177062988281,427.010009765625,427.760009765625,1194824
2025-12-01 19:15:00+00:00,427.7334899902344,428.25,427.2200012207031,427.84820556640625,986331
2025-12-01 19:30:00+00:00,427.7799987792969,427.7799987792969,426.4700012207031,426.70001220703125,1199257
2025-12-01 19:45:00+00:00,426.6925048828125,427.19000244140625,426.32000732421875,426.5122985839844,892195
2025-12-01 20:00:00+00:00,426.5199890136719,428.1000061035156,426.3399963378906,427.9939880371094,1106114
2025-12-01 20:15:00+00:00,427.9939880371094,428.8800048828125,427.5,428.82000732421875,1096621
2025-12-01 20:30:00+00:00,428.8399963378906,429.7200012207031,428.5400085449219,429.2943115234375,1519273
2025-12-01 20:45:00+00:00,429.29998779296875,430.2998962402344,428.6700134277344,430.2998962402344,2173375
2025-12-02 14:30:00+00:00,430.9599914550781,433.5,428.8500061035156,429.93011474609375,5103731
2025-12-02 14:45:00+00:00,430.0,430.7300109863281,427.739990234375,428.9584045410156,2968418
2025-12-02 15:00:00+00:00,428.95001220703125,436.79998779296875,428.8999938964844,434.625,4783052
2025-12-02 15:15:00+00:00,434.6199951171875,434.79998779296875,429.2300109863281,429.80999755859375,3554090
2025-12-02 15:30:00+00:00,429.864990234375,431.6000061035156,429.1300048828125,430.5199890136719,2630267
2025-12-02 15:45:00+00:00,430.5299987792969,431.9700012207031,429.54998779296875,429.7799072265625,1825378
2025-12-02 16:00:00+00:00,429.760009765625,429.7799987792969,425.4599914550781,425.79998779296875,2921550
2025-12-02 16:15:00+00:00,425.70001220703125,426.70001220703125,423.0899963378906,424.1997985839844,3003394
2025-12-02 16:30:00+00:00,424.1499938964844,425.1099853515625,422.1199951171875,423.6000061035156,2460185
2025-12-02 16:45:00+00:00,423.57501220703125,425.20001220703125,423.0,424.2650146484375,1555680
2025-12-02 17:00:00+00:00,424.29998779296875,425.1000061035156,423.6300048828125,424.7650146484375,1219302
2025-12-02 17:15:00+00:00,424.7799987792969,426.2099914550781,424.70001220703125,425.51800537109375,1537786
2025-12-02 17:30:00+00:00,425.5299987792969,425.80999755859375,424.1499938964844,424.32501220703125,1042177
2025-12-02 17:45:00+00:00,424.30999755859375,425.0400085449219,423.3900146484375,423.3999938964844,1064907
2025-12-02 18:00:00+00:00,423.3599853515625,424.65399169921875,423.0,424.3868103027344,1180984
2025-12-02 18:15:00+00:00,424.3999938964844,425.409912109375,424.0199890136719,425.1195068359375,1008682
2025-12-02 18:30:00+00:00,425.0,425.54998779296875,424.05999755859375,425.2349853515625,920832
2025-12-02 18:45:00+00:00,425.20001220703125,426.2699890136719,424.85009765625,426.19000244140625,1073936
2025-12-02 19:00:00+00:00,426.1600036621094,427.57000732421875,425.8999938964844,426.8500061035156,1384183
2025-12-02 19:15:00+00:00,426.82000732421875,427.20001220703125,425.3599853515625,426.82000732421875,1236414
2025-12-02 19:30:00+00:00,426.82000732421875,428.1300048828125,426.75,427.6600036621094,1303262
2025-12-02 19:45:00+00:00,427.6700134277344,429.3999938964844,427.55059814453125,429.239990234375,1453478
2025-12-02 20:00:00+00:00,429.2296142578125,431.05999755859375,428.7099914550781,430.8900146484375,1782117
2025-12-02 20:15:00+00:00,430.9100036621094,430.9700012207031,430.05999755859375,430.3900146484375,1388054
2025-12-02 20:30:00+00:00,430.3800048828125,430.5,428.9200134277344,429.2449951171875,1451532
2025-12-02 20:45:00+00:00,429.260009765625,430.0,429.010009765625,429.010009765625,1873901
2025-12-03 14:30:00+00:00,431.8450012207031,438.6000061035156,431.1174011230469,436.5498962402344,8484065
2025-12-03 14:45:00+00:00,436.5400085449219,438.8900146484375,436.1099853515625,437.44000244140625,3998200
2025-12-03 15:00:00+00:00,437.44000244140625,442.05999755859375,436.9700012207031,438.8900146484375,5007413
2025-12-03 15:15:00+00:00,438.9599914550781,442.6099853515625,438.4700012207031,441.2699890136719,3273880
2025-12-03 15:30:00+00:00,441.260009765625,444.3800048828125,440.6499938964844,444.2099914550781,3202476
2025-12-03 15:45:00+00:00,444.20001220703125,444.20001220703125,440.3399963378906,440.6401062011719,2561665
2025-12-03 16:00:00+00:00,440.6449890136719,441.7900085449219,438.7699890136719,439.4473876953125,2481969
2025-12-03 16:15:00+00:00,439.4599914550781,439.8689880371094,437.75,439.50201416015625,2107525
2025-12-03 16:30:00+00:00,439.510009765625,442.30999755859375,439.19000244140625,442.1499938964844,2158883
2025-12-03 16:45:00+00:00,442.1700134277344,442.2799987792969,439.510009765625,440.19000244140625,2066982
2025-12-03 17:00:00+00:00,440.1994934082031,440.8599853515625,439.4200134277344,440.37799072265625,1285283
2025-12-03 17:15:00+00:00,440.3900146484375,441.5599060058594,440.3399963378906,441.29998779296875,1160244
2025-12-03 17:30:00+00:00,441.2799987792969,442.1199951171875,441.0,441.6199951171875,1013038
2025-12-03 17:45:00+00:00,441.5899963378906,442.17999267578125,440.9700012207031,441.2149963378906,1014909
2025-12-03 18:00:00+00:00,441.25,442.3699951171875,441.010009765625,441.7701110839844,1027886
2025-12-03 18:15:00+00:00,441.7900085449219,443.30499267578125,441.2799987792969,443.2799987792969,1128501
2025-12-03 18:30:00+00:00,443.29998779296875,443.9898986816406,442.6099853515625,443.82470703125,1332613
2025-12-03 18:45:00+00:00,443.81500244140625,447.5,443.7300109863281,446.42498779296875,3334261
2025-12-03 19:00:00+00:00,446.4200134277344,447.6700134277344,446.010009765625,447.4518127441406,1908493
2025-12-03 19:15:00+00:00,447.4599914550781,447.9142150878906,446.8800048828125,446.9700012207031,1682756
2025-12-03 19:30:00+00:00,446.9700012207031,447.0199890136719,445.6600036621094,446.0,1793255
2025-12-03 19:45:00+00:00,445.9700012207031,446.25,445.0299987792969,445.4200134277344,1309088
2025-12-03 20:00:00+00:00,445.4800109863281,447.7699890136719,445.4599914550781,447.5504150390625,1934096
2025-12-03 20:15:00+00:00,447.57000732421875,447.6000061035156,446.1499938964844,446.29998779296875,1375475
2025-12-03 20:30:00+00:00,446.2900085449219,447.2699890136719,446.19000244140625,446.3099060058594,1510100
2025-12-03 20:45:00+00:00,446.2900085449219,447.2699890136719,445.2799987792969,446.8800048828125,2956039
2025-12-04 14:30:00+00:00,449.6000061035156,452.5400085449219,445.8500061035156,452.0199890136719,8600076
2025-12-04 14:45:00+00:00,451.9800109863281,454.625,450.5899963378906,450.9507141113281,4644608
2025-12-04 15:00:00+00:00,450.9693908691406,452.739990234375,449.1499938964844,449.6199951171875,3035030
2025-12-04 15:15:00+00:00,449.6199951171875,450.07000732421875,445.3900146484375,448.510009765625,3402629
2025-12-04 15:30:00+00:00,448.5299987792969,451.7099914550781,447.8760070800781,450.2699890136719,2653885
2025-12-04 15:45:00+00:00,450.29998779296875,450.455810546875,447.94000244140625,448.3450012207031,1805242
2025-12-04 16:00:00+00:00,448.3550109863281,449.0799865722656,446.80999755859375,447.9045104980469,1924058
2025-12-04 16:15:00+00:00,447.8999938964844,449.42999267578125,447.30999755859375,448.6300048828125,1397552
2025-12-04 16:30:00+00:00,448.5400085449219,450.29998779296875,448.30999755859375,448.5321960449219,1657435
2025-12-04 16:45:00+00:00,448.5447082519531,449.8299865722656,448.5400085449219,449.7200012207031,1148563
2025-12-04 17:00:00+00:00,449.7200012207031,450.79998779296875,449.1400146484375,450.1409912109375,1354027
2025-12-04 17:15:00+00:00,450.1400146484375,450.7900085449219,449.5899963378906,449.80999755859375,1010759
2025-12-04 17:30:00+00:00,449.8299865722656,449.8760070800781,448.6000061035156,449.3900146484375,1091305
2025-12-04 17:45:00+00:00,449.3800964355469,449.4700012207031,448.010009765625,448.4067077636719,953978
2025-12-04 18:00:00+00:00,448.3599853515625,448.659912109375,446.6000061035156,448.5849914550781,1341741
2025-12-04 18:15:00+00:00,448.5899963378906,449.3900146484375,448.05999755859375,448.4599914550781,1059662
2025-12-04 18:30:00+00:00,448.4599914550781,449.32000732421875,448.2799987792969,448.8301086425781,891232
2025-12-04 18:45:00+00:00,448.8996887207031,449.3800048828125,448.3500061035156,448.7699890136719,720435
2025-12-04 19:00:00+00:00,448.7774963378906,449.3599853515625,448.489990234375,448.8450012207031,778107
2025-12-04 19:15:00+00:00,448.79998779296875,449.3900146484375,446.20001220703125,447.5350036621094,1614634
2025-12-04 19:30:00+00:00,447.5199890136719,449.92999267578125,447.340087890625,449.55999755859375,1590602
2025-12-04 19:45:00+00:00,449.54998779296875,450.1499938964844,449.29998779296875,449.6000061035156,1182717
2025-12-04 20:00:00+00:00,449.5400085449219,450.1289978027344,448.8500061035156,449.7763977050781,1178862
2025-12-04 20:15:00+00:00,449.7605895996094,451.0299987792969,449.3299865722656,450.7850036621094,1253549
2025-12-04 20:30:00+00:00,450.82000732421875,451.75,450.7900085449219,451.3800048828125,1524921
2025-12-04 20:45:00+00:00,451.3699951171875,454.6300048828125,450.7799987792969,454.510009765625,3770534
2025-12-05 14:30:00+00:00,452.9700012207031,458.5,452.9700012207031,455.75,6104142
2025-12-05 14:45:00+00:00,455.7349853515625,457.260009765625,454.04998779296875,455.1499938964844,2649093
2025-12-05 15:00:00+00:00,455.20001220703125,456.9800109863281,454.0199890136719,456.2486877441406,2495893
2025-12-05 15:15:00+00:00,456.2662048339844,456.4200134277344,454.760009765625,455.7701110839844,1717174
2025-12-05 15:30:00+00:00,455.7539978027344,458.3900146484375,455.55999755859375,457.9482116699219,2156902
2025-12-05 15:45:00+00:00,457.9495849609375,458.8699951171875,455.2699890136719,456.3699951171875,2772279
2025-12-05 16:00:00+00:00,456.3699951171875,457.0802001953125,454.07000732421875,454.1099853515625,1853480
2025-12-05 16:15:00+00:00,454.05999755859375,454.3299865722656,452.4700012207031,453.125,2421215
2025-12-05 16:30:00+00:00,453.125,454.6199951171875,451.6600036621094,454.2955017089844,1721544
2025-12-05 16:45:00+00:00,454.2699890136719,455.6000061035156,454.052001953125,455.0350036621094,1332775
2025-12-05 17:00:00+00:00,455.0245056152344,455.20001220703125,453.04998779296875,453.44000244140625,1273591
2025-12-05 17:15:00+00:00,453.41949462890625,454.2300109863281,453.2699890136719,453.54998779296875,803162
2025-12-05 17:30:00+00:00,453.4800109863281,454.3800048828125,453.29998779296875,453.9849853515625,789002
2025-12-05 17:45:00+00:00,454.0,454.8500061035156,453.7799987792969,454.6521911621094,842870
2025-12-05 18:00:00+00:00,454.6700134277344,454.79998779296875,454.17999267578125,454.4150085449219,625384
2025-12-05 18:15:00+00:00,454.42999267578125,455.5299987792969,453.9100036621094,455.2799987792969,1048613
2025-12-05 18:30:00+00:00,455.27899169921875,455.5899963378906,454.20001220703125,454.860107421875,967551
2025-12-05 18:45:00+00:00,454.88360595703125,455.20001220703125,454.3299865722656,454.510009765625,650088
2025-12-05 19:00:00+00:00,454.5249938964844,454.79998779296875,453.9100036621094,454.4599914550781,767137
2025-12-05 19:15:00+00:00,454.4800109863281,454.9200134277344,453.6499938964844,454.760009765625,1489856
2025-12-05 19:30:00+00:00,454.7650146484375,454.95001220703125,454.29998779296875,454.4800109863281,812975
2025-12-05 19:45:00+00:00,454.46600341796875,455.81500244140625,454.05999755859375,455.23699951171875,1105987
2025-12-05 20:00:00+00:00,455.239990234375,455.3999938964844,454.785400390625,455.2099914550781,940038
2025-12-05 20:15:00+00:00,455.2200012207031,455.75,454.95001220703125,455.21978759765625,995705
2025-12-05 20:30:00+00:00,455.2200012207031,455.4649963378906,454.75,455.0701904296875,985821
2025-12-05 20:45:00+00:00,455.0799865722656,455.30999755859375,454.29998779296875,454.94000244140625,2108775
2025-12-08 14:30:00+00:00,447.364990234375,449.7463073730469,443.79998779296875,446.656005859375,6511828
2025-12-08 14:45:00+00:00,446.7099914550781,448.2698974609375,444.6700134277344,445.1087951660156,3090704
2025-12-08 15:00:00+00:00,445.05499267578125,445.6000061035156,443.3800048828125,444.26470947265625,2997460
2025-12-08 15:15:00+00:00,444.30999755859375,445.4800109863281,442.17999267578125,443.4872131347656,2383173
2025-12-08 15:30:00+00:00,443.44000244140625,444.1099853515625,441.57000732421875,441.739990234375,2013853
2025-12-08 15:45:00+00:00,441.7195129394531,442.260009765625,439.7699890136719,440.04998779296875,2438013
2025-12-08 16:00:00+00:00,440.0000915527344,440.5,438.2699890136719,438.7200012207031,2579558
2025-12-08 16:15:00+00:00,438.68280029296875,439.8399963378906,437.7300109863281,438.5180969238281,2142218
2025-12-08 16:30:00+00:00,438.5,439.4200134277344,437.9700012207031,439.260009765625,1526161
2025-12-08 16:45:00+00:00,439.2650146484375,439.4599914550781,438.1199951171875,438.2699890136719,1581115
2025-12-08 17:00:00+00:00,438.2674865722656,438.3525085449219,436.95001220703125,437.3699951171875,1810964
2025-12-08 17:15:00+00:00,437.32000732421875,437.70001220703125,436.5249938964844,437.29058837890625,1504547
2025-12-08 17:30:00+00:00,437.3128967285156,438.6199951171875,437.2349853515625,438.54998779296875,1321702
2025-12-08 17:45:00+00:00,438.510009765625,439.3699951171875,438.1700134277344,439.0199890136719,1421724
2025-12-08 18:00:00+00:00,439.0050048828125,439.3900146484375,437.9800109863281,438.6109924316406,1133966
2025-12-08 18:15:00+00:00,438.6099853515625,438.79998779296875,437.0799865722656,437.2695007324219,1067174
2025-12-08 18:30:00+00:00,437.20001220703125,437.20001220703125,435.79998779296875,436.55999755859375,1614568
2025-12-08 18:45:00+00:00,436.5874938964844,436.7799987792969,435.25,436.0,1190718
2025-12-08 19:00:00+00:00,436.0,436.5899963378906,435.5,435.70001220703125,1035933
2025-12-08 19:15:00+00:00,435.7153015136719,436.70001220703125,435.6000061035156,436.4880065917969,981914
2025-12-08 19:30:00+00:00,436.4700012207031,438.4100036621094,436.4599914550781,437.82000732421875,12258514
2025-12-08 19:45:00+00:00,437.8299865722656,438.1700134277344,436.8500061035156,437.2200012207031,954102
2025-12-08 20:00:00+00:00,437.260009765625,437.9200134277344,437.12908935546875,437.8800048828125,992929
2025-12-08 20:15:00+00:00,437.8800048828125,438.0400085449219,437.20001220703125,437.8399963378906,1004985
2025-12-08 20:30:00+00:00,437.8699951171875,438.33990478515625,437.6000061035156,438.3183898925781,1124283
2025-12-08 20:45:00+00:00,438.32049560546875,439.739990234375,437.6099853515625,439.5899963378906,2601860
2025-12-09 14:30:00+00:00,439.5799865722656,442.2799987792969,435.70001220703125,440.83990478515625,5598771
2025-12-09 14:45:00+00:00,441.67999267578125,444.6199951171875,441.4800109863281,444.5538024902344,3054025
2025-12-09 15:00:00+00:00,444.55499267578125,445.3999938964844,442.5799865722656,443.8699951171875,5001088
2025-12-09 15:15:00+00:00,443.8699951171875,445.510009765625,443.17010498046875,445.3948059082031,1868293
2025-12-09 15:30:00+00:00,445.3948059082031,446.6099853515625,444.8800048828125,446.55999755859375,2228844
2025-12-09 15:45:00+00:00,446.55999755859375,448.17999267578125,445.8299865722656,447.8399963378906,2531475
2025-12-09 16:00:00+00:00,447.80999755859375,448.3999938964844,447.1300048828125,447.4750061035156,1678046
2025-12-09 16:15:00+00:00,447.4750061035156,447.8699951171875,446.29998779296875,446.44000244140625,1452242
2025-12-09 16:30:00+00:00,446.45001220703125,448.159912109375,446.19000244140625,447.6214904785156,1660725
2025-12-09 16:45:00+00:00,447.6214904785156,449.2699890136719,447.5799865722656,448.90948486328125,1729110
2025-12-09 17:00:00+00:00,448.90948486328125,449.989990234375,448.760009765625,449.5799865722656,1640755
2025-12-09 17:15:00+00:00,449.5799865722656,449.8999938964844,449.0899963378906,449.7204895019531,1172696
2025-12-09 17:30:00+00:00,449.739990234375,450.9800109863281,449.7099914550781,450.4049987792969,1620179
2025-12-09 17:45:00+00:00,450.4049987792969,451.7898864746094,450.04998779296875,451.7300109863281,1425104
2025-12-09 18:00:00+00:00,451.739990234375,452.3900146484375,450.7300109863281,450.8800048828125,1522074
2025-12-09 18:15:00+00:00,450.9100036621094,451.17999267578125,450.44000244140625,450.5264892578125,1177027
2025-12-09 18:30:00+00:00,450.5264892578125,450.67999267578125,448.8299865722656,448.87298583984375,1397480
2025-12-09 18:45:00+00:00,448.87298583984375,450.19989013671875,448.239990234375,448.8901062011719,1707096
2025-12-09 19:00:00+00:00,448.92999267578125,449.59991455078125,448.1700134277344,449.0799865722656,1317022
2025-12-09 19:15:00+00:00,449.0799865722656,449.4200134277344,448.4400939941406,449.2200012207031,766179
2025-12-09 19:30:00+00:00,449.2200012207031,449.3399963378906,447.8399963378906,448.0115051269531,11176682
2025-12-09 19:45:00+00:00,448.0115051269531,448.9794921875,447.760009765625,448.79998779296875,1033835
2025-12-09 20:00:00+00:00,448.7950134277344,448.8800048828125,447.82000732421875,447.8800048828125,810026
2025-12-09 20:15:00+00:00,447.8800048828125,448.04998779296875,446.8699951171875,447.2900085449219,1291826
2025-12-09 20:30:00+00:00,447.25,447.70001220703125,446.5299987792969,447.6549987792969,1012963
2025-12-09 20:45:00+00:00,447.6549987792969,447.7300109863281,439.5799865722656,445.2099914550781,2396336
2025-12-10 14:30:00+00:00,446.010009765625,450.20001220703125,444.2699890136719,446.2699890136719,4885683
2025-12-10 14:45:00+00:00,446.25,446.9800109863281,443.6099853515625,445.20001220703125,2580387
2025-12-10 15:00:00+00:00,445.20001220703125,445.8800048828125,443.8800048828125,445.0400085449219,1913361
2025-12-10 15:15:00+00:00,445.05999755859375,446.94000244140625,444.8500061035156,445.9700012207031,1902250
2025-12-10 15:30:00+00:00,445.9200134277344,445.9713134765625,444.0,444.94500732421875,1697337
2025-12-10 15:45:00+00:00,444.92999267578125,446.5400085449219,444.6300048828125,444.94000244140625,1342192
2025-12-10 16:00:00+00:00,445.0299987792969,446.07989501953125,444.3500061035156,446.05999755859375,1104728
2025-12-10 16:15:00+00:00,446.1000061035156,447.2499084472656,445.7699890136719,446.044189453125,1330160
2025-12-10 16:30:00+00:00,446.04998779296875,446.4840087890625,445.17498779296875,445.60009765625,922166
2025-12-10 16:45:00+00:00,445.6600036621094,446.44000244140625,445.19000244140625,446.1000061035156,742400
2025-12-10 17:00:00+00:00,446.04998779296875,446.44000244140625,445.54998779296875,445.6499938964844,654581
2025-12-10 17:15:00+00:00,445.6099853515625,446.0400085449219,444.9674987792969,445.01019287109375,731465
2025-12-10 17:30:00+00:00,444.9700012207031,445.5299987792969,444.54998779296875,445.4599914550781,810457
2025-12-10 17:45:00+00:00,445.4649963378906,446.3999938964844,445.30999755859375,445.989990234375,801659
2025-12-10 18:00:00+00:00,445.8999938964844,446.6300048828125,445.5,446.32000732421875,625637
2025-12-10 18:15:00+00:00,446.29998779296875,446.42498779296875,445.05999755859375,445.4259948730469,591528
2025-12-10 18:30:00+00:00,445.4200134277344,446.04998779296875,444.75,445.0050048828125,826817
2025-12-10 18:45:00+00:00,444.9700012207031,445.58929443359375,444.2900085449219,445.1099853515625,709983
2025-12-10 19:00:00+00:00,445.0400085449219,449.0799865722656,444.8399963378906,448.239990234375,3075951
2025-12-10 19:15:00+00:00,448.239990234375,449.9100036621094,447.1499938964844,447.9020080566406,2065434
2025-12-10 19:30:00+00:00,447.8900146484375,451.5899963378906,446.6600036621094,447.8599853515625,3232810
2025-12-10 19:45:00+00:00,447.7200012207031,452.1299133300781,447.6600036621094,451.9200134277344,2322177
2025-12-10 20:00:00+00:00,451.8900146484375,455.83648681640625,451.1000061035156,455.40728759765625,3267566
2025-12-10 20:15:00+00:00,455.42999267578125,456.8800048828125,454.6400146484375,456.1796875,2955921
2025-12-10 20:30:00+00:00,456.1000061035156,456.2699890136719,454.9200134277344,455.0150146484375,1935128
2025-12-10 20:45:00+00:00,455.010009765625,455.54998779296875,451.17999267578125,451.4100036621094,3321234
2025-12-11 14:30:00+00:00,448.82501220703125,449.2698974609375,444.29998779296875,445.6549987792969,4209970
2025-12-11 14:45:00+00:00,445.70001220703125,446.489990234375,441.04998779296875,441.80499267578125,3615912
2025-12-11 15:00:00+00:00,441.760009765625,444.4800109863281,441.32000732421875,443.54998779296875,2601035
2025-12-11 15:15:00+00:00,443.5299987792969,446.4700012207031,442.7174987792969,444.2200012207031,2540951
2025-12-11 15:30:00+00:00,444.2406005859375,444.55999755859375,441.739990234375,442.07000732421875,1863748
2025-12-11 15:45:00+00:00,442.06939697265625,442.8299865722656,440.3299865722656,442.1099853515625,2279209
2025-12-11 16:00:00+00:00,442.1499938964844,443.17999267578125,440.9100036621094,441.67999267578125,1532896
2025-12-11 16:15:00+00:00,441.6499938964844,443.1700134277344,441.1400146484375,441.4700012207031,1330382
2025-12-11 16:30:00+00:00,441.4700012207031,444.9800109863281,441.4100036621094,444.30999755859375,1627769
2025-12-11 16:45:00+00:00,444.4200134277344,445.2300109863281,442.340087890625,443.0,1335989
2025-12-11 17:00:00+00:00,443.0,444.3500061035156,442.8800048828125,443.893798828125,1114854
2025-12-11 17:15:00+00:00,443.8399963378906,445.1700134277344,443.3999938964844,444.5409851074219,980289
2025-12-11 17:30:00+00:00,444.6099853515625,446.0899963378906,444.5769958496094,446.0199890136719,1121430
2025-12-11 17:45:00+00:00,446.01800537109375,446.8299865722656,445.2300109863281,446.30999755859375,1284840
2025-12-11 18:00:00+00:00,446.2099914550781,447.3799133300781,446.0,446.7550048828125,1285842
2025-12-11 18:15:00+00:00,446.7900085449219,446.94000244140625,445.6499938964844,446.1600036621094,1162506
2025-12-11 18:30:00+00:00,446.125,447.64630126953125,445.6400146484375,447.4800109863281,1000997
2025-12-11 18:45:00+00:00,447.5,447.70001220703125,446.25,446.45001220703125,801454
2025-12-11 19:00:00+00:00,446.4103088378906,447.3550109863281,445.92999267578125,446.4949951171875,863580
2025-12-11 19:15:00+00:00,446.4801025390625,447.7699890136719,446.4200134277344,447.3999938964844,842060
2025-12-11 19:30:00+00:00,447.4495849609375,448.0400085449219,447.0400085449219,447.5799865722656,798638
2025-12-11 19:45:00+00:00,447.5849914550781,447.8500061035156,445.760009765625,446.6099853515625,1249157
2025-12-11 20:00:00+00:00,446.6199951171875,446.989990234375,446.25,446.32000732421875,578271
2025-12-11 20:15:00+00:00,446.29998779296875,446.5982971191406,444.510009765625,444.9599914550781,1153974
2025-12-11 20:30:00+00:00,444.9800109863281,445.9700012207031,444.17999267578125,445.260009765625,1431594
2025-12-11 20:45:00+00:00,445.25,447.0,445.239990234375,446.94000244140625,1768761
2025-12-12 14:30:00+00:00,452.25,459.8800048828125,450.57000732421875,458.125,7560059
2025-12-12 14:45:00+00:00,458.125,463.010009765625,457.3699951171875,460.7200012207031,5567436
2025-12-12 15:00:00+00:00,460.75201416015625,461.0400085449219,454.17999267578125,454.8299865722656,4844475
2025-12-12 15:15:00+00:00,454.79010009765625,456.6000061035156,449.8800048828125,450.1300048828125,4020425
2025-12-12 15:30:00+00:00,450.1600036621094,451.8900146484375,447.6600036621094,450.269287109375,3556606
2025-12-12 15:45:00+00:00,450.260009765625,451.5799865722656,447.4700012207031,448.07501220703125,2602084
2025-12-12 16:00:00+00:00,448.0199890136719,449.8399963378906,444.8500061035156,445.989990234375,11143186
2025-12-12 16:15:00+00:00,445.8999938964844,447.3599853515625,443.95001220703125,445.9283142089844,2086224
2025-12-12 16:30:00+00:00,445.92999267578125,445.92999267578125,441.6700134277344,443.6377868652344,2189453
2025-12-12 16:45:00+00:00,443.5801086425781,444.16119384765625,442.07000732421875,443.3999938964844,1346119
2025-12-12 17:00:00+00:00,443.4100036621094,446.79998779296875,443.1400146484375,446.4849853515625,1988414
2025-12-12 17:15:00+00:00,446.5199890136719,449.17999267578125,446.44000244140625,448.06829833984375,2253529
2025-12-12 17:30:00+00:00,448.0400085449219,449.94000244140625,447.3599853515625,449.32000732421875,1663266
2025-12-12 17:45:00+00:00,449.29998779296875,451.70001220703125,449.2300109863281,450.84930419921875,1793653
2025-12-12 18:00:00+00:00,450.8500061035156,454.3699951171875,450.6000061035156,454.1099853515625,2128863
2025-12-12 18:15:00+00:00,454.1000061035156,455.6600036621094,453.5899963378906,455.6099853515625,2398301
2025-12-12 18:30:00+00:00,455.6029968261719,456.3900146484375,454.29998779296875,454.6036071777344,2216348
2025-12-12 18:45:00+00:00,454.6499938964844,456.0899963378906,453.42999267578125,453.6300048828125,1707920
2025-12-12 19:00:00+00:00,453.6482849121094,454.0,452.05889892578125,452.2804870605469,1720354
2025-12-12 19:15:00+00:00,452.2900085449219,452.7499084472656,450.0899963378906,450.9027099609375,1621134
2025-12-12 19:30:00+00:00,450.95001220703125,453.0899963378906,450.8999938964844,452.29998779296875,1531094
2025-12-12 19:45:00+00:00,452.2893981933594,452.7900085449219,451.0799865722656,452.3900146484375,1210150
2025-12-12 20:00:00+00:00,452.4100036621094,453.8500061035156,452.0400085449219,452.5400085449219,1456878
2025-12-12 20:15:00+00:00,452.5299987792969,455.69000244140625,452.20001220703125,455.07000732421875,2283034
2025-12-12 20:30:00+00:00,455.05999755859375,456.8999938964844,453.75,456.0701904296875,2477716
2025-12-12 20:45:00+00:00,456.0899963378906,459.1700134277344,456.010009765625,459.1700134277344,4206119
2025-12-15 14:30:00+00:00,474.0,481.3699951171875,471.93011474609375,476.1700134277344,15307752
2025-12-15 14:45:00+00:00,476.17999267578125,481.17999267578125,475.32000732421875,477.625,6501372
2025-12-15 15:00:00+00:00,477.6650085449219,477.7699890136719,472.4200134277344,474.0574951171875,5133719
2025-12-15 15:15:00+00:00,474.0299987792969,477.07000732421875,470.7099914550781,472.1300048828125,4270523
2025-12-15 15:30:00+00:00,472.1400146484375,479.1000061035156,471.3836975097656,479.0021057128906,3966109
2025-12-15 15:45:00+00:00,479.04998779296875,480.1700134277344,477.5199890136719,478.5899963378906,3968022
2025-12-15 16:00:00+00:00,478.5899963378906,478.7200012207031,475.92999267578125,476.5101013183594,2416215
2025-12-15 16:15:00+00:00,476.5199890136719,481.7694091796875,476.41680908203125,481.0400085449219,3490786
2025-12-15 16:30:00+00:00,481.0400085449219,481.6600036621094,476.6600036621094,477.3999938964844,2884839
2025-12-15 16:45:00+00:00,477.4100036621094,478.79998779296875,476.1300048828125,477.260009765625,2249517
2025-12-15 17:00:00+00:00,477.2900085449219,477.57000732421875,475.0600891113281,477.45001220703125,2037548
2025-12-15 17:15:00+00:00,477.43499755859375,477.75,475.6300048828125,476.989990234375,1532246
2025-12-15 17:30:00+00:00,476.9549865722656,477.7200012207031,476.010009765625,477.1936950683594,1366042
2025-12-15 17:45:00+00:00,477.1650085449219,477.4200134277344,474.489990234375,477.35931396484375,1962822
2025-12-15 18:00:00+00:00,477.3586120605469,478.44000244140625,476.6400146484375,477.6700134277344,1592444
2025-12-15 18:15:00+00:00,477.6239929199219,477.8599853515625,475.260009765625,475.7296142578125,1282631
2025-12-15 18:30:00+00:00,475.7300109863281,476.70001220703125,474.57501220703125,476.1650085449219,1498316
2025-12-15 18:45:00+00:00,476.1600036621094,477.3999938964844,475.5299987792969,477.1199951171875,1212569
2025-12-15 19:00:00+00:00,477.1099853515625,478.3205871582031,475.6499938964844,475.6499938964844,1845593
2025-12-15 19:15:00+00:00,475.6650085449219,477.9599914550781,475.5400085449219,476.6650085449219,1627065
2025-12-15 19:30:00+00:00,476.6722106933594,476.8800048828125,475.7300109863281,476.80999755859375,1298807
2025-12-15 19:45:00+00:00,476.80499267578125,478.8711853027344,476.4501037597656,478.80999755859375,1790815
2025-12-15 20:00:00+00:00,478.7900085449219,478.823486328125,476.8080139160156,477.739990234375,1835067
2025-12-15 20:15:00+00:00,477.70001220703125,478.3399963378906,476.7699890136719,477.8689880371094,1858048
2025-12-15 20:30:00+00:00,477.8800048828125,479.6600036621094,477.2200012207031,477.8800048828125,2145023
2025-12-15 20:45:00+00:00,477.8645935058594,480.6400146484375,475.0299987792969,475.07000732421875,5137617
2025-12-16 14:30:00+00:00,472.2850036621094,473.69891357421875,465.8299865722656,472.94000244140625,8506152
2025-12-16 14:45:00+00:00,472.9800109863281,478.45001220703125,469.17010498046875,478.07000732421875,5520728
2025-12-16 15:00:00+00:00,478.06988525390625,482.05999755859375,477.25,479.0350036621094,5223724
2025-12-16 15:15:00+00:00,479.05999755859375,479.4233093261719,472.7699890136719,475.1449890136719,4098788
2025-12-16 15:30:00+00:00,475.1449890136719,475.67999267578125,472.5799865722656,474.8999938964844,2795569
2025-12-16 15:45:00+00:00,474.8472900390625,476.75,473.25,476.17999267578125,2856853
2025-12-16 16:00:00+00:00,476.2439880371094,477.9100036621094,475.04998779296875,476.5899963378906,2347467
2025-12-16 16:15:00+00:00,476.5899963378906,476.7200012207031,474.4377136230469,475.7349853515625,1893658
2025-12-16 16:30:00+00:00,475.8284912109375,477.2992858886719,475.1499938964844,476.45001220703125,1775897
2025-12-16 16:45:00+00:00,476.4599914550781,479.5899963378906,476.1099853515625,479.45001220703125,2166440
2025-12-16 17:00:00+00:00,479.510009765625,480.8999938964844,478.1300048828125,480.4800109863281,2445242
2025-12-16 17:15:00+00:00,480.4700012207031,481.3489990234375,478.6000061035156,478.8800048828125,1947534
2025-12-16 17:30:00+00:00,478.8599853515625,480.79998779296875,478.6000061035156,479.3500061035156,1730437
2025-12-16 17:45:00+00:00,479.32000732421875,479.79998779296875,476.2200012207031,476.45330810546875,1731056
2025-12-16 18:00:00+00:00,476.4700012207031,478.3577880859375,475.5884094238281,478.2850036621094,1880819
2025-12-16 18:15:00+00:00,478.2615051269531,478.69000244140625,477.07000732421875,477.24090576171875,1126108
2025-12-16 18:30:00+00:00,477.30499267578125,479.25,477.2099914550781,479.2200927734375,1395344
2025-12-16 18:45:00+00:00,479.2312927246094,480.33990478515625,478.8599853515625,479.81500244140625,1581278
2025-12-16 19:00:00+00:00,479.7699890136719,480.29998779296875,477.6000061035156,477.7850036621094,1490272
2025-12-16 19:15:00+00:00,477.760009765625,480.3599853515625,477.6000061035156,480.0799865722656,1603452
2025-12-16 19:30:00+00:00,480.0400085449219,483.82000732421875,479.42999267578125,483.4547119140625,2732641
2025-12-16 19:45:00+00:00,483.45001220703125,486.32000732421875,482.82000732421875,485.2981872558594,3748008
2025-12-16 20:00:00+00:00,485.260009765625,487.1130065917969,484.798095703125,486.06500244140625,2920335
2025-12-16 20:15:00+00:00,486.0799865722656,487.7300109863281,485.80999755859375,487.614990234375,2567842
2025-12-16 20:30:00+00:00,487.6391906738281,490.25,487.2200012207031,489.5199890136719,4426031
2025-12-16 20:45:00+00:00,489.5,491.5,488.7099914550781,489.79998779296875,5301071
2025-12-17 14:30:00+00:00,488.2149963378906,495.239990234375,487.1700134277344,490.04998779296875,9722297
2025-12-17 14:45:00+00:00,490.04998779296875,493.9800109863281,486.2200012207031,492.893310546875,5091102
2025-12-17 15:00:00+00:00,492.9200134277344,493.2200012207031,489.3599853515625,490.7900085449219,3520752
2025-12-17 15:15:00+00:00,490.781494140625,491.8599853515625,487.6600036621094,490.70001220703125,3091905
2025-12-17 15:30:00+00:00,490.6700134277344,491.2598876953125,483.8800048828125,484.3699951171875,3649735
2025-12-17 15:45:00+00:00,484.3140869140625,485.25,477.29998779296875,478.1700134277344,5005291
2025-12-17 16:00:00+00:00,478.1000061035156,480.4798889160156,474.8500061035156,475.1700134277344,4371416
2025-12-17 16:15:00+00:00,475.1300048828125,479.239990234375,474.20001220703125,478.369384765625,13213111
2025-12-17 16:30:00+00:00,478.3399963378906,478.82000732421875,475.55999755859375,478.2799987792969,2367989
2025-12-17 16:45:00+00:00,478.2099914550781,478.8800048828125,475.0299987792969,476.8493957519531,2294366
2025-12-17 17:00:00+00:00,476.8900146484375,477.42999267578125,475.1300964355469,475.8778076171875,1801057
2025-12-17 17:15:00+00:00,475.847900390625,478.82000732421875,474.94000244140625,478.0600891113281,1942705
2025-12-17 17:30:00+00:00,478.1400146484375,479.3999938964844,473.489990234375,473.7236022949219,2327977
2025-12-17 17:45:00+00:00,473.760009765625,475.2200012207031,472.7300109863281,474.7720031738281,1954661
2025-12-17 18:00:00+00:00,474.79998779296875,477.14990234375,474.793701171875,476.3999938964844,1487861
2025-12-17 18:15:00+00:00,476.3500061035156,476.3500061035156,474.35009765625,474.5350036621094,1465882
2025-12-17 18:30:00+00:00,474.5299987792969,474.8699951171875,470.2799987792969,470.75,2294395
2025-12-17 18:45:00+00:00,470.69000244140625,471.0,467.410400390625,468.010009765625,2908958
2025-12-17 19:00:00+00:00,467.9985046386719,469.0299072265625,466.20001220703125,468.5419921875,2624381
2025-12-17 19:15:00+00:00,468.5400085449219,469.1099853515625,466.7500915527344,467.2300109863281,1883287
2025-12-17 19:30:00+00:00,467.2200012207031,468.34991455078125,466.8299865722656,468.010009765625,1646069
2025-12-17 19:45:00+00:00,468.0299987792969,470.8699951171875,467.8800048828125,470.8500061035156,2053228
2025-12-17 20:00:00+00:00,470.8349914550781,471.0199890136719,468.3299865722656,468.8789978027344,2160245
2025-12-17 20:15:00+00:00,468.8500061035156,471.25,468.82000732421875,470.489990234375,1944651
2025-12-17 20:30:00+00:00,470.45001220703125,470.8999938964844,468.04998779296875,469.3699951171875,2249305
2025-12-17 20:45:00+00:00,469.3699951171875,470.79998779296875,466.8599853515625,467.1600036621094,3469221
2025-12-18 14:30:00+00:00,477.8999938964844,482.32501220703125,473.1199951171875,478.7900085449219,7587922
2025-12-18 14:45:00+00:00,478.8500061035156,481.25,475.5,480.9013977050781,4487601
2025-12-18 15:00:00+00:00,480.9100036621094,482.9200134277344,478.2200012207031,479.3100891113281,7241567
2025-12-18 15:15:00+00:00,479.32000732421875,483.5199890136719,477.6199951171875,483.42010498046875,3507173
2025-12-18 15:30:00+00:00,483.4700012207031,486.05999755859375,483.3699951171875,484.8598937988281,3735957
2025-12-18 15:45:00+00:00,484.8599853515625,486.94000244140625,483.5,486.46978759765625,2913864
2025-12-18 16:00:00+00:00,486.42999267578125,490.05999755859375,485.5799865722656,489.68499755859375,3811843
2025-12-18 16:15:00+00:00,489.67999267578125,490.44000244140625,487.8299865722656,488.17999267578125,2907155
2025-12-18 16:30:00+00:00,488.1700134277344,489.9100036621094,487.45001220703125,489.6943054199219,2183248
2025-12-18 16:45:00+00:00,489.74798583984375,490.8599853515625,488.75,489.17999267578125,2469698
2025-12-18 17:00:00+00:00,489.1600036621094,489.239990234375,485.3301086425781,485.94500732421875,2903719
2025-12-18 17:15:00+00:00,485.9224853515625,488.1499938964844,484.57000732421875,487.83990478515625,2516961
2025-12-18 17:30:00+00:00,487.77099609375,489.5696105957031,487.110107421875,489.2300109863281,1979578
2025-12-18 17:45:00+00:00,489.25,490.0400085449219,487.9176025390625,489.3800048828125,1718809
2025-12-18 18:00:00+00:00,489.3900146484375,489.5899963378906,487.70001220703125,488.29998779296875,1326339
2025-12-18 18:15:00+00:00,488.2900085449219,489.19000244140625,487.2200012207031,488.62200927734375,1209435
2025-12-18 18:30:00+00:00,488.6050109863281,489.20001220703125,488.0199890136719,488.0700988769531,1045808
2025-12-18 18:45:00+00:00,488.1000061035156,488.9700012207031,487.7705993652344,488.375,968445
2025-12-18 19:00:00+00:00,488.3699951171875,488.5799865722656,485.9200134277344,487.2699890136719,1837099
2025-12-18 19:15:00+00:00,487.2699890136719,487.3052062988281,485.4601135253906,486.65020751953125,1586171
2025-12-18 19:30:00+00:00,486.62030029296875,486.6549987792969,483.70001220703125,484.4200134277344,1879578
2025-12-18 19:45:00+00:00,484.4150085449219,486.32000732421875,483.3800048828125,484.1099853515625,1928837
2025-12-18 20:00:00+00:00,484.0899963378906,487.6199951171875,483.4100036621094,487.30999755859375,1971410
2025-12-18 20:15:00+00:00,487.29998779296875,487.70001220703125,486.0799865722656,486.56500244140625,1579992
2025-12-18 20:30:00+00:00,486.6199951171875,488.1099853515625,486.09820556640625,487.9800109863281,1810352
2025-12-18 20:45:00+00:00,487.9700012207031,488.9200134277344,483.1700134277344,483.3949890136719,3718032
2025-12-19 14:30:00+00:00,488.5400085449219,490.489990234375,481.5350036621094,485.4867858886719,9439808
2025-12-19 14:45:00+00:00,485.54998779296875,485.79998779296875,482.1000061035156,484.760009765625,3521139
2025-12-19 15:00:00+00:00,484.75,486.29998779296875,483.0400085449219,483.5328063964844,2619590
2025-12-19 15:15:00+00:00,483.54998779296875,483.9800109863281,480.1000061035156,480.5450134277344,3177208
2025-12-19 15:30:00+00:00,480.5299987792969,481.3500061035156,478.79998779296875,478.8500061035156,2660254
2025-12-19 15:45:00+00:00,479.0,479.5199890136719,477.739990234375,478.3349914550781,2454883
2025-12-19 16:00:00+00:00,478.3349914550781,479.989990234375,477.75,479.8999938964844,1954317
2025-12-19 16:15:00+00:00,479.88018798828125,481.7200012207031,479.7200012207031,481.4549865722656,2081296
2025-12-19 16:30:00+00:00,481.4549865722656,481.8999938964844,477.2001037597656,477.30999755859375,2196539
2025-12-19 16:45:00+00:00,477.3598937988281,477.7023010253906,474.75,475.4599914550781,2669973
2025-12-19 17:00:00+00:00,475.4599914550781,478.0199890136719,475.4200134277344,477.8297119140625,1848372
2025-12-19 17:15:00+00:00,477.7900085449219,479.6099853515625,477.7550048828125,479.3407897949219,1620605
2025-12-19 17:30:00+00:00,479.3450012207031,480.4700012207031,478.55999755859375,478.7300109863281,1704786
2025-12-19 17:45:00+00:00,478.7550048828125,480.05999755859375,478.0816955566406,478.1700134277344,1426025
2025-12-19 18:00:00+00:00,478.1499938964844,480.9599914550781,477.82000732421875,480.9432067871094,1549748
2025-12-19 18:15:00+00:00,480.95001220703125,481.3299865722656,479.6499938964844,481.2449951171875,1462576
2025-12-19 18:30:00+00:00,481.2900085449219,483.010009765625,481.19000244140625,482.360107421875,1977825
2025-12-19 18:45:00+00:00,482.3999938964844,482.739990234375,481.5799865722656,481.7049865722656,1139427
2025-12-19 19:00:00+00:00,481.6700134277344,483.42999267578125,481.6300964355469,483.25,1370921
2025-12-19 19:15:00+00:00,483.24749755859375,483.8900146484375,482.5299987792969,483.8299865722656,1032214
2025-12-19 19:30:00+00:00,483.8175048828125,483.9700012207031,482.6099853515625,482.6419982910156,1097794
2025-12-19 19:45:00+00:00,482.6499938964844,483.1180114746094,480.6199951171875,482.1400146484375,1579966
2025-12-19 20:00:00+00:00,482.1600036621094,482.95001220703125,481.760009765625,481.7699890136719,1156781
2025-12-19 20:15:00+00:00,481.82000732421875,482.6300048828125,481.6499938964844,482.20001220703125,963406
2025-12-19 20:30:00+00:00,482.1400146484375,482.7799987792969,481.3500061035156,481.75,1134871
2025-12-19 20:45:00+00:00,481.7900085449219,484.0,480.55999755859375,480.9100036621094,3249932
2025-12-22 14:30:00+00:00,489.25,496.739990234375,488.1199951171875,493.8999938964844,8969698
2025-12-22 14:45:00+00:00,493.8900146484375,498.82000732421875,493.57000732421875,493.7900085449219,5701538
2025-12-22 15:00:00+00:00,493.760009765625,494.4700012207031,486.1000061035156,487.45001220703125,5436867
2025-12-22 15:15:00+00:00,487.5950012207031,491.0,486.5,487.9649963378906,4016896
2025-12-22 15:30:00+00:00,488.0,489.4800109863281,485.3299865722656,489.3299865722656,3101275
2025-12-22 15:45:00+00:00,489.3504943847656,492.04998779296875,487.29998779296875,491.3100891113281,2988381
2025-12-22 16:00:00+00:00,491.32000732421875,493.2799987792969,490.7799987792969,491.6000061035156,2557302
2025-12-22 16:15:00+00:00,491.6300048828125,493.29998779296875,491.45709228515625,492.8599853515625,1701854
2025-12-22 16:30:00+00:00,492.8487854003906,493.6600036621094,491.79998779296875,492.9800109863281,1789581
2025-12-22 16:45:00+00:00,492.9599914550781,494.6400146484375,492.1900939941406,494.04998779296875,1985847
2025-12-22 17:00:00+00:00,494.04998779296875,495.0799865722656,493.1700134277344,494.67999267578125,1822014
2025-12-22 17:15:00+00:00,494.68701171875,495.2300109863281,494.4200134277344,494.94000244140625,1361373
2025-12-22 17:30:00+00:00,494.92010498046875,495.6000061035156,493.6300048828125,494.88751220703125,1622681
2025-12-22 17:45:00+00:00,494.8999938964844,495.3299865722656,494.29998779296875,494.9800109863281,1126389
2025-12-22 18:00:00+00:00,494.9800109863281,495.5757141113281,493.22601318359375,493.7349853515625,1366485
2025-12-22 18:15:00+00:00,493.7349853515625,494.67999267578125,492.79998779296875,494.6400146484375,1437627
2025-12-22 18:30:00+00:00,494.6400146484375,495.70001220703125,493.9200134277344,495.0400085449219,1545663
2025-12-22 18:45:00+00:00,494.9800109863281,496.2900085449219,494.4700927734375,496.1199951171875,1469436
2025-12-22 19:00:00+00:00,496.1099853515625,496.4100036621094,493.6099853515625,493.9700012207031,1914927
2025-12-22 19:15:00+00:00,493.9700012207031,494.989990234375,492.8699951171875,493.080810546875,1612033
2025-12-22 19:30:00+00:00,493.05999755859375,493.7200012207031,492.8800048828125,492.8999938964844,1128124
2025-12-22 19:45:00+00:00,492.9223937988281,493.4399108886719,492.0299987792969,493.1224060058594,1332588
2025-12-22 20:00:00+00:00,493.1199951171875,493.4383850097656,489.6099853515625,489.7152099609375,1824984
2025-12-22 20:15:00+00:00,489.75,489.864990234375,487.5,487.5299987792969,2425770
2025-12-22 20:30:00+00:00,487.5,489.54998779296875,487.44000244140625,489.3349914550781,1807694
2025-12-22 20:45:00+00:00,489.3500061035156,489.5899963378906,487.5199890136719,488.7699890136719,2449028
2025-12-23 14:30:00+00:00,490.75,491.94000244140625,485.6600036621094,488.0398864746094,6011790
2025-12-23 14:45:00+00:00,488.010009765625,490.69000244140625,486.67999267578125,487.5299987792969,3619438
2025-12-23 15:00:00+00:00,487.5299987792969,487.989990234375,485.010009765625,486.57000732421875,2840312
2025-12-23 15:15:00+00:00,486.6000061035156,488.72540283203125,486.04998779296875,486.7878112792969,1752790
2025-12-23 15:30:00+00:00,486.8299865722656,488.29998779296875,486.1099853515625,486.8800048828125,1515252
2025-12-23 15:45:00+00:00,486.8800048828125,488.4800109863281,486.5,488.0539855957031,1271639
2025-12-23 16:00:00+00:00,488.04998779296875,489.3500061035156,487.04998779296875,487.6900939941406,1703180
2025-12-23 16:15:00+00:00,487.7300109863281,488.09588623046875,485.32000732421875,485.6592102050781,1305904
2025-12-23 16:30:00+00:00,485.67498779296875,486.55999755859375,484.29998779296875,486.2318115234375,2199026
2025-12-23 16:45:00+00:00,486.2333984375,487.0199890136719,485.79998779296875,486.29998779296875,1249328
2025-12-23 17:00:00+00:00,486.2900085449219,487.20001220703125,485.8399963378906,486.16680908203125,1115118
2025-12-23 17:15:00+00:00,486.1607971191406,486.2909851074219,484.8559875488281,485.7619934082031,1009225
2025-12-23 17:30:00+00:00,485.7767028808594,485.79998779296875,484.6499938964844,484.7349853515625,942034
2025-12-23 17:45:00+00:00,484.739990234375,485.1600036621094,483.75,484.1700134277344,1375365
2025-12-23 18:00:00+00:00,484.15399169921875,486.19000244140625,483.3500061035156,485.8500061035156,1592791
2025-12-23 18:15:00+00:00,485.8699951171875,486.010009765625,485.0809020996094,485.3800048828125,956237
2025-12-23 18:30:00+00:00,485.3999938964844,486.05999755859375,484.090087890625,484.44000244140625,1085195
2025-12-23 18:45:00+00:00,484.44000244140625,484.4549865722656,482.84478759765625,483.1400146484375,1277663
2025-12-23 19:00:00+00:00,483.1455993652344,484.25,483.110107421875,483.3949890136719,1143632
2025-12-23 19:15:00+00:00,483.39080810546875,484.260009765625,483.04998779296875,483.92919921875,1124401
2025-12-23 19:30:00+00:00,483.92498779296875,485.32879638671875,483.4800109863281,485.17999267578125,1350976
2025-12-23 19:45:00+00:00,485.1507873535156,486.6000061035156,484.989990234375,486.45989990234375,1417857
2025-12-23 20:00:00+00:00,486.4599914550781,486.9200134277344,485.9200134277344,486.75,1372632
2025-12-23 20:15:00+00:00,486.7799987792969,487.4100036621094,486.3999938964844,486.8699951171875,1205516
2025-12-23 20:30:00+00:00,486.8599853515625,486.8999938964844,485.40020751953125,485.92999267578125,1179519
2025-12-23 20:45:00+00:00,485.94000244140625,486.510009765625,484.57000732421875,485.6099853515625,2380533
2025-12-24 14:30:00+00:00,489.3599853515625,489.6499938964844,480.260009765625,481.239990234375,5333351
2025-12-24 14:45:00+00:00,481.260009765625,481.95001220703125,479.4700012207031,480.5299987792969,2821100
2025-12-24 15:00:00+00:00,480.5299987792969,481.2699890136719,478.8800048828125,478.9840087890625,2383395
2025-12-24 15:15:00+00:00,478.9649963378906,480.2998962402344,476.79998779296875,477.3340148925781,2584720
2025-12-24 15:30:00+00:00,477.3340148925781,480.2998962402344,477.1300964355469,479.75,2460105
2025-12-24 15:45:00+00:00,479.74969482421875,480.64471435546875,478.2900085449219,478.651611328125,2066642
2025-12-24 16:00:00+00:00,478.69000244140625,480.2799987792969,478.4599914550781,480.1499938964844,1472077
2025-12-24 16:15:00+00:00,480.17498779296875,482.0599060058594,480.0400085449219,481.69000244140625,1899883
2025-12-24 16:30:00+00:00,481.68121337890625,482.70001220703125,481.3299865722656,481.3869934082031,1790322
2025-12-24 16:45:00+00:00,481.3999938964844,482.8349914550781,481.1400146484375,482.0299987792969,1710472
2025-12-24 17:00:00+00:00,482.0299987792969,482.92999267578125,481.79998779296875,482.2272033691406,1089829
2025-12-24 17:15:00+00:00,482.18780517578125,482.3299865722656,481.2200012207031,481.7699890136719,1265092
2025-12-24 17:30:00+00:00,481.7676086425781,482.69000244140625,481.760009765625,482.44000244140625,929347
2025-12-24 17:45:00+00:00,482.4100036621094,485.44000244140625,481.79998779296875,485.3999938964844,2426613
2025-12-26 14:30:00+00:00,486.0,489.0899963378906,483.3599853515625,484.05499267578125,4381710
2025-12-26 14:45:00+00:00,484.0899963378906,484.8999938964844,481.8999938964844,482.5199890136719,2956389
2025-12-26 15:00:00+00:00,482.6499938964844,482.6578063964844,479.0899963378906,479.0899963378906,3005749
2025-12-26 15:15:00+00:00,479.1050109863281,479.8299865722656,476.8999938964844,477.1700134277344,2659486
2025-12-26 15:30:00+00:00,477.1600036621094,477.55999755859375,473.82000732421875,476.4549865722656,3687332
2025-12-26 15:45:00+00:00,476.4309997558594,478.8900146484375,476.29998779296875,478.1211853027344,2948659
2025-12-26 16:00:00+00:00,478.1319885253906,479.4100036621094,477.5299987792969,477.57000732421875,1787747
2025-12-26 16:15:00+00:00,477.54998779296875,478.7799987792969,477.1000061035156,478.4798889160156,1512155
2025-12-26 16:30:00+00:00,478.4800109863281,479.1600036621094,477.4526062011719,478.44500732421875,1368795
2025-12-26 16:45:00+00:00,478.4599914550781,479.20001220703125,478.1401062011719,478.260009765625,934032
2025-12-26 17:00:00+00:00,478.239990234375,478.6700134277344,476.82000732421875,477.0498962402344,1126349
2025-12-26 17:15:00+00:00,477.0,479.7112121582031,476.610107421875,479.6340026855469,1549806
2025-12-26 17:30:00+00:00,479.5899963378906,480.4800109863281,479.29010009765625,480.10321044921875,1384953
2025-12-26 17:45:00+00:00,480.0899963378906,480.5,479.57000732421875,480.1700134277344,961528
2025-12-26 18:00:00+00:00,480.14801025390625,480.29998779296875,479.0799865722656,479.1099853515625,859579
2025-12-26 18:15:00+00:00,479.0799865722656,479.6099853515625,478.4200134277344,478.8800048828125,952052
2025-12-26 18:30:00+00:00,478.8599853515625,479.1000061035156,477.8999938964844,478.05999755859375,1042524
2025-12-26 18:45:00+00:00,478.05999755859375,478.6199951171875,477.7200012207031,478.3800048828125,977264
2025-12-26 19:00:00+00:00,478.3999938964844,479.239990234375,477.94000244140625,478.1195068359375,1063318
2025-12-26 19:15:00+00:00,478.1099853515625,478.7799987792969,478.05999755859375,478.489990234375,718519
2025-12-26 19:30:00+00:00,478.489990234375,478.67041015625,477.8743896484375,477.9649963378906,649692
2025-12-26 19:45:00+00:00,477.9549865722656,478.8699035644531,477.75,478.6499938964844,945236
2025-12-26 20:00:00+00:00,478.65679931640625,478.79998779296875,478.0,478.07000732421875,748226
2025-12-26 20:15:00+00:00,478.0740051269531,478.6199951171875,478.0199890136719,478.3598937988281,780546
2025-12-26 20:30:00+00:00,478.3550109863281,478.3599853515625,477.3599853515625,477.3900146484375,1024539
2025-12-26 20:45:00+00:00,477.4200134277344,477.739990234375,474.9800109863281,475.19000244140625,2761451
2025-12-29 14:30:00+00:00,469.0,469.3999938964844,463.1300048828125,465.7384948730469,6581369
2025-12-29 14:45:00+00:00,465.7099914550781,468.3399963378906,462.3699951171875,462.7300109863281,3601696
2025-12-29 15:00:00+00:00,462.75,464.1000061035156,461.32000732421875,463.7300109863281,7566238
2025-12-29 15:15:00+00:00,463.7149963378906,466.8800048828125,463.2532958984375,466.2500915527344,1909621
2025-12-29 15:30:00+00:00,466.2300109863281,467.80999755859375,465.42999267578125,466.7200012207031,2492603
2025-12-29 15:45:00+00:00,466.80999755859375,467.25,465.2300109863281,466.69000244140625,1847750
2025-12-29 16:00:00+00:00,466.7192077636719,467.75,466.06500244140625,467.3500061035156,1354703
2025-12-29 16:15:00+00:00,467.3200988769531,467.7200012207031,466.55999755859375,467.6300048828125,1181026
2025-12-29 16:30:00+00:00,467.6199951171875,469.20001220703125,467.1499938964844,468.0548095703125,1777621
2025-12-29 16:45:00+00:00,468.0450134277344,468.8500061035156,467.82000732421875,467.8399963378906,1039763
2025-12-29 17:00:00+00:00,467.864990234375,468.22119140625,466.3689880371094,467.0350036621094,1321055
2025-12-29 17:15:00+00:00,467.010009765625,467.25,465.8699951171875,466.1181945800781,1038014
2025-12-29 17:30:00+00:00,466.0950012207031,466.7900085449219,465.4100036621094,466.0098876953125,1113798
2025-12-29 17:45:00+00:00,465.99609375,466.3599853515625,465.6600036621094,465.92999267578125,897765
2025-12-29 18:00:00+00:00,465.95001220703125,465.9700012207031,463.9800109863281,464.1300048828125,1411979
2025-12-29 18:15:00+00:00,464.1268005371094,464.57000732421875,463.739990234375,464.0899963378906,960479
2025-12-29 18:30:00+00:00,464.0600891113281,464.3800048828125,462.7349853515625,463.1199951171875,1248803
2025-12-29 18:45:00+00:00,463.1300048828125,463.3500061035156,462.5400085449219,462.875,1054070
2025-12-29 19:00:00+00:00,462.8735046386719,463.42498779296875,462.2200012207031,462.4800109863281,1122636
2025-12-29 19:15:00+00:00,462.5,463.2998962402344,461.9501037597656,463.010009765625,1291833
2025-12-29 19:30:00+00:00,463.0299987792969,463.64990234375,462.0920104980469,462.65008544921875,1220090
2025-12-29 19:45:00+00:00,462.69000244140625,464.3450012207031,462.69000244140625,464.05499267578125,1141901
2025-12-29 20:00:00+00:00,464.05499267578125,464.1499938964844,462.79998779296875,463.1099853515625,1285983
2025-12-29 20:15:00+00:00,463.0899963378906,463.6600036621094,462.42041015625,462.6700134277344,1343264
2025-12-29 20:30:00+00:00,462.69500732421875,462.7499084472656,460.94000244140625,461.989990234375,1778309
2025-12-29 20:45:00+00:00,461.989990234375,462.18499755859375,459.29998779296875,459.6199951171875,3671117
2025-12-30 14:30:00+00:00,460.0,460.7099914550781,453.8299865722656,455.4827880859375,5590121
2025-12-30 14:45:00+00:00,455.4971923828125,459.67999267578125,454.2300109863281,458.89990234375,3704912
2025-12-30 15:00:00+00:00,458.8399963378906,460.80999755859375,457.9100036621094,459.2524108886719,3179581
2025-12-30 15:15:00+00:00,459.31500244140625,461.0299987792969,457.6600036621094,460.67999267578125,2518877
2025-12-30 15:30:00+00:00,460.6300048828125,461.05999755859375,459.0199890136719,460.5480041503906,1806756
2025-12-30 15:45:00+00:00,460.5299987792969,461.69000244140625,459.69000244140625,461.63470458984375,1497851
2025-12-30 16:00:00+00:00,461.6499938964844,462.2099914550781,460.8599853515625,461.4424133300781,1638116
2025-12-30 16:15:00+00:00,461.3817138671875,461.6400146484375,460.30999755859375,461.1300048828125,1208603
2025-12-30 16:30:00+00:00,461.1099853515625,462.70001220703125,461.0899963378906,461.8399963378906,1677095
2025-12-30 16:45:00+00:00,461.86248779296875,462.1700134277344,460.7099914550781,461.6449890136719,1305790
2025-12-30 17:00:00+00:00,461.67999267578125,463.1199951171875,460.69000244140625,462.7300109863281,1452203
2025-12-30 17:15:00+00:00,462.760009765625,462.8900146484375,461.67999267578125,462.1700134277344,1033553
2025-12-30 17:30:00+00:00,462.1300048828125,462.2799987792969,460.69000244140625,460.7850036621094,808129
2025-12-30 17:45:00+00:00,460.802490234375,460.92999267578125,459.6942138671875,459.9700012207031,1596479
2025-12-30 18:00:00+00:00,459.92999267578125,460.19989013671875,458.5799865722656,459.6199951171875,1540989
2025-12-30 18:15:00+00:00,459.6250915527344,460.5899963378906,459.6000061035156,460.4960021972656,1008730
2025-12-30 18:30:00+00:00,460.4700012207031,460.739990234375,458.3999938964844,459.0150146484375,1197678
2025-12-30 18:45:00+00:00,459.0050048828125,459.489990234375,458.25,459.0398864746094,1010746
2025-12-30 19:00:00+00:00,459.0,459.2300109863281,457.8800048828125,458.489990234375,1052596
2025-12-30 19:15:00+00:00,458.4989929199219,459.6700134277344,458.0899963378906,458.614990234375,947990
2025-12-30 19:30:00+00:00,458.6000061035156,458.7099914550781,457.2799987792969,457.7820129394531,1182439
2025-12-30 19:45:00+00:00,457.7752990722656,458.5899963378906,457.07000732421875,457.9039001464844,1223439
2025-12-30 20:00:00+00:00,457.8599853515625,458.29998779296875,456.2001037597656,456.3800048828125,1451898
2025-12-30 20:15:00+00:00,456.375,457.45001220703125,456.1000061035156,456.1199951171875,1275248
2025-12-30 20:30:00+00:00,456.1400146484375,456.4599914550781,455.5199890136719,455.70001220703125,1522994
2025-12-30 20:45:00+00:00,455.6700134277344,456.1600036621094,454.0400085449219,454.42999267578125,2427485
2025-12-31 14:30:00+00:00,456.0,456.5480041503906,452.6199951171875,454.55999755859375,4309265
2025-12-31 14:45:00+00:00,454.55999755859375,455.3799133300781,453.3699951171875,454.46759033203125,2076277
2025-12-31 15:00:00+00:00,454.3800048828125,455.2300109863281,452.29998779296875,453.4100036621094,1879876
2025-12-31 15:15:00+00:00,453.4798889160156,454.94000244140625,453.1300048828125,454.5899963378906,3758811
2025-12-31 15:30:00+00:00,454.55999755859375,455.239990234375,453.6099853515625,454.760009765625,1352499
2025-12-31 15:45:00+00:00,454.7699890136719,455.1600036621094,453.67999267578125,454.0,1161698
2025-12-31 16:00:00+00:00,453.95001220703125,454.45001220703125,453.29010009765625,454.2275085449219,1134805
2025-12-31 16:15:00+00:00,454.239990234375,454.2699890136719,453.2601013183594,453.81500244140625,823765
2025-12-31 16:30:00+00:00,453.8500061035156,453.8500061035156,452.5799865722656,453.25,1049176
2025-12-31 16:45:00+00:00,453.25,454.2499084472656,452.6600036621094,454.05999755859375,1007759
2025-12-31 17:00:00+00:00,454.04998779296875,454.1025085449219,453.1549987792969,453.5,810817
2025-12-31 17:15:00+00:00,453.5150146484375,454.6199951171875,453.3699951171875,454.6000061035156,910330
2025-12-31 17:30:00+00:00,454.6400146484375,455.8399963378906,454.60009765625,454.7449951171875,1675206
2025-12-31 17:45:00+00:00,454.7449951171875,454.875,453.260009765625,453.55999755859375,1166716
2025-12-31 18:00:00+00:00,453.6099853515625,455.3500061035156,453.42999267578125,454.75,1115730
2025-12-31 18:15:00+00:00,454.75,455.0899963378906,454.29998779296875,454.8550109863281,800402
2025-12-31 18:30:00+00:00,454.8399963378906,455.0799865722656,454.1600036621094,454.6488952636719,704797
2025-12-31 18:45:00+00:00,454.6199951171875,454.8900146484375,453.7200012207031,453.8200988769531,599100
2025-12-31 19:00:00+00:00,453.8299865722656,453.9800109863281,453.44000244140625,453.885009765625,673030
2025-12-31 19:15:00+00:00,453.8999938964844,453.8999938964844,452.6499938964844,453.2650146484375,868347
2025-12-31 19:30:00+00:00,453.2799987792969,453.3800048828125,451.75,452.4667053222656,1162516
2025-12-31 19:45:00+00:00,452.49420166015625,452.5198974609375,451.2401123046875,451.7799987792969,1161707
2025-12-31 20:00:00+00:00,451.7900085449219,451.8500061035156,449.65020751953125,450.3999938964844,2013914
2025-12-31 20:15:00+00:00,450.3399963378906,451.0574035644531,449.44000244140625,449.5,1465734
2025-12-31 20:30:00+00:00,449.5398864746094,450.6499938964844,449.29998779296875,450.6000061035156,1404081
2025-12-31 20:45:00+00:00,450.5899963378906,450.9299011230469,449.44000244140625,449.54998779296875,2645745
2026-01-02 14:30:00+00:00,457.7511901855469,458.3299865722656,450.44000244140625,450.489990234375,7547889
2026-01-02 14:45:00+00:00,450.55999755859375,454.4599914550781,449.5,452.5299987792969,3523480
2026-01-02 15:00:00+00:00,452.5740966796875,454.3599853515625,448.75,449.0,2722027
2026-01-02 15:15:00+00:00,449.010009765625,449.5400085449219,444.3699951171875,445.1000061035156,3673600
2026-01-02 15:30:00+00:00,445.0799865722656,448.25,444.2099914550781,447.8399963378906,2846284
2026-01-02 15:45:00+00:00,447.82000732421875,448.2300109863281,442.42010498046875,443.0794982910156,2895358
2026-01-02 16:00:00+00:00,443.0799865722656,443.54998779296875,440.8999938964844,443.5260009765625,2697143
2026-01-02 16:15:00+00:00,443.5299987792969,444.82000732421875,441.760009765625,444.0799865722656,2141797
2026-01-02 16:30:00+00:00,444.05999755859375,445.3299865722656,443.29998779296875,443.3599853515625,1638793
2026-01-02 16:45:00+00:00,443.3399963378906,444.1099853515625,441.5799865722656,442.37200927734375,1477635
2026-01-02 17:00:00+00:00,442.385009765625,442.95001220703125,441.2900085449219,442.8500061035156,1773670
2026-01-02 17:15:00+00:00,442.8111877441406,443.07000732421875,441.04998779296875,441.760009765625,1249075
2026-01-02 17:30:00+00:00,441.79998779296875,442.5899963378906,440.3900146484375,441.135009765625,1429335
2026-01-02 17:45:00+00:00,441.1199951171875,441.4100036621094,439.6600036621094,439.9299011230469,1867899
2026-01-02 18:00:00+00:00,439.9100036621094,440.75,439.6200866699219,439.989990234375,1227144
2026-01-02 18:15:00+00:00,439.9599914550781,439.9800109863281,437.9200134277344,438.39990234375,1852474
2026-01-02 18:30:00+00:00,438.3800048828125,438.5592956542969,436.6099853515625,436.67999267578125,1825595
2026-01-02 18:45:00+00:00,436.6600036621094,437.2876892089844,435.29998779296875,435.860107421875,1931892
2026-01-02 19:00:00+00:00,435.8599853515625,438.6300048828125,435.6200866699219,438.4100036621094,1912676
2026-01-02 19:15:00+00:00,438.44000244140625,438.5799865722656,437.1000061035156,438.4100036621094,1662994
2026-01-02 19:30:00+00:00,438.3800048828125,440.67999267578125,438.3800048828125,440.54998779296875,2150863
2026-01-02 19:45:00+00:00,440.5400085449219,441.6199951171875,439.92999267578125,440.30999755859375,1882447
2026-01-02 20:00:00+00:00,440.32000732421875,441.3999938964844,440.1300048828125,440.8869934082031,1391686
2026-01-02 20:15:00+00:00,440.8828125,441.3299865722656,439.8500061035156,440.3500061035156,1361240
2026-01-02 20:30:00+00:00,440.3299865722656,440.5159912109375,438.4830017089844,438.5350036621094,1654541
2026-01-02 20:45:00+00:00,438.54998779296875,439.3299865722656,437.6000061035156,438.1000061035156,2676099
2026-01-05 14:30:00+00:00,447.25,453.3299865722656,444.57000732421875,452.44000244140625,6627489
2026-01-05 14:45:00+00:00,452.43499755859375,454.5,450.82000732421875,452.54998779296875,3435791
2026-01-05 15:00:00+00:00,452.5249938964844,455.2799987792969,451.30999755859375,454.6199951171875,3160241
2026-01-05 15:15:00+00:00,454.6000061035156,455.8900146484375,452.7699890136719,455.32000732421875,2865544
2026-01-05 15:30:00+00:00,455.2900085449219,456.6499938964844,454.80999755859375,454.9700012207031,2259169
2026-01-05 15:45:00+00:00,454.9849853515625,456.0,454.6199951171875,454.9800109863281,1638111
2026-01-05 16:00:00+00:00,455.0150146484375,455.81988525390625,454.44000244140625,454.7749938964844,1535143
2026-01-05 16:15:00+00:00,454.7749938964844,455.0899963378906,453.2699890136719,454.0299987792969,1382996
2026-01-05 16:30:00+00:00,454.04998779296875,455.1000061035156,453.9599914550781,454.46990966796875,1197638
2026-01-05 16:45:00+00:00,454.42999267578125,456.54998779296875,454.42010498046875,455.79010009765625,1570988
2026-01-05 17:00:00+00:00,455.8399963378906,457.5498962402344,455.3500061035156,457.2601013183594,1733197
2026-01-05 17:15:00+00:00,457.2650146484375,457.32000732421875,455.25,456.0299987792969,1343764
2026-01-05 17:30:00+00:00,456.0299987792969,456.32000732421875,455.0899963378906,455.1700134277344,948958
2026-01-05 17:45:00+00:00,455.1700134277344,456.3399963378906,455.05999755859375,455.3349914550781,966987
2026-01-05 18:00:00+00:00,455.3500061035156,455.4784851074219,454.5,454.7919921875,1037346
2026-01-05 18:15:00+00:00,454.7799987792969,455.1499938964844,453.7900085449219,454.7099914550781,1105686
2026-01-05 18:30:00+00:00,454.67999267578125,456.3299865722656,454.3301086425781,456.25,1064806
2026-01-05 18:45:00+00:00,456.2854919433594,457.0400085449219,455.80999755859375,456.9649963378906,1125528
2026-01-05 19:00:00+00:00,456.95001220703125,457.1000061035156,455.7650146484375,455.9599914550781,1044690
2026-01-05 19:15:00+00:00,455.9549865722656,456.5199890136719,455.6499938964844,455.7550048828125,709391
2026-01-05 19:30:00+00:00,455.7355041503906,455.7799987792969,453.8500061035156,454.45001220703125,1163636
2026-01-05 19:45:00+00:00,454.44500732421875,455.7799987792969,454.3301086425781,455.2300109863281,1495867
2026-01-05 20:00:00+00:00,455.2200012207031,455.6885986328125,454.2099914550781,455.3380126953125,1137363
2026-01-05 20:15:00+00:00,455.3299865722656,456.2300109863281,455.1000061035156,456.2099914550781,1056786
2026-01-05 20:30:00+00:00,456.2250061035156,456.239990234375,454.3399963378906,454.77410888671875,1404267
2026-01-05 20:45:00+00:00,454.7699890136719,455.3500061035156,450.8599853515625,451.69000244140625,3639431
2026-01-06 14:30:00+00:00,444.1499938964844,444.2698974609375,437.6400146484375,438.1415100097656,6532903
2026-01-06 14:45:00+00:00,438.5299987792969,439.67999267578125,436.17999267578125,436.80999755859375,4640887
2026-01-06 15:00:00+00:00,436.760009765625,439.1180114746094,435.3900146484375,438.6575012207031,4018058
2026-01-06 15:15:00+00:00,438.6600036621094,439.44000244140625,437.6600036621094,439.0591125488281,2537346
2026-01-06 15:30:00+00:00,439.04998779296875,439.3500061035156,436.0799865722656,436.7799987792969,2365960
2026-01-06 15:45:00+00:00,436.07501220703125,437.1099853515625,434.4200134277344,434.70001220703125,2936893
2026-01-06 16:00:00+00:00,434.6499938964844,434.6499938964844,432.75,433.8363952636719,2925346
2026-01-06 16:15:00+00:00,433.409912109375,433.5,431.80999755859375,431.8550109863281,2274149
2026-01-06 16:30:00+00:00,431.8599853515625,433.3299865722656,431.7464904785156,432.1400146484375,2125623
2026-01-06 16:45:00+00:00,432.1600036621094,432.4700012207031,430.3200988769531,430.9501037597656,2104658
2026-01-06 17:00:00+00:00,431.2749938964844,431.5899963378906,430.3999938964844,430.7749938964844,1914891
2026-01-06 17:15:00+00:00,430.7601013183594,432.510009765625,430.75,432.0350036621094,1641511
2026-01-06 17:30:00+00:00,432.05999755859375,432.5400085449219,429.7900085449219,430.3999938964844,2043708
2026-01-06 17:45:00+00:00,430.82000732421875,431.2300109863281,429.75,430.1556091308594,1789790
2026-01-06 18:00:00+00:00,430.1300048828125,430.239990234375,428.7799987792969,429.6694030761719,1717667
2026-01-06 18:15:00+00:00,429.6400146484375,430.05999755859375,428.9258117675781,429.7699890136719,1219342
2026-01-06 18:30:00+00:00,429.7049865722656,431.1600036621094,429.1400146484375,431.09991455078125,1729850
2026-01-06 18:45:00+00:00,431.1000061035156,432.260009765625,430.7099914550781,431.1099853515625,1946602
2026-01-06 19:00:00+00:00,431.0899963378906,433.1600036621094,430.95001220703125,433.010986328125,1222344
2026-01-06 19:15:00+00:00,432.7300109863281,433.69000244140625,432.5899963378906,433.26239013671875,1444442
2026-01-06 19:30:00+00:00,433.9849853515625,434.4200134277344,433.6700134277344,433.9150085449219,1899578
2026-01-06 19:45:00+00:00,433.909912109375,434.1000061035156,430.8599853515625,431.02398681640625,2096182
2026-01-06 20:00:00+00:00,431.010009765625,431.489990234375,430.2699890136719,430.85198974609375,1692241
2026-01-06 20:15:00+00:00,431.0799865722656,431.7900085449219,430.0400085449219,431.7449951171875,2076042
2026-01-06 20:30:00+00:00,431.7200012207031,432.3500061035156,431.30999755859375,432.2200012207031,1569487
2026-01-06 20:45:00+00:00,431.8800964355469,433.440185546875,431.7101135253906,432.4898986816406,1823921
2026-01-07 14:30:00+00:00,435.885009765625,438.1300048828125,431.6000061035156,437.364990234375,5686761
2026-01-07 14:45:00+00:00,437.3900146484375,437.489990234375,433.15008544921875,433.760009765625,2979785
2026-01-07 15:00:00+00:00,433.760009765625,434.75,432.3399963378906,434.0705871582031,2308391
2026-01-07 15:15:00+00:00,434.0849914550781,434.5198974609375,432.79998779296875,434.0350036621094,1616868
2026-01-07 15:30:00+00:00,434.0400085449219,437.17999267578125,433.85009765625,435.8139953613281,2505364
2026-01-07 15:45:00+00:00,435.8299865722656,436.7900085449219,435.04998779296875,435.85198974609375,1541557
2026-01-07 16:00:00+00:00,435.8599853515625,437.260009765625,435.1000061035156,436.5199890136719,1679677
2026-01-07 16:15:00+00:00,436.5350036621094,436.6300048828125,435.1600036621094,435.989990234375,1068516
2026-01-07 16:30:00+00:00,436.0,437.6400146484375,435.7099914550781,437.32501220703125,1414040
2026-01-07 16:45:00+00:00,437.30010986328125,438.3699951171875,437.010009765625,437.2300109863281,1505668
2026-01-07 17:00:00+00:00,437.2250061035156,437.6300048828125,436.45001220703125,436.6600036621094,1236584
2026-01-07 17:15:00+00:00,436.6499938964844,437.25,435.8800048828125,436.2200012207031,1053442
2026-01-07 17:30:00+00:00,436.2349853515625,436.9490051269531,435.989990234375,436.8518981933594,814549
2026-01-07 17:45:00+00:00,436.88690185546875,437.75,436.6099853515625,437.3999938964844,1158859
2026-01-07 18:00:00+00:00,437.3699951171875,437.6499938964844,436.5799865722656,437.0539855957031,825219
2026-01-07 18:15:00+00:00,437.03839111328125,437.1000061035156,436.2300109863281,436.34710693359375,778458
2026-01-07 18:30:00+00:00,436.3599853515625,437.510009765625,436.1575012207031,437.0849914550781,885398
2026-01-07 18:45:00+00:00,437.1000061035156,437.2499084472656,434.69720458984375,434.7850036621094,1217485
2026-01-07 19:00:00+00:00,434.7900085449219,435.2200012207031,434.2699890136719,435.1000061035156,1217236
2026-01-07 19:15:00+00:00,435.05999755859375,435.92999267578125,434.8500061035156,435.8599853515625,1066614
2026-01-07 19:30:00+00:00,435.8900146484375,437.0199890136719,435.8299865722656,436.9800109863281,1109771
2026-01-07 19:45:00+00:00,436.9700012207031,437.4100036621094,436.6401062011719,436.8349914550781,946109
2026-01-07 20:00:00+00:00,436.85198974609375,437.5199890136719,436.0400085449219,436.0400085449219,1114794
2026-01-07 20:15:00+00:00,436.0299987792969,437.4700012207031,435.8599853515625,436.1400146484375,1235262
2026-01-07 20:30:00+00:00,436.1600036621094,436.7900085449219,434.4645080566406,435.4100036621094,1540526
2026-01-07 20:45:00+00:00,435.393798828125,435.4649963378906,431.30999755859375,431.4200134277344,2962506
2026-01-08 14:30:00+00:00,425.5,430.69000244140625,424.364990234375,426.2300109863281,5917969
2026-01-08 14:45:00+00:00,427.3529968261719,431.95001220703125,426.95001220703125,429.7340087890625,3343538
2026-01-08 15:00:00+00:00,429.7799987792969,434.010009765625,428.8299865722656,433.17999267578125,2890845
2026-01-08 15:15:00+00:00,433.25,435.04998779296875,432.03009033203125,434.8900146484375,2145306
2026-01-08 15:30:00+00:00,434.8500061035156,435.0,432.05999755859375,433.8399963378906,1845832
2026-01-08 15:45:00+00:00,433.8599853515625,435.17999267578125,432.4800109863281,434.4049987792969,1500276
2026-01-08 16:00:00+00:00,434.404296875,434.5199890136719,433.2900085449219,433.9200134277344,1201250
2026-01-08 16:15:00+00:00,433.8699951171875,434.7380065917969,433.0400085449219,434.26458740234375,1319943
2026-01-08 16:30:00+00:00,434.25,435.5700988769531,433.30999755859375,435.5199890136719,1588708
2026-01-08 16:45:00+00:00,435.5799865722656,436.1400146484375,434.4552917480469,435.29998779296875,1472710
2026-01-08 17:00:00+00:00,435.28460693359375,435.6300048828125,433.9100036621094,434.1400146484375,1037849
2026-01-08 17:15:00+00:00,434.1199951171875,435.25,433.80999755859375,435.1944885253906,964481
2026-01-08 17:30:00+00:00,435.17999267578125,436.2898864746094,435.1400146484375,436.17999267578125,1092067
2026-01-08 17:45:00+00:00,436.20001220703125,436.8900146484375,435.6199951171875,436.0299987792969,1048504
2026-01-08 18:00:00+00:00,436.0050048828125,436.45001220703125,434.5400085449219,434.7099914550781,934613
2026-01-08 18:15:00+00:00,434.7200012207031,435.4200134277344,433.739990234375,434.1300048828125,1134778
2026-01-08 18:30:00+00:00,434.1600036621094,434.94989013671875,433.8999938964844,434.4100036621094,795027
2026-01-08 18:45:00+00:00,434.3999938964844,434.6000061035156,432.6099853515625,432.9949951171875,939869
2026-01-08 19:00:00+00:00,432.9700012207031,433.7799987792969,432.6300964355469,432.8349914550781,813408
2026-01-08 19:15:00+00:00,432.8399963378906,434.1600036621094,432.42999267578125,433.760009765625,912339
2026-01-08 19:30:00+00:00,433.7099914550781,435.29998779296875,433.6600036621094,435.2095031738281,995513
2026-01-08 19:45:00+00:00,435.2200012207031,435.3399963378906,434.3999938964844,434.91009521484375,861604
2026-01-08 20:00:00+00:00,434.9200134277344,435.79998779296875,434.7200012207031,435.29998779296875,959646
2026-01-08 20:15:00+00:00,435.29998779296875,435.5400085449219,434.510009765625,434.9599914550781,1081750
2026-01-08 20:30:00+00:00,434.94000244140625,435.83929443359375,434.3500061035156,434.9599914550781,12245739
2026-01-08 20:45:00+00:00,435.0,436.25,434.8324890136719,435.8399963378906,2073960
2026-01-09 14:30:00+00:00,434.0,435.2799987792969,430.3900146484375,434.8999938964844,5100452
2026-01-09 14:45:00+00:00,435.0,437.7300109863281,433.6300048828125,437.3550109863281,2953525
2026-01-09 15:00:00+00:00,437.29998779296875,439.8599853515625,435.20001220703125,439.3323974609375,3667614
2026-01-09 15:15:00+00:00,439.3399963378906,443.8800048828125,439.30499267578125,443.6199951171875,4055249
2026-01-09 15:30:00+00:00,443.6499938964844,443.79998779296875,441.4800109863281,441.4800109863281,2445731
2026-01-09 15:45:00+00:00,441.4800109863281,442.8900146484375,440.6499938964844,442.80999755859375,2104444
2026-01-09 16:00:00+00:00,442.8299865722656,443.9599914550781,442.1099853515625,443.8711853027344,1699665
2026-01-09 16:15:00+00:00,443.8599853515625,444.2898864746094,441.8800048828125,442.63238525390625,1728221
2026-01-09 16:30:00+00:00,442.6600036621094,443.9198913574219,442.29998779296875,443.7560119628906,1274680
2026-01-09 16:45:00+00:00,443.7200012207031,444.64959716796875,442.989990234375,443.5199890136719,1451719
2026-01-09 17:00:00+00:00,443.55999755859375,444.75,443.32000732421875,444.2793884277344,1122836
2026-01-09 17:15:00+00:00,444.2699890136719,445.239990234375,443.7099914550781,444.45001220703125,1384624
2026-01-09 17:30:00+00:00,444.44500732421875,445.82000732421875,444.1199951171875,445.45001220703125,1323939
2026-01-09 17:45:00+00:00,445.498291015625,448.1499938964844,445.3599853515625,447.4750061035156,1996336
2026-01-09 18:00:00+00:00,447.4599914550781,449.04998779296875,446.9100036621094,448.0350036621094,2030236
2026-01-09 18:15:00+00:00,448.0101013183594,448.05999755859375,446.3599853515625,447.17999267578125,1604687
2026-01-09 18:30:00+00:00,447.17999267578125,447.9198913574219,447.05999755859375,447.3900146484375,921556
2026-01-09 18:45:00+00:00,447.4200134277344,447.7799987792969,447.0799865722656,447.64990234375,755634
2026-01-09 19:00:00+00:00,447.6499938964844,447.8699951171875,446.6400146484375,447.7799987792969,920860
2026-01-09 19:15:00+00:00,447.7699890136719,447.8999938964844,445.45001220703125,446.375,1327304
2026-01-09 19:30:00+00:00,446.3900146484375,446.42999267578125,445.1400146484375,445.32000732421875,1156650
2026-01-09 19:45:00+00:00,445.29998779296875,446.6000061035156,445.19000244140625,445.6400146484375,1191946
2026-01-09 20:00:00+00:00,445.6300048828125,445.80999755859375,444.9200134277344,445.45001220703125,1075258
2026-01-09 20:15:00+00:00,445.4200134277344,445.7099914550781,444.510009765625,445.35528564453125,1200454
2026-01-09 20:30:00+00:00,445.3399963378906,445.5400085449219,444.3599853515625,445.3800048828125,1233176
2026-01-09 20:45:00+00:00,445.3800048828125,445.9700012207031,444.5000915527344,444.989990234375,2054464
2026-01-12 14:30:00+00:00,441.2250061035156,444.5,438.0,442.29998779296875,6012239
2026-01-12 14:45:00+00:00,442.3599853515625,450.2200012207031,441.79998779296875,448.5445861816406,4398773
2026-01-12 15:00:00+00:00,448.4750061035156,449.8999938964844,447.6000061035156,449.75,2435133
2026-01-12 15:15:00+00:00,449.7099914550781,450.1000061035156,448.44000244140625,449.80499267578125,1846729
2026-01-12 15:30:00+00:00,449.8299865722656,449.8999938964844,447.1000061035156,447.8900146484375,1577611
2026-01-12 15:45:00+00:00,447.9399108886719,449.44000244140625,446.9200134277344,447.6231994628906,1732439
2026-01-12 16:00:00+00:00,447.6400146484375,448.95001220703125,447.3399963378906,448.614990234375,1337701
2026-01-12 16:15:00+00:00,448.5899963378906,449.3299865722656,447.9599914550781,448.635009765625,1175859
2026-01-12 16:30:00+00:00,448.6388854980469,451.3399963378906,448.4071044921875,450.3550109863281,1987002
2026-01-12 16:45:00+00:00,450.3550109863281,450.9599914550781,449.1199951171875,450.8299865722656,1647846
2026-01-12 17:00:00+00:00,450.8163146972656,453.7550048828125,450.8163146972656,453.67999267578125,2388719
2026-01-12 17:15:00+00:00,453.6700134277344,454.29998779296875,453.20001220703125,453.8299865722656,1691792
2026-01-12 17:30:00+00:00,453.75,453.9198913574219,451.7401123046875,452.7799987792969,1516775
2026-01-12 17:45:00+00:00,452.7699890136719,453.3800048828125,451.8299865722656,452.0,1124781
2026-01-12 18:00:00+00:00,451.9800109863281,452.14990234375,450.80999755859375,451.1499938964844,1216050
2026-01-12 18:15:00+00:00,451.15130615234375,451.29998779296875,449.95001220703125,450.82000732421875,1245801
2026-01-12 18:30:00+00:00,450.8450012207031,451.82501220703125,450.1606140136719,451.0899963378906,1331126
2026-01-12 18:45:00+00:00,451.1099853515625,451.6000061035156,450.2699890136719,451.0899963378906,1160804
2026-01-12 19:00:00+00:00,451.07501220703125,451.20001220703125,449.9100036621094,450.9700012207031,1042247
2026-01-12 19:15:00+00:00,450.989990234375,452.1300048828125,450.9599914550781,451.7409973144531,998271
2026-01-12 19:30:00+00:00,451.7799072265625,451.9599914550781,450.1300048828125,450.66180419921875,1023741
2026-01-12 19:45:00+00:00,450.6600036621094,451.07000732421875,449.45001220703125,450.4100036621094,1249584
2026-01-12 20:00:00+00:00,450.4197082519531,451.1499938964844,450.2300109863281,450.4750061035156,812155
2026-01-12 20:15:00+00:00,450.4999084472656,451.5,450.260009765625,450.92498779296875,1114972
2026-01-12 20:30:00+00:00,450.9100036621094,451.1000061035156,449.70001220703125,450.4200134277344,1357961
2026-01-12 20:45:00+00:00,450.3900146484375,450.4599914550781,448.2699890136719,448.92999267578125,2427413
2026-01-13 14:30:00+00:00,450.20001220703125,451.6600036621094,446.8919982910156,448.3800048828125,4880952
2026-01-13 14:45:00+00:00,448.409912109375,450.1799011230469,447.95001220703125,448.2049865722656,2382199
2026-01-13 15:00:00+00:00,448.260009765625,451.05999755859375,446.5,450.65728759765625,2693243
2026-01-13 15:15:00+00:00,450.5899963378906,450.72650146484375,445.3999938964844,447.0552062988281,2542077
2026-01-13 15:30:00+00:00,447.0899963378906,449.712890625,446.2699890136719,448.8699951171875,2092095
2026-01-13 15:45:00+00:00,448.8999938964844,451.3599853515625,448.0199890136719,451.1116027832031,1968302
2026-01-13 16:00:00+00:00,451.1000061035156,451.3900146484375,450.4800109863281,450.8894958496094,1327198
2026-01-13 16:15:00+00:00,450.885986328125,451.29998779296875,448.82000732421875,450.31939697265625,1188805
2026-01-13 16:30:00+00:00,450.3057861328125,451.80999755859375,450.0299987792969,450.6650085449219,1421009
2026-01-13 16:45:00+00:00,450.6499938964844,451.6499938964844,450.3800048828125,450.6654968261719,1095116
2026-01-13 17:00:00+00:00,450.6099853515625,451.139404296875,449.6000061035156,449.6000061035156,846185
2026-01-13 17:15:00+00:00,449.63970947265625,449.79998779296875,448.6300964355469,449.3699951171875,1251472
2026-01-13 17:30:00+00:00,449.3500061035156,449.70001220703125,448.0,448.2200012207031,980584
2026-01-13 17:45:00+00:00,448.239990234375,448.52130126953125,446.70001220703125,446.989990234375,990899
2026-01-13 18:00:00+00:00,446.989990234375,448.5400085449219,446.55999755859375,448.5050048828125,1100042
2026-01-13 18:15:00+00:00,448.510009765625,448.7898864746094,447.07000732421875,447.42999267578125,932527
2026-01-13 18:30:00+00:00,447.45001220703125,448.17999267578125,446.6099853515625,446.6099853515625,906452
2026-01-13 18:45:00+00:00,446.6099853515625,446.8594970703125,444.760009765625,444.8999938964844,1636691
2026-01-13 19:00:00+00:00,444.94000244140625,445.7099914550781,443.95001220703125,445.6400146484375,1543948
2026-01-13 19:15:00+00:00,445.610107421875,446.04998779296875,444.70001220703125,445.07000732421875,1076080
2026-01-13 19:30:00+00:00,445.04998779296875,445.95001220703125,444.6099853515625,445.7550048828125,768236
2026-01-13 19:45:00+00:00,445.7799987792969,447.2300109863281,445.6199951171875,446.82501220703125,980970
2026-01-13 20:00:00+00:00,446.82720947265625,447.0899963378906,445.7200012207031,445.8598937988281,829610
2026-01-13 20:15:00+00:00,445.8900146484375,446.5199890136719,445.0799865722656,446.2349853515625,1083543
2026-01-13 20:30:00+00:00,446.239990234375,447.8299865722656,445.67999267578125,447.3431091308594,1194898
2026-01-13 20:45:00+00:00,447.3299865722656,447.5198974609375,446.0899963378906,447.1300048828125,1588988
2026-01-14 14:30:00+00:00,439.6650085449219,441.70001220703125,438.8299865722656,439.8500061035156,4411753
2026-01-14 14:45:00+00:00,439.8800048828125,440.6700134277344,438.5400085449219,438.7146911621094,2446064
2026-01-14 15:00:00+00:00,438.7550048828125,443.3500061035156,437.3103942871094,443.1050109863281,3078598
2026-01-14 15:15:00+00:00,443.1700134277344,443.9100036621094,439.8800048828125,440.04998779296875,2390338
2026-01-14 15:30:00+00:00,440.05499267578125,440.32989501953125,437.1400146484375,437.5910949707031,2172196
2026-01-14 15:45:00+00:00,437.5799865722656,437.80999755859375,435.8800048828125,436.9142150878906,2175460
2026-01-14 16:00:00+00:00,436.885009765625,438.0299987792969,436.510009765625,437.0899963378906,1295990
2026-01-14 16:15:00+00:00,437.07501220703125,439.3800048828125,436.2799987792969,438.4200134277344,1820085
2026-01-14 16:30:00+00:00,438.3500061035156,438.7698974609375,436.4200134277344,436.4200134277344,1173743
2026-01-14 16:45:00+00:00,436.3999938964844,436.7799072265625,434.29998779296875,434.5799865722656,1888598
2026-01-14 17:00:00+00:00,434.55999755859375,436.0299987792969,434.2300109863281,435.8500061035156,1300732
2026-01-14 17:15:00+00:00,435.83380126953125,436.57000732421875,435.0,436.1199951171875,1038249
2026-01-14 17:30:00+00:00,436.20001220703125,436.2099914550781,434.8699951171875,435.6400146484375,1013707
2026-01-14 17:45:00+00:00,435.6300048828125,436.3399963378906,434.760009765625,435.30010986328125,883680
2026-01-14 18:00:00+00:00,435.3399963378906,435.8399963378906,435.0,435.70001220703125,743176
2026-01-14 18:15:00+00:00,435.69000244140625,436.5,435.3807067871094,436.4100036621094,814722
2026-01-14 18:30:00+00:00,436.35809326171875,436.739990234375,434.9100036621094,436.0801086425781,1072144
2026-01-14 18:45:00+00:00,436.1400146484375,436.7699890136719,435.8299865722656,436.375,765922
2026-01-14 19:00:00+00:00,436.375,436.6400146484375,435.70001220703125,436.3999938964844,782648
2026-01-14 19:15:00+00:00,436.3999938964844,437.2698974609375,436.1199951171875,436.8800048828125,976773
2026-01-14 19:30:00+00:00,436.9100036621094,437.5799865722656,436.4100036621094,436.45001220703125,878958
2026-01-14 19:45:00+00:00,436.44000244140625,436.989990234375,435.82000732421875,436.9100036621094,1124047
2026-01-14 20:00:00+00:00,436.9200134277344,438.3699951171875,436.2300109863281,437.07000732421875,1559766
2026-01-14 20:15:00+00:00,437.0199890136719,437.2099914550781,435.0299987792969,435.1600036621094,1298636
2026-01-14 20:30:00+00:00,435.17999267578125,437.8299865722656,435.1400146484375,436.67999267578125,1569046
2026-01-14 20:45:00+00:00,436.69000244140625,439.45001220703125,436.3299865722656,439.260009765625,2434448
2026-01-15 14:30:00+00:00,444.20989990234375,444.7099914550781,440.989990234375,442.67999267578125,4188151
2026-01-15 14:45:00+00:00,442.67999267578125,443.8399963378906,441.739990234375,441.7699890136719,1984158
2026-01-15 15:00:00+00:00,441.7200012207031,442.9898986816406,439.4800109863281,442.95001220703125,2343270
2026-01-15 15:15:00+00:00,442.9100036621094,445.3299865722656,442.0899963378906,443.32000732421875,2289995
2026-01-15 15:30:00+00:00,443.3399963378906,445.3599853515625,442.8229064941406,443.9599914550781,1858591
2026-01-15 15:45:00+00:00,443.94000244140625,444.0899963378906,441.95001220703125,443.3031921386719,1748203
2026-01-15 16:00:00+00:00,443.2699890136719,444.3399963378906,443.1261901855469,443.5209045410156,1271294
2026-01-15 16:15:00+00:00,443.5150146484375,444.25,442.3900146484375,442.8299865722656,1287392
2026-01-15 16:30:00+00:00,442.739990234375,443.42999267578125,442.42999267578125,442.8550109863281,735939
2026-01-15 16:45:00+00:00,442.885009765625,443.0199890136719,442.1000061035156,442.5950012207031,892524
2026-01-15 17:00:00+00:00,442.57000732421875,443.30999755859375,441.9700012207031,442.5299987792969,880618
2026-01-15 17:15:00+00:00,442.55999755859375,443.5400085449219,442.07000732421875,443.1200866699219,841723
2026-01-15 17:30:00+00:00,443.1628112792969,443.3299865722656,442.07000732421875,442.30499267578125,740573
2026-01-15 17:45:00+00:00,442.2799987792969,442.7265930175781,441.1000061035156,441.55999755859375,836754
2026-01-15 18:00:00+00:00,441.5249938964844,442.55999755859375,441.3599853515625,442.09490966796875,888808
2026-01-15 18:15:00+00:00,442.05999755859375,443.3999938964844,441.7300109863281,443.2174987792969,864270
2026-01-15 18:30:00+00:00,443.2300109863281,443.82000732421875,442.92999267578125,443.1549987792969,794601
2026-01-15 18:45:00+00:00,443.17999267578125,443.67999267578125,442.80999755859375,442.8100891113281,682940
2026-01-15 19:00:00+00:00,442.80999755859375,442.8399963378906,441.510009765625,442.05999755859375,922284
2026-01-15 19:15:00+00:00,442.0400085449219,442.6499938964844,441.0799865722656,441.31988525390625,974524
2026-01-15 19:30:00+00:00,441.2900085449219,441.2944030761719,439.7699890136719,439.7959899902344,1108546
2026-01-15 19:45:00+00:00,439.7900085449219,441.04998779296875,439.4800109863281,440.28729248046875,1300824
2026-01-15 20:00:00+00:00,440.2900085449219,440.4700012207031,439.4200134277344,439.79998779296875,928518
2026-01-15 20:15:00+00:00,439.79998779296875,440.1499938964844,438.1600036621094,438.44000244140625,1271649
2026-01-15 20:30:00+00:00,438.489990234375,438.79998779296875,437.6499938964844,438.37310791015625,1281675
2026-01-15 20:45:00+00:00,438.3599853515625,439.05999755859375,437.8999938964844,438.3299865722656,1670037
2026-01-16 14:30:00+00:00,441.0799865722656,447.25,440.37701416015625,445.88330078125,6114853
2026-01-16 14:45:00+00:00,445.8599853515625,446.6000061035156,443.1499938964844,443.25,2681029
2026-01-16 15:00:00+00:00,443.29998779296875,443.6400146484375,440.5,440.53009033203125,2132498
2026-01-16 15:15:00+00:00,440.5474853515625,441.0,436.3999938964844,436.8500061035156,2981222
2026-01-16 15:30:00+00:00,436.82501220703125,437.5,435.65008544921875,436.32000732421875,1916689
2026-01-16 15:45:00+00:00,436.3299865722656,436.8999938964844,435.2601013183594,436.86199951171875,1581805
2026-01-16 16:00:00+00:00,436.8599853515625,438.0799865722656,436.3999938964844,437.9100036621094,1535705
2026-01-16 16:15:00+00:00,437.94940185546875,439.2200012207031,437.5400085449219,438.80999755859375,1470317
2026-01-16 16:30:00+00:00,438.8299865722656,439.7099914550781,438.739990234375,439.0000915527344,1149849
2026-01-16 16:45:00+00:00,439.0299987792969,439.7200012207031,437.7701110839844,439.0799865722656,9828555
2026-01-16 17:00:00+00:00,439.04998779296875,439.5899963378906,438.1300048828125,439.17999267578125,1008052
2026-01-16 17:15:00+00:00,439.20001220703125,439.3800048828125,438.44000244140625,438.55340576171875,700961
2026-01-16 17:30:00+00:00,438.55999755859375,439.1000061035156,438.07000732421875,438.8349914550781,656960
2026-01-16 17:45:00+00:00,438.80999755859375,439.0,437.94000244140625,438.1242980957031,786641
2026-01-16 18:00:00+00:00,438.1499938964844,439.75,437.8299865722656,439.28009033203125,975587
2026-01-16 18:15:00+00:00,439.30499267578125,440.45001220703125,439.2900085449219,440.35009765625,907364
2026-01-16 18:30:00+00:00,440.3500061035156,440.8500061035156,439.67999267578125,440.2900085449219,1126952
2026-01-16 18:45:00+00:00,440.2799987792969,440.4599914550781,439.6000061035156,440.0880126953125,745913
2026-01-16 19:00:00+00:00,440.05999755859375,440.8299865722656,439.42999267578125,439.510009765625,1029904
2026-01-16 19:15:00+00:00,439.510009765625,439.989990234375,439.0199890136719,439.80999755859375,914823
2026-01-16 19:30:00+00:00,439.79620361328125,440.80999755859375,439.6400146484375,440.4898986816406,844295
2026-01-16 19:45:00+00:00,440.4700012207031,440.70001220703125,440.1099853515625,440.1881103515625,634566
2026-01-16 20:00:00+00:00,440.1700134277344,440.6000061035156,439.6199951171875,439.98638916015625,721314
2026-01-16 20:15:00+00:00,439.9631042480469,440.5199890136719,439.7200012207031,439.8799133300781,722688
2026-01-16 20:30:00+00:00,439.8299865722656,439.8800048828125,439.1700134277344,439.64129638671875,1215939
2026-01-16 20:45:00+00:00,439.6099853515625,439.70001220703125,437.3599853515625,437.4700012207031,2211805
2026-01-20 14:30:00+00:00,429.3450012207031,430.5,423.4200134277344,427.8500061035156,6164442
2026-01-20 14:45:00+00:00,427.87078857421875,427.87860107421875,424.6400146484375,424.7699890136719,2646540
2026-01-20 15:00:00+00:00,424.75,425.8663024902344,423.739990234375,425.239990234375,2597768
2026-01-20 15:15:00+00:00,425.2200012207031,426.9599914550781,424.3299865722656,426.94000244140625,1831566
2026-01-20 15:30:00+00:00,426.94000244140625,427.7099914550781,426.1199951171875,427.6449890136719,1156812
2026-01-20 15:45:00+00:00,425.6216125488281,426.19000244140625,425.5567932128906,426.0799865722656,1731685
2026-01-20 16:00:00+00:00,426.1000061035156,426.96978759765625,424.8800048828125,425.32000732421875,1308267
2026-01-20 16:15:00+00:00,425.2969970703125,425.8539123535156,424.1300048828125,425.6499938964844,1401187
2026-01-20 16:30:00+00:00,425.6600036621094,425.9100036621094,424.4700012207031,424.7099914550781,954818
2026-01-20 16:45:00+00:00,424.7550048828125,425.5799865722656,423.8999938964844,425.0899963378906,1246324
2026-01-20 17:00:00+00:00,425.04998779296875,427.3999938964844,424.7900085449219,427.0299987792969,1206853
2026-01-20 17:15:00+00:00,427.0000915527344,427.2698059082031,426.0545959472656,426.260009765625,921921
2026-01-20 17:30:00+00:00,426.260009765625,426.4599914550781,425.4599914550781,425.5050048828125,758286
2026-01-20 17:45:00+00:00,425.4949951171875,425.4949951171875,423.8800048828125,424.8949890136719,1144924
2026-01-20 18:00:00+00:00,424.9100036621094,425.3699951171875,424.30999755859375,425.29998779296875,726627
2026-01-20 18:15:00+00:00,425.3429870605469,425.489990234375,424.6099853515625,424.7925109863281,661653
2026-01-20 18:30:00+00:00,424.82000732421875,425.0199890136719,423.3399963378906,423.3699951171875,1099216
2026-01-20 18:45:00+00:00,423.3500061035156,423.8999938964844,422.4703063964844,423.0,1218967
2026-01-20 19:00:00+00:00,423.0,423.69000244140625,422.90008544921875,423.3399963378906,864866
2026-01-20 19:15:00+00:00,423.3299865722656,423.3500061035156,422.0,422.239990234375,1021935
2026-01-20 19:30:00+00:00,422.2300109863281,422.3299865722656,420.8800048828125,420.8999938964844,1506105
2026-01-20 19:45:00+00:00,420.8800048828125,421.7200012207031,420.70001220703125,421.45001220703125,1281543
2026-01-20 20:00:00+00:00,421.4049987792969,421.42999267578125,420.010009765625,420.1470031738281,12502407
2026-01-20 20:15:00+00:00,420.1449890136719,420.5199890136719,417.8299865722656,417.9100036621094,2373588
2026-01-20 20:30:00+00:00,417.8900146484375,419.260009765625,417.44000244140625,418.6700134277344,1839463
2026-01-20 20:45:00+00:00,418.6400146484375,420.4800109863281,418.28009033203125,419.260009765625,2803041
2026-01-21 14:30:00+00:00,421.5799865722656,423.25,419.6200866699219,421.9200134277344,4164180
2026-01-21 14:45:00+00:00,421.8800964355469,424.1199951171875,421.8800964355469,423.7900085449219,2346848
2026-01-21 15:00:00+00:00,423.7699890136719,425.25,423.7601013183594,424.92498779296875,2105224
2026-01-21 15:15:00+00:00,424.9798889160156,428.2200012207031,424.7799987792969,427.43499755859375,2481437
2026-01-21 15:30:00+00:00,427.4700012207031,429.2898864746094,427.0199890136719,428.67498779296875,1916422
2026-01-21 15:45:00+00:00,428.67999267578125,429.54998779296875,428.260009765625,429.2898864746094,1810415
2026-01-21 16:00:00+00:00,429.2550048828125,429.7699890136719,427.45001220703125,427.7099914550781,1728220
2026-01-21 16:15:00+00:00,427.7300109863281,428.6099853515625,427.4200134277344,427.4873962402344,1401457
2026-01-21 16:30:00+00:00,427.44000244140625,427.49798583984375,423.70001220703125,423.7799987792969,2016280
2026-01-21 16:45:00+00:00,423.8800048828125,424.6899108886719,422.29998779296875,422.94000244140625,1849177
2026-01-21 17:00:00+00:00,422.9100036621094,423.94000244140625,420.19000244140625,420.32989501953125,1880293
2026-01-21 17:15:00+00:00,420.3399963378906,423.75,420.05999755859375,423.6588134765625,1674223
2026-01-21 17:30:00+00:00,423.6700134277344,424.5400085449219,422.80999755859375,423.8851013183594,1478000
2026-01-21 17:45:00+00:00,423.85009765625,424.79998779296875,422.92999267578125,424.6400146484375,1071541
2026-01-21 18:00:00+00:00,424.6199951171875,424.989990234375,422.80999755859375,424.875,1144199
2026-01-21 18:15:00+00:00,424.8599853515625,425.79998779296875,423.8800048828125,425.65771484375,1064610
2026-01-21 18:30:00+00:00,425.67999267578125,426.3500061035156,425.3551025390625,425.95001220703125,640752
2026-01-21 18:45:00+00:00,426.5299987792969,427.2799987792969,426.4100036621094,426.9150085449219,1122451
2026-01-21 19:00:00+00:00,426.9100036621094,427.3500061035156,425.9100036621094,426.66009521484375,788629
2026-01-21 19:15:00+00:00,426.69500732421875,433.04998779296875,426.41009521484375,432.5400085449219,1494765
2026-01-21 19:30:00+00:00,432.5000915527344,437.389892578125,432.375,437.19000244140625,3106204
2026-01-21 19:45:00+00:00,437.260009765625,438.1400146484375,435.9599914550781,437.4849853515625,2022311
2026-01-21 20:00:00+00:00,437.4849853515625,437.57000732421875,434.45001220703125,435.3450012207031,1790743
2026-01-21 20:15:00+00:00,435.3299865722656,435.6400146484375,433.4599914550781,433.5602111816406,1618745
2026-01-21 20:30:00+00:00,433.55999755859375,434.25,432.2850036621094,432.45001220703125,1729762
2026-01-21 20:45:00+00:00,432.42999267578125,432.5400085449219,430.27099609375,431.4599914550781,2491823
2026-01-22 14:30:00+00:00,434.8599853515625,435.54998779296875,432.6293029785156,434.55999755859375,3809202
2026-01-22 14:45:00+00:00,434.08990478515625,436.2300109863281,433.05999755859375,434.0299987792969,2521796
2026-01-22 15:00:00+00:00,434.04998779296875,435.6683044433594,432.7200012207031,434.8799133300781,2065698
2026-01-22 15:15:00+00:00,434.8500061035156,436.4100036621094,434.45001220703125,435.67999267578125,2024127
2026-01-22 15:30:00+00:00,435.739990234375,436.0299987792969,434.6000061035156,435.85009765625,1322678
2026-01-22 15:45:00+00:00,435.8500061035156,439.21990966796875,435.7361145019531,437.2200012207031,2791222
2026-01-22 16:00:00+00:00,437.19500732421875,438.1400146484375,436.5,437.7799072265625,1634770
2026-01-22 16:15:00+00:00,437.7200012207031,438.5,437.4100036621094,437.9599914550781,1126771
2026-01-22 16:30:00+00:00,438.0,438.75,437.8599853515625,438.17498779296875,1089665
2026-01-22 16:45:00+00:00,438.25,439.17999267578125,437.54998779296875,437.8883972167969,1261653
2026-01-22 17:00:00+00:00,437.90899658203125,438.7898864746094,437.05999755859375,438.21051025390625,1205534
2026-01-22 17:15:00+00:00,438.2300109863281,439.1099853515625,437.67999267578125,439.07000732421875,907509
2026-01-22 17:30:00+00:00,439.07000732421875,439.80999755859375,438.6780090332031,438.75,1074341
2026-01-22 17:45:00+00:00,438.75,445.8500061035156,438.6499938964844,445.510009765625,3011553
2026-01-22 18:00:00+00:00,445.5,448.260009765625,444.2589111328125,447.3500061035156,3961928
2026-01-22 18:15:00+00:00,447.2601013183594,448.25,444.6400146484375,444.9501037597656,2181809
2026-01-22 18:30:00+00:00,444.9599914550781,447.1693115234375,444.5799865722656,446.625,1806429
2026-01-22 18:45:00+00:00,446.6400146484375,447.04998779296875,445.0799865722656,446.1300048828125,1695465
2026-01-22 19:00:00+00:00,446.1099853515625,448.8399963378906,446.0299987792969,448.0849914550781,1678322
2026-01-22 19:15:00+00:00,448.0885009765625,448.8599853515625,447.44000244140625,448.42999267578125,1557646
2026-01-22 19:30:00+00:00,448.42999267578125,449.1199951171875,447.8550109863281,448.20001220703125,1285970
2026-01-22 19:45:00+00:00,448.1600036621094,448.44879150390625,446.20001220703125,446.3901062011719,1342396
2026-01-22 20:00:00+00:00,446.3800048828125,446.8999938964844,445.5,446.789306640625,1532199
2026-01-22 20:15:00+00:00,446.773193359375,447.92999267578125,446.29998779296875,446.3800048828125,1421539
2026-01-22 20:30:00+00:00,446.3699951171875,447.6960144042969,446.10198974609375,447.4599914550781,1532857
2026-01-22 20:45:00+00:00,447.4700012207031,449.4599914550781,447.2099914550781,449.3699951171875,3081206
2026-01-23 14:30:00+00:00,447.4049987792969,449.9800109863281,444.1600036621094,445.8594970703125,5698684
2026-01-23 14:45:00+00:00,446.29998779296875,450.5,444.0400085449219,449.67999267578125,3807010
2026-01-23 15:00:00+00:00,449.7200012207031,451.20001220703125,447.0600891113281,447.760009765625,2885307
2026-01-23 15:15:00+00:00,447.75,448.2799987792969,445.7200012207031,446.1099853515625,2234342
2026-01-23 15:30:00+00:00,446.114013671875,449.1700134277344,445.8399963378906,448.7550048828125,1708614
2026-01-23 15:45:00+00:00,448.7550048828125,452.0799865722656,448.6000061035156,452.0299987792969,2512369
2026-01-23 16:00:00+00:00,452.0799865722656,452.42999267578125,449.3200988769531,450.30950927734375,2100848
2026-01-23 16:15:00+00:00,450.260009765625,450.95001220703125,449.70001220703125,450.07000732421875,1315232
2026-01-23 16:30:00+00:00,450.0586853027344,450.3500061035156,448.6300048828125,449.5400085449219,1180966
2026-01-23 16:45:00+00:00,449.55499267578125,449.8999938964844,448.6000061035156,448.9100036621094,942537
2026-01-23 17:00:00+00:00,448.8900146484375,448.9700012207031,447.70001220703125,448.4999084472656,973640
2026-01-23 17:15:00+00:00,448.510009765625,449.1199951171875,447.6300048828125,448.909912109375,846413
2026-01-23 17:30:00+00:00,448.8800048828125,449.2200012207031,446.3999938964844,446.6600036621094,1095568
2026-01-23 17:45:00+00:00,446.69000244140625,447.1400146484375,445.46099853515625,445.625,1091123
2026-01-23 18:00:00+00:00,445.63800048828125,447.19000244140625,445.2799987792969,446.4700927734375,1222091
2026-01-23 18:15:00+00:00,446.4849853515625,447.510009765625,446.4501037597656,446.7200012207031,861494
2026-01-23 18:30:00+00:00,446.7452087402344,447.3699951171875,446.260009765625,446.85650634765625,736582
2026-01-23 18:45:00+00:00,446.864990234375,447.4599914550781,446.0299987792969,447.3407897949219,767297
2026-01-23 19:00:00+00:00,447.3500061035156,448.5799865722656,447.2799987792969,447.6300048828125,1152151
2026-01-23 19:15:00+00:00,447.6700134277344,448.3699951171875,447.1199951171875,447.1549987792969,803710
2026-01-23 19:30:00+00:00,447.1700134277344,448.1199951171875,446.989990234375,447.614990234375,757833
2026-01-23 19:45:00+00:00,447.6059875488281,448.4649963378906,447.19329833984375,448.4649963378906,739888
2026-01-23 20:00:00+00:00,448.4649963378906,448.8500061035156,446.8800048828125,448.1000061035156,1295756
2026-01-23 20:15:00+00:00,448.11639404296875,448.20001220703125,447.2200927734375,447.2502136230469,720494
2026-01-23 20:30:00+00:00,447.2699890136719,447.8599853515625,446.9200134277344,447.7799987792969,897220
2026-01-23 20:45:00+00:00,447.760009765625,449.30999755859375,447.0799865722656,449.07000732421875,2252010
2026-01-26 14:30:00+00:00,445.0299987792969,445.0299987792969,438.0,438.6700134277344,4329133
2026-01-26 14:45:00+00:00,438.7312927246094,439.8825988769531,437.6600036621094,439.0299987792969,2375329
2026-01-26 15:00:00+00:00,439.05499267578125,440.4184875488281,438.0799865722656,440.3949890136719,1851672
2026-01-26 15:15:00+00:00,440.3700866699219,441.489990234375,437.8800048828125,437.94830322265625,2008362
2026-01-26 15:30:00+00:00,437.8999938964844,438.3900146484375,436.7099914550781,436.8500061035156,2023007
2026-01-26 15:45:00+00:00,436.8999938964844,439.32000732421875,436.8551025390625,438.5299987792969,1514218
2026-01-26 16:00:00+00:00,438.54998779296875,439.25,438.010009765625,438.9549865722656,1096818
2026-01-26 16:15:00+00:00,438.95001220703125,439.9800109863281,438.1400146484375,439.7099914550781,1264454
2026-01-26 16:30:00+00:00,439.760009765625,440.2300109863281,439.1600036621094,439.25,938712
2026-01-26 16:45:00+00:00,439.25,439.760009765625,437.95001220703125,439.510009765625,1109812
2026-01-26 17:00:00+00:00,439.4599914550781,440.0,439.05499267578125,439.375,812963
2026-01-26 17:15:00+00:00,439.4200134277344,440.2699890136719,438.9599914550781,439.78680419921875,6592389
2026-01-26 17:30:00+00:00,439.81500244140625,439.8399963378906,438.5899963378906,438.6799011230469,777375
2026-01-26 17:45:00+00:00,438.6650085449219,438.67999267578125,438.0799865722656,438.16351318359375,751520
2026-01-26 18:00:00+00:00,438.16400146484375,438.70001220703125,437.82000732421875,438.37249755859375,863718
2026-01-26 18:15:00+00:00,438.364990234375,438.80999755859375,438.30999755859375,438.55999755859375,547963
2026-01-26 18:30:00+00:00,438.55999755859375,438.8599853515625,437.9700012207031,438.20001220703125,632950
2026-01-26 18:45:00+00:00,438.2099914550781,438.7799987792969,437.9800109863281,438.489990234375,566955
2026-01-26 19:00:00+00:00,438.4599914550781,438.6199035644531,437.57000732421875,438.3699951171875,757669
2026-01-26 19:15:00+00:00,438.3699951171875,438.67999267578125,437.4200134277344,437.7300109863281,999650
2026-01-26 19:30:00+00:00,437.739990234375,437.9599914550781,437.2699890136719,437.42498779296875,662776
2026-01-26 19:45:00+00:00,437.3999938964844,437.44000244140625,436.510009765625,436.59600830078125,1182409
2026-01-26 20:00:00+00:00,436.6199951171875,436.70318603515625,434.75,435.30999755859375,1804581
2026-01-26 20:15:00+00:00,435.3399963378906,435.5199890136719,434.4700012207031,434.8927001953125,1118197
2026-01-26 20:30:00+00:00,434.8800048828125,435.95001220703125,434.2900085449219,435.5799865722656,1434951
2026-01-26 20:45:00+00:00,435.6000061035156,436.3699951171875,435.1199951171875,435.20001220703125,2479362
2026-01-27 14:30:00+00:00,437.43499755859375,437.5199890136719,431.8299865722656,432.5849914550781,3393354
2026-01-27 14:45:00+00:00,432.6300048828125,434.92999267578125,432.239990234375,434.3988952636719,1910369
2026-01-27 15:00:00+00:00,434.44000244140625,436.0,433.51739501953125,434.8497009277344,1810177
2026-01-27 15:15:00+00:00,434.8689880371094,435.8399963378906,434.6600036621094,435.3900146484375,1106461
2026-01-27 15:30:00+00:00,435.364990234375,435.710693359375,434.7701110839844,435.4700012207031,823957
2026-01-27 15:45:00+00:00,435.45001220703125,436.260009765625,434.44000244140625,434.6099853515625,1249538
2026-01-27 16:00:00+00:00,434.6400146484375,435.20001220703125,433.7300109863281,434.7300109863281,1056623
2026-01-27 16:15:00+00:00,434.7200012207031,435.239990234375,434.2699890136719,434.8699951171875,773065
2026-01-27 16:30:00+00:00,434.8999938964844,435.0885009765625,434.010009765625,434.05999755859375,620154
2026-01-27 16:45:00+00:00,434.0799865722656,435.82000732421875,433.95001220703125,435.2305908203125,973494
2026-01-27 17:00:00+00:00,435.2300109863281,435.28009033203125,433.19000244140625,435.0899963378906,817781
2026-01-27 17:15:00+00:00,435.08990478515625,435.114990234375,434.010009765625,434.6650085449219,621842
2026-01-27 17:30:00+00:00,434.6499938964844,434.95001220703125,433.43011474609375,433.8851013183594,638696
2026-01-27 17:45:00+00:00,433.87750244140625,434.0299987792969,433.2799987792969,433.29998779296875,553322
2026-01-27 18:00:00+00:00,433.2950134277344,433.3088073730469,432.2799987792969,433.1449890136719,5194257
2026-01-27 18:15:00+00:00,433.1449890136719,433.4750061035156,432.7099914550781,432.78009033203125,305511
2026-01-27 18:30:00+00:00,432.8099060058594,433.45001220703125,432.79998779296875,432.9849853515625,543491
2026-01-27 18:45:00+00:00,432.989990234375,433.1000061035156,431.80999755859375,431.8299865722656,810512
2026-01-27 19:00:00+00:00,431.80999755859375,432.0799865722656,430.8299865722656,431.8550109863281,1164431
2026-01-27 19:15:00+00:00,431.8299865722656,432.06878662109375,430.8700866699219,431.30010986328125,893552
2026-01-27 19:30:00+00:00,431.31500244140625,431.6499938964844,430.69000244140625,431.6000061035156,845999
2026-01-27 19:45:00+00:00,431.6000061035156,432.8500061035156,431.510009765625,432.6099853515625,6106887
2026-01-27 20:00:00+00:00,432.6000061035156,433.69000244140625,432.2900085449219,433.6600036621094,990150
2026-01-27 20:15:00+00:00,433.6700134277344,433.8800048828125,433.20001220703125,433.7900085449219,782618
2026-01-27 20:30:00+00:00,433.8031921386719,433.8031921386719,432.0899963378906,432.40008544921875,1231827
2026-01-27 20:45:00+00:00,432.42999267578125,432.7900085449219,430.7099914550781,430.9100036621094,2168457
2026-01-28 14:30:00+00:00,431.79998779296875,437.8999938964844,431.20001220703125,437.2250061035156,3935407
2026-01-28 14:45:00+00:00,437.239990234375,438.260009765625,435.2099914550781,437.4794921875,2556816
2026-01-28 15:00:00+00:00,437.4700012207031,437.8699951171875,434.6600036621094,434.88848876953125,1739896
2026-01-28 15:15:00+00:00,434.8949890136719,435.69879150390625,434.1600036621094,434.67730712890625,1353963
2026-01-28 15:30:00+00:00,434.6700134277344,434.9100036621094,432.3599853515625,432.989990234375,1477394
2026-01-28 15:45:00+00:00,432.97100830078125,433.3500061035156,432.2200012207031,433.07000732421875,1144131
2026-01-28 16:00:00+00:00,433.1199951171875,433.8999938964844,432.0199890136719,432.4198913574219,1057982
2026-01-28 16:15:00+00:00,432.4100036621094,434.2850036621094,432.260009765625,434.09051513671875,5362081
2026-01-28 16:30:00+00:00,434.0799865722656,434.1799011230469,432.3399963378906,432.57000732421875,588167
2026-01-28 16:45:00+00:00,432.6099853515625,433.7650146484375,432.54998779296875,433.409912109375,768042
2026-01-28 17:00:00+00:00,433.40850830078125,435.6099853515625,433.3599853515625,435.5400085449219,960951
2026-01-28 17:15:00+00:00,435.5400085449219,435.55999755859375,432.8500061035156,433.1199951171875,1100277
2026-01-28 17:30:00+00:00,433.0889892578125,433.4399108886719,432.3999938964844,433.14801025390625,977210
2026-01-28 17:45:00+00:00,433.17999267578125,433.760009765625,432.70001220703125,432.7300109863281,743042
2026-01-28 18:00:00+00:00,432.69000244140625,435.5,432.443603515625,435.2699890136719,1344616
2026-01-28 18:15:00+00:00,435.2838134765625,435.32000732421875,434.25,434.82000732421875,913954
2026-01-28 18:30:00+00:00,434.80029296875,435.55999755859375,434.18011474609375,435.25,884049
2026-01-28 18:45:00+00:00,435.2850036621094,435.45001220703125,434.5201110839844,434.6199951171875,684625
2026-01-28 19:00:00+00:00,434.6000061035156,434.9999084472656,433.19000244140625,433.8299865722656,901955
2026-01-28 19:15:00+00:00,433.79998779296875,434.80999755859375,432.739990234375,432.885009765625,722024
2026-01-28 19:30:00+00:00,432.8500061035156,434.260009765625,431.739990234375,433.07000732421875,1403157
2026-01-28 19:45:00+00:00,433.04998779296875,435.9599914550781,433.0249938964844,434.3450012207031,1199026
2026-01-28 20:00:00+00:00,434.3699951171875,436.0,434.20001220703125,434.5,1291110
2026-01-28 20:15:00+00:00,434.4613952636719,435.25,434.05999755859375,434.2950134277344,880329
2026-01-28 20:30:00+00:00,434.32000732421875,434.3500061035156,432.7099914550781,433.5400085449219,1194895
2026-01-28 20:45:00+00:00,433.57000732421875,434.45001220703125,430.20001220703125,431.239990234375,2301888
2026-01-29 14:30:00+00:00,437.760009765625,440.2298889160156,424.44000244140625,427.2349853515625,8296172
2026-01-29 14:45:00+00:00,427.29998779296875,429.3299865722656,422.8800048828125,423.32501220703125,4191556
2026-01-29 15:00:00+00:00,423.3900146484375,427.0,421.80999755859375,422.8900146484375,3621945
2026-01-29 15:15:00+00:00,422.95001220703125,425.1499938964844,421.260009765625,422.239990234375,2443690
2026-01-29 15:30:00+00:00,422.260009765625,423.1700134277344,418.2200012207031,418.68499755859375,3409763
2026-01-29 15:45:00+00:00,418.69000244140625,419.4800109863281,414.6199951171875,417.5119934082031,3823364
2026-01-29 16:00:00+00:00,417.5299987792969,421.7799987792969,417.17999267578125,421.16229248046875,3040899
2026-01-29 16:15:00+00:00,421.1700134277344,423.0,420.92999267578125,421.8949890136719,2407946
2026-01-29 16:30:00+00:00,421.8599853515625,422.3500061035156,420.1099853515625,421.1700134277344,1468789
2026-01-29 16:45:00+00:00,421.1199951171875,421.3900146484375,419.3800048828125,420.8699951171875,1316243
2026-01-29 17:00:00+00:00,420.8196105957031,423.9100036621094,420.76019287109375,423.7449951171875,1459925
2026-01-29 17:15:00+00:00,423.7698974609375,424.8399963378906,422.79998779296875,424.2080078125,1367758
2026-01-29 17:30:00+00:00,424.19000244140625,424.7799987792969,422.1499938964844,422.625,1191909
2026-01-29 17:45:00+00:00,422.6300048828125,422.6600036621094,420.30999755859375,420.635009765625,1225737
2026-01-29 18:00:00+00:00,420.5899963378906,421.32000732421875,419.7799987792969,421.1650085449219,1213331
2026-01-29 18:15:00+00:00,421.1050109863281,422.2200012207031,420.1199951171875,421.8699951171875,965364
2026-01-29 18:30:00+00:00,421.79998779296875,422.8599853515625,420.75,422.1600036621094,1383292
2026-01-29 18:45:00+00:00,422.2099914550781,422.94000244140625,420.7300109863281,420.8550109863281,1080500
2026-01-29 19:00:00+00:00,420.8450012207031,421.30999755859375,419.80999755859375,420.42498779296875,1048795
2026-01-29 19:15:00+00:00,420.45001220703125,421.29998779296875,420.010009765625,420.3599853515625,802154
2026-01-29 19:30:00+00:00,420.3999938964844,420.7900085449219,417.9100036621094,418.9278869628906,1544418
2026-01-29 19:45:00+00:00,418.9798889160156,419.45001220703125,418.0,418.1000061035156,1017221
2026-01-29 20:00:00+00:00,418.1199951171875,418.67999267578125,417.04998779296875,417.3599853515625,1418990
2026-01-29 20:15:00+00:00,417.3699951171875,418.1000061035156,415.4599914550781,415.510009765625,1530955
2026-01-29 20:30:00+00:00,415.5199890136719,417.3500061035156,414.94000244140625,416.7200012207031,1930633
2026-01-29 20:45:00+00:00,416.67999267578125,417.54998779296875,415.2099914550781,416.44000244140625,3020511
2026-01-30 14:30:00+00:00,425.5799865722656,430.0,423.20001220703125,424.29998779296875,5793186
2026-01-30 14:45:00+00:00,424.2099914550781,427.3900146484375,422.70001220703125,425.1499938964844,2801439
2026-01-30 15:00:00+00:00,425.17999267578125,430.94000244140625,424.7919921875,429.67498779296875,3231927
2026-01-30 15:15:00+00:00,429.6549987792969,435.3500061035156,429.6549987792969,433.5350036621094,4201580
2026-01-30 15:30:00+00:00,433.55499267578125,433.8500061035156,430.5,431.7049865722656,1328423
2026-02-02 19:00:00+00:00,426.1199951171875,426.69000244140625,425.69000244140625,426.2300109863281,25450332
2026-02-02 19:15:00+00:00,426.239013671875,426.2699890136719,425.3999938964844,425.69500732421875,544039
2026-02-02 19:30:00+00:00,425.6700134277344,425.6700134277344,424.3999938964844,425.07000732421875,1001185
2026-02-02 19:45:00+00:00,425.1199951171875,425.5899963378906,423.0799865722656,423.2099914550781,1071416
2026-02-02 20:00:00+00:00,423.25,424.5445861816406,422.5400085449219,423.7250061035156,1127577
2026-02-02 20:15:00+00:00,423.739990234375,425.0,423.6600036621094,423.92498779296875,963736
2026-02-02 20:30:00+00:00,423.8999938964844,424.0557861328125,422.760009765625,423.5098876953125,1054244
2026-02-02 20:45:00+00:00,423.4700012207031,423.5299987792969,421.739990234375,421.7850036621094,1839501
2026-02-03 14:30:00+00:00,424.2699890136719,425.510009765625,420.32000732421875,422.5505065917969,4134082
2026-02-03 14:45:00+00:00,422.5299987792969,424.739990234375,420.0799865722656,420.4849853515625,2290893
2026-02-03 15:00:00+00:00,420.3999938964844,422.70001220703125,419.75,420.7966003417969,2105928
2026-02-03 15:15:00+00:00,420.80499267578125,423.4800109863281,420.29998779296875,422.8550109863281,1892928
2026-02-03 15:30:00+00:00,422.80999755859375,427.6299133300781,422.80999755859375,426.3500061035156,2840604
2026-02-03 15:45:00+00:00,426.3299865722656,428.55999755859375,424.6712951660156,425.32501220703125,2046311
2026-02-03 16:00:00+00:00,425.29998779296875,425.80999755859375,424.1499938964844,424.2049865722656,1213225
2026-02-03 16:15:00+00:00,424.2049865722656,424.3299865722656,422.010009765625,423.17999267578125,1326194
2026-02-03 16:30:00+00:00,423.2099914550781,425.9599914550781,423.1401062011719,425.7550964355469,1508568
2026-02-03 16:45:00+00:00,425.7598876953125,427.7200012207031,425.4700012207031,425.7099914550781,1629518
2026-02-03 17:00:00+00:00,425.7099914550781,425.8900146484375,422.1400146484375,422.4599914550781,984674
2026-02-03 17:15:00+00:00,422.4200134277344,422.8999938964844,420.0899963378906,420.8450012207031,1493758
2026-02-03 17:30:00+00:00,420.8299865722656,421.4551086425781,418.2799987792969,418.3599853515625,1458320
2026-02-03 17:45:00+00:00,418.3999938964844,419.7250061035156,417.6499938964844,417.760009765625,1461059
2026-02-03 18:00:00+00:00,417.739990234375,419.4100036621094,416.9100036621094,417.2449951171875,1330985
2026-02-03 18:15:00+00:00,417.2099914550781,418.2900085449219,416.8800048828125,418.11151123046875,1002276
2026-02-03 18:30:00+00:00,418.05999755859375,418.8399963378906,417.3500061035156,418.17999267578125,882207
2026-02-03 18:45:00+00:00,418.2049865722656,418.2799987792969,416.1000061035156,416.1083068847656,1060704
2026-02-03 19:00:00+00:00,416.1000061035156,416.29998779296875,413.6900939941406,415.989990234375,2366392
2026-02-03 19:15:00+00:00,415.989990234375,417.760009765625,415.6650085449219,415.8699951171875,1414824
2026-02-03 19:30:00+00:00,415.94000244140625,417.4800109863281,414.8999938964844,417.0350036621094,1125213
2026-02-03 19:45:00+00:00,417.0400085449219,419.25,416.1300048828125,418.80059814453125,1147464
2026-02-03 20:00:00+00:00,418.80999755859375,419.1400146484375,417.3999938964844,418.07000732421875,864567
2026-02-03 20:15:00+00:00,418.05999755859375,419.2900085449219,417.510009765625,418.590087890625,1053516
2026-02-03 20:30:00+00:00,418.6300048828125,420.95001220703125,418.5899963378906,419.8450012207031,1454285
2026-02-03 20:45:00+00:00,419.8399963378906,422.20001220703125,419.69000244140625,421.80999755859375,1846312
2026-02-04 14:30:00+00:00,420.4599914550781,423.7300109863281,417.510009765625,422.489990234375,3681784
2026-02-04 14:45:00+00:00,422.489990234375,423.8999938964844,418.54998779296875,419.3500061035156,2623030
2026-02-04 15:00:00+00:00,419.29998779296875,419.29998779296875,416.260009765625,416.3299865722656,2564123
2026-02-04 15:15:00+00:00,416.3699951171875,417.6000061035156,415.0299987792969,416.760009765625,2211337
2026-02-04 15:30:00+00:00,416.7900085449219,417.239990234375,412.2699890136719,414.57000732421875,2788413
2026-02-04 15:45:00+00:00,414.6076965332031,414.6659851074219,411.840087890625,412.19000244140625,1799057
2026-02-04 16:00:00+00:00,412.19000244140625,412.6700134277344,407.5,409.05999755859375,3127530
2026-02-04 16:15:00+00:00,409.0274963378906,409.6300048828125,407.0299987792969,408.82501220703125,1868418
2026-02-04 16:30:00+00:00,408.7900085449219,409.239990234375,404.7200927734375,405.0,1936115
2026-02-04 16:45:00+00:00,405.02410888671875,406.3800048828125,403.69000244140625,406.3299865722656,2144222
2026-02-04 17:00:00+00:00,406.30999755859375,407.5199890136719,405.77801513671875,407.1650085449219,1479718
2026-02-04 17:15:00+00:00,407.1400146484375,407.2900085449219,402.9800109863281,403.1600036621094,1539520
2026-02-04 17:30:00+00:00,403.04998779296875,404.3500061035156,400.4800109863281,401.69000244140625,2074277
2026-02-04 17:45:00+00:00,401.69000244140625,402.6000061035156,399.17999267578125,402.4331970214844,2204845
2026-02-04 18:00:00+00:00,402.5,404.5837097167969,401.25,403.62701416015625,1809113
2026-02-04 18:15:00+00:00,403.6076965332031,406.5,403.2301025390625,406.42498779296875,1537526
2026-02-04 18:30:00+00:00,406.4599914550781,406.489990234375,404.42999267578125,405.30999755859375,1344305
2026-02-04 18:45:00+00:00,405.2799987792969,405.8599853515625,402.276611328125,405.16949462890625,1623923
2026-02-04 19:00:00+00:00,405.1300048828125,405.6300048828125,403.3999938964844,403.4649963378906,1198377
2026-02-04 19:15:00+00:00,403.44000244140625,405.1299133300781,402.8807067871094,404.7200927734375,1152012
2026-02-04 19:30:00+00:00,404.70001220703125,406.010009765625,404.17010498046875,405.7799987792969,1549580
2026-02-04 19:45:00+00:00,405.7799987792969,409.3500061035156,405.3399963378906,409.0350036621094,1979702
2026-02-04 20:00:00+00:00,409.0199890136719,409.2300109863281,406.81201171875,407.64990234375,1612051
2026-02-04 20:15:00+00:00,407.6099853515625,408.2699890136719,406.6199951171875,407.82501220703125,1316453
2026-02-04 20:30:00+00:00,407.80999755859375,409.1600036621094,407.45001220703125,407.64129638671875,1399780
2026-02-04 20:45:00+00:00,407.6629943847656,408.45001220703125,405.3500061035156,405.8999938964844,2815392
2026-02-05 14:30:00+00:00,397.05999755859375,401.1499938964844,392.8399963378906,399.3349914550781,5992115
2026-02-05 14:45:00+00:00,399.3349914550781,400.0400085449219,394.760009765625,395.45001220703125,2504481
2026-02-05 15:00:00+00:00,395.510009765625,396.1000061035156,387.8800048828125,387.9200134277344,3961324
2026-02-05 15:15:00+00:00,387.89801025390625,391.9200134277344,387.5309143066406,389.7799987792969,2848378
2026-02-05 15:30:00+00:00,389.7200012207031,392.3500061035156,387.7300109863281,392.1133117675781,2324740
2026-02-05 15:45:00+00:00,392.04058837890625,393.010009765625,390.2799987792969,392.8800048828125,1716536
2026-02-05 16:00:00+00:00,392.8399963378906,393.1700134277344,390.1700134277344,390.30499267578125,1463418
2026-02-05 16:15:00+00:00,390.32000732421875,396.9599914550781,390.32000732421875,396.87799072265625,2184652
2026-02-05 16:30:00+00:00,396.8800048828125,398.17999267578125,395.8500061035156,396.8817138671875,2030997
2026-02-05 16:45:00+00:00,396.9100036621094,398.7900085449219,395.80999755859375,398.239990234375,1569007
2026-02-05 17:00:00+00:00,398.2149963378906,398.44000244140625,396.3900146484375,398.0299987792969,1288048
2026-02-05 17:15:00+00:00,398.010009765625,400.42999267578125,397.2699890136719,399.9700012207031,1642955
2026-02-05 17:30:00+00:00,400.0,400.5199890136719,398.6700134277344,400.45001220703125,1297209
2026-02-05 17:45:00+00:00,400.489990234375,401.7099914550781,399.5899963378906,400.2650146484375,1518373
2026-02-05 18:00:00+00:00,400.2300109863281,402.1000061035156,399.9599914550781,400.5050048828125,1280964
2026-02-05 18:15:00+00:00,400.5,400.6000061035156,398.4599914550781,399.6400146484375,1300755
2026-02-05 18:30:00+00:00,399.6099853515625,400.92999267578125,398.8800048828125,399.6050109863281,1140916
2026-02-05 18:45:00+00:00,399.5,399.989990234375,397.6499938964844,399.1099853515625,1394637
2026-02-05 19:00:00+00:00,399.07000732421875,400.32000732421875,398.2300109863281,400.239990234375,1242953
2026-02-05 19:15:00+00:00,400.239990234375,401.4700012207031,398.3299865722656,398.7550048828125,1341112
2026-02-05 19:30:00+00:00,398.7300109863281,398.7900085449219,395.8299865722656,395.8450927734375,1317035
2026-02-05 19:45:00+00:00,395.84991455078125,396.3599853515625,394.53350830078125,396.1300048828125,1491199
2026-02-05 20:00:00+00:00,396.1545104980469,398.3999938964844,396.0,397.2300109863281,1591272
2026-02-05 20:15:00+00:00,397.239990234375,397.239990234375,393.79998779296875,394.1099853515625,1532977
2026-02-05 20:30:00+00:00,394.1099853515625,394.75,393.0199890136719,394.55999755859375,1959033
2026-02-05 20:45:00+00:00,394.5400085449219,397.8299865722656,394.2799987792969,397.1000061035156,2837344
2026-02-06 14:30:00+00:00,400.8800048828125,405.45001220703125,397.7699890136719,402.6509094238281,4713568
2026-02-06 14:45:00+00:00,404.801513671875,408.8399963378906,404.55999755859375,407.07000732421875,4047716
2026-02-06 15:00:00+00:00,407.2200012207031,409.0400085449219,405.3999938964844,406.2799987792969,2449097
2026-02-06 15:15:00+00:00,406.20001220703125,410.3089904785156,405.4601135253906,410.10400390625,2407295
2026-02-06 15:30:00+00:00,410.19000244140625,411.57000732421875,409.510009765625,411.0899963378906,1959064
2026-02-06 15:45:00+00:00,409.6700134277344,410.0874938964844,408.8999938964844,409.1441955566406,2275693
2026-02-06 16:00:00+00:00,409.1050109863281,410.4100036621094,408.70001220703125,410.4100036621094,1490786
2026-02-06 16:15:00+00:00,410.07000732421875,410.7499084472656,409.3500061035156,410.2799987792969,1158494
2026-02-06 16:30:00+00:00,410.26251220703125,412.3999938964844,410.0350036621094,411.70001220703125,1342797
2026-02-06 16:45:00+00:00,411.70001220703125,411.9700012207031,410.1300048828125,410.4700012207031,1134766
2026-02-06 17:00:00+00:00,410.5,412.9700012207031,410.04998779296875,412.5799865722656,1268819
2026-02-06 17:15:00+00:00,412.5899963378906,414.0400085449219,412.3511962890625,413.8699951171875,1277983
2026-02-06 17:30:00+00:00,413.8699951171875,414.510009765625,412.9100036621094,413.9800109863281,1240823
2026-02-06 17:45:00+00:00,414.0,414.54998779296875,413.2300109863281,413.3799133300781,976518
2026-02-06 18:00:00+00:00,413.35009765625,413.8800048828125,412.70001220703125,412.82000732421875,798183
2026-02-06 18:15:00+00:00,413.0050048828125,413.44500732421875,411.7300109863281,412.17498779296875,1320573
2026-02-06 18:30:00+00:00,412.1650085449219,412.7898864746094,411.5799865722656,412.0,864304
2026-02-06 18:45:00+00:00,411.9200134277344,412.91558837890625,411.25,411.3399963378906,840407
2026-02-06 19:00:00+00:00,411.3200988769531,412.677001953125,411.0799865722656,412.0599060058594,942915
2026-02-06 19:15:00+00:00,412.07000732421875,414.0400085449219,411.57000732421875,413.385009765625,1260072
2026-02-06 19:30:00+00:00,413.3999938964844,414.5199890136719,413.2300109863281,414.19000244140625,1043691
2026-02-06 19:45:00+00:00,414.1990051269531,414.54998779296875,413.2300109863281,413.57501220703125,1060412
2026-02-06 20:00:00+00:00,413.55999755859375,413.9800109863281,412.7699890136719,413.85400390625,1043052
2026-02-06 20:15:00+00:00,413.8399963378906,414.45001220703125,413.0213928222656,413.40618896484375,1123172
2026-02-06 20:30:00+00:00,413.3699951171875,414.3900146484375,413.1000061035156,414.0199890136719,1266174
2026-02-06 20:45:00+00:00,414.0400085449219,414.54998779296875,410.6099853515625,411.010009765625,3036839
