Datetime,open,high,low,close,volume
2025-11-12 14:30:00+00:00,71.08999633789062,71.08999633789062,70.76499938964844,70.78450012207031,454986
2025-11-12 14:45:00+00:00,70.77999877929688,70.80000305175781,70.54000091552734,70.56990051269531,314683
2025-11-12 15:00:00+00:00,70.55999755859375,70.86000061035156,70.55999755859375,70.76000213623047,234840
2025-11-12 15:15:00+00:00,70.73500061035156,70.73999786376953,70.55000305175781,70.58999633789062,101131
2025-11-12 15:30:00+00:00,70.58999633789062,70.61000061035156,70.33000183105469,70.4000015258789,273905
2025-11-12 15:45:00+00:00,70.38999938964844,70.43000030517578,70.33000183105469,70.34500122070312,154335
2025-11-12 16:00:00+00:00,70.33999633789062,70.36000061035156,70.12999725341797,70.23999786376953,254689
2025-11-12 16:15:00+00:00,70.23999786376953,70.4198989868164,69.87999725341797,69.91500091552734,262536
2025-11-12 16:30:00+00:00,69.93000030517578,69.9749984741211,69.7699966430664,69.83499908447266,333039
2025-11-12 16:45:00+00:00,69.8499984741211,70.05000305175781,69.8499984741211,69.91999816894531,161171
2025-11-12 17:00:00+00:00,69.94000244140625,70.12000274658203,69.91000366210938,69.95500183105469,134401
2025-11-12 17:15:00+00:00,69.94000244140625,70.01000213623047,69.86000061035156,69.88500213623047,130293
2025-11-12 17:30:00+00:00,69.87999725341797,70.05500030517578,69.87999725341797,69.87999725341797,101605
2025-11-12 17:45:00+00:00,69.87000274658203,69.97000122070312,69.86000061035156,69.94000244140625,137607
2025-11-12 18:00:00+00:00,69.94999694824219,69.97000122070312,69.83999633789062,69.86000061035156,91014
2025-11-12 18:15:00+00:00,69.86000061035156,69.91999816894531,69.83000183105469,69.8499984741211,88982
2025-11-12 18:30:00+00:00,69.85900115966797,69.87999725341797,69.78500366210938,69.80999755859375,131678
2025-11-12 18:45:00+00:00,69.80000305175781,69.83000183105469,69.63500213623047,69.70500183105469,184263
2025-11-12 19:00:00+00:00,69.69999694824219,69.83999633789062,69.68000030517578,69.81999969482422,124157
2025-11-12 19:15:00+00:00,69.80999755859375,69.87000274658203,69.71499633789062,69.8499984741211,137894
2025-11-12 19:30:00+00:00,69.84500122070312,69.86000061035156,69.69640350341797,69.7300033569336,133398
2025-11-12 19:45:00+00:00,69.73500061035156,69.75,69.67500305175781,69.70999908447266,59873
2025-11-12 20:00:00+00:00,69.69999694824219,69.7249984741211,69.63999938964844,69.7249984741211,101288
2025-11-12 20:15:00+00:00,69.7300033569336,69.81999969482422,69.70999908447266,69.80999755859375,99904
2025-11-12 20:30:00+00:00,69.80000305175781,69.83999633789062,69.78500366210938,69.79000091552734,198294
2025-11-12 20:45:00+00:00,69.77999877929688,69.81999969482422,69.75,69.79000091552734,467766
2025-11-13 14:30:00+00:00,70.5,70.51000213623047,70.27999877929688,70.27999877929688,320514
2025-11-13 14:45:00+00:00,70.27999877929688,70.4800033569336,70.2699966430664,70.39340209960938,196610
2025-11-13 15:00:00+00:00,70.38999938964844,70.48999786376953,70.29000091552734,70.47010040283203,157438
2025-11-13 15:15:00+00:00,70.46499633789062,70.54000091552734,70.36000061035156,70.44999694824219,144861
2025-11-13 15:30:00+00:00,70.44999694824219,70.51499938964844,70.22000122070312,70.25,134500
2025-11-13 15:45:00+00:00,70.26000213623047,70.31999969482422,70.13999938964844,70.19000244140625,111103
2025-11-13 16:00:00+00:00,70.19000244140625,70.30999755859375,70.1500015258789,70.30000305175781,101911
2025-11-13 16:15:00+00:00,70.29000091552734,70.37000274658203,70.22000122070312,70.27999877929688,163378
2025-11-13 16:30:00+00:00,70.27999877929688,70.45500183105469,70.23500061035156,70.4000015258789,655577
2025-11-13 16:45:00+00:00,70.41500091552734,70.44000244140625,70.30999755859375,70.4000015258789,189444
2025-11-13 17:00:00+00:00,70.38999938964844,70.38999938964844,70.16999816894531,70.25,243284
2025-11-13 17:15:00+00:00,70.25,70.2699966430664,70.11499786376953,70.20999908447266,105108
2025-11-13 17:30:00+00:00,70.22000122070312,70.27989959716797,70.19000244140625,70.20999908447266,64863
2025-11-13 17:45:00+00:00,70.2300033569336,70.27999877929688,70.16000366210938,70.19999694824219,73288
2025-11-13 18:00:00+00:00,70.19000244140625,70.25,70.11499786376953,70.12999725341797,54034
2025-11-13 18:15:00+00:00,70.12000274658203,70.18000030517578,70.06999969482422,70.12999725341797,48294
2025-11-13 18:30:00+00:00,70.13999938964844,70.13999938964844,69.84500122070312,69.91999816894531,101785
2025-11-13 18:45:00+00:00,69.94000244140625,70.01000213623047,69.91000366210938,69.98999786376953,58325
2025-11-13 19:00:00+00:00,69.9800033569336,70.12999725341797,69.97000122070312,70.01000213623047,78409
2025-11-13 19:15:00+00:00,70.00599670410156,70.08999633789062,69.8499984741211,70.06999969482422,122008
2025-11-13 19:30:00+00:00,70.06999969482422,70.18000030517578,70.02999877929688,70.08999633789062,61775
2025-11-13 19:45:00+00:00,70.0999984741211,70.1449966430664,70.02999877929688,70.08000183105469,82649
2025-11-13 20:00:00+00:00,70.08000183105469,70.0999984741211,69.9800033569336,70.0,88826
2025-11-13 20:15:00+00:00,70.01000213623047,70.04000091552734,69.96499633789062,70.01300048828125,49371
2025-11-13 20:30:00+00:00,70.0,70.06500244140625,69.98999786376953,69.98999786376953,159218
2025-11-13 20:45:00+00:00,70.0,70.0,69.8499984741211,69.9000015258789,392503
2025-11-14 14:30:00+00:00,71.31999969482422,71.33000183105469,71.12999725341797,71.25,545258
2025-11-14 14:45:00+00:00,71.24500274658203,71.55999755859375,71.23500061035156,71.55999755859375,298855
2025-11-14 15:00:00+00:00,71.55000305175781,71.6500015258789,71.44000244140625,71.44999694824219,162192
2025-11-14 15:15:00+00:00,71.44000244140625,71.62999725341797,71.44000244140625,71.61000061035156,170606
2025-11-14 15:30:00+00:00,71.61000061035156,71.73999786376953,71.56999969482422,71.73999786376953,137854
2025-11-14 15:45:00+00:00,71.74500274658203,71.86000061035156,71.70999908447266,71.80999755859375,215382
2025-11-14 16:00:00+00:00,71.81999969482422,71.83000183105469,71.6500015258789,71.79550170898438,138137
2025-11-14 16:15:00+00:00,71.80000305175781,71.9572982788086,71.72000122070312,71.7699966430664,190341
2025-11-14 16:30:00+00:00,71.76000213623047,71.87999725341797,71.73999786376953,71.77999877929688,113258
2025-11-14 16:45:00+00:00,71.79000091552734,71.87999725341797,71.70999908447266,71.70999908447266,128608
2025-11-14 17:00:00+00:00,71.70999908447266,71.70999908447266,71.54499816894531,71.5999984741211,135572
2025-11-14 17:15:00+00:00,71.5999984741211,71.75,71.58999633789062,71.72000122070312,124074
2025-11-14 17:30:00+00:00,71.72000122070312,71.84500122070312,71.69000244140625,71.76000213623047,75890
2025-11-14 17:45:00+00:00,71.75,71.79000091552734,71.63999938964844,71.7300033569336,68261
2025-11-14 18:00:00+00:00,71.73999786376953,71.80999755859375,71.62000274658203,71.80000305175781,60876
2025-11-14 18:15:00+00:00,71.79000091552734,71.80999755859375,71.66000366210938,71.73999786376953,50636
2025-11-14 18:30:00+00:00,71.716796875,71.73999786376953,71.61499786376953,71.61499786376953,69249
2025-11-14 18:45:00+00:00,71.61000061035156,71.73999786376953,71.58499908447266,71.6050033569336,66008
2025-11-14 19:00:00+00:00,71.5999984741211,71.63999938964844,71.44000244140625,71.52999877929688,277937
2025-11-14 19:15:00+00:00,71.54499816894531,71.69000244140625,71.5250015258789,71.58999633789062,115187
2025-11-14 19:30:00+00:00,71.56500244140625,71.61000061035156,71.51000213623047,71.58000183105469,65053
2025-11-14 19:45:00+00:00,71.56999969482422,71.62000274658203,71.53500366210938,71.61000061035156,58211
2025-11-14 20:00:00+00:00,71.5999984741211,71.5999984741211,71.45999908447266,71.47000122070312,133689
2025-11-14 20:15:00+00:00,71.4749984741211,71.48999786376953,71.38999938964844,71.44999694824219,64156
2025-11-14 20:30:00+00:00,71.44999694824219,71.45999908447266,71.41000366210938,71.44000244140625,44390
2025-11-14 20:45:00+00:00,71.44999694824219,71.51000213623047,71.36000061035156,71.37000274658203,342929
2025-11-17 14:30:00+00:00,71.58999633789062,71.69000244140625,71.5,71.63999938964844,243087
2025-11-17 14:45:00+00:00,71.63999938964844,71.7699966430664,71.52999877929688,71.58000183105469,145895
2025-11-17 15:00:00+00:00,71.58000183105469,71.70999908447266,71.54000091552734,71.55999755859375,139741
2025-11-17 15:15:00+00:00,71.57499694824219,71.57499694824219,71.4000015258789,71.4800033569336,144368
2025-11-17 15:30:00+00:00,71.4800033569336,71.51000213623047,71.38999938964844,71.51000213623047,102843
2025-11-17 15:45:00+00:00,71.5,71.5199966430664,71.4000015258789,71.44999694824219,86632
2025-11-17 16:00:00+00:00,71.45999908447266,71.5999984741211,71.3949966430664,71.58000183105469,98098
2025-11-17 16:15:00+00:00,71.58000183105469,71.63999938964844,71.51000213623047,71.5999984741211,119980
2025-11-17 16:30:00+00:00,71.5999984741211,71.75,71.5199966430664,71.69000244140625,522732
2025-11-17 16:45:00+00:00,71.68000030517578,71.7699966430664,71.62999725341797,71.66000366210938,111830
2025-11-17 17:00:00+00:00,71.66000366210938,71.69999694824219,71.5999984741211,71.68000030517578,72893
2025-11-17 17:15:00+00:00,71.66999816894531,71.77999877929688,71.56999969482422,71.73999786376953,142703
2025-11-17 17:30:00+00:00,71.73999786376953,71.77999877929688,71.56009674072266,71.5999984741211,174971
2025-11-17 17:45:00+00:00,71.5999984741211,71.6449966430664,71.52999877929688,71.59500122070312,75671
2025-11-17 18:00:00+00:00,71.58999633789062,71.7300033569336,71.56999969482422,71.7300033569336,81427
2025-11-17 18:15:00+00:00,71.7300033569336,71.7300033569336,71.55000305175781,71.55000305175781,84967
2025-11-17 18:30:00+00:00,71.55000305175781,71.69000244140625,71.5447998046875,71.66999816894531,85950
2025-11-17 18:45:00+00:00,71.66000366210938,71.69999694824219,71.55000305175781,71.58000183105469,50101
2025-11-17 19:00:00+00:00,71.56999969482422,71.62999725341797,71.55999755859375,71.58999633789062,119938
2025-11-17 19:15:00+00:00,71.5999984741211,71.62000274658203,71.45999908447266,71.45999908447266,117960
2025-11-17 19:30:00+00:00,71.44000244140625,71.55000305175781,71.32499694824219,71.3499984741211,147895
2025-11-17 19:45:00+00:00,71.3550033569336,71.37999725341797,71.28500366210938,71.28500366210938,66666
2025-11-17 20:00:00+00:00,71.30000305175781,71.38999938964844,71.30000305175781,71.3499984741211,69174
2025-11-17 20:15:00+00:00,71.36000061035156,71.41999816894531,71.3550033569336,71.41000366210938,89941
2025-11-17 20:30:00+00:00,71.41500091552734,71.41500091552734,71.31500244140625,71.32499694824219,62131
2025-11-17 20:45:00+00:00,71.32499694824219,71.37000274658203,71.30000305175781,71.31999969482422,305175
2025-11-18 14:30:00+00:00,71.31999969482422,71.44000244140625,71.13999938964844,71.20999908447266,254685
2025-11-18 14:45:00+00:00,71.22000122070312,71.3499984741211,70.98999786376953,71.08499908447266,246626
2025-11-18 15:00:00+00:00,71.08000183105469,71.12999725341797,70.91000366210938,71.06999969482422,248240
2025-11-18 15:15:00+00:00,71.06999969482422,71.37999725341797,70.95999908447266,71.17500305175781,283160
2025-11-18 15:30:00+00:00,71.18000030517578,71.29000091552734,71.08000183105469,71.23999786376953,196402
2025-11-18 15:45:00+00:00,71.2300033569336,71.48500061035156,71.18000030517578,71.47000122070312,250794
2025-11-18 16:00:00+00:00,71.46499633789062,71.58999633789062,71.38999938964844,71.55999755859375,179552
2025-11-18 16:15:00+00:00,71.55000305175781,71.75,71.4800033569336,71.5199966430664,339879
2025-11-18 16:30:00+00:00,71.5199966430664,71.57990264892578,71.43000030517578,71.56999969482422,145472
2025-11-18 16:45:00+00:00,71.56999969482422,71.68000030517578,71.44999694824219,71.6500015258789,181915
2025-11-18 17:00:00+00:00,71.63999938964844,71.67500305175781,71.44499969482422,71.5,166822
2025-11-18 17:15:00+00:00,71.5,71.63999938964844,71.5,71.51000213623047,113221
2025-11-18 17:30:00+00:00,71.5199966430664,71.77999877929688,71.42500305175781,71.71499633789062,138004
2025-11-18 17:45:00+00:00,71.70999908447266,72.05000305175781,71.69000244140625,72.04499816894531,193522
2025-11-18 18:00:00+00:00,72.04000091552734,72.66000366210938,72.03861236572266,72.51100158691406,536556
2025-11-18 18:15:00+00:00,72.51000213623047,72.52999877929688,72.08000183105469,72.13999938964844,309399
2025-11-18 18:30:00+00:00,72.1500015258789,72.37999725341797,72.1500015258789,72.30000305175781,248637
2025-11-18 18:45:00+00:00,72.30000305175781,72.50800323486328,72.27999877929688,72.44000244140625,182508
2025-11-18 19:00:00+00:00,72.41999816894531,72.56999969482422,72.37000274658203,72.55999755859375,182051
2025-11-18 19:15:00+00:00,72.55000305175781,72.6500015258789,72.44000244140625,72.47000122070312,138633
2025-11-18 19:30:00+00:00,72.44999694824219,72.5199966430664,72.43000030517578,72.44000244140625,103667
2025-11-18 19:45:00+00:00,72.43000030517578,72.56999969482422,72.42510223388672,72.56500244140625,67261
2025-11-18 20:00:00+00:00,72.56500244140625,72.63999938964844,72.5250015258789,72.62000274658203,168441
2025-11-18 20:15:00+00:00,72.625,72.68000030517578,72.54000091552734,72.56999969482422,171172
2025-11-18 20:30:00+00:00,72.56999969482422,72.56999969482422,72.47000122070312,72.5,93496
2025-11-18 20:45:00+00:00,72.5,72.56500244140625,72.49500274658203,72.51000213623047,157665
2025-11-19 14:30:00+00:00,70.4800033569336,70.48500061035156,70.2699966430664,70.33999633789062,588778
2025-11-19 14:45:00+00:00,70.33000183105469,70.43000030517578,70.11000061035156,70.37000274658203,271996
2025-11-19 15:00:00+00:00,70.37000274658203,70.56999969482422,70.33999633789062,70.43000030517578,297918
2025-11-19 15:15:00+00:00,70.44000244140625,70.54000091552734,70.38999938964844,70.41999816894531,148890
2025-11-19 15:30:00+00:00,70.41999816894531,70.76499938964844,70.37999725341797,70.72000122070312,263970
2025-11-19 15:45:00+00:00,70.69999694824219,70.79499816894531,70.54000091552734,70.54000091552734,136698
2025-11-19 16:00:00+00:00,70.54000091552734,70.87999725341797,70.47000122070312,70.86499786376953,210293
2025-11-19 16:15:00+00:00,70.8499984741211,70.91000366210938,70.63999938964844,70.69000244140625,180904
2025-11-19 16:30:00+00:00,70.66999816894531,70.83000183105469,70.55000305175781,70.66999816894531,353022
2025-11-19 16:45:00+00:00,70.66999816894531,70.7300033569336,70.58000183105469,70.58999633789062,185114
2025-11-19 17:00:00+00:00,70.5999984741211,70.5999984741211,70.38999938964844,70.52999877929688,162075
2025-11-19 17:15:00+00:00,70.54000091552734,70.76000213623047,70.48999786376953,70.72000122070312,311288
2025-11-19 17:30:00+00:00,70.71499633789062,70.77999877929688,70.62999725341797,70.75,226538
2025-11-19 17:45:00+00:00,70.7699966430664,70.77999877929688,70.59500122070312,70.66000366210938,219552
2025-11-19 18:00:00+00:00,70.6500015258789,70.69000244140625,70.55000305175781,70.66000366210938,111108
2025-11-19 18:15:00+00:00,70.66000366210938,70.75,70.63500213623047,70.70999908447266,70851
2025-11-19 18:30:00+00:00,70.70999908447266,70.87000274658203,70.67500305175781,70.68000030517578,82606
2025-11-19 18:45:00+00:00,70.66999816894531,70.8052978515625,70.66000366210938,70.75,75750
2025-11-19 19:00:00+00:00,70.75499725341797,70.83999633789062,70.73999786376953,70.76000213623047,111162
2025-11-19 19:15:00+00:00,70.7699966430664,70.88999938964844,70.7300033569336,70.8499984741211,187438
2025-11-19 19:30:00+00:00,70.83999633789062,70.9000015258789,70.7699966430664,70.79000091552734,90499
2025-11-19 19:45:00+00:00,70.79499816894531,70.86499786376953,70.75,70.83000183105469,58747
2025-11-19 20:00:00+00:00,70.83999633789062,70.83999633789062,70.73999786376953,70.77999877929688,36096
2025-11-19 20:15:00+00:00,70.77999877929688,70.81999969482422,70.76499938964844,70.7750015258789,59232
2025-11-19 20:30:00+00:00,70.7699966430664,70.875,70.76000213623047,70.87000274658203,114937
2025-11-19 20:45:00+00:00,70.87000274658203,70.87999725341797,70.80500030517578,70.87999725341797,171984
2025-11-20 14:30:00+00:00,71.2699966430664,71.44000244140625,71.16999816894531,71.2300033569336,266833
2025-11-20 14:45:00+00:00,71.25,71.37999725341797,71.20010375976562,71.37000274658203,106570
2025-11-20 15:00:00+00:00,71.37000274658203,71.43000030517578,71.26000213623047,71.3550033569336,153524
2025-11-20 15:15:00+00:00,71.36000061035156,71.69000244140625,71.3499984741211,71.66999816894531,128624
2025-11-20 15:30:00+00:00,71.69000244140625,71.79100036621094,71.43000030517578,71.62000274658203,169788
2025-11-20 15:45:00+00:00,71.62000274658203,71.79000091552734,71.58999633789062,71.61000061035156,127819
2025-11-20 16:00:00+00:00,71.5999984741211,71.61000061035156,71.2300033569336,71.2699966430664,230191
2025-11-20 16:15:00+00:00,71.26000213623047,71.33999633789062,70.51000213623047,70.66999816894531,785879
2025-11-20 16:30:00+00:00,70.66999816894531,70.88999938964844,70.4000015258789,70.6500015258789,484553
2025-11-20 16:45:00+00:00,70.66999816894531,70.85299682617188,70.41999816894531,70.44000244140625,288871
2025-11-20 17:00:00+00:00,70.43000030517578,70.55999755859375,70.0199966430664,70.12000274658203,342716
2025-11-20 17:15:00+00:00,70.12999725341797,70.30999755859375,70.04000091552734,70.18499755859375,340548
2025-11-20 17:30:00+00:00,70.17500305175781,70.55000305175781,70.13500213623047,70.32499694824219,247242
2025-11-20 17:45:00+00:00,70.31999969482422,70.5999984741211,70.30500030517578,70.58999633789062,146359
2025-11-20 18:00:00+00:00,70.58000183105469,70.7699966430664,70.48999786376953,70.7699966430664,263486
2025-11-20 18:15:00+00:00,70.77999877929688,70.80000305175781,70.5199966430664,70.62999725341797,170549
2025-11-20 18:30:00+00:00,70.62000274658203,70.7249984741211,70.52999877929688,70.58499908447266,136857
2025-11-20 18:45:00+00:00,70.58499908447266,70.58499908447266,70.36000061035156,70.43000030517578,88682
2025-11-20 19:00:00+00:00,70.43000030517578,70.43000030517578,70.23999786376953,70.37999725341797,151509
2025-11-20 19:15:00+00:00,70.37999725341797,70.56999969482422,70.33999633789062,70.54000091552734,200076
2025-11-20 19:30:00+00:00,70.54000091552734,70.54000091552734,70.38999938964844,70.4800033569336,101026
2025-11-20 19:45:00+00:00,70.51000213623047,70.5250015258789,70.43499755859375,70.5199966430664,51714
2025-11-20 20:00:00+00:00,70.52999877929688,70.52999877929688,70.38999938964844,70.44499969482422,97995
2025-11-20 20:15:00+00:00,70.44999694824219,70.51000213623047,70.38999938964844,70.41999816894531,63100
2025-11-20 20:30:00+00:00,70.41999816894531,70.41999816894531,70.19000244140625,70.20999908447266,114797
2025-11-20 20:45:00+00:00,70.20999908447266,70.2300033569336,70.08499908447266,70.16000366210938,217921
2025-11-21 14:30:00+00:00,69.2699966430664,69.2699966430664,68.81999969482422,68.94499969482422,908481
2025-11-21 14:45:00+00:00,68.97000122070312,68.97000122070312,68.58000183105469,68.68000030517578,357647
2025-11-21 15:00:00+00:00,68.68000030517578,68.93000030517578,68.62999725341797,68.8499984741211,363819
2025-11-21 15:15:00+00:00,68.83999633789062,69.05000305175781,68.69999694824219,68.69999694824219,625711
2025-11-21 15:30:00+00:00,68.69000244140625,69.25,68.6050033569336,69.0199966430664,1036712
2025-11-21 15:45:00+00:00,69.0199966430664,69.25,68.8499984741211,68.86000061035156,259284
2025-11-21 16:00:00+00:00,68.86000061035156,68.9800033569336,68.66999816894531,68.97000122070312,218875
2025-11-21 16:15:00+00:00,68.95999908447266,69.18000030517578,68.91999816894531,69.06999969482422,265014
2025-11-21 16:30:00+00:00,69.08000183105469,69.08999633789062,68.87999725341797,69.05999755859375,277145
2025-11-21 16:45:00+00:00,69.06999969482422,69.11000061035156,68.87000274658203,69.0999984741211,207926
2025-11-21 17:00:00+00:00,69.11000061035156,69.19999694824219,69.08999633789062,69.18000030517578,179785
2025-11-21 17:15:00+00:00,69.16999816894531,69.33000183105469,69.11499786376953,69.25499725341797,196530
2025-11-21 17:30:00+00:00,69.25,69.30000305175781,69.12999725341797,69.16000366210938,183561
2025-11-21 17:45:00+00:00,69.16000366210938,69.20999908447266,69.0,69.12999725341797,153161
2025-11-21 18:00:00+00:00,69.12999725341797,69.19999694824219,68.9800033569336,69.05000305175781,128485
2025-11-21 18:15:00+00:00,69.05000305175781,69.16999816894531,69.0199966430664,69.12999725341797,144859
2025-11-21 18:30:00+00:00,69.12000274658203,69.16000366210938,69.0199966430664,69.08499908447266,192014
2025-11-21 18:45:00+00:00,69.08999633789062,69.29000091552734,69.08999633789062,69.13999938964844,186946
2025-11-21 19:00:00+00:00,69.13999938964844,69.36990356445312,69.12000274658203,69.34500122070312,102848
2025-11-21 19:15:00+00:00,69.3499984741211,69.52999877929688,69.3499984741211,69.4000015258789,181204
2025-11-21 19:30:00+00:00,69.41000366210938,69.41500091552734,69.19999694824219,69.20999908447266,107041
2025-11-21 19:45:00+00:00,69.19999694824219,69.2699966430664,69.13999938964844,69.1709976196289,71923
2025-11-21 20:00:00+00:00,69.18000030517578,69.22000122070312,69.1500015258789,69.20999908447266,77841
2025-11-21 20:15:00+00:00,69.20999908447266,69.33999633789062,69.19499969482422,69.29000091552734,107750
2025-11-21 20:30:00+00:00,69.27999877929688,69.30799865722656,69.20999908447266,69.30000305175781,120224
2025-11-21 20:45:00+00:00,69.30500030517578,69.38999938964844,69.2249984741211,69.26499938964844,427516
2025-11-24 14:30:00+00:00,69.2699966430664,69.4800033569336,68.8499984741211,69.16500091552734,632752
2025-11-24 14:45:00+00:00,69.16000366210938,69.5,69.16000366210938,69.43499755859375,223389
2025-11-24 15:00:00+00:00,69.44499969482422,69.5199966430664,69.2249984741211,69.30999755859375,243198
2025-11-24 15:15:00+00:00,69.31999969482422,69.4000015258789,69.27999877929688,69.36000061035156,151958
2025-11-24 15:30:00+00:00,69.3499984741211,69.56999969482422,69.29499816894531,69.37999725341797,182178
2025-11-24 15:45:00+00:00,69.38500213623047,69.54000091552734,69.38500213623047,69.54000091552734,92524
2025-11-24 16:00:00+00:00,69.54000091552734,69.83000183105469,69.52999877929688,69.71499633789062,181093
2025-11-24 16:15:00+00:00,69.70999908447266,69.83499908447266,69.69999694824219,69.79000091552734,146561
2025-11-24 16:30:00+00:00,69.79000091552734,69.91999816894531,69.73999786376953,69.91000366210938,172780
2025-11-24 16:45:00+00:00,69.9000015258789,69.97000122070312,69.83999633789062,69.94000244140625,114249
2025-11-24 17:00:00+00:00,69.93000030517578,70.01000213623047,69.86000061035156,69.88999938964844,142642
2025-11-24 17:15:00+00:00,69.87999725341797,69.97000122070312,69.87000274658203,69.9000015258789,52698
2025-11-24 17:30:00+00:00,69.88999938964844,69.94000244140625,69.87999725341797,69.9000015258789,73614
2025-11-24 17:45:00+00:00,69.91000366210938,70.04499816894531,69.83999633789062,70.01000213623047,110176
2025-11-24 18:00:00+00:00,69.98999786376953,70.06999969482422,69.9800033569336,70.0199966430664,63036
2025-11-24 18:15:00+00:00,70.01000213623047,70.19000244140625,70.01000213623047,70.19000244140625,80351
2025-11-24 18:30:00+00:00,70.19000244140625,70.30000305175781,70.16000366210938,70.30000305175781,119180
2025-11-24 18:45:00+00:00,70.30500030517578,70.4000015258789,70.2699966430664,70.33999633789062,67870
2025-11-24 19:00:00+00:00,70.33999633789062,70.36499786376953,70.29000091552734,70.32499694824219,69986
2025-11-24 19:15:00+00:00,70.33000183105469,70.36000061035156,70.23500061035156,70.3499984741211,139438
2025-11-24 19:30:00+00:00,70.33999633789062,70.44999694824219,70.31999969482422,70.36000061035156,74784
2025-11-24 19:45:00+00:00,70.36000061035156,70.38159942626953,70.27999877929688,70.28500366210938,61120
2025-11-24 20:00:00+00:00,70.29000091552734,70.45999908447266,70.29000091552734,70.41999816894531,58377
2025-11-24 20:15:00+00:00,70.41999816894531,70.46499633789062,70.4000015258789,70.44000244140625,62140
2025-11-24 20:30:00+00:00,70.43000030517578,70.44999694824219,70.40899658203125,70.44000244140625,50371
2025-11-24 20:45:00+00:00,70.44499969482422,70.58999633789062,70.43499755859375,70.45999908447266,448606
2025-11-25 14:30:00+00:00,68.94999694824219,69.0199966430664,68.68000030517578,68.70500183105469,701306
2025-11-25 14:45:00+00:00,68.72000122070312,68.7300033569336,68.41000366210938,68.55000305175781,260833
2025-11-25 15:00:00+00:00,68.56999969482422,68.7300033569336,68.32499694824219,68.37000274658203,357739
2025-11-25 15:15:00+00:00,68.37999725341797,68.45999908447266,68.33899688720703,68.43499755859375,193585
2025-11-25 15:30:00+00:00,68.44000244140625,68.54000091552734,68.4000015258789,68.44020080566406,200278
2025-11-25 15:45:00+00:00,68.44830322265625,68.48999786376953,68.26000213623047,68.41999816894531,253868
2025-11-25 16:00:00+00:00,68.41000366210938,68.7699966430664,68.38999938964844,68.46499633789062,301588
2025-11-25 16:15:00+00:00,68.47000122070312,68.80000305175781,68.44999694824219,68.79000091552734,331156
2025-11-25 16:30:00+00:00,68.77999877929688,68.9000015258789,68.69999694824219,68.86000061035156,229264
2025-11-25 16:45:00+00:00,68.86990356445312,68.91000366210938,68.78170013427734,68.86499786376953,170505
2025-11-25 17:00:00+00:00,68.86499786376953,69.16999816894531,68.8550033569336,69.15989685058594,219979
2025-11-25 17:15:00+00:00,69.1500015258789,69.22000122070312,68.95999908447266,69.05010223388672,144759
2025-11-25 17:30:00+00:00,69.0199966430664,69.05500030517578,68.93000030517578,68.95999908447266,270153
2025-11-25 17:45:00+00:00,68.95999908447266,69.08000183105469,68.95999908447266,68.98999786376953,147739
2025-11-25 18:00:00+00:00,68.9800033569336,69.12000274658203,68.9800033569336,69.04000091552734,89751
2025-11-25 18:15:00+00:00,69.04000091552734,69.30999755859375,69.02529907226562,69.13999938964844,337778
2025-11-25 18:30:00+00:00,69.13999938964844,69.16999816894531,68.99500274658203,69.03500366210938,156962
2025-11-25 18:45:00+00:00,69.04000091552734,69.11000061035156,69.02999877929688,69.08999633789062,73111
2025-11-25 19:00:00+00:00,69.08999633789062,69.24500274658203,69.06500244140625,69.16999816894531,98095
2025-11-25 19:15:00+00:00,69.16000366210938,69.31999969482422,69.16000366210938,69.31999969482422,137947
2025-11-25 19:30:00+00:00,69.33000183105469,69.34500122070312,68.97000122070312,69.02999877929688,453659
2025-11-25 19:45:00+00:00,69.04000091552734,69.22000122070312,68.93499755859375,69.12000274658203,239202
2025-11-25 20:00:00+00:00,69.12999725341797,69.30000305175781,69.125,69.27999877929688,97599
2025-11-25 20:15:00+00:00,69.2699966430664,69.42500305175781,69.26000213623047,69.41500091552734,71373
2025-11-25 20:30:00+00:00,69.41999816894531,69.48999786376953,69.37999725341797,69.3949966430664,56610
2025-11-25 20:45:00+00:00,69.38999938964844,69.38999938964844,69.20999908447266,69.26000213623047,234677
2025-11-26 14:30:00+00:00,69.06999969482422,69.4000015258789,69.05000305175781,69.30699920654297,260135
2025-11-26 14:45:00+00:00,69.30999755859375,69.33000183105469,69.06189727783203,69.16999816894531,106366
2025-11-26 15:00:00+00:00,69.19999694824219,69.33000183105469,69.18000030517578,69.2699966430664,99444
2025-11-26 15:15:00+00:00,69.26499938964844,69.43000030517578,69.2300033569336,69.37000274658203,57184
2025-11-26 15:30:00+00:00,69.37000274658203,69.43000030517578,69.19000244140625,69.25,247123
2025-11-26 15:45:00+00:00,69.25,69.33999633789062,69.19999694824219,69.31999969482422,127430
2025-11-26 16:00:00+00:00,69.31999969482422,69.41999816894531,69.24500274658203,69.31999969482422,129266
2025-11-26 16:15:00+00:00,69.31999969482422,69.44000244140625,69.2750015258789,69.41999816894531,191478
2025-11-26 16:30:00+00:00,69.41000366210938,69.52999877929688,69.16000366210938,69.4800033569336,188012
2025-11-26 16:45:00+00:00,69.4800033569336,69.76000213623047,69.37999725341797,69.75,154510
2025-11-26 17:00:00+00:00,69.76000213623047,69.83999633789062,69.63999938964844,69.69000244140625,119411
2025-11-26 17:15:00+00:00,69.68000030517578,69.69000244140625,69.5199966430664,69.5199966430664,108067
2025-11-26 17:30:00+00:00,69.5199966430664,69.55999755859375,69.41999816894531,69.52999877929688,126558
2025-11-26 17:45:00+00:00,69.5199966430664,69.55000305175781,69.37000274658203,69.38999938964844,80595
2025-11-26 18:00:00+00:00,69.38999938964844,69.44999694824219,69.27999877929688,69.3949966430664,105235
2025-11-26 18:15:00+00:00,69.41999816894531,69.69999694824219,69.37000274658203,69.69000244140625,127992
2025-11-26 18:30:00+00:00,69.69999694824219,69.70500183105469,69.55870056152344,69.5999984741211,108461
2025-11-26 18:45:00+00:00,69.58999633789062,69.7300033569336,69.55999755859375,69.71499633789062,102595
2025-11-26 19:00:00+00:00,69.72000122070312,69.93000030517578,69.69999694824219,69.91000366210938,79968
2025-11-26 19:15:00+00:00,69.91999816894531,70.16000366210938,69.91999816894531,70.1500015258789,197787
2025-11-26 19:30:00+00:00,70.13999938964844,70.13999938964844,69.94999694824219,69.97000122070312,104764
2025-11-26 19:45:00+00:00,69.97000122070312,70.06500244140625,69.97000122070312,70.06500244140625,35067
2025-11-26 20:00:00+00:00,70.05999755859375,70.18499755859375,70.05999755859375,70.16999816894531,63019
2025-11-26 20:15:00+00:00,70.18000030517578,70.19000244140625,70.11000061035156,70.12000274658203,51221
2025-11-26 20:30:00+00:00,70.11499786376953,70.13999938964844,70.08000183105469,70.12000274658203,44668
2025-11-26 20:45:00+00:00,70.11000061035156,70.11000061035156,70.0199966430664,70.02999877929688,150135
2025-11-28 14:30:00+00:00,70.44000244140625,70.79000091552734,70.44000244140625,70.79000091552734,248753
2025-11-28 14:45:00+00:00,70.79000091552734,70.8550033569336,70.72000122070312,70.83000183105469,201048
2025-11-28 15:00:00+00:00,70.83000183105469,70.91500091552734,70.80999755859375,70.88999938964844,203578
2025-11-28 15:15:00+00:00,70.9000015258789,70.90499877929688,70.73999786376953,70.73999786376953,101841
2025-11-28 15:30:00+00:00,70.73999786376953,70.79000091552734,70.6500015258789,70.68499755859375,419449
2025-11-28 15:45:00+00:00,70.68119812011719,70.81500244140625,70.6500015258789,70.73999786376953,164417
2025-11-28 16:00:00+00:00,70.76000213623047,70.92500305175781,70.66000366210938,70.75,271448
2025-11-28 16:15:00+00:00,70.76000213623047,71.0199966430664,70.76000213623047,70.98999786376953,219784
2025-11-28 16:30:00+00:00,70.9800033569336,71.30000305175781,70.95999908447266,71.20999908447266,248418
2025-11-28 16:45:00+00:00,71.20999908447266,71.23999786376953,71.16999816894531,71.20999908447266,151776
2025-11-28 17:00:00+00:00,71.20999908447266,71.2300033569336,70.81999969482422,70.98999786376953,355403
2025-11-28 17:15:00+00:00,70.9800033569336,71.20999908447266,70.97000122070312,71.05999755859375,222408
2025-11-28 17:30:00+00:00,71.05500030517578,71.13999938964844,70.98999786376953,71.12999725341797,201417
2025-11-28 17:45:00+00:00,71.12000274658203,71.16000366210938,71.12000274658203,71.16000366210938,6837
2025-12-01 14:30:00+00:00,70.61000061035156,71.22000122070312,70.61000061035156,71.16000366210938,535887
2025-12-01 14:45:00+00:00,71.16000366210938,71.23999786376953,71.02999877929688,71.12000274658203,195704
2025-12-01 15:00:00+00:00,71.125,71.26000213623047,71.04000091552734,71.23999786376953,149156
2025-12-01 15:15:00+00:00,71.2300033569336,71.2354965209961,70.95999908447266,71.12000274658203,190766
2025-12-01 15:30:00+00:00,71.11000061035156,71.27999877929688,71.11000061035156,71.27999877929688,99497
2025-12-01 15:45:00+00:00,71.29000091552734,71.33000183105469,71.11000061035156,71.11000061035156,174416
2025-12-01 16:00:00+00:00,71.1050033569336,71.1050033569336,70.90499877929688,71.05000305175781,139764
2025-12-01 16:15:00+00:00,71.04000091552734,71.05999755859375,70.7699966430664,70.81999969482422,278880
2025-12-01 16:30:00+00:00,70.80999755859375,70.96499633789062,70.7699966430664,70.8550033569336,200452
2025-12-01 16:45:00+00:00,70.8499984741211,70.8499984741211,70.7300033569336,70.77999877929688,131651
2025-12-01 17:00:00+00:00,70.77999877929688,71.0,70.7699966430664,70.9800033569336,156395
2025-12-01 17:15:00+00:00,70.9800033569336,71.08499908447266,70.91000366210938,70.91000366210938,152773
2025-12-01 17:30:00+00:00,70.91999816894531,71.0,70.8949966430664,70.91999816894531,106532
2025-12-01 17:45:00+00:00,70.91000366210938,70.94999694824219,70.77999877929688,70.83999633789062,120345
2025-12-01 18:00:00+00:00,70.8499984741211,70.93499755859375,70.80999755859375,70.93000030517578,71176
2025-12-01 18:15:00+00:00,70.94000244140625,71.0,70.91000366210938,70.97000122070312,55013
2025-12-01 18:30:00+00:00,71.0,71.1449966430664,70.98999786376953,71.13500213623047,96458
2025-12-01 18:45:00+00:00,71.13500213623047,71.1500015258789,71.00499725341797,71.0250015258789,173852
2025-12-01 19:00:00+00:00,71.04000091552734,71.04499816894531,70.94000244140625,70.98500061035156,167241
2025-12-01 19:15:00+00:00,70.98500061035156,71.05000305175781,70.91000366210938,70.94999694824219,269714
2025-12-01 19:30:00+00:00,70.94999694824219,71.0999984741211,70.94999694824219,71.02999877929688,105216
2025-12-01 19:45:00+00:00,71.0342025756836,71.08999633789062,71.02999877929688,71.05999755859375,55697
2025-12-01 20:00:00+00:00,71.05999755859375,71.19000244140625,71.05999755859375,71.1500015258789,60542
2025-12-01 20:15:00+00:00,71.1500015258789,71.1500015258789,71.08000183105469,71.125,73326
2025-12-01 20:30:00+00:00,71.12999725341797,71.23999786376953,71.12000274658203,71.22000122070312,86535
2025-12-01 20:45:00+00:00,71.20999908447266,71.20999908447266,71.05000305175781,71.08999633789062,391495
2025-12-02 14:30:00+00:00,70.54000091552734,70.57499694824219,69.88999938964844,69.91999816894531,324755
2025-12-02 14:45:00+00:00,69.93000030517578,70.02999877929688,69.72000122070312,69.94000244140625,365587
2025-12-02 15:00:00+00:00,69.94000244140625,71.04000091552734,69.91999816894531,70.75,1605910
2025-12-02 15:15:00+00:00,70.76000213623047,70.95999908447266,70.5199966430664,70.86000061035156,510593
2025-12-02 15:30:00+00:00,70.86000061035156,71.0199966430664,70.68000030517578,70.80999755859375,224676
2025-12-02 15:45:00+00:00,70.81999969482422,70.87000274658203,70.69000244140625,70.83999633789062,149633
2025-12-02 16:00:00+00:00,70.83000183105469,70.94000244140625,70.56999969482422,70.68000030517578,206221
2025-12-02 16:15:00+00:00,70.67500305175781,70.69000244140625,70.4800033569336,70.55000305175781,181194
2025-12-02 16:30:00+00:00,70.55000305175781,70.69999694824219,70.41000366210938,70.44999694824219,197690
2025-12-02 16:45:00+00:00,70.43000030517578,70.44999694824219,70.31999969482422,70.36000061035156,96678
2025-12-02 17:00:00+00:00,70.37000274658203,70.4800033569336,70.37000274658203,70.44999694824219,69187
2025-12-02 17:15:00+00:00,70.44999694824219,70.58999633789062,70.44499969482422,70.54000091552734,131544
2025-12-02 17:30:00+00:00,70.54000091552734,70.55000305175781,70.44000244140625,70.5199966430664,85385
2025-12-02 17:45:00+00:00,70.51499938964844,70.58999633789062,70.45500183105469,70.45500183105469,119026
2025-12-02 18:00:00+00:00,70.44999694824219,70.47000122070312,70.375,70.4000015258789,63489
2025-12-02 18:15:00+00:00,70.41000366210938,70.56999969482422,70.4000015258789,70.55999755859375,68063
2025-12-02 18:30:00+00:00,70.56999969482422,70.66999816894531,70.52999877929688,70.52999877929688,91887
2025-12-02 18:45:00+00:00,70.5199966430664,70.76000213623047,70.46499633789062,70.55000305175781,348138
2025-12-02 19:00:00+00:00,70.55999755859375,70.58000183105469,70.36000061035156,70.46499633789062,128082
2025-12-02 19:15:00+00:00,70.4800033569336,70.5,70.08000183105469,70.16999816894531,310458
2025-12-02 19:30:00+00:00,70.16999816894531,70.18000030517578,69.9729995727539,70.05000305175781,180285
2025-12-02 19:45:00+00:00,70.05999755859375,70.16000366210938,70.05999755859375,70.12000274658203,88729
2025-12-02 20:00:00+00:00,70.12999725341797,70.15499877929688,70.09500122070312,70.12000274658203,70286
2025-12-02 20:15:00+00:00,70.12000274658203,70.16500091552734,70.06999969482422,70.0999984741211,76638
2025-12-02 20:30:00+00:00,70.0999984741211,70.16000366210938,70.0999984741211,70.13500213623047,68179
2025-12-02 20:45:00+00:00,70.13500213623047,70.19999694824219,70.12999725341797,70.16000366210938,357013
2025-12-03 14:30:00+00:00,70.75,70.94499969482422,70.75,70.80000305175781,243806
2025-12-03 14:45:00+00:00,70.80000305175781,70.81999969482422,70.70999908447266,70.80999755859375,75692
2025-12-03 15:00:00+00:00,70.83000183105469,70.88999938964844,70.73999786376953,70.87999725341797,107126
2025-12-03 15:15:00+00:00,70.87999725341797,70.93000030517578,70.77999877929688,70.80000305175781,85143
2025-12-03 15:30:00+00:00,70.79000091552734,71.0199966430664,70.69000244140625,70.9000015258789,299537
2025-12-03 15:45:00+00:00,70.90499877929688,71.19499969482422,70.87999725341797,71.19000244140625,242952
2025-12-03 16:00:00+00:00,71.19000244140625,71.30000305175781,70.94000244140625,71.0,212749
2025-12-03 16:15:00+00:00,71.00499725341797,71.12999725341797,71.0,71.06999969482422,122757
2025-12-03 16:30:00+00:00,71.05999755859375,71.06999969482422,70.79000091552734,70.87999725341797,153990
2025-12-03 16:45:00+00:00,70.87999725341797,70.93000030517578,70.41500091552734,70.5199966430664,174843
2025-12-03 17:00:00+00:00,70.51000213623047,70.75499725341797,70.5,70.75,100398
2025-12-03 17:15:00+00:00,70.76000213623047,71.11000061035156,70.76000213623047,71.02999877929688,116337
2025-12-03 17:30:00+00:00,71.02999877929688,71.02999877929688,70.9000015258789,70.95999908447266,78724
2025-12-03 17:45:00+00:00,70.95500183105469,70.95500183105469,70.83000183105469,70.8499984741211,63118
2025-12-03 18:00:00+00:00,70.83999633789062,70.88999938964844,70.75,70.88999938964844,50333
2025-12-03 18:15:00+00:00,70.9000015258789,70.95999908447266,70.80999755859375,70.86000061035156,109395
2025-12-03 18:30:00+00:00,70.87000274658203,70.88999938964844,70.66000366210938,70.7699966430664,139496
2025-12-03 18:45:00+00:00,70.7699966430664,70.79000091552734,70.66000366210938,70.69999694824219,50277
2025-12-03 19:00:00+00:00,70.70999908447266,70.72000122070312,70.58999633789062,70.62999725341797,71252
2025-12-03 19:15:00+00:00,70.62999725341797,70.63999938964844,70.45500183105469,70.5,201646
2025-12-03 19:30:00+00:00,70.5,70.5199966430664,70.37000274658203,70.5,88743
2025-12-03 19:45:00+00:00,70.48999786376953,70.55999755859375,70.48999786376953,70.54000091552734,43466
2025-12-03 20:00:00+00:00,70.52999877929688,70.58000183105469,70.51000213623047,70.55999755859375,42637
2025-12-03 20:15:00+00:00,70.55999755859375,70.61000061035156,70.55999755859375,70.5999984741211,24476
2025-12-03 20:30:00+00:00,70.58999633789062,70.65499877929688,70.57499694824219,70.62999725341797,33687
2025-12-03 20:45:00+00:00,70.62999725341797,70.70999908447266,70.62999725341797,70.66999816894531,137989
2025-12-04 14:30:00+00:00,70.6500015258789,70.69000244140625,70.38999938964844,70.48999786376953,233594
2025-12-04 14:45:00+00:00,70.48500061035156,70.56999969482422,70.34500122070312,70.43000030517578,127343
2025-12-04 15:00:00+00:00,70.43000030517578,70.61000061035156,70.41000366210938,70.61000061035156,173490
2025-12-04 15:15:00+00:00,70.62000274658203,70.80000305175781,70.5999984741211,70.69999694824219,159248
2025-12-04 15:30:00+00:00,70.69499969482422,71.1500015258789,70.69000244140625,71.07499694824219,243403
2025-12-04 15:45:00+00:00,71.06999969482422,71.30000305175781,71.05000305175781,71.0999984741211,204275
2025-12-04 16:00:00+00:00,71.11000061035156,71.19000244140625,71.06210327148438,71.18000030517578,249517
2025-12-04 16:15:00+00:00,71.18000030517578,71.3550033569336,71.16999816894531,71.29000091552734,199289
2025-12-04 16:30:00+00:00,71.30000305175781,71.76000213623047,71.30000305175781,71.61000061035156,479928
2025-12-04 16:45:00+00:00,71.62000274658203,71.6449966430664,71.4800033569336,71.58000183105469,183792
2025-12-04 17:00:00+00:00,71.58000183105469,71.63999938964844,71.4000015258789,71.59500122070312,226065
2025-12-04 17:15:00+00:00,71.5999984741211,71.62999725341797,71.5199966430664,71.54000091552734,124208
2025-12-04 17:30:00+00:00,71.54000091552734,71.5999984741211,71.44180297851562,71.5199966430664,109719
2025-12-04 17:45:00+00:00,71.52999877929688,71.54000091552734,71.45999908447266,71.4800033569336,63449
2025-12-04 18:00:00+00:00,71.4800033569336,71.58999633789062,71.47000122070312,71.55999755859375,86842
2025-12-04 18:15:00+00:00,71.56999969482422,71.62999725341797,71.5,71.61000061035156,83367
2025-12-04 18:30:00+00:00,71.59500122070312,71.66999816894531,71.58999633789062,71.61000061035156,85112
2025-12-04 18:45:00+00:00,71.61000061035156,71.62999725341797,71.55999755859375,71.56999969482422,76130
2025-12-04 19:00:00+00:00,71.56999969482422,71.5999984741211,71.41000366210938,71.43000030517578,141256
2025-12-04 19:15:00+00:00,71.43000030517578,71.43000030517578,71.27999877929688,71.34500122070312,176188
2025-12-04 19:30:00+00:00,71.3499984741211,71.37000274658203,71.29000091552734,71.30999755859375,73511
2025-12-04 19:45:00+00:00,71.30999755859375,71.38999938964844,71.27999877929688,71.37999725341797,69254
2025-12-04 20:00:00+00:00,71.41000366210938,71.41999816894531,71.3499984741211,71.36000061035156,48339
2025-12-04 20:15:00+00:00,71.36000061035156,71.43000030517578,71.36000061035156,71.38999938964844,57353
2025-12-04 20:30:00+00:00,71.4000015258789,71.4000015258789,71.36000061035156,71.36000061035156,24202
2025-12-04 20:45:00+00:00,71.3550033569336,71.40499877929688,71.30000305175781,71.37999725341797,195972
2025-12-05 14:30:00+00:00,71.33000183105469,71.87000274658203,71.30999755859375,71.63999938964844,301822
2025-12-05 14:45:00+00:00,71.66000366210938,71.79000091552734,71.62999725341797,71.76000213623047,158415
2025-12-05 15:00:00+00:00,71.76000213623047,72.05500030517578,71.69999694824219,71.94999694824219,283448
2025-12-05 15:15:00+00:00,71.94000244140625,72.19000244140625,71.91000366210938,72.15550231933594,273849
2025-12-05 15:30:00+00:00,72.1500015258789,72.33999633789062,72.1050033569336,72.14510345458984,238732
2025-12-05 15:45:00+00:00,72.13899993896484,72.23999786376953,71.94999694824219,72.0999984741211,691772
2025-12-05 16:00:00+00:00,72.12000274658203,72.18000030517578,72.02999877929688,72.05000305175781,426310
2025-12-05 16:15:00+00:00,72.05000305175781,72.05999755859375,71.80000305175781,71.87999725341797,235878
2025-12-05 16:30:00+00:00,71.88999938964844,71.9000015258789,71.66999816894531,71.70999908447266,249595
2025-12-05 16:45:00+00:00,71.70999908447266,71.72000122070312,71.62699890136719,71.66999816894531,163498
2025-12-05 17:00:00+00:00,71.66999816894531,71.87000274658203,71.6500015258789,71.86000061035156,103070
2025-12-05 17:15:00+00:00,71.87000274658203,72.11000061035156,71.87000274658203,72.05000305175781,129196
2025-12-05 17:30:00+00:00,72.05999755859375,72.0999984741211,71.9917984008789,72.08999633789062,80369
2025-12-05 17:45:00+00:00,72.06999969482422,72.16999816894531,72.02999877929688,72.08999633789062,76281
2025-12-05 18:00:00+00:00,72.06999969482422,72.0999984741211,71.97000122070312,72.01000213623047,86376
2025-12-05 18:15:00+00:00,72.01000213623047,72.01000213623047,71.94000244140625,71.9800033569336,64808
2025-12-05 18:30:00+00:00,71.9800033569336,72.02999877929688,71.88999938964844,71.94000244140625,57557
2025-12-05 18:45:00+00:00,71.94000244140625,72.01000213623047,71.83999633789062,71.8499984741211,68577
2025-12-05 19:00:00+00:00,71.83000183105469,71.87999725341797,71.7699966430664,71.87000274658203,43017
2025-12-05 19:15:00+00:00,71.86000061035156,71.9000015258789,71.79000091552734,71.86000061035156,97958
2025-12-05 19:30:00+00:00,71.87000274658203,71.90499877929688,71.77999877929688,71.80000305175781,59581
2025-12-05 19:45:00+00:00,71.80000305175781,71.91999816894531,71.80000305175781,71.91000366210938,57817
2025-12-05 20:00:00+00:00,71.91000366210938,71.91000366210938,71.83999633789062,71.8499984741211,37747
2025-12-05 20:15:00+00:00,71.8499984741211,71.86689758300781,71.83000183105469,71.86000061035156,59393
2025-12-05 20:30:00+00:00,71.8499984741211,71.9800033569336,71.84700012207031,71.94499969482422,98148
2025-12-05 20:45:00+00:00,71.94999694824219,71.95989990234375,71.86499786376953,71.9000015258789,155977
2025-12-08 14:30:00+00:00,70.81999969482422,71.02999877929688,70.76000213623047,70.91999816894531,340021
2025-12-08 14:45:00+00:00,70.91999816894531,71.18000030517578,70.91999816894531,71.0,177255
2025-12-08 15:00:00+00:00,71.0,71.08999633789062,70.80000305175781,70.86000061035156,91439
2025-12-08 15:15:00+00:00,70.86000061035156,70.94000244140625,70.81999969482422,70.88999938964844,61189
2025-12-08 15:30:00+00:00,70.87999725341797,71.11000061035156,70.87999725341797,70.9800033569336,210995
2025-12-08 15:45:00+00:00,71.0,71.16999816894531,70.95999908447266,70.98999786376953,85482
2025-12-08 16:00:00+00:00,70.97000122070312,70.9749984741211,70.68000030517578,70.87000274658203,152943
2025-12-08 16:15:00+00:00,70.8499984741211,70.87000274658203,70.72000122070312,70.77999877929688,155283
2025-12-08 16:30:00+00:00,70.77999877929688,70.93000030517578,70.76000213623047,70.80000305175781,84873
2025-12-08 16:45:00+00:00,70.80999755859375,70.94999694824219,70.7300033569336,70.94499969482422,84039
2025-12-08 17:00:00+00:00,70.93000030517578,70.93000030517578,70.72000122070312,70.75,109254
2025-12-08 17:15:00+00:00,70.76000213623047,70.81449890136719,70.68000030517578,70.77999877929688,87145
2025-12-08 17:30:00+00:00,70.77999877929688,70.80000305175781,70.70999908447266,70.7300033569336,49849
2025-12-08 17:45:00+00:00,70.72000122070312,70.76000213623047,70.63999938964844,70.7300033569336,108075
2025-12-08 18:00:00+00:00,70.7300033569336,70.7509994506836,70.5999984741211,70.62999725341797,109075
2025-12-08 18:15:00+00:00,70.62000274658203,70.6500015258789,70.45999908447266,70.5,109919
2025-12-08 18:30:00+00:00,70.48999786376953,70.5,70.26499938964844,70.33999633789062,164770
2025-12-08 18:45:00+00:00,70.34500122070312,70.41819763183594,70.31999969482422,70.37999725341797,76693
2025-12-08 19:00:00+00:00,70.37999725341797,70.3949966430664,70.30000305175781,70.35649871826172,65783
2025-12-08 19:15:00+00:00,70.36000061035156,70.5,70.31999969482422,70.48999786376953,153208
2025-12-08 19:30:00+00:00,70.45999908447266,70.47209930419922,70.40499877929688,70.41000366210938,47234
2025-12-08 19:45:00+00:00,70.4000015258789,70.43000030517578,70.36000061035156,70.4000015258789,39610
2025-12-08 20:00:00+00:00,70.41000366210938,70.41999816894531,70.37999725341797,70.41500091552734,34724
2025-12-08 20:15:00+00:00,70.41000366210938,70.42500305175781,70.37999725341797,70.37999725341797,57000
2025-12-08 20:30:00+00:00,70.37999725341797,70.43499755859375,70.375,70.41999816894531,86105
2025-12-08 20:45:00+00:00,70.41500091552734,70.48999786376953,70.37999725341797,70.4800033569336,200166
2025-12-09 14:30:00+00:00,70.37999725341797,70.41999816894531,70.20999908447266,70.25,160613
2025-12-09 14:45:00+00:00,70.23999786376953,70.36000061035156,70.08999633789062,70.0999984741211,138189
2025-12-09 15:00:00+00:00,70.0999984741211,70.22000122070312,69.98999786376953,70.08000183105469,172153
2025-12-09 15:15:00+00:00,70.08000183105469,70.0999984741211,69.77999877929688,69.81999969482422,381778
2025-12-09 15:30:00+00:00,69.81999969482422,69.86000061035156,69.69999694824219,69.80999755859375,134671
2025-12-09 15:45:00+00:00,69.79000091552734,69.87000274658203,69.69999694824219,69.81999969482422,115765
2025-12-09 16:00:00+00:00,69.80999755859375,69.94999694824219,69.76000213623047,69.83000183105469,141275
2025-12-09 16:15:00+00:00,69.80999755859375,69.91000366210938,69.77999877929688,69.83000183105469,122047
2025-12-09 16:30:00+00:00,69.81999969482422,69.86499786376953,69.66000366210938,69.77999877929688,157964
2025-12-09 16:45:00+00:00,69.77999877929688,69.80000305175781,69.71499633789062,69.76000213623047,99197
2025-12-09 17:00:00+00:00,69.7699966430664,69.81999969482422,69.74500274658203,69.76499938964844,75101
2025-12-09 17:15:00+00:00,69.7699966430664,69.80000305175781,69.70500183105469,69.71499633789062,73472
2025-12-09 17:30:00+00:00,69.72000122070312,69.7699966430664,69.70999908447266,69.75499725341797,37200
2025-12-09 17:45:00+00:00,69.76000213623047,69.77999877929688,69.69999694824219,69.69999694824219,78605
2025-12-09 18:00:00+00:00,69.69000244140625,69.75,69.67500305175781,69.73999786376953,54345
2025-12-09 18:15:00+00:00,69.73999786376953,69.83000183105469,69.7300033569336,69.78500366210938,87839
2025-12-09 18:30:00+00:00,69.78500366210938,69.86750030517578,69.72000122070312,69.75,65134
2025-12-09 18:45:00+00:00,69.73999786376953,69.76499938964844,69.69999694824219,69.70999908447266,65427
2025-12-09 19:00:00+00:00,69.72000122070312,69.79000091552734,69.69999694824219,69.79000091552734,92393
2025-12-09 19:15:00+00:00,69.79000091552734,69.80999755859375,69.72000122070312,69.79000091552734,145623
2025-12-09 19:30:00+00:00,69.77999877929688,69.88809967041016,69.7686996459961,69.88809967041016,90836
2025-12-09 19:45:00+00:00,69.88500213623047,70.0,69.88500213623047,69.95999908447266,72383
2025-12-09 20:00:00+00:00,69.95999908447266,69.9800033569336,69.94000244140625,69.97000122070312,32180
2025-12-09 20:15:00+00:00,69.97000122070312,69.97000122070312,69.91999816894531,69.9209976196289,35005
2025-12-09 20:30:00+00:00,69.91999816894531,69.91999816894531,69.87969970703125,69.90440368652344,146559
2025-12-09 20:45:00+00:00,69.91000366210938,69.94999694824219,69.86000061035156,69.87999725341797,213421
2025-12-10 14:30:00+00:00,69.43000030517578,69.45999908447266,69.23999786376953,69.33999633789062,322236
2025-12-10 14:45:00+00:00,69.33999633789062,69.41999816894531,69.25,69.37999725341797,245007
2025-12-10 15:00:00+00:00,69.37000274658203,69.4800033569336,69.31999969482422,69.38999938964844,291299
2025-12-10 15:15:00+00:00,69.38999938964844,69.41999816894531,69.30999755859375,69.36000061035156,223590
2025-12-10 15:30:00+00:00,69.3499984741211,69.4000015258789,69.22000122070312,69.30680084228516,363784
2025-12-10 15:45:00+00:00,69.30000305175781,69.37000274658203,69.19000244140625,69.2300033569336,225045
2025-12-10 16:00:00+00:00,69.2300033569336,69.25,69.125,69.2300033569336,171012
2025-12-10 16:15:00+00:00,69.22000122070312,69.3499984741211,69.20999908447266,69.30000305175781,189551
2025-12-10 16:30:00+00:00,69.30000305175781,69.47000122070312,69.2300033569336,69.44999694824219,161914
2025-12-10 16:45:00+00:00,69.43000030517578,69.63500213623047,69.41000366210938,69.62999725341797,399296
2025-12-10 17:00:00+00:00,69.62999725341797,69.66000366210938,69.55999755859375,69.63999938964844,191941
2025-12-10 17:15:00+00:00,69.63999938964844,69.69000244140625,69.62000274658203,69.62999725341797,88396
2025-12-10 17:30:00+00:00,69.62999725341797,69.6500015258789,69.51740264892578,69.5199966430664,100272
2025-12-10 17:45:00+00:00,69.5199966430664,69.6500015258789,69.5199966430664,69.5999984741211,65559
2025-12-10 18:00:00+00:00,69.5999984741211,69.65499877929688,69.56999969482422,69.6500015258789,76345
2025-12-10 18:15:00+00:00,69.6572036743164,69.86000061035156,69.6572036743164,69.69999694824219,151267
2025-12-10 18:30:00+00:00,69.69000244140625,70.16999816894531,69.6500015258789,69.83999633789062,1569107
2025-12-10 18:45:00+00:00,69.83999633789062,70.05000305175781,69.80999755859375,69.9000015258789,412763
2025-12-10 19:00:00+00:00,69.91000366210938,70.0999984741211,69.8550033569336,70.07499694824219,187100
2025-12-10 19:15:00+00:00,70.06999969482422,70.13999938964844,69.94999694824219,70.11000061035156,280240
2025-12-10 19:30:00+00:00,70.11000061035156,70.33000183105469,70.08999633789062,70.23999786376953,383978
2025-12-10 19:45:00+00:00,70.23999786376953,70.41000366210938,70.23999786376953,70.37999725341797,123994
2025-12-10 20:00:00+00:00,70.38999938964844,70.68000030517578,70.36000061035156,70.57029724121094,446508
2025-12-10 20:15:00+00:00,70.57550048828125,70.69000244140625,70.55000305175781,70.6500015258789,215877
2025-12-10 20:30:00+00:00,70.6500015258789,70.69999694824219,70.55840301513672,70.58999633789062,237298
2025-12-10 20:45:00+00:00,70.58499908447266,70.61000061035156,70.51000213623047,70.55000305175781,434056
2025-12-11 14:30:00+00:00,68.58999633789062,68.72000122070312,68.54000091552734,68.69000244140625,713450
2025-12-11 14:45:00+00:00,68.69000244140625,68.7699966430664,68.5999984741211,68.69000244140625,369007
2025-12-11 15:00:00+00:00,68.69000244140625,68.94999694824219,68.66999816894531,68.77999877929688,735517
2025-12-11 15:15:00+00:00,68.79000091552734,68.83999633789062,68.7300033569336,68.76000213623047,436623
2025-12-11 15:30:00+00:00,68.75350189208984,68.8499984741211,68.63999938964844,68.7300033569336,217002
2025-12-11 15:45:00+00:00,68.7300033569336,68.83499908447266,68.66000366210938,68.80999755859375,262157
2025-12-11 16:00:00+00:00,68.80999755859375,68.88500213623047,68.30999755859375,68.56999969482422,1631066
2025-12-11 16:15:00+00:00,68.55999755859375,68.73999786376953,68.5,68.58000183105469,297600
2025-12-11 16:30:00+00:00,68.58000183105469,68.68000030517578,68.45500183105469,68.63999938964844,267273
2025-12-11 16:45:00+00:00,68.63999938964844,68.69000244140625,68.52999877929688,68.58999633789062,190018
2025-12-11 17:00:00+00:00,68.58000183105469,68.68499755859375,68.58000183105469,68.6500015258789,134662
2025-12-11 17:15:00+00:00,68.66000366210938,68.80000305175781,68.6500015258789,68.73999786376953,130470
2025-12-11 17:30:00+00:00,68.7300033569336,68.76000213623047,68.6449966430664,68.6500015258789,93277
2025-12-11 17:45:00+00:00,68.6500015258789,68.70999908447266,68.62999725341797,68.68499755859375,83610
2025-12-11 18:00:00+00:00,68.68000030517578,68.73999786376953,68.62999725341797,68.7300033569336,101107
2025-12-11 18:15:00+00:00,68.7300033569336,68.80000305175781,68.68000030517578,68.73999786376953,223713
2025-12-11 18:30:00+00:00,68.73999786376953,68.97000122070312,68.7300033569336,68.80000305175781,599717
2025-12-11 18:45:00+00:00,68.79000091552734,68.8499984741211,68.7699966430664,68.83000183105469,126688
2025-12-11 19:00:00+00:00,68.83000183105469,68.9800033569336,68.81500244140625,68.97000122070312,220315
2025-12-11 19:15:00+00:00,68.96499633789062,69.05999755859375,68.90499877929688,69.05000305175781,274745
2025-12-11 19:30:00+00:00,69.04000091552734,69.26000213623047,69.04000091552734,69.23500061035156,208424
2025-12-11 19:45:00+00:00,69.23999786376953,69.28510284423828,69.22000122070312,69.2300033569336,124358
2025-12-11 20:00:00+00:00,69.23500061035156,69.25,69.16999816894531,69.17500305175781,151835
2025-12-11 20:15:00+00:00,69.18000030517578,69.19000244140625,69.11000061035156,69.13500213623047,114789
2025-12-11 20:30:00+00:00,69.13999938964844,69.26000213623047,69.13999938964844,69.25499725341797,145505
2025-12-11 20:45:00+00:00,69.25,69.2699966430664,69.19000244140625,69.25,466347
2025-12-12 14:30:00+00:00,68.87000274658203,68.98999786376953,68.81999969482422,68.86000061035156,325230
2025-12-12 14:45:00+00:00,68.86000061035156,68.97000122070312,68.66000366210938,68.97000122070312,252616
2025-12-12 15:00:00+00:00,68.95999908447266,68.96499633789062,68.62000274658203,68.69999694824219,342539
2025-12-12 15:15:00+00:00,68.69999694824219,68.7699966430664,68.52999877929688,68.56999969482422,235314
2025-12-12 15:30:00+00:00,68.56999969482422,68.7249984741211,68.5199966430664,68.72000122070312,575700
2025-12-12 15:45:00+00:00,68.72000122070312,68.81999969482422,68.47000122070312,68.52999877929688,326107
2025-12-12 16:00:00+00:00,68.5250015258789,68.6500015258789,68.5,68.62000274658203,255798
2025-12-12 16:15:00+00:00,68.58999633789062,68.76499938964844,68.58999633789062,68.69999694824219,261096
2025-12-12 16:30:00+00:00,68.70999908447266,68.91999816894531,68.68000030517578,68.91999816894531,307752
2025-12-12 16:45:00+00:00,68.93000030517578,69.0999984741211,68.90550231933594,69.04000091552734,238478
2025-12-12 17:00:00+00:00,69.05000305175781,69.10009765625,69.0199966430664,69.06999969482422,161806
2025-12-12 17:15:00+00:00,69.06999969482422,69.125,68.95999908447266,68.9800033569336,123152
2025-12-12 17:30:00+00:00,68.9800033569336,69.06999969482422,68.94999694824219,69.05000305175781,91375
2025-12-12 17:45:00+00:00,69.04000091552734,69.08999633789062,69.0250015258789,69.02999877929688,129560
2025-12-12 18:00:00+00:00,69.03810119628906,69.06999969482422,68.9927978515625,69.01000213623047,116097
2025-12-12 18:15:00+00:00,69.0199966430664,69.02999877929688,68.92630004882812,69.0199966430664,129024
2025-12-12 18:30:00+00:00,69.01000213623047,69.0199966430664,68.87999725341797,68.92500305175781,101012
2025-12-12 18:45:00+00:00,68.93000030517578,68.97000122070312,68.8499984741211,68.87000274658203,89951
2025-12-12 19:00:00+00:00,68.87000274658203,68.96040344238281,68.86499786376953,68.94999694824219,98820
2025-12-12 19:15:00+00:00,68.94999694824219,68.98999786376953,68.7699966430664,68.83000183105469,185536
2025-12-12 19:30:00+00:00,68.80999755859375,68.84500122070312,68.76499938964844,68.80999755859375,84579
2025-12-12 19:45:00+00:00,68.80000305175781,68.81999969482422,68.76000213623047,68.76000213623047,65016
2025-12-12 20:00:00+00:00,68.7699966430664,68.77999877929688,68.69999694824219,68.75499725341797,62806
2025-12-12 20:15:00+00:00,68.76000213623047,68.80000305175781,68.70999908447266,68.76000213623047,99389
2025-12-12 20:30:00+00:00,68.76000213623047,68.83999633789062,68.72010040283203,68.82499694824219,182985
2025-12-12 20:45:00+00:00,68.82499694824219,68.9000015258789,68.80999755859375,68.83999633789062,330426
2025-12-15 14:30:00+00:00,68.48999786376953,68.52999877929688,68.16000366210938,68.19499969482422,638382
2025-12-15 14:45:00+00:00,68.19000244140625,68.26000213623047,68.12999725341797,68.23999786376953,458595
2025-12-15 15:00:00+00:00,68.2300033569336,68.3499984741211,68.08000183105469,68.19999694824219,289041
2025-12-15 15:15:00+00:00,68.19000244140625,68.2699966430664,68.12000274658203,68.16000366210938,217597
2025-12-15 15:30:00+00:00,68.16000366210938,68.19000244140625,68.04000091552734,68.18000030517578,277210
2025-12-15 15:45:00+00:00,68.19000244140625,68.2300033569336,67.9749984741211,68.08000183105469,284638
2025-12-15 16:00:00+00:00,68.08000183105469,68.0999984741211,67.9000015258789,67.97000122070312,405148
2025-12-15 16:15:00+00:00,67.97000122070312,68.02999877929688,67.8499984741211,67.94000244140625,273615
2025-12-15 16:30:00+00:00,67.94999694824219,68.00499725341797,67.61000061035156,67.68000030517578,470125
2025-12-15 16:45:00+00:00,67.69000244140625,67.87000274658203,67.63999938964844,67.83999633789062,403602
2025-12-15 17:00:00+00:00,67.83000183105469,67.86000061035156,67.73999786376953,67.80999755859375,165761
2025-12-15 17:15:00+00:00,67.81999969482422,67.91000366210938,67.80999755859375,67.86000061035156,153872
2025-12-15 17:30:00+00:00,67.8499984741211,67.99500274658203,67.83000183105469,67.966796875,168780
2025-12-15 17:45:00+00:00,67.97000122070312,67.97000122070312,67.81999969482422,67.88999938964844,131140
2025-12-15 18:00:00+00:00,67.87999725341797,67.87999725341797,67.70500183105469,67.73999786376953,141871
2025-12-15 18:15:00+00:00,67.74500274658203,67.79000091552734,67.66999816894531,67.68000030517578,114901
2025-12-15 18:30:00+00:00,67.69000244140625,67.70500183105469,67.63999938964844,67.6500015258789,148212
2025-12-15 18:45:00+00:00,67.6500015258789,67.80999755859375,67.63999938964844,67.7699966430664,141386
2025-12-15 19:00:00+00:00,67.76000213623047,68.01000213623047,67.76000213623047,67.98999786376953,185348
2025-12-15 19:15:00+00:00,67.98500061035156,68.18000030517578,67.98500061035156,68.13999938964844,377167
2025-12-15 19:30:00+00:00,68.12999725341797,68.19000244140625,67.96499633789062,68.01000213623047,148775
2025-12-15 19:45:00+00:00,68.01000213623047,68.08999633789062,68.01000213623047,68.04000091552734,61352
2025-12-15 20:00:00+00:00,68.02999877929688,68.03500366210938,67.98500061035156,68.0,38755
2025-12-15 20:15:00+00:00,68.00499725341797,68.05000305175781,67.88500213623047,67.91999816894531,156871
2025-12-15 20:30:00+00:00,67.91999816894531,67.94999694824219,67.91000366210938,67.91999816894531,73834
2025-12-15 20:45:00+00:00,67.91999816894531,67.9749984741211,67.90499877929688,67.91000366210938,269222
2025-12-16 14:30:00+00:00,66.75,66.77999877929688,66.53500366210938,66.57499694824219,520051
2025-12-16 14:45:00+00:00,66.57499694824219,66.57510375976562,66.3499984741211,66.36000061035156,345628
2025-12-16 15:00:00+00:00,66.34929656982422,66.43000030517578,66.30999755859375,66.3550033569336,337981
2025-12-16 15:15:00+00:00,66.3499984741211,66.3550033569336,66.06500244140625,66.06500244140625,511935
2025-12-16 15:30:00+00:00,66.06999969482422,66.16000366210938,65.98500061035156,66.12999725341797,406620
2025-12-16 15:45:00+00:00,66.13999938964844,66.30000305175781,66.11000061035156,66.2699966430664,366262
2025-12-16 16:00:00+00:00,66.2699966430664,66.37999725341797,66.16999816894531,66.18000030517578,296001
2025-12-16 16:15:00+00:00,66.18000030517578,66.37999725341797,66.16999816894531,66.36000061035156,433391
2025-12-16 16:30:00+00:00,66.36000061035156,66.58999633789062,66.34449768066406,66.44999694824219,455765
2025-12-16 16:45:00+00:00,66.45999908447266,66.5999984741211,66.44999694824219,66.58000183105469,251159
2025-12-16 17:00:00+00:00,66.58999633789062,66.72000122070312,66.55999755859375,66.61000061035156,318779
2025-12-16 17:15:00+00:00,66.62000274658203,66.63999938964844,66.43000030517578,66.5199966430664,224803
2025-12-16 17:30:00+00:00,66.5199966430664,66.5999984741211,66.38999938964844,66.43000030517578,180191
2025-12-16 17:45:00+00:00,66.44999694824219,66.51000213623047,66.4000015258789,66.41999816894531,121294
2025-12-16 18:00:00+00:00,66.41000366210938,66.45999908447266,66.36000061035156,66.45999908447266,130512
2025-12-16 18:15:00+00:00,66.45999908447266,66.51000213623047,66.4000015258789,66.5,128413
2025-12-16 18:30:00+00:00,66.49500274658203,66.68499755859375,66.48500061035156,66.58000183105469,180870
2025-12-16 18:45:00+00:00,66.58000183105469,66.58999633789062,66.43190002441406,66.45999908447266,105234
2025-12-16 19:00:00+00:00,66.45999908447266,66.47000122070312,66.30000305175781,66.30999755859375,171292
2025-12-16 19:15:00+00:00,66.30999755859375,66.3949966430664,66.25499725341797,66.30000305175781,239590
2025-12-16 19:30:00+00:00,66.30000305175781,66.37000274658203,66.27999877929688,66.36499786376953,107961
2025-12-16 19:45:00+00:00,66.37000274658203,66.38359832763672,66.2300033569336,66.25,113500
2025-12-16 20:00:00+00:00,66.26000213623047,66.30500030517578,66.19999694824219,66.27999877929688,123605
2025-12-16 20:15:00+00:00,66.28500366210938,66.30500030517578,66.23500061035156,66.24500274658203,116417
2025-12-16 20:30:00+00:00,66.24109649658203,66.27999877929688,66.20500183105469,66.20999908447266,113454
2025-12-16 20:45:00+00:00,66.2155990600586,66.25,66.16999816894531,66.19000244140625,278616
2025-12-17 14:30:00+00:00,67.22000122070312,67.27999877929688,67.02999877929688,67.12000274658203,693186
2025-12-17 14:45:00+00:00,67.12999725341797,67.2699966430664,66.83000183105469,67.16000366210938,1122272
2025-12-17 15:00:00+00:00,67.16000366210938,67.34449768066406,67.05999755859375,67.33999633789062,362642
2025-12-17 15:15:00+00:00,67.33499908447266,67.55000305175781,67.33000183105469,67.52999877929688,310356
2025-12-17 15:30:00+00:00,67.5199966430664,67.5199966430664,67.08000183105469,67.12000274658203,422752
2025-12-17 15:45:00+00:00,67.12000274658203,67.25499725341797,67.02999877929688,67.19499969482422,284001
2025-12-17 16:00:00+00:00,67.19999694824219,67.55000305175781,67.19999694824219,67.4000015258789,339093
2025-12-17 16:15:00+00:00,67.4000015258789,67.51000213623047,67.31999969482422,67.37000274658203,331613
2025-12-17 16:30:00+00:00,67.37000274658203,67.38990020751953,67.1500015258789,67.36000061035156,300266
2025-12-17 16:45:00+00:00,67.35690307617188,67.45500183105469,67.34500122070312,67.4000015258789,196045
2025-12-17 17:00:00+00:00,67.38999938964844,67.43000030517578,67.26000213623047,67.26000213623047,155825
2025-12-17 17:15:00+00:00,67.2572021484375,67.43000030517578,67.22000122070312,67.35240173339844,127716
2025-12-17 17:30:00+00:00,67.33999633789062,67.38999938964844,67.28500366210938,67.29000091552734,106922
2025-12-17 17:45:00+00:00,67.29000091552734,67.31549835205078,67.19999694824219,67.30999755859375,137553
2025-12-17 18:00:00+00:00,67.30999755859375,67.37000274658203,67.27999877929688,67.30000305175781,80435
2025-12-17 18:15:00+00:00,67.30999755859375,67.4000015258789,67.30000305175781,67.37999725341797,96112
2025-12-17 18:30:00+00:00,67.37000274658203,67.42009735107422,67.31500244140625,67.33999633789062,99756
2025-12-17 18:45:00+00:00,67.36000061035156,67.36499786376953,67.16000366210938,67.18499755859375,169702
2025-12-17 19:00:00+00:00,67.18000030517578,67.26750183105469,67.16500091552734,67.2300033569336,119068
2025-12-17 19:15:00+00:00,67.2300033569336,67.30000305175781,67.05999755859375,67.08999633789062,255129
2025-12-17 19:30:00+00:00,67.08999633789062,67.2656021118164,67.05000305175781,67.25990295410156,142175
2025-12-17 19:45:00+00:00,67.25910186767578,67.33000183105469,67.2249984741211,67.30500030517578,77614
2025-12-17 20:00:00+00:00,67.30000305175781,67.56999969482422,67.29000091552734,67.56500244140625,181251
2025-12-17 20:15:00+00:00,67.56710052490234,67.72000122070312,67.56710052490234,67.72000122070312,179888
2025-12-17 20:30:00+00:00,67.7300033569336,67.95999908447266,67.70999908447266,67.95999908447266,232149
2025-12-17 20:45:00+00:00,67.95999908447266,68.05999755859375,67.8949966430664,67.97000122070312,677487
2025-12-18 14:30:00+00:00,67.7699966430664,67.7699966430664,67.4800033569336,67.52999877929688,428566
2025-12-18 14:45:00+00:00,67.54000091552734,67.80000305175781,67.51000213623047,67.77999877929688,195629
2025-12-18 15:00:00+00:00,67.79000091552734,67.83999633789062,67.50499725341797,67.625,166368
2025-12-18 15:15:00+00:00,67.62999725341797,67.73999786376953,67.56999969482422,67.7300033569336,163859
2025-12-18 15:30:00+00:00,67.7300033569336,67.80000305175781,67.56500244140625,67.62999725341797,179231
2025-12-18 15:45:00+00:00,67.63999938964844,67.7300033569336,67.5999984741211,67.61000061035156,193176
2025-12-18 16:00:00+00:00,67.5999984741211,67.7699966430664,67.56999969482422,67.72000122070312,238159
2025-12-18 16:15:00+00:00,67.72000122070312,67.79000091552734,67.55999755859375,67.7300033569336,237884
2025-12-18 16:30:00+00:00,67.73999786376953,67.93879699707031,67.69000244140625,67.76000213623047,178273
2025-12-18 16:45:00+00:00,67.76000213623047,67.76499938964844,67.5,67.62999725341797,228632
2025-12-18 17:00:00+00:00,67.62999725341797,67.83799743652344,67.56999969482422,67.68000030517578,236368
2025-12-18 17:15:00+00:00,67.68000030517578,67.73999786376953,67.5999984741211,67.61000061035156,200855
2025-12-18 17:30:00+00:00,67.5999984741211,67.75,67.5999984741211,67.68000030517578,96862
2025-12-18 17:45:00+00:00,67.67500305175781,67.68000030517578,67.5199966430664,67.55999755859375,97378
2025-12-18 18:00:00+00:00,67.55069732666016,67.62999725341797,67.5199966430664,67.52999877929688,91662
2025-12-18 18:15:00+00:00,67.54000091552734,67.64299774169922,67.54000091552734,67.56999969482422,137670
2025-12-18 18:30:00+00:00,67.56999969482422,67.59500122070312,67.4800033569336,67.48999786376953,126825
2025-12-18 18:45:00+00:00,67.48999786376953,67.54000091552734,67.4000015258789,67.45999908447266,194480
2025-12-18 19:00:00+00:00,67.45999908447266,67.4999008178711,67.33000183105469,67.41999816894531,205756
2025-12-18 19:15:00+00:00,67.41999816894531,67.48999786376953,67.26000213623047,67.2699966430664,287463
2025-12-18 19:30:00+00:00,67.2699966430664,67.31999969482422,67.18000030517578,67.19999694824219,121203
2025-12-18 19:45:00+00:00,67.19999694824219,67.20999908447266,67.09500122070312,67.125,134936
2025-12-18 20:00:00+00:00,67.12000274658203,67.23650360107422,67.12000274658203,67.23650360107422,113009
2025-12-18 20:15:00+00:00,67.23500061035156,67.23999786376953,67.18000030517578,67.19499969482422,158591
2025-12-18 20:30:00+00:00,67.19000244140625,67.2300033569336,67.18499755859375,67.19000244140625,110152
2025-12-18 20:45:00+00:00,67.19000244140625,67.23999786376953,67.16999816894531,67.19000244140625,162374
2025-12-19 14:30:00+00:00,67.73999786376953,67.9749984741211,67.69999694824219,67.97000122070312,327123
2025-12-19 14:45:00+00:00,67.9800033569336,67.9800033569336,67.76499938964844,67.86000061035156,207613
2025-12-19 15:00:00+00:00,67.87999725341797,67.93000030517578,67.7300033569336,67.8499984741211,146051
2025-12-19 15:15:00+00:00,67.8550033569336,67.8550033569336,67.61499786376953,67.7300033569336,141975
2025-12-19 15:30:00+00:00,67.7300033569336,67.7300033569336,67.5250015258789,67.56999969482422,170006
2025-12-19 15:45:00+00:00,67.58000183105469,67.6050033569336,67.43499755859375,67.54000091552734,162902
2025-12-19 16:00:00+00:00,67.54000091552734,67.70500183105469,67.53500366210938,67.63999938964844,166314
2025-12-19 16:15:00+00:00,67.63999938964844,67.8499984741211,67.62000274658203,67.81999969482422,198982
2025-12-19 16:30:00+00:00,67.83000183105469,67.9749984741211,67.77999877929688,67.87999725341797,211226
2025-12-19 16:45:00+00:00,67.87999725341797,67.91999816894531,67.81500244140625,67.86000061035156,161326
2025-12-19 17:00:00+00:00,67.86000061035156,67.93000030517578,67.7699966430664,67.78500366210938,121004
2025-12-19 17:15:00+00:00,67.77999877929688,67.93000030517578,67.76000213623047,67.91000366210938,116988
2025-12-19 17:30:00+00:00,67.91000366210938,67.91999816894531,67.81999969482422,67.81999969482422,70316
2025-12-19 17:45:00+00:00,67.83000183105469,67.94000244140625,67.80000305175781,67.9000015258789,95063
2025-12-19 18:00:00+00:00,67.9000015258789,68.16000366210938,67.86000061035156,68.08000183105469,164410
2025-12-19 18:15:00+00:00,68.06999969482422,68.11000061035156,68.0,68.01499938964844,95724
2025-12-19 18:30:00+00:00,68.01499938964844,68.19999694824219,67.93000030517578,68.16000366210938,164330
2025-12-19 18:45:00+00:00,68.16000366210938,68.16000366210938,68.08000183105469,68.12000274658203,139426
2025-12-19 19:00:00+00:00,68.11000061035156,68.11000061035156,67.83499908447266,67.95999908447266,188437
2025-12-19 19:15:00+00:00,67.9800033569336,68.01000213623047,67.91000366210938,67.97000122070312,298664
2025-12-19 19:30:00+00:00,67.97000122070312,68.0344009399414,67.94000244140625,68.0199966430664,55470
2025-12-19 19:45:00+00:00,68.01000213623047,68.01000213623047,67.94999694824219,67.95500183105469,56826
2025-12-19 20:00:00+00:00,67.94999694824219,67.9800033569336,67.87999725341797,67.87999725341797,171578
2025-12-19 20:15:00+00:00,67.88500213623047,67.98999786376953,67.87999725341797,67.98999786376953,67104
2025-12-19 20:30:00+00:00,67.98999786376953,68.12999725341797,67.9800033569336,68.06999969482422,88511
2025-12-19 20:45:00+00:00,68.07060241699219,68.07499694824219,67.99500274658203,68.0199966430664,146403
2025-12-22 14:30:00+00:00,69.55999755859375,69.7300033569336,69.52999877929688,69.54000091552734,597057
2025-12-22 14:45:00+00:00,69.54499816894531,69.62000274658203,69.33999633789062,69.4800033569336,372070
2025-12-22 15:00:00+00:00,69.4800033569336,69.55000305175781,69.38999938964844,69.55000305175781,180084
2025-12-22 15:15:00+00:00,69.55000305175781,69.73999786376953,69.54000091552734,69.69000244140625,264562
2025-12-22 15:30:00+00:00,69.69000244140625,69.69000244140625,69.37999725341797,69.45500183105469,163749
2025-12-22 15:45:00+00:00,69.45999908447266,69.45999908447266,69.2699966430664,69.2699966430664,252645
2025-12-22 16:00:00+00:00,69.27999877929688,69.375,69.22000122070312,69.34500122070312,175483
2025-12-22 16:15:00+00:00,69.33999633789062,69.44000244140625,69.29000091552734,69.37000274658203,175773
2025-12-22 16:30:00+00:00,69.37000274658203,69.52999877929688,69.37000274658203,69.4000015258789,235166
2025-12-22 16:45:00+00:00,69.4000015258789,69.58999633789062,69.37999725341797,69.5,184761
2025-12-22 17:00:00+00:00,69.5,69.62000274658203,69.5,69.62000274658203,126203
2025-12-22 17:15:00+00:00,69.62000274658203,69.62999725341797,69.4800033569336,69.55500030517578,90271
2025-12-22 17:30:00+00:00,69.55000305175781,69.65499877929688,69.55000305175781,69.61009979248047,132605
2025-12-22 17:45:00+00:00,69.62000274658203,69.68000030517578,69.4800033569336,69.5,111384
2025-12-22 18:00:00+00:00,69.5199966430664,69.66500091552734,69.51000213623047,69.66000366210938,75725
2025-12-22 18:15:00+00:00,69.65899658203125,69.68000030517578,69.5999984741211,69.62000274658203,100902
2025-12-22 18:30:00+00:00,69.625,69.70999908447266,69.55999755859375,69.63999938964844,96969
2025-12-22 18:45:00+00:00,69.63999938964844,69.69999694824219,69.61000061035156,69.63999938964844,78527
2025-12-22 19:00:00+00:00,69.62999725341797,69.66999816894531,69.56999969482422,69.6500015258789,119759
2025-12-22 19:15:00+00:00,69.63999938964844,69.80500030517578,69.63140106201172,69.77999877929688,208667
2025-12-22 19:30:00+00:00,69.79000091552734,69.80000305175781,69.69999694824219,69.69999694824219,84968
2025-12-22 19:45:00+00:00,69.70500183105469,69.80500030517578,69.69999694824219,69.78500366210938,69668
2025-12-22 20:00:00+00:00,69.79000091552734,69.81999969482422,69.7750015258789,69.80500030517578,65659
2025-12-22 20:15:00+00:00,69.80000305175781,69.81600189208984,69.7750015258789,69.77999877929688,58651
2025-12-22 20:30:00+00:00,69.77999877929688,69.8499984741211,69.7750015258789,69.79000091552734,95731
2025-12-22 20:45:00+00:00,69.79000091552734,69.79499816894531,69.7300033569336,69.73999786376953,216561
2025-12-23 14:30:00+00:00,69.62000274658203,69.76000213623047,69.44999694824219,69.5250015258789,292250
2025-12-23 14:45:00+00:00,69.5250015258789,69.5999984741211,69.5,69.5,199310
2025-12-23 15:00:00+00:00,69.51000213623047,69.61499786376953,69.45500183105469,69.5999984741211,169868
2025-12-23 15:15:00+00:00,69.61499786376953,69.70500183105469,69.55999755859375,69.60929870605469,120902
2025-12-23 15:30:00+00:00,69.61000061035156,69.68000030517578,69.54499816894531,69.6500015258789,90651
2025-12-23 15:45:00+00:00,69.62000274658203,69.66999816894531,69.5,69.5,72802
2025-12-23 16:00:00+00:00,69.48999786376953,69.75389862060547,69.44999694824219,69.7249984741211,89938
2025-12-23 16:15:00+00:00,69.72000122070312,69.91999816894531,69.70999908447266,69.87000274658203,140271
2025-12-23 16:30:00+00:00,69.87000274658203,69.9800033569336,69.83000183105469,69.9000015258789,231175
2025-12-23 16:45:00+00:00,69.9000015258789,69.93000030517578,69.81999969482422,69.83999633789062,147378
2025-12-23 17:00:00+00:00,69.84500122070312,69.99500274658203,69.81999969482422,69.9800033569336,133197
2025-12-23 17:15:00+00:00,69.9800033569336,70.0250015258789,69.92500305175781,69.93930053710938,108171
2025-12-23 17:30:00+00:00,69.93000030517578,69.95500183105469,69.91000366210938,69.94999694824219,49645
2025-12-23 17:45:00+00:00,69.94999694824219,70.08000183105469,69.94000244140625,70.03990173339844,82648
2025-12-23 18:00:00+00:00,70.04000091552734,70.08999633789062,70.0199966430664,70.07499694824219,59749
2025-12-23 18:15:00+00:00,70.07499694824219,70.19000244140625,70.05999755859375,70.12740325927734,82226
2025-12-23 18:30:00+00:00,70.12999725341797,70.18000030517578,70.12000274658203,70.17990112304688,68414
2025-12-23 18:45:00+00:00,70.18000030517578,70.23999786376953,70.1447982788086,70.1500015258789,113649
2025-12-23 19:00:00+00:00,70.1500015258789,70.22000122070312,70.12999725341797,70.19000244140625,100357
2025-12-23 19:15:00+00:00,70.19000244140625,70.25,70.13999938964844,70.22000122070312,214018
2025-12-23 19:30:00+00:00,70.22000122070312,70.32250213623047,70.19000244140625,70.20999908447266,122818
2025-12-23 19:45:00+00:00,70.22000122070312,70.30500030517578,70.22000122070312,70.29000091552734,59448
2025-12-23 20:00:00+00:00,70.29000091552734,70.36000061035156,70.2750015258789,70.34500122070312,84611
2025-12-23 20:15:00+00:00,70.3499984741211,70.36000061035156,70.29000091552734,70.29000091552734,61715
2025-12-23 20:30:00+00:00,70.29499816894531,70.30999755859375,70.25499725341797,70.28500366210938,65939
2025-12-23 20:45:00+00:00,70.29000091552734,70.33000183105469,70.26170349121094,70.28500366210938,162441
2025-12-24 14:30:00+00:00,70.5199966430664,70.58000183105469,70.38999938964844,70.54000091552734,201674
2025-12-24 14:45:00+00:00,70.55500030517578,70.56999969482422,70.41000366210938,70.43499755859375,182282
2025-12-24 15:00:00+00:00,70.41999816894531,70.51499938964844,70.37999725341797,70.42500305175781,132811
2025-12-24 15:15:00+00:00,70.43000030517578,70.44999694824219,70.20999908447266,70.2699966430664,183415
2025-12-24 15:30:00+00:00,70.2750015258789,70.27999877929688,69.9800033569336,70.0199966430664,140501
2025-12-24 15:45:00+00:00,70.0199966430664,70.06990051269531,69.94000244140625,70.0199966430664,95324
2025-12-24 16:00:00+00:00,70.01000213623047,70.18000030517578,69.9749984741211,70.13500213623047,102968
2025-12-24 16:15:00+00:00,70.1500015258789,70.2300033569336,70.1500015258789,70.19999694824219,94704
2025-12-24 16:30:00+00:00,70.19999694824219,70.19999694824219,70.05999755859375,70.0999984741211,112369
2025-12-24 16:45:00+00:00,70.08999633789062,70.30000305175781,70.08000183105469,70.26000213623047,64047
2025-12-24 17:00:00+00:00,70.2699966430664,70.44000244140625,70.2699966430664,70.37999725341797,56884
2025-12-24 17:15:00+00:00,70.38500213623047,70.41999816894531,70.29000091552734,70.31500244140625,47378
2025-12-24 17:30:00+00:00,70.33999633789062,70.36000061035156,70.17900085449219,70.22000122070312,75446
2025-12-24 17:45:00+00:00,70.2300033569336,70.26000213623047,70.2249984741211,70.26000213623047,3070
2025-12-26 14:30:00+00:00,69.66000366210938,69.76000213623047,69.56999969482422,69.66999816894531,260881
2025-12-26 14:45:00+00:00,69.66999816894531,69.69000244140625,69.45999908447266,69.61499786376953,135479
2025-12-26 15:00:00+00:00,69.61000061035156,69.62000274658203,69.49430084228516,69.55500030517578,132272
2025-12-26 15:15:00+00:00,69.55999755859375,69.55999755859375,69.4000015258789,69.44000244140625,175287
2025-12-26 15:30:00+00:00,69.44000244140625,69.44000244140625,69.26000213623047,69.31500244140625,174290
2025-12-26 15:45:00+00:00,69.30999755859375,69.37999725341797,69.0250015258789,69.08999633789062,226774
2025-12-26 16:00:00+00:00,69.08000183105469,69.0999984741211,68.98999786376953,69.06999969482422,168213
2025-12-26 16:15:00+00:00,69.05999755859375,69.12000274658203,68.94000244140625,69.0,155272
2025-12-26 16:30:00+00:00,69.0,69.01499938964844,68.86900329589844,68.9800033569336,174627
2025-12-26 16:45:00+00:00,68.98390197753906,68.98390197753906,68.82009887695312,68.88500213623047,132641
2025-12-26 17:00:00+00:00,68.87000274658203,68.9800033569336,68.86000061035156,68.95500183105469,99125
2025-12-26 17:15:00+00:00,68.95999908447266,68.95999908447266,68.79000091552734,68.80000305175781,110059
2025-12-26 17:30:00+00:00,68.79000091552734,68.8499984741211,68.75499725341797,68.84400177001953,106591
2025-12-26 17:45:00+00:00,68.86000061035156,68.88999938964844,68.81999969482422,68.86000061035156,82581
2025-12-26 18:00:00+00:00,68.8499984741211,68.93000030517578,68.83000183105469,68.86000061035156,77160
2025-12-26 18:15:00+00:00,68.87000274658203,68.88999938964844,68.77999877929688,68.79989624023438,79020
2025-12-26 18:30:00+00:00,68.80000305175781,68.87999725341797,68.79000091552734,68.82499694824219,98998
2025-12-26 18:45:00+00:00,68.81500244140625,68.81500244140625,68.5999984741211,68.61000061035156,207132
2025-12-26 19:00:00+00:00,68.62000274658203,68.69000244140625,68.61000061035156,68.61000061035156,135908
2025-12-26 19:15:00+00:00,68.61000061035156,68.61000061035156,68.19999694824219,68.21949768066406,432596
2025-12-26 19:30:00+00:00,68.20999908447266,68.30000305175781,68.17500305175781,68.27999877929688,176247
2025-12-26 19:45:00+00:00,68.27999877929688,68.30000305175781,68.20999908447266,68.27999877929688,109173
2025-12-26 20:00:00+00:00,68.2750015258789,68.3499984741211,68.25,68.31999969482422,95789
2025-12-26 20:15:00+00:00,68.3291015625,68.37999725341797,68.29499816894531,68.33499908447266,73624
2025-12-26 20:30:00+00:00,68.33499908447266,68.41999816894531,68.33000183105469,68.41000366210938,131735
2025-12-26 20:45:00+00:00,68.41000366210938,68.5,68.3949966430664,68.47000122070312,338625
2025-12-29 14:30:00+00:00,69.8499984741211,70.12010192871094,69.72000122070312,69.97000122070312,421697
2025-12-29 14:45:00+00:00,69.96499633789062,70.0,69.88999938964844,69.93000030517578,121629
2025-12-29 15:00:00+00:00,69.91999816894531,69.9800033569336,69.8499984741211,69.94059753417969,138452
2025-12-29 15:15:00+00:00,69.94200134277344,70.02999877929688,69.88999938964844,69.90499877929688,118915
2025-12-29 15:30:00+00:00,69.91999816894531,70.05999755859375,69.9000015258789,70.0,96057
2025-12-29 15:45:00+00:00,69.99559783935547,70.08999633789062,69.96499633789062,70.05000305175781,71259
2025-12-29 16:00:00+00:00,70.06500244140625,70.0999984741211,69.86000061035156,70.0999984741211,81849
2025-12-29 16:15:00+00:00,70.12000274658203,70.12999725341797,69.83999633789062,69.87000274658203,174585
2025-12-29 16:30:00+00:00,69.87000274658203,70.0,69.82499694824219,69.875,144063
2025-12-29 16:45:00+00:00,69.87999725341797,69.91000366210938,69.80000305175781,69.80509948730469,62467
2025-12-29 17:00:00+00:00,69.80000305175781,69.91000366210938,69.79000091552734,69.91000366210938,31831
2025-12-29 17:15:00+00:00,69.9000015258789,70.02999877929688,69.88500213623047,69.95999908447266,50627
2025-12-29 17:30:00+00:00,69.97000122070312,69.98999786376953,69.80999755859375,69.80999755859375,47447
2025-12-29 17:45:00+00:00,69.80999755859375,69.86000061035156,69.77999877929688,69.80999755859375,39012
2025-12-29 18:00:00+00:00,69.81500244140625,69.83999633789062,69.61000061035156,69.69000244140625,53071
2025-12-29 18:15:00+00:00,69.68000030517578,69.73999786376953,69.56999969482422,69.70590209960938,154405
2025-12-29 18:30:00+00:00,69.7300033569336,69.87000274658203,69.7300033569336,69.73999786376953,134644
2025-12-29 18:45:00+00:00,69.75,69.7699966430664,69.66999816894531,69.70999908447266,52976
2025-12-29 19:00:00+00:00,69.70999908447266,69.87999725341797,69.67500305175781,69.86000061035156,52565
2025-12-29 19:15:00+00:00,69.86000061035156,69.91999816894531,69.76000213623047,69.88999938964844,67803
2025-12-29 19:30:00+00:00,69.9000015258789,70.01020050048828,69.87000274658203,69.9000015258789,65700
2025-12-29 19:45:00+00:00,69.91000366210938,69.93000030517578,69.83000183105469,69.84500122070312,25007
2025-12-29 20:00:00+00:00,69.83999633789062,69.83999633789062,69.79499816894531,69.80000305175781,17068
2025-12-29 20:15:00+00:00,69.79000091552734,69.79000091552734,69.72000122070312,69.72000122070312,64226
2025-12-29 20:30:00+00:00,69.71499633789062,69.74500274658203,69.67500305175781,69.67500305175781,96683
2025-12-29 20:45:00+00:00,69.67500305175781,69.70999908447266,69.57499694824219,69.61000061035156,218643
2025-12-30 14:30:00+00:00,70.27999877929688,70.31999969482422,70.1802978515625,70.20999908447266,199242
2025-12-30 14:45:00+00:00,70.2300033569336,70.32499694824219,70.22000122070312,70.25,119792
2025-12-30 15:00:00+00:00,70.25,70.27999877929688,70.18000030517578,70.25,223689
2025-12-30 15:15:00+00:00,70.25499725341797,70.31500244140625,70.16000366210938,70.18000030517578,84932
2025-12-30 15:30:00+00:00,70.19400024414062,70.23999786376953,70.16999816894531,70.20999908447266,72782
2025-12-30 15:45:00+00:00,70.2134017944336,70.2300033569336,70.0999984741211,70.16000366210938,106718
2025-12-30 16:00:00+00:00,70.16000366210938,70.22000122070312,70.08999633789062,70.0999984741211,107101
2025-12-30 16:15:00+00:00,70.12000274658203,70.16500091552734,69.83999633789062,69.8499984741211,169883
2025-12-30 16:30:00+00:00,69.84500122070312,69.98999786376953,69.80999755859375,69.97000122070312,145032
2025-12-30 16:45:00+00:00,69.9800033569336,69.9800033569336,69.87000274658203,69.87999725341797,80072
2025-12-30 17:00:00+00:00,69.87000274658203,69.95999908447266,69.81999969482422,69.87999725341797,105969
2025-12-30 17:15:00+00:00,69.87999725341797,69.87999725341797,69.7699966430664,69.83000183105469,60001
2025-12-30 17:30:00+00:00,69.83000183105469,69.86000061035156,69.72000122070312,69.75,62736
2025-12-30 17:45:00+00:00,69.75,69.80999755859375,69.73999786376953,69.80999755859375,67018
2025-12-30 18:00:00+00:00,69.80000305175781,69.83000183105469,69.73999786376953,69.77999877929688,45453
2025-12-30 18:15:00+00:00,69.79000091552734,69.86000061035156,69.79000091552734,69.81999969482422,43717
2025-12-30 18:30:00+00:00,69.81999969482422,69.87000274658203,69.80999755859375,69.83000183105469,53342
2025-12-30 18:45:00+00:00,69.83499908447266,69.86000061035156,69.77999877929688,69.80000305175781,43778
2025-12-30 19:00:00+00:00,69.80999755859375,69.80999755859375,69.75,69.7699966430664,45419
2025-12-30 19:15:00+00:00,69.7699966430664,69.79000091552734,69.66110229492188,69.72000122070312,152551
2025-12-30 19:30:00+00:00,69.70999908447266,69.81999969482422,69.69000244140625,69.81999969482422,72571
2025-12-30 19:45:00+00:00,69.83000183105469,69.83000183105469,69.69999694824219,69.71499633789062,32806
2025-12-30 20:00:00+00:00,69.72000122070312,69.72000122070312,69.69000244140625,69.7042007446289,30280
2025-12-30 20:15:00+00:00,69.70999908447266,69.7499008178711,69.66000366210938,69.66000366210938,40254
2025-12-30 20:30:00+00:00,69.66500091552734,69.75,69.6500015258789,69.73999786376953,57133
2025-12-30 20:45:00+00:00,69.74500274658203,69.7750015258789,69.70999908447266,69.7249984741211,88409
2025-12-31 14:30:00+00:00,70.19999694824219,70.26000213623047,70.04000091552734,70.05000305175781,166190
2025-12-31 14:45:00+00:00,70.06999969482422,70.19000244140625,70.0,70.0999984741211,82583
2025-12-31 15:00:00+00:00,70.0999984741211,70.25499725341797,70.08999633789062,70.16999816894531,86694
2025-12-31 15:15:00+00:00,70.16999816894531,70.16999816894531,69.91000366210938,69.92500305175781,73237
2025-12-31 15:30:00+00:00,69.91000366210938,69.93000030517578,69.68000030517578,69.83499908447266,121735
2025-12-31 15:45:00+00:00,69.83999633789062,69.91000366210938,69.61000061035156,69.61000061035156,114155
2025-12-31 16:00:00+00:00,69.5999984741211,69.87999725341797,69.55000305175781,69.70999908447266,120790
2025-12-31 16:15:00+00:00,69.72000122070312,69.7699966430664,69.63999938964844,69.66000366210938,59531
2025-12-31 16:30:00+00:00,69.66000366210938,69.69999694824219,69.52130126953125,69.55999755859375,76868
2025-12-31 16:45:00+00:00,69.55999755859375,69.63999938964844,69.48999786376953,69.62999725341797,56572
2025-12-31 17:00:00+00:00,69.62999725341797,69.68000030517578,69.62999725341797,69.63999938964844,49473
2025-12-31 17:15:00+00:00,69.62999725341797,69.66000366210938,69.5999984741211,69.63999938964844,46020
2025-12-31 17:30:00+00:00,69.62999725341797,69.63999938964844,69.57499694824219,69.57499694824219,39477
2025-12-31 17:45:00+00:00,69.56999969482422,69.56999969482422,69.4800033569336,69.49500274658203,39941
2025-12-31 18:00:00+00:00,69.5,69.52999877929688,69.25,69.31999969482422,113029
2025-12-31 18:15:00+00:00,69.33000183105469,69.41390228271484,69.19000244140625,69.20999908447266,86656
2025-12-31 18:30:00+00:00,69.21499633789062,69.29000091552734,69.1500015258789,69.23999786376953,69670
2025-12-31 18:45:00+00:00,69.23999786376953,69.36000061035156,69.23999786376953,69.27999877929688,49666
2025-12-31 19:00:00+00:00,69.29000091552734,69.33499908447266,69.19999694824219,69.22000122070312,62053
2025-12-31 19:15:00+00:00,69.2300033569336,69.2300033569336,69.06999969482422,69.08499908447266,142274
2025-12-31 19:30:00+00:00,69.0999984741211,69.11000061035156,68.8499984741211,68.9800033569336,141506
2025-12-31 19:45:00+00:00,68.98999786376953,69.18000030517578,68.95999908447266,69.16999816894531,74069
2025-12-31 20:00:00+00:00,69.16500091552734,69.17500305175781,69.12999725341797,69.16000366210938,20640
2025-12-31 20:15:00+00:00,69.1500015258789,69.16570281982422,69.12000274658203,69.1500015258789,27269
2025-12-31 20:30:00+00:00,69.16000366210938,69.17500305175781,69.1449966430664,69.15499877929688,29324
2025-12-31 20:45:00+00:00,69.15499877929688,69.18499755859375,69.0999984741211,69.12999725341797,164937
2026-01-02 14:30:00+00:00,68.43000030517578,68.5199966430664,68.16999816894531,68.23970031738281,337722
2026-01-02 14:45:00+00:00,68.26000213623047,68.30000305175781,68.16999816894531,68.24500274658203,160125
2026-01-02 15:00:00+00:00,68.25,68.4000015258789,68.22139739990234,68.30000305175781,122702
2026-01-02 15:15:00+00:00,68.27999877929688,68.37999725341797,68.1500015258789,68.28500366210938,140568
2026-01-02 15:30:00+00:00,68.26000213623047,68.44999694824219,68.2300033569336,68.44999694824219,204945
2026-01-02 15:45:00+00:00,68.44999694824219,68.5999984741211,68.25,68.33999633789062,234613
2026-01-02 16:00:00+00:00,68.33000183105469,68.4800033569336,68.29000091552734,68.47930145263672,198071
2026-01-02 16:15:00+00:00,68.47000122070312,68.52069854736328,68.20999908447266,68.2300033569336,207738
2026-01-02 16:30:00+00:00,68.23999786376953,68.41999816894531,68.16000366210938,68.41000366210938,187399
2026-01-02 16:45:00+00:00,68.40450286865234,68.41999816894531,68.26000213623047,68.33999633789062,121428
2026-01-02 17:00:00+00:00,68.3499984741211,68.55000305175781,68.31999969482422,68.51000213623047,116326
2026-01-02 17:15:00+00:00,68.5199966430664,68.7699966430664,68.5199966430664,68.76390075683594,140210
2026-01-02 17:30:00+00:00,68.76000213623047,68.81999969482422,68.48999786376953,68.55000305175781,138855
2026-01-02 17:45:00+00:00,68.56999969482422,68.6500015258789,68.48999786376953,68.58999633789062,76319
2026-01-02 18:00:00+00:00,68.5999984741211,68.66999816894531,68.52999877929688,68.65499877929688,71975
2026-01-02 18:15:00+00:00,68.63999938964844,68.69999694824219,68.5999984741211,68.5999984741211,87985
2026-01-02 18:30:00+00:00,68.5999984741211,68.77559661865234,68.5999984741211,68.7750015258789,88749
2026-01-02 18:45:00+00:00,68.77189636230469,68.875,68.72000122070312,68.83000183105469,98434
2026-01-02 19:00:00+00:00,68.81999969482422,69.1449966430664,68.81999969482422,69.12999725341797,168698
2026-01-02 19:15:00+00:00,69.12999725341797,69.13999938964844,68.97000122070312,69.04000091552734,357752
2026-01-02 19:30:00+00:00,69.02999877929688,69.08499908447266,68.9749984741211,69.04000091552734,223735
2026-01-02 19:45:00+00:00,69.03459930419922,69.03459930419922,68.9000015258789,68.91999816894531,49842
2026-01-02 20:00:00+00:00,68.91999816894531,68.97000122070312,68.91500091552734,68.96499633789062,341914
2026-01-02 20:15:00+00:00,68.9749984741211,68.99500274658203,68.94000244140625,68.9800033569336,64767
2026-01-02 20:30:00+00:00,68.9800033569336,69.01000213623047,68.93000030517578,68.94999694824219,679805
2026-01-02 20:45:00+00:00,68.94999694824219,68.97000122070312,68.875,68.95500183105469,352076
2026-01-05 14:30:00+00:00,69.7300033569336,70.0250015258789,69.7300033569336,69.87999725341797,882593
2026-01-05 14:45:00+00:00,69.87999725341797,69.94999694824219,69.75990295410156,69.76000213623047,204181
2026-01-05 15:00:00+00:00,69.7699966430664,69.80000305175781,69.2300033569336,69.385498046875,380190
2026-01-05 15:15:00+00:00,69.40499877929688,69.75,69.4000015258789,69.66000366210938,201182
2026-01-05 15:30:00+00:00,69.66000366210938,70.12999725341797,69.66000366210938,70.0999984741211,257048
2026-01-05 15:45:00+00:00,70.0999984741211,70.4000015258789,70.05999755859375,70.30010223388672,306902
2026-01-05 16:00:00+00:00,70.30000305175781,70.30000305175781,70.05000305175781,70.23500061035156,256989
2026-01-05 16:15:00+00:00,70.23999786376953,70.26000213623047,70.0,70.0,128732
2026-01-05 16:30:00+00:00,70.0,70.08000183105469,69.7300033569336,69.73999786376953,358976
2026-01-05 16:45:00+00:00,69.73500061035156,69.98999786376953,69.66999816894531,69.94000244140625,197334
2026-01-05 17:00:00+00:00,69.94000244140625,70.13999938964844,69.93000030517578,70.11000061035156,128948
2026-01-05 17:15:00+00:00,70.11000061035156,70.16999816894531,70.02999877929688,70.13500213623047,105491
2026-01-05 17:30:00+00:00,70.13500213623047,70.19999694824219,70.05000305175781,70.1500015258789,137833
2026-01-05 17:45:00+00:00,70.13999938964844,70.19000244140625,70.06500244140625,70.16000366210938,111684
2026-01-05 18:00:00+00:00,70.18000030517578,70.18000030517578,70.08000183105469,70.13999938964844,67488
2026-01-05 18:15:00+00:00,70.13999938964844,70.22000122070312,70.12999725341797,70.19999694824219,87277
2026-01-05 18:30:00+00:00,70.19550323486328,70.30000305175781,70.0999984741211,70.12999725341797,101261
2026-01-05 18:45:00+00:00,70.12999725341797,70.19499969482422,70.11499786376953,70.13999938964844,117399
2026-01-05 19:00:00+00:00,70.13999938964844,70.19000244140625,70.02999877929688,70.1500015258789,80907
2026-01-05 19:15:00+00:00,70.1500015258789,70.22000122070312,70.0999984741211,70.16999816894531,121641
2026-01-05 19:30:00+00:00,70.18000030517578,70.2699966430664,70.16000366210938,70.18499755859375,105608
2026-01-05 19:45:00+00:00,70.16999816894531,70.19999694824219,70.13999938964844,70.16000366210938,68555
2026-01-05 20:00:00+00:00,70.16000366210938,70.2300033569336,70.16000366210938,70.2249984741211,43795
2026-01-05 20:15:00+00:00,70.22000122070312,70.29000091552734,70.22000122070312,70.2699966430664,164210
2026-01-05 20:30:00+00:00,70.2699966430664,70.2699966430664,70.18000030517578,70.19999694824219,40986
2026-01-05 20:45:00+00:00,70.19499969482422,70.27999877929688,70.19000244140625,70.2249984741211,232344
2026-01-06 14:30:00+00:00,70.6500015258789,70.73999786376953,70.56999969482422,70.62000274658203,458886
2026-01-06 14:45:00+00:00,70.61499786376953,70.6500015258789,69.93499755859375,69.97000122070312,313889
2026-01-06 15:00:00+00:00,69.95999908447266,69.98999786376953,69.51000213623047,69.625,387295
2026-01-06 15:15:00+00:00,69.61000061035156,70.08999633789062,69.5999984741211,69.98999786376953,234148
2026-01-06 15:30:00+00:00,69.9749984741211,70.33000183105469,69.93000030517578,70.31999969482422,248545
2026-01-06 15:45:00+00:00,70.30999755859375,70.30999755859375,69.97000122070312,69.98500061035156,128357
2026-01-06 16:00:00+00:00,69.9800033569336,70.12999725341797,69.81999969482422,69.94999694824219,183892
2026-01-06 16:15:00+00:00,69.94999694824219,69.95999908447266,69.79000091552734,69.8499984741211,178903
2026-01-06 16:30:00+00:00,69.93499755859375,69.9800033569336,69.80999755859375,69.87000274658203,125869
2026-01-06 16:45:00+00:00,69.88999938964844,69.91000366210938,69.76499938964844,69.77999877929688,163429
2026-01-06 17:00:00+00:00,69.77999877929688,69.79000091552734,69.58000183105469,69.58000183105469,140784
2026-01-06 17:15:00+00:00,69.58999633789062,69.5999984741211,69.51000213623047,69.53500366210938,99486
2026-01-06 17:30:00+00:00,69.52999877929688,69.54000091552734,69.33000183105469,69.36000061035156,116834
2026-01-06 17:45:00+00:00,69.3499984741211,69.44000244140625,69.3499984741211,69.37999725341797,109300
2026-01-06 18:00:00+00:00,69.37000274658203,69.45269775390625,69.3499984741211,69.41999816894531,74005
2026-01-06 18:15:00+00:00,69.41000366210938,69.44999694824219,69.3550033569336,69.3550033569336,100128
2026-01-06 18:30:00+00:00,69.3499984741211,69.35099792480469,69.20999908447266,69.25,120253
2026-01-06 18:45:00+00:00,69.25,69.26000213623047,69.18000030517578,69.18000030517578,58535
2026-01-06 19:00:00+00:00,69.05999755859375,69.06729888916016,68.83499908447266,68.83999633789062,224390
2026-01-06 19:15:00+00:00,68.7699966430664,68.88500213623047,68.7699966430664,68.79000091552734,464667
2026-01-06 19:30:00+00:00,68.79000091552734,68.80999755859375,68.6760025024414,68.6760025024414,172133
2026-01-06 19:45:00+00:00,68.68000030517578,68.70999908447266,68.58000183105469,68.58000183105469,133143
2026-01-06 20:00:00+00:00,68.56999969482422,68.62000274658203,68.52999877929688,68.53500366210938,172519
2026-01-06 20:15:00+00:00,68.53790283203125,68.54499816894531,68.47000122070312,68.51000213623047,93670
2026-01-06 20:30:00+00:00,68.59500122070312,68.68000030517578,68.59500122070312,68.6449966430664,233971
2026-01-06 20:45:00+00:00,68.66999816894531,68.68000030517578,68.55999755859375,68.55999755859375,258735
2026-01-07 14:30:00+00:00,68.23999786376953,68.310302734375,67.9000015258789,68.08499908447266,872584
2026-01-07 14:45:00+00:00,68.09500122070312,68.20999908447266,68.05999755859375,68.06999969482422,458051
2026-01-07 15:00:00+00:00,68.09500122070312,68.09500122070312,67.87999725341797,67.91999816894531,213643
2026-01-07 15:15:00+00:00,67.91000366210938,67.96499633789062,67.83999633789062,67.91339874267578,223139
2026-01-07 15:30:00+00:00,67.91000366210938,68.02999877929688,67.80000305175781,68.02999877929688,369837
2026-01-07 15:45:00+00:00,68.01000213623047,68.25,68.0,68.01000213623047,182918
2026-01-07 16:00:00+00:00,67.99479675292969,68.03600311279297,67.9000015258789,68.0199966430664,110760
2026-01-07 16:15:00+00:00,68.01000213623047,68.13999938964844,67.91000366210938,68.05999755859375,143906
2026-01-07 16:30:00+00:00,68.05999755859375,68.06999969482422,67.80999755859375,67.87000274658203,185434
2026-01-07 16:45:00+00:00,67.87999725341797,67.87999725341797,67.68499755859375,67.68779754638672,126300
2026-01-07 17:00:00+00:00,67.68000030517578,67.75,67.47000122070312,67.55500030517578,133049
2026-01-07 17:15:00+00:00,67.55999755859375,67.6500015258789,67.48999786376953,67.51000213623047,118358
2026-01-07 17:30:00+00:00,67.51000213623047,67.56999969482422,67.36499786376953,67.44999694824219,116617
2026-01-07 17:45:00+00:00,67.44999694824219,67.4800033569336,67.3499984741211,67.36000061035156,109632
2026-01-07 18:00:00+00:00,67.3550033569336,67.47000122070312,67.34500122070312,67.44999694824219,120565
2026-01-07 18:15:00+00:00,67.45999908447266,67.4800033569336,67.3949966430664,67.43000030517578,103328
2026-01-07 18:30:00+00:00,67.43000030517578,67.51000213623047,67.37000274658203,67.42440032958984,96558
2026-01-07 18:45:00+00:00,67.431396484375,67.5,67.41000366210938,67.48500061035156,307127
2026-01-07 19:00:00+00:00,67.48999786376953,67.58999633789062,67.48999786376953,67.48999786376953,122711
2026-01-07 19:15:00+00:00,67.48999786376953,67.55000305175781,67.47000122070312,67.5,139231
2026-01-07 19:30:00+00:00,67.49009704589844,67.77999877929688,67.48999786376953,67.70999908447266,91522
2026-01-07 19:45:00+00:00,67.72000122070312,67.86000061035156,67.70999908447266,67.7699966430664,93860
2026-01-07 20:00:00+00:00,67.7699966430664,67.82499694824219,67.66999816894531,67.71990203857422,85189
2026-01-07 20:15:00+00:00,67.72509765625,67.7300033569336,67.63999938964844,67.72450256347656,80264
2026-01-07 20:30:00+00:00,67.7300033569336,67.76000213623047,67.61000061035156,67.75499725341797,140474
2026-01-07 20:45:00+00:00,67.75969696044922,67.8550033569336,67.75969696044922,67.83000183105469,371083
2026-01-08 14:30:00+00:00,68.79000091552734,68.94999694824219,68.70999908447266,68.7699966430664,490740
2026-01-08 14:45:00+00:00,68.7750015258789,68.80000305175781,68.58999633789062,68.63999938964844,191184
2026-01-08 15:00:00+00:00,68.62999725341797,68.7300033569336,68.61000061035156,68.66999816894531,175381
2026-01-08 15:15:00+00:00,68.66999816894531,68.6760025024414,68.44999694824219,68.48999786376953,130286
2026-01-08 15:30:00+00:00,68.48999786376953,68.52999877929688,68.43499755859375,68.4800033569336,124751
2026-01-08 15:45:00+00:00,68.48999786376953,68.54000091552734,68.38999938964844,68.5199966430664,106548
2026-01-08 16:00:00+00:00,68.52999877929688,68.75,68.51000213623047,68.69999694824219,139272
2026-01-08 16:15:00+00:00,68.72000122070312,68.75,68.6500015258789,68.66999816894531,153019
2026-01-08 16:30:00+00:00,68.66000366210938,68.80999755859375,68.63999938964844,68.77999877929688,135704
2026-01-08 16:45:00+00:00,68.77999877929688,68.8499984741211,68.69000244140625,68.7699966430664,123012
2026-01-08 17:00:00+00:00,68.75,68.9000015258789,68.73999786376953,68.875,133157
2026-01-08 17:15:00+00:00,68.87000274658203,68.91000366210938,68.81999969482422,68.9000015258789,119394
2026-01-08 17:30:00+00:00,68.91000366210938,69.11000061035156,68.86499786376953,68.97000122070312,312264
2026-01-08 17:45:00+00:00,68.95999908447266,69.0199966430664,68.94999694824219,69.0199966430664,71525
2026-01-08 18:00:00+00:00,69.02999877929688,69.08999633789062,69.0,69.04499816894531,78505
2026-01-08 18:15:00+00:00,69.04000091552734,69.19000244140625,69.03500366210938,69.1500015258789,144582
2026-01-08 18:30:00+00:00,69.1500015258789,69.375,69.06999969482422,69.30999755859375,193953
2026-01-08 18:45:00+00:00,69.30999755859375,69.5,69.30999755859375,69.48999786376953,238279
2026-01-08 19:00:00+00:00,69.4800033569336,69.68000030517578,69.32499694824219,69.41999816894531,229166
2026-01-08 19:15:00+00:00,69.41999816894531,69.66000366210938,69.41999816894531,69.5999984741211,420939
2026-01-08 19:30:00+00:00,69.5999984741211,69.87999725341797,69.58000183105469,69.86000061035156,204497
2026-01-08 19:45:00+00:00,69.86499786376953,70.16500091552734,69.83999633789062,70.08460235595703,939405
2026-01-08 20:00:00+00:00,70.08999633789062,70.23999786376953,70.08999633789062,70.19000244140625,197247
2026-01-08 20:15:00+00:00,70.18499755859375,70.31999969482422,70.18000030517578,70.30000305175781,171405
2026-01-08 20:30:00+00:00,70.30000305175781,70.51499938964844,70.2699966430664,70.4800033569336,258590
2026-01-08 20:45:00+00:00,70.4800033569336,70.6500015258789,70.4749984741211,70.55000305175781,818812
2026-01-09 14:30:00+00:00,70.87999725341797,71.26000213623047,70.8499984741211,71.19000244140625,882860
2026-01-09 14:45:00+00:00,71.19000244140625,71.45500183105469,71.16000366210938,71.33999633789062,313651
2026-01-09 15:00:00+00:00,71.32499694824219,71.37999725341797,71.01000213623047,71.1500015258789,373344
2026-01-09 15:15:00+00:00,71.1500015258789,71.36000061035156,71.05999755859375,71.3499984741211,217322
2026-01-09 15:30:00+00:00,71.3499984741211,71.41999816894531,71.21499633789062,71.368896484375,197367
2026-01-09 15:45:00+00:00,71.36000061035156,71.66500091552734,71.31999969482422,71.5999984741211,232474
2026-01-09 16:00:00+00:00,71.58000183105469,71.63999938964844,71.41999816894531,71.5,237487
2026-01-09 16:15:00+00:00,71.5,71.66000366210938,71.37999725341797,71.62999725341797,238993
2026-01-09 16:30:00+00:00,71.62999725341797,71.7249984741211,71.62539672851562,71.66999816894531,170892
2026-01-09 16:45:00+00:00,71.68000030517578,71.94000244140625,71.68000030517578,71.91000366210938,176865
2026-01-09 17:00:00+00:00,71.91000366210938,71.91000366210938,71.69000244140625,71.75,168731
2026-01-09 17:15:00+00:00,71.75,71.7699966430664,71.44999694824219,71.44999694824219,177671
2026-01-09 17:30:00+00:00,71.44999694824219,71.5250015258789,71.38500213623047,71.41999816894531,116603
2026-01-09 17:45:00+00:00,71.4259033203125,71.48999786376953,71.3550033569336,71.45999908447266,170236
2026-01-09 18:00:00+00:00,71.47000122070312,71.47000122070312,71.19000244140625,71.2300033569336,155414
2026-01-09 18:15:00+00:00,71.22000122070312,71.40499877929688,71.16000366210938,71.33809661865234,126747
2026-01-09 18:30:00+00:00,71.33999633789062,71.44000244140625,71.33000183105469,71.44000244140625,83931
2026-01-09 18:45:00+00:00,71.43499755859375,71.54460144042969,71.4000015258789,71.5250015258789,277480
2026-01-09 19:00:00+00:00,71.51000213623047,71.52999877929688,71.37000274658203,71.44000244140625,140835
2026-01-09 19:15:00+00:00,71.43000030517578,71.47000122070312,71.0999984741211,71.1500015258789,245923
2026-01-09 19:30:00+00:00,71.1500015258789,71.20500183105469,71.06999969482422,71.0999984741211,157158
2026-01-09 19:45:00+00:00,71.0999984741211,71.12000274658203,71.0199966430664,71.0199966430664,126090
2026-01-09 20:00:00+00:00,71.01000213623047,71.08000183105469,70.97000122070312,71.05999755859375,80381
2026-01-09 20:15:00+00:00,71.05500030517578,71.05999755859375,70.95999908447266,71.01499938964844,63924
2026-01-09 20:30:00+00:00,71.01000213623047,71.06710052490234,70.86499786376953,70.875,206273
2026-01-09 20:45:00+00:00,70.88500213623047,70.94000244140625,70.7699966430664,70.77999877929688,445979
2026-01-12 14:30:00+00:00,70.95999908447266,70.95999908447266,70.68000030517578,70.69000244140625,390813
2026-01-12 14:45:00+00:00,70.66999816894531,70.7699966430664,70.46990203857422,70.72000122070312,301166
2026-01-12 15:00:00+00:00,70.72000122070312,70.9749984741211,70.72000122070312,70.94999694824219,166696
2026-01-12 15:15:00+00:00,70.95500183105469,71.13739776611328,70.7699966430664,71.0999984741211,233636
2026-01-12 15:30:00+00:00,71.0999984741211,71.29000091552734,71.05999755859375,71.12000274658203,189336
2026-01-12 15:45:00+00:00,71.11000061035156,71.19499969482422,71.04000091552734,71.16500091552734,174370
2026-01-12 16:00:00+00:00,71.16999816894531,71.55000305175781,71.02999877929688,71.41999816894531,649349
2026-01-12 16:15:00+00:00,71.41919708251953,71.5,71.19999694824219,71.19999694824219,234665
2026-01-12 16:30:00+00:00,71.20999908447266,71.41999816894531,71.20999908447266,71.29000091552734,138326
2026-01-12 16:45:00+00:00,71.29000091552734,71.33000183105469,70.98999786376953,71.08999633789062,159902
2026-01-12 17:00:00+00:00,71.08999633789062,71.2300033569336,71.0,71.16850280761719,124778
2026-01-12 17:15:00+00:00,71.16999816894531,71.20500183105469,71.0,71.08000183105469,93505
2026-01-12 17:30:00+00:00,71.08000183105469,71.30000305175781,71.04000091552734,71.30000305175781,82796
2026-01-12 17:45:00+00:00,71.29000091552734,71.38999938964844,71.2300033569336,71.33999633789062,92871
2026-01-12 18:00:00+00:00,71.33999633789062,71.3499984741211,71.0999984741211,71.16000366210938,181224
2026-01-12 18:15:00+00:00,71.16999816894531,71.30999755859375,71.13999938964844,71.22000122070312,142186
2026-01-12 18:30:00+00:00,71.2249984741211,71.23999786376953,71.05999755859375,71.09500122070312,75225
2026-01-12 18:45:00+00:00,71.11000061035156,71.2699966430664,71.11000061035156,71.16999816894531,96285
2026-01-12 19:00:00+00:00,71.16999816894531,71.3499984741211,71.13500213623047,71.33999633789062,62439
2026-01-12 19:15:00+00:00,71.31999969482422,71.7249984741211,71.30999755859375,71.70010375976562,733855
2026-01-12 19:30:00+00:00,71.69999694824219,72.0,71.69999694824219,71.87999725341797,180917
2026-01-12 19:45:00+00:00,71.87999725341797,71.87999725341797,71.63999938964844,71.75559997558594,120379
2026-01-12 20:00:00+00:00,71.76000213623047,71.7750015258789,71.53500366210938,71.55999755859375,85009
2026-01-12 20:15:00+00:00,71.55000305175781,71.58000183105469,71.51499938964844,71.57499694824219,54887
2026-01-12 20:30:00+00:00,71.55999755859375,71.5999984741211,71.45999908447266,71.58499908447266,109948
2026-01-12 20:45:00+00:00,71.58499908447266,71.74500274658203,71.58499908447266,71.66500091552734,318524
2026-01-13 14:30:00+00:00,72.77999877929688,73.65499877929688,72.77999877929688,73.65499877929688,1505557
2026-01-13 14:45:00+00:00,73.6500015258789,73.87999725341797,73.17500305175781,73.41000366210938,1115077
2026-01-13 15:00:00+00:00,73.37999725341797,73.63999938964844,73.33999633789062,73.5199966430664,282233
2026-01-13 15:15:00+00:00,73.51000213623047,73.66999816894531,73.5,73.55020141601562,292825
2026-01-13 15:30:00+00:00,73.54000091552734,73.80999755859375,73.40499877929688,73.80000305175781,242837
2026-01-13 15:45:00+00:00,73.80000305175781,73.87000274658203,73.66999816894531,73.77999877929688,752734
2026-01-13 16:00:00+00:00,73.7699966430664,73.79000091552734,73.63999938964844,73.75990295410156,372528
2026-01-13 16:15:00+00:00,73.76000213623047,73.93000030517578,73.58200073242188,73.69000244140625,350681
2026-01-13 16:30:00+00:00,73.69999694824219,73.94000244140625,73.6500015258789,73.83000183105469,245880
2026-01-13 16:45:00+00:00,73.80999755859375,73.86000061035156,73.7300033569336,73.79000091552734,184679
2026-01-13 17:00:00+00:00,73.7699966430664,73.7699966430664,73.33999633789062,73.45999908447266,328641
2026-01-13 17:15:00+00:00,73.46499633789062,73.55000305175781,73.25,73.38999938964844,162214
2026-01-13 17:30:00+00:00,73.38999938964844,73.41000366210938,73.18000030517578,73.29000091552734,153047
2026-01-13 17:45:00+00:00,73.23999786376953,73.33000183105469,73.08999633789062,73.13999938964844,143733
2026-01-13 18:00:00+00:00,73.1500015258789,73.77999877929688,73.12999725341797,73.56999969482422,813348
2026-01-13 18:15:00+00:00,73.58000183105469,73.66999816894531,73.44000244140625,73.66999816894531,159620
2026-01-13 18:30:00+00:00,73.66999816894531,73.87000274658203,73.58000183105469,73.66999816894531,211170
2026-01-13 18:45:00+00:00,73.68000030517578,73.7699966430664,73.5999984741211,73.74500274658203,99076
2026-01-13 19:00:00+00:00,73.75,73.76000213623047,73.62999725341797,73.6500015258789,129215
2026-01-13 19:15:00+00:00,73.6500015258789,73.69999694824219,72.74500274658203,73.5999984741211,1704116
2026-01-13 19:30:00+00:00,73.6050033569336,73.66500091552734,73.30999755859375,73.54499816894531,312290
2026-01-13 19:45:00+00:00,73.55000305175781,73.58999633789062,73.45999908447266,73.47000122070312,152671
2026-01-13 20:00:00+00:00,73.47000122070312,73.58999633789062,73.37999725341797,73.56999969482422,100319
2026-01-13 20:15:00+00:00,73.58000183105469,73.5999984741211,73.5250015258789,73.5999984741211,100958
2026-01-13 20:30:00+00:00,73.5999984741211,73.6050033569336,73.43499755859375,73.45559692382812,119220
2026-01-13 20:45:00+00:00,73.45500183105469,73.48500061035156,73.3550033569336,73.4800033569336,500233
2026-01-14 14:30:00+00:00,74.26000213623047,74.26499938964844,74.06999969482422,74.18000030517578,744284
2026-01-14 14:45:00+00:00,74.19000244140625,74.38500213623047,74.16000366210938,74.26000213623047,342732
2026-01-14 15:00:00+00:00,74.25,74.27999877929688,73.70999908447266,74.09709930419922,289938
2026-01-14 15:15:00+00:00,74.0999984741211,74.41999816894531,74.06999969482422,74.38999938964844,212963
2026-01-14 15:30:00+00:00,74.375,74.41500091552734,74.18000030517578,74.19999694824219,194982
2026-01-14 15:45:00+00:00,74.19000244140625,74.24500274658203,73.95999908447266,74.23999786376953,195680
2026-01-14 16:00:00+00:00,74.23999786376953,74.37000274658203,74.07499694824219,74.16000366210938,239649
2026-01-14 16:15:00+00:00,74.18499755859375,74.18499755859375,73.99500274658203,74.04000091552734,185993
2026-01-14 16:30:00+00:00,74.04000091552734,74.08999633789062,73.94000244140625,74.07009887695312,141067
2026-01-14 16:45:00+00:00,74.05999755859375,74.43499755859375,73.94999694824219,74.33999633789062,211160
2026-01-14 17:00:00+00:00,74.33000183105469,74.47000122070312,74.19999694824219,74.44000244140625,158838
2026-01-14 17:15:00+00:00,74.44000244140625,74.69499969482422,74.41000366210938,74.6449966430664,224521
2026-01-14 17:30:00+00:00,74.6500015258789,74.6500015258789,74.44000244140625,74.5199966430664,164032
2026-01-14 17:45:00+00:00,74.51000213623047,74.54000091552734,74.28500366210938,74.43000030517578,113037
2026-01-14 18:00:00+00:00,74.41999816894531,74.47000122070312,74.2300033569336,74.25,116240
2026-01-14 18:15:00+00:00,74.22000122070312,74.44999694824219,74.21929931640625,74.44999694824219,215195
2026-01-14 18:30:00+00:00,74.44000244140625,74.5,74.28990173339844,74.37999725341797,126215
2026-01-14 18:45:00+00:00,74.37999725341797,74.52999877929688,74.37000274658203,74.4800033569336,150374
2026-01-14 19:00:00+00:00,74.48999786376953,74.63999938964844,74.44000244140625,74.59249877929688,133877
2026-01-14 19:15:00+00:00,74.58999633789062,74.77999877929688,74.51499938964844,74.76000213623047,409427
2026-01-14 19:30:00+00:00,74.7699966430664,74.95500183105469,74.73500061035156,74.83000183105469,404850
2026-01-14 19:45:00+00:00,74.83000183105469,75.13500213623047,74.80999755859375,75.08499908447266,584110
2026-01-14 20:00:00+00:00,75.08499908447266,75.15979766845703,72.12999725341797,72.30000305175781,6495605
2026-01-14 20:15:00+00:00,72.31999969482422,72.94999694824219,72.23999786376953,72.25499725341797,1081553
2026-01-14 20:30:00+00:00,72.24009704589844,72.62999725341797,71.41000366210938,71.91000366210938,2190504
2026-01-14 20:45:00+00:00,71.9000015258789,72.66999816894531,71.9000015258789,72.61000061035156,1498416
2026-01-15 14:30:00+00:00,71.5999984741211,71.65579986572266,70.99500274658203,71.30000305175781,809505
2026-01-15 14:45:00+00:00,71.30000305175781,71.51000213623047,71.26499938964844,71.5,213317
2026-01-15 15:00:00+00:00,71.4800033569336,71.63999938964844,71.22000122070312,71.2249984741211,197757
2026-01-15 15:15:00+00:00,71.2300033569336,71.3499984741211,71.12999725341797,71.1500015258789,103095
2026-01-15 15:30:00+00:00,71.13999938964844,71.5,71.08999633789062,71.38999938964844,165521
2026-01-15 15:45:00+00:00,71.4000015258789,71.57140350341797,71.4000015258789,71.55000305175781,141123
2026-01-15 16:00:00+00:00,71.55999755859375,71.65499877929688,71.5,71.58000183105469,117017
2026-01-15 16:15:00+00:00,71.58499908447266,71.58499908447266,71.19999694824219,71.31999969482422,159835
2026-01-15 16:30:00+00:00,71.33000183105469,71.41000366210938,71.125,71.29000091552734,120052
2026-01-15 16:45:00+00:00,71.29499816894531,71.31999969482422,71.12000274658203,71.1500015258789,87241
2026-01-15 17:00:00+00:00,71.1500015258789,71.21499633789062,71.05999755859375,71.17990112304688,89944
2026-01-15 17:15:00+00:00,71.16999816894531,71.23999786376953,71.08000183105469,71.16000366210938,105557
2026-01-15 17:30:00+00:00,71.18499755859375,71.29000091552734,71.11000061035156,71.23999786376953,126744
2026-01-15 17:45:00+00:00,71.23999786376953,71.26000213623047,71.1500015258789,71.23999786376953,78045
2026-01-15 18:00:00+00:00,71.25499725341797,71.43499755859375,71.18000030517578,71.31999969482422,204436
2026-01-15 18:15:00+00:00,71.31580352783203,71.70999908447266,71.2699966430664,71.61499786376953,485855
2026-01-15 18:30:00+00:00,71.61000061035156,71.63999938964844,71.44999694824219,71.48500061035156,214047
2026-01-15 18:45:00+00:00,71.4800033569336,71.52999877929688,71.20999908447266,71.3499984741211,113083
2026-01-15 19:00:00+00:00,71.33999633789062,71.41999816894531,71.2699966430664,71.38999938964844,66937
2026-01-15 19:15:00+00:00,71.4000015258789,71.41000366210938,71.31999969482422,71.37999725341797,66286
2026-01-15 19:30:00+00:00,71.38999938964844,71.40499877929688,71.25,71.26000213623047,60944
2026-01-15 19:45:00+00:00,71.26020050048828,71.26020050048828,71.16999816894531,71.19000244140625,64159
2026-01-15 20:00:00+00:00,71.19000244140625,71.25,71.16000366210938,71.23999786376953,250316
2026-01-15 20:15:00+00:00,71.23999786376953,71.25,71.06999969482422,71.07540130615234,95865
2026-01-15 20:30:00+00:00,71.08000183105469,71.12899780273438,71.02999877929688,71.09500122070312,114072
2026-01-15 20:45:00+00:00,71.0999984741211,71.11499786376953,71.0250015258789,71.1050033569336,347222
2026-01-16 14:30:00+00:00,72.30000305175781,72.30000305175781,71.7699966430664,71.83000183105469,524835
2026-01-16 14:45:00+00:00,71.83999633789062,72.0199966430664,71.7750015258789,71.81999969482422,215214
2026-01-16 15:00:00+00:00,71.81999969482422,72.0199966430664,71.71499633789062,72.0199966430664,192464
2026-01-16 15:15:00+00:00,72.0199966430664,72.0999984741211,71.94000244140625,71.98999786376953,114502
2026-01-16 15:30:00+00:00,71.98500061035156,72.18499755859375,71.87000274658203,72.08000183105469,104814
2026-01-16 15:45:00+00:00,72.08000183105469,72.18000030517578,71.91999816894531,72.01000213623047,111779
2026-01-16 16:00:00+00:00,71.98999786376953,72.16000366210938,71.91999816894531,72.16000366210938,58583
2026-01-16 16:15:00+00:00,72.18000030517578,72.30000305175781,72.13500213623047,72.20999908447266,75692
2026-01-16 16:30:00+00:00,72.18000030517578,72.25,72.08999633789062,72.1500015258789,88889
2026-01-16 16:45:00+00:00,72.16500091552734,72.20999908447266,72.05000305175781,72.19000244140625,78885
2026-01-16 17:00:00+00:00,72.1500015258789,72.2249984741211,72.11000061035156,72.13999938964844,266305
2026-01-16 17:15:00+00:00,72.13999938964844,72.5199966430664,72.12999725341797,72.16999816894531,371118
2026-01-16 17:30:00+00:00,72.16999816894531,72.2300033569336,71.81999969482422,71.94999694824219,560516
2026-01-16 17:45:00+00:00,71.9800033569336,72.22000122070312,71.94499969482422,72.12000274658203,180419
2026-01-16 18:00:00+00:00,72.12999725341797,72.30999755859375,72.06999969482422,72.23999786376953,108902
2026-01-16 18:15:00+00:00,72.23999786376953,72.29000091552734,72.13999938964844,72.29000091552734,65269
2026-01-16 18:30:00+00:00,72.27999877929688,72.27999877929688,71.9800033569336,71.98999786376953,102467
2026-01-16 18:45:00+00:00,71.9800033569336,72.22989654541016,71.9446029663086,72.19000244140625,99211
2026-01-16 19:00:00+00:00,72.19000244140625,72.19000244140625,71.95999908447266,71.95999908447266,73524
2026-01-16 19:15:00+00:00,71.97000122070312,72.0199966430664,71.6449966430664,71.68000030517578,155893
2026-01-16 19:30:00+00:00,71.69000244140625,71.69999694824219,71.56999969482422,71.62000274658203,187096
2026-01-16 19:45:00+00:00,71.62000274658203,71.78500366210938,71.61000061035156,71.75,47588
2026-01-16 20:00:00+00:00,71.76000213623047,71.77999877929688,71.70500183105469,71.76000213623047,53272
2026-01-16 20:15:00+00:00,71.76499938964844,71.84500122070312,71.70999908447266,71.84500122070312,79653
2026-01-16 20:30:00+00:00,71.8499984741211,71.8550033569336,71.79000091552734,71.79000091552734,88382
2026-01-16 20:45:00+00:00,71.79000091552734,71.80999755859375,71.62999725341797,71.66000366210938,403767
2026-01-20 14:30:00+00:00,72.80000305175781,73.12000274658203,72.66000366210938,72.79000091552734,684901
2026-01-20 14:45:00+00:00,72.79000091552734,72.98999786376953,72.72000122070312,72.9800033569336,287607
2026-01-20 15:00:00+00:00,72.9800033569336,73.06999969482422,72.8499984741211,72.9749984741211,200135
2026-01-20 15:15:00+00:00,72.97000122070312,73.1050033569336,72.875,73.05999755859375,241804
2026-01-20 15:30:00+00:00,73.06999969482422,73.08999633789062,72.86000061035156,72.86000061035156,227849
2026-01-20 15:45:00+00:00,72.8499984741211,72.86000061035156,72.48999786376953,72.55999755859375,322840
2026-01-20 16:00:00+00:00,72.55999755859375,72.77999877929688,72.52999877929688,72.75,295165
2026-01-20 16:15:00+00:00,72.73999786376953,72.86000061035156,72.69000244140625,72.7699966430664,233317
2026-01-20 16:30:00+00:00,72.77999877929688,72.91000366210938,72.76000213623047,72.80000305175781,120249
2026-01-20 16:45:00+00:00,72.79000091552734,72.91999816894531,72.75,72.88999938964844,105987
2026-01-20 17:00:00+00:00,72.87999725341797,73.02999877929688,72.87000274658203,72.9800033569336,116508
2026-01-20 17:15:00+00:00,72.97000122070312,72.98999786376953,72.9000015258789,72.91999816894531,131104
2026-01-20 17:30:00+00:00,72.91999816894531,72.97000122070312,72.8499984741211,72.91999816894531,107662
2026-01-20 17:45:00+00:00,72.91000366210938,72.9800033569336,72.79000091552734,72.97000122070312,117203
2026-01-20 18:00:00+00:00,72.9800033569336,73.07009887695312,72.91999816894531,72.94999694824219,129565
2026-01-20 18:15:00+00:00,72.94499969482422,72.95999908447266,72.71499633789062,72.81999969482422,65686
2026-01-20 18:30:00+00:00,72.81999969482422,72.94000244140625,72.80000305175781,72.81999969482422,107559
2026-01-20 18:45:00+00:00,72.81999969482422,72.86000061035156,72.70999908447266,72.80999755859375,159413
2026-01-20 19:00:00+00:00,72.80999755859375,72.80999755859375,72.62000274658203,72.73999786376953,218577
2026-01-20 19:15:00+00:00,72.73999786376953,72.98500061035156,72.62000274658203,72.93000030517578,312891
2026-01-20 19:30:00+00:00,72.91999816894531,72.91999816894531,72.53500366210938,72.58999633789062,393016
2026-01-20 19:45:00+00:00,72.58499908447266,72.58499908447266,72.37999725341797,72.44000244140625,356403
2026-01-20 20:00:00+00:00,72.43000030517578,72.51000213623047,72.30500030517578,72.33999633789062,393098
2026-01-20 20:15:00+00:00,72.31999969482422,72.37999725341797,72.16000366210938,72.16999816894531,789201
2026-01-20 20:30:00+00:00,72.18000030517578,72.18000030517578,71.7699966430664,71.79499816894531,855092
2026-01-20 20:45:00+00:00,71.80999755859375,71.91999816894531,71.70999908447266,71.87999725341797,548046
2026-01-21 14:30:00+00:00,72.83999633789062,73.08999633789062,72.83000183105469,73.03500366210938,619081
2026-01-21 14:45:00+00:00,73.05000305175781,73.05000305175781,72.81999969482422,72.91000366210938,249228
2026-01-21 15:00:00+00:00,72.9000015258789,72.94999694824219,72.63999938964844,72.63999938964844,231274
2026-01-21 15:15:00+00:00,72.62999725341797,72.81999969482422,72.5999984741211,72.74500274658203,215686
2026-01-21 15:30:00+00:00,72.75,73.11000061035156,72.74500274658203,72.9800033569336,189484
2026-01-21 15:45:00+00:00,72.9800033569336,73.16000366210938,72.96499633789062,73.12000274658203,292173
2026-01-21 16:00:00+00:00,73.12000274658203,73.27999877929688,73.06999969482422,73.125,122959
2026-01-21 16:15:00+00:00,73.12000274658203,73.18000030517578,72.88999938964844,73.01000213623047,134989
2026-01-21 16:30:00+00:00,73.0,73.20999908447266,72.86000061035156,72.9800033569336,145571
2026-01-21 16:45:00+00:00,72.9800033569336,73.125,72.93499755859375,73.04000091552734,89229
2026-01-21 17:00:00+00:00,73.04000091552734,73.12000274658203,73.0,73.05000305175781,83412
2026-01-21 17:15:00+00:00,73.04000091552734,73.04000091552734,72.81500244140625,72.98999786376953,69978
2026-01-21 17:30:00+00:00,72.9800033569336,73.02999877929688,72.93499755859375,73.02999877929688,38423
2026-01-21 17:45:00+00:00,73.04000091552734,73.04000091552734,72.91500091552734,72.98999786376953,39226
2026-01-21 18:00:00+00:00,72.9800033569336,73.37000274658203,72.9800033569336,73.21499633789062,177090
2026-01-21 18:15:00+00:00,73.22000122070312,73.30999755859375,73.18499755859375,73.2699966430664,67805
2026-01-21 18:30:00+00:00,73.37000274658203,73.41999816894531,73.2699966430664,73.32499694824219,190006
2026-01-21 18:45:00+00:00,73.31999969482422,73.45999908447266,73.30000305175781,73.31999969482422,133889
2026-01-21 19:00:00+00:00,73.33000183105469,73.33000183105469,73.0999984741211,73.11000061035156,111696
2026-01-21 19:15:00+00:00,73.12000274658203,73.30500030517578,73.0250015258789,73.23999786376953,153332
2026-01-21 19:30:00+00:00,73.2300033569336,73.3499984741211,73.12999725341797,73.13999938964844,120267
2026-01-21 19:45:00+00:00,73.13999938964844,73.30000305175781,73.12000274658203,73.27999877929688,110653
2026-01-21 20:00:00+00:00,73.27999877929688,73.30999755859375,73.1500015258789,73.2699966430664,217243
2026-01-21 20:15:00+00:00,73.2699966430664,73.2750015258789,73.16000366210938,73.2300033569336,105296
2026-01-21 20:30:00+00:00,73.2249984741211,73.34500122070312,73.19999694824219,73.31999969482422,105535
2026-01-21 20:45:00+00:00,73.31999969482422,73.38500213623047,73.31500244140625,73.33000183105469,220291
2026-01-22 14:30:00+00:00,72.43000030517578,72.48999786376953,71.81999969482422,71.88999938964844,969467
2026-01-22 14:45:00+00:00,71.87999725341797,72.30000305175781,71.87999725341797,72.2300033569336,278748
2026-01-22 15:00:00+00:00,72.2300033569336,72.31500244140625,71.87999725341797,71.8949966430664,208663
2026-01-22 15:15:00+00:00,71.88999938964844,72.05999755859375,71.83499908447266,71.94000244140625,258524
2026-01-22 15:30:00+00:00,71.95999908447266,72.19999694824219,71.94999694824219,72.16999816894531,174059
2026-01-22 15:45:00+00:00,72.16000366210938,72.26000213623047,72.0999984741211,72.18000030517578,135932
2026-01-22 16:00:00+00:00,72.18499755859375,72.41999816894531,72.16999816894531,72.2300033569336,189745
2026-01-22 16:15:00+00:00,72.25,72.27999877929688,72.02999877929688,72.13999938964844,121684
2026-01-22 16:30:00+00:00,72.12999725341797,72.16000366210938,71.76000213623047,71.77999877929688,264478
2026-01-22 16:45:00+00:00,71.79000091552734,71.91000366210938,71.79000091552734,71.87999725341797,109322
2026-01-22 17:00:00+00:00,71.87000274658203,71.87999725341797,71.7300033569336,71.81999969482422,196536
2026-01-22 17:15:00+00:00,71.83000183105469,71.87999725341797,71.68499755859375,71.69999694824219,93494
2026-01-22 17:30:00+00:00,71.69999694824219,71.73999786376953,71.46499633789062,71.55000305175781,179573
2026-01-22 17:45:00+00:00,71.54979705810547,71.56500244140625,71.2699966430664,71.48999786376953,189313
2026-01-22 18:00:00+00:00,71.48999786376953,71.54000091552734,71.38999938964844,71.5,215730
2026-01-22 18:15:00+00:00,71.5,71.5999984741211,71.5,71.58000183105469,83044
2026-01-22 18:30:00+00:00,71.58000183105469,71.68000030517578,71.54000091552734,71.61000061035156,79445
2026-01-22 18:45:00+00:00,71.62999725341797,71.66999816894531,71.58000183105469,71.63500213623047,71774
2026-01-22 19:00:00+00:00,71.62999725341797,71.66999816894531,71.52989959716797,71.62999725341797,70462
2026-01-22 19:15:00+00:00,71.62999725341797,71.7699966430664,71.5999984741211,71.73999786376953,398112
2026-01-22 19:30:00+00:00,71.73999786376953,71.77989959716797,71.66000366210938,71.69999694824219,55128
2026-01-22 19:45:00+00:00,71.7300033569336,71.7300033569336,71.69000244140625,71.70999908447266,51967
2026-01-22 20:00:00+00:00,71.72000122070312,71.76069641113281,71.68000030517578,71.73999786376953,42730
2026-01-22 20:15:00+00:00,71.75,71.77999877929688,71.70500183105469,71.72000122070312,43217
2026-01-22 20:30:00+00:00,71.7300033569336,71.7699966430664,71.70999908447266,71.75,99761
2026-01-22 20:45:00+00:00,71.75,71.81999969482422,71.70999908447266,71.80500030517578,223886
2026-01-23 14:30:00+00:00,73.76000213623047,74.05000305175781,73.69999694824219,73.98999786376953,724097
2026-01-23 14:45:00+00:00,73.98999786376953,74.0199966430664,73.80000305175781,73.8949966430664,189919
2026-01-23 15:00:00+00:00,73.91999816894531,73.94999694824219,73.75,73.79319763183594,219797
2026-01-23 15:15:00+00:00,73.80000305175781,73.91000366210938,73.66999816894531,73.9000015258789,327301
2026-01-23 15:30:00+00:00,73.9000015258789,73.91500091552734,73.62000274658203,73.63999938964844,178285
2026-01-23 15:45:00+00:00,73.62999725341797,73.62999725341797,73.44999694824219,73.45500183105469,184287
2026-01-23 16:00:00+00:00,73.4800033569336,73.62999725341797,73.37999725341797,73.58000183105469,172550
2026-01-23 16:15:00+00:00,73.5895004272461,73.72000122070312,73.5895004272461,73.66999816894531,239831
2026-01-23 16:30:00+00:00,73.66999816894531,73.87999725341797,73.66999816894531,73.83999633789062,175542
2026-01-23 16:45:00+00:00,73.83999633789062,73.96499633789062,73.80500030517578,73.87000274658203,137721
2026-01-23 17:00:00+00:00,73.87000274658203,73.87999725341797,73.62999725341797,73.6449966430664,128783
2026-01-23 17:15:00+00:00,73.6500015258789,73.66000366210938,73.51000213623047,73.56999969482422,84056
2026-01-23 17:30:00+00:00,73.58000183105469,73.83499908447266,73.58000183105469,73.83499908447266,148790
2026-01-23 17:45:00+00:00,73.83999633789062,74.01000213623047,73.83999633789062,73.93499755859375,188123
2026-01-23 18:00:00+00:00,73.93000030517578,74.02999877929688,73.8550033569336,73.96499633789062,108966
2026-01-23 18:15:00+00:00,73.97000122070312,73.97000122070312,73.75499725341797,73.80999755859375,109088
2026-01-23 18:30:00+00:00,73.80999755859375,73.875,73.72000122070312,73.86499786376953,125346
2026-01-23 18:45:00+00:00,73.8499984741211,73.8550033569336,73.68499755859375,73.83999633789062,90818
2026-01-23 19:00:00+00:00,73.83999633789062,73.91999816894531,73.70999908447266,73.86000061035156,276035
2026-01-23 19:15:00+00:00,73.86499786376953,73.91000366210938,73.79000091552734,73.80000305175781,256975
2026-01-23 19:30:00+00:00,73.80000305175781,74.04000091552734,73.76000213623047,73.99500274658203,195390
2026-01-23 19:45:00+00:00,74.0,74.01000213623047,73.7699966430664,73.83999633789062,110121
2026-01-23 20:00:00+00:00,73.83999633789062,73.93000030517578,73.80999755859375,73.91000366210938,108639
2026-01-23 20:15:00+00:00,73.90499877929688,73.93000030517578,73.88500213623047,73.92500305175781,79875
2026-01-23 20:30:00+00:00,73.91999816894531,74.00499725341797,73.88500213623047,73.91500091552734,190229
2026-01-23 20:45:00+00:00,73.90499877929688,73.97000122070312,73.8550033569336,73.94000244140625,554543
2026-01-26 14:30:00+00:00,73.36000061035156,73.62000274658203,73.19999694824219,73.43000030517578,766276
2026-01-26 14:45:00+00:00,73.43499755859375,73.4800033569336,73.1449966430664,73.19000244140625,228252
2026-01-26 15:00:00+00:00,73.16999816894531,73.73999786376953,73.16999816894531,73.5999984741211,204391
2026-01-26 15:15:00+00:00,73.5999984741211,73.5999984741211,73.37999725341797,73.43000030517578,157704
2026-01-26 15:30:00+00:00,73.4000015258789,73.4000015258789,73.05000305175781,73.18299865722656,170812
2026-01-26 15:45:00+00:00,73.19000244140625,73.34600067138672,73.12999725341797,73.2699966430664,125837
2026-01-26 16:00:00+00:00,73.26000213623047,73.33000183105469,73.08000183105469,73.18000030517578,169174
2026-01-26 16:15:00+00:00,73.18000030517578,73.2699966430664,73.08000183105469,73.18000030517578,111676
2026-01-26 16:30:00+00:00,73.19000244140625,73.62999725341797,73.19000244140625,73.54000091552734,118753
2026-01-26 16:45:00+00:00,73.54000091552734,73.55999755859375,73.43000030517578,73.55000305175781,89024
2026-01-26 17:00:00+00:00,73.54000091552734,73.56999969482422,73.41999816894531,73.55000305175781,101725
2026-01-26 17:15:00+00:00,73.55000305175781,73.55999755859375,73.47000122070312,73.48999786376953,94675
2026-01-26 17:30:00+00:00,73.48999786376953,73.7300033569336,73.48500061035156,73.72000122070312,125528
2026-01-26 17:45:00+00:00,73.73999786376953,73.7699966430664,73.61000061035156,73.69000244140625,67947
2026-01-26 18:00:00+00:00,73.69499969482422,73.69999694824219,73.37999725341797,73.43499755859375,119754
2026-01-26 18:15:00+00:00,73.43000030517578,73.43000030517578,73.26000213623047,73.26000213623047,108530
2026-01-26 18:30:00+00:00,73.2699966430664,73.3499984741211,73.19000244140625,73.2300033569336,66446
2026-01-26 18:45:00+00:00,73.22000122070312,73.51000213623047,73.22000122070312,73.27999877929688,156455
2026-01-26 19:00:00+00:00,73.2699966430664,73.375,73.2300033569336,73.31999969482422,50239
2026-01-26 19:15:00+00:00,73.33000183105469,73.37999725341797,73.26000213623047,73.30000305175781,84566
2026-01-26 19:30:00+00:00,73.30000305175781,73.36000061035156,73.13999938964844,73.19999694824219,69050
2026-01-26 19:45:00+00:00,73.22000122070312,73.28500366210938,73.20999908447266,73.27999877929688,39673
2026-01-26 20:00:00+00:00,73.29000091552734,73.41000366210938,73.2750015258789,73.38999938964844,43513
2026-01-26 20:15:00+00:00,73.38999938964844,73.44999694824219,72.94000244140625,73.43000030517578,729561
2026-01-26 20:30:00+00:00,73.44000244140625,73.51499938964844,73.38480377197266,73.4800033569336,118941
2026-01-26 20:45:00+00:00,73.48999786376953,73.54000091552734,73.44000244140625,73.4800033569336,288024
2026-01-27 14:30:00+00:00,73.94999694824219,74.1500015258789,73.69000244140625,74.06999969482422,591157
2026-01-27 14:45:00+00:00,74.05999755859375,74.1500015258789,73.94999694824219,74.05000305175781,209629
2026-01-27 15:00:00+00:00,74.08000183105469,74.2699966430664,73.8949966430664,74.1500015258789,240383
2026-01-27 15:15:00+00:00,74.18000030517578,74.19000244140625,73.87999725341797,74.04000091552734,172124
2026-01-27 15:30:00+00:00,74.02999877929688,74.3499984741211,74.0199966430664,74.33999633789062,158644
2026-01-27 15:45:00+00:00,74.33999633789062,74.61000061035156,74.28009796142578,74.58999633789062,267402
2026-01-27 16:00:00+00:00,74.5999984741211,74.68000030517578,74.5199966430664,74.62999725341797,722709
2026-01-27 16:15:00+00:00,74.62999725341797,74.91000366210938,74.55000305175781,74.80000305175781,249519
2026-01-27 16:30:00+00:00,74.80999755859375,74.94000244140625,74.77999877929688,74.86000061035156,175501
2026-01-27 16:45:00+00:00,74.86000061035156,74.91000366210938,74.80999755859375,74.83999633789062,93296
2026-01-27 17:00:00+00:00,74.83999633789062,75.02999877929688,74.8030014038086,74.94999694824219,203491
2026-01-27 17:15:00+00:00,74.94999694824219,75.06999969482422,74.88999938964844,75.05000305175781,146660
2026-01-27 17:30:00+00:00,75.05000305175781,75.19000244140625,75.02999877929688,75.05999755859375,153676
2026-01-27 17:45:00+00:00,75.05999755859375,75.08000183105469,74.94999694824219,75.04000091552734,91558
2026-01-27 18:00:00+00:00,75.05000305175781,75.0999984741211,74.95999908447266,75.06999969482422,160285
2026-01-27 18:15:00+00:00,75.05999755859375,75.2300033569336,75.05500030517578,75.12000274658203,183465
2026-01-27 18:30:00+00:00,75.11000061035156,75.12000274658203,74.87000274658203,74.91999816894531,99815
2026-01-27 18:45:00+00:00,74.93000030517578,75.01000213623047,74.875,74.9000015258789,91207
2026-01-27 19:00:00+00:00,74.91000366210938,75.19000244140625,74.9000015258789,75.18000030517578,97125
2026-01-27 19:15:00+00:00,75.18000030517578,75.48500061035156,75.16999816894531,75.43000030517578,272920
2026-01-27 19:30:00+00:00,75.41999816894531,75.6500015258789,75.41000366210938,75.4800033569336,291949
2026-01-27 19:45:00+00:00,75.47000122070312,75.4800033569336,75.12999725341797,75.19000244140625,608495
2026-01-27 20:00:00+00:00,75.19999694824219,75.30989837646484,75.18000030517578,75.2750015258789,97715
2026-01-27 20:15:00+00:00,75.26499938964844,75.4000015258789,75.25,75.37999725341797,76777
2026-01-27 20:30:00+00:00,75.37000274658203,75.38500213623047,75.25,75.25,135356
2026-01-27 20:45:00+00:00,75.25,75.70999908447266,75.23500061035156,75.66000366210938,421462
2026-01-28 14:30:00+00:00,76.26000213623047,76.44499969482422,76.13500213623047,76.35980224609375,1576087
2026-01-28 14:45:00+00:00,76.3550033569336,76.46499633789062,76.19000244140625,76.38999938964844,148886
2026-01-28 15:00:00+00:00,76.4000015258789,76.49500274658203,75.74500274658203,76.04000091552734,404252
2026-01-28 15:15:00+00:00,76.02999877929688,76.2300033569336,75.97000122070312,76.12999725341797,144866
2026-01-28 15:30:00+00:00,76.13999938964844,76.30999755859375,76.05909729003906,76.12000274658203,178758
2026-01-28 15:45:00+00:00,76.11000061035156,76.2300033569336,75.98999786376953,76.12999725341797,138270
2026-01-28 16:00:00+00:00,76.13999938964844,76.2750015258789,76.02999877929688,76.13999938964844,148078
2026-01-28 16:15:00+00:00,76.13999938964844,76.21499633789062,76.04000091552734,76.06999969482422,113744
2026-01-28 16:30:00+00:00,76.06999969482422,76.13999938964844,75.93499755859375,76.0199966430664,144520
2026-01-28 16:45:00+00:00,76.0199966430664,76.11000061035156,75.80000305175781,75.86000061035156,169309
2026-01-28 17:00:00+00:00,75.8499984741211,75.9000015258789,75.63500213623047,75.66999816894531,143446
2026-01-28 17:15:00+00:00,75.66999816894531,75.94000244140625,75.62999725341797,75.80999755859375,143318
2026-01-28 17:30:00+00:00,75.80999755859375,76.08999633789062,75.80000305175781,76.04000091552734,81026
2026-01-28 17:45:00+00:00,76.0199966430664,76.05000305175781,75.80999755859375,75.87000274658203,207281
2026-01-28 18:00:00+00:00,75.86000061035156,75.97000122070312,75.83000183105469,75.87000274658203,59732
2026-01-28 18:15:00+00:00,75.86000061035156,76.0199966430664,75.86000061035156,75.93000030517578,54517
2026-01-28 18:30:00+00:00,75.93000030517578,76.17500305175781,75.91999816894531,76.1365966796875,91548
2026-01-28 18:45:00+00:00,76.13999938964844,76.375,76.12999725341797,76.30999755859375,108402
2026-01-28 19:00:00+00:00,76.33999633789062,76.38999938964844,76.26000213623047,76.33000183105469,133707
2026-01-28 19:15:00+00:00,76.33499908447266,76.5199966430664,76.33000183105469,76.37000274658203,223223
2026-01-28 19:30:00+00:00,76.37000274658203,76.4000015258789,76.28500366210938,76.36000061035156,164132
2026-01-28 19:45:00+00:00,76.37999725341797,76.5,76.37999725341797,76.45999908447266,51276
2026-01-28 20:00:00+00:00,76.44999694824219,76.7249984741211,76.44999694824219,76.63500213623047,535347
2026-01-28 20:15:00+00:00,76.63500213623047,76.64070129394531,76.5199966430664,76.62999725341797,159041
2026-01-28 20:30:00+00:00,76.63500213623047,76.73999786376953,76.63500213623047,76.72869873046875,147988
2026-01-28 20:45:00+00:00,76.7300033569336,76.73999786376953,76.62000274658203,76.62550354003906,261764
2026-01-29 14:30:00+00:00,80.11000061035156,80.37999725341797,79.87000274658203,80.22000122070312,2335596
2026-01-29 14:45:00+00:00,80.20999908447266,80.21499633789062,79.79183959960938,79.94000244140625,491917
2026-01-29 15:00:00+00:00,79.97000122070312,80.0199966430664,78.83000183105469,78.9000015258789,799565
2026-01-29 15:15:00+00:00,78.88999938964844,79.19000244140625,78.43000030517578,78.75,1189878
2026-01-29 15:30:00+00:00,78.76000213623047,78.83000183105469,78.16500091552734,78.26000213623047,842284
2026-01-29 15:45:00+00:00,78.2699966430664,79.18000030517578,78.2699966430664,79.11000061035156,420670
2026-01-29 16:00:00+00:00,79.11000061035156,79.36499786376953,78.7699966430664,79.19999694824219,374120
2026-01-29 16:15:00+00:00,79.22000122070312,79.5,79.05000305175781,79.29000091552734,410720
2026-01-29 16:30:00+00:00,79.30999755859375,79.44999694824219,78.79000091552734,78.79000091552734,432039
2026-01-29 16:45:00+00:00,78.81999969482422,78.94000244140625,78.44000244140625,78.91999816894531,900080
2026-01-29 17:00:00+00:00,78.91000366210938,79.12000274658203,78.69000244140625,79.0,816310
2026-01-29 17:15:00+00:00,79.0199966430664,79.37000274658203,78.95999908447266,79.28140258789062,243988
2026-01-29 17:30:00+00:00,79.29000091552734,79.41999816894531,79.13999938964844,79.28119659423828,136977
2026-01-29 17:45:00+00:00,79.2699966430664,79.41999816894531,78.98999786376953,79.19499969482422,480716
2026-01-29 18:00:00+00:00,79.19000244140625,79.30000305175781,78.94000244140625,79.12999725341797,228928
2026-01-29 18:15:00+00:00,79.1500015258789,79.15660095214844,78.72000122070312,78.80999755859375,212156
2026-01-29 18:30:00+00:00,78.79000091552734,78.93000030517578,78.48999786376953,78.80719757080078,362187
2026-01-29 18:45:00+00:00,78.80500030517578,79.11000061035156,78.70999908447266,78.75,172535
2026-01-29 19:00:00+00:00,78.76000213623047,79.26000213623047,78.69999694824219,79.16000366210938,242614
2026-01-29 19:15:00+00:00,79.16999816894531,79.30000305175781,78.9800033569336,79.05999755859375,358263
2026-01-29 19:30:00+00:00,79.05999755859375,79.08000183105469,78.79000091552734,79.01499938964844,153295
2026-01-29 19:45:00+00:00,79.01499938964844,79.18000030517578,79.0,79.04000091552734,151506
2026-01-29 20:00:00+00:00,79.03500366210938,79.26000213623047,79.01000213623047,79.2300033569336,219893
2026-01-29 20:15:00+00:00,79.2300033569336,79.69989776611328,79.19999694824219,79.58049774169922,398183
2026-01-29 20:30:00+00:00,79.58000183105469,79.58000183105469,79.29000091552734,79.36759948730469,244370
2026-01-29 20:45:00+00:00,79.36000061035156,79.44999694824219,79.0999984741211,79.13999938964844,429260
2026-01-30 14:30:00+00:00,79.44000244140625,79.72000122070312,79.41999816894531,79.62999725341797,1136007
2026-01-30 14:45:00+00:00,79.58000183105469,79.66999816894531,79.19999694824219,79.44000244140625,342285
2026-01-30 15:00:00+00:00,79.44999694824219,79.51000213623047,79.20999908447266,79.29000091552734,340314
2026-01-30 15:15:00+00:00,79.27999877929688,79.57499694824219,79.16999816894531,79.52999877929688,198582
2026-02-02 18:45:00+00:00,74.83899688720703,74.8499984741211,74.45999908447266,74.68000030517578,5030946
2026-02-02 19:00:00+00:00,74.66999816894531,74.68150329589844,74.5,74.63999938964844,133756
2026-02-02 19:15:00+00:00,74.66000366210938,75.25,74.61000061035156,75.2300033569336,192682
2026-02-02 19:30:00+00:00,75.22000122070312,75.2300033569336,74.88999938964844,74.94999694824219,80172
2026-02-02 19:45:00+00:00,74.94999694824219,75.1500015258789,74.9000015258789,75.05999755859375,125008
2026-02-02 20:00:00+00:00,75.05999755859375,75.25,75.02999877929688,75.23500061035156,152274
2026-02-02 20:15:00+00:00,75.20999908447266,75.24500274658203,75.05000305175781,75.19999694824219,129706
2026-02-02 20:30:00+00:00,75.19999694824219,75.26000213623047,75.17749786376953,75.2300033569336,99312
2026-02-02 20:45:00+00:00,75.2300033569336,75.36499786376953,75.19999694824219,75.33000183105469,444679
2026-02-03 14:30:00+00:00,75.8499984741211,76.17500305175781,75.67500305175781,76.0,551419
2026-02-03 14:45:00+00:00,75.98999786376953,76.3499984741211,75.86000061035156,75.87999725341797,255214
2026-02-03 15:00:00+00:00,75.87000274658203,75.9800033569336,75.6500015258789,75.79000091552734,399621
2026-02-03 15:15:00+00:00,75.79000091552734,76.04000091552734,75.75,75.93000030517578,184368
2026-02-03 15:30:00+00:00,75.96499633789062,76.06999969482422,75.91000366210938,75.98680114746094,103568
2026-02-03 15:45:00+00:00,75.97000122070312,76.1500015258789,75.87999725341797,75.88999938964844,224500
2026-02-03 16:00:00+00:00,75.91000366210938,76.05000305175781,75.76000213623047,75.98500061035156,215443
2026-02-03 16:15:00+00:00,75.98999786376953,76.19999694824219,75.9000015258789,76.08000183105469,224131
2026-02-03 16:30:00+00:00,76.08000183105469,76.19999694824219,75.87000274658203,75.87999725341797,287214
2026-02-03 16:45:00+00:00,75.8499984741211,75.93000030517578,75.63999938964844,75.81999969482422,337748
2026-02-03 17:00:00+00:00,75.80000305175781,77.08999633789062,75.63999938964844,76.7699966430664,2299841
2026-02-03 17:15:00+00:00,76.79000091552734,76.9000015258789,76.11000061035156,76.36000061035156,1111079
2026-02-03 17:30:00+00:00,76.37000274658203,76.69999694824219,76.25,76.26499938964844,440977
2026-02-03 17:45:00+00:00,76.26000213623047,76.58000183105469,76.0999984741211,76.37999725341797,269047
2026-02-03 18:00:00+00:00,76.3499984741211,76.44000244140625,75.75,76.30999755859375,1002029
2026-02-03 18:15:00+00:00,76.30000305175781,76.3499984741211,76.04000091552734,76.08000183105469,232647
2026-02-03 18:30:00+00:00,76.05999755859375,76.63999938964844,76.05999755859375,76.54000091552734,213465
2026-02-03 18:45:00+00:00,76.52999877929688,76.52999877929688,76.27999877929688,76.30000305175781,162351
2026-02-03 19:00:00+00:00,76.30999755859375,76.33000183105469,75.8499984741211,76.29000091552734,454163
2026-02-03 19:15:00+00:00,76.30000305175781,76.62000274658203,76.29000091552734,76.41000366210938,220094
2026-02-03 19:30:00+00:00,76.41999816894531,76.87999725341797,76.3499984741211,76.75,162925
2026-02-03 19:45:00+00:00,76.7300033569336,76.79000091552734,76.58000183105469,76.7699966430664,120299
2026-02-03 20:00:00+00:00,76.76000213623047,76.95999908447266,76.76000213623047,76.91999816894531,100944
2026-02-03 20:15:00+00:00,76.91999816894531,77.30000305175781,76.88999938964844,77.19499969482422,304205
2026-02-03 20:30:00+00:00,77.19999694824219,77.41999816894531,77.16000366210938,77.38999938964844,278673
2026-02-03 20:45:00+00:00,77.38999938964844,77.63500213623047,77.37000274658203,77.4749984741211,495019
2026-02-04 14:30:00+00:00,76.5199966430664,76.75,76.5199966430664,76.70999908447266,572490
2026-02-04 14:45:00+00:00,76.69000244140625,76.83000183105469,76.47000122070312,76.52999877929688,291795
2026-02-04 15:00:00+00:00,76.52999877929688,76.7699966430664,76.4000015258789,76.7300033569336,143252
2026-02-04 15:15:00+00:00,76.70999908447266,76.97000122070312,76.70500183105469,76.76000213623047,341903
2026-02-04 15:30:00+00:00,76.7699966430664,76.8949966430664,76.26000213623047,76.70999908447266,228175
2026-02-04 15:45:00+00:00,76.72000122070312,76.81999969482422,76.54000091552734,76.58999633789062,122981
2026-02-04 16:00:00+00:00,76.60929870605469,76.6500015258789,76.33999633789062,76.37999725341797,244598
2026-02-04 16:15:00+00:00,76.37000274658203,76.47000122070312,76.19999694824219,76.41000366210938,188711
2026-02-04 16:30:00+00:00,76.4000015258789,76.66999816894531,76.4000015258789,76.52999877929688,149475
2026-02-04 16:45:00+00:00,76.49500274658203,76.9000015258789,76.44999694824219,76.88999938964844,101149
2026-02-04 17:00:00+00:00,76.86000061035156,77.02999877929688,76.83000183105469,76.97000122070312,81156
2026-02-04 17:15:00+00:00,76.9800033569336,78.33000183105469,76.87999725341797,78.2699966430664,1937460
2026-02-04 17:30:00+00:00,78.27999877929688,79.2300033569336,77.79000091552734,78.58000183105469,2762555
2026-02-04 17:45:00+00:00,78.56999969482422,78.83999633789062,78.30999755859375,78.7699966430664,900001
2026-02-04 18:00:00+00:00,78.7699966430664,78.85310363769531,78.55999755859375,78.70999908447266,234201
2026-02-04 18:15:00+00:00,78.7300033569336,78.94999694824219,78.44999694824219,78.91999816894531,232485
2026-02-04 18:30:00+00:00,78.94000244140625,79.05999755859375,78.18000030517578,78.48999786376953,1115250
2026-02-04 18:45:00+00:00,78.4800033569336,78.76000213623047,78.4000015258789,78.69000244140625,773737
2026-02-04 19:00:00+00:00,78.69000244140625,79.37000274658203,78.55999755859375,78.83000183105469,1689282
2026-02-04 19:15:00+00:00,78.8499984741211,79.01000213623047,78.7249984741211,78.80999755859375,592393
2026-02-04 19:30:00+00:00,78.80999755859375,78.91999816894531,78.31999969482422,78.75,775509
2026-02-04 19:45:00+00:00,78.75,78.75,77.16000366210938,77.75,2851307
2026-02-04 20:00:00+00:00,77.75,78.05999755859375,77.69000244140625,77.81999969482422,402474
2026-02-04 20:15:00+00:00,77.83000183105469,78.0199966430664,77.75,77.91500091552734,224458
2026-02-04 20:30:00+00:00,77.9000015258789,78.25499725341797,77.88999938964844,78.08000183105469,177441
2026-02-04 20:45:00+00:00,78.08000183105469,78.08000183105469,77.83499908447266,77.86000061035156,295546
2026-02-05 14:30:00+00:00,76.86000061035156,77.01000213623047,76.58000183105469,76.83000183105469,633367
2026-02-05 14:45:00+00:00,76.77999877929688,77.08999633789062,76.74500274658203,76.95999908447266,228886
2026-02-05 15:00:00+00:00,76.95500183105469,76.98999786376953,76.6500015258789,76.66999816894531,250598
2026-02-05 15:15:00+00:00,76.66999816894531,76.9000015258789,76.19999694824219,76.29000091552734,241979
2026-02-05 15:30:00+00:00,76.31999969482422,76.36000061035156,75.87999725341797,76.25,327635
2026-02-05 15:45:00+00:00,76.25,76.37000274658203,76.11000061035156,76.33000183105469,231994
2026-02-05 16:00:00+00:00,76.31999969482422,76.62000274658203,76.0,76.12999725341797,364875
2026-02-05 16:15:00+00:00,76.08999633789062,76.5,76.08999633789062,76.4800033569336,250926
2026-02-05 16:30:00+00:00,76.49500274658203,76.80000305175781,76.47000122070312,76.77999877929688,255404
2026-02-05 16:45:00+00:00,76.77999877929688,76.98999786376953,76.69000244140625,76.97000122070312,147480
2026-02-05 17:00:00+00:00,76.9749984741211,76.98999786376953,76.79000091552734,76.80999755859375,157794
2026-02-05 17:15:00+00:00,76.80999755859375,77.08000183105469,76.7300033569336,76.95999908447266,160701
2026-02-05 17:30:00+00:00,76.98999786376953,77.18000030517578,76.91999816894531,77.08000183105469,151675
2026-02-05 17:45:00+00:00,77.08000183105469,77.30500030517578,76.93000030517578,76.98999786376953,148079
2026-02-05 18:00:00+00:00,76.9800033569336,77.0999984741211,76.91999816894531,76.95999908447266,116189
2026-02-05 18:15:00+00:00,76.9800033569336,76.98999786376953,76.69999694824219,76.73999786376953,146338
2026-02-05 18:30:00+00:00,76.75,76.87999725341797,76.68000030517578,76.80999755859375,78009
2026-02-05 18:45:00+00:00,76.81999969482422,76.88999938964844,76.6500015258789,76.73999786376953,99092
2026-02-05 19:00:00+00:00,76.73999786376953,76.80999755859375,76.63999938964844,76.76000213623047,117984
2026-02-05 19:15:00+00:00,76.76499938964844,76.87000274658203,76.58000183105469,76.62999725341797,286326
2026-02-05 19:30:00+00:00,76.62999725341797,76.66999816894531,76.25,76.47000122070312,386729
2026-02-05 19:45:00+00:00,76.47000122070312,76.61000061035156,76.47000122070312,76.56999969482422,170315
2026-02-05 20:00:00+00:00,76.56999969482422,76.86000061035156,76.53500366210938,76.8499984741211,175113
2026-02-05 20:15:00+00:00,76.8499984741211,76.86000061035156,76.72000122070312,76.76000213623047,78019
2026-02-05 20:30:00+00:00,76.76499938964844,76.83999633789062,76.62999725341797,76.66000366210938,138895
2026-02-05 20:45:00+00:00,76.66500091552734,76.71499633789062,76.5250015258789,76.69999694824219,388431
2026-02-06 14:30:00+00:00,76.22000122070312,76.7300033569336,76.16999816894531,76.63999938964844,890524
2026-02-06 14:45:00+00:00,76.6500015258789,77.11000061035156,76.48999786376953,76.95999908447266,335476
2026-02-06 15:00:00+00:00,76.94000244140625,77.43000030517578,76.94000244140625,77.33999633789062,325307
2026-02-06 15:15:00+00:00,77.3499984741211,77.45999908447266,77.16999816894531,77.37000274658203,238838
2026-02-06 15:30:00+00:00,77.27999877929688,77.38999938964844,77.2699966430664,77.28500366210938,577728
2026-02-06 15:45:00+00:00,77.29000091552734,77.73999786376953,77.125,77.56999969482422,370427
2026-02-06 16:00:00+00:00,77.44999694824219,77.6500015258789,77.31999969482422,77.56990051269531,229801
2026-02-06 16:15:00+00:00,77.56999969482422,77.73999786376953,77.54000091552734,77.68000030517578,157181
2026-02-06 16:30:00+00:00,77.68000030517578,77.79000091552734,77.51000213623047,77.58999633789062,204992
2026-02-06 16:45:00+00:00,77.58999633789062,77.81999969482422,77.55000305175781,77.7300033569336,111715
2026-02-06 17:00:00+00:00,77.7300033569336,77.87999725341797,77.66000366210938,77.81999969482422,143465
2026-02-06 17:15:00+00:00,77.83000183105469,77.9800033569336,77.80999755859375,77.9000015258789,222563
2026-02-06 17:30:00+00:00,77.91000366210938,77.94000244140625,77.7750015258789,77.79010009765625,110726
2026-02-06 17:45:00+00:00,77.77999877929688,77.98999786376953,77.73500061035156,77.93000030517578,125384
2026-02-06 18:00:00+00:00,77.87000274658203,77.95999908447266,77.80000305175781,77.95999908447266,126293
2026-02-06 18:15:00+00:00,77.96499633789062,77.97000122070312,77.37000274658203,77.75,395427
2026-02-06 18:30:00+00:00,77.74500274658203,77.7699966430664,77.55000305175781,77.61000061035156,145981
2026-02-06 18:45:00+00:00,77.61000061035156,77.70999908447266,77.5,77.55999755859375,137043
2026-02-06 19:00:00+00:00,77.55000305175781,77.55000305175781,77.22000122070312,77.2300033569336,179598
2026-02-06 19:15:00+00:00,77.2300033569336,77.31999969482422,76.9749984741211,77.0999984741211,318153
2026-02-06 19:30:00+00:00,77.08999633789062,77.08999633789062,76.94999694824219,77.04499816894531,142418
2026-02-06 19:45:00+00:00,77.04499816894531,77.08000183105469,76.88999938964844,76.91000366210938,217745
2026-02-06 20:00:00+00:00,76.9000015258789,76.92500305175781,76.83499908447266,76.8949966430664,190497
2026-02-06 20:15:00+00:00,76.8949966430664,76.95999908447266,76.75,76.91000366210938,205829
2026-02-06 20:30:00+00:00,76.9000015258789,76.9000015258789,76.73999786376953,76.87000274658203,143949
2026-02-06 20:45:00+00:00,76.87999725341797,77.00499725341797,76.87999725341797,76.98500061035156,252590
