timestamp,strategy_name,dataset_name,return_pct,sharpe_ratio,max_drawdown_pct,win_rate_pct,total_trades,status,wfa_status,wfa_oos_return_pct,wfa_degradation_pct,wfo_status,wfo_oos_return_pct,wfo_degradation_pct
2025-12-13T16:09:29.010044,50_50_mow_internal_scalp,unknown,,,,,,NO_OUTPUT,SKIPPED,,,SKIPPED,,
2025-12-13T16:09:30.223398,50_percent_retracement_scalp_mw_formation,unknown,0.0,,-0.0,,0,SUCCESS,SKIPPED,,,SKIPPED,,
2025-12-13T16:09:34.748823,asia_liquidity_grab_reversal,unknown,-1.1452112482218217,-2.375800525695934,-1.1452112482218224,0.0,3,SUCCESS,SKIPPED,,,SKIPPED,,
2025-12-13T16:09:41.277893,asia_liquidity_grab_reversal_uk_session,unknown,-1.222554740689142,-4.394780401830398,-1.2796378996774105,28.57142857142857,14,SUCCESS,SKIPPED,,,SKIPPED,,
2025-12-13T16:10:22.449005,asia_liquidity_grab_uk_reversal,unknown,0.0,,-0.0,,0,SUCCESS,SKIPPED,,,SKIPPED,,
2025-12-13T16:10:25.832021,asia_liquidity_grab_uk_session,unknown,-0.462308069385137,-2.734120902755234,-0.7168404417254526,36.36363636363637,11,SUCCESS,SKIPPED,,,SKIPPED,,
2025-12-13T16:10:28.146028,asia_liquidity_reversal_uk_session,unknown,,,,,,ERROR,SKIPPED,,,SKIPPED,,
2025-12-13T16:10:32.640994,asia_liquidity_sweep_reversal,unknown,1.0850476321906717,0.8275538559238415,-2.3144427705728,100.0,2,SUCCESS,SKIPPED,,,SKIPPED,,
2025-12-13T16:10:36.347585,asia_liquidity_sweep_reversal_uk_session,unknown,-2.2836647840449586e-05,-1.6237509064768678,-4.669331481466088e-05,0.0,26,SUCCESS,SKIPPED,,,SKIPPED,,
2025-12-13T16:10:39.377877,asia_range_liquidity_sweep_uk_reversal,unknown,,,,,,ERROR,SKIPPED,,,SKIPPED,,
2025-12-13T16:11:38.101967,asia_session_liquidity_grab_reversal,unknown,-0.15230444455434916,-1.2081401861032144,-0.3178912823026514,0.0,1,SUCCESS,SKIPPED,,,SKIPPED,,
2025-12-13T16:11:41.208141,bitcoin_monthly_moon_pivot,unknown,-4.483352818123752,-0.2780212318644776,-7.007424820255769,37.03703703703704,27,SUCCESS,SKIPPED,,,SKIPPED,,
2025-12-13T16:11:44.558214,corrective_wave_fade_with_volume_divergence,unknown,-15.978123474479187,-1.1909722840029202,-18.63459514499214,50.0,2,SUCCESS,SKIPPED,,,SKIPPED,,
2025-12-13T16:11:46.048988,ema_50_pullback_engulfing_continuation,unknown,-3.069983799999991,-0.07297911015562025,-14.111967271414072,40.0,10,SUCCESS,SKIPPED,,,SKIPPED,,
2025-12-13T16:11:48.896023,ema_structure_retest_15m,unknown,195.04406459999998,0.5614218400227043,-50.41472200047827,80.0,5,SUCCESS,SKIPPED,,,SKIPPED,,
2025-12-13T16:11:57.814155,fibonacci_50_reversal_scalp,unknown,0.0,,-0.0,,0,SUCCESS,SKIPPED,,,SKIPPED,,
2025-12-13T16:12:00.148829,fibonacci_center_peak_scalp,unknown,,,,,,ERROR,SKIPPED,,,SKIPPED,,
2025-12-13T16:14:46.618827,ict_asian_sweep_london_open,unknown,-6.7910058075220325,-6.407830878263151,-6.7910058075220325,0.0,18,SUCCESS,SKIPPED,,,SKIPPED,,
2025-12-13T16:14:54.372014,m15_ema_structure_retest,unknown,-4.178745722025269,-3.6596061676456335,-9.335579990970277,,0,SUCCESS,SKIPPED,,,SKIPPED,,
2025-12-13T16:14:59.307024,measured_50_percent_retracement_scalp,unknown,0.0,0.0,-0.0,,0,SUCCESS,SKIPPED,,,SKIPPED,,
2025-12-13T16:15:09.757993,measured_move_center_peak_scalp,unknown,24.003048819946123,305.5490745850237,-0.338200289716617,100.0,10,SUCCESS,SKIPPED,,,SKIPPED,,
2025-12-13T16:15:13.516077,measured_move_w_m_internal_scalp,unknown,0.0,,-0.0,,0,SUCCESS,SKIPPED,,,SKIPPED,,
2025-12-13T16:15:19.861592,mm_w_m_reversal_ema_target,unknown,-1.7306457999999838,-0.19863418989007658,-4.10622983968314,33.33333333333333,3,SUCCESS,SKIPPED,,,SKIPPED,,
2025-12-13T16:15:22.875313,predictable_candle_expansion_displacement_model,unknown,,,,,,ERROR,SKIPPED,,,SKIPPED,,
2025-12-13T16:15:24.307345,range_bar_pullback_continuation,unknown,-1.637305600000007,,-1.6373056000000052,0.0,1,SUCCESS,SKIPPED,,,SKIPPED,,
2025-12-13T16:15:36.563759,reversal_w_m_50ema_rsi,unknown,0.0,,-0.0,,0,SUCCESS,SKIPPED,,,SKIPPED,,
2025-12-13T16:15:38.977655,session_liquidity_grab_reversal,unknown,,,,,,ERROR,SKIPPED,,,SKIPPED,,
2025-12-13T16:16:24.400516,silver_bullet_fvg_retest,unknown,-2.0790240010636625,-0.13295086762437844,-10.270057296619417,21.052631578947366,19,SUCCESS,SKIPPED,,,SKIPPED,,
2025-12-13T16:16:27.229678,smc_rsi_divergence_scalper,unknown,,,,,,ERROR,SKIPPED,,,SKIPPED,,
2025-12-13T16:16:31.608714,uk_session_asia_liquidity_reversal,unknown,-2.186333442817573,-4.909100039502756,-2.2091064696791007,0.0,6,SUCCESS,SKIPPED,,,SKIPPED,,
2025-12-28T03:21:53.375717,vix_futures_carry_sp_hedge,BTCUSD_15m,,,,,,,,,ERROR,SKIPPED,,
2025-12-28T03:21:54.018449,vix_futures_carry_sp_hedge,BTC_4h,,,,,,,,,ERROR,SKIPPED,,
2025-12-28T03:21:54.793112,vix_futures_carry_sp_hedge,BTC_1h,,,,,,,,,ERROR,SKIPPED,,
2025-12-28T03:21:55.454088,vix_futures_carry_sp_hedge,BTC_15m,,,,,,,,,ERROR,SKIPPED,,
2025-12-28T03:21:56.051560,vix_futures_carry_sp_hedge,BTC_5m,,,,,,,,,ERROR,SKIPPED,,
2025-12-28T03:21:56.640085,vix_futures_carry_sp_hedge,BTC_1m,,,,,,,,,ERROR,SKIPPED,,
2025-12-28T03:33:13.685699,new_york_city_reversal_trade,BTCUSD_15m,,,,,,,,,ERROR,SKIPPED,,
2025-12-28T03:33:17.676774,unknown,BTCUSD_15m,,,,,,,,,SUCCESS,SKIPPED,,
2025-12-28T03:33:18.610299,tdi_shark_fin_entry_pattern,BTCUSD_15m,,,,,,,,,ERROR,SKIPPED,,
2025-12-28T03:33:19.205879,fama_french_next_day_predictive,BTCUSD_15m,,,,,,,,,ERROR,SKIPPED,,
2025-12-28T03:33:19.784940,new_york_city_reversal_trade,BTC_4h,,,,,,,,,ERROR,SKIPPED,,
2025-12-28T03:33:22.982361,unknown,BTC_4h,,,,,,,,,SUCCESS,SKIPPED,,
2025-12-28T03:33:23.652964,tdi_shark_fin_entry_pattern,BTC_4h,,,,,,,,,ERROR,SKIPPED,,
2025-12-28T03:33:24.214501,fama_french_next_day_predictive,BTC_4h,,,,,,,,,ERROR,SKIPPED,,
2025-12-28T03:33:24.769297,new_york_city_reversal_trade,BTC_1h,,,,,,,,,ERROR,SKIPPED,,
2025-12-28T03:33:28.158347,unknown,BTC_1h,,,,,,,,,SUCCESS,SKIPPED,,
2025-12-28T03:33:28.890642,tdi_shark_fin_entry_pattern,BTC_1h,,,,,,,,,ERROR,SKIPPED,,
2025-12-28T03:33:29.500340,fama_french_next_day_predictive,BTC_1h,,,,,,,,,ERROR,SKIPPED,,
2025-12-28T03:33:30.060282,new_york_city_reversal_trade,BTC_15m,,,,,,,,,ERROR,SKIPPED,,
2025-12-28T03:33:33.307073,unknown,BTC_15m,,,,,,,,,SUCCESS,SKIPPED,,
2025-12-28T03:33:33.987504,tdi_shark_fin_entry_pattern,BTC_15m,,,,,,,,,ERROR,SKIPPED,,
2025-12-28T03:33:34.560708,fama_french_next_day_predictive,BTC_15m,,,,,,,,,ERROR,SKIPPED,,
2025-12-28T03:33:35.116731,new_york_city_reversal_trade,BTC_5m,,,,,,,,,ERROR,SKIPPED,,
2025-12-28T03:33:38.245745,unknown,BTC_5m,,,,,,,,,SUCCESS,SKIPPED,,
2025-12-28T03:33:38.955415,tdi_shark_fin_entry_pattern,BTC_5m,,,,,,,,,ERROR,SKIPPED,,
2025-12-28T03:33:39.520106,fama_french_next_day_predictive,BTC_5m,,,,,,,,,ERROR,SKIPPED,,
2025-12-28T03:33:40.072627,new_york_city_reversal_trade,BTC_1m,,,,,,,,,ERROR,SKIPPED,,
2025-12-28T03:33:43.246207,unknown,BTC_1m,,,,,,,,,SUCCESS,SKIPPED,,
2025-12-28T03:33:43.912679,tdi_shark_fin_entry_pattern,BTC_1m,,,,,,,,,ERROR,SKIPPED,,
2025-12-28T03:33:44.483293,fama_french_next_day_predictive,BTC_1m,,,,,,,,,ERROR,SKIPPED,,
2025-12-28T03:34:46.896173,implied_moments_stock_selection,BTCUSD_15m,,,,,,,,,ERROR,SKIPPED,,
2025-12-28T03:34:49.405610,roe_bm_monthly_predictive_proxy,BTCUSD_15m,63.62550914000001,1.0067110073568326,,,,-28.683846328354633,45.45454545454545,11,SUCCESS,SKIPPED,,
2025-12-28T03:34:49.985156,volume_price_analysis_reversal_detection,BTCUSD_15m,,,,,,,,,ERROR,SKIPPED,,
2025-12-28T03:34:52.052073,forward_price_model_deviation,BTCUSD_15m,,,,,,,,,SUCCESS,SKIPPED,,
2025-12-28T03:34:52.318171,bollinger_band_mean_reversion,BTCUSD_15m,,,,,,,,,ERROR,SKIPPED,,
2025-12-28T03:34:52.573659,strategy_80a6fe07c176,BTCUSD_15m,,,,,,,,,ERROR,SKIPPED,,
2025-12-28T03:34:55.050367,unknown,BTCUSD_15m,,,,,,,,,SUCCESS,SKIPPED,,
2025-12-28T03:34:55.600368,unhedged_carry_trade,BTCUSD_15m,,,,,,,,,ERROR,SKIPPED,,
2025-12-28T03:34:55.854399,quantitative_momentum_stock_selection,BTCUSD_15m,,,,,,,,,ERROR,SKIPPED,,
2025-12-28T03:34:56.125882,time_series_momentum,BTCUSD_15m,,,,,,,,,ERROR,SKIPPED,,
2025-12-28T03:35:00.191284,unknown,BTCUSD_15m,,,,,,,,,SUCCESS,SKIPPED,,
2025-12-28T03:35:07.767166,unknown,BTCUSD_15m,,,,,,,,,SUCCESS,SKIPPED,,
2025-12-28T03:35:09.101694,strategy_c150aaf9610b,BTCUSD_15m,,,,,,,,,ERROR,SKIPPED,,
2025-12-28T03:35:09.687543,implied_moments_stock_selection,BTC_4h,,,,,,,,,ERROR,SKIPPED,,
2025-12-28T03:35:12.285280,roe_bm_monthly_predictive_proxy,BTC_4h,63.62550914000001,1.0067110073568326,,,,-28.683846328354633,45.45454545454545,11,SUCCESS,SKIPPED,,
2025-12-28T03:35:12.879100,volume_price_analysis_reversal_detection,BTC_4h,,,,,,,,,ERROR,SKIPPED,,
2025-12-28T03:35:14.931848,forward_price_model_deviation,BTC_4h,,,,,,,,,SUCCESS,SKIPPED,,
2025-12-28T03:35:15.198706,bollinger_band_mean_reversion,BTC_4h,,,,,,,,,ERROR,SKIPPED,,
2025-12-28T03:35:15.454458,strategy_80a6fe07c176,BTC_4h,,,,,,,,,ERROR,SKIPPED,,
2025-12-28T03:35:17.949128,unknown,BTC_4h,,,,,,,,,SUCCESS,SKIPPED,,
2025-12-28T03:35:18.505781,unhedged_carry_trade,BTC_4h,,,,,,,,,ERROR,SKIPPED,,
2025-12-28T03:35:18.764416,quantitative_momentum_stock_selection,BTC_4h,,,,,,,,,ERROR,SKIPPED,,
2025-12-28T03:35:19.021795,time_series_momentum,BTC_4h,,,,,,,,,ERROR,SKIPPED,,
2025-12-28T03:35:22.379098,unknown,BTC_4h,,,,,,,,,SUCCESS,SKIPPED,,
2025-12-28T03:35:27.541534,unknown,BTC_4h,,,,,,,,,SUCCESS,SKIPPED,,
2025-12-28T03:35:28.456022,strategy_c150aaf9610b,BTC_4h,,,,,,,,,ERROR,SKIPPED,,
2025-12-28T03:35:29.070636,implied_moments_stock_selection,BTC_1h,,,,,,,,,ERROR,SKIPPED,,
2025-12-28T03:35:31.562803,roe_bm_monthly_predictive_proxy,BTC_1h,63.62550914000001,1.0067110073568326,,,,-28.683846328354633,45.45454545454545,11,SUCCESS,SKIPPED,,
2025-12-28T03:35:32.154758,volume_price_analysis_reversal_detection,BTC_1h,,,,,,,,,ERROR,SKIPPED,,
2025-12-28T03:35:34.171752,forward_price_model_deviation,BTC_1h,,,,,,,,,SUCCESS,SKIPPED,,
2025-12-28T03:35:34.437599,bollinger_band_mean_reversion,BTC_1h,,,,,,,,,ERROR,SKIPPED,,
2025-12-28T03:35:34.693164,strategy_80a6fe07c176,BTC_1h,,,,,,,,,ERROR,SKIPPED,,
2025-12-28T03:35:37.296092,unknown,BTC_1h,,,,,,,,,SUCCESS,SKIPPED,,
2025-12-28T03:35:37.870433,unhedged_carry_trade,BTC_1h,,,,,,,,,ERROR,SKIPPED,,
2025-12-28T03:35:38.143065,quantitative_momentum_stock_selection,BTC_1h,,,,,,,,,ERROR,SKIPPED,,
2025-12-28T03:35:38.405670,time_series_momentum,BTC_1h,,,,,,,,,ERROR,SKIPPED,,
2025-12-28T03:35:41.566894,unknown,BTC_1h,,,,,,,,,SUCCESS,SKIPPED,,
2025-12-28T03:35:46.815279,unknown,BTC_1h,,,,,,,,,SUCCESS,SKIPPED,,
2025-12-28T03:35:47.791035,strategy_c150aaf9610b,BTC_1h,,,,,,,,,ERROR,SKIPPED,,
2025-12-28T03:35:48.418620,implied_moments_stock_selection,BTC_15m,,,,,,,,,ERROR,SKIPPED,,
2025-12-28T03:35:50.943077,roe_bm_monthly_predictive_proxy,BTC_15m,63.62550914000001,1.0067110073568326,,,,-28.683846328354633,45.45454545454545,11,SUCCESS,SKIPPED,,
2025-12-28T03:35:51.535127,volume_price_analysis_reversal_detection,BTC_15m,,,,,,,,,ERROR,SKIPPED,,
2025-12-28T03:35:53.600717,forward_price_model_deviation,BTC_15m,,,,,,,,,SUCCESS,SKIPPED,,
2025-12-28T03:35:53.864636,bollinger_band_mean_reversion,BTC_15m,,,,,,,,,ERROR,SKIPPED,,
2025-12-28T03:35:54.121208,strategy_80a6fe07c176,BTC_15m,,,,,,,,,ERROR,SKIPPED,,
2025-12-28T03:35:56.784917,unknown,BTC_15m,,,,,,,,,SUCCESS,SKIPPED,,
2025-12-28T03:35:57.419919,unhedged_carry_trade,BTC_15m,,,,,,,,,ERROR,SKIPPED,,
2025-12-28T03:35:57.694908,quantitative_momentum_stock_selection,BTC_15m,,,,,,,,,ERROR,SKIPPED,,
2025-12-28T03:35:57.959278,time_series_momentum,BTC_15m,,,,,,,,,ERROR,SKIPPED,,
2025-12-28T03:36:01.218815,unknown,BTC_15m,,,,,,,,,SUCCESS,SKIPPED,,
2025-12-28T03:36:06.384062,unknown,BTC_15m,,,,,,,,,SUCCESS,SKIPPED,,
2025-12-28T03:36:07.417316,strategy_c150aaf9610b,BTC_15m,,,,,,,,,ERROR,SKIPPED,,
2025-12-28T03:36:08.082913,implied_moments_stock_selection,BTC_5m,,,,,,,,,ERROR,SKIPPED,,
2025-12-28T03:36:10.564409,roe_bm_monthly_predictive_proxy,BTC_5m,63.62550914000001,1.0067110073568326,,,,-28.683846328354633,45.45454545454545,11,SUCCESS,SKIPPED,,
2025-12-28T03:36:11.162146,volume_price_analysis_reversal_detection,BTC_5m,,,,,,,,,ERROR,SKIPPED,,
2025-12-28T03:36:13.191791,forward_price_model_deviation,BTC_5m,,,,,,,,,SUCCESS,SKIPPED,,
2025-12-28T03:36:13.455738,bollinger_band_mean_reversion,BTC_5m,,,,,,,,,ERROR,SKIPPED,,
2025-12-28T03:36:13.712572,strategy_80a6fe07c176,BTC_5m,,,,,,,,,ERROR,SKIPPED,,
2025-12-28T03:36:16.354909,unknown,BTC_5m,,,,,,,,,SUCCESS,SKIPPED,,
2025-12-28T03:36:16.943878,unhedged_carry_trade,BTC_5m,,,,,,,,,ERROR,SKIPPED,,
2025-12-28T03:36:17.199908,quantitative_momentum_stock_selection,BTC_5m,,,,,,,,,ERROR,SKIPPED,,
2025-12-28T03:36:17.465876,time_series_momentum,BTC_5m,,,,,,,,,ERROR,SKIPPED,,
2025-12-28T03:36:20.706843,unknown,BTC_5m,,,,,,,,,SUCCESS,SKIPPED,,
2025-12-28T03:36:25.867416,unknown,BTC_5m,,,,,,,,,SUCCESS,SKIPPED,,
2025-12-28T03:36:26.980572,strategy_c150aaf9610b,BTC_5m,,,,,,,,,ERROR,SKIPPED,,
2025-12-28T03:36:27.659268,implied_moments_stock_selection,BTC_1m,,,,,,,,,ERROR,SKIPPED,,
2025-12-28T03:36:30.190776,roe_bm_monthly_predictive_proxy,BTC_1m,63.62550914000001,1.0067110073568326,,,,-28.683846328354633,45.45454545454545,11,SUCCESS,SKIPPED,,
2025-12-28T03:36:30.807151,volume_price_analysis_reversal_detection,BTC_1m,,,,,,,,,ERROR,SKIPPED,,
2025-12-28T03:36:32.906070,forward_price_model_deviation,BTC_1m,,,,,,,,,SUCCESS,SKIPPED,,
2025-12-28T03:36:33.180753,bollinger_band_mean_reversion,BTC_1m,,,,,,,,,ERROR,SKIPPED,,
2025-12-28T03:36:33.437723,strategy_80a6fe07c176,BTC_1m,,,,,,,,,ERROR,SKIPPED,,
2025-12-28T03:36:36.007021,unknown,BTC_1m,,,,,,,,,SUCCESS,SKIPPED,,
2025-12-28T03:36:36.616937,unhedged_carry_trade,BTC_1m,,,,,,,,,ERROR,SKIPPED,,
2025-12-28T03:36:36.919387,quantitative_momentum_stock_selection,BTC_1m,,,,,,,,,ERROR,SKIPPED,,
2025-12-28T03:36:37.186959,time_series_momentum,BTC_1m,,,,,,,,,ERROR,SKIPPED,,
2025-12-28T03:36:40.646400,unknown,BTC_1m,,,,,,,,,SUCCESS,SKIPPED,,
2025-12-28T03:36:45.856018,unknown,BTC_1m,,,,,,,,,SUCCESS,SKIPPED,,
2025-12-28T03:36:46.732441,strategy_c150aaf9610b,BTC_1m,,,,,,,,,ERROR,SKIPPED,,
2025-12-28T03:37:49.172642,cross_sectional_momentum,BTCUSD_15m,,,,,,,,,ERROR,SKIPPED,,
2025-12-28T03:37:49.720274,smb_sector_breakout_long,BTCUSD_15m,,,,,,,,,ERROR,SKIPPED,,
2025-12-28T03:37:53.328838,option_lower_bound_arbitrage_call,BTCUSD_15m,,,,,,,,,SUCCESS,SKIPPED,,
2025-12-28T03:37:53.878361,smb_sma_reclaim_long,BTCUSD_15m,,,,,,,,,ERROR,SKIPPED,,
2025-12-28T03:37:54.616453,smb_ma_dip_buy,BTCUSD_15m,,,,,,,,,ERROR,SKIPPED,,
2025-12-28T03:37:55.187775,smb_ipo_day_3_reversion,BTCUSD_15m,,,,,,,,,ERROR,SKIPPED,,
2025-12-28T03:37:59.576645,four_step_framework,BTCUSD_15m,0.0,,,,,-0.0,,0,SUCCESS,SKIPPED,,
2025-12-28T03:38:00.148579,contrarian_cycle_psychology,BTCUSD_15m,,,,,,,,,ERROR,SKIPPED,,
2025-12-28T03:38:05.619114,one_candle_expansion,BTCUSD_15m,,,,,,,,,SUCCESS,SKIPPED,,
2025-12-28T03:38:06.598459,strategy_0e23de68a8d6,BTCUSD_15m,,,,,,,,,ERROR,SKIPPED,,
2025-12-28T03:38:07.339331,cross_sectional_momentum,BTC_4h,,,,,,,,,ERROR,SKIPPED,,
2025-12-28T03:38:07.897209,smb_sector_breakout_long,BTC_4h,,,,,,,,,ERROR,SKIPPED,,
2025-12-28T03:38:11.155840,option_lower_bound_arbitrage_call,BTC_4h,,,,,,,,,SUCCESS,SKIPPED,,
2025-12-28T03:38:11.631949,smb_sma_reclaim_long,BTC_4h,,,,,,,,,ERROR,SKIPPED,,
2025-12-28T03:38:12.376287,smb_ma_dip_buy,BTC_4h,,,,,,,,,ERROR,SKIPPED,,
2025-12-28T03:38:12.990390,smb_ipo_day_3_reversion,BTC_4h,,,,,,,,,ERROR,SKIPPED,,
2025-12-28T03:38:17.458176,four_step_framework,BTC_4h,0.0,,,,,-0.0,,0,SUCCESS,SKIPPED,,
2025-12-28T03:38:18.038235,contrarian_cycle_psychology,BTC_4h,,,,,,,,,ERROR,SKIPPED,,
2025-12-28T03:38:23.538336,one_candle_expansion,BTC_4h,,,,,,,,,SUCCESS,SKIPPED,,
2025-12-28T03:38:24.639550,strategy_0e23de68a8d6,BTC_4h,,,,,,,,,ERROR,SKIPPED,,
2025-12-28T03:38:25.244975,cross_sectional_momentum,BTC_1h,,,,,,,,,ERROR,SKIPPED,,
2025-12-28T03:38:25.795258,smb_sector_breakout_long,BTC_1h,,,,,,,,,ERROR,SKIPPED,,
2025-12-28T03:38:29.014913,option_lower_bound_arbitrage_call,BTC_1h,,,,,,,,,SUCCESS,SKIPPED,,
2025-12-28T03:38:29.593997,smb_sma_reclaim_long,BTC_1h,,,,,,,,,ERROR,SKIPPED,,
2025-12-28T03:38:30.335045,smb_ma_dip_buy,BTC_1h,,,,,,,,,ERROR,SKIPPED,,
2025-12-28T03:38:30.899381,smb_ipo_day_3_reversion,BTC_1h,,,,,,,,,ERROR,SKIPPED,,
2025-12-28T03:38:35.257719,four_step_framework,BTC_1h,0.0,,,,,-0.0,,0,SUCCESS,SKIPPED,,
2025-12-28T03:38:36.093736,contrarian_cycle_psychology,BTC_1h,,,,,,,,,ERROR,SKIPPED,,
2025-12-28T03:38:41.497723,one_candle_expansion,BTC_1h,,,,,,,,,SUCCESS,SKIPPED,,
2025-12-28T03:38:42.825915,strategy_0e23de68a8d6,BTC_1h,,,,,,,,,ERROR,SKIPPED,,
2025-12-28T03:38:43.503461,cross_sectional_momentum,BTC_15m,,,,,,,,,ERROR,SKIPPED,,
2025-12-28T03:38:44.089122,smb_sector_breakout_long,BTC_15m,,,,,,,,,ERROR,SKIPPED,,
2025-12-28T03:38:47.434034,option_lower_bound_arbitrage_call,BTC_15m,,,,,,,,,SUCCESS,SKIPPED,,
2025-12-28T03:38:48.141256,smb_sma_reclaim_long,BTC_15m,,,,,,,,,ERROR,SKIPPED,,
2025-12-28T03:38:48.806755,smb_ma_dip_buy,BTC_15m,,,,,,,,,ERROR,SKIPPED,,
2025-12-28T03:38:49.416538,smb_ipo_day_3_reversion,BTC_15m,,,,,,,,,ERROR,SKIPPED,,
2025-12-28T03:38:54.081712,four_step_framework,BTC_15m,0.0,,,,,-0.0,,0,SUCCESS,SKIPPED,,
2025-12-28T03:38:54.699842,contrarian_cycle_psychology,BTC_15m,,,,,,,,,ERROR,SKIPPED,,
2025-12-28T03:39:00.243394,one_candle_expansion,BTC_15m,,,,,,,,,SUCCESS,SKIPPED,,
2025-12-28T03:39:01.456822,strategy_0e23de68a8d6,BTC_15m,,,,,,,,,ERROR,SKIPPED,,
2025-12-28T03:39:02.077104,cross_sectional_momentum,BTC_5m,,,,,,,,,ERROR,SKIPPED,,
2025-12-28T03:39:02.643975,smb_sector_breakout_long,BTC_5m,,,,,,,,,ERROR,SKIPPED,,
2025-12-28T03:39:06.325867,option_lower_bound_arbitrage_call,BTC_5m,,,,,,,,,SUCCESS,SKIPPED,,
2025-12-28T03:39:06.790012,smb_sma_reclaim_long,BTC_5m,,,,,,,,,ERROR,SKIPPED,,
2025-12-28T03:39:08.233876,smb_ma_dip_buy,BTC_5m,,,,,,,,,ERROR,SKIPPED,,
2025-12-28T03:39:08.841967,smb_ipo_day_3_reversion,BTC_5m,,,,,,,,,ERROR,SKIPPED,,
2025-12-28T03:39:13.297569,four_step_framework,BTC_5m,0.0,,,,,-0.0,,0,SUCCESS,SKIPPED,,
2025-12-28T03:39:13.844355,contrarian_cycle_psychology,BTC_5m,,,,,,,,,ERROR,SKIPPED,,
2025-12-28T03:39:19.391855,one_candle_expansion,BTC_5m,,,,,,,,,SUCCESS,SKIPPED,,
2025-12-28T03:39:20.469251,strategy_0e23de68a8d6,BTC_5m,,,,,,,,,ERROR,SKIPPED,,
2025-12-28T03:39:21.242485,cross_sectional_momentum,BTC_1m,,,,,,,,,ERROR,SKIPPED,,
2025-12-28T03:39:21.809327,smb_sector_breakout_long,BTC_1m,,,,,,,,,ERROR,SKIPPED,,
2025-12-28T03:39:25.160922,option_lower_bound_arbitrage_call,BTC_1m,,,,,,,,,SUCCESS,SKIPPED,,
2025-12-28T03:39:25.813595,smb_sma_reclaim_long,BTC_1m,,,,,,,,,ERROR,SKIPPED,,
2025-12-28T03:39:26.573293,smb_ma_dip_buy,BTC_1m,,,,,,,,,ERROR,SKIPPED,,
2025-12-28T03:39:27.134372,smb_ipo_day_3_reversion,BTC_1m,,,,,,,,,ERROR,SKIPPED,,
2025-12-28T03:39:31.556805,four_step_framework,BTC_1m,0.0,,,,,-0.0,,0,SUCCESS,SKIPPED,,
2025-12-28T03:39:32.252361,contrarian_cycle_psychology,BTC_1m,,,,,,,,,ERROR,SKIPPED,,
2025-12-28T03:39:37.929158,one_candle_expansion,BTC_1m,,,,,,,,,SUCCESS,SKIPPED,,
2025-12-28T03:39:38.948103,strategy_0e23de68a8d6,BTC_1m,,,,,,,,,ERROR,SKIPPED,,
2025-12-28T15:31:15.639437,market_maker_swing_trade,BTCUSD_15m,,,,,,,,,SUCCESS,SKIPPED,,
2025-12-28T15:31:17.439392,second_leg_m_or_w_setup,BTCUSD_15m,,,,,,,,,ERROR,SKIPPED,,
2025-12-28T15:31:23.193768,unknown,BTCUSD_15m,,,,,,,,,SUCCESS,SKIPPED,,
2025-12-28T15:31:23.602591,smb_rsi_pullback_short,BTCUSD_15m,,,,,,,,,ERROR,SKIPPED,,
2025-12-28T15:31:28.177387,unknown,BTCUSD_15m,,,,,,,,,SUCCESS,SKIPPED,,
2025-12-28T15:31:28.571573,smb_intraday_momentum_breakout,BTCUSD_15m,,,,,,,,,ERROR,SKIPPED,,
2025-12-28T15:31:29.509837,fama_french_three_factor_predictive_long_short_equity,BTCUSD_15m,,,,,,,,,ERROR,SKIPPED,,
2025-12-28T15:31:30.366407,random_forest_spy_daily_returns,BTCUSD_15m,,,,,,,,,ERROR,SKIPPED,,
2025-12-28T15:31:37.372330,market_maker_swing_trade,BTC_4h,,,,,,,,,SUCCESS,SKIPPED,,
2025-12-28T15:31:38.377104,second_leg_m_or_w_setup,BTC_4h,,,,,,,,,ERROR,SKIPPED,,
2025-12-28T15:31:44.426981,unknown,BTC_4h,,,,,,,,,SUCCESS,SKIPPED,,
2025-12-28T15:31:44.941653,smb_rsi_pullback_short,BTC_4h,,,,,,,,,ERROR,SKIPPED,,
2025-12-28T15:31:49.721494,unknown,BTC_4h,,,,,,,,,SUCCESS,SKIPPED,,
2025-12-28T15:31:50.147837,smb_intraday_momentum_breakout,BTC_4h,,,,,,,,,ERROR,SKIPPED,,
2025-12-28T15:31:51.421804,fama_french_three_factor_predictive_long_short_equity,BTC_4h,,,,,,,,,ERROR,SKIPPED,,
2025-12-28T15:31:52.350112,random_forest_spy_daily_returns,BTC_4h,,,,,,,,,ERROR,SKIPPED,,
2025-12-28T15:31:59.628180,market_maker_swing_trade,BTC_1h,,,,,,,,,SUCCESS,SKIPPED,,
2025-12-28T15:32:01.099025,second_leg_m_or_w_setup,BTC_1h,,,,,,,,,ERROR,SKIPPED,,
2025-12-28T15:32:07.841214,unknown,BTC_1h,,,,,,,,,SUCCESS,SKIPPED,,
2025-12-28T15:32:08.289046,smb_rsi_pullback_short,BTC_1h,,,,,,,,,ERROR,SKIPPED,,
2025-12-28T15:32:12.998448,unknown,BTC_1h,,,,,,,,,SUCCESS,SKIPPED,,
2025-12-28T15:32:13.438552,smb_intraday_momentum_breakout,BTC_1h,,,,,,,,,ERROR,SKIPPED,,
2025-12-28T15:32:14.373331,fama_french_three_factor_predictive_long_short_equity,BTC_1h,,,,,,,,,ERROR,SKIPPED,,
2025-12-28T15:32:15.288900,random_forest_spy_daily_returns,BTC_1h,,,,,,,,,ERROR,SKIPPED,,
2025-12-28T15:32:22.496014,market_maker_swing_trade,BTC_15m,,,,,,,,,SUCCESS,SKIPPED,,
2025-12-28T15:32:23.713292,second_leg_m_or_w_setup,BTC_15m,,,,,,,,,ERROR,SKIPPED,,
2025-12-28T15:32:29.976218,unknown,BTC_15m,,,,,,,,,SUCCESS,SKIPPED,,
2025-12-28T15:32:30.485679,smb_rsi_pullback_short,BTC_15m,,,,,,,,,ERROR,SKIPPED,,
2025-12-28T15:32:35.835240,unknown,BTC_15m,,,,,,,,,SUCCESS,SKIPPED,,
2025-12-28T15:32:36.434190,smb_intraday_momentum_breakout,BTC_15m,,,,,,,,,ERROR,SKIPPED,,
2025-12-28T15:32:37.722752,fama_french_three_factor_predictive_long_short_equity,BTC_15m,,,,,,,,,ERROR,SKIPPED,,
2025-12-28T15:32:39.157932,random_forest_spy_daily_returns,BTC_15m,,,,,,,,,ERROR,SKIPPED,,
2025-12-28T15:32:54.347809,market_maker_swing_trade,BTC_5m,,,,,,,,,SUCCESS,SKIPPED,,
2025-12-28T15:32:56.874063,second_leg_m_or_w_setup,BTC_5m,,,,,,,,,ERROR,SKIPPED,,
2025-12-28T15:33:10.685199,unknown,BTC_5m,,,,,,,,,SUCCESS,SKIPPED,,
2025-12-28T15:33:11.784488,smb_rsi_pullback_short,BTC_5m,,,,,,,,,ERROR,SKIPPED,,
2025-12-28T15:33:24.404383,unknown,BTC_5m,,,,,,,,,SUCCESS,SKIPPED,,
2025-12-28T15:33:25.582352,smb_intraday_momentum_breakout,BTC_5m,,,,,,,,,ERROR,SKIPPED,,
2025-12-28T15:33:27.815116,fama_french_three_factor_predictive_long_short_equity,BTC_5m,,,,,,,,,ERROR,SKIPPED,,
2025-12-28T15:33:29.519759,random_forest_spy_daily_returns,BTC_5m,,,,,,,,,ERROR,SKIPPED,,
2025-12-28T15:33:42.589573,market_maker_swing_trade,BTC_1m,,,,,,,,,SUCCESS,SKIPPED,,
2025-12-28T15:33:43.959709,second_leg_m_or_w_setup,BTC_1m,,,,,,,,,ERROR,SKIPPED,,
2025-12-28T15:33:51.211202,unknown,BTC_1m,,,,,,,,,SUCCESS,SKIPPED,,
2025-12-28T15:33:51.786495,smb_rsi_pullback_short,BTC_1m,,,,,,,,,ERROR,SKIPPED,,
2025-12-28T15:33:57.778541,unknown,BTC_1m,,,,,,,,,SUCCESS,SKIPPED,,
2025-12-28T15:33:58.463936,smb_intraday_momentum_breakout,BTC_1m,,,,,,,,,ERROR,SKIPPED,,
2025-12-28T15:33:59.508230,fama_french_three_factor_predictive_long_short_equity,BTC_1m,,,,,,,,,ERROR,SKIPPED,,
2025-12-28T15:34:00.710304,random_forest_spy_daily_returns,BTC_1m,,,,,,,,,ERROR,SKIPPED,,
2025-12-28T15:35:04.283931,fibonacci_symmetry_setup,BTCUSD_15m,,,,,,,,,ERROR,SKIPPED,,
2025-12-28T15:35:04.681582,second_leg_m_or_w_reversal,BTCUSD_15m,,,,,,,,,ERROR,SKIPPED,,
2025-12-28T15:35:08.375347,a_plus_setup_four_step_framework,BTCUSD_15m,0.0,,,,,-0.0,,0,SUCCESS,SKIPPED,,
2025-12-28T15:36:46.327252,swing_trade_conversion,BTCUSD_15m,,,,,,,,,ERROR,SKIPPED,,
2025-12-28T15:36:52.786801,measured_move_50_percent_retracement_scalp,BTCUSD_15m,,,,,,,,,ERROR,SKIPPED,,
2025-12-28T15:36:53.615256,strategy_8169561ffc86,BTCUSD_15m,,,,,,,,,ERROR,SKIPPED,,
2025-12-28T15:36:54.443210,fama_french_three_factor_long_short_equity,BTCUSD_15m,,,,,,,,,ERROR,SKIPPED,,
2025-12-28T15:36:59.829016,smart_money_predictable_candle_expansion,BTCUSD_15m,0.0,,,,,-0.0,,0,SUCCESS,SKIPPED,,
2025-12-28T15:37:01.713307,vix_futures_carry_hedged,BTCUSD_15m,-66.96392292000004,-7.978364042557941,,,,-71.37235515735757,30.181818181818183,275,SUCCESS,SKIPPED,,
2025-12-28T15:37:25.315731,measured_move_50_50_reversal_scalp,BTCUSD_15m,3.232047044285544,1.6602492919268794,,,,-2.6024618922841913,14.285714285714285,14,SUCCESS,SKIPPED,,
2025-12-28T15:37:26.667969,btc_monthly_pivot_moon_cycle,BTCUSD_15m,,,,,,,,,ERROR,SKIPPED,,
2025-12-28T15:37:27.507403,ema_200_reversal__hold_the_mayo_,BTCUSD_15m,,,,,,,,,ERROR,SKIPPED,,
2025-12-28T15:37:28.335671,gann_long_swing_trend_following,BTCUSD_15m,,,,,,,,,ERROR,SKIPPED,,
2025-12-28T15:37:30.021484,elliott_wave_fifth_wave_extension_reversal,BTCUSD_15m,,,,,,,,,ERROR,SKIPPED,,
2025-12-28T15:37:31.614581,three_three_reversal,BTCUSD_15m,,,,,,,,,ERROR,SKIPPED,,
2025-12-28T15:37:33.106009,mow_center_peak_50_percent_scalp,BTCUSD_15m,-1.2869703807999904,,,,,-5.426940227782895,0.0,1,SUCCESS,SKIPPED,,
2025-12-28T15:37:40.045630,fibonacci_50_percent_mow_scalp,BTCUSD_15m,-21.817272620909296,-25018070.77300384,,,,-21.82540629409697,1.9230769230769231,52,SUCCESS,SKIPPED,,
2025-12-28T15:37:41.093398,strategy_60b879d7ab6f,BTCUSD_15m,,,,,,,,,ERROR,SKIPPED,,
2025-12-28T15:37:41.924198,strategy_67b6e1e2ef4a,BTCUSD_15m,,,,,,,,,ERROR,SKIPPED,,
2025-12-28T15:37:46.436781,unknown,BTCUSD_15m,,,,,,,,,SUCCESS,SKIPPED,,
2025-12-28T15:37:47.456681,weinstein_stage4_short_sell,BTCUSD_15m,,,,,,,,,ERROR,SKIPPED,,
2025-12-28T15:37:49.119441,fibonacci_symmetry_setup,BTC_4h,,,,,,,,,ERROR,SKIPPED,,
2025-12-28T15:37:49.510211,second_leg_m_or_w_reversal,BTC_4h,,,,,,,,,ERROR,SKIPPED,,
2025-12-28T15:37:53.013263,a_plus_setup_four_step_framework,BTC_4h,0.0,,,,,-0.0,,0,SUCCESS,SKIPPED,,
2025-12-28T15:39:52.460813,swing_trade_conversion,BTC_4h,,,,,,,,,ERROR,SKIPPED,,
2025-12-28T15:40:02.363640,measured_move_50_percent_retracement_scalp,BTC_4h,0.0,,,,,-0.0,0.0,0,SUCCESS,SKIPPED,,
2025-12-28T15:40:03.754653,strategy_8169561ffc86,BTC_4h,,,,,,,,,ERROR,SKIPPED,,
2025-12-28T15:40:04.647851,fama_french_three_factor_long_short_equity,BTC_4h,,,,,,,,,ERROR,SKIPPED,,
2025-12-28T15:40:10.478681,smart_money_predictable_candle_expansion,BTC_4h,0.0,,,,,-0.0,,0,SUCCESS,SKIPPED,,
2025-12-28T15:40:12.257602,vix_futures_carry_hedged,BTC_4h,-66.96392292000004,-7.978364042557941,,,,-71.37235515735757,30.181818181818183,275,SUCCESS,SKIPPED,,
2025-12-28T15:40:38.522215,measured_move_50_50_reversal_scalp,BTC_4h,3.232047044285544,1.6602492919268794,,,,-2.6024618922841913,14.285714285714285,14,SUCCESS,SKIPPED,,
2025-12-28T15:40:40.500975,btc_monthly_pivot_moon_cycle,BTC_4h,,,,,,,,,ERROR,SKIPPED,,
2025-12-28T15:40:41.663118,ema_200_reversal__hold_the_mayo_,BTC_4h,,,,,,,,,ERROR,SKIPPED,,
2025-12-28T15:40:42.788447,gann_long_swing_trend_following,BTC_4h,,,,,,,,,ERROR,SKIPPED,,
2025-12-28T15:40:44.742681,elliott_wave_fifth_wave_extension_reversal,BTC_4h,,,,,,,,,ERROR,SKIPPED,,
2025-12-28T15:40:46.512083,three_three_reversal,BTC_4h,,,,,,,,,ERROR,SKIPPED,,
2025-12-28T15:40:48.144441,mow_center_peak_50_percent_scalp,BTC_4h,2.7514109969604323,,,,,-1.3866350072390343,25.0,4,SUCCESS,SKIPPED,,
2025-12-28T15:40:55.984697,fibonacci_50_percent_mow_scalp,BTC_4h,-22.4026413919161,-39585629.72373399,,,,-22.419416820216075,1.8518518518518516,54,SUCCESS,SKIPPED,,
2025-12-28T15:40:56.967883,strategy_60b879d7ab6f,BTC_4h,,,,,,,,,ERROR,SKIPPED,,
2025-12-28T15:40:57.799608,strategy_67b6e1e2ef4a,BTC_4h,,,,,,,,,ERROR,SKIPPED,,
2025-12-28T15:41:02.697580,unknown,BTC_4h,,,,,,,,,SUCCESS,SKIPPED,,
2025-12-28T15:41:04.280412,weinstein_stage4_short_sell,BTC_4h,,,,,,,,,ERROR,SKIPPED,,
2025-12-28T15:41:06.754160,fibonacci_symmetry_setup,BTC_1h,,,,,,,,,ERROR,SKIPPED,,
2025-12-28T15:41:07.240872,second_leg_m_or_w_reversal,BTC_1h,,,,,,,,,ERROR,SKIPPED,,
2025-12-28T15:41:12.697980,a_plus_setup_four_step_framework,BTC_1h,0.0,,,,,-0.0,,0,SUCCESS,SKIPPED,,
2025-12-28T15:42:50.084767,swing_trade_conversion,BTC_1h,,,,,,,,,ERROR,SKIPPED,,
2025-12-28T15:42:58.349949,measured_move_50_percent_retracement_scalp,BTC_1h,,,,,,,,,ERROR,SKIPPED,,
2025-12-28T15:42:59.191817,strategy_8169561ffc86,BTC_1h,,,,,,,,,ERROR,SKIPPED,,
2025-12-28T15:43:00.059519,fama_french_three_factor_long_short_equity,BTC_1h,,,,,,,,,ERROR,SKIPPED,,
2025-12-28T15:43:05.513154,smart_money_predictable_candle_expansion,BTC_1h,0.0,,,,,-0.0,,0,SUCCESS,SKIPPED,,
2025-12-28T15:43:07.487974,vix_futures_carry_hedged,BTC_1h,-66.96392292000004,-7.978364042557941,,,,-71.37235515735757,30.181818181818183,275,SUCCESS,SKIPPED,,
2025-12-28T15:43:31.317161,measured_move_50_50_reversal_scalp,BTC_1h,3.232047044285544,1.6602492919268794,,,,-2.6024618922841913,14.285714285714285,14,SUCCESS,SKIPPED,,
2025-12-28T15:43:32.681077,btc_monthly_pivot_moon_cycle,BTC_1h,,,,,,,,,ERROR,SKIPPED,,
2025-12-28T15:43:33.642066,ema_200_reversal__hold_the_mayo_,BTC_1h,,,,,,,,,ERROR,SKIPPED,,
2025-12-28T15:43:34.519061,gann_long_swing_trend_following,BTC_1h,,,,,,,,,ERROR,SKIPPED,,
2025-12-28T15:43:36.180349,elliott_wave_fifth_wave_extension_reversal,BTC_1h,,,,,,,,,ERROR,SKIPPED,,
2025-12-28T15:43:37.813337,three_three_reversal,BTC_1h,,,,,,,,,ERROR,SKIPPED,,
2025-12-28T15:43:39.289769,mow_center_peak_50_percent_scalp,BTC_1h,2.222650676627949,,,,,-1.9507078804542943,20.0,5,SUCCESS,SKIPPED,,
2025-12-28T15:43:46.255012,fibonacci_50_percent_mow_scalp,BTC_1h,-22.08755353723481,-30205469.810165733,,,,-22.12249414410391,1.8867924528301887,53,SUCCESS,SKIPPED,,
2025-12-28T15:43:47.111740,strategy_60b879d7ab6f,BTC_1h,,,,,,,,,ERROR,SKIPPED,,
2025-12-28T15:43:47.942642,strategy_67b6e1e2ef4a,BTC_1h,,,,,,,,,ERROR,SKIPPED,,
2025-12-28T15:43:52.706390,unknown,BTC_1h,,,,,,,,,SUCCESS,SKIPPED,,
2025-12-28T15:43:53.780589,weinstein_stage4_short_sell,BTC_1h,,,,,,,,,ERROR,SKIPPED,,
2025-12-28T15:43:55.620644,fibonacci_symmetry_setup,BTC_15m,,,,,,,,,ERROR,SKIPPED,,
2025-12-28T15:43:56.014134,second_leg_m_or_w_reversal,BTC_15m,,,,,,,,,ERROR,SKIPPED,,
2025-12-28T15:43:59.490814,a_plus_setup_four_step_framework,BTC_15m,0.0,,,,,-0.0,,0,SUCCESS,SKIPPED,,
2025-12-28T15:45:50.324081,swing_trade_conversion,BTC_15m,,,,,,,,,ERROR,SKIPPED,,
2025-12-28T15:45:58.428389,measured_move_50_percent_retracement_scalp,BTC_15m,,,,,,,,,ERROR,SKIPPED,,
2025-12-28T15:45:59.331626,strategy_8169561ffc86,BTC_15m,,,,,,,,,ERROR,SKIPPED,,
2025-12-28T15:46:00.259155,fama_french_three_factor_long_short_equity,BTC_15m,,,,,,,,,ERROR,SKIPPED,,
2025-12-28T15:46:05.995847,smart_money_predictable_candle_expansion,BTC_15m,0.0,,,,,-0.0,,0,SUCCESS,SKIPPED,,
2025-12-28T15:46:08.027078,vix_futures_carry_hedged,BTC_15m,-66.96392292000004,-7.978364042557941,,,,-71.37235515735757,30.181818181818183,275,SUCCESS,SKIPPED,,
2025-12-28T15:46:34.456562,measured_move_50_50_reversal_scalp,BTC_15m,3.232047044285544,1.6602492919268794,,,,-2.6024618922841913,14.285714285714285,14,SUCCESS,SKIPPED,,
2025-12-28T15:46:35.948427,btc_monthly_pivot_moon_cycle,BTC_15m,,,,,,,,,ERROR,SKIPPED,,
2025-12-28T15:46:36.784896,ema_200_reversal__hold_the_mayo_,BTC_15m,,,,,,,,,ERROR,SKIPPED,,
2025-12-28T15:46:37.724277,gann_long_swing_trend_following,BTC_15m,,,,,,,,,ERROR,SKIPPED,,
2025-12-28T15:46:39.403134,elliott_wave_fifth_wave_extension_reversal,BTC_15m,,,,,,,,,ERROR,SKIPPED,,
2025-12-28T15:46:41.010505,three_three_reversal,BTC_15m,,,,,,,,,ERROR,SKIPPED,,
2025-12-28T15:46:42.484348,mow_center_peak_50_percent_scalp,BTC_15m,4.244527994762044,,,,,-0.8902472881216261,50.0,2,SUCCESS,SKIPPED,,
2025-12-28T15:46:44.184670,fibonacci_50_percent_mow_scalp,BTC_15m,,,,,,,,,ERROR,SKIPPED,,
2025-12-28T15:46:45.025546,strategy_60b879d7ab6f,BTC_15m,,,,,,,,,ERROR,SKIPPED,,
2025-12-28T15:46:45.848087,strategy_67b6e1e2ef4a,BTC_15m,,,,,,,,,ERROR,SKIPPED,,
2025-12-28T15:46:50.387012,unknown,BTC_15m,,,,,,,,,SUCCESS,SKIPPED,,
2025-12-28T15:46:51.762247,weinstein_stage4_short_sell,BTC_15m,,,,,,,,,ERROR,SKIPPED,,
2025-12-28T15:46:53.373982,fibonacci_symmetry_setup,BTC_5m,,,,,,,,,ERROR,SKIPPED,,
2025-12-28T15:46:53.777403,second_leg_m_or_w_reversal,BTC_5m,,,,,,,,,ERROR,SKIPPED,,
2025-12-28T15:46:57.292408,a_plus_setup_four_step_framework,BTC_5m,0.0,,,,,-0.0,,0,SUCCESS,SKIPPED,,
2025-12-28T15:48:33.947000,swing_trade_conversion,BTC_5m,,,,,,,,,ERROR,SKIPPED,,
2025-12-28T15:48:42.292277,measured_move_50_percent_retracement_scalp,BTC_5m,,,,,,,,,ERROR,SKIPPED,,
2025-12-28T15:48:43.109464,strategy_8169561ffc86,BTC_5m,,,,,,,,,ERROR,SKIPPED,,
2025-12-28T15:48:43.925755,fama_french_three_factor_long_short_equity,BTC_5m,,,,,,,,,ERROR,SKIPPED,,
2025-12-28T15:48:49.943867,smart_money_predictable_candle_expansion,BTC_5m,0.0,,,,,-0.0,,0,SUCCESS,SKIPPED,,
2025-12-28T15:48:52.981468,vix_futures_carry_hedged,BTC_5m,-66.96392292000004,-7.978364042557941,,,,-71.37235515735757,30.181818181818183,275,SUCCESS,SKIPPED,,
2025-12-28T15:49:18.590551,measured_move_50_50_reversal_scalp,BTC_5m,3.232047044285544,1.6602492919268794,,,,-2.6024618922841913,14.285714285714285,14,SUCCESS,SKIPPED,,
2025-12-28T15:49:20.104468,btc_monthly_pivot_moon_cycle,BTC_5m,,,,,,,,,ERROR,SKIPPED,,
2025-12-28T15:49:20.950687,ema_200_reversal__hold_the_mayo_,BTC_5m,,,,,,,,,ERROR,SKIPPED,,
2025-12-28T15:49:21.789203,gann_long_swing_trend_following,BTC_5m,,,,,,,,,ERROR,SKIPPED,,
2025-12-28T15:49:23.636746,elliott_wave_fifth_wave_extension_reversal,BTC_5m,,,,,,,,,ERROR,SKIPPED,,
2025-12-28T15:49:25.439985,three_three_reversal,BTC_5m,,,,,,,,,ERROR,SKIPPED,,
2025-12-28T15:49:27.094013,mow_center_peak_50_percent_scalp,BTC_5m,4.887894092686343,,,,,-0.9552807225114424,100.0,1,SUCCESS,SKIPPED,,
2025-12-28T15:49:28.998253,fibonacci_50_percent_mow_scalp,BTC_5m,,,,,,,,,ERROR,SKIPPED,,
2025-12-28T15:49:29.834129,strategy_60b879d7ab6f,BTC_5m,,,,,,,,,ERROR,SKIPPED,,
2025-12-28T15:49:30.688316,strategy_67b6e1e2ef4a,BTC_5m,,,,,,,,,ERROR,SKIPPED,,
2025-12-28T15:49:35.749735,unknown,BTC_5m,,,,,,,,,SUCCESS,SKIPPED,,
2025-12-28T15:49:38.682169,weinstein_stage4_short_sell,BTC_5m,,,,,,,,,ERROR,SKIPPED,,
2025-12-28T15:49:44.924556,fibonacci_symmetry_setup,BTC_1m,,,,,,,,,ERROR,SKIPPED,,
2025-12-28T15:49:45.820106,second_leg_m_or_w_reversal,BTC_1m,,,,,,,,,ERROR,SKIPPED,,
2025-12-28T15:49:57.560984,a_plus_setup_four_step_framework,BTC_1m,0.0,,,,,-0.0,,0,SUCCESS,SKIPPED,,
2025-12-28T15:51:40.333169,swing_trade_conversion,BTC_1m,,,,,,,,,ERROR,SKIPPED,,
2025-12-28T15:51:47.037674,measured_move_50_percent_retracement_scalp,BTC_1m,,,,,,,,,ERROR,SKIPPED,,
2025-12-28T15:51:47.971886,strategy_8169561ffc86,BTC_1m,,,,,,,,,ERROR,SKIPPED,,
2025-12-28T15:51:48.789031,fama_french_three_factor_long_short_equity,BTC_1m,,,,,,,,,ERROR,SKIPPED,,
2025-12-28T15:51:54.364959,smart_money_predictable_candle_expansion,BTC_1m,0.0,,,,,-0.0,,0,SUCCESS,SKIPPED,,
2025-12-28T15:51:56.576858,vix_futures_carry_hedged,BTC_1m,-66.96392292000004,-7.978364042557941,,,,-71.37235515735757,30.181818181818183,275,SUCCESS,SKIPPED,,
2025-12-28T15:52:25.618355,measured_move_50_50_reversal_scalp,BTC_1m,3.232047044285544,1.6602492919268794,,,,-2.6024618922841913,14.285714285714285,14,SUCCESS,SKIPPED,,
2025-12-28T15:52:29.664442,btc_monthly_pivot_moon_cycle,BTC_1m,,,,,,,,,ERROR,SKIPPED,,
2025-12-28T15:52:30.692795,ema_200_reversal__hold_the_mayo_,BTC_1m,,,,,,,,,ERROR,SKIPPED,,
2025-12-28T15:52:31.557123,gann_long_swing_trend_following,BTC_1m,,,,,,,,,ERROR,SKIPPED,,
2025-12-28T15:52:33.813417,elliott_wave_fifth_wave_extension_reversal,BTC_1m,,,,,,,,,ERROR,SKIPPED,,
2025-12-28T15:52:35.500874,three_three_reversal,BTC_1m,,,,,,,,,ERROR,SKIPPED,,
2025-12-28T15:52:36.981710,mow_center_peak_50_percent_scalp,BTC_1m,2.316085844361922,,,,,-1.8564450704553481,25.0,4,SUCCESS,SKIPPED,,
2025-12-28T15:52:43.910045,fibonacci_50_percent_mow_scalp,BTC_1m,-23.50195527157531,-98323819.98861332,,,,-23.513088700414343,1.7543859649122806,57,SUCCESS,SKIPPED,,
2025-12-28T15:52:44.756212,strategy_60b879d7ab6f,BTC_1m,,,,,,,,,ERROR,SKIPPED,,
2025-12-28T15:52:45.578375,strategy_67b6e1e2ef4a,BTC_1m,,,,,,,,,ERROR,SKIPPED,,
2025-12-28T15:52:50.339250,unknown,BTC_1m,,,,,,,,,SUCCESS,SKIPPED,,
2025-12-28T15:52:52.214586,weinstein_stage4_short_sell,BTC_1m,,,,,,,,,ERROR,SKIPPED,,
2025-12-30T04:12:59.461469,cross_sectional_momentum,BTCUSD_15m,,,,,,,SKIPPED,,,SKIPPED,,
2025-12-30T04:12:59.503765,cross_sectional_momentum,BTC_4h,,,,,,,SKIPPED,,,SKIPPED,,
2025-12-30T23:03:10.853765,weinstein_stage2_investor_breakout,BTCUSD_15m,,,,,,ERROR,ERROR,,,ERROR,,
2025-12-30T23:03:11.023163,weinstein_stage2_investor_breakout,BTC_4h,,,,,,ERROR,ERROR,,,ERROR,,
2025-12-30T23:03:11.246043,weinstein_stage2_investor_breakout,BTC_1h,,,,,,ERROR,ERROR,,,ERROR,,
2025-12-30T23:03:12.181116,weinstein_stage2_investor_breakout,BTC_15m,,,,,,ERROR,ERROR,,,ERROR,,
2025-12-30T23:03:13.223616,weinstein_stage2_investor_breakout,BTC_5m,,,,,,ERROR,ERROR,,,ERROR,,
2025-12-30T23:03:17.523267,weinstein_stage2_investor_breakout,BTC_1m,,,,,,ERROR,ERROR,,,ERROR,,
2025-12-30T23:03:47.709649,roe_bm_monthly_predictive_proxy,BTCUSD_15m,63.62550914000001,1.0067110073568326,-28.683846328354633,45.45454545454545,11,SUCCESS,FAIL,-1.1149380468750023,,FAIL,-1.1149380468750023,
2025-12-30T23:04:05.643535,roe_bm_monthly_predictive_proxy,BTC_4h,63.62550914000001,1.0067110073568326,-28.683846328354633,45.45454545454545,11,SUCCESS,FAIL,-50.536862260000014,,FAIL,-50.536862260000014,
2025-12-30T23:04:34.090619,roe_bm_monthly_predictive_proxy,BTC_1h,63.62550914000001,1.0067110073568326,-28.683846328354633,45.45454545454545,11,SUCCESS,FAIL,-40.980285660000014,,FAIL,-40.980285660000014,
2025-12-30T23:05:49.202535,roe_bm_monthly_predictive_proxy,BTC_15m,63.62550914000001,1.0067110073568326,-28.683846328354633,45.45454545454545,11,SUCCESS,FAIL,-31.11443146000001,,FAIL,-31.11443146000001,
2025-12-30T23:09:06.938748,roe_bm_monthly_predictive_proxy,BTC_5m,63.62550914000001,1.0067110073568326,-28.683846328354633,45.45454545454545,11,SUCCESS,FAIL,-19.27210804000002,,FAIL,-19.27210804000002,
2025-12-30T23:10:08.292784,roe_bm_monthly_predictive_proxy,BTCUSD_15m,63.62550914000001,1.0067110073568326,-28.683846328354633,45.45454545454545,11,SUCCESS,FAIL,-1.1149380468750023,,FAIL,-1.1149380468750023,
2025-12-30T23:10:15.454180,roe_bm_monthly_predictive_proxy,BTC_4h,63.62550914000001,1.0067110073568326,-28.683846328354633,45.45454545454545,11,SUCCESS,FAIL,-50.536862260000014,,FAIL,-50.536862260000014,
2025-12-30T23:10:40.621329,roe_bm_monthly_predictive_proxy,BTC_1h,63.62550914000001,1.0067110073568326,-28.683846328354633,45.45454545454545,11,SUCCESS,FAIL,-40.980285660000014,,FAIL,-40.980285660000014,
2025-12-30T23:11:58.256945,roe_bm_monthly_predictive_proxy,BTC_15m,63.62550914000001,1.0067110073568326,-28.683846328354633,45.45454545454545,11,SUCCESS,FAIL,-31.11443146000001,,FAIL,-31.11443146000001,
2025-12-30T23:15:21.699619,roe_bm_monthly_predictive_proxy,BTC_5m,63.62550914000001,1.0067110073568326,-28.683846328354633,45.45454545454545,11,SUCCESS,FAIL,-19.27210804000002,,FAIL,-19.27210804000002,
2025-12-30T23:22:03.383347,roe_bm_monthly_predictive_proxy,BTC_1m,63.62550914000001,1.0067110073568326,-28.683846328354633,45.45454545454545,11,SUCCESS,FAIL,-5.98798685999999,,FAIL,-5.98798685999999,
2025-12-30T23:22:04.304942,american_option_optimal_exercise,BTCUSD_15m,,,,,,NO_OUTPUT,ERROR,,,ERROR,,
2025-12-30T23:22:04.335437,american_option_optimal_exercise,BTC_4h,,,,,,NO_OUTPUT,ERROR,,,ERROR,,
2025-12-30T23:22:04.416163,american_option_optimal_exercise,BTC_1h,,,,,,NO_OUTPUT,ERROR,,,ERROR,,
2025-12-30T23:22:04.660352,american_option_optimal_exercise,BTC_15m,,,,,,NO_OUTPUT,ERROR,,,ERROR,,
2025-12-30T23:22:05.320723,american_option_optimal_exercise,BTC_5m,,,,,,NO_OUTPUT,ERROR,,,ERROR,,
2025-12-30T23:22:06.416677,american_option_optimal_exercise,BTC_1m,,,,,,NO_OUTPUT,ERROR,,,ERROR,,
2025-12-30T23:22:17.190516,a_plus_setup_four_step_framework,BTCUSD_15m,0.0,,-0.0,,0,SUCCESS,FAIL,0.0,,ERROR,,
2025-12-30T23:22:20.309142,a_plus_setup_four_step_framework,BTC_4h,0.0,,-0.0,,0,SUCCESS,FAIL,0.0,,ERROR,,
2025-12-30T23:22:36.496083,a_plus_setup_four_step_framework,BTC_1h,0.0,,-0.0,,0,SUCCESS,FAIL,0.0,,ERROR,,
2025-12-30T23:23:38.000992,a_plus_setup_four_step_framework,BTC_15m,0.0,,-0.0,,0,SUCCESS,FAIL,0.0,,ERROR,,
2025-12-30T23:29:27.567578,a_plus_setup_four_step_framework,BTC_5m,0.0,,-0.0,,0,SUCCESS,FAIL,0.0,,ERROR,,
2025-12-30T23:45:41.492068,a_plus_setup_four_step_framework,BTC_1m,0.0,,-0.0,,0,SUCCESS,FAIL,0.0,,ERROR,,
2025-12-30T23:46:33.652984,ict_predictive_candle_expansion,BTCUSD_15m,,,,,,ERROR,ERROR,,,ERROR,,
2025-12-30T23:46:33.719243,ict_predictive_candle_expansion,BTC_4h,,,,,,ERROR,ERROR,,,ERROR,,
2025-12-30T23:46:33.840335,ict_predictive_candle_expansion,BTC_1h,,,,,,ERROR,ERROR,,,ERROR,,
2025-12-30T23:46:34.149736,ict_predictive_candle_expansion,BTC_15m,,,,,,ERROR,ERROR,,,ERROR,,
2025-12-30T23:46:53.769681,roe_bm_monthly_predictive_proxy,BTCUSD_15m,63.62550914000001,1.0067110073568326,-28.683846328354633,45.45454545454545,11,SUCCESS,FAIL,-1.1149380468750023,,FAIL,-1.1149380468750023,
2025-12-30T23:47:01.579826,roe_bm_monthly_predictive_proxy,BTC_4h,63.62550914000001,1.0067110073568326,-28.683846328354633,45.45454545454545,11,SUCCESS,FAIL,-50.536862260000014,,FAIL,-50.536862260000014,
2025-12-30T23:47:28.332921,roe_bm_monthly_predictive_proxy,BTC_1h,63.62550914000001,1.0067110073568326,-28.683846328354633,45.45454545454545,11,SUCCESS,FAIL,-40.980285660000014,,FAIL,-40.980285660000014,
2025-12-30T23:48:49.255091,roe_bm_monthly_predictive_proxy,BTC_15m,63.62550914000001,1.0067110073568326,-28.683846328354633,45.45454545454545,11,SUCCESS,FAIL,-31.11443146000001,,FAIL,-31.11443146000001,
2025-12-30T23:52:15.584058,roe_bm_monthly_predictive_proxy,BTC_5m,63.62550914000001,1.0067110073568326,-28.683846328354633,45.45454545454545,11,SUCCESS,FAIL,-19.27210804000002,,FAIL,-19.27210804000002,
2025-12-31T00:00:00.349776,roe_bm_monthly_predictive_proxy,BTC_1m,63.62550914000001,1.0067110073568326,-28.683846328354633,45.45454545454545,11,SUCCESS,FAIL,-5.98798685999999,,FAIL,-5.98798685999999,
2025-12-31T00:00:11.601526,a_plus_setup_four_step_framework,BTCUSD_15m,0.0,,-0.0,,0,SUCCESS,FAIL,0.0,,ERROR,,
2025-12-31T00:00:14.893304,a_plus_setup_four_step_framework,BTC_4h,0.0,,-0.0,,0,SUCCESS,FAIL,0.0,,ERROR,,
2025-12-31T00:00:30.973695,a_plus_setup_four_step_framework,BTC_1h,0.0,,-0.0,,0,SUCCESS,FAIL,0.0,,ERROR,,
2025-12-31T00:01:21.901615,a_plus_setup_four_step_framework,BTC_15m,0.0,,-0.0,,0,SUCCESS,FAIL,0.0,,ERROR,,
2025-12-31T00:06:26.321212,a_plus_setup_four_step_framework,BTC_5m,0.0,,-0.0,,0,SUCCESS,FAIL,0.0,,ERROR,,
2025-12-31T00:19:43.869142,a_plus_setup_four_step_framework,BTC_1m,0.0,,-0.0,,0,SUCCESS,FAIL,0.0,,ERROR,,
2025-12-31T00:19:46.691474,gann_principles_trend_following,BTCUSD_15m,,,,,,ERROR,ERROR,,,ERROR,,
2025-12-31T00:19:46.800291,gann_principles_trend_following,BTC_4h,,,,,,ERROR,ERROR,,,ERROR,,
2025-12-31T00:19:47.023805,gann_principles_trend_following,BTC_1h,,,,,,ERROR,ERROR,,,ERROR,,
2025-12-31T00:19:47.374602,gann_principles_trend_following,BTC_15m,,,,,,ERROR,ERROR,,,ERROR,,
2025-12-31T00:19:48.284123,gann_principles_trend_following,BTC_5m,,,,,,ERROR,ERROR,,,ERROR,,
2025-12-31T00:19:49.575849,gann_principles_trend_following,BTC_1m,,,,,,ERROR,ERROR,,,ERROR,,
2025-12-31T00:19:51.168953,henrik_indices_breakout_scalping,BTCUSD_15m,,,,,,ERROR,ERROR,,,ERROR,,
2025-12-31T00:19:51.198732,henrik_indices_breakout_scalping,BTC_4h,,,,,,ERROR,ERROR,,,ERROR,,
2025-12-31T00:19:51.290654,henrik_indices_breakout_scalping,BTC_1h,,,,,,ERROR,ERROR,,,ERROR,,
2025-12-31T00:19:51.647957,henrik_indices_breakout_scalping,BTC_15m,,,,,,ERROR,ERROR,,,ERROR,,
2025-12-31T00:19:52.411866,henrik_indices_breakout_scalping,BTC_5m,,,,,,ERROR,ERROR,,,ERROR,,
2025-12-31T00:19:53.801179,henrik_indices_breakout_scalping,BTC_1m,,,,,,ERROR,ERROR,,,ERROR,,
2025-12-31T00:21:24.754755,black_scholes_european_option_delta_hedging,BTCUSD_15m,35.4402896697,2.0878770485747813,-5.221681359598806,96.09704641350211,948,SUCCESS,FAIL,0.0,,ERROR,,
2025-12-31T00:21:56.212591,black_scholes_european_option_delta_hedging,BTC_4h,35.4402896697,2.0878770485747813,-5.221681359598806,96.09704641350211,948,SUCCESS,FAIL,0.0,,ERROR,,
2025-12-31T00:23:32.256112,black_scholes_european_option_delta_hedging,BTC_1h,35.4402896697,2.0878770485747813,-5.221681359598806,96.09704641350211,948,SUCCESS,FAIL,0.0,,ERROR,,
2025-12-31T00:27:50.719469,black_scholes_european_option_delta_hedging,BTC_15m,35.4402896697,2.0878770485747813,-5.221681359598806,96.09704641350211,948,SUCCESS,FAIL,0.0,,ERROR,,
2025-12-31T00:38:19.541301,black_scholes_european_option_delta_hedging,BTC_5m,35.4402896697,2.0878770485747813,-5.221681359598806,96.09704641350211,948,SUCCESS,FAIL,0.0,,ERROR,,
2025-12-31T01:00:07.177727,black_scholes_european_option_delta_hedging,BTC_1m,35.4402896697,2.0878770485747813,-5.221681359598806,96.09704641350211,948,SUCCESS,FAIL,0.0,,ERROR,,
2025-12-31T01:00:08.078752,time_series_predictive_hold,BTCUSD_15m,,,,,,ERROR,ERROR,,,ERROR,,
2025-12-31T01:00:08.111566,time_series_predictive_hold,BTC_4h,,,,,,ERROR,ERROR,,,ERROR,,
2025-12-31T01:00:08.203226,time_series_predictive_hold,BTC_1h,,,,,,ERROR,ERROR,,,ERROR,,
2025-12-31T01:00:08.487571,time_series_predictive_hold,BTC_15m,,,,,,ERROR,ERROR,,,ERROR,,
2025-12-31T01:00:09.291329,time_series_predictive_hold,BTC_5m,,,,,,ERROR,ERROR,,,ERROR,,
2025-12-31T01:00:10.944766,time_series_predictive_hold,BTC_1m,,,,,,ERROR,ERROR,,,ERROR,,
2025-12-31T01:00:13.961640,unknown,BTCUSD_15m,,,,,,SUCCESS,ERROR,,,ERROR,,
2025-12-31T01:00:14.040185,unknown,BTC_4h,,,,,,SUCCESS,ERROR,,,ERROR,,
2025-12-31T01:00:14.384445,unknown,BTC_1h,,,,,,SUCCESS,ERROR,,,ERROR,,
2025-12-31T01:00:15.520438,unknown,BTC_15m,,,,,,SUCCESS,ERROR,,,ERROR,,
2025-12-31T01:00:17.406094,unknown,BTC_5m,,,,,,SUCCESS,ERROR,,,ERROR,,
2025-12-31T01:00:19.134985,unknown,BTC_1m,,,,,,SUCCESS,ERROR,,,ERROR,,
2025-12-31T01:00:26.906175,unknown,BTCUSD_15m,,,,,,SUCCESS,PASS,7.565173609374994,-0.05202662685733217,PASS,7.565173609374994,-0.05202662685733217
2025-12-31T01:00:28.630581,unknown,BTC_4h,,,,,,SUCCESS,FAIL,-31.730493799999998,,FAIL,-31.730493799999998,
2025-12-31T01:00:31.782795,unknown,BTC_1h,,,,,,SUCCESS,FAIL,-24.06196824000003,,ERROR,,
2025-12-31T01:00:39.541692,unknown,BTC_15m,,,,,,SUCCESS,PASS,8.015955079999985,,ERROR,,
2025-12-31T01:01:04.971228,unknown,BTC_5m,,,,,,SUCCESS,FAIL,-12.987319620000125,,ERROR,,
2025-12-31T01:01:44.307800,unknown,BTC_1m,,,,,,SUCCESS,FAIL,-0.6802121999999945,,ERROR,,
2025-12-31T01:01:55.530470,unknown,BTCUSD_15m,,,,,,SUCCESS,FAIL,-11.240371458750028,,ERROR,,
2025-12-31T01:01:58.833194,unknown,BTC_4h,,,,,,SUCCESS,FAIL,-25.15967360880006,,ERROR,,
2025-12-31T01:02:13.946271,unknown,BTC_1h,,,,,,SUCCESS,FAIL,-33.431598650400076,,ERROR,,
2025-12-31T01:03:54.436590,unknown,BTC_15m,,,,,,SUCCESS,FAIL,-24.31036163920004,,ERROR,,
2025-12-31T01:10:07.614874,unknown,BTC_5m,,,,,,SUCCESS,FAIL,-24.93001281699998,,ERROR,,
2025-12-31T01:28:07.675172,unknown,BTC_1m,,,,,,SUCCESS,FAIL,-1.2527056199999933,,ERROR,,
2025-12-31T01:28:09.185941,strategy_430cfcb9b84a,BTCUSD_15m,,,,,,ERROR,ERROR,,,ERROR,,
2025-12-31T01:28:09.292461,strategy_430cfcb9b84a,BTC_4h,,,,,,ERROR,ERROR,,,ERROR,,
2025-12-31T01:28:09.634915,strategy_430cfcb9b84a,BTC_1h,,,,,,ERROR,ERROR,,,ERROR,,
2025-12-31T01:28:10.136784,strategy_430cfcb9b84a,BTC_15m,,,,,,ERROR,ERROR,,,ERROR,,
2025-12-31T01:28:10.845077,strategy_430cfcb9b84a,BTC_5m,,,,,,ERROR,ERROR,,,ERROR,,
2025-12-31T01:28:12.049892,strategy_430cfcb9b84a,BTC_1m,,,,,,ERROR,ERROR,,,ERROR,,
2025-12-31T01:28:12.606292,strategy_9b06d97de898,BTCUSD_15m,,,,,,ERROR,ERROR,,,ERROR,,
2025-12-31T01:28:12.630416,strategy_9b06d97de898,BTC_4h,,,,,,ERROR,ERROR,,,ERROR,,
2025-12-31T01:28:12.703778,strategy_9b06d97de898,BTC_1h,,,,,,ERROR,ERROR,,,ERROR,,
2025-12-31T01:28:12.937908,strategy_9b06d97de898,BTC_15m,,,,,,ERROR,ERROR,,,ERROR,,
2025-12-31T01:28:13.538935,strategy_9b06d97de898,BTC_5m,,,,,,ERROR,ERROR,,,ERROR,,
2025-12-31T01:28:14.569576,strategy_9b06d97de898,BTC_1m,,,,,,ERROR,ERROR,,,ERROR,,
2025-12-31T01:28:15.718900,strategy_180734962f7a,BTCUSD_15m,,,,,,ERROR,ERROR,,,ERROR,,
2025-12-31T01:28:15.752235,strategy_180734962f7a,BTC_4h,,,,,,ERROR,ERROR,,,ERROR,,
2025-12-31T01:28:15.830892,strategy_180734962f7a,BTC_1h,,,,,,ERROR,ERROR,,,ERROR,,
2025-12-31T01:28:16.076559,strategy_180734962f7a,BTC_15m,,,,,,ERROR,ERROR,,,ERROR,,
2025-12-31T01:28:16.747997,strategy_180734962f7a,BTC_5m,,,,,,ERROR,ERROR,,,ERROR,,
2025-12-31T01:28:17.773475,strategy_180734962f7a,BTC_1m,,,,,,ERROR,ERROR,,,ERROR,,
2025-12-31T01:28:19.073229,monday_morning_sentiment_reversal,BTCUSD_15m,,,,,,ERROR,FAIL,-1.9129775781250062,,FAIL,-1.9129775781250062,
2025-12-31T01:28:19.567204,monday_morning_sentiment_reversal,BTC_4h,,,,,,ERROR,FAIL,-13.21532811660001,,FAIL,-13.21532811660001,
2025-12-31T01:28:20.930759,monday_morning_sentiment_reversal,BTC_1h,,,,,,ERROR,FAIL,-8.922775306800016,,FAIL,-8.922775306800016,
2025-12-31T01:28:24.943304,monday_morning_sentiment_reversal,BTC_15m,,,,,,ERROR,FAIL,-13.002184076400008,,FAIL,-13.002184076400008,
2025-12-31T01:28:36.063982,monday_morning_sentiment_reversal,BTC_5m,,,,,,ERROR,FAIL,-16.34818844119998,,FAIL,-16.34818844119998,
2025-12-31T01:28:54.908718,monday_morning_sentiment_reversal,BTC_1m,,,,,,ERROR,FAIL,0.0,,FAIL,0.0,
2025-12-31T01:28:58.937473,unexpected_news_initial_reaction_play,BTCUSD_15m,,,,,,ERROR,FAIL,0.0,,ERROR,,
2025-12-31T01:29:02.950059,unexpected_news_initial_reaction_play,BTC_4h,,,,,,ERROR,FAIL,0.0,,ERROR,,
2025-12-31T01:29:14.323005,unexpected_news_initial_reaction_play,BTC_1h,,,,,,ERROR,FAIL,0.0,,ERROR,,
2025-12-31T01:29:49.501414,unexpected_news_initial_reaction_play,BTC_15m,,,,,,ERROR,FAIL,0.0,,ERROR,,
2025-12-31T01:31:35.367819,unexpected_news_initial_reaction_play,BTC_5m,,,,,,ERROR,FAIL,0.0,,ERROR,,
2025-12-31T01:34:26.870954,unexpected_news_initial_reaction_play,BTC_1m,,,,,,ERROR,FAIL,0.0,,ERROR,,
2025-12-31T01:34:34.091248,fifty_two_week_high_relative_strength,BTCUSD_15m,,,,,,SUCCESS,FAIL,2.262874406250005,,ERROR,,
2025-12-31T01:34:35.807273,fifty_two_week_high_relative_strength,BTC_4h,,,,,,SUCCESS,PASS,27.376576627999967,-0.785693782480497,ERROR,,
2025-12-31T01:34:39.456618,fifty_two_week_high_relative_strength,BTC_1h,,,,,,SUCCESS,PASS,15.882192079999966,-0.10662058798302709,ERROR,,
2025-12-31T01:34:48.497854,fifty_two_week_high_relative_strength,BTC_15m,,,,,,SUCCESS,FAIL,-1.6554471239999549,,ERROR,,
2025-12-31T01:35:13.719609,fifty_two_week_high_relative_strength,BTC_5m,,,,,,SUCCESS,FAIL,11.136705160000012,0.8014231238932479,ERROR,,
2025-12-31T01:36:00.396483,fifty_two_week_high_relative_strength,BTC_1m,,,,,,SUCCESS,FAIL,0.0,,ERROR,,
2025-12-31T01:36:28.036767,unknown,BTCUSD_15m,,,,,,SUCCESS,FAIL,-11.173376937500027,,ERROR,,
2025-12-31T01:37:07.558056,unknown,BTC_4h,,,,,,SUCCESS,FAIL,-16.859154660000073,,ERROR,,
2025-12-31T01:39:50.566771,unknown,BTC_1h,,,,,,SUCCESS,FAIL,-24.76292298000006,,ERROR,,
2025-12-31T01:50:34.005338,unknown,BTC_15m,,,,,,SUCCESS,FAIL,-25.215189939999895,,FAIL,-25.215189939999895,
2025-12-31T02:33:13.499047,unknown,BTC_5m,,,,,,SUCCESS,FAIL,-24.47722918000001,,FAIL,-24.47722918000001,
2025-12-31T03:23:32.075496,unknown,BTC_1m,,,,,,SUCCESS,FAIL,-1.2869655800000184,,FAIL,-1.2869655800000184,
2025-12-31T03:24:29.574989,unknown,BTCUSD_15m,,,,,,SUCCESS,PASS,3.11048553125,-7.27486632340845,ERROR,,
2025-12-31T03:24:39.928535,unknown,BTC_4h,,,,,,SUCCESS,FAIL,-2.747264839999989,,ERROR,,
2025-12-31T03:25:16.394706,unknown,BTC_1h,,,,,,SUCCESS,PASS,13.00656726000004,,ERROR,,
2025-12-31T03:27:04.348627,unknown,BTC_15m,,,,,,SUCCESS,FAIL,-3.7285822399999597,,ERROR,,
2025-12-31T03:33:47.720474,unknown,BTC_5m,,,,,,SUCCESS,FAIL,-2.75283067999997,,ERROR,,
2025-12-31T03:44:13.081437,unknown,BTC_1m,,,,,,SUCCESS,FAIL,0.0,,ERROR,,
2025-12-31T03:44:14.375716,moving_average_bands_reversal,BTCUSD_15m,,,,,,ERROR,ERROR,,,ERROR,,
2025-12-31T03:44:14.448596,moving_average_bands_reversal,BTC_4h,,,,,,ERROR,ERROR,,,ERROR,,
2025-12-31T03:44:14.531300,moving_average_bands_reversal,BTC_1h,,,,,,ERROR,ERROR,,,ERROR,,
2025-12-31T03:44:14.729039,moving_average_bands_reversal,BTC_15m,,,,,,ERROR,ERROR,,,ERROR,,
2025-12-31T03:44:15.244919,moving_average_bands_reversal,BTC_5m,,,,,,ERROR,ERROR,,,ERROR,,
2025-12-31T03:44:16.097290,moving_average_bands_reversal,BTC_1m,,,,,,ERROR,ERROR,,,ERROR,,
2025-12-31T03:44:54.711015,elliott_wave_corrective_zone_entry,BTCUSD_15m,,,,,,ERROR,FAIL,0.0,,ERROR,,
2025-12-31T03:45:44.012666,elliott_wave_corrective_zone_entry,BTC_4h,,,,,,ERROR,FAIL,-1.0438196739999985,,ERROR,,
2025-12-31T03:48:45.092890,elliott_wave_corrective_zone_entry,BTC_1h,,,,,,ERROR,FAIL,1.265059453199996,,ERROR,,
2025-12-31T04:00:35.991284,elliott_wave_corrective_zone_entry,BTC_15m,,,,,,ERROR,FAIL,0.0,,ERROR,,
2025-12-31T04:32:05.656323,elliott_wave_corrective_zone_entry,BTC_5m,,,,,,ERROR,FAIL,0.0,,ERROR,,
2025-12-31T05:15:54.077808,elliott_wave_corrective_zone_entry,BTC_1m,,,,,,ERROR,FAIL,0.0,,ERROR,,
2025-12-31T05:15:54.694739,moving_average_cross_reversal,BTCUSD_15m,,,,,,ERROR,ERROR,,,ERROR,,
2025-12-31T05:15:54.712934,moving_average_cross_reversal,BTC_4h,,,,,,ERROR,ERROR,,,ERROR,,
2025-12-31T05:15:54.765954,moving_average_cross_reversal,BTC_1h,,,,,,ERROR,ERROR,,,ERROR,,
2025-12-31T05:15:54.941381,moving_average_cross_reversal,BTC_15m,,,,,,ERROR,ERROR,,,ERROR,,
2025-12-31T05:15:55.391545,moving_average_cross_reversal,BTC_5m,,,,,,ERROR,ERROR,,,ERROR,,
2025-12-31T05:15:56.128935,moving_average_cross_reversal,BTC_1m,,,,,,ERROR,ERROR,,,ERROR,,
2025-12-31T05:16:00.486679,unknown,BTCUSD_15m,,,,,,SUCCESS,FAIL,-4.637103163281296,,ERROR,,
2025-12-31T05:16:00.549625,unknown,BTC_4h,,,,,,SUCCESS,ERROR,,,ERROR,,
2025-12-31T05:16:01.465382,unknown,BTC_1h,,,,,,SUCCESS,ERROR,,,ERROR,,
2025-12-31T05:16:17.211987,unknown,BTC_15m,,,,,,SUCCESS,FAIL,-17.00441188579993,,ERROR,,
2025-12-31T05:16:24.446538,unknown,BTC_5m,,,,,,SUCCESS,ERROR,,,ERROR,,
2025-12-31T05:17:26.294628,unknown,BTC_1m,,,,,,SUCCESS,FAIL,-1.4618715833999885,,ERROR,,
2025-12-31T05:17:36.889229,unknown,BTCUSD_15m,,,,,,SUCCESS,ERROR,,,ERROR,,
2025-12-31T05:17:36.948157,unknown,BTC_4h,,,,,,SUCCESS,ERROR,,,ERROR,,
2025-12-31T05:17:37.041188,unknown,BTC_1h,,,,,,SUCCESS,ERROR,,,ERROR,,
2025-12-31T05:17:37.688450,unknown,BTC_15m,,,,,,SUCCESS,ERROR,,,ERROR,,
2025-12-31T05:17:38.397094,unknown,BTC_5m,,,,,,SUCCESS,ERROR,,,ERROR,,
2025-12-31T05:17:39.281824,unknown,BTC_1m,,,,,,SUCCESS,ERROR,,,ERROR,,
2025-12-31T05:17:39.825961,quick_flip_scalper,BTCUSD_15m,,,,,,ERROR,ERROR,,,ERROR,,
2025-12-31T05:17:39.843762,quick_flip_scalper,BTC_4h,,,,,,ERROR,ERROR,,,ERROR,,
2025-12-31T05:17:39.900989,quick_flip_scalper,BTC_1h,,,,,,ERROR,ERROR,,,ERROR,,
2025-12-31T05:17:40.068924,quick_flip_scalper,BTC_15m,,,,,,ERROR,ERROR,,,ERROR,,
2025-12-31T05:17:40.439378,quick_flip_scalper,BTC_5m,,,,,,ERROR,ERROR,,,ERROR,,
2025-12-31T05:17:41.093785,quick_flip_scalper,BTC_1m,,,,,,ERROR,ERROR,,,ERROR,,
2025-12-31T05:17:45.657708,unknown,BTCUSD_15m,,,,,,SUCCESS,ERROR,,,ERROR,,
2025-12-31T05:17:45.702057,unknown,BTC_4h,,,,,,SUCCESS,ERROR,,,ERROR,,
2025-12-31T05:17:45.806236,unknown,BTC_1h,,,,,,SUCCESS,ERROR,,,ERROR,,
2025-12-31T05:17:46.110824,unknown,BTC_15m,,,,,,SUCCESS,ERROR,,,ERROR,,
2025-12-31T05:17:54.999169,roe_bm_monthly_predictive_proxy,BTCUSD_15m,63.62550914000001,1.0067110073568326,-28.683846328354633,45.45454545454545,11,SUCCESS,FAIL,-1.1149380468750023,,FAIL,-1.1149380468750023,
2025-12-31T05:17:59.543053,roe_bm_monthly_predictive_proxy,BTC_4h,63.62550914000001,1.0067110073568326,-28.683846328354633,45.45454545454545,11,SUCCESS,FAIL,-50.536862260000014,,FAIL,-50.536862260000014,
2025-12-31T05:18:16.453713,roe_bm_monthly_predictive_proxy,BTC_1h,63.62550914000001,1.0067110073568326,-28.683846328354633,45.45454545454545,11,SUCCESS,FAIL,-40.980285660000014,,FAIL,-40.980285660000014,
2025-12-31T05:19:13.966130,roe_bm_monthly_predictive_proxy,BTC_15m,63.62550914000001,1.0067110073568326,-28.683846328354633,45.45454545454545,11,SUCCESS,FAIL,-31.11443146000001,,FAIL,-31.11443146000001,
2025-12-31T05:21:56.623897,roe_bm_monthly_predictive_proxy,BTC_5m,63.62550914000001,1.0067110073568326,-28.683846328354633,45.45454545454545,11,SUCCESS,FAIL,-19.27210804000002,,FAIL,-19.27210804000002,
2025-12-31T05:28:37.209510,roe_bm_monthly_predictive_proxy,BTC_1m,63.62550914000001,1.0067110073568326,-28.683846328354633,45.45454545454545,11,SUCCESS,FAIL,-5.98798685999999,,FAIL,-5.98798685999999,
2025-12-31T05:28:48.443822,a_plus_setup_four_step_framework,BTCUSD_15m,0.0,,-0.0,,0,SUCCESS,FAIL,0.0,,ERROR,,
2025-12-31T05:28:52.405690,a_plus_setup_four_step_framework,BTC_4h,0.0,,-0.0,,0,SUCCESS,FAIL,0.0,,ERROR,,
2025-12-31T05:29:10.494156,a_plus_setup_four_step_framework,BTC_1h,0.0,,-0.0,,0,SUCCESS,FAIL,0.0,,ERROR,,
2025-12-31T05:30:16.665137,a_plus_setup_four_step_framework,BTC_15m,0.0,,-0.0,,0,SUCCESS,FAIL,0.0,,ERROR,,
2025-12-31T05:35:53.056391,a_plus_setup_four_step_framework,BTC_5m,0.0,,-0.0,,0,SUCCESS,FAIL,0.0,,ERROR,,
2025-12-31T05:52:00.468586,a_plus_setup_four_step_framework,BTC_1m,0.0,,-0.0,,0,SUCCESS,FAIL,0.0,,ERROR,,
2025-12-31T05:52:05.096541,unknown,BTCUSD_15m,,,,,,SUCCESS,ERROR,,,ERROR,,
2025-12-31T05:52:05.175099,unknown,BTC_4h,,,,,,SUCCESS,ERROR,,,ERROR,,
2025-12-31T05:52:05.309417,unknown,BTC_1h,,,,,,SUCCESS,ERROR,,,ERROR,,
2025-12-31T05:52:05.674579,unknown,BTC_15m,,,,,,SUCCESS,ERROR,,,ERROR,,
2025-12-31T05:52:06.270000,unknown,BTC_5m,,,,,,SUCCESS,ERROR,,,ERROR,,
2025-12-31T05:52:07.234414,unknown,BTC_1m,,,,,,SUCCESS,ERROR,,,ERROR,,
2025-12-31T05:52:12.357074,unknown,BTCUSD_15m,,,,,,SUCCESS,PASS,7.565173609374994,-0.05202662685733217,PASS,7.565173609374994,
2025-12-31T05:52:13.912025,unknown,BTC_4h,,,,,,SUCCESS,FAIL,-31.730493799999998,,FAIL,-31.730493799999998,
2025-12-31T05:52:17.689976,unknown,BTC_1h,,,,,,SUCCESS,FAIL,-24.06196824000003,,ERROR,,
2025-12-31T05:52:27.537255,unknown,BTC_15m,,,,,,SUCCESS,PASS,8.015955079999985,,ERROR,,
2025-12-31T05:52:55.183552,unknown,BTC_5m,,,,,,SUCCESS,FAIL,-12.987319620000125,,ERROR,,
2025-12-31T05:53:44.322649,unknown,BTC_1m,,,,,,SUCCESS,FAIL,-0.6802121999999945,,ERROR,,
2025-12-31T05:53:54.353672,unknown,BTCUSD_15m,,,,,,SUCCESS,FAIL,-11.240371458750028,,ERROR,,
2025-12-31T05:53:59.290484,unknown,BTC_4h,,,,,,SUCCESS,FAIL,-25.15967360880006,,ERROR,,
2025-12-31T05:54:24.977255,unknown,BTC_1h,,,,,,SUCCESS,FAIL,-33.431598650400076,,FAIL,-33.431598650400076,
2025-12-31T05:56:05.742137,unknown,BTC_15m,,,,,,SUCCESS,FAIL,-24.31036163920004,,FAIL,-24.31036163920004,
2025-12-31T06:06:03.253643,unknown,BTC_5m,,,,,,SUCCESS,FAIL,-24.93001281699998,,FAIL,-24.93001281699998,
2025-12-31T06:32:07.855926,unknown,BTC_1m,,,,,,SUCCESS,FAIL,-1.2527056199999933,,FAIL,-1.2527056199999933,
2025-12-31T06:32:32.760937,unknown,BTCUSD_15m,,,,,,SUCCESS,FAIL,-11.173376937500027,,FAIL,-11.173376937500027,
2025-12-31T06:33:07.143387,unknown,BTC_4h,,,,,,SUCCESS,FAIL,-16.859154660000073,,FAIL,-16.859154660000073,
2025-12-31T06:35:16.913153,unknown,BTC_1h,,,,,,SUCCESS,FAIL,-24.76292298000006,,FAIL,-24.76292298000006,
2025-12-31T06:42:11.346637,unknown,BTC_15m,,,,,,SUCCESS,FAIL,-25.215189939999895,,FAIL,-25.215189939999895,
2025-12-31T07:00:19.771624,unknown,BTC_5m,,,,,,SUCCESS,FAIL,-24.47722918000001,,FAIL,-24.47722918000001,
2025-12-31T07:38:46.798045,unknown,BTC_1m,,,,,,SUCCESS,FAIL,-1.2869655800000184,,FAIL,-1.2869655800000184,
2025-12-31T07:39:06.217495,unknown,BTCUSD_15m,,,,,,SUCCESS,PASS,3.11048553125,-7.27486632340845,ERROR,,
2025-12-31T07:39:18.149839,unknown,BTC_4h,,,,,,SUCCESS,FAIL,-2.747264839999989,,ERROR,,
2025-12-31T07:40:06.581967,unknown,BTC_1h,,,,,,SUCCESS,PASS,13.00656726000004,,ERROR,,
2025-12-31T07:42:39.440233,unknown,BTC_15m,,,,,,SUCCESS,FAIL,-3.7285822399999597,,ERROR,,
2025-12-31T07:47:21.032472,unknown,BTC_5m,,,,,,SUCCESS,FAIL,-2.75283067999997,,ERROR,,
2025-12-31T07:53:51.514882,unknown,BTC_1m,,,,,,SUCCESS,FAIL,0.0,,ERROR,,
2025-12-31T07:53:57.144880,unknown,BTCUSD_15m,,,,,,SUCCESS,FAIL,-4.637103163281296,,ERROR,,
2025-12-31T07:53:57.232607,unknown,BTC_4h,,,,,,SUCCESS,ERROR,,,ERROR,,
2025-12-31T07:53:58.332604,unknown,BTC_1h,,,,,,SUCCESS,ERROR,,,ERROR,,
2025-12-31T07:54:14.060341,unknown,BTC_15m,,,,,,SUCCESS,FAIL,-17.00441188579993,,ERROR,,
2025-12-31T07:54:22.523114,unknown,BTC_5m,,,,,,SUCCESS,ERROR,,,ERROR,,
2025-12-31T07:55:37.375989,unknown,BTC_1m,,,,,,SUCCESS,FAIL,-1.4618715833999885,,ERROR,,
2025-12-31T07:55:50.740087,unknown,BTCUSD_15m,,,,,,SUCCESS,ERROR,,,ERROR,,
2025-12-31T07:55:50.769402,unknown,BTC_4h,,,,,,SUCCESS,ERROR,,,ERROR,,
2025-12-31T07:55:50.859101,unknown,BTC_1h,,,,,,SUCCESS,ERROR,,,ERROR,,
2025-12-31T07:55:51.070466,unknown,BTC_15m,,,,,,SUCCESS,ERROR,,,ERROR,,
2025-12-31T07:55:51.636169,unknown,BTC_5m,,,,,,SUCCESS,ERROR,,,ERROR,,
2025-12-31T07:55:52.554607,unknown,BTC_1m,,,,,,SUCCESS,ERROR,,,ERROR,,
2025-12-31T07:55:57.803666,unknown,BTCUSD_15m,,,,,,SUCCESS,ERROR,,,ERROR,,
2025-12-31T07:55:57.970855,unknown,BTC_4h,,,,,,SUCCESS,ERROR,,,ERROR,,
2025-12-31T07:55:58.130224,unknown,BTC_1h,,,,,,SUCCESS,ERROR,,,ERROR,,
2025-12-31T07:56:09.056931,roe_bm_monthly_predictive_proxy,BTCUSD_15m,63.62550914000001,1.0067110073568326,-28.683846328354633,45.45454545454545,11,SUCCESS,FAIL,-1.1149380468750023,,FAIL,-1.1149380468750023,
2025-12-31T07:56:14.838956,roe_bm_monthly_predictive_proxy,BTC_4h,63.62550914000001,1.0067110073568326,-28.683846328354633,45.45454545454545,11,SUCCESS,FAIL,-50.536862260000014,,FAIL,-50.536862260000014,
2025-12-31T07:56:35.403744,roe_bm_monthly_predictive_proxy,BTC_1h,63.62550914000001,1.0067110073568326,-28.683846328354633,45.45454545454545,11,SUCCESS,FAIL,-40.980285660000014,,FAIL,-40.980285660000014,
2025-12-31T07:57:38.820395,roe_bm_monthly_predictive_proxy,BTC_15m,63.62550914000001,1.0067110073568326,-28.683846328354633,45.45454545454545,11,SUCCESS,FAIL,-31.11443146000001,,FAIL,-31.11443146000001,
2025-12-31T08:00:26.202402,roe_bm_monthly_predictive_proxy,BTC_5m,63.62550914000001,1.0067110073568326,-28.683846328354633,45.45454545454545,11,SUCCESS,FAIL,-19.27210804000002,,FAIL,-19.27210804000002,
2025-12-31T08:05:58.327459,roe_bm_monthly_predictive_proxy,BTC_1m,63.62550914000001,1.0067110073568326,-28.683846328354633,45.45454545454545,11,SUCCESS,FAIL,-5.98798685999999,,FAIL,-5.98798685999999,
2025-12-31T08:06:07.483636,a_plus_setup_four_step_framework,BTCUSD_15m,0.0,,-0.0,,0,SUCCESS,FAIL,0.0,,ERROR,,
2025-12-31T08:06:10.290948,a_plus_setup_four_step_framework,BTC_4h,0.0,,-0.0,,0,SUCCESS,FAIL,0.0,,ERROR,,
2025-12-31T08:06:24.603276,a_plus_setup_four_step_framework,BTC_1h,0.0,,-0.0,,0,SUCCESS,FAIL,0.0,,ERROR,,
2025-12-31T08:07:27.215984,a_plus_setup_four_step_framework,BTC_15m,0.0,,-0.0,,0,SUCCESS,FAIL,0.0,,ERROR,,
2025-12-31T08:13:18.980858,a_plus_setup_four_step_framework,BTC_5m,0.0,,-0.0,,0,SUCCESS,FAIL,0.0,,ERROR,,
2025-12-31T08:30:18.989697,a_plus_setup_four_step_framework,BTC_1m,0.0,,-0.0,,0,SUCCESS,FAIL,0.0,,ERROR,,
2025-12-31T08:30:23.749881,unknown,BTCUSD_15m,,,,,,SUCCESS,ERROR,,,ERROR,,
2025-12-31T08:30:23.849253,unknown,BTC_4h,,,,,,SUCCESS,ERROR,,,ERROR,,
2025-12-31T08:30:24.001882,unknown,BTC_1h,,,,,,SUCCESS,ERROR,,,ERROR,,
2025-12-31T08:30:24.524434,unknown,BTC_15m,,,,,,SUCCESS,ERROR,,,ERROR,,
2025-12-31T08:30:25.322676,unknown,BTC_5m,,,,,,SUCCESS,ERROR,,,ERROR,,
2025-12-31T08:30:26.526092,unknown,BTC_1m,,,,,,SUCCESS,ERROR,,,ERROR,,
2025-12-31T08:30:32.757747,unknown,BTCUSD_15m,,,,,,SUCCESS,PASS,7.565173609374994,-0.05202662685733217,PASS,7.565173609374994,-0.05202662685733217
2025-12-31T08:30:34.557991,unknown,BTC_4h,,,,,,SUCCESS,FAIL,-31.730493799999998,,FAIL,-31.730493799999998,
2025-12-31T08:30:39.664711,unknown,BTC_1h,,,,,,SUCCESS,FAIL,-24.06196824000003,,FAIL,-24.06196824000003,
2025-12-31T08:30:54.113758,unknown,BTC_15m,,,,,,SUCCESS,PASS,8.015955079999985,,PASS,8.015955079999985,
2025-12-31T08:31:34.252536,unknown,BTC_5m,,,,,,SUCCESS,FAIL,-12.987319620000125,,FAIL,-12.987319620000125,
2025-12-31T08:32:41.969859,unknown,BTC_1m,,,,,,SUCCESS,FAIL,-0.6802121999999945,,FAIL,-0.6802121999999945,
2025-12-31T08:32:53.690853,unknown,BTCUSD_15m,,,,,,SUCCESS,FAIL,-11.240371458750028,,FAIL,-11.240371458750028,
2025-12-31T08:33:00.284693,unknown,BTC_4h,,,,,,SUCCESS,FAIL,-25.15967360880006,,FAIL,-25.15967360880006,
2025-12-31T08:33:26.850193,unknown,BTC_1h,,,,,,SUCCESS,FAIL,-33.431598650400076,,FAIL,-33.431598650400076,
2025-12-31T08:35:06.621791,unknown,BTC_15m,,,,,,SUCCESS,FAIL,-24.31036163920004,,FAIL,-24.31036163920004,
2025-12-31T08:45:01.410081,unknown,BTC_5m,,,,,,SUCCESS,FAIL,-24.93001281699998,,FAIL,-24.93001281699998,
2025-12-31T09:14:16.578813,unknown,BTC_1m,,,,,,SUCCESS,FAIL,-1.2527056199999933,,FAIL,-1.2527056199999933,
2025-12-31T09:14:59.737329,unknown,BTCUSD_15m,,,,,,SUCCESS,FAIL,-11.173376937500027,,FAIL,-11.173376937500027,
2025-12-31T09:15:57.629284,unknown,BTC_4h,,,,,,SUCCESS,FAIL,-16.859154660000073,,FAIL,-16.859154660000073,
2025-12-31T09:19:14.616552,unknown,BTC_1h,,,,,,SUCCESS,FAIL,-24.76292298000006,,FAIL,-24.76292298000006,
2025-12-31T09:27:57.247188,unknown,BTC_15m,,,,,,SUCCESS,FAIL,-25.215189939999895,,FAIL,-25.215189939999895,
2025-12-31T09:53:08.028902,unknown,BTC_5m,,,,,,SUCCESS,FAIL,-24.47722918000001,,FAIL,-24.47722918000001,
2025-12-31T10:33:53.215963,unknown,BTC_1m,,,,,,SUCCESS,FAIL,-1.2869655800000184,,FAIL,-1.2869655800000184,
2025-12-31T10:34:07.375728,unknown,BTCUSD_15m,,,,,,SUCCESS,PASS,3.11048553125,-7.27486632340845,ERROR,,
2025-12-31T10:34:16.876313,unknown,BTC_4h,,,,,,SUCCESS,FAIL,-2.747264839999989,,ERROR,,
2025-12-31T10:34:51.843398,unknown,BTC_1h,,,,,,SUCCESS,PASS,13.00656726000004,,ERROR,,
2025-12-31T10:36:40.893221,unknown,BTC_15m,,,,,,SUCCESS,FAIL,-3.7285822399999597,,ERROR,,
2025-12-31T10:41:18.829263,unknown,BTC_5m,,,,,,SUCCESS,FAIL,-2.75283067999997,,ERROR,,
2025-12-31T10:48:43.956179,unknown,BTC_1m,,,,,,SUCCESS,FAIL,0.0,,ERROR,,
2025-12-31T10:48:49.961337,unknown,BTCUSD_15m,,,,,,SUCCESS,FAIL,-4.637103163281296,,FAIL,-4.637103163281296,
2025-12-31T10:48:50.045011,unknown,BTC_4h,,,,,,SUCCESS,ERROR,,,ERROR,,
2025-12-31T10:48:51.137114,unknown,BTC_1h,,,,,,SUCCESS,ERROR,,,ERROR,,
2025-12-31T10:49:12.286824,unknown,BTC_15m,,,,,,SUCCESS,FAIL,-17.00441188579993,,ERROR,,
2025-12-31T10:49:24.371678,unknown,BTC_5m,,,,,,SUCCESS,ERROR,,,ERROR,,
2025-12-31T10:51:02.517545,unknown,BTC_1m,,,,,,SUCCESS,FAIL,-1.4618715833999885,,ERROR,,
2025-12-31T10:51:14.466406,unknown,BTCUSD_15m,,,,,,SUCCESS,ERROR,,,ERROR,,
2025-12-31T10:51:14.489515,unknown,BTC_4h,,,,,,SUCCESS,ERROR,,,ERROR,,
2025-12-31T10:51:14.554702,unknown,BTC_1h,,,,,,SUCCESS,ERROR,,,ERROR,,
2025-12-31T10:51:14.762691,unknown,BTC_15m,,,,,,SUCCESS,ERROR,,,ERROR,,
2025-12-31T10:51:15.294042,unknown,BTC_5m,,,,,,SUCCESS,ERROR,,,ERROR,,
2025-12-31T10:51:16.155354,unknown,BTC_1m,,,,,,SUCCESS,ERROR,,,ERROR,,
2025-12-31T10:51:21.102866,unknown,BTCUSD_15m,,,,,,SUCCESS,ERROR,,,ERROR,,
2025-12-31T10:51:21.147418,unknown,BTC_4h,,,,,,SUCCESS,ERROR,,,ERROR,,
2025-12-31T10:51:30.623821,roe_bm_monthly_predictive_proxy,BTCUSD_15m,63.62550914000001,1.0067110073568326,-28.683846328354633,45.45454545454545,11,SUCCESS,FAIL,-1.1149380468750023,,FAIL,-1.1149380468750023,
2025-12-31T10:51:35.499067,roe_bm_monthly_predictive_proxy,BTC_4h,63.62550914000001,1.0067110073568326,-28.683846328354633,45.45454545454545,11,SUCCESS,FAIL,-50.536862260000014,,FAIL,-50.536862260000014,
2025-12-31T10:51:52.467226,roe_bm_monthly_predictive_proxy,BTC_1h,63.62550914000001,1.0067110073568326,-28.683846328354633,45.45454545454545,11,SUCCESS,FAIL,-40.980285660000014,,FAIL,-40.980285660000014,
2025-12-31T10:52:45.576309,roe_bm_monthly_predictive_proxy,BTC_15m,63.62550914000001,1.0067110073568326,-28.683846328354633,45.45454545454545,11,SUCCESS,FAIL,-31.11443146000001,,FAIL,-31.11443146000001,
2025-12-31T10:55:01.548994,roe_bm_monthly_predictive_proxy,BTC_5m,63.62550914000001,1.0067110073568326,-28.683846328354633,45.45454545454545,11,SUCCESS,FAIL,-19.27210804000002,,FAIL,-19.27210804000002,
2025-12-31T10:59:31.513988,roe_bm_monthly_predictive_proxy,BTC_1m,63.62550914000001,1.0067110073568326,-28.683846328354633,45.45454545454545,11,SUCCESS,FAIL,-5.98798685999999,,FAIL,-5.98798685999999,
2025-12-31T10:59:39.825531,a_plus_setup_four_step_framework,BTCUSD_15m,0.0,,-0.0,,0,SUCCESS,FAIL,0.0,,ERROR,,
2025-12-31T10:59:41.804453,a_plus_setup_four_step_framework,BTC_4h,0.0,,-0.0,,0,SUCCESS,FAIL,0.0,,ERROR,,
2025-12-31T10:59:52.757966,a_plus_setup_four_step_framework,BTC_1h,0.0,,-0.0,,0,SUCCESS,FAIL,0.0,,ERROR,,
2025-12-31T11:00:44.200232,a_plus_setup_four_step_framework,BTC_15m,0.0,,-0.0,,0,SUCCESS,FAIL,0.0,,ERROR,,
2025-12-31T11:04:59.857282,a_plus_setup_four_step_framework,BTC_5m,0.0,,-0.0,,0,SUCCESS,FAIL,0.0,,ERROR,,
2025-12-31T11:15:38.532863,a_plus_setup_four_step_framework,BTC_1m,0.0,,-0.0,,0,SUCCESS,FAIL,0.0,,ERROR,,
2025-12-31T11:15:42.553332,unknown,BTCUSD_15m,,,,,,SUCCESS,ERROR,,,ERROR,,
2025-12-31T11:15:42.591921,unknown,BTC_4h,,,,,,SUCCESS,ERROR,,,ERROR,,
2025-12-31T11:15:42.692086,unknown,BTC_1h,,,,,,SUCCESS,ERROR,,,ERROR,,
2025-12-31T11:15:42.965616,unknown,BTC_15m,,,,,,SUCCESS,ERROR,,,ERROR,,
2025-12-31T11:15:43.471085,unknown,BTC_5m,,,,,,SUCCESS,ERROR,,,ERROR,,
2025-12-31T11:15:44.251648,unknown,BTC_1m,,,,,,SUCCESS,ERROR,,,ERROR,,
2025-12-31T11:15:47.801059,unknown,BTCUSD_15m,,,,,,SUCCESS,PASS,7.565173609374994,-0.05202662685733217,PASS,7.565173609374994,
2025-12-31T11:15:48.812999,unknown,BTC_4h,,,,,,SUCCESS,FAIL,-31.730493799999998,,FAIL,-31.730493799999998,
2025-12-31T11:15:51.589975,unknown,BTC_1h,,,,,,SUCCESS,FAIL,-24.06196824000003,,FAIL,-24.06196824000003,
2025-12-31T11:15:58.384855,unknown,BTC_15m,,,,,,SUCCESS,PASS,8.015955079999985,,ERROR,,
2025-12-31T11:16:14.006365,unknown,BTC_5m,,,,,,SUCCESS,FAIL,-12.987319620000125,,ERROR,,
2025-12-31T11:16:39.535446,unknown,BTC_1m,,,,,,SUCCESS,FAIL,-0.6802121999999945,,ERROR,,
2025-12-31T11:16:45.082109,unknown,BTCUSD_15m,,,,,,SUCCESS,FAIL,-11.240371458750028,,ERROR,,
2025-12-31T11:16:47.440857,unknown,BTC_4h,,,,,,SUCCESS,FAIL,-25.15967360880006,,ERROR,,
2025-12-31T11:17:00.519406,unknown,BTC_1h,,,,,,SUCCESS,FAIL,-33.431598650400076,,ERROR,,
2025-12-31T11:18:04.491400,unknown,BTC_15m,,,,,,SUCCESS,FAIL,-24.31036163920004,,ERROR,,
2025-12-31T11:24:53.589516,unknown,BTC_5m,,,,,,SUCCESS,FAIL,-24.93001281699998,,ERROR,,
2025-12-31T11:47:49.721217,unknown,BTC_1m,,,,,,SUCCESS,FAIL,-1.2527056199999933,,ERROR,,
2025-12-31T11:48:23.853633,unknown,BTCUSD_15m,,,,,,SUCCESS,FAIL,-11.173376937500027,,ERROR,,
2025-12-31T11:49:11.580009,unknown,BTC_4h,,,,,,SUCCESS,FAIL,-16.859154660000073,,FAIL,-16.859154660000073,
2025-12-31T11:52:04.741629,unknown,BTC_1h,,,,,,SUCCESS,FAIL,-24.76292298000006,,FAIL,-24.76292298000006,
2025-12-31T12:03:48.861851,unknown,BTC_15m,,,,,,SUCCESS,FAIL,-25.215189939999895,,FAIL,-25.215189939999895,
2025-12-31T12:32:07.483374,unknown,BTC_5m,,,,,,SUCCESS,FAIL,-24.47722918000001,,FAIL,-24.47722918000001,
2025-12-31T13:09:48.800674,unknown,BTC_1m,,,,,,SUCCESS,FAIL,-1.2869655800000184,,FAIL,-1.2869655800000184,
2025-12-31T13:10:05.978107,unknown,BTCUSD_15m,,,,,,SUCCESS,PASS,3.11048553125,-7.27486632340845,ERROR,,
2025-12-31T13:10:16.674524,unknown,BTC_4h,,,,,,SUCCESS,FAIL,-2.747264839999989,,ERROR,,
2025-12-31T13:10:54.824028,unknown,BTC_1h,,,,,,SUCCESS,PASS,13.00656726000004,,ERROR,,
2025-12-31T13:12:56.170574,unknown,BTC_15m,,,,,,SUCCESS,FAIL,-3.7285822399999597,,ERROR,,
2025-12-31T13:18:11.345158,unknown,BTC_5m,,,,,,SUCCESS,FAIL,-2.75283067999997,,ERROR,,
2025-12-31T13:25:22.734902,unknown,BTC_1m,,,,,,SUCCESS,FAIL,0.0,,ERROR,,
2025-12-31T13:25:29.276705,unknown,BTCUSD_15m,,,,,,SUCCESS,FAIL,-4.637103163281296,,ERROR,,
2025-12-31T13:25:29.377565,unknown,BTC_4h,,,,,,SUCCESS,ERROR,,,ERROR,,
2025-12-31T13:25:30.704672,unknown,BTC_1h,,,,,,SUCCESS,ERROR,,,ERROR,,
2025-12-31T13:25:55.883076,unknown,BTC_15m,,,,,,SUCCESS,FAIL,-17.00441188579993,,ERROR,,
2025-12-31T13:26:08.775459,unknown,BTC_5m,,,,,,SUCCESS,ERROR,,,ERROR,,
2025-12-31T13:28:09.826413,unknown,BTC_1m,,,,,,SUCCESS,FAIL,-1.4618715833999885,,ERROR,,
2025-12-31T13:28:24.901635,unknown,BTCUSD_15m,,,,,,SUCCESS,ERROR,,,ERROR,,
2025-12-31T13:28:24.925994,unknown,BTC_4h,,,,,,SUCCESS,ERROR,,,ERROR,,
2025-12-31T13:28:24.997812,unknown,BTC_1h,,,,,,SUCCESS,ERROR,,,ERROR,,
2025-12-31T13:28:25.210336,unknown,BTC_15m,,,,,,SUCCESS,ERROR,,,ERROR,,
2025-12-31T13:28:25.801176,unknown,BTC_5m,,,,,,SUCCESS,ERROR,,,ERROR,,
2025-12-31T13:28:26.808746,unknown,BTC_1m,,,,,,SUCCESS,ERROR,,,ERROR,,
2025-12-31T13:28:32.574203,unknown,BTCUSD_15m,,,,,,SUCCESS,ERROR,,,ERROR,,
2025-12-31T13:28:32.676842,unknown,BTC_4h,,,,,,SUCCESS,ERROR,,,ERROR,,
2025-12-31T13:28:32.839537,unknown,BTC_1h,,,,,,SUCCESS,ERROR,,,ERROR,,
2025-12-31T13:28:44.706056,roe_bm_monthly_predictive_proxy,BTCUSD_15m,63.62550914000001,1.0067110073568326,-28.683846328354633,45.45454545454545,11,SUCCESS,FAIL,-1.1149380468750023,,FAIL,-1.1149380468750023,
2025-12-31T13:28:51.306323,roe_bm_monthly_predictive_proxy,BTC_4h,63.62550914000001,1.0067110073568326,-28.683846328354633,45.45454545454545,11,SUCCESS,FAIL,-50.536862260000014,,FAIL,-50.536862260000014,
2025-12-31T13:29:14.651361,roe_bm_monthly_predictive_proxy,BTC_1h,63.62550914000001,1.0067110073568326,-28.683846328354633,45.45454545454545,11,SUCCESS,FAIL,-40.980285660000014,,FAIL,-40.980285660000014,
2025-12-31T13:30:25.059276,roe_bm_monthly_predictive_proxy,BTC_15m,63.62550914000001,1.0067110073568326,-28.683846328354633,45.45454545454545,11,SUCCESS,FAIL,-31.11443146000001,,FAIL,-31.11443146000001,
2025-12-31T13:33:30.530521,roe_bm_monthly_predictive_proxy,BTC_5m,63.62550914000001,1.0067110073568326,-28.683846328354633,45.45454545454545,11,SUCCESS,FAIL,-19.27210804000002,,FAIL,-19.27210804000002,
2025-12-31T13:40:03.472358,roe_bm_monthly_predictive_proxy,BTC_1m,63.62550914000001,1.0067110073568326,-28.683846328354633,45.45454545454545,11,SUCCESS,FAIL,-5.98798685999999,,FAIL,-5.98798685999999,
2025-12-31T13:40:14.079607,a_plus_setup_four_step_framework,BTCUSD_15m,0.0,,-0.0,,0,SUCCESS,FAIL,0.0,,ERROR,,
2025-12-31T13:40:17.156245,a_plus_setup_four_step_framework,BTC_4h,0.0,,-0.0,,0,SUCCESS,FAIL,0.0,,ERROR,,
2025-12-31T13:40:29.030294,a_plus_setup_four_step_framework,BTC_1h,0.0,,-0.0,,0,SUCCESS,FAIL,0.0,,ERROR,,
2025-12-31T13:41:16.916698,a_plus_setup_four_step_framework,BTC_15m,0.0,,-0.0,,0,SUCCESS,FAIL,0.0,,ERROR,,
2025-12-31T13:45:43.730871,a_plus_setup_four_step_framework,BTC_5m,0.0,,-0.0,,0,SUCCESS,FAIL,0.0,,ERROR,,
2025-12-31T13:59:17.523336,a_plus_setup_four_step_framework,BTC_1m,0.0,,-0.0,,0,SUCCESS,FAIL,0.0,,ERROR,,
2025-12-31T13:59:20.842943,unknown,BTCUSD_15m,,,,,,SUCCESS,ERROR,,,ERROR,,
2025-12-31T13:59:20.955466,unknown,BTC_4h,,,,,,SUCCESS,ERROR,,,ERROR,,
2025-12-31T13:59:21.148719,unknown,BTC_1h,,,,,,SUCCESS,ERROR,,,ERROR,,
2025-12-31T13:59:21.588208,unknown,BTC_15m,,,,,,SUCCESS,ERROR,,,ERROR,,
2025-12-31T13:59:22.307432,unknown,BTC_5m,,,,,,SUCCESS,ERROR,,,ERROR,,
2025-12-31T13:59:23.472594,unknown,BTC_1m,,,,,,SUCCESS,ERROR,,,ERROR,,
2025-12-31T13:59:29.937489,unknown,BTCUSD_15m,,,,,,SUCCESS,PASS,7.565173609374994,-0.05202662685733217,PASS,7.565173609374994,-0.05202662685733217
2025-12-31T13:59:31.760381,unknown,BTC_4h,,,,,,SUCCESS,FAIL,-31.730493799999998,,FAIL,-31.730493799999998,
2025-12-31T13:59:35.370556,unknown,BTC_1h,,,,,,SUCCESS,FAIL,-24.06196824000003,,ERROR,,
2025-12-31T13:59:44.383515,unknown,BTC_15m,,,,,,SUCCESS,PASS,8.015955079999985,,ERROR,,
2025-12-31T14:00:09.798078,unknown,BTC_5m,,,,,,SUCCESS,FAIL,-12.987319620000125,,ERROR,,
2025-12-31T14:00:50.768580,unknown,BTC_1m,,,,,,SUCCESS,FAIL,-0.6802121999999945,,ERROR,,
2025-12-31T14:00:59.635410,unknown,BTCUSD_15m,,,,,,SUCCESS,FAIL,-11.240371458750028,,ERROR,,
2025-12-31T14:01:03.166037,unknown,BTC_4h,,,,,,SUCCESS,FAIL,-25.15967360880006,,ERROR,,
2025-12-31T14:01:23.255313,unknown,BTC_1h,,,,,,SUCCESS,FAIL,-33.431598650400076,,ERROR,,
2025-12-31T14:02:53.398424,unknown,BTC_15m,,,,,,SUCCESS,FAIL,-24.31036163920004,,ERROR,,
2025-12-31T14:10:56.789349,unknown,BTC_5m,,,,,,SUCCESS,FAIL,-24.93001281699998,,ERROR,,
2025-12-31T14:31:13.387736,unknown,BTC_1m,,,,,,SUCCESS,FAIL,-1.2527056199999933,,ERROR,,
2025-12-31T14:31:46.359322,unknown,BTCUSD_15m,,,,,,SUCCESS,FAIL,-11.173376937500027,,ERROR,,
2025-12-31T14:32:22.264098,unknown,BTC_4h,,,,,,SUCCESS,FAIL,-16.859154660000073,,ERROR,,
2025-12-31T14:35:19.127583,unknown,BTC_1h,,,,,,SUCCESS,FAIL,-24.76292298000006,,ERROR,,
2025-12-31T14:45:39.050804,unknown,BTC_15m,,,,,,SUCCESS,FAIL,-25.215189939999895,,FAIL,-25.215189939999895,
2025-12-31T15:32:05.363396,unknown,BTC_5m,,,,,,SUCCESS,FAIL,-24.47722918000001,,FAIL,-24.47722918000001,
2025-12-31T16:28:27.017410,unknown,BTC_1m,,,,,,SUCCESS,FAIL,-1.2869655800000184,,FAIL,-1.2869655800000184,
2025-12-31T16:28:48.463261,unknown,BTCUSD_15m,,,,,,SUCCESS,PASS,3.11048553125,-7.27486632340845,ERROR,,
2025-12-31T16:29:01.591760,unknown,BTC_4h,,,,,,SUCCESS,FAIL,-2.747264839999989,,ERROR,,
2025-12-31T16:29:49.710682,unknown,BTC_1h,,,,,,SUCCESS,PASS,13.00656726000004,,ERROR,,
2025-12-31T16:30:52.676094,roe_bm_monthly_predictive_proxy,BTCUSD_15m,63.62550914000001,1.0067110073568326,-28.683846328354633,45.45454545454545,11,SUCCESS,FAIL,-1.1149380468750023,,FAIL,-1.1149380468750023,
2025-12-31T16:30:59.790565,roe_bm_monthly_predictive_proxy,BTC_4h,63.62550914000001,1.0067110073568326,-28.683846328354633,45.45454545454545,11,SUCCESS,FAIL,-50.536862260000014,,FAIL,-50.536862260000014,
2025-12-31T16:31:28.602681,roe_bm_monthly_predictive_proxy,BTC_1h,63.62550914000001,1.0067110073568326,-28.683846328354633,45.45454545454545,11,SUCCESS,FAIL,-40.980285660000014,,FAIL,-40.980285660000014,
2025-12-31T16:32:54.435066,roe_bm_monthly_predictive_proxy,BTC_15m,63.62550914000001,1.0067110073568326,-28.683846328354633,45.45454545454545,11,SUCCESS,FAIL,-31.11443146000001,,FAIL,-31.11443146000001,
2025-12-31T16:36:42.309428,roe_bm_monthly_predictive_proxy,BTC_5m,63.62550914000001,1.0067110073568326,-28.683846328354633,45.45454545454545,11,SUCCESS,FAIL,-19.27210804000002,,FAIL,-19.27210804000002,
2025-12-31T16:43:54.877113,roe_bm_monthly_predictive_proxy,BTC_1m,63.62550914000001,1.0067110073568326,-28.683846328354633,45.45454545454545,11,SUCCESS,FAIL,-5.98798685999999,,FAIL,-5.98798685999999,
2025-12-31T16:44:02.790796,a_plus_setup_four_step_framework,BTCUSD_15m,0.0,,-0.0,,0,SUCCESS,FAIL,0.0,,ERROR,,
2025-12-31T16:44:05.996549,a_plus_setup_four_step_framework,BTC_4h,0.0,,-0.0,,0,SUCCESS,FAIL,0.0,,ERROR,,
2025-12-31T16:44:23.043725,a_plus_setup_four_step_framework,BTC_1h,0.0,,-0.0,,0,SUCCESS,FAIL,0.0,,ERROR,,
2025-12-31T16:45:38.155649,a_plus_setup_four_step_framework,BTC_15m,0.0,,-0.0,,0,SUCCESS,FAIL,0.0,,ERROR,,
2025-12-31T16:52:50.561880,a_plus_setup_four_step_framework,BTC_5m,0.0,,-0.0,,0,SUCCESS,FAIL,0.0,,ERROR,,
2025-12-31T17:25:06.505225,a_plus_setup_four_step_framework,BTC_1m,0.0,,-0.0,,0,SUCCESS,FAIL,0.0,,ERROR,,
2025-12-31T17:25:09.966800,unknown,BTCUSD_15m,,,,,,SUCCESS,ERROR,,,ERROR,,
2025-12-31T17:25:10.053674,unknown,BTC_4h,,,,,,SUCCESS,ERROR,,,ERROR,,
2025-12-31T17:25:10.330161,unknown,BTC_1h,,,,,,SUCCESS,ERROR,,,ERROR,,
2025-12-31T17:25:11.092883,unknown,BTC_15m,,,,,,SUCCESS,ERROR,,,ERROR,,
2025-12-31T17:25:12.023313,unknown,BTC_5m,,,,,,SUCCESS,ERROR,,,ERROR,,
2025-12-31T17:25:13.761115,unknown,BTC_1m,,,,,,SUCCESS,ERROR,,,ERROR,,
2025-12-31T17:25:22.091118,unknown,BTCUSD_15m,,,,,,SUCCESS,PASS,7.565173609374994,-0.05202662685733217,PASS,7.565173609374994,-0.05202662685733217
2025-12-31T17:25:24.858899,unknown,BTC_4h,,,,,,SUCCESS,FAIL,-31.730493799999998,,FAIL,-31.730493799999998,
2025-12-31T17:25:31.325950,unknown,BTC_1h,,,,,,SUCCESS,FAIL,-24.06196824000003,,FAIL,-24.06196824000003,
2025-12-31T17:25:50.390232,unknown,BTC_15m,,,,,,SUCCESS,PASS,8.015955079999985,,PASS,8.015955079999985,
2025-12-31T17:26:39.771479,unknown,BTC_5m,,,,,,SUCCESS,FAIL,-12.987319620000125,,FAIL,-12.987319620000125,
2025-12-31T17:27:52.515129,unknown,BTC_1m,,,,,,SUCCESS,FAIL,-0.6802121999999945,,FAIL,-0.6802121999999945,
2025-12-31T17:28:01.737705,unknown,BTCUSD_15m,,,,,,SUCCESS,FAIL,-11.240371458750028,,FAIL,-11.240371458750028,
2025-12-31T17:28:07.636779,unknown,BTC_4h,,,,,,SUCCESS,FAIL,-25.15967360880006,,FAIL,-25.15967360880006,
2025-12-31T17:28:38.586185,unknown,BTC_1h,,,,,,SUCCESS,FAIL,-33.431598650400076,,FAIL,-33.431598650400076,
2025-12-31T17:34:05.250061,unknown,BTC_15m,,,,,,SUCCESS,FAIL,-24.31036163920004,,FAIL,-24.31036163920004,
2025-12-31T17:49:08.772636,unknown,BTC_5m,,,,,,SUCCESS,FAIL,-24.93001281699998,,FAIL,-24.93001281699998,
2025-12-31T18:36:50.621560,unknown,BTC_1m,,,,,,SUCCESS,FAIL,-1.2527056199999933,,FAIL,-1.2527056199999933,
2025-12-31T18:37:17.382002,unknown,BTCUSD_15m,,,,,,SUCCESS,FAIL,-11.173376937500027,,FAIL,-11.173376937500027,
2025-12-31T18:37:54.371985,unknown,BTC_4h,,,,,,SUCCESS,FAIL,-16.859154660000073,,FAIL,-16.859154660000073,
2025-12-31T18:40:13.555081,unknown,BTC_1h,,,,,,SUCCESS,FAIL,-24.76292298000006,,FAIL,-24.76292298000006,
2025-12-31T18:47:40.259643,unknown,BTC_15m,,,,,,SUCCESS,FAIL,-25.215189939999895,,FAIL,-25.215189939999895,
2025-12-31T19:06:50.043968,unknown,BTC_5m,,,,,,SUCCESS,FAIL,-24.47722918000001,,FAIL,-24.47722918000001,
2025-12-31T19:35:51.950476,unknown,BTC_1m,,,,,,SUCCESS,FAIL,-1.2869655800000184,,FAIL,-1.2869655800000184,
2025-12-31T19:36:03.427938,unknown,BTCUSD_15m,,,,,,SUCCESS,PASS,3.11048553125,-7.27486632340845,ERROR,,
2025-12-31T19:36:12.422761,unknown,BTC_4h,,,,,,SUCCESS,FAIL,-2.747264839999989,,ERROR,,
2025-12-31T19:36:45.264035,unknown,BTC_1h,,,,,,SUCCESS,PASS,13.00656726000004,,ERROR,,
2025-12-31T19:38:28.204088,unknown,BTC_15m,,,,,,SUCCESS,FAIL,-3.7285822399999597,,ERROR,,
2025-12-31T19:43:02.093504,unknown,BTC_5m,,,,,,SUCCESS,FAIL,-2.75283067999997,,ERROR,,
2025-12-31T19:49:07.423099,unknown,BTC_1m,,,,,,SUCCESS,FAIL,0.0,,ERROR,,
2025-12-31T19:49:12.944339,unknown,BTCUSD_15m,,,,,,SUCCESS,FAIL,-4.637103163281296,,ERROR,,
2025-12-31T19:49:13.027259,unknown,BTC_4h,,,,,,SUCCESS,ERROR,,,ERROR,,
2025-12-31T19:49:13.761383,unknown,BTC_1h,,,,,,SUCCESS,ERROR,,,ERROR,,
2025-12-31T19:49:31.955469,unknown,BTC_15m,,,,,,SUCCESS,FAIL,-17.00441188579993,,ERROR,,
2025-12-31T19:49:38.791563,unknown,BTC_5m,,,,,,SUCCESS,ERROR,,,ERROR,,
2025-12-31T19:51:14.197056,unknown,BTC_1m,,,,,,SUCCESS,FAIL,-1.4618715833999885,,ERROR,,
2025-12-31T19:51:28.575296,unknown,BTCUSD_15m,,,,,,SUCCESS,ERROR,,,ERROR,,
2025-12-31T19:51:28.598105,unknown,BTC_4h,,,,,,SUCCESS,ERROR,,,ERROR,,
2025-12-31T19:51:28.662010,unknown,BTC_1h,,,,,,SUCCESS,ERROR,,,ERROR,,
2025-12-31T19:51:28.856434,unknown,BTC_15m,,,,,,SUCCESS,ERROR,,,ERROR,,
2025-12-31T19:51:29.399107,unknown,BTC_5m,,,,,,SUCCESS,ERROR,,,ERROR,,
2025-12-31T19:51:30.403900,unknown,BTC_1m,,,,,,SUCCESS,ERROR,,,ERROR,,
2025-12-31T19:51:33.131912,unknown,BTCUSD_15m,,,,,,SUCCESS,ERROR,,,ERROR,,
2025-12-31T19:51:33.171470,unknown,BTC_4h,,,,,,SUCCESS,ERROR,,,ERROR,,
2025-12-31T19:51:43.148592,roe_bm_monthly_predictive_proxy,BTCUSD_15m,63.62550914000001,1.0067110073568326,-28.683846328354633,45.45454545454545,11,SUCCESS,FAIL,-1.1149380468750023,,FAIL,-1.1149380468750023,
2025-12-31T19:51:48.819894,roe_bm_monthly_predictive_proxy,BTC_4h,63.62550914000001,1.0067110073568326,-28.683846328354633,45.45454545454545,11,SUCCESS,FAIL,-50.536862260000014,,FAIL,-50.536862260000014,
2025-12-31T19:52:08.484685,roe_bm_monthly_predictive_proxy,BTC_1h,63.62550914000001,1.0067110073568326,-28.683846328354633,45.45454545454545,11,SUCCESS,FAIL,-40.980285660000014,,FAIL,-40.980285660000014,
2025-12-31T19:53:09.902332,roe_bm_monthly_predictive_proxy,BTC_15m,63.62550914000001,1.0067110073568326,-28.683846328354633,45.45454545454545,11,SUCCESS,FAIL,-31.11443146000001,,FAIL,-31.11443146000001,
2025-12-31T19:55:51.223498,roe_bm_monthly_predictive_proxy,BTC_5m,63.62550914000001,1.0067110073568326,-28.683846328354633,45.45454545454545,11,SUCCESS,FAIL,-19.27210804000002,,FAIL,-19.27210804000002,
2025-12-31T20:01:17.204196,roe_bm_monthly_predictive_proxy,BTC_1m,63.62550914000001,1.0067110073568326,-28.683846328354633,45.45454545454545,11,SUCCESS,FAIL,-5.98798685999999,,FAIL,-5.98798685999999,
2025-12-31T20:01:23.325098,a_plus_setup_four_step_framework,BTCUSD_15m,0.0,,-0.0,,0,SUCCESS,FAIL,0.0,,ERROR,,
2025-12-31T20:01:26.045780,a_plus_setup_four_step_framework,BTC_4h,0.0,,-0.0,,0,SUCCESS,FAIL,0.0,,ERROR,,
2025-12-31T20:01:40.414899,a_plus_setup_four_step_framework,BTC_1h,0.0,,-0.0,,0,SUCCESS,FAIL,0.0,,ERROR,,
2025-12-31T20:02:46.684029,a_plus_setup_four_step_framework,BTC_15m,0.0,,-0.0,,0,SUCCESS,FAIL,0.0,,ERROR,,
2025-12-31T20:08:18.494150,a_plus_setup_four_step_framework,BTC_5m,0.0,,-0.0,,0,SUCCESS,FAIL,0.0,,ERROR,,
2025-12-31T20:23:47.846725,a_plus_setup_four_step_framework,BTC_1m,0.0,,-0.0,,0,SUCCESS,FAIL,0.0,,ERROR,,
2025-12-31T20:23:49.928425,unknown,BTCUSD_15m,,,,,,SUCCESS,ERROR,,,ERROR,,
2025-12-31T20:23:50.004275,unknown,BTC_4h,,,,,,SUCCESS,ERROR,,,ERROR,,
2025-12-31T20:23:50.173198,unknown,BTC_1h,,,,,,SUCCESS,ERROR,,,ERROR,,
2025-12-31T20:23:50.495962,unknown,BTC_15m,,,,,,SUCCESS,ERROR,,,ERROR,,
2025-12-31T20:23:51.296695,unknown,BTC_5m,,,,,,SUCCESS,ERROR,,,ERROR,,
2025-12-31T20:23:52.255428,unknown,BTC_1m,,,,,,SUCCESS,ERROR,,,ERROR,,
2025-12-31T20:23:56.476277,unknown,BTCUSD_15m,,,,,,SUCCESS,PASS,7.565173609374994,-0.05202662685733217,PASS,7.565173609374994,
2025-12-31T20:23:57.973221,unknown,BTC_4h,,,,,,SUCCESS,FAIL,-31.730493799999998,,FAIL,-31.730493799999998,
2025-12-31T20:24:01.839494,unknown,BTC_1h,,,,,,SUCCESS,FAIL,-24.06196824000003,,FAIL,-24.06196824000003,
2025-12-31T20:24:12.625516,unknown,BTC_15m,,,,,,SUCCESS,PASS,8.015955079999985,,PASS,8.015955079999985,
2025-12-31T20:24:40.482387,unknown,BTC_5m,,,,,,SUCCESS,FAIL,-12.987319620000125,,FAIL,-12.987319620000125,
2025-12-31T20:25:28.949645,unknown,BTC_1m,,,,,,SUCCESS,FAIL,-0.6802121999999945,,FAIL,-0.6802121999999945,
2025-12-31T20:25:36.853452,unknown,BTCUSD_15m,,,,,,SUCCESS,FAIL,-11.240371458750028,,FAIL,-11.240371458750028,
2025-12-31T20:25:41.397358,unknown,BTC_4h,,,,,,SUCCESS,FAIL,-25.15967360880006,,FAIL,-25.15967360880006,
2025-12-31T20:26:06.206202,unknown,BTC_1h,,,,,,SUCCESS,FAIL,-33.431598650400076,,FAIL,-33.431598650400076,
2025-12-31T20:28:00.378715,unknown,BTC_15m,,,,,,SUCCESS,FAIL,-24.31036163920004,,FAIL,-24.31036163920004,
2025-12-31T21:22:23.597872,unknown,BTC_5m,,,,,,SUCCESS,FAIL,-24.93001281699998,,FAIL,-24.93001281699998,
2025-12-31T21:49:42.488213,unknown,BTC_1m,,,,,,SUCCESS,FAIL,-1.2527056199999933,,FAIL,-1.2527056199999933,
2025-12-31T21:50:12.230111,unknown,BTCUSD_15m,,,,,,SUCCESS,FAIL,-11.173376937500027,,FAIL,-11.173376937500027,
2025-12-31T21:50:51.753088,unknown,BTC_4h,,,,,,SUCCESS,FAIL,-16.859154660000073,,FAIL,-16.859154660000073,
2025-12-31T21:53:29.034994,unknown,BTC_1h,,,,,,SUCCESS,FAIL,-24.76292298000006,,FAIL,-24.76292298000006,
2025-12-31T22:02:08.484284,unknown,BTC_15m,,,,,,SUCCESS,FAIL,-25.215189939999895,,FAIL,-25.215189939999895,
2025-12-31T22:26:03.454513,unknown,BTC_5m,,,,,,SUCCESS,FAIL,-24.47722918000001,,FAIL,-24.47722918000001,
2025-12-31T23:00:30.828301,unknown,BTC_1m,,,,,,SUCCESS,FAIL,-1.2869655800000184,,FAIL,-1.2869655800000184,
2025-12-31T23:00:42.206031,unknown,BTCUSD_15m,,,,,,SUCCESS,PASS,3.11048553125,-7.27486632340845,ERROR,,
2025-12-31T23:00:50.882940,unknown,BTC_4h,,,,,,SUCCESS,FAIL,-2.747264839999989,,ERROR,,
2025-12-31T23:01:22.623492,unknown,BTC_1h,,,,,,SUCCESS,PASS,13.00656726000004,,ERROR,,
2025-12-31T23:03:02.512534,unknown,BTC_15m,,,,,,SUCCESS,FAIL,-3.7285822399999597,,ERROR,,
2025-12-31T23:07:18.070301,unknown,BTC_5m,,,,,,SUCCESS,FAIL,-2.75283067999997,,ERROR,,
2025-12-31T23:14:19.122143,unknown,BTC_1m,,,,,,SUCCESS,FAIL,0.0,,ERROR,,
2025-12-31T23:14:24.684248,unknown,BTCUSD_15m,,,,,,SUCCESS,FAIL,-4.637103163281296,,FAIL,-4.637103163281296,
2025-12-31T23:14:24.753558,unknown,BTC_4h,,,,,,SUCCESS,ERROR,,,ERROR,,
2025-12-31T23:14:25.699552,unknown,BTC_1h,,,,,,SUCCESS,ERROR,,,ERROR,,
2025-12-31T23:14:47.359530,unknown,BTC_15m,,,,,,SUCCESS,FAIL,-17.00441188579993,,ERROR,,
2025-12-31T23:14:57.335307,unknown,BTC_5m,,,,,,SUCCESS,ERROR,,,ERROR,,
2025-12-31T23:16:58.139111,unknown,BTC_1m,,,,,,SUCCESS,FAIL,-1.4618715833999885,,FAIL,-1.4618715833999885,
2025-12-31T23:17:11.104142,unknown,BTCUSD_15m,,,,,,SUCCESS,ERROR,,,ERROR,,
2025-12-31T23:17:11.127346,unknown,BTC_4h,,,,,,SUCCESS,ERROR,,,ERROR,,
2025-12-31T23:17:11.193795,unknown,BTC_1h,,,,,,SUCCESS,ERROR,,,ERROR,,
2025-12-31T23:17:11.404957,unknown,BTC_15m,,,,,,SUCCESS,ERROR,,,ERROR,,
2025-12-31T23:17:11.942398,unknown,BTC_5m,,,,,,SUCCESS,ERROR,,,ERROR,,
2025-12-31T23:17:12.828546,unknown,BTC_1m,,,,,,SUCCESS,ERROR,,,ERROR,,
2025-12-31T23:17:15.747488,unknown,BTCUSD_15m,,,,,,SUCCESS,ERROR,,,ERROR,,
2025-12-31T23:17:15.782355,unknown,BTC_4h,,,,,,SUCCESS,ERROR,,,ERROR,,
2025-12-31T23:17:26.004101,roe_bm_monthly_predictive_proxy,BTCUSD_15m,63.62550914000001,1.0067110073568326,-28.683846328354633,45.45454545454545,11,SUCCESS,FAIL,-1.1149380468750023,,FAIL,-1.1149380468750023,
2025-12-31T23:17:30.887606,roe_bm_monthly_predictive_proxy,BTC_4h,63.62550914000001,1.0067110073568326,-28.683846328354633,45.45454545454545,11,SUCCESS,FAIL,-50.536862260000014,,FAIL,-50.536862260000014,
2025-12-31T23:17:48.284483,roe_bm_monthly_predictive_proxy,BTC_1h,63.62550914000001,1.0067110073568326,-28.683846328354633,45.45454545454545,11,SUCCESS,FAIL,-40.980285660000014,,FAIL,-40.980285660000014,
2025-12-31T23:18:43.477891,roe_bm_monthly_predictive_proxy,BTC_15m,63.62550914000001,1.0067110073568326,-28.683846328354633,45.45454545454545,11,SUCCESS,FAIL,-31.11443146000001,,FAIL,-31.11443146000001,
2025-12-31T23:21:08.047011,roe_bm_monthly_predictive_proxy,BTC_5m,63.62550914000001,1.0067110073568326,-28.683846328354633,45.45454545454545,11,SUCCESS,FAIL,-19.27210804000002,,FAIL,-19.27210804000002,
2025-12-31T23:25:47.826617,roe_bm_monthly_predictive_proxy,BTC_1m,63.62550914000001,1.0067110073568326,-28.683846328354633,45.45454545454545,11,SUCCESS,FAIL,-5.98798685999999,,FAIL,-5.98798685999999,
2025-12-31T23:25:53.483608,a_plus_setup_four_step_framework,BTCUSD_15m,0.0,,-0.0,,0,SUCCESS,FAIL,0.0,,ERROR,,
2025-12-31T23:25:55.627697,a_plus_setup_four_step_framework,BTC_4h,0.0,,-0.0,,0,SUCCESS,FAIL,0.0,,ERROR,,
2025-12-31T23:26:06.359895,a_plus_setup_four_step_framework,BTC_1h,0.0,,-0.0,,0,SUCCESS,FAIL,0.0,,ERROR,,
2025-12-31T23:26:57.662338,a_plus_setup_four_step_framework,BTC_15m,0.0,,-0.0,,0,SUCCESS,FAIL,0.0,,ERROR,,
2025-12-31T23:32:09.886808,a_plus_setup_four_step_framework,BTC_5m,0.0,,-0.0,,0,SUCCESS,FAIL,0.0,,ERROR,,
2025-12-31T23:48:43.468267,a_plus_setup_four_step_framework,BTC_1m,0.0,,-0.0,,0,SUCCESS,FAIL,0.0,,ERROR,,
2025-12-31T23:48:46.839085,unknown,BTCUSD_15m,,,,,,SUCCESS,ERROR,,,ERROR,,
2025-12-31T23:48:46.905534,unknown,BTC_4h,,,,,,SUCCESS,ERROR,,,ERROR,,
2025-12-31T23:48:47.261550,unknown,BTC_1h,,,,,,SUCCESS,ERROR,,,ERROR,,
2025-12-31T23:48:48.113180,unknown,BTC_15m,,,,,,SUCCESS,ERROR,,,ERROR,,
2025-12-31T23:48:48.930310,unknown,BTC_5m,,,,,,SUCCESS,ERROR,,,ERROR,,
2025-12-31T23:48:50.802836,unknown,BTC_1m,,,,,,SUCCESS,ERROR,,,ERROR,,
2025-12-31T23:48:57.088045,unknown,BTCUSD_15m,,,,,,SUCCESS,PASS,7.565173609374994,-0.05202662685733217,PASS,7.565173609374994,-0.05202662685733217
2025-12-31T23:48:59.327154,unknown,BTC_4h,,,,,,SUCCESS,FAIL,-31.730493799999998,,FAIL,-31.730493799999998,
2025-12-31T23:49:03.728979,unknown,BTC_1h,,,,,,SUCCESS,FAIL,-24.06196824000003,,FAIL,-24.06196824000003,
2025-12-31T23:49:16.581445,unknown,BTC_15m,,,,,,SUCCESS,PASS,8.015955079999985,,PASS,8.015955079999985,
2025-12-31T23:49:51.365215,unknown,BTC_5m,,,,,,SUCCESS,FAIL,-12.987319620000125,,FAIL,-12.987319620000125,
2025-12-31T23:50:53.900259,unknown,BTC_1m,,,,,,SUCCESS,FAIL,-0.6802121999999945,,FAIL,-0.6802121999999945,
2025-12-31T23:51:03.794672,unknown,BTCUSD_15m,,,,,,SUCCESS,FAIL,-11.240371458750028,,FAIL,-11.240371458750028,
2025-12-31T23:51:09.031544,unknown,BTC_4h,,,,,,SUCCESS,FAIL,-25.15967360880006,,FAIL,-25.15967360880006,
2025-12-31T23:51:33.744510,unknown,BTC_1h,,,,,,SUCCESS,FAIL,-33.431598650400076,,FAIL,-33.431598650400076,
2025-12-31T23:53:20.109864,unknown,BTC_15m,,,,,,SUCCESS,FAIL,-24.31036163920004,,FAIL,-24.31036163920004,
2026-01-01T00:03:45.742255,unknown,BTC_5m,,,,,,SUCCESS,FAIL,-24.93001281699998,,FAIL,-24.93001281699998,
2026-01-01T00:33:50.941838,unknown,BTC_1m,,,,,,SUCCESS,FAIL,-1.2527056199999933,,FAIL,-1.2527056199999933,
2026-01-01T00:34:21.155325,unknown,BTCUSD_15m,,,,,,SUCCESS,FAIL,-11.173376937500027,,FAIL,-11.173376937500027,
2026-01-01T00:34:58.557527,unknown,BTC_4h,,,,,,SUCCESS,FAIL,-16.859154660000073,,FAIL,-16.859154660000073,
2026-01-01T00:37:10.701495,unknown,BTC_1h,,,,,,SUCCESS,FAIL,-24.76292298000006,,FAIL,-24.76292298000006,
2026-01-01T00:44:37.760220,unknown,BTC_15m,,,,,,SUCCESS,FAIL,-25.215189939999895,,FAIL,-25.215189939999895,
2026-01-01T01:04:50.530845,unknown,BTC_5m,,,,,,SUCCESS,FAIL,-24.47722918000001,,FAIL,-24.47722918000001,
2026-01-01T01:45:49.774763,unknown,BTC_1m,,,,,,SUCCESS,FAIL,-1.2869655800000184,,FAIL,-1.2869655800000184,
2026-01-01T01:46:05.059263,unknown,BTCUSD_15m,,,,,,SUCCESS,PASS,3.11048553125,-7.27486632340845,ERROR,,
2026-01-01T01:46:17.012589,unknown,BTC_4h,,,,,,SUCCESS,FAIL,-2.747264839999989,,ERROR,,
2026-01-01T01:46:59.504209,unknown,BTC_1h,,,,,,SUCCESS,PASS,13.00656726000004,,ERROR,,
2026-01-01T01:48:47.857692,unknown,BTC_15m,,,,,,SUCCESS,FAIL,-3.7285822399999597,,ERROR,,
2026-01-01T01:53:24.906575,unknown,BTC_5m,,,,,,SUCCESS,FAIL,-2.75283067999997,,ERROR,,
2026-01-01T01:59:08.494213,unknown,BTC_1m,,,,,,SUCCESS,FAIL,0.0,,ERROR,,
2026-01-01T01:59:15.007218,unknown,BTCUSD_15m,,,,,,SUCCESS,FAIL,-4.637103163281296,,ERROR,,
2026-01-01T01:59:15.102397,unknown,BTC_4h,,,,,,SUCCESS,ERROR,,,ERROR,,
2026-01-01T01:59:16.475560,unknown,BTC_1h,,,,,,SUCCESS,ERROR,,,ERROR,,
2026-01-01T01:59:35.135293,unknown,BTC_15m,,,,,,SUCCESS,FAIL,-17.00441188579993,,ERROR,,
2026-01-01T01:59:45.473604,unknown,BTC_5m,,,,,,SUCCESS,ERROR,,,ERROR,,
2026-01-01T02:00:57.558646,unknown,BTC_1m,,,,,,SUCCESS,FAIL,-1.4618715833999885,,ERROR,,
2026-01-01T02:01:14.500078,unknown,BTCUSD_15m,,,,,,SUCCESS,ERROR,,,ERROR,,
2026-01-01T02:01:14.529979,unknown,BTC_4h,,,,,,SUCCESS,ERROR,,,ERROR,,
2026-01-01T02:01:14.616303,unknown,BTC_1h,,,,,,SUCCESS,ERROR,,,ERROR,,
2026-01-01T02:01:14.887133,unknown,BTC_15m,,,,,,SUCCESS,ERROR,,,ERROR,,
2026-01-01T02:01:15.771363,unknown,BTC_5m,,,,,,SUCCESS,ERROR,,,ERROR,,
2026-01-01T02:01:16.934094,unknown,BTC_1m,,,,,,SUCCESS,ERROR,,,ERROR,,
2026-01-01T02:01:21.081456,unknown,BTCUSD_15m,,,,,,SUCCESS,ERROR,,,ERROR,,
2026-01-01T02:01:21.186286,unknown,BTC_4h,,,,,,SUCCESS,ERROR,,,ERROR,,
2026-01-01T02:01:35.598013,roe_bm_monthly_predictive_proxy,BTCUSD_15m,63.62550914000001,1.0067110073568326,-28.683846328354633,45.45454545454545,11,SUCCESS,FAIL,-1.1149380468750023,,FAIL,-1.1149380468750023,
2026-01-01T02:01:43.014358,roe_bm_monthly_predictive_proxy,BTC_4h,63.62550914000001,1.0067110073568326,-28.683846328354633,45.45454545454545,11,SUCCESS,FAIL,-50.536862260000014,,FAIL,-50.536862260000014,
2026-01-01T02:02:06.760114,roe_bm_monthly_predictive_proxy,BTC_1h,63.62550914000001,1.0067110073568326,-28.683846328354633,45.45454545454545,11,SUCCESS,FAIL,-40.980285660000014,,FAIL,-40.980285660000014,
2026-01-01T02:03:19.581918,roe_bm_monthly_predictive_proxy,BTC_15m,63.62550914000001,1.0067110073568326,-28.683846328354633,45.45454545454545,11,SUCCESS,FAIL,-31.11443146000001,,FAIL,-31.11443146000001,
2026-01-01T02:06:35.689944,roe_bm_monthly_predictive_proxy,BTC_5m,63.62550914000001,1.0067110073568326,-28.683846328354633,45.45454545454545,11,SUCCESS,FAIL,-19.27210804000002,,FAIL,-19.27210804000002,
2026-01-01T02:13:08.370070,roe_bm_monthly_predictive_proxy,BTC_1m,63.62550914000001,1.0067110073568326,-28.683846328354633,45.45454545454545,11,SUCCESS,FAIL,-5.98798685999999,,FAIL,-5.98798685999999,
2026-01-01T02:13:15.897828,a_plus_setup_four_step_framework,BTCUSD_15m,0.0,,-0.0,,0,SUCCESS,FAIL,0.0,,ERROR,,
2026-01-01T02:13:18.864295,a_plus_setup_four_step_framework,BTC_4h,0.0,,-0.0,,0,SUCCESS,FAIL,0.0,,ERROR,,
2026-01-01T02:13:34.824374,a_plus_setup_four_step_framework,BTC_1h,0.0,,-0.0,,0,SUCCESS,FAIL,0.0,,ERROR,,
2026-01-01T02:14:38.773322,a_plus_setup_four_step_framework,BTC_15m,0.0,,-0.0,,0,SUCCESS,FAIL,0.0,,ERROR,,
2026-01-01T02:20:22.373752,a_plus_setup_four_step_framework,BTC_5m,0.0,,-0.0,,0,SUCCESS,FAIL,0.0,,ERROR,,
2026-01-01T02:34:38.512686,a_plus_setup_four_step_framework,BTC_1m,0.0,,-0.0,,0,SUCCESS,FAIL,0.0,,ERROR,,
2026-01-01T02:34:40.790481,unknown,BTCUSD_15m,,,,,,SUCCESS,ERROR,,,ERROR,,
2026-01-01T02:34:40.840497,unknown,BTC_4h,,,,,,SUCCESS,ERROR,,,ERROR,,
2026-01-01T02:34:40.946635,unknown,BTC_1h,,,,,,SUCCESS,ERROR,,,ERROR,,
2026-01-01T02:34:41.291416,unknown,BTC_15m,,,,,,SUCCESS,ERROR,,,ERROR,,
2026-01-01T02:34:42.020758,unknown,BTC_5m,,,,,,SUCCESS,ERROR,,,ERROR,,
2026-01-01T02:34:43.329581,unknown,BTC_1m,,,,,,SUCCESS,ERROR,,,ERROR,,
2026-01-01T02:34:48.306155,unknown,BTCUSD_15m,,,,,,SUCCESS,PASS,7.565173609374994,-0.05202662685733217,ERROR,,
2026-01-01T02:34:50.006137,unknown,BTC_4h,,,,,,SUCCESS,FAIL,-31.730493799999998,,FAIL,-31.730493799999998,
2026-01-01T02:34:54.494167,unknown,BTC_1h,,,,,,SUCCESS,FAIL,-24.06196824000003,,FAIL,-24.06196824000003,
2026-01-01T02:35:07.382796,unknown,BTC_15m,,,,,,SUCCESS,PASS,8.015955079999985,,PASS,8.015955079999985,
2026-01-01T02:35:41.840281,unknown,BTC_5m,,,,,,SUCCESS,FAIL,-12.987319620000125,,FAIL,-12.987319620000125,
2026-01-01T02:36:40.217502,unknown,BTC_1m,,,,,,SUCCESS,FAIL,-0.6802121999999945,,FAIL,-0.6802121999999945,
2026-01-01T02:36:49.324559,unknown,BTCUSD_15m,,,,,,SUCCESS,FAIL,-11.240371458750028,,FAIL,-11.240371458750028,
2026-01-01T02:36:54.456649,unknown,BTC_4h,,,,,,SUCCESS,FAIL,-25.15967360880006,,FAIL,-25.15967360880006,
2026-01-01T02:37:19.099555,unknown,BTC_1h,,,,,,SUCCESS,FAIL,-33.431598650400076,,FAIL,-33.431598650400076,
2026-01-01T02:38:53.897762,unknown,BTC_15m,,,,,,SUCCESS,FAIL,-24.31036163920004,,FAIL,-24.31036163920004,
2026-01-01T02:59:28.488114,unknown,BTC_5m,,,,,,SUCCESS,FAIL,-24.93001281699998,,FAIL,-24.93001281699998,
2026-01-01T03:30:41.673183,unknown,BTC_1m,,,,,,SUCCESS,FAIL,-1.2527056199999933,,FAIL,-1.2527056199999933,
2026-01-01T03:31:21.180448,unknown,BTCUSD_15m,,,,,,SUCCESS,FAIL,-11.173376937500027,,FAIL,-11.173376937500027,
2026-01-01T03:32:12.446840,unknown,BTC_4h,,,,,,SUCCESS,FAIL,-16.859154660000073,,FAIL,-16.859154660000073,
2026-01-01T03:35:28.046556,unknown,BTC_1h,,,,,,SUCCESS,FAIL,-24.76292298000006,,FAIL,-24.76292298000006,
2026-01-01T03:44:05.209756,unknown,BTC_15m,,,,,,SUCCESS,FAIL,-25.215189939999895,,FAIL,-25.215189939999895,
2026-01-01T04:05:34.865712,unknown,BTC_5m,,,,,,SUCCESS,FAIL,-24.47722918000001,,FAIL,-24.47722918000001,
2026-01-01T04:38:25.088255,unknown,BTC_1m,,,,,,SUCCESS,FAIL,-1.2869655800000184,,FAIL,-1.2869655800000184,
2026-01-01T04:38:35.803184,unknown,BTCUSD_15m,,,,,,SUCCESS,PASS,3.11048553125,-7.27486632340845,ERROR,,
2026-01-01T04:38:44.899037,unknown,BTC_4h,,,,,,SUCCESS,FAIL,-2.747264839999989,,ERROR,,
2026-01-01T04:39:15.745164,unknown,BTC_1h,,,,,,SUCCESS,PASS,13.00656726000004,,ERROR,,
2026-01-01T04:40:55.418471,unknown,BTC_15m,,,,,,SUCCESS,FAIL,-3.7285822399999597,,ERROR,,
2026-01-01T04:44:58.146249,unknown,BTC_5m,,,,,,SUCCESS,FAIL,-2.75283067999997,,ERROR,,
2026-01-01T04:51:40.311645,unknown,BTC_1m,,,,,,SUCCESS,FAIL,0.0,,ERROR,,
2026-01-01T04:51:45.153537,unknown,BTCUSD_15m,,,,,,SUCCESS,FAIL,-4.637103163281296,,FAIL,-4.637103163281296,
2026-01-01T04:51:45.208728,unknown,BTC_4h,,,,,,SUCCESS,ERROR,,,ERROR,,
2026-01-01T04:51:53.494453,roe_bm_monthly_predictive_proxy,BTCUSD_15m,63.62550914000001,1.0067110073568326,-28.683846328354633,45.45454545454545,11,SUCCESS,FAIL,-1.1149380468750023,,FAIL,-1.1149380468750023,
2026-01-01T04:51:57.756868,roe_bm_monthly_predictive_proxy,BTC_4h,63.62550914000001,1.0067110073568326,-28.683846328354633,45.45454545454545,11,SUCCESS,FAIL,-50.536862260000014,,FAIL,-50.536862260000014,
2026-01-01T04:52:12.982107,roe_bm_monthly_predictive_proxy,BTC_1h,63.62550914000001,1.0067110073568326,-28.683846328354633,45.45454545454545,11,SUCCESS,FAIL,-40.980285660000014,,FAIL,-40.980285660000014,
2026-01-01T04:52:58.856077,roe_bm_monthly_predictive_proxy,BTC_15m,63.62550914000001,1.0067110073568326,-28.683846328354633,45.45454545454545,11,SUCCESS,FAIL,-31.11443146000001,,FAIL,-31.11443146000001,
2026-01-01T04:54:58.790956,roe_bm_monthly_predictive_proxy,BTC_5m,63.62550914000001,1.0067110073568326,-28.683846328354633,45.45454545454545,11,SUCCESS,FAIL,-19.27210804000002,,FAIL,-19.27210804000002,
2026-01-01T04:59:50.557959,roe_bm_monthly_predictive_proxy,BTC_1m,63.62550914000001,1.0067110073568326,-28.683846328354633,45.45454545454545,11,SUCCESS,FAIL,-5.98798685999999,,FAIL,-5.98798685999999,
2026-01-01T04:59:56.836897,a_plus_setup_four_step_framework,BTCUSD_15m,0.0,,-0.0,,0,SUCCESS,FAIL,0.0,,ERROR,,
2026-01-01T04:59:59.487125,a_plus_setup_four_step_framework,BTC_4h,0.0,,-0.0,,0,SUCCESS,FAIL,0.0,,ERROR,,
2026-01-01T05:00:11.719870,a_plus_setup_four_step_framework,BTC_1h,0.0,,-0.0,,0,SUCCESS,FAIL,0.0,,ERROR,,
2026-01-01T05:01:08.664945,a_plus_setup_four_step_framework,BTC_15m,0.0,,-0.0,,0,SUCCESS,FAIL,0.0,,ERROR,,
2026-01-01T05:07:39.605016,a_plus_setup_four_step_framework,BTC_5m,0.0,,-0.0,,0,SUCCESS,FAIL,0.0,,ERROR,,
2026-01-01T05:23:00.511554,a_plus_setup_four_step_framework,BTC_1m,0.0,,-0.0,,0,SUCCESS,FAIL,0.0,,ERROR,,
2026-01-01T05:23:02.474050,unknown,BTCUSD_15m,,,,,,SUCCESS,ERROR,,,ERROR,,
2026-01-01T05:23:02.547559,unknown,BTC_4h,,,,,,SUCCESS,ERROR,,,ERROR,,
2026-01-01T05:23:02.713368,unknown,BTC_1h,,,,,,SUCCESS,ERROR,,,ERROR,,
2026-01-01T05:23:03.219039,unknown,BTC_15m,,,,,,SUCCESS,ERROR,,,ERROR,,
2026-01-01T05:23:04.105942,unknown,BTC_5m,,,,,,SUCCESS,ERROR,,,ERROR,,
2026-01-01T05:23:05.716016,unknown,BTC_1m,,,,,,SUCCESS,ERROR,,,ERROR,,
2026-01-01T05:23:11.674865,unknown,BTCUSD_15m,,,,,,SUCCESS,PASS,7.565173609374994,-0.05202662685733217,PASS,7.565173609374994,-0.05202662685733217
2026-01-01T05:23:12.999436,unknown,BTC_4h,,,,,,SUCCESS,FAIL,-31.730493799999998,,FAIL,-31.730493799999998,
2026-01-01T05:23:16.621555,unknown,BTC_1h,,,,,,SUCCESS,FAIL,-24.06196824000003,,FAIL,-24.06196824000003,
2026-01-01T05:23:27.349303,unknown,BTC_15m,,,,,,SUCCESS,PASS,8.015955079999985,,PASS,8.015955079999985,
2026-01-01T05:23:55.439073,unknown,BTC_5m,,,,,,SUCCESS,FAIL,-12.987319620000125,,FAIL,-12.987319620000125,
2026-01-01T05:24:42.500234,unknown,BTC_1m,,,,,,SUCCESS,FAIL,-0.6802121999999945,,FAIL,-0.6802121999999945,
2026-01-01T05:24:49.927753,unknown,BTCUSD_15m,,,,,,SUCCESS,FAIL,-11.240371458750028,,FAIL,-11.240371458750028,
2026-01-01T05:24:54.165066,unknown,BTC_4h,,,,,,SUCCESS,FAIL,-25.15967360880006,,FAIL,-25.15967360880006,
2026-01-01T05:25:16.383584,unknown,BTC_1h,,,,,,SUCCESS,FAIL,-33.431598650400076,,FAIL,-33.431598650400076,
2026-01-01T05:27:15.826603,unknown,BTC_15m,,,,,,SUCCESS,FAIL,-24.31036163920004,,FAIL,-24.31036163920004,
2026-01-01T05:36:57.513726,unknown,BTC_5m,,,,,,SUCCESS,FAIL,-24.93001281699998,,FAIL,-24.93001281699998,
2026-01-01T06:03:47.977506,unknown,BTC_1m,,,,,,SUCCESS,FAIL,-1.2527056199999933,,FAIL,-1.2527056199999933,
2026-01-01T06:04:09.938014,unknown,BTCUSD_15m,,,,,,SUCCESS,FAIL,-11.173376937500027,,FAIL,-11.173376937500027,
2026-01-01T06:04:37.578989,unknown,BTC_4h,,,,,,SUCCESS,FAIL,-16.859154660000073,,FAIL,-16.859154660000073,
2026-01-01T06:06:21.409628,unknown,BTC_1h,,,,,,SUCCESS,FAIL,-24.76292298000006,,FAIL,-24.76292298000006,
2026-01-01T06:13:20.806538,unknown,BTC_15m,,,,,,SUCCESS,FAIL,-25.215189939999895,,FAIL,-25.215189939999895,
2026-01-01T06:35:21.255383,unknown,BTC_5m,,,,,,SUCCESS,FAIL,-24.47722918000001,,FAIL,-24.47722918000001,
2026-01-01T07:11:50.850200,unknown,BTC_1m,,,,,,SUCCESS,FAIL,-1.2869655800000184,,FAIL,-1.2869655800000184,
2026-01-01T07:12:02.917345,unknown,BTCUSD_15m,,,,,,SUCCESS,PASS,3.11048553125,-7.27486632340845,ERROR,,
2026-01-01T07:12:11.681414,unknown,BTC_4h,,,,,,SUCCESS,FAIL,-2.747264839999989,,ERROR,,
2026-01-01T07:12:43.649858,unknown,BTC_1h,,,,,,SUCCESS,PASS,13.00656726000004,,ERROR,,
2026-01-01T07:14:23.913288,unknown,BTC_15m,,,,,,SUCCESS,FAIL,-3.7285822399999597,,ERROR,,
2026-01-01T07:18:05.265633,unknown,BTC_5m,,,,,,SUCCESS,FAIL,-2.75283067999997,,ERROR,,
2026-01-01T07:23:59.686475,unknown,BTC_1m,,,,,,SUCCESS,FAIL,0.0,,ERROR,,
2026-01-01T07:24:04.136149,unknown,BTCUSD_15m,,,,,,SUCCESS,FAIL,-4.637103163281296,,ERROR,,
2026-01-01T07:24:04.180619,unknown,BTC_4h,,,,,,SUCCESS,ERROR,,,ERROR,,
2026-01-01T07:24:04.536683,unknown,BTC_1h,,,,,,SUCCESS,ERROR,,,ERROR,,
2026-01-01T07:24:20.003980,unknown,BTC_15m,,,,,,SUCCESS,FAIL,-17.00441188579993,,ERROR,,
2026-01-01T07:24:28.254064,unknown,BTC_5m,,,,,,SUCCESS,ERROR,,,ERROR,,
2026-01-01T07:25:43.795883,unknown,BTC_1m,,,,,,SUCCESS,FAIL,-1.4618715833999885,,ERROR,,
2026-01-01T07:25:54.284839,unknown,BTCUSD_15m,,,,,,SUCCESS,ERROR,,,ERROR,,
2026-01-01T07:25:54.307118,unknown,BTC_4h,,,,,,SUCCESS,ERROR,,,ERROR,,
2026-01-01T07:25:54.363067,unknown,BTC_1h,,,,,,SUCCESS,ERROR,,,ERROR,,
2026-01-01T07:25:54.537804,unknown,BTC_15m,,,,,,SUCCESS,ERROR,,,ERROR,,
2026-01-01T07:25:55.601209,unknown,BTC_5m,,,,,,SUCCESS,ERROR,,,ERROR,,
2026-01-01T07:25:56.482861,unknown,BTC_1m,,,,,,SUCCESS,ERROR,,,ERROR,,
2026-01-01T07:25:58.718734,unknown,BTCUSD_15m,,,,,,SUCCESS,ERROR,,,ERROR,,
2026-01-01T07:26:08.466294,roe_bm_monthly_predictive_proxy,BTCUSD_15m,63.62550914000001,1.0067110073568326,-28.683846328354633,45.45454545454545,11,SUCCESS,FAIL,-1.1149380468750023,,FAIL,-1.1149380468750023,
2026-01-01T07:26:12.607302,roe_bm_monthly_predictive_proxy,BTC_4h,63.62550914000001,1.0067110073568326,-28.683846328354633,45.45454545454545,11,SUCCESS,FAIL,-50.536862260000014,,FAIL,-50.536862260000014,
2026-01-01T07:26:27.329085,roe_bm_monthly_predictive_proxy,BTC_1h,63.62550914000001,1.0067110073568326,-28.683846328354633,45.45454545454545,11,SUCCESS,FAIL,-40.980285660000014,,FAIL,-40.980285660000014,
2026-01-01T07:27:13.329364,roe_bm_monthly_predictive_proxy,BTC_15m,63.62550914000001,1.0067110073568326,-28.683846328354633,45.45454545454545,11,SUCCESS,FAIL,-31.11443146000001,,FAIL,-31.11443146000001,
2026-01-01T07:29:09.720566,roe_bm_monthly_predictive_proxy,BTC_5m,63.62550914000001,1.0067110073568326,-28.683846328354633,45.45454545454545,11,SUCCESS,FAIL,-19.27210804000002,,FAIL,-19.27210804000002,
2026-01-01T07:33:13.043803,roe_bm_monthly_predictive_proxy,BTC_1m,63.62550914000001,1.0067110073568326,-28.683846328354633,45.45454545454545,11,SUCCESS,FAIL,-5.98798685999999,,FAIL,-5.98798685999999,
2026-01-01T07:33:20.792862,a_plus_setup_four_step_framework,BTCUSD_15m,0.0,,-0.0,,0,SUCCESS,FAIL,0.0,,ERROR,,
2026-01-01T07:33:22.597365,a_plus_setup_four_step_framework,BTC_4h,0.0,,-0.0,,0,SUCCESS,FAIL,0.0,,ERROR,,
2026-01-01T07:33:31.375044,a_plus_setup_four_step_framework,BTC_1h,0.0,,-0.0,,0,SUCCESS,FAIL,0.0,,ERROR,,
2026-01-01T07:34:15.425015,a_plus_setup_four_step_framework,BTC_15m,0.0,,-0.0,,0,SUCCESS,FAIL,0.0,,ERROR,,
2026-01-01T07:38:49.560889,a_plus_setup_four_step_framework,BTC_5m,0.0,,-0.0,,0,SUCCESS,FAIL,0.0,,ERROR,,
2026-01-01T07:49:55.949777,a_plus_setup_four_step_framework,BTC_1m,0.0,,-0.0,,0,SUCCESS,FAIL,0.0,,ERROR,,
2026-01-01T07:49:57.645766,unknown,BTCUSD_15m,,,,,,SUCCESS,ERROR,,,ERROR,,
2026-01-01T07:49:57.699428,unknown,BTC_4h,,,,,,SUCCESS,ERROR,,,ERROR,,
2026-01-01T07:49:57.809294,unknown,BTC_1h,,,,,,SUCCESS,ERROR,,,ERROR,,
2026-01-01T07:49:58.060547,unknown,BTC_15m,,,,,,SUCCESS,ERROR,,,ERROR,,
2026-01-01T07:49:58.527574,unknown,BTC_5m,,,,,,SUCCESS,ERROR,,,ERROR,,
2026-01-01T07:49:59.443129,unknown,BTC_1m,,,,,,SUCCESS,ERROR,,,ERROR,,
2026-01-01T07:50:02.450607,unknown,BTCUSD_15m,,,,,,SUCCESS,PASS,7.565173609374994,-0.05202662685733217,PASS,7.565173609374994,-0.05202662685733217
2026-01-01T07:50:03.480231,unknown,BTC_4h,,,,,,SUCCESS,FAIL,-31.730493799999998,,FAIL,-31.730493799999998,
2026-01-01T07:50:06.082916,unknown,BTC_1h,,,,,,SUCCESS,FAIL,-24.06196824000003,,FAIL,-24.06196824000003,
2026-01-01T07:50:13.536905,unknown,BTC_15m,,,,,,SUCCESS,PASS,8.015955079999985,,PASS,8.015955079999985,
2026-01-01T07:50:33.430634,unknown,BTC_5m,,,,,,SUCCESS,FAIL,-12.987319620000125,,FAIL,-12.987319620000125,
2026-01-01T07:51:06.597089,unknown,BTC_1m,,,,,,SUCCESS,FAIL,-0.6802121999999945,,FAIL,-0.6802121999999945,
2026-01-01T07:51:12.309043,unknown,BTCUSD_15m,,,,,,SUCCESS,FAIL,-11.240371458750028,,FAIL,-11.240371458750028,
2026-01-01T07:51:15.440027,unknown,BTC_4h,,,,,,SUCCESS,FAIL,-25.15967360880006,,FAIL,-25.15967360880006,
2026-01-01T07:51:30.741049,unknown,BTC_1h,,,,,,SUCCESS,FAIL,-33.431598650400076,,FAIL,-33.431598650400076,
2026-01-01T07:52:37.281094,unknown,BTC_15m,,,,,,SUCCESS,FAIL,-24.31036163920004,,FAIL,-24.31036163920004,
2026-01-01T08:00:34.231841,unknown,BTC_5m,,,,,,SUCCESS,FAIL,-24.93001281699998,,FAIL,-24.93001281699998,
2026-01-01T08:29:08.342080,unknown,BTC_1m,,,,,,SUCCESS,FAIL,-1.2527056199999933,,FAIL,-1.2527056199999933,
2026-01-01T08:29:36.897112,unknown,BTCUSD_15m,,,,,,SUCCESS,FAIL,-11.173376937500027,,FAIL,-11.173376937500027,
2026-01-01T08:30:13.879277,unknown,BTC_4h,,,,,,SUCCESS,FAIL,-16.859154660000073,,FAIL,-16.859154660000073,
2026-01-01T08:32:35.682012,unknown,BTC_1h,,,,,,SUCCESS,FAIL,-24.76292298000006,,FAIL,-24.76292298000006,
2026-01-01T08:40:05.611952,unknown,BTC_15m,,,,,,SUCCESS,FAIL,-25.215189939999895,,FAIL,-25.215189939999895,
2026-01-01T09:01:11.863340,unknown,BTC_5m,,,,,,SUCCESS,FAIL,-24.47722918000001,,FAIL,-24.47722918000001,
2026-01-01T09:28:29.463420,unknown,BTC_1m,,,,,,SUCCESS,FAIL,-1.2869655800000184,,FAIL,-1.2869655800000184,
2026-01-01T09:28:39.122772,unknown,BTCUSD_15m,,,,,,SUCCESS,PASS,3.11048553125,-7.27486632340845,ERROR,,
2026-01-01T09:28:46.308177,unknown,BTC_4h,,,,,,SUCCESS,FAIL,-2.747264839999989,,ERROR,,
2026-01-01T09:29:11.879678,unknown,BTC_1h,,,,,,SUCCESS,PASS,13.00656726000004,,ERROR,,
2026-01-01T09:30:31.326046,unknown,BTC_15m,,,,,,SUCCESS,FAIL,-3.7285822399999597,,ERROR,,
2026-01-01T09:33:56.182747,unknown,BTC_5m,,,,,,SUCCESS,FAIL,-2.75283067999997,,ERROR,,
2026-01-01T09:38:42.536418,unknown,BTC_1m,,,,,,SUCCESS,FAIL,0.0,,ERROR,,
2026-01-01T09:38:46.833756,unknown,BTCUSD_15m,,,,,,SUCCESS,FAIL,-4.637103163281296,,ERROR,,
2026-01-01T09:38:46.869632,unknown,BTC_4h,,,,,,SUCCESS,ERROR,,,ERROR,,
2026-01-01T09:38:47.377523,unknown,BTC_1h,,,,,,SUCCESS,ERROR,,,ERROR,,
2026-01-01T09:39:02.341831,unknown,BTC_15m,,,,,,SUCCESS,FAIL,-17.00441188579993,,ERROR,,
2026-01-01T09:39:10.157443,unknown,BTC_5m,,,,,,SUCCESS,ERROR,,,ERROR,,
2026-01-01T09:40:22.476478,unknown,BTC_1m,,,,,,SUCCESS,FAIL,-1.4618715833999885,,ERROR,,
2026-01-01T09:40:32.943662,unknown,BTCUSD_15m,,,,,,SUCCESS,ERROR,,,ERROR,,
2026-01-01T09:40:32.963011,unknown,BTC_4h,,,,,,SUCCESS,ERROR,,,ERROR,,
2026-01-01T09:40:33.026728,unknown,BTC_1h,,,,,,SUCCESS,ERROR,,,ERROR,,
2026-01-01T09:40:33.204052,unknown,BTC_15m,,,,,,SUCCESS,ERROR,,,ERROR,,
2026-01-01T09:40:33.669248,unknown,BTC_5m,,,,,,SUCCESS,ERROR,,,ERROR,,
2026-01-01T09:40:34.404477,unknown,BTC_1m,,,,,,SUCCESS,ERROR,,,ERROR,,
2026-01-01T09:40:36.629739,unknown,BTCUSD_15m,,,,,,SUCCESS,ERROR,,,ERROR,,
2026-01-01T09:40:36.663000,unknown,BTC_4h,,,,,,SUCCESS,ERROR,,,ERROR,,
2026-01-01T09:40:36.746205,unknown,BTC_1h,,,,,,SUCCESS,ERROR,,,ERROR,,
2026-01-01T09:40:36.961741,unknown,BTC_15m,,,,,,SUCCESS,ERROR,,,ERROR,,
2026-01-01T09:40:46.246828,roe_bm_monthly_predictive_proxy,BTCUSD_15m,63.62550914000001,1.0067110073568326,-28.683846328354633,45.45454545454545,11,SUCCESS,FAIL,-1.1149380468750023,,FAIL,-1.1149380468750023,
2026-01-01T09:40:50.305799,roe_bm_monthly_predictive_proxy,BTC_4h,63.62550914000001,1.0067110073568326,-28.683846328354633,45.45454545454545,11,SUCCESS,FAIL,-50.536862260000014,,FAIL,-50.536862260000014,
2026-01-01T09:41:04.370739,roe_bm_monthly_predictive_proxy,BTC_1h,63.62550914000001,1.0067110073568326,-28.683846328354633,45.45454545454545,11,SUCCESS,FAIL,-40.980285660000014,,FAIL,-40.980285660000014,
2026-01-01T09:41:47.852547,roe_bm_monthly_predictive_proxy,BTC_15m,63.62550914000001,1.0067110073568326,-28.683846328354633,45.45454545454545,11,SUCCESS,FAIL,-31.11443146000001,,FAIL,-31.11443146000001,
2026-01-01T09:43:45.539590,roe_bm_monthly_predictive_proxy,BTC_5m,63.62550914000001,1.0067110073568326,-28.683846328354633,45.45454545454545,11,SUCCESS,FAIL,-19.27210804000002,,FAIL,-19.27210804000002,
2026-01-01T09:48:33.815089,roe_bm_monthly_predictive_proxy,BTC_1m,63.62550914000001,1.0067110073568326,-28.683846328354633,45.45454545454545,11,SUCCESS,FAIL,-5.98798685999999,,FAIL,-5.98798685999999,
2026-01-01T09:48:40.085641,a_plus_setup_four_step_framework,BTCUSD_15m,0.0,,-0.0,,0,SUCCESS,FAIL,0.0,,ERROR,,
2026-01-01T09:48:42.622428,a_plus_setup_four_step_framework,BTC_4h,0.0,,-0.0,,0,SUCCESS,FAIL,0.0,,ERROR,,
2026-01-01T09:48:55.177072,a_plus_setup_four_step_framework,BTC_1h,0.0,,-0.0,,0,SUCCESS,FAIL,0.0,,ERROR,,
2026-01-01T09:49:50.287876,a_plus_setup_four_step_framework,BTC_15m,0.0,,-0.0,,0,SUCCESS,FAIL,0.0,,ERROR,,
2026-01-01T09:55:19.268294,a_plus_setup_four_step_framework,BTC_5m,0.0,,-0.0,,0,SUCCESS,FAIL,0.0,,ERROR,,
2026-01-01T10:10:41.807036,a_plus_setup_four_step_framework,BTC_1m,0.0,,-0.0,,0,SUCCESS,FAIL,0.0,,ERROR,,
2026-01-01T10:10:43.598343,unknown,BTCUSD_15m,,,,,,SUCCESS,ERROR,,,ERROR,,
2026-01-01T10:10:43.650133,unknown,BTC_4h,,,,,,SUCCESS,ERROR,,,ERROR,,
2026-01-01T10:10:43.854261,unknown,BTC_1h,,,,,,SUCCESS,ERROR,,,ERROR,,
2026-01-01T10:10:44.237055,unknown,BTC_15m,,,,,,SUCCESS,ERROR,,,ERROR,,
2026-01-01T10:10:45.032037,unknown,BTC_5m,,,,,,SUCCESS,ERROR,,,ERROR,,
2026-01-01T10:10:46.433075,unknown,BTC_1m,,,,,,SUCCESS,ERROR,,,ERROR,,
2026-01-01T10:10:50.770584,unknown,BTCUSD_15m,,,,,,SUCCESS,PASS,7.565173609374994,-0.05202662685733217,PASS,7.565173609374994,
2026-01-01T10:10:52.123825,unknown,BTC_4h,,,,,,SUCCESS,FAIL,-31.730493799999998,,FAIL,-31.730493799999998,
2026-01-01T10:10:55.910274,unknown,BTC_1h,,,,,,SUCCESS,FAIL,-24.06196824000003,,FAIL,-24.06196824000003,
2026-01-01T10:11:07.077410,unknown,BTC_15m,,,,,,SUCCESS,PASS,8.015955079999985,,PASS,8.015955079999985,
2026-01-01T10:11:36.878244,unknown,BTC_5m,,,,,,SUCCESS,FAIL,-12.987319620000125,,FAIL,-12.987319620000125,
2026-01-01T10:12:27.922014,unknown,BTC_1m,,,,,,SUCCESS,FAIL,-0.6802121999999945,,FAIL,-0.6802121999999945,
2026-01-01T10:12:36.251522,unknown,BTCUSD_15m,,,,,,SUCCESS,FAIL,-11.240371458750028,,FAIL,-11.240371458750028,
2026-01-01T10:12:40.670496,unknown,BTC_4h,,,,,,SUCCESS,FAIL,-25.15967360880006,,FAIL,-25.15967360880006,
2026-01-01T10:13:04.386404,unknown,BTC_1h,,,,,,SUCCESS,FAIL,-33.431598650400076,,FAIL,-33.431598650400076,
2026-01-01T10:14:46.619721,unknown,BTC_15m,,,,,,SUCCESS,FAIL,-24.31036163920004,,FAIL,-24.31036163920004,
2026-01-01T10:24:23.559501,unknown,BTC_5m,,,,,,SUCCESS,FAIL,-24.93001281699998,,FAIL,-24.93001281699998,
2026-01-01T10:52:08.909300,unknown,BTC_1m,,,,,,SUCCESS,FAIL,-1.2527056199999933,,FAIL,-1.2527056199999933,
2026-01-01T10:52:34.494249,unknown,BTCUSD_15m,,,,,,SUCCESS,FAIL,-11.173376937500027,,FAIL,-11.173376937500027,
2026-01-01T10:53:09.179311,unknown,BTC_4h,,,,,,SUCCESS,FAIL,-16.859154660000073,,FAIL,-16.859154660000073,
2026-01-01T10:55:20.233150,unknown,BTC_1h,,,,,,SUCCESS,FAIL,-24.76292298000006,,FAIL,-24.76292298000006,
2026-01-01T11:03:10.412998,unknown,BTC_15m,,,,,,SUCCESS,FAIL,-25.215189939999895,,FAIL,-25.215189939999895,
2026-01-01T11:27:01.594177,unknown,BTC_5m,,,,,,SUCCESS,FAIL,-24.47722918000001,,FAIL,-24.47722918000001,
2026-01-01T12:04:59.603391,unknown,BTC_1m,,,,,,SUCCESS,FAIL,-1.2869655800000184,,FAIL,-1.2869655800000184,
2026-01-01T12:05:11.909647,unknown,BTCUSD_15m,,,,,,SUCCESS,PASS,3.11048553125,-7.27486632340845,ERROR,,
2026-01-01T12:05:20.671852,unknown,BTC_4h,,,,,,SUCCESS,FAIL,-2.747264839999989,,ERROR,,
2026-01-01T12:05:52.541174,unknown,BTC_1h,,,,,,SUCCESS,PASS,13.00656726000004,,ERROR,,
2026-01-01T12:07:32.285202,unknown,BTC_15m,,,,,,SUCCESS,FAIL,-3.7285822399999597,,ERROR,,
2026-01-01T12:10:58.601772,unknown,BTC_5m,,,,,,SUCCESS,FAIL,-2.75283067999997,,ERROR,,
2026-01-01T12:16:40.360900,unknown,BTC_1m,,,,,,SUCCESS,FAIL,0.0,,ERROR,,
2026-01-01T12:16:45.260971,unknown,BTCUSD_15m,,,,,,SUCCESS,FAIL,-4.637103163281296,,ERROR,,
2026-01-01T12:16:45.333612,unknown,BTC_4h,,,,,,SUCCESS,ERROR,,,ERROR,,
2026-01-01T12:16:46.275812,unknown,BTC_1h,,,,,,SUCCESS,ERROR,,,ERROR,,
2026-01-01T12:17:02.567986,unknown,BTC_15m,,,,,,SUCCESS,FAIL,-17.00441188579993,,ERROR,,
2026-01-01T12:17:10.550535,unknown,BTC_5m,,,,,,SUCCESS,ERROR,,,ERROR,,
2026-01-01T12:18:18.654540,unknown,BTC_1m,,,,,,SUCCESS,FAIL,-1.4618715833999885,,ERROR,,
2026-01-01T12:18:31.417208,unknown,BTCUSD_15m,,,,,,SUCCESS,ERROR,,,ERROR,,
2026-01-01T12:18:31.442584,unknown,BTC_4h,,,,,,SUCCESS,ERROR,,,ERROR,,
2026-01-01T12:18:31.507255,unknown,BTC_1h,,,,,,SUCCESS,ERROR,,,ERROR,,
2026-01-01T12:18:31.707121,unknown,BTC_15m,,,,,,SUCCESS,ERROR,,,ERROR,,
2026-01-01T12:18:32.248054,unknown,BTC_5m,,,,,,SUCCESS,ERROR,,,ERROR,,
2026-01-01T12:18:33.109303,unknown,BTC_1m,,,,,,SUCCESS,ERROR,,,ERROR,,
2026-01-01T12:18:35.683397,unknown,BTCUSD_15m,,,,,,SUCCESS,ERROR,,,ERROR,,
2026-01-01T12:18:44.496312,roe_bm_monthly_predictive_proxy,BTCUSD_15m,63.62550914000001,1.0067110073568326,-28.683846328354633,45.45454545454545,11,SUCCESS,FAIL,-1.1149380468750023,,FAIL,-1.1149380468750023,
2026-01-01T12:18:49.599925,roe_bm_monthly_predictive_proxy,BTC_4h,63.62550914000001,1.0067110073568326,-28.683846328354633,45.45454545454545,11,SUCCESS,FAIL,-50.536862260000014,,FAIL,-50.536862260000014,
2026-01-01T12:19:07.357912,roe_bm_monthly_predictive_proxy,BTC_1h,63.62550914000001,1.0067110073568326,-28.683846328354633,45.45454545454545,11,SUCCESS,FAIL,-40.980285660000014,,FAIL,-40.980285660000014,
2026-01-01T12:20:02.261456,roe_bm_monthly_predictive_proxy,BTC_15m,63.62550914000001,1.0067110073568326,-28.683846328354633,45.45454545454545,11,SUCCESS,FAIL,-31.11443146000001,,FAIL,-31.11443146000001,
2026-01-01T12:22:28.505761,roe_bm_monthly_predictive_proxy,BTC_5m,63.62550914000001,1.0067110073568326,-28.683846328354633,45.45454545454545,11,SUCCESS,FAIL,-19.27210804000002,,FAIL,-19.27210804000002,
2026-01-01T12:27:05.779451,roe_bm_monthly_predictive_proxy,BTC_1m,63.62550914000001,1.0067110073568326,-28.683846328354633,45.45454545454545,11,SUCCESS,FAIL,-5.98798685999999,,FAIL,-5.98798685999999,
2026-01-01T12:27:11.399572,a_plus_setup_four_step_framework,BTCUSD_15m,0.0,,-0.0,,0,SUCCESS,FAIL,0.0,,ERROR,,
2026-01-01T12:27:13.548080,a_plus_setup_four_step_framework,BTC_4h,0.0,,-0.0,,0,SUCCESS,FAIL,0.0,,ERROR,,
2026-01-01T12:27:23.503021,a_plus_setup_four_step_framework,BTC_1h,0.0,,-0.0,,0,SUCCESS,FAIL,0.0,,ERROR,,
2026-01-01T12:28:12.539155,a_plus_setup_four_step_framework,BTC_15m,0.0,,-0.0,,0,SUCCESS,FAIL,0.0,,ERROR,,
2026-01-01T12:33:06.018945,a_plus_setup_four_step_framework,BTC_5m,0.0,,-0.0,,0,SUCCESS,FAIL,0.0,,ERROR,,
2026-01-01T12:44:22.254333,a_plus_setup_four_step_framework,BTC_1m,0.0,,-0.0,,0,SUCCESS,FAIL,0.0,,ERROR,,
2026-01-01T12:44:24.793513,unknown,BTCUSD_15m,,,,,,SUCCESS,ERROR,,,ERROR,,
2026-01-01T12:44:24.853821,unknown,BTC_4h,,,,,,SUCCESS,ERROR,,,ERROR,,
2026-01-01T12:44:24.967003,unknown,BTC_1h,,,,,,SUCCESS,ERROR,,,ERROR,,
2026-01-01T12:44:25.393427,unknown,BTC_15m,,,,,,SUCCESS,ERROR,,,ERROR,,
2026-01-01T12:44:26.483537,unknown,BTC_5m,,,,,,SUCCESS,ERROR,,,ERROR,,
2026-01-01T12:44:28.479534,unknown,BTC_1m,,,,,,SUCCESS,ERROR,,,ERROR,,
2026-01-01T12:44:34.146030,unknown,BTCUSD_15m,,,,,,SUCCESS,PASS,7.565173609374994,-0.05202662685733217,PASS,7.565173609374994,
2026-01-01T12:44:35.426256,unknown,BTC_4h,,,,,,SUCCESS,FAIL,-31.730493799999998,,FAIL,-31.730493799999998,
2026-01-01T12:44:38.478338,unknown,BTC_1h,,,,,,SUCCESS,FAIL,-24.06196824000003,,FAIL,-24.06196824000003,
2026-01-01T12:44:47.523344,unknown,BTC_15m,,,,,,SUCCESS,PASS,8.015955079999985,,PASS,8.015955079999985,
2026-01-01T12:45:18.418026,unknown,BTC_5m,,,,,,SUCCESS,FAIL,-12.987319620000125,,FAIL,-12.987319620000125,
2026-01-01T12:46:09.768956,unknown,BTC_1m,,,,,,SUCCESS,FAIL,-0.6802121999999945,,FAIL,-0.6802121999999945,
2026-01-01T12:46:17.083034,unknown,BTCUSD_15m,,,,,,SUCCESS,FAIL,-11.240371458750028,,FAIL,-11.240371458750028,
2026-01-01T12:46:20.892874,unknown,BTC_4h,,,,,,SUCCESS,FAIL,-25.15967360880006,,FAIL,-25.15967360880006,
2026-01-01T12:46:39.994464,unknown,BTC_1h,,,,,,SUCCESS,FAIL,-33.431598650400076,,FAIL,-33.431598650400076,
2026-01-01T12:48:11.611914,unknown,BTC_15m,,,,,,SUCCESS,FAIL,-24.31036163920004,,FAIL,-24.31036163920004,
2026-01-01T12:57:32.213966,unknown,BTC_5m,,,,,,SUCCESS,FAIL,-24.93001281699998,,FAIL,-24.93001281699998,
2026-01-01T13:32:16.576880,unknown,BTC_1m,,,,,,SUCCESS,FAIL,-1.2527056199999933,,FAIL,-1.2527056199999933,
2026-01-01T13:32:47.601128,unknown,BTCUSD_15m,,,,,,SUCCESS,FAIL,-11.173376937500027,,FAIL,-11.173376937500027,
2026-01-01T13:33:27.751744,unknown,BTC_4h,,,,,,SUCCESS,FAIL,-16.859154660000073,,FAIL,-16.859154660000073,
2026-01-01T13:38:38.781269,unknown,BTC_1h,,,,,,SUCCESS,FAIL,-24.76292298000006,,FAIL,-24.76292298000006,
2026-01-01T13:48:56.805188,unknown,BTC_15m,,,,,,SUCCESS,FAIL,-25.215189939999895,,FAIL,-25.215189939999895,
2026-01-01T14:10:42.332825,unknown,BTC_5m,,,,,,SUCCESS,FAIL,-24.47722918000001,,FAIL,-24.47722918000001,
2026-01-01T14:41:41.286474,unknown,BTC_1m,,,,,,SUCCESS,FAIL,-1.2869655800000184,,FAIL,-1.2869655800000184,
2026-01-01T14:41:52.358368,unknown,BTCUSD_15m,,,,,,SUCCESS,PASS,3.11048553125,-7.27486632340845,ERROR,,
2026-01-01T14:42:00.075558,unknown,BTC_4h,,,,,,SUCCESS,FAIL,-2.747264839999989,,ERROR,,
2026-01-01T14:42:28.457296,unknown,BTC_1h,,,,,,SUCCESS,PASS,13.00656726000004,,ERROR,,
2026-01-01T14:43:58.781244,unknown,BTC_15m,,,,,,SUCCESS,FAIL,-3.7285822399999597,,ERROR,,
2026-01-01T14:47:44.100628,unknown,BTC_5m,,,,,,SUCCESS,FAIL,-2.75283067999997,,ERROR,,
2026-01-01T14:53:58.469036,unknown,BTC_1m,,,,,,SUCCESS,FAIL,0.0,,ERROR,,
2026-01-01T14:54:03.703708,unknown,BTCUSD_15m,,,,,,SUCCESS,FAIL,-4.637103163281296,,FAIL,-4.637103163281296,
2026-01-01T14:54:03.761645,unknown,BTC_4h,,,,,,SUCCESS,ERROR,,,ERROR,,
2026-01-01T14:54:04.373362,unknown,BTC_1h,,,,,,SUCCESS,ERROR,,,ERROR,,
2026-01-01T14:54:26.829451,unknown,BTC_15m,,,,,,SUCCESS,FAIL,-17.00441188579993,,FAIL,-17.00441188579993,
2026-01-01T14:54:36.967784,unknown,BTC_5m,,,,,,SUCCESS,ERROR,,,ERROR,,
2026-01-01T14:56:27.301741,unknown,BTC_1m,,,,,,SUCCESS,FAIL,-1.4618715833999885,,FAIL,-1.4618715833999885,
2026-01-01T14:56:39.073778,unknown,BTCUSD_15m,,,,,,SUCCESS,ERROR,,,ERROR,,
2026-01-01T14:56:39.095805,unknown,BTC_4h,,,,,,SUCCESS,ERROR,,,ERROR,,
2026-01-01T14:56:39.156854,unknown,BTC_1h,,,,,,SUCCESS,ERROR,,,ERROR,,
2026-01-01T14:56:39.350360,unknown,BTC_15m,,,,,,SUCCESS,ERROR,,,ERROR,,
2026-01-01T14:56:39.887648,unknown,BTC_5m,,,,,,SUCCESS,ERROR,,,ERROR,,
2026-01-01T14:56:40.662147,unknown,BTC_1m,,,,,,SUCCESS,ERROR,,,ERROR,,
2026-01-01T14:56:43.191832,unknown,BTCUSD_15m,,,,,,SUCCESS,ERROR,,,ERROR,,
2026-01-01T14:56:43.225161,unknown,BTC_4h,,,,,,SUCCESS,ERROR,,,ERROR,,
2026-01-01T14:56:43.302836,unknown,BTC_1h,,,,,,SUCCESS,ERROR,,,ERROR,,
2026-01-01T14:56:52.979292,roe_bm_monthly_predictive_proxy,BTCUSD_15m,63.62550914000001,1.0067110073568326,-28.683846328354633,45.45454545454545,11,SUCCESS,FAIL,-1.1149380468750023,,FAIL,-1.1149380468750023,
2026-01-01T14:56:57.591467,roe_bm_monthly_predictive_proxy,BTC_4h,63.62550914000001,1.0067110073568326,-28.683846328354633,45.45454545454545,11,SUCCESS,FAIL,-50.536862260000014,,FAIL,-50.536862260000014,
2026-01-01T14:57:13.848271,roe_bm_monthly_predictive_proxy,BTC_1h,63.62550914000001,1.0067110073568326,-28.683846328354633,45.45454545454545,11,SUCCESS,FAIL,-40.980285660000014,,FAIL,-40.980285660000014,
2026-01-01T14:58:04.111920,roe_bm_monthly_predictive_proxy,BTC_15m,63.62550914000001,1.0067110073568326,-28.683846328354633,45.45454545454545,11,SUCCESS,FAIL,-31.11443146000001,,FAIL,-31.11443146000001,
2026-01-01T15:00:10.856003,roe_bm_monthly_predictive_proxy,BTC_5m,63.62550914000001,1.0067110073568326,-28.683846328354633,45.45454545454545,11,SUCCESS,FAIL,-19.27210804000002,,FAIL,-19.27210804000002,
2026-01-01T15:04:20.912989,roe_bm_monthly_predictive_proxy,BTC_1m,63.62550914000001,1.0067110073568326,-28.683846328354633,45.45454545454545,11,SUCCESS,FAIL,-5.98798685999999,,FAIL,-5.98798685999999,
2026-01-01T15:04:27.067230,a_plus_setup_four_step_framework,BTCUSD_15m,0.0,,-0.0,,0,SUCCESS,FAIL,0.0,,ERROR,,
2026-01-01T15:04:28.928853,a_plus_setup_four_step_framework,BTC_4h,0.0,,-0.0,,0,SUCCESS,FAIL,0.0,,ERROR,,
2026-01-01T15:04:41.212878,a_plus_setup_four_step_framework,BTC_1h,0.0,,-0.0,,0,SUCCESS,FAIL,0.0,,ERROR,,
2026-01-01T15:05:27.640402,a_plus_setup_four_step_framework,BTC_15m,0.0,,-0.0,,0,SUCCESS,FAIL,0.0,,ERROR,,
2026-01-01T15:09:25.361657,a_plus_setup_four_step_framework,BTC_5m,0.0,,-0.0,,0,SUCCESS,FAIL,0.0,,ERROR,,
2026-01-01T15:19:39.814753,a_plus_setup_four_step_framework,BTC_1m,0.0,,-0.0,,0,SUCCESS,FAIL,0.0,,ERROR,,
2026-01-01T15:19:41.578451,unknown,BTCUSD_15m,,,,,,SUCCESS,ERROR,,,ERROR,,
2026-01-01T15:19:41.623243,unknown,BTC_4h,,,,,,SUCCESS,ERROR,,,ERROR,,
2026-01-01T15:19:42.282450,unknown,BTC_1h,,,,,,SUCCESS,ERROR,,,ERROR,,
2026-01-01T15:19:43.076097,unknown,BTC_15m,,,,,,SUCCESS,ERROR,,,ERROR,,
2026-01-01T15:19:43.684019,unknown,BTC_5m,,,,,,SUCCESS,ERROR,,,ERROR,,
2026-01-01T15:19:44.429143,unknown,BTC_1m,,,,,,SUCCESS,ERROR,,,ERROR,,
2026-01-01T15:19:47.791564,unknown,BTCUSD_15m,,,,,,SUCCESS,PASS,7.565173609374994,-0.05202662685733217,PASS,7.565173609374994,-0.05202662685733217
2026-01-01T15:19:48.868498,unknown,BTC_4h,,,,,,SUCCESS,FAIL,-31.730493799999998,,FAIL,-31.730493799999998,
2026-01-01T15:19:51.502306,unknown,BTC_1h,,,,,,SUCCESS,FAIL,-24.06196824000003,,FAIL,-24.06196824000003,
2026-01-01T15:19:59.068538,unknown,BTC_15m,,,,,,SUCCESS,PASS,8.015955079999985,,PASS,8.015955079999985,
2026-01-01T15:20:19.321751,unknown,BTC_5m,,,,,,SUCCESS,FAIL,-12.987319620000125,,FAIL,-12.987319620000125,
2026-01-01T15:20:53.886772,unknown,BTC_1m,,,,,,SUCCESS,FAIL,-0.6802121999999945,,FAIL,-0.6802121999999945,
2026-01-01T15:20:59.876678,unknown,BTCUSD_15m,,,,,,SUCCESS,FAIL,-11.240371458750028,,FAIL,-11.240371458750028,
2026-01-01T15:21:03.139966,unknown,BTC_4h,,,,,,SUCCESS,FAIL,-25.15967360880006,,FAIL,-25.15967360880006,
2026-01-01T15:21:18.892458,unknown,BTC_1h,,,,,,SUCCESS,FAIL,-33.431598650400076,,FAIL,-33.431598650400076,
2026-01-01T15:22:36.854183,unknown,BTC_15m,,,,,,SUCCESS,FAIL,-24.31036163920004,,FAIL,-24.31036163920004,
2026-01-01T15:29:34.899085,unknown,BTC_5m,,,,,,SUCCESS,FAIL,-24.93001281699998,,FAIL,-24.93001281699998,
2026-01-01T17:17:37.020680,unknown,BTC_1m,,,,,,SUCCESS,FAIL,-1.2527056199999933,,FAIL,-1.2527056199999933,
2026-01-01T17:17:58.523720,unknown,BTCUSD_15m,,,,,,SUCCESS,FAIL,-11.173376937500027,,FAIL,-11.173376937500027,
2026-01-01T17:33:45.688528,unknown,BTC_4h,,,,,,SUCCESS,FAIL,-16.859154660000073,,FAIL,-16.859154660000073,
2026-01-01T17:35:27.388470,unknown,BTC_1h,,,,,,SUCCESS,FAIL,-24.76292298000006,,FAIL,-24.76292298000006,
2026-01-01T18:19:53.616325,unknown,BTC_15m,,,,,,SUCCESS,FAIL,-25.215189939999895,,FAIL,-25.215189939999895,
2026-01-01T18:38:49.032334,unknown,BTC_5m,,,,,,SUCCESS,FAIL,-24.47722918000001,,FAIL,-24.47722918000001,
2026-01-01T19:07:58.635420,unknown,BTC_1m,,,,,,SUCCESS,FAIL,-1.2869655800000184,,FAIL,-1.2869655800000184,
2026-01-01T19:08:09.174061,unknown,BTCUSD_15m,,,,,,SUCCESS,PASS,3.11048553125,-7.27486632340845,ERROR,,
2026-01-01T19:08:16.684536,unknown,BTC_4h,,,,,,SUCCESS,FAIL,-2.747264839999989,,ERROR,,
2026-01-01T19:08:38.805772,unknown,BTC_1h,,,,,,SUCCESS,PASS,13.00656726000004,,ERROR,,
2026-01-01T19:10:06.072266,unknown,BTC_15m,,,,,,SUCCESS,FAIL,-3.7285822399999597,,ERROR,,
2026-01-01T19:13:50.674948,unknown,BTC_5m,,,,,,SUCCESS,FAIL,-2.75283067999997,,ERROR,,
2026-01-01T19:20:02.664368,unknown,BTC_1m,,,,,,SUCCESS,FAIL,0.0,,ERROR,,
2026-01-01T19:20:07.371124,unknown,BTCUSD_15m,,,,,,SUCCESS,FAIL,-4.637103163281296,,FAIL,-4.637103163281296,
2026-01-01T19:20:07.436140,unknown,BTC_4h,,,,,,SUCCESS,ERROR,,,ERROR,,
2026-01-01T19:20:08.056232,unknown,BTC_1h,,,,,,SUCCESS,ERROR,,,ERROR,,
2026-01-01T19:20:29.770300,unknown,BTC_15m,,,,,,SUCCESS,FAIL,-17.00441188579993,,FAIL,-17.00441188579993,
2026-01-01T19:20:39.612863,unknown,BTC_5m,,,,,,SUCCESS,ERROR,,,ERROR,,
2026-01-01T19:22:26.658050,unknown,BTC_1m,,,,,,SUCCESS,FAIL,-1.4618715833999885,,FAIL,-1.4618715833999885,
2026-01-01T19:22:37.334024,unknown,BTCUSD_15m,,,,,,SUCCESS,ERROR,,,ERROR,,
2026-01-01T19:22:37.354943,unknown,BTC_4h,,,,,,SUCCESS,ERROR,,,ERROR,,
2026-01-01T19:22:37.416491,unknown,BTC_1h,,,,,,SUCCESS,ERROR,,,ERROR,,
2026-01-01T19:22:37.597944,unknown,BTC_15m,,,,,,SUCCESS,ERROR,,,ERROR,,
2026-01-01T19:22:38.074187,unknown,BTC_5m,,,,,,SUCCESS,ERROR,,,ERROR,,
2026-01-01T19:22:38.810518,unknown,BTC_1m,,,,,,SUCCESS,ERROR,,,ERROR,,
2026-01-01T19:22:41.012194,unknown,BTCUSD_15m,,,,,,SUCCESS,ERROR,,,ERROR,,
2026-01-01T19:22:48.387085,roe_bm_monthly_predictive_proxy,BTCUSD_15m,63.62550914000001,1.0067110073568326,-28.683846328354633,45.45454545454545,11,SUCCESS,FAIL,-1.1149380468750023,,FAIL,-1.1149380468750023,
2026-01-01T19:22:52.772146,roe_bm_monthly_predictive_proxy,BTC_4h,63.62550914000001,1.0067110073568326,-28.683846328354633,45.45454545454545,11,SUCCESS,FAIL,-50.536862260000014,,FAIL,-50.536862260000014,
2026-01-01T19:23:08.369713,roe_bm_monthly_predictive_proxy,BTC_1h,63.62550914000001,1.0067110073568326,-28.683846328354633,45.45454545454545,11,SUCCESS,FAIL,-40.980285660000014,,FAIL,-40.980285660000014,
2026-01-01T19:23:57.314830,roe_bm_monthly_predictive_proxy,BTC_15m,63.62550914000001,1.0067110073568326,-28.683846328354633,45.45454545454545,11,SUCCESS,FAIL,-31.11443146000001,,FAIL,-31.11443146000001,
2026-01-01T19:26:05.440762,roe_bm_monthly_predictive_proxy,BTC_5m,63.62550914000001,1.0067110073568326,-28.683846328354633,45.45454545454545,11,SUCCESS,FAIL,-19.27210804000002,,FAIL,-19.27210804000002,
2026-01-01T19:30:11.409098,roe_bm_monthly_predictive_proxy,BTC_1m,63.62550914000001,1.0067110073568326,-28.683846328354633,45.45454545454545,11,SUCCESS,FAIL,-5.98798685999999,,FAIL,-5.98798685999999,
2026-01-01T19:30:16.656146,a_plus_setup_four_step_framework,BTCUSD_15m,0.0,,-0.0,,0,SUCCESS,FAIL,0.0,,ERROR,,
2026-01-01T19:30:18.429207,a_plus_setup_four_step_framework,BTC_4h,0.0,,-0.0,,0,SUCCESS,FAIL,0.0,,ERROR,,
2026-01-01T19:30:26.932600,a_plus_setup_four_step_framework,BTC_1h,0.0,,-0.0,,0,SUCCESS,FAIL,0.0,,ERROR,,
2026-01-01T19:31:21.952061,a_plus_setup_four_step_framework,BTC_15m,0.0,,-0.0,,0,SUCCESS,FAIL,0.0,,ERROR,,
2026-01-01T19:35:45.210608,a_plus_setup_four_step_framework,BTC_5m,0.0,,-0.0,,0,SUCCESS,FAIL,0.0,,ERROR,,
2026-01-01T19:47:02.989202,a_plus_setup_four_step_framework,BTC_1m,0.0,,-0.0,,0,SUCCESS,FAIL,0.0,,ERROR,,
2026-01-01T19:47:05.207871,unknown,BTCUSD_15m,,,,,,SUCCESS,ERROR,,,ERROR,,
2026-01-01T19:47:05.231908,unknown,BTC_4h,,,,,,SUCCESS,ERROR,,,ERROR,,
2026-01-01T19:47:05.391338,unknown,BTC_1h,,,,,,SUCCESS,ERROR,,,ERROR,,
2026-01-01T19:47:05.699211,unknown,BTC_15m,,,,,,SUCCESS,ERROR,,,ERROR,,
2026-01-01T19:47:06.194891,unknown,BTC_5m,,,,,,SUCCESS,ERROR,,,ERROR,,
2026-01-01T19:47:06.952119,unknown,BTC_1m,,,,,,SUCCESS,ERROR,,,ERROR,,
2026-01-01T19:47:10.056523,unknown,BTCUSD_15m,,,,,,SUCCESS,PASS,7.565173609374994,-0.05202662685733217,PASS,7.565173609374994,
2026-01-01T19:47:11.037522,unknown,BTC_4h,,,,,,SUCCESS,FAIL,-31.730493799999998,,FAIL,-31.730493799999998,
2026-01-01T19:47:13.621511,unknown,BTC_1h,,,,,,SUCCESS,FAIL,-24.06196824000003,,FAIL,-24.06196824000003,
2026-01-01T19:47:20.925553,unknown,BTC_15m,,,,,,SUCCESS,PASS,8.015955079999985,,PASS,8.015955079999985,
2026-01-01T19:47:40.565443,unknown,BTC_5m,,,,,,SUCCESS,FAIL,-12.987319620000125,,FAIL,-12.987319620000125,
2026-01-01T19:48:13.765149,unknown,BTC_1m,,,,,,SUCCESS,FAIL,-0.6802121999999945,,FAIL,-0.6802121999999945,
2026-01-01T19:48:19.534170,unknown,BTCUSD_15m,,,,,,SUCCESS,FAIL,-11.240371458750028,,FAIL,-11.240371458750028,
2026-01-01T19:48:22.594911,unknown,BTC_4h,,,,,,SUCCESS,FAIL,-25.15967360880006,,FAIL,-25.15967360880006,
2026-01-01T19:48:37.794568,unknown,BTC_1h,,,,,,SUCCESS,FAIL,-33.431598650400076,,FAIL,-33.431598650400076,
2026-01-01T19:49:45.868682,unknown,BTC_15m,,,,,,SUCCESS,FAIL,-24.31036163920004,,FAIL,-24.31036163920004,
2026-01-01T19:56:19.759878,unknown,BTC_5m,,,,,,SUCCESS,FAIL,-24.93001281699998,,FAIL,-24.93001281699998,
2026-01-01T20:16:30.874953,unknown,BTC_1m,,,,,,SUCCESS,FAIL,-1.2527056199999933,,FAIL,-1.2527056199999933,
2026-01-01T20:16:52.420663,unknown,BTCUSD_15m,,,,,,SUCCESS,FAIL,-11.173376937500027,,FAIL,-11.173376937500027,
2026-01-01T20:17:19.529087,unknown,BTC_4h,,,,,,SUCCESS,FAIL,-16.859154660000073,,FAIL,-16.859154660000073,
2026-01-01T20:19:02.345845,unknown,BTC_1h,,,,,,SUCCESS,FAIL,-24.76292298000006,,FAIL,-24.76292298000006,
2026-01-01T20:24:44.363803,unknown,BTC_15m,,,,,,SUCCESS,FAIL,-25.215189939999895,,FAIL,-25.215189939999895,
2026-01-01T20:40:27.887697,unknown,BTC_5m,,,,,,SUCCESS,FAIL,-24.47722918000001,,FAIL,-24.47722918000001,
2026-01-01T21:06:59.111776,unknown,BTC_1m,,,,,,SUCCESS,FAIL,-1.2869655800000184,,FAIL,-1.2869655800000184,
2026-01-01T21:07:09.620573,unknown,BTCUSD_15m,,,,,,SUCCESS,PASS,3.11048553125,-7.27486632340845,ERROR,,
2026-01-01T21:07:18.030824,unknown,BTC_4h,,,,,,SUCCESS,FAIL,-2.747264839999989,,ERROR,,
2026-01-01T21:07:43.326654,unknown,BTC_1h,,,,,,SUCCESS,PASS,13.00656726000004,,ERROR,,
2026-01-01T21:09:03.554318,unknown,BTC_15m,,,,,,SUCCESS,FAIL,-3.7285822399999597,,ERROR,,
2026-01-01T21:12:32.851494,unknown,BTC_5m,,,,,,SUCCESS,FAIL,-2.75283067999997,,ERROR,,
2026-01-01T21:18:14.200593,unknown,BTC_1m,,,,,,SUCCESS,FAIL,0.0,,ERROR,,
2026-01-01T21:18:18.848247,unknown,BTCUSD_15m,,,,,,SUCCESS,FAIL,-4.637103163281296,,FAIL,-4.637103163281296,
2026-01-01T21:18:18.897652,unknown,BTC_4h,,,,,,SUCCESS,ERROR,,,ERROR,,
2026-01-01T21:18:19.518328,unknown,BTC_1h,,,,,,SUCCESS,ERROR,,,ERROR,,
2026-01-01T21:18:39.721861,unknown,BTC_15m,,,,,,SUCCESS,FAIL,-17.00441188579993,,FAIL,-17.00441188579993,
2026-01-01T21:18:48.856070,unknown,BTC_5m,,,,,,SUCCESS,ERROR,,,ERROR,,
2026-01-01T21:20:25.884866,unknown,BTC_1m,,,,,,SUCCESS,FAIL,-1.4618715833999885,,FAIL,-1.4618715833999885,
2026-01-01T21:20:36.329266,unknown,BTCUSD_15m,,,,,,SUCCESS,ERROR,,,ERROR,,
2026-01-01T21:20:36.349136,unknown,BTC_4h,,,,,,SUCCESS,ERROR,,,ERROR,,
2026-01-01T21:20:36.407062,unknown,BTC_1h,,,,,,SUCCESS,ERROR,,,ERROR,,
2026-01-01T21:20:36.579166,unknown,BTC_15m,,,,,,SUCCESS,ERROR,,,ERROR,,
2026-01-01T21:20:37.044272,unknown,BTC_5m,,,,,,SUCCESS,ERROR,,,ERROR,,
2026-01-01T21:20:37.779660,unknown,BTC_1m,,,,,,SUCCESS,ERROR,,,ERROR,,
2026-01-01T21:20:40.325479,unknown,BTCUSD_15m,,,,,,SUCCESS,ERROR,,,ERROR,,
2026-01-01T21:20:40.361141,unknown,BTC_4h,,,,,,SUCCESS,ERROR,,,ERROR,,
2026-01-01T21:20:40.461296,unknown,BTC_1h,,,,,,SUCCESS,ERROR,,,ERROR,,
2026-01-01T21:20:47.679639,roe_bm_monthly_predictive_proxy,BTCUSD_15m,63.62550914000001,1.0067110073568326,-28.683846328354633,45.45454545454545,11,SUCCESS,FAIL,-1.1149380468750023,,FAIL,-1.1149380468750023,
2026-01-01T21:20:51.697023,roe_bm_monthly_predictive_proxy,BTC_4h,63.62550914000001,1.0067110073568326,-28.683846328354633,45.45454545454545,11,SUCCESS,FAIL,-50.536862260000014,,FAIL,-50.536862260000014,
2026-01-01T21:21:05.419149,roe_bm_monthly_predictive_proxy,BTC_1h,63.62550914000001,1.0067110073568326,-28.683846328354633,45.45454545454545,11,SUCCESS,FAIL,-40.980285660000014,,FAIL,-40.980285660000014,
2026-01-01T21:21:49.168312,roe_bm_monthly_predictive_proxy,BTC_15m,63.62550914000001,1.0067110073568326,-28.683846328354633,45.45454545454545,11,SUCCESS,FAIL,-31.11443146000001,,FAIL,-31.11443146000001,
2026-01-01T21:23:42.682770,roe_bm_monthly_predictive_proxy,BTC_5m,63.62550914000001,1.0067110073568326,-28.683846328354633,45.45454545454545,11,SUCCESS,FAIL,-19.27210804000002,,FAIL,-19.27210804000002,
2026-01-01T21:27:27.625373,roe_bm_monthly_predictive_proxy,BTC_1m,63.62550914000001,1.0067110073568326,-28.683846328354633,45.45454545454545,11,SUCCESS,FAIL,-5.98798685999999,,FAIL,-5.98798685999999,
2026-01-01T21:27:32.093767,a_plus_setup_four_step_framework,BTCUSD_15m,0.0,,-0.0,,0,SUCCESS,FAIL,0.0,,ERROR,,
2026-01-01T21:27:34.533093,a_plus_setup_four_step_framework,BTC_4h,0.0,,-0.0,,0,SUCCESS,FAIL,0.0,,ERROR,,
2026-01-01T21:27:43.237533,a_plus_setup_four_step_framework,BTC_1h,0.0,,-0.0,,0,SUCCESS,FAIL,0.0,,ERROR,,
2026-01-01T21:28:25.274547,a_plus_setup_four_step_framework,BTC_15m,0.0,,-0.0,,0,SUCCESS,FAIL,0.0,,ERROR,,
2026-01-01T21:31:59.323692,a_plus_setup_four_step_framework,BTC_5m,0.0,,-0.0,,0,SUCCESS,FAIL,0.0,,ERROR,,
2026-01-01T21:41:34.007228,a_plus_setup_four_step_framework,BTC_1m,0.0,,-0.0,,0,SUCCESS,FAIL,0.0,,ERROR,,
2026-01-01T21:41:35.727734,unknown,BTCUSD_15m,,,,,,SUCCESS,ERROR,,,ERROR,,
2026-01-01T21:41:35.790719,unknown,BTC_4h,,,,,,SUCCESS,ERROR,,,ERROR,,
2026-01-01T21:41:35.872389,unknown,BTC_1h,,,,,,SUCCESS,ERROR,,,ERROR,,
2026-01-01T21:41:36.192020,unknown,BTC_15m,,,,,,SUCCESS,ERROR,,,ERROR,,
2026-01-01T21:41:36.666983,unknown,BTC_5m,,,,,,SUCCESS,ERROR,,,ERROR,,
2026-01-01T21:41:37.398619,unknown,BTC_1m,,,,,,SUCCESS,ERROR,,,ERROR,,
2026-01-01T21:41:40.372408,unknown,BTCUSD_15m,,,,,,SUCCESS,PASS,7.565173609374994,-0.05202662685733217,PASS,7.565173609374994,-0.05202662685733217
2026-01-01T21:41:41.399206,unknown,BTC_4h,,,,,,SUCCESS,FAIL,-31.730493799999998,,FAIL,-31.730493799999998,
2026-01-01T21:41:43.979019,unknown,BTC_1h,,,,,,SUCCESS,FAIL,-24.06196824000003,,FAIL,-24.06196824000003,
2026-01-01T21:41:51.327470,unknown,BTC_15m,,,,,,SUCCESS,PASS,8.015955079999985,,PASS,8.015955079999985,
2026-01-01T21:42:10.884449,unknown,BTC_5m,,,,,,SUCCESS,FAIL,-12.987319620000125,,FAIL,-12.987319620000125,
2026-01-01T21:42:43.972787,unknown,BTC_1m,,,,,,SUCCESS,FAIL,-0.6802121999999945,,FAIL,-0.6802121999999945,
2026-01-01T21:42:50.022969,unknown,BTCUSD_15m,,,,,,SUCCESS,FAIL,-11.240371458750028,,FAIL,-11.240371458750028,
2026-01-01T21:42:53.068446,unknown,BTC_4h,,,,,,SUCCESS,FAIL,-25.15967360880006,,FAIL,-25.15967360880006,
2026-01-01T21:43:08.150829,unknown,BTC_1h,,,,,,SUCCESS,FAIL,-33.431598650400076,,FAIL,-33.431598650400076,
2026-01-01T21:44:15.425581,unknown,BTC_15m,,,,,,SUCCESS,FAIL,-24.31036163920004,,FAIL,-24.31036163920004,
2026-01-01T21:50:45.488960,unknown,BTC_5m,,,,,,SUCCESS,FAIL,-24.93001281699998,,FAIL,-24.93001281699998,
2026-01-01T22:10:23.774867,unknown,BTC_1m,,,,,,SUCCESS,FAIL,-1.2527056199999933,,FAIL,-1.2527056199999933,
2026-01-01T22:10:45.339472,unknown,BTCUSD_15m,,,,,,SUCCESS,FAIL,-11.173376937500027,,FAIL,-11.173376937500027,
2026-01-01T22:11:12.388439,unknown,BTC_4h,,,,,,SUCCESS,FAIL,-16.859154660000073,,FAIL,-16.859154660000073,
2026-01-01T22:12:54.024539,unknown,BTC_1h,,,,,,SUCCESS,FAIL,-24.76292298000006,,FAIL,-24.76292298000006,
2026-01-01T23:22:59.421998,unknown,BTC_15m,,,,,,SUCCESS,FAIL,-25.215189939999895,,FAIL,-25.215189939999895,
2026-01-01T23:38:51.059419,unknown,BTC_5m,,,,,,SUCCESS,FAIL,-24.47722918000001,,FAIL,-24.47722918000001,
2026-01-02T00:04:54.967756,unknown,BTC_1m,,,,,,SUCCESS,FAIL,-1.2869655800000184,,FAIL,-1.2869655800000184,
2026-01-02T00:05:05.953883,unknown,BTCUSD_15m,,,,,,SUCCESS,PASS,3.11048553125,-7.27486632340845,ERROR,,
2026-01-02T00:05:13.831760,unknown,BTC_4h,,,,,,SUCCESS,FAIL,-2.747264839999989,,ERROR,,
2026-01-02T00:05:41.990467,unknown,BTC_1h,,,,,,SUCCESS,PASS,13.00656726000004,,ERROR,,
2026-01-02T00:07:09.498117,unknown,BTC_15m,,,,,,SUCCESS,FAIL,-3.7285822399999597,,ERROR,,
2026-01-02T00:10:14.154530,unknown,BTC_5m,,,,,,SUCCESS,FAIL,-2.75283067999997,,ERROR,,
2026-01-02T00:15:15.800893,unknown,BTC_1m,,,,,,SUCCESS,FAIL,0.0,,ERROR,,
2026-01-02T00:15:20.497945,unknown,BTCUSD_15m,,,,,,SUCCESS,FAIL,-4.637103163281296,,ERROR,,
2026-01-02T00:15:20.547642,unknown,BTC_4h,,,,,,SUCCESS,ERROR,,,ERROR,,
2026-01-02T00:15:21.061692,unknown,BTC_1h,,,,,,SUCCESS,ERROR,,,ERROR,,
2026-01-02T00:15:38.102738,unknown,BTC_15m,,,,,,SUCCESS,FAIL,-17.00441188579993,,ERROR,,
2026-01-02T00:15:47.094931,unknown,BTC_5m,,,,,,SUCCESS,ERROR,,,ERROR,,
2026-01-02T00:16:57.672800,unknown,BTC_1m,,,,,,SUCCESS,FAIL,-1.4618715833999885,,ERROR,,
2026-01-02T00:17:09.088071,unknown,BTCUSD_15m,,,,,,SUCCESS,ERROR,,,ERROR,,
2026-01-02T00:17:09.110419,unknown,BTC_4h,,,,,,SUCCESS,ERROR,,,ERROR,,
2026-01-02T00:17:09.172730,unknown,BTC_1h,,,,,,SUCCESS,ERROR,,,ERROR,,
2026-01-02T00:17:09.357581,unknown,BTC_15m,,,,,,SUCCESS,ERROR,,,ERROR,,
2026-01-02T00:17:09.844458,unknown,BTC_5m,,,,,,SUCCESS,ERROR,,,ERROR,,
2026-01-02T00:17:10.626809,unknown,BTC_1m,,,,,,SUCCESS,ERROR,,,ERROR,,
2026-01-02T00:17:12.802357,unknown,BTCUSD_15m,,,,,,SUCCESS,ERROR,,,ERROR,,
2026-01-02T00:17:12.834009,unknown,BTC_4h,,,,,,SUCCESS,ERROR,,,ERROR,,
2026-01-02T00:17:12.900914,unknown,BTC_1h,,,,,,SUCCESS,ERROR,,,ERROR,,
2026-01-02T00:17:20.596029,roe_bm_monthly_predictive_proxy,BTCUSD_15m,63.62550914000001,1.0067110073568326,-28.683846328354633,45.45454545454545,11,SUCCESS,FAIL,-1.1149380468750023,,FAIL,-1.1149380468750023,
2026-01-02T00:17:25.130504,roe_bm_monthly_predictive_proxy,BTC_4h,63.62550914000001,1.0067110073568326,-28.683846328354633,45.45454545454545,11,SUCCESS,FAIL,-50.536862260000014,,FAIL,-50.536862260000014,
2026-01-02T00:17:40.845306,roe_bm_monthly_predictive_proxy,BTC_1h,63.62550914000001,1.0067110073568326,-28.683846328354633,45.45454545454545,11,SUCCESS,FAIL,-40.980285660000014,,FAIL,-40.980285660000014,
2026-01-02T00:18:30.808271,roe_bm_monthly_predictive_proxy,BTC_15m,63.62550914000001,1.0067110073568326,-28.683846328354633,45.45454545454545,11,SUCCESS,FAIL,-31.11443146000001,,FAIL,-31.11443146000001,
2026-01-02T00:21:32.709478,roe_bm_monthly_predictive_proxy,BTC_5m,63.62550914000001,1.0067110073568326,-28.683846328354633,45.45454545454545,11,SUCCESS,FAIL,-19.27210804000002,,FAIL,-19.27210804000002,
2026-01-02T00:28:00.101030,roe_bm_monthly_predictive_proxy,BTC_1m,63.62550914000001,1.0067110073568326,-28.683846328354633,45.45454545454545,11,SUCCESS,FAIL,-5.98798685999999,,FAIL,-5.98798685999999,
2026-01-02T00:28:08.039054,a_plus_setup_four_step_framework,BTCUSD_15m,0.0,,-0.0,,0,SUCCESS,FAIL,0.0,,ERROR,,
2026-01-02T00:28:10.976986,a_plus_setup_four_step_framework,BTC_4h,0.0,,-0.0,,0,SUCCESS,FAIL,0.0,,ERROR,,
2026-01-02T00:28:25.985442,a_plus_setup_four_step_framework,BTC_1h,0.0,,-0.0,,0,SUCCESS,FAIL,0.0,,ERROR,,
2026-01-02T00:29:25.490975,a_plus_setup_four_step_framework,BTC_15m,0.0,,-0.0,,0,SUCCESS,FAIL,0.0,,ERROR,,
2026-01-02T00:35:40.140229,a_plus_setup_four_step_framework,BTC_5m,0.0,,-0.0,,0,SUCCESS,FAIL,0.0,,ERROR,,
2026-01-02T01:05:27.514374,a_plus_setup_four_step_framework,BTC_1m,0.0,,-0.0,,0,SUCCESS,FAIL,0.0,,ERROR,,
2026-01-02T01:05:31.341510,unknown,BTCUSD_15m,,,,,,SUCCESS,ERROR,,,ERROR,,
2026-01-02T01:05:31.439185,unknown,BTC_4h,,,,,,SUCCESS,ERROR,,,ERROR,,
2026-01-02T01:05:31.905355,unknown,BTC_1h,,,,,,SUCCESS,ERROR,,,ERROR,,
2026-01-02T01:05:32.505759,unknown,BTC_15m,,,,,,SUCCESS,ERROR,,,ERROR,,
2026-01-02T01:05:33.740257,unknown,BTC_5m,,,,,,SUCCESS,ERROR,,,ERROR,,
2026-01-02T01:05:35.283946,unknown,BTC_1m,,,,,,SUCCESS,ERROR,,,ERROR,,
2026-01-02T01:05:41.885032,unknown,BTCUSD_15m,,,,,,SUCCESS,PASS,7.565173609374994,-0.05202662685733217,PASS,7.565173609374994,-0.05202662685733217
2026-01-02T01:05:43.474867,unknown,BTC_4h,,,,,,SUCCESS,FAIL,-31.730493799999998,,FAIL,-31.730493799999998,
2026-01-02T01:05:47.833131,unknown,BTC_1h,,,,,,SUCCESS,FAIL,-24.06196824000003,,FAIL,-24.06196824000003,
2026-01-02T01:06:01.186087,unknown,BTC_15m,,,,,,SUCCESS,PASS,8.015955079999985,,PASS,8.015955079999985,
2026-01-02T01:06:36.417504,unknown,BTC_5m,,,,,,SUCCESS,FAIL,-12.987319620000125,,FAIL,-12.987319620000125,
2026-01-02T01:07:35.892424,unknown,BTC_1m,,,,,,SUCCESS,FAIL,-0.6802121999999945,,FAIL,-0.6802121999999945,
2026-01-02T01:07:45.022322,unknown,BTCUSD_15m,,,,,,SUCCESS,FAIL,-11.240371458750028,,FAIL,-11.240371458750028,
2026-01-02T01:07:50.189729,unknown,BTC_4h,,,,,,SUCCESS,FAIL,-25.15967360880006,,FAIL,-25.15967360880006,
2026-01-02T01:08:14.632626,unknown,BTC_1h,,,,,,SUCCESS,FAIL,-33.431598650400076,,FAIL,-33.431598650400076,
2026-01-02T01:09:49.084840,unknown,BTC_15m,,,,,,SUCCESS,FAIL,-24.31036163920004,,FAIL,-24.31036163920004,
2026-01-02T01:19:11.023881,unknown,BTC_5m,,,,,,SUCCESS,FAIL,-24.93001281699998,,FAIL,-24.93001281699998,
2026-02-07T18:33:37.656077,vumanchu_cipher_b_scalper,BTCUSD_15m,,,,,,ERROR,ERROR,,,ERROR,,
2026-02-07T18:33:37.719891,vumanchu_cipher_b_scalper,BTC_4h,,,,,,ERROR,ERROR,,,ERROR,,
2026-02-07T18:33:37.848985,vumanchu_cipher_b_scalper,BTC_1h,,,,,,ERROR,ERROR,,,ERROR,,
2026-02-07T18:33:39.807901,strategy_43063934aa2f,BTCUSD_15m,,,,,,ERROR,ERROR,,,ERROR,,
2026-02-07T18:33:39.850301,strategy_43063934aa2f,BTC_4h,,,,,,ERROR,ERROR,,,ERROR,,
2026-02-07T18:33:39.953481,strategy_43063934aa2f,BTC_1h,,,,,,ERROR,ERROR,,,ERROR,,
2026-02-07T18:33:40.207920,strategy_43063934aa2f,BTC_15m,,,,,,ERROR,ERROR,,,ERROR,,
2026-02-07T18:33:40.870741,strategy_43063934aa2f,BTC_5m,,,,,,ERROR,ERROR,,,ERROR,,
2026-02-07T18:33:41.986720,strategy_43063934aa2f,BTC_1m,,,,,,ERROR,ERROR,,,ERROR,,
2026-02-07T18:33:48.649706,roe_bm_monthly_predictive,BTCUSD_15m,,1.3818695974939432,,,,SUCCESS,FAIL,-1.1149380468750023,,FAIL,-1.1149380468750023,
2026-02-07T18:33:55.723239,roe_bm_monthly_predictive,BTC_4h,,1.3818695974939432,,,,SUCCESS,FAIL,-50.536862260000014,,FAIL,-50.536862260000014,
2026-02-07T18:34:20.297016,roe_bm_monthly_predictive,BTC_1h,,1.3818695974939432,,,,SUCCESS,FAIL,-40.980285660000014,,FAIL,-40.980285660000014,
2026-02-07T18:35:35.358568,roe_bm_monthly_predictive,BTC_15m,,1.3818695974939432,,,,SUCCESS,FAIL,-31.11443146000001,,FAIL,-31.11443146000001,
2026-02-07T18:38:56.166659,roe_bm_monthly_predictive,BTC_5m,,1.3818695974939432,,,,SUCCESS,FAIL,-19.27210804000002,,FAIL,-19.27210804000002,
2026-02-07T18:45:30.215309,roe_bm_monthly_predictive,BTC_1m,,1.3818695974939432,,,,SUCCESS,FAIL,-5.98798685999999,,FAIL,-5.98798685999999,
2026-02-07T18:45:34.954982,strategy_52268927608a,BTCUSD_15m,,,,,,SUCCESS,FAIL,0.0,,ERROR,,
2026-02-07T18:45:38.228450,strategy_52268927608a,BTC_4h,,,,,,SUCCESS,FAIL,0.0,,ERROR,,
2026-02-07T18:45:52.867502,strategy_52268927608a,BTC_1h,,,,,,SUCCESS,FAIL,0.0,,ERROR,,
2026-02-07T18:46:55.682507,strategy_52268927608a,BTC_15m,,,,,,SUCCESS,FAIL,0.0,,ERROR,,
2026-02-07T18:57:23.363626,strategy_52268927608a,BTC_5m,,,,,,SUCCESS,FAIL,0.0,,ERROR,,
2026-02-07T19:26:27.868634,strategy_52268927608a,BTC_1m,,,,,,SUCCESS,FAIL,0.0,,ERROR,,
2026-02-10T11:00:18.899995,asia_liquidity_sweep_reversal_uk_session_v5,BTCUSD_15m,,,,,,ERROR,ERROR,,,ERROR,,
2026-02-10T11:00:19.059072,asia_liquidity_sweep_reversal_uk_session_v5,BTC_4h,,,,,,ERROR,ERROR,,,ERROR,,
2026-02-10T11:00:19.817024,asia_liquidity_sweep_reversal_uk_session_v5,BTC_1h,,,,,,ERROR,ERROR,,,ERROR,,
2026-02-10T11:00:21.894828,asia_liquidity_sweep_reversal_uk_session_v5,BTC_15m,,,,,,ERROR,ERROR,,,ERROR,,
2026-02-10T11:00:46.797744,asia_liquidity_sweep_reversal_uk_session_v5,BTC_5m,,,,,,ERROR,FAIL,-10.688288560000176,,FAIL,-10.688288560000176,
2026-02-10T11:01:31.354381,asia_liquidity_sweep_reversal_uk_session_v5,BTC_1m,,,,,,ERROR,FAIL,0.0,,FAIL,0.0,
2026-02-10T11:01:35.490999,corrective_wave_fade_with_volume_divergence_v2,BTCUSD_15m,,,,,,SUCCESS,PASS,0.0031381093749951105,,PASS,0.0031381093749951105,
2026-02-10T11:01:45.795426,corrective_wave_fade_with_volume_divergence_v2,BTC_4h,,,,,,SUCCESS,FAIL,-0.11824951999999758,,FAIL,-0.11824951999999758,
2026-02-10T11:01:50.370663,corrective_wave_fade_with_volume_divergence_v2,BTC_1h,,,,,,SUCCESS,FAIL,-3.785053699999989,,FAIL,-3.785053699999989,
2026-02-10T11:02:00.639946,corrective_wave_fade_with_volume_divergence_v2,BTC_15m,,,,,,SUCCESS,FAIL,-4.5879690125999915,,FAIL,-4.5879690125999915,
2026-02-10T11:02:14.498553,corrective_wave_fade_with_volume_divergence_v2,BTC_5m,,,,,,SUCCESS,PASS,0.011566980000046898,,ERROR,,
2026-02-10T11:02:33.771906,corrective_wave_fade_with_volume_divergence_v2,BTC_1m,,,,,,SUCCESS,FAIL,0.0,,ERROR,,
2026-02-10T11:02:37.999981,roe_bm_monthly_predictive_v2,BTCUSD_15m,,-7.866475093858067,,,,SUCCESS,FAIL,-10.984427319196474,,FAIL,-10.984427319196474,
2026-02-10T11:02:43.965898,roe_bm_monthly_predictive_v2,BTC_4h,,-7.866475093858067,,,,SUCCESS,PASS,2.007078214285706,,PASS,2.007078214285706,
2026-02-10T11:03:02.788760,roe_bm_monthly_predictive_v2,BTC_1h,,-7.866475093858067,,,,SUCCESS,FAIL,-23.863478305714235,,FAIL,-23.863478305714235,
2026-02-10T11:04:01.385060,roe_bm_monthly_predictive_v2,BTC_15m,,-7.866475093858067,,,,SUCCESS,FAIL,-23.11102463142862,,FAIL,-23.11102463142862,
2026-02-10T11:06:53.969765,roe_bm_monthly_predictive_v2,BTC_5m,,-7.866475093858067,,,,SUCCESS,FAIL,-24.035567065714318,,FAIL,-24.035567065714318,
2026-02-10T11:11:25.230364,roe_bm_monthly_predictive_v2,BTC_1m,,-7.866475093858067,,,,SUCCESS,FAIL,-1.8077898485714394,,FAIL,-1.8077898485714394,
2026-02-10T11:11:26.249506,uk_session_asia_liquidity_reversal_v8,BTCUSD_15m,,-7.100139376539017,,,,SUCCESS,FAIL,-6.016615885624954,,FAIL,-6.016615885624954,
2026-02-10T11:11:26.619465,uk_session_asia_liquidity_reversal_v8,BTC_4h,,-7.100139376539017,,,,SUCCESS,ERROR,,,ERROR,,
2026-02-10T11:11:27.041613,uk_session_asia_liquidity_reversal_v8,BTC_1h,,-7.100139376539017,,,,SUCCESS,ERROR,,,ERROR,,
2026-02-10T11:11:27.644080,uk_session_asia_liquidity_reversal_v8,BTC_15m,,-7.100139376539017,,,,SUCCESS,ERROR,,,ERROR,,
2026-02-10T11:11:41.357195,uk_session_asia_liquidity_reversal_v8,BTC_5m,,-7.100139376539017,,,,SUCCESS,ERROR,,,ERROR,,
2026-02-10T11:12:05.518653,uk_session_asia_liquidity_reversal_v8,BTC_1m,,-7.100139376539017,,,,SUCCESS,FAIL,0.0,,ERROR,,
2026-02-10T11:12:11.152973,ict_asian_sweep_london_open_v5,BTCUSD_15m,,,,,,SUCCESS,FAIL,0.0,,FAIL,0.0,
2026-02-10T11:12:18.994088,ict_asian_sweep_london_open_v5,BTC_4h,,,,,,SUCCESS,FAIL,0.0,,FAIL,0.0,
2026-02-10T11:12:46.035547,ict_asian_sweep_london_open_v5,BTC_1h,,,,,,SUCCESS,FAIL,0.0,,FAIL,0.0,
2026-02-10T11:14:10.777069,ict_asian_sweep_london_open_v5,BTC_15m,,,,,,SUCCESS,FAIL,0.0,,FAIL,0.0,
2026-02-10T11:18:09.376313,ict_asian_sweep_london_open_v5,BTC_5m,,,,,,SUCCESS,FAIL,0.0,,FAIL,0.0,
2026-02-10T11:25:08.588600,ict_asian_sweep_london_open_v5,BTC_1m,,,,,,SUCCESS,FAIL,0.0,,FAIL,0.0,
2026-02-10T11:25:14.201730,m15_ema_structure_retest_v3,BTCUSD_15m,,-3.2523543445142655,,,,SUCCESS,FAIL,-6.806686804687502,,FAIL,-6.806686804687502,
2026-02-10T11:25:22.970934,m15_ema_structure_retest_v3,BTC_4h,,-3.2523543445142655,,,,SUCCESS,PASS,12.275239750000038,,PASS,12.275239750000038,
2026-02-10T11:25:52.070313,m15_ema_structure_retest_v3,BTC_1h,,-3.2523543445142655,,,,SUCCESS,PASS,32.15896962999998,,PASS,32.15896962999998,
2026-02-10T11:27:59.837569,m15_ema_structure_retest_v3,BTC_15m,,-3.2523543445142655,,,,SUCCESS,PASS,1.5965932099999482,,PASS,1.5965932099999482,
2026-02-10T11:38:20.555034,m15_ema_structure_retest_v3,BTC_5m,,-3.2523543445142655,,,,SUCCESS,FAIL,-27.249062309999992,,FAIL,-27.249062309999992,
2026-02-10T11:53:59.232727,m15_ema_structure_retest_v3,BTC_1m,,-3.2523543445142655,,,,SUCCESS,FAIL,0.0,,FAIL,0.0,
2026-02-10T11:54:50.971789,ema_structure_retest_15m_v4,BTCUSD_15m,,0.24323659024488253,,,,SUCCESS,FAIL,-8.638999624999997,,FAIL,-8.638999624999997,
2026-02-10T11:55:31.298921,ema_structure_retest_15m_v4,BTC_4h,,0.24323659024488253,,,,SUCCESS,FAIL,-12.502651829999989,,FAIL,-12.502651829999989,
2026-02-10T11:57:40.028367,ema_structure_retest_15m_v4,BTC_1h,,0.24323659024488253,,,,SUCCESS,FAIL,-24.054347179999983,,FAIL,-24.054347179999983,
2026-02-10T12:06:15.079923,ema_structure_retest_15m_v4,BTC_15m,,0.24323659024488253,,,,SUCCESS,FAIL,-26.89525843000006,,FAIL,-26.89525843000006,
2026-02-10T12:45:40.908928,ema_structure_retest_15m_v4,BTC_5m,,0.24323659024488253,,,,SUCCESS,FAIL,-24.196166880000003,,FAIL,-24.196166880000003,
2026-02-10T14:36:01.004822,ema_structure_retest_15m_v4,BTC_1m,,0.24323659024488253,,,,SUCCESS,FAIL,-0.604984289999993,,FAIL,-0.604984289999993,
2026-02-10T14:36:01.756081,bitcoin_monthly_moon_pivot_v4,BTCUSD_15m,,,,,,SUCCESS,FAIL,0.0,,FAIL,0.0,
2026-02-10T14:36:02.530798,bitcoin_monthly_moon_pivot_v4,BTC_4h,,,,,,SUCCESS,FAIL,-0.8528418600000149,,FAIL,-0.8528418600000149,
2026-02-10T14:36:04.839756,bitcoin_monthly_moon_pivot_v4,BTC_1h,,,,,,SUCCESS,FAIL,0.0980684599999804,0.9695514695547918,FAIL,0.0980684599999804,0.9769694330189815
2026-02-10T14:36:11.474802,bitcoin_monthly_moon_pivot_v4,BTC_15m,,,,,,SUCCESS,FAIL,-1.0602305599999964,,FAIL,-1.0602305599999964,
2026-02-10T14:36:29.207843,bitcoin_monthly_moon_pivot_v4,BTC_5m,,,,,,SUCCESS,FAIL,0.0,,FAIL,0.0,
2026-02-10T14:37:03.994922,bitcoin_monthly_moon_pivot_v4,BTC_1m,,,,,,SUCCESS,FAIL,0.0,,FAIL,0.0,
2026-02-10T14:37:04.713193,asia_liquidity_sweep_reversal_v5,BTCUSD_15m,,2.8198385639564156,,,,SUCCESS,PASS,3.1514687003348225,,ERROR,,
2026-02-10T14:37:05.356823,asia_liquidity_sweep_reversal_v5,BTC_4h,,2.8198385639564156,,,,SUCCESS,FAIL,0.5368859799999918,,ERROR,,
2026-02-10T14:37:07.255893,asia_liquidity_sweep_reversal_v5,BTC_1h,,2.8198385639564156,,,,SUCCESS,FAIL,-1.7929151678571214,,ERROR,,
2026-02-10T14:37:12.120923,asia_liquidity_sweep_reversal_v5,BTC_15m,,2.8198385639564156,,,,SUCCESS,FAIL,-1.4526078571429244,,ERROR,,
2026-02-10T14:37:25.655205,asia_liquidity_sweep_reversal_v5,BTC_5m,,2.8198385639564156,,,,SUCCESS,FAIL,2.34836154642851,0.9893004983484452,ERROR,,
2026-02-10T14:37:48.748136,asia_liquidity_sweep_reversal_v5,BTC_1m,,2.8198385639564156,,,,SUCCESS,FAIL,0.0,,ERROR,,
2026-02-10T14:37:57.044245,mm_w_m_reversal_ema_target_v7,BTCUSD_15m,,-4.166132655348462,,,,SUCCESS,FAIL,-1.9901955156250044,,FAIL,-1.9901955156250044,
2026-02-10T14:38:09.031961,mm_w_m_reversal_ema_target_v7,BTC_4h,,-4.166132655348462,,,,SUCCESS,FAIL,-11.494866040000023,,FAIL,-11.494866040000023,
2026-02-10T14:38:50.108911,mm_w_m_reversal_ema_target_v7,BTC_1h,,-4.166132655348462,,,,SUCCESS,FAIL,-6.295368020000066,,FAIL,-6.295368020000066,
2026-02-10T14:40:59.394399,mm_w_m_reversal_ema_target_v7,BTC_15m,,-4.166132655348462,,,,SUCCESS,FAIL,-18.34884369999997,,FAIL,-18.34884369999997,
2026-02-10T14:47:06.254945,mm_w_m_reversal_ema_target_v7,BTC_5m,,-4.166132655348462,,,,SUCCESS,FAIL,-22.71405743999996,,FAIL,-22.71405743999996,
2026-02-10T14:58:03.983546,mm_w_m_reversal_ema_target_v7,BTC_1m,,-4.166132655348462,,,,SUCCESS,FAIL,-0.9255339399999939,,FAIL,-0.9255339399999939,
2026-02-10T14:58:06.304947,measured_move_center_peak_scalp_v6,BTCUSD_15m,,,,,,SUCCESS,FAIL,0.0,,FAIL,0.0,
2026-02-10T14:58:09.557284,measured_move_center_peak_scalp_v6,BTC_4h,,,,,,SUCCESS,FAIL,0.0,,FAIL,0.0,
2026-02-10T14:58:20.298754,measured_move_center_peak_scalp_v6,BTC_1h,,,,,,SUCCESS,FAIL,0.0,,FAIL,0.0,
2026-02-10T14:58:52.289870,measured_move_center_peak_scalp_v6,BTC_15m,,,,,,SUCCESS,FAIL,-0.5788665031599812,,FAIL,-0.5788665031599812,
2026-02-10T15:00:23.789055,measured_move_center_peak_scalp_v6,BTC_5m,,,,,,SUCCESS,FAIL,-1.546511834859979,,FAIL,-1.546511834859979,
2026-02-10T15:03:11.827268,measured_move_center_peak_scalp_v6,BTC_1m,,,,,,SUCCESS,FAIL,0.0,,FAIL,0.0,
2026-02-10T15:03:15.032439,vumanchu_cipher_b_fast,BTCUSD_15m,,-2.5172821164940933,,,,SUCCESS,FAIL,0.0,,FAIL,0.0,
2026-02-10T15:03:18.320753,vumanchu_cipher_b_fast,BTC_4h,,-2.5172821164940933,,,,SUCCESS,FAIL,1.7708407292585473,,FAIL,1.7708407292585473,0.6695673670104187
2026-02-10T15:03:29.079060,vumanchu_cipher_b_fast,BTC_1h,,-2.5172821164940933,,,,SUCCESS,FAIL,0.0,,FAIL,0.0,
2026-02-10T15:04:02.465173,vumanchu_cipher_b_fast,BTC_15m,,-2.5172821164940933,,,,SUCCESS,FAIL,-1.4429646574302606,,FAIL,-1.4429646574302606,
2026-02-10T15:05:30.083672,vumanchu_cipher_b_fast,BTC_5m,,-2.5172821164940933,,,,SUCCESS,FAIL,-3.7128051456253743,,FAIL,-3.7128051456253743,
2026-02-10T15:07:54.642502,vumanchu_cipher_b_fast,BTC_1m,,-2.5172821164940933,,,,SUCCESS,FAIL,0.0,,FAIL,0.0,
2026-02-10T15:07:55.424691,ema_50_pullback_engulfing_continuation_v5,BTCUSD_15m,,-8.600813458723172,,,,SUCCESS,FAIL,-6.6050002656249855,,FAIL,-6.6050002656249855,
2026-02-10T15:07:56.429963,ema_50_pullback_engulfing_continuation_v5,BTC_4h,,-8.600813458723172,,,,SUCCESS,FAIL,-3.9738131799999974,,FAIL,-3.9738131799999974,
2026-02-10T15:07:59.535407,ema_50_pullback_engulfing_continuation_v5,BTC_1h,,-8.600813458723172,,,,SUCCESS,PASS,4.568484299999996,,PASS,4.568484299999996,
2026-02-10T15:08:06.512045,ema_50_pullback_engulfing_continuation_v5,BTC_15m,,-8.600813458723172,,,,SUCCESS,FAIL,-12.766893659999942,,ERROR,,
2026-02-10T15:08:25.798242,ema_50_pullback_engulfing_continuation_v5,BTC_5m,,-8.600813458723172,,,,SUCCESS,FAIL,-15.603977840000125,,ERROR,,
2026-02-10T15:08:59.390428,ema_50_pullback_engulfing_continuation_v5,BTC_1m,,-8.600813458723172,,,,SUCCESS,FAIL,-0.5255173400000057,,ERROR,,
2026-02-10T15:09:22.846417,BTCQuantileSR_V3,BTCUSD_15m,,-3.267202809881901,,,,SUCCESS,FAIL,-7.747800086328134,,FAIL,-7.747800086328134,
2026-02-10T15:10:02.081286,BTCQuantileSR_V3,BTC_4h,,-3.267202809881901,,,,SUCCESS,FAIL,0.0,,FAIL,0.0,
2026-02-10T15:12:49.895171,BTCQuantileSR_V3,BTC_1h,,-3.267202809881901,,,,SUCCESS,FAIL,8.99006266500002,-0.9656214191274115,FAIL,8.99006266500002,-0.288591569821665
2026-02-10T15:21:25.536587,BTCQuantileSR_V3,BTC_15m,,-3.267202809881901,,,,SUCCESS,FAIL,-4.182777235999878,,FAIL,-4.182777235999878,
2026-02-10T15:45:12.362294,BTCQuantileSR_V3,BTC_5m,,-3.267202809881901,,,,SUCCESS,FAIL,-15.818043263499918,,FAIL,-15.818043263499918,
2026-02-10T16:37:07.613405,BTCQuantileSR_V3,BTC_1m,,-3.267202809881901,,,,SUCCESS,FAIL,-1.4335133399999904,,FAIL,-1.4335133399999904,
2026-02-10T16:37:08.176686,asia_liquidity_grab_reversal_v6,BTCUSD_15m,,,,,,SUCCESS,FAIL,0.0,,FAIL,0.0,
2026-02-10T16:37:08.269406,asia_liquidity_grab_reversal_v6,BTC_4h,,,,,,SUCCESS,ERROR,,,ERROR,,
2026-02-10T16:37:08.719116,asia_liquidity_grab_reversal_v6,BTC_1h,,,,,,SUCCESS,ERROR,,,ERROR,,
2026-02-10T16:37:13.381195,asia_liquidity_grab_reversal_v6,BTC_15m,,,,,,SUCCESS,FAIL,-4.379793819999977,,FAIL,-4.379793819999977,
2026-02-10T16:37:25.874140,asia_liquidity_grab_reversal_v6,BTC_5m,,,,,,SUCCESS,FAIL,-6.29785090000002,,FAIL,-6.29785090000002,
2026-02-10T16:37:47.278654,asia_liquidity_grab_reversal_v6,BTC_1m,,,,,,SUCCESS,FAIL,0.0,,FAIL,0.0,
2026-02-10T16:37:51.508669,roe_bm_monthly_predictive_v6,BTCUSD_15m,,-7.866475093858067,,,,SUCCESS,FAIL,-10.984427319196474,,FAIL,-10.984427319196474,
2026-02-10T16:37:57.518199,roe_bm_monthly_predictive_v6,BTC_4h,,-7.866475093858067,,,,SUCCESS,PASS,2.007078214285706,,PASS,2.007078214285706,
2026-02-10T16:38:15.517390,roe_bm_monthly_predictive_v6,BTC_1h,,-7.866475093858067,,,,SUCCESS,FAIL,-23.863478305714235,,FAIL,-23.863478305714235,
2026-02-10T16:39:19.782152,roe_bm_monthly_predictive_v6,BTC_15m,,-7.866475093858067,,,,SUCCESS,FAIL,-23.11102463142862,,FAIL,-23.11102463142862,
2026-02-10T16:41:51.974916,roe_bm_monthly_predictive_v6,BTC_5m,,-7.866475093858067,,,,SUCCESS,FAIL,-24.035567065714318,,FAIL,-24.035567065714318,
2026-02-10T16:46:07.712356,roe_bm_monthly_predictive_v6,BTC_1m,,-7.866475093858067,,,,SUCCESS,FAIL,-1.8077898485714394,,FAIL,-1.8077898485714394,
2026-02-10T16:46:08.499813,corrective_wave_fade_with_volume_divergence_v6,BTCUSD_15m,,,,,,SUCCESS,PASS,0.0031381093749951105,,PASS,0.0031381093749951105,
2026-02-10T16:46:09.617305,corrective_wave_fade_with_volume_divergence_v6,BTC_4h,,,,,,SUCCESS,FAIL,-0.11824951999999758,,FAIL,-0.11824951999999758,
2026-02-10T16:46:12.303480,corrective_wave_fade_with_volume_divergence_v6,BTC_1h,,,,,,SUCCESS,FAIL,-3.785053699999989,,FAIL,-3.785053699999989,
2026-02-10T16:46:20.176449,corrective_wave_fade_with_volume_divergence_v6,BTC_15m,,,,,,SUCCESS,FAIL,-4.5879690125999915,,FAIL,-4.5879690125999915,
2026-02-10T16:46:40.778492,corrective_wave_fade_with_volume_divergence_v6,BTC_5m,,,,,,SUCCESS,PASS,0.011566980000046898,,PASS,0.011566980000046898,
2026-02-10T16:47:11.193168,corrective_wave_fade_with_volume_divergence_v6,BTC_1m,,,,,,SUCCESS,FAIL,0.0,,ERROR,,
2026-02-10T16:47:14.461999,vumanchu_cipher_b_balanced,BTCUSD_15m,,,,,,SUCCESS,FAIL,0.0,,FAIL,0.0,
2026-02-10T16:47:18.705510,vumanchu_cipher_b_balanced,BTC_4h,,,,,,SUCCESS,FAIL,0.0,,FAIL,0.0,
2026-02-10T16:47:32.137585,vumanchu_cipher_b_balanced,BTC_1h,,,,,,SUCCESS,FAIL,0.0,,FAIL,0.0,
2026-02-10T16:48:12.441638,vumanchu_cipher_b_balanced,BTC_15m,,,,,,SUCCESS,FAIL,0.0,,FAIL,0.0,
2026-02-10T16:50:05.188400,vumanchu_cipher_b_balanced,BTC_5m,,,,,,SUCCESS,FAIL,0.0,,FAIL,0.0,
2026-02-10T17:54:31.710588,vumanchu_cipher_b_balanced,BTC_1m,,,,,,SUCCESS,FAIL,0.0,,FAIL,0.0,
2026-02-10T17:54:32.021294,asia_liquidity_sweep_reversal_uk_session_v1,BTCUSD_15m,,,,,,ERROR,ERROR,,,ERROR,,
2026-02-10T17:54:32.157811,asia_liquidity_sweep_reversal_uk_session_v1,BTC_4h,,,,,,ERROR,ERROR,,,ERROR,,
2026-02-10T17:54:32.418150,asia_liquidity_sweep_reversal_uk_session_v1,BTC_1h,,,,,,ERROR,ERROR,,,ERROR,,
2026-02-10T17:54:33.163780,asia_liquidity_sweep_reversal_uk_session_v1,BTC_15m,,,,,,ERROR,ERROR,,,ERROR,,
2026-02-10T17:54:42.287803,asia_liquidity_sweep_reversal_uk_session_v1,BTC_5m,,,,,,ERROR,FAIL,-10.688288560000176,,FAIL,-10.688288560000176,
2026-02-10T17:54:57.544032,asia_liquidity_sweep_reversal_uk_session_v1,BTC_1m,,,,,,ERROR,FAIL,0.0,,FAIL,0.0,
