{
  "strategy_name": "measured_move_50_percent_scalp",
  "return": -16.38593652834467,
  "sharpe": -41245327.958673455,
  "max_drawdown": -16.38593652834467,
  "win_rate": 12.962962962962962,
  "total_trades": 54
}