{
  "strategy_name": "fibonacci_50_reversal_scalp",
  "return": -2.2488172182483503,
  "sharpe": -3.3334040009677826,
  "max_drawdown": -5.200333331879703,
  "win_rate": 10.0,
  "total_trades": 10
}