{
  "strategy_name": "market_maker_3_level_cycle_w_m_formation",
  "return": 17.526937200000084,
  "sharpe": 0.26530297984992113,
  "max_drawdown": -20.40116889407194,
  "win_rate": 50.0,
  "total_trades": 26,
  "parameters": {
    "pivot_lookback": 10,
    "risk_reward_ratio": 2.5
  }
}