{
  "strategy_name": "fibonacci_center_peak_scalp",
  "return": -0.05268279736620025,
  "sharpe": -3.2454557880705814,
  "max_drawdown": -0.06329981056164558,
  "win_rate": 4.166666666666666,
  "total_trades": 24,
  "best_params": {
    "min_rr": 5,
    "confirmation_window": 5,
    "ema_period": 300,
    "prominence": 10
  }
}