{
  "strategy_name": "asia_liquidity_grab_reversal",
  "return": 0.4331991370437754,
  "sharpe": 2.34465219346372,
  "max_drawdown": -0.2601814203619379,
  "win_rate": 66.66666666666666,
  "total_trades": 3
}