{
  "strategy_name": "asia_liquidity_grab_reversal_uk_session",
  "return": -1.1545785681369163,
  "sharpe": -10.193225613343328,
  "max_drawdown": -1.1545785681369214,
  "win_rate": 0.0,
  "total_trades": 2
}