{
  "strategy_name": "asia_liquidity_grab_reversal",
  "return": 1.5340550655583503,
  "sharpe": 1.1679818232077017,
  "max_drawdown": -1.2226528731745456,
  "win_rate": 25.0,
  "total_trades": 8
}