{
  "strategy_name": "ict_asian_sweep_london_open",
  "return": -6.791005807522015,
  "sharpe": -6.407830878263151,
  "max_drawdown": -6.79100580752201,
  "win_rate": 0.0,
  "total_trades": 18
}