{
  "strategy_name": "asia_liquidity_grab_uk_session",
  "return": -0.462308069385137,
  "sharpe": -2.734120902755234,
  "max_drawdown": -0.7168404417254526,
  "win_rate": 36.36363636363637,
  "total_trades": 11
}