{
  "strategy_name": "fibonacci_center_peak_scalp",
  "return": -0.46402061927295296,
  "sharpe": -10.310505938036824,
  "max_drawdown": -0.46402061927295346,
  "win_rate": 0.0,
  "total_trades": 1
}