{
  "strategy_name": "fibonacci_50_reversal_scalp",
  "return": -0.24738439553695207,
  "sharpe": -7.141916876287309,
  "max_drawdown": -0.24738439553695368,
  "win_rate": 0.0,
  "total_trades": 1
}