{
  "strategy_name": "fibonacci_center_peak_scalp",
  "return": 4.458027234792055,
  "sharpe": 2.3712371432855797,
  "max_drawdown": -0.2517122869030386,
  "win_rate": 100.0,
  "total_trades": 1
}