{
  "strategy_name": "fibonacci_50_percent_mow_scalp",
  "return": -22.70380836883922,
  "sharpe": -55227697.76454978,
  "max_drawdown": -22.70805909045809,
  "win_rate": 1.8181818181818181,
  "total_trades": 55
}