{
  "strategy_name": "measured_retracement_scalp_mow_internal",
  "return": -0.6063465651215811,
  "sharpe": -11.063468687317375,
  "max_drawdown": -0.6063465651215849,
  "win_rate": 0.0,
  "total_trades": 1
}