{
  "strategy_name": "asia_liquidity_grab_uk_session",
  "return": -0.019992145600008372,
  "sharpe": NaN,
  "max_drawdown": -0.019992145600011835,
  "win_rate": 0.0,
  "total_trades": 1
}