{
  "strategy_name": "asia_liquidity_grab_reversal",
  "return": 2.340180196115307,
  "sharpe": 0.3704940466795597,
  "max_drawdown": -7.41435799346476,
  "win_rate": 23.076923076923077,
  "total_trades": 13
}