{
  "strategy_name": "50_percent_mw_center_peak_scalp",
  "return": 17.86162766,
  "sharpe": 0.8363956857722813,
  "max_drawdown": -1.7070698511533866,
  "win_rate": 100.0,
  "total_trades": 4
}