{
  "strategy_name": "measured_move_mw_scalp",
  "return": 5.4719335361489065,
  "sharpe": 1.521100235507768,
  "max_drawdown": -0.5374146462270857,
  "win_rate": 100.0,
  "total_trades": 1
}