{
  "strategy_name": "ema_structure_retest_15m",
  "return": 195.04406459999998,
  "sharpe": 0.5614218400227043,
  "max_drawdown": -50.41472200047827,
  "win_rate": 80.0,
  "total_trades": 5
}