{
  "strategy_name": "asia_liquidity_grab_reversal",
  "return": -2.263040052607452,
  "sharpe": -2.5632894320046637,
  "max_drawdown": -2.3515379825017724,
  "win_rate": 10.9375,
  "total_trades": 64
}