{
  "strategy_name": "bitcoin_monthly_moon_pivot",
  "return": -8.515308583737397,
  "sharpe": -0.5331599733674944,
  "max_drawdown": -9.30267077232445,
  "win_rate": 32.142857142857146,
  "total_trades": 28
}