{
  "strategy_name": "asia_liquidity_grab_reversal",
  "return": -15.465891438914595,
  "sharpe": 0.0,
  "max_drawdown": -15.465891438914593,
  "win_rate": 2.4691358024691357,
  "total_trades": 81
}