{
  "strategy_name": "fibonacci_mw_internal_scalp",
  "return": -1.5380131299727147,
  "sharpe": -42.28892144058241,
  "max_drawdown": -1.538013129972715,
  "win_rate": 0.0,
  "total_trades": 3
}