{
  "strategy_name": "asia_liquidity_grab_reversal",
  "return": 6.624551753057076,
  "sharpe": 1.5943792520714009,
  "max_drawdown": -3.695526762433754,
  "win_rate": 46.464646464646464,
  "total_trades": 99
}