{
  "strategy_name": "asia_liquidity_grab_uk_reversal",
  "return": -1.3634253404549235,
  "sharpe": -2.8776842585158517,
  "max_drawdown": -2.1127284111196576,
  "win_rate": 0.0,
  "total_trades": 5
}