{
  "strategy_name": "asia_liquidity_grab_reversal_uk_session",
  "return": 0.13693640399629659,
  "sharpe": 7.26939350410838,
  "max_drawdown": -0.18911892913585637,
  "win_rate": 100.0,
  "total_trades": 1
}