{
  "strategy_name": "m15_ema_structure_retest",
  "return": 0.36145884772887804,
  "sharpe": 3.9369573649847664,
  "max_drawdown": -0.22570895369415922,
  "win_rate": 100.0,
  "total_trades": 1
}