{
  "strategy_name": "asia_liquidity_grab_reversal_uk_session",
  "return": -0.2171826241598901,
  "sharpe": -0.9495105376822465,
  "max_drawdown": -0.5230578505620365,
  "win_rate": 58.333333333333336,
  "total_trades": 12
}