{
  "strategy_name": "session_liquidity_grab_reversal",
  "return": -13.388725451148872,
  "sharpe": -19.42259137226581,
  "max_drawdown": -13.41300667958597,
  "win_rate": 2.7027027027027026,
  "total_trades": 37
}