{
  "strategy_name": "asia_liquidity_grab_reversal_uk_session",
  "return": -0.2636117287029774,
  "sharpe": -1.710603738455515,
  "max_drawdown": -0.26361172870297267,
  "win_rate": 0.0,
  "total_trades": 1
}