{
  "strategy_name": "asia_liquidity_grab_reversal",
  "return": -1.6861513210630803,
  "sharpe": -3.2090659059390148,
  "max_drawdown": -1.6861513210630785,
  "win_rate": 0.0,
  "total_trades": 8
}