{
  "strategy_name": "asia_liquidity_grab_reversal_uk_session",
  "return": -0.3991989194767084,
  "sharpe": -4.220661168386898,
  "max_drawdown": -0.3991989194767065,
  "win_rate": 0.0,
  "total_trades": 1
}