{
    "strategy_name": "uk_session_asia_liquidity_reversal",
    "return": -2.186333442817573,
    "sharpe": -4.909100039502756,
    "max_drawdown": -2.2091064696791007,
    "win_rate": 0.0,
    "total_trades": 6
}