{
  "strategy_name": "asia_liquidity_grab_reversal",
  "return": -0.9073135649002216,
  "sharpe": -3.9606424688705815,
  "max_drawdown": -0.9073135649002251,
  "win_rate": 0.0,
  "total_trades": 2
}