{
  "strategy_name": "asia_liquidity_grab_reversal",
  "return": 77.80232451480926,
  "sharpe": 2.5642968569502558,
  "max_drawdown": -6.048822453392688,
  "win_rate": 68.18181818181817,
  "total_trades": 22.0
}