{
  "strategy_name": "asia_liquidity_grab_reversal_uk_session",
  "return": -6.0175241324707756,
  "sharpe": -15.011384527348394,
  "max_drawdown": -6.0175241324707756,
  "win_rate": 0.0,
  "total_trades": 102
}