{
  "strategy_name": "mow_center_peak_scalp",
  "return": 376.6332890000005,
  "sharpe": 0.8128325016638968,
  "max_drawdown": -29.882635170325155,
  "win_rate": 36.231884057971016,
  "total_trades": 69
}