{
  "strategy_name": "corrective_wave_fade_with_volume_divergence",
  "return": -15.978123474479187,
  "sharpe": -1.1909722840029202,
  "max_drawdown": -18.63459514499214,
  "win_rate": 50.0,
  "total_trades": 2
}